version 1
nodes
  0 "Bip01"  -1
  1 "Bip01 Pelvis"   0
  2 "Bip01 Spine"   1
  3 "Bip01 Spine1"   2
  4 "Bip01 Spine2"   3
  5 "Bip01 Neck"   4
  6 "Bip01 R Clavicle"   5
  7 "Bip01 R UpperArm"   6
  8 "Bip01 R Forearm"   7
  9 "Bip01 R Thigh"   1
 10 "Bip01 L Thigh"   1
 11 "Bip01 L Calf"  10
 12 "Bip01 L Foot"  11
 13 "Bip01 L Toe0"  12
 14 "Bip01 R Calf"   9
 15 "Bip01 R Foot"  14
 16 "Bip01 R Toe0"  15
 17 "Bip01 L Clavicle"   5
 18 "Bip01 L UpperArm"  17
end
skeleton
time 0
  0 0.000000 2.236178 38.241291 0.000000 -0.000000 -1.570795
  1 0.000000 0.000000 0.000000 -1.570796 -1.570796 0.000000
  2 4.484989 -0.004008 0.000006 -0.000004 -0.000048 0.000805
  3 5.037136 -0.005101 -0.000238 -0.000005 0.000047 -0.111294
  4 6.388059 -0.005253 -0.000001 -0.000000 0.000000 -0.078408
  5 6.146608 1.394838 0.000001 -0.000001 -0.000002 0.650292
  6 -2.170032 1.352243 -2.953732 0.101359 1.282170 2.587698
  7 5.760270 -0.000012 -0.000009 -0.237756 0.114898 0.008639
  8 10.965153 0.000065 -0.000006 0.000013 0.000002 -0.222439
  9 0.000007 -0.000004 -4.044200 -0.002904 3.049381 -0.081651
 10 -0.000007 0.000007 4.044200 0.002910 -3.049341 -0.081651
 11 17.182070 0.000091 0.000546 0.000004 -0.000045 -0.201767
 12 16.782913 0.000650 -0.000234 -0.124747 -0.092161 0.120042
 13 5.168527 5.004116 -0.000135 0.000023 0.000000 1.570793
 14 17.182070 0.000099 0.000206 -0.000001 -0.000019 -0.201767
 15 16.782906 0.000656 -0.000113 0.124753 0.092146 0.120029
 16 5.168479 5.004167 -0.000064 0.000011 -0.000001 1.570802
 17 -2.170036 1.352229 2.953745 -0.101360 -1.282173 2.587697
 18 5.760273 0.000016 0.000006 0.237755 -0.114900 0.008654
end
triangles
charger_material_0.bmp
  4 -2.5700 1.1681 65.1836 -0.0543 -0.4740 0.8788 0.6594 0.7446
  4 -2.5800 0.2448 64.6678 -0.3122 -0.4278 0.8483 0.6654 0.7307
  4 -2.0700 0.5158 64.8604 -0.0684 -0.3337 0.9402 0.6713 0.7386
charger_material_0.bmp
  4 -2.0700 0.5158 64.8604 -0.0684 -0.3337 0.9402 0.6713 0.7386
  4 -2.5800 0.2448 64.6678 -0.3122 -0.4278 0.8483 0.6654 0.7307
  4 -1.8600 -0.0891 64.7317 -0.3137 0.2108 0.9258 0.6772 0.7327
charger_material_0.bmp
  4 -2.5800 0.2448 64.6678 -0.3122 -0.4278 0.8483 0.6654 0.7307
  4 -2.2600 -0.2272 64.5952 -0.5257 0.0483 0.8493 0.6732 0.7267
  4 -1.8600 -0.0891 64.7317 -0.3137 0.2108 0.9258 0.6772 0.7327
charger_material_0.bmp
  4 -1.8600 -0.0891 64.7317 -0.3137 0.2108 0.9258 0.6772 0.7327
  4 -2.2600 -0.2272 64.5952 -0.5257 0.0483 0.8493 0.6732 0.7267
  4 -2.3100 -0.5802 64.8256 -0.6322 0.4920 0.5986 0.6772 0.7228
charger_material_0.bmp
  4 -2.2600 -0.2272 64.5952 -0.5257 0.0483 0.8493 0.6732 0.7267
  4 -2.7400 -0.5077 64.1398 -0.8005 -0.0735 0.5948 0.6673 0.7168
  4 -2.3100 -0.5802 64.8256 -0.6322 0.4920 0.5986 0.6772 0.7228
charger_material_0.bmp
  4 -2.3100 -0.5802 64.8256 -0.6322 0.4920 0.5986 0.6772 0.7228
  4 -2.7400 -0.5077 64.1398 -0.8005 -0.0735 0.5948 0.6673 0.7168
  4 -2.7800 -0.9707 64.3810 -0.8885 0.2824 0.3616 0.6732 0.7129
charger_material_0.bmp
  4 -2.7400 -0.5077 64.1398 -0.8005 -0.0735 0.5948 0.6673 0.7168
  4 -2.9400 -0.9383 63.8046 -0.9572 0.0608 0.2829 0.6673 0.7069
  4 -2.7800 -0.9707 64.3810 -0.8885 0.2824 0.3616 0.6732 0.7129
charger_material_0.bmp
  4 -2.7800 -0.9707 64.3810 -0.8885 0.2824 0.3616 0.6732 0.7129
  4 -2.9400 -0.9383 63.8046 -0.9572 0.0608 0.2829 0.6673 0.7069
  4 -3.0800 -1.4766 63.9177 -0.9584 0.2713 0.0890 0.6713 0.7030
charger_material_0.bmp
  4 -2.9400 -0.9383 63.8046 -0.9572 0.0608 0.2829 0.6673 0.7069
  4 -3.0400 -1.3348 63.3816 -0.9965 0.0724 0.0429 0.6654 0.6990
  4 -3.0800 -1.4766 63.9177 -0.9584 0.2713 0.0890 0.6713 0.7030
charger_material_0.bmp
  4 -3.0800 -1.4766 63.9177 -0.9584 0.2713 0.0890 0.6713 0.7030
  4 -3.0400 -1.3348 63.3816 -0.9965 0.0724 0.0429 0.6654 0.6990
  4 -3.2600 -2.0767 63.4420 -0.9711 0.2157 -0.1019 0.6732 0.6931
charger_material_0.bmp
  4 -3.0400 -1.3348 63.3816 -0.9965 0.0724 0.0429 0.6654 0.6990
  4 -3.1600 -1.8987 63.0414 -0.9902 0.1042 -0.0930 0.6673 0.6891
  4 -3.2600 -2.0767 63.4420 -0.9711 0.2157 -0.1019 0.6732 0.6931
charger_material_0.bmp
  4 -3.2600 -2.0767 63.4420 -0.9711 0.2157 -0.1019 0.6732 0.6931
  4 -3.1600 -1.8987 63.0414 -0.9902 0.1042 -0.0930 0.6673 0.6891
  4 -3.2300 -2.6734 63.0368 -0.9627 0.0018 -0.2705 0.6752 0.6832
charger_material_0.bmp
  4 -3.1600 -1.8987 63.0414 -0.9902 0.1042 -0.0930 0.6673 0.6891
  4 -3.1000 -2.4500 62.6072 -0.9887 -0.0656 -0.1347 0.6693 0.6792
  4 -3.2300 -2.6734 63.0368 -0.9627 0.0018 -0.2705 0.6752 0.6832
charger_material_0.bmp
  4 -3.2300 -2.6734 63.0368 -0.9627 0.0018 -0.2705 0.6752 0.6832
  4 -3.1000 -2.4500 62.6072 -0.9887 -0.0656 -0.1347 0.6693 0.6792
  4 -2.9400 -3.1243 62.3289 -0.9709 -0.1529 -0.1846 0.6732 0.6713
charger_material_0.bmp
  4 -3.1000 -2.4500 62.6072 -0.9887 -0.0656 -0.1347 0.6693 0.6792
  4 -3.0900 -2.3920 62.0056 -0.9742 -0.2080 0.0870 0.6634 0.6752
  4 -2.9400 -3.1243 62.3289 -0.9709 -0.1529 -0.1846 0.6732 0.6713
charger_material_0.bmp
  4 -2.9400 -3.1243 62.3289 -0.9709 -0.1529 -0.1846 0.6732 0.6713
  4 -3.0900 -2.3920 62.0056 -0.9742 -0.2080 0.0870 0.6634 0.6752
  4 -2.8900 -3.0327 61.4765 -0.9360 -0.3504 0.0335 0.6634 0.6634
charger_material_0.bmp
  4 -3.0900 -2.3920 62.0056 -0.9742 -0.2080 0.0870 0.6634 0.6752
  4 -3.2000 -2.4438 61.4148 -0.9126 -0.3311 0.2399 0.6575 0.6673
  4 -2.8900 -3.0327 61.4765 -0.9360 -0.3504 0.0335 0.6634 0.6634
charger_material_0.bmp
  4 -2.8900 -3.0327 61.4765 -0.9360 -0.3504 0.0335 0.6634 0.6634
  4 -3.2000 -2.4438 61.4148 -0.9126 -0.3311 0.2399 0.6575 0.6673
  4 -3.2100 -2.8016 60.8215 -0.8233 -0.5056 0.2581 0.6535 0.6594
charger_material_0.bmp
  4 -3.2000 -2.4438 61.4148 -0.9126 -0.3311 0.2399 0.6575 0.6673
  4 -3.4300 -2.4331 60.6187 -0.7903 -0.4866 0.3722 0.6476 0.6614
  4 -3.2100 -2.8016 60.8215 -0.8233 -0.5056 0.2581 0.6535 0.6594
charger_material_0.bmp
  4 -3.2100 -2.8016 60.8215 -0.8233 -0.5056 0.2581 0.6535 0.6594
  4 -3.4300 -2.4331 60.6187 -0.7903 -0.4866 0.3722 0.6476 0.6614
  4 -3.5100 -2.6931 60.0575 -0.6161 -0.6268 0.4770 0.6437 0.6535
charger_material_0.bmp
  4 -3.4300 -2.4331 60.6187 -0.7903 -0.4866 0.3722 0.6476 0.6614
  4 -3.7700 -2.2194 60.6185 -0.5425 -0.5556 0.6301 0.6437 0.6634
  4 -3.5100 -2.6931 60.0575 -0.6161 -0.6268 0.4770 0.6437 0.6535
charger_material_0.bmp
  4 -3.5100 -2.6931 60.0575 -0.6161 -0.6268 0.4770 0.6437 0.6535
  4 -3.7700 -2.2194 60.6185 -0.5425 -0.5556 0.6301 0.6437 0.6634
  4 -4.3100 -2.5842 59.9349 -0.2200 -0.6609 0.7175 0.6339 0.6535
charger_material_0.bmp
  4 -3.7700 -2.2194 60.6185 -0.5425 -0.5556 0.6301 0.6437 0.6634
  4 -4.5300 -1.5500 60.5517 -0.2854 -0.5860 0.7584 0.6319 0.6693
  4 -4.3100 -2.5842 59.9349 -0.2200 -0.6609 0.7175 0.6339 0.6535
charger_material_0.bmp
  4 -4.3100 -2.5842 59.9349 -0.2200 -0.6609 0.7175 0.6339 0.6535
  4 -4.5300 -1.5500 60.5517 -0.2854 -0.5860 0.7584 0.6319 0.6693
  4 -6.0300 -2.8480 59.3541 -0.1301 -0.6247 0.7700 0.6122 0.6495
charger_material_0.bmp
  4 -4.5300 -1.5500 60.5517 -0.2854 -0.5860 0.7584 0.6319 0.6693
  4 -6.8700 -2.0075 59.9162 -0.0146 -0.5838 0.8118 0.6063 0.6634
  4 -6.0300 -2.8480 59.3541 -0.1301 -0.6247 0.7700 0.6122 0.6495
charger_material_0.bmp
  4 -6.0300 -2.8480 59.3541 -0.1301 -0.6247 0.7700 0.6122 0.6495
  4 -6.8700 -2.0075 59.9162 -0.0146 -0.5838 0.8118 0.6063 0.6634
  4 -7.0800 -2.8672 59.3068 -0.0644 -0.7360 0.6739 0.6004 0.6515
charger_material_0.bmp
  4 -6.8700 -2.0075 59.9162 -0.0146 -0.5838 0.8118 0.6063 0.6634
  4 -8.0800 -2.2732 59.8042 0.0696 -0.6492 0.7575 0.5925 0.6634
  4 -7.0800 -2.8672 59.3068 -0.0644 -0.7360 0.6739 0.6004 0.6515
charger_material_0.bmp
  4 -7.0800 -2.8672 59.3068 -0.0644 -0.7360 0.6739 0.6004 0.6515
  4 -8.0800 -2.2732 59.8042 0.0696 -0.6492 0.7575 0.5925 0.6634
  4 -8.7300 -3.2904 58.7972 0.0177 -0.8428 0.5379 0.5807 0.6475
charger_material_0.bmp
  4 -8.0800 -2.2732 59.8042 0.0696 -0.6492 0.7575 0.5925 0.6634
  6 -9.9055 -2.5250 59.7575 -0.0583 -0.7687 0.6370 0.5709 0.6634
  4 -8.7300 -3.2904 58.7972 0.0177 -0.8428 0.5379 0.5807 0.6475
charger_material_0.bmp
  4 -8.7300 -3.2904 58.7972 0.0177 -0.8428 0.5379 0.5807 0.6475
  6 -9.9055 -2.5250 59.7575 -0.0583 -0.7687 0.6370 0.5709 0.6634
  6 -10.2908 -3.1010 58.7149 -0.1294 -0.8667 0.4818 0.5650 0.6515
charger_material_0.bmp
  6 -9.9055 -2.5250 59.7575 -0.0583 -0.7687 0.6370 0.5709 0.6634
  6 -11.1949 -2.1836 59.7473 -0.2557 -0.7424 0.6193 0.5591 0.6693
  6 -10.2908 -3.1010 58.7149 -0.1294 -0.8667 0.4818 0.5650 0.6515
charger_material_0.bmp
  6 -10.2908 -3.1010 58.7149 -0.1294 -0.8667 0.4818 0.5650 0.6515
  6 -11.1949 -2.1836 59.7473 -0.2557 -0.7424 0.6193 0.5591 0.6693
  6 -11.8594 -3.5366 57.7451 -0.0926 -0.9545 -0.2835 0.5453 0.6436
charger_material_0.bmp
  6 -11.1949 -2.1836 59.7473 -0.2557 -0.7424 0.6193 0.5591 0.6693
  4 -8.7200 -1.9913 60.3204 0.8830 -0.3309 0.3329 0.5433 0.6653
  6 -11.8594 -3.5366 57.7451 -0.0926 -0.9545 -0.2835 0.5453 0.6436
charger_material_0.bmp
  6 -11.8594 -3.5366 57.7451 -0.0926 -0.9545 -0.2835 0.5453 0.6436
  4 -8.7200 -1.9913 60.3204 0.8830 -0.3309 0.3329 0.5433 0.6653
  6 -11.0195 -3.3915 59.1600 0.0708 -0.9443 0.3213 0.5236 0.6436
charger_material_0.bmp
  4 -8.7200 -1.9913 60.3204 0.8830 -0.3309 0.3329 0.5433 0.6653
  6 -10.8392 -2.0047 60.6799 0.0532 -0.5585 0.8278 0.5217 0.6653
  6 -11.0195 -3.3915 59.1600 0.0708 -0.9443 0.3213 0.5236 0.6436
charger_material_0.bmp
  6 -11.0195 -3.3915 59.1600 0.0708 -0.9443 0.3213 0.5236 0.6436
  6 -10.8392 -2.0047 60.6799 0.0532 -0.5585 0.8278 0.5217 0.6653
  7 -13.0528 -3.1507 58.6534 -0.2220 -0.9161 0.3338 0.5000 0.6455
charger_material_0.bmp
  6 -10.8392 -2.0047 60.6799 0.0532 -0.5585 0.8278 0.5217 0.6653
  7 -13.1377 -2.2015 60.1784 -0.2358 -0.7113 0.6621 0.5000 0.6653
  7 -13.0528 -3.1507 58.6534 -0.2220 -0.9161 0.3338 0.5000 0.6455
charger_material_0.bmp
  7 -13.0528 -3.1507 58.6534 -0.2220 -0.9161 0.3338 0.5000 0.6455
  7 -13.1377 -2.2015 60.1784 -0.2358 -0.7113 0.6621 0.5000 0.6653
  7 -15.4336 -2.4899 58.0062 -0.3356 -0.8928 0.3006 0.4705 0.6475
charger_material_0.bmp
  7 -13.1377 -2.2015 60.1784 -0.2358 -0.7113 0.6621 0.5000 0.6653
  7 -15.5083 -1.8000 59.2970 -0.4036 -0.7228 0.5610 0.4724 0.6634
  7 -15.4336 -2.4899 58.0062 -0.3356 -0.8928 0.3006 0.4705 0.6475
charger_material_0.bmp
  7 -15.4336 -2.4899 58.0062 -0.3356 -0.8928 0.3006 0.4705 0.6475
  7 -15.5083 -1.8000 59.2970 -0.4036 -0.7228 0.5610 0.4724 0.6634
  7 -16.9098 -1.9465 57.8096 -0.4010 -0.8265 0.3951 0.4528 0.6515
charger_material_0.bmp
  7 -15.5083 -1.8000 59.2970 -0.4036 -0.7228 0.5610 0.4724 0.6634
  7 -17.3140 -0.5318 59.1982 -0.4851 -0.5261 0.6985 0.4488 0.6733
  7 -16.9098 -1.9465 57.8096 -0.4010 -0.8265 0.3951 0.4528 0.6515
charger_material_0.bmp
  7 -16.9098 -1.9465 57.8096 -0.4010 -0.8265 0.3951 0.4528 0.6515
  7 -17.3140 -0.5318 59.1982 -0.4851 -0.5261 0.6985 0.4488 0.6733
  7 -19.0179 -1.2749 57.1709 -0.2797 -0.7962 0.5366 0.4213 0.6535
charger_material_0.bmp
  7 -17.3140 -0.5318 59.1982 -0.4851 -0.5261 0.6985 0.4488 0.6733
  7 -19.0051 -0.1049 58.2663 -0.3103 -0.5361 0.7850 0.4232 0.6713
  7 -19.0179 -1.2749 57.1709 -0.2797 -0.7962 0.5366 0.4213 0.6535
charger_material_0.bmp
  7 -19.0179 -1.2749 57.1709 -0.2797 -0.7962 0.5366 0.4213 0.6535
  7 -19.0051 -0.1049 58.2663 -0.3103 -0.5361 0.7850 0.4232 0.6713
  7 -21.1480 -1.2273 56.8137 -0.1962 -0.7533 0.6278 0.3917 0.6535
charger_material_0.bmp
  7 -19.0051 -0.1049 58.2663 -0.3103 -0.5361 0.7850 0.4232 0.6713
  7 -21.9252 0.1432 57.6151 -0.1222 -0.6328 0.7646 0.3839 0.6733
  7 -21.1480 -1.2273 56.8137 -0.1962 -0.7533 0.6278 0.3917 0.6535
charger_material_0.bmp
  7 -21.1480 -1.2273 56.8137 -0.1962 -0.7533 0.6278 0.3917 0.6535
  7 -21.9252 0.1432 57.6151 -0.1222 -0.6328 0.7646 0.3839 0.6733
  8 -23.7750 -1.2638 55.4691 -0.0537 -0.8655 0.4980 0.3543 0.6475
charger_material_0.bmp
  7 -21.9252 0.1432 57.6151 -0.1222 -0.6328 0.7646 0.3839 0.6733
  8 -24.5410 -0.2811 57.1894 0.1141 -0.7214 0.6831 0.3484 0.6733
  8 -23.7750 -1.2638 55.4691 -0.0537 -0.8655 0.4980 0.3543 0.6475
charger_material_0.bmp
  8 -23.7750 -1.2638 55.4691 -0.0537 -0.8655 0.4980 0.3543 0.6475
  8 -24.5410 -0.2811 57.1894 0.1141 -0.7214 0.6831 0.3484 0.6733
  8 -24.9040 -1.7544 55.2443 0.2755 -0.8829 0.3803 0.3366 0.6475
charger_material_0.bmp
  8 -24.5410 -0.2811 57.1894 0.1141 -0.7214 0.6831 0.3484 0.6733
  8 -27.6704 -1.5937 56.7824 0.1580 -0.6709 0.7245 0.3071 0.6733
  8 -24.9040 -1.7544 55.2443 0.2755 -0.8829 0.3803 0.3366 0.6475
charger_material_0.bmp
  8 -24.9040 -1.7544 55.2443 0.2755 -0.8829 0.3803 0.3366 0.6475
  8 -27.6704 -1.5937 56.7824 0.1580 -0.6709 0.7245 0.3071 0.6733
  8 -27.2320 -3.2519 54.5137 0.3366 -0.8675 0.3663 0.3012 0.6436
charger_material_0.bmp
  8 -27.6704 -1.5937 56.7824 0.1580 -0.6709 0.7245 0.3071 0.6733
  8 -30.0948 -2.4988 56.1849 0.0230 -0.7253 0.6880 0.2756 0.6713
  8 -27.2320 -3.2519 54.5137 0.3366 -0.8675 0.3663 0.3012 0.6436
charger_material_0.bmp
  8 -27.2320 -3.2519 54.5137 0.3366 -0.8675 0.3663 0.3012 0.6436
  8 -30.0948 -2.4988 56.1849 0.0230 -0.7253 0.6880 0.2756 0.6713
  8 -29.6960 -4.1544 53.7364 0.1755 -0.9158 0.3613 0.2717 0.6455
charger_material_0.bmp
  8 -30.0948 -2.4988 56.1849 0.0230 -0.7253 0.6880 0.2756 0.6713
  8 -33.2802 -3.3068 55.1410 -0.0346 -0.7380 0.6739 0.2382 0.6733
  8 -29.6960 -4.1544 53.7364 0.1755 -0.9158 0.3613 0.2717 0.6455
charger_material_0.bmp
  8 -29.6960 -4.1544 53.7364 0.1755 -0.9158 0.3613 0.2717 0.6455
  8 -33.2802 -3.3068 55.1410 -0.0346 -0.7380 0.6739 0.2382 0.6733
  8 -32.5798 -4.9653 52.6446 0.1210 -0.9245 0.3615 0.2362 0.6455
charger_material_0.bmp
  8 -33.2802 -3.3068 55.1410 -0.0346 -0.7380 0.6739 0.2382 0.6733
  8 -36.1374 -4.0105 54.2217 -0.0969 -0.7364 0.6695 0.2008 0.6752
  8 -32.5798 -4.9653 52.6446 0.1210 -0.9245 0.3615 0.2362 0.6455
charger_material_0.bmp
  8 -32.5798 -4.9653 52.6446 0.1210 -0.9245 0.3615 0.2362 0.6455
  8 -36.1374 -4.0105 54.2217 -0.0969 -0.7364 0.6695 0.2008 0.6752
  8 -35.4201 -5.5849 51.9763 0.0635 -0.9405 0.3339 0.2008 0.6495
charger_material_0.bmp
  8 -36.1374 -4.0105 54.2217 -0.0969 -0.7364 0.6695 0.2008 0.6752
  8 -38.6218 -4.5560 53.0714 -0.1654 -0.7720 0.6137 0.1772 0.6733
  8 -35.4201 -5.5849 51.9763 0.0635 -0.9405 0.3339 0.2008 0.6495
charger_material_0.bmp
  8 -35.4201 -5.5849 51.9763 0.0635 -0.9405 0.3339 0.2008 0.6495
  8 -38.6218 -4.5560 53.0714 -0.1654 -0.7720 0.6137 0.1772 0.6733
  8 -37.6592 -5.9746 51.1619 0.0209 -0.9658 0.2584 0.1791 0.6475
charger_material_0.bmp
  8 -38.6218 -4.5560 53.0714 -0.1654 -0.7720 0.6137 0.1772 0.6733
  8 -39.5707 -6.0127 50.2905 -0.0949 -0.9099 0.4039 0.1575 0.6475
  8 -37.6592 -5.9746 51.1619 0.0209 -0.9658 0.2584 0.1791 0.6475
charger_material_0.bmp
  8 -37.6592 -5.9746 51.1619 0.0209 -0.9658 0.2584 0.1791 0.6475
  8 -39.5707 -6.0127 50.2905 -0.0949 -0.9099 0.4039 0.1575 0.6475
  8 -39.1325 -6.4647 48.5675 0.0944 -0.9863 0.1350 0.1555 0.6277
charger_material_0.bmp
  8 -39.5707 -6.0127 50.2905 -0.0949 -0.9099 0.4039 0.1575 0.6475
  8 -41.2442 -6.1236 49.9563 -0.1430 -0.8998 0.4122 0.1398 0.6515
  8 -39.1325 -6.4647 48.5675 0.0944 -0.9863 0.1350 0.1555 0.6277
charger_material_0.bmp
  8 -39.1325 -6.4647 48.5675 0.0944 -0.9863 0.1350 0.1555 0.6277
  8 -41.2442 -6.1236 49.9563 -0.1430 -0.8998 0.4122 0.1398 0.6515
  8 -41.5545 -6.7259 48.3469 -0.1282 -0.9778 0.1657 0.1299 0.6356
charger_material_0.bmp
  8 -41.2442 -6.1236 49.9563 -0.1430 -0.8998 0.4122 0.1398 0.6515
  8 -43.0390 -5.2800 49.9511 -0.4801 -0.6943 0.5362 0.1220 0.6653
  8 -41.5545 -6.7259 48.3469 -0.1282 -0.9778 0.1657 0.1299 0.6356
charger_material_0.bmp
  8 -41.5545 -6.7259 48.3469 -0.1282 -0.9778 0.1657 0.1299 0.6356
  8 -43.0390 -5.2800 49.9511 -0.4801 -0.6943 0.5362 0.1220 0.6653
  8 -43.9077 -6.0598 48.2540 -0.4476 -0.8470 0.2868 0.1024 0.6475
charger_material_0.bmp
  8 -43.0390 -5.2800 49.9511 -0.4801 -0.6943 0.5362 0.1220 0.6653
  8 -45.6395 -3.7275 48.5649 -0.8164 -0.5499 0.1763 0.0827 0.6832
  8 -43.9077 -6.0598 48.2540 -0.4476 -0.8470 0.2868 0.1024 0.6475
charger_material_0.bmp
  8 -43.9077 -6.0598 48.2540 -0.4476 -0.8470 0.2868 0.1024 0.6475
  8 -45.6395 -3.7275 48.5649 -0.8164 -0.5499 0.1763 0.0827 0.6832
  8 -45.3190 -5.1041 47.6310 -0.7472 -0.5329 0.3971 0.0807 0.6574
charger_material_0.bmp
  8 -45.6395 -3.7275 48.5649 -0.8164 -0.5499 0.1763 0.0827 0.6832
  8 -45.4618 -4.0184 47.5862 -0.9823 0.0094 0.1869 0.0709 0.6713
  8 -45.3190 -5.1041 47.6310 -0.7472 -0.5329 0.3971 0.0807 0.6574
charger_material_0.bmp
  8 -45.3190 -5.1041 47.6310 -0.7472 -0.5329 0.3971 0.0807 0.6574
  8 -45.4618 -4.0184 47.5862 -0.9823 0.0094 0.1869 0.0709 0.6713
  8 -46.0405 -5.2196 46.6223 -0.8023 -0.4671 0.3717 0.0669 0.6475
charger_material_0.bmp
  8 -45.4618 -4.0184 47.5862 -0.9823 0.0094 0.1869 0.0709 0.6713
  8 -46.1751 -4.1930 46.4948 -0.8698 0.3061 0.3870 0.0571 0.6554
  8 -46.0405 -5.2196 46.6223 -0.8023 -0.4671 0.3717 0.0669 0.6475
charger_material_0.bmp
  8 -46.0405 -5.2196 46.6223 -0.8023 -0.4671 0.3717 0.0669 0.6475
  8 -46.1751 -4.1930 46.4948 -0.8698 0.3061 0.3870 0.0571 0.6554
  8 -46.3110 -5.1001 45.7052 -0.8349 -0.4799 0.2695 0.0591 0.6396
charger_material_0.bmp
  8 -46.1751 -4.1930 46.4948 -0.8698 0.3061 0.3870 0.0571 0.6554
  8 -46.4749 -4.2452 45.7168 -0.9063 0.2138 0.3645 0.0512 0.6475
  8 -46.3110 -5.1001 45.7052 -0.8349 -0.4799 0.2695 0.0591 0.6396
charger_material_0.bmp
  8 -46.3110 -5.1001 45.7052 -0.8349 -0.4799 0.2695 0.0591 0.6396
  8 -46.4749 -4.2452 45.7168 -0.9063 0.2138 0.3645 0.0512 0.6475
  8 -46.7531 -4.9472 44.7185 -0.9125 -0.3969 0.0992 0.0492 0.6317
charger_material_0.bmp
  8 -46.4749 -4.2452 45.7168 -0.9063 0.2138 0.3645 0.0512 0.6475
  8 -46.9135 -4.2458 44.7844 -0.9378 0.2794 0.2061 0.0433 0.6376
  8 -46.7531 -4.9472 44.7185 -0.9125 -0.3969 0.0992 0.0492 0.6317
charger_material_0.bmp
  8 -46.7531 -4.9472 44.7185 -0.9125 -0.3969 0.0992 0.0492 0.6317
  8 -46.9135 -4.2458 44.7844 -0.9378 0.2794 0.2061 0.0433 0.6376
  8 -46.8225 -4.2297 44.0082 -0.9790 0.1525 -0.1355 0.0374 0.6317
charger_material_0.bmp
  8 -46.9135 -4.2458 44.7844 -0.9378 0.2794 0.2061 0.0433 0.6376
  8 -46.6537 -3.8163 44.6071 -0.7003 0.7120 0.0511 0.0374 0.6416
  8 -46.8225 -4.2297 44.0082 -0.9790 0.1525 -0.1355 0.0374 0.6317
charger_material_0.bmp
  8 -46.8225 -4.2297 44.0082 -0.9790 0.1525 -0.1355 0.0374 0.6317
  8 -46.6537 -3.8163 44.6071 -0.7003 0.7120 0.0511 0.0374 0.6416
  8 -46.5698 -3.7744 44.2784 -0.5774 0.7991 -0.1677 0.0354 0.6396
charger_material_0.bmp
  8 -46.6537 -3.8163 44.6071 -0.7003 0.7120 0.0511 0.0374 0.6416
  8 -46.3105 -3.6856 44.4000 -0.3845 0.9146 -0.1253 0.0335 0.6436
  8 -46.5698 -3.7744 44.2784 -0.5774 0.7991 -0.1677 0.0354 0.6396
charger_material_0.bmp
  8 -46.5698 -3.7744 44.2784 -0.5774 0.7991 -0.1677 0.0354 0.6396
  8 -46.3105 -3.6856 44.4000 -0.3845 0.9146 -0.1253 0.0335 0.6436
  8 -46.2143 -3.6826 44.1631 -0.2578 0.9158 -0.3078 0.0315 0.6436
charger_material_0.bmp
  8 -46.3105 -3.6856 44.4000 -0.3845 0.9146 -0.1253 0.0335 0.6436
  8 -45.9940 -3.6428 44.1636 -0.1114 0.9277 -0.3563 0.0295 0.6455
  8 -46.2143 -3.6826 44.1631 -0.2578 0.9158 -0.3078 0.0315 0.6436
charger_material_0.bmp
  4 -1.3000 -5.5472 60.5726 -0.6230 -0.7461 0.2350 0.8681 0.5307
  4 -1.6500 -5.2413 60.5752 -0.5841 -0.7587 0.2885 0.8602 0.5287
  4 -1.3500 -5.5678 60.4645 -0.6576 -0.7248 0.2055 0.8681 0.5287
charger_material_0.bmp
  4 -1.3500 -5.5678 60.4645 -0.6576 -0.7248 0.2055 0.8681 0.5287
  4 -1.6500 -5.2413 60.5752 -0.5841 -0.7587 0.2885 0.8602 0.5287
  4 -1.7200 -5.2414 60.3614 -0.6524 -0.7540 -0.0765 0.8602 0.5248
charger_material_0.bmp
  4 -1.6500 -5.2413 60.5752 -0.5841 -0.7587 0.2885 0.8602 0.5287
  4 -2.0600 -4.9956 60.7420 -0.3950 -0.8954 0.2055 0.8524 0.5307
  4 -1.7200 -5.2414 60.3614 -0.6524 -0.7540 -0.0765 0.8602 0.5248
charger_material_0.bmp
  4 -1.7200 -5.2414 60.3614 -0.6524 -0.7540 -0.0765 0.8602 0.5248
  4 -2.0600 -4.9956 60.7420 -0.3950 -0.8954 0.2055 0.8524 0.5307
  4 -2.2700 -4.8227 60.4748 -0.7052 -0.6470 -0.2899 0.8504 0.5267
charger_material_0.bmp
  4 -2.0600 -4.9956 60.7420 -0.3950 -0.8954 0.2055 0.8524 0.5307
  4 -2.3300 -4.8204 61.1259 -0.4447 -0.8955 0.0159 0.8445 0.5366
  4 -2.2700 -4.8227 60.4748 -0.7052 -0.6470 -0.2899 0.8504 0.5267
charger_material_0.bmp
  4 -2.2700 -4.8227 60.4748 -0.7052 -0.6470 -0.2899 0.8504 0.5267
  4 -2.3300 -4.8204 61.1259 -0.4447 -0.8955 0.0159 0.8445 0.5366
  4 -2.6000 -4.5104 60.8834 -0.8396 -0.4977 -0.2174 0.8406 0.5327
charger_material_0.bmp
  4 -2.3300 -4.8204 61.1259 -0.4447 -0.8955 0.0159 0.8445 0.5366
  4 -2.5300 -4.6486 61.2255 -0.6492 -0.7494 -0.1303 0.8406 0.5386
  4 -2.6000 -4.5104 60.8834 -0.8396 -0.4977 -0.2174 0.8406 0.5327
charger_material_0.bmp
  4 -2.6000 -4.5104 60.8834 -0.8396 -0.4977 -0.2174 0.8406 0.5327
  4 -2.5300 -4.6486 61.2255 -0.6492 -0.7494 -0.1303 0.8406 0.5386
  4 -2.6900 -4.4629 61.2918 -0.8265 -0.5376 -0.1672 0.8366 0.5386
charger_material_0.bmp
  4 -2.5300 -4.6486 61.2255 -0.6492 -0.7494 -0.1303 0.8406 0.5386
  4 -2.5500 -4.7461 61.6208 -0.5846 -0.7546 -0.2981 0.8386 0.5446
  4 -2.6900 -4.4629 61.2918 -0.8265 -0.5376 -0.1672 0.8366 0.5386
charger_material_0.bmp
  4 -2.6900 -4.4629 61.2918 -0.8265 -0.5376 -0.1672 0.8366 0.5386
  4 -2.5500 -4.7461 61.6208 -0.5846 -0.7546 -0.2981 0.8386 0.5446
  4 -2.7700 -4.4799 61.6819 -0.8694 -0.4644 -0.1685 0.8327 0.5446
charger_material_0.bmp
  4 -2.5500 -4.7461 61.6208 -0.5846 -0.7546 -0.2981 0.8386 0.5446
  4 -2.5700 -4.8530 61.9670 -0.6569 -0.6647 -0.3559 0.8386 0.5525
  4 -2.7700 -4.4799 61.6819 -0.8694 -0.4644 -0.1685 0.8327 0.5446
charger_material_0.bmp
  4 -2.7700 -4.4799 61.6819 -0.8694 -0.4644 -0.1685 0.8327 0.5446
  4 -2.5700 -4.8530 61.9670 -0.6569 -0.6647 -0.3559 0.8386 0.5525
  4 -2.7800 -4.5713 62.0557 -0.8990 -0.3888 -0.2015 0.8307 0.5525
charger_material_0.bmp
  4 -2.5700 -4.8530 61.9670 -0.6569 -0.6647 -0.3559 0.8386 0.5525
  4 -2.6400 -5.0702 62.3751 -0.7546 -0.4632 -0.4648 0.8386 0.5604
  4 -2.7800 -4.5713 62.0557 -0.8990 -0.3888 -0.2015 0.8307 0.5525
charger_material_0.bmp
  4 -2.7800 -4.5713 62.0557 -0.8990 -0.3888 -0.2015 0.8307 0.5525
  4 -2.6400 -5.0702 62.3751 -0.7546 -0.4632 -0.4648 0.8386 0.5604
  4 -2.8300 -4.8227 62.5517 -0.8952 -0.2566 -0.3643 0.8327 0.5624
charger_material_0.bmp
  4 -2.6400 -5.0702 62.3751 -0.7546 -0.4632 -0.4648 0.8386 0.5604
  4 -2.7400 -5.2810 62.7106 -0.8324 -0.1406 -0.5361 0.8386 0.5663
  4 -2.8300 -4.8227 62.5517 -0.8952 -0.2566 -0.3643 0.8327 0.5624
charger_material_0.bmp
  4 -2.8300 -4.8227 62.5517 -0.8952 -0.2566 -0.3643 0.8327 0.5624
  4 -2.7400 -5.2810 62.7106 -0.8324 -0.1406 -0.5361 0.8386 0.5663
  4 -3.0000 -5.1091 63.0239 -0.8538 -0.1536 -0.4973 0.8327 0.5723
charger_material_0.bmp
  4 -2.7400 -5.2810 62.7106 -0.8324 -0.1406 -0.5361 0.8386 0.5663
  4 -2.8100 -5.4227 62.7683 -0.8765 -0.0804 -0.4746 0.8386 0.5683
  4 -3.0000 -5.1091 63.0239 -0.8538 -0.1536 -0.4973 0.8327 0.5723
charger_material_0.bmp
  4 -3.0000 -5.1091 63.0239 -0.8538 -0.1536 -0.4973 0.8327 0.5723
  4 -2.8100 -5.4227 62.7683 -0.8765 -0.0804 -0.4746 0.8386 0.5683
  4 -3.1000 -5.2521 63.2345 -0.8637 -0.2515 -0.4367 0.8346 0.5762
charger_material_0.bmp
  4 -2.8100 -5.4227 62.7683 -0.8765 -0.0804 -0.4746 0.8386 0.5683
  4 -2.8700 -5.5483 63.0163 -0.8614 -0.4280 -0.2736 0.8406 0.5723
  4 -3.1000 -5.2521 63.2345 -0.8637 -0.2515 -0.4367 0.8346 0.5762
charger_material_0.bmp
  4 -3.1000 -5.2521 63.2345 -0.8637 -0.2515 -0.4367 0.8346 0.5762
  4 -2.8700 -5.5483 63.0163 -0.8614 -0.4280 -0.2736 0.8406 0.5723
  4 -2.9800 -5.6001 63.3316 -0.8398 -0.5385 -0.0691 0.8386 0.5782
charger_material_0.bmp
  4 -2.8700 -5.5483 63.0163 -0.8614 -0.4280 -0.2736 0.8406 0.5723
  4 -2.7400 -5.8144 63.1690 -0.6384 -0.7498 -0.1740 0.8425 0.5762
  4 -2.9800 -5.6001 63.3316 -0.8398 -0.5385 -0.0691 0.8386 0.5782
charger_material_0.bmp
  4 -2.9800 -5.6001 63.3316 -0.8398 -0.5385 -0.0691 0.8386 0.5782
  4 -2.7400 -5.8144 63.1690 -0.6384 -0.7498 -0.1740 0.8425 0.5762
  4 -2.8000 -5.8255 63.3238 -0.6744 -0.7247 -0.1413 0.8425 0.5782
charger_material_0.bmp
  4 -2.7400 -5.8144 63.1690 -0.6384 -0.7498 -0.1740 0.8425 0.5762
  4 -2.5800 -5.9135 63.2897 -0.3345 -0.9263 -0.1736 0.8465 0.5782
  4 -2.8000 -5.8255 63.3238 -0.6744 -0.7247 -0.1413 0.8425 0.5782
charger_material_0.bmp
  4 -2.8000 -5.8255 63.3238 -0.6744 -0.7247 -0.1413 0.8425 0.5782
  4 -2.5800 -5.9135 63.2897 -0.3345 -0.9263 -0.1736 0.8465 0.5782
  4 -2.6100 -5.9578 63.4305 -0.1327 -0.8508 -0.5085 0.8465 0.5802
charger_material_0.bmp
  4 -2.5800 -5.9135 63.2897 -0.3345 -0.9263 -0.1736 0.8465 0.5782
  4 -2.3600 -5.9578 63.4305 -0.0672 -0.9853 -0.1569 0.8484 0.5782
  4 -2.6100 -5.9578 63.4305 -0.1327 -0.8508 -0.5085 0.8465 0.5802
charger_material_0.bmp
  4 -2.6100 -5.9578 63.4305 -0.1327 -0.8508 -0.5085 0.8465 0.5802
  4 -2.3600 -5.9578 63.4305 -0.0672 -0.9853 -0.1569 0.8484 0.5782
  4 -2.3300 -5.9905 63.5793 0.1019 -0.5567 -0.8245 0.8504 0.5822
charger_material_0.bmp
  4 -2.3600 -5.9578 63.4305 -0.0672 -0.9853 -0.1569 0.8484 0.5782
  4 -2.1100 -6.0036 63.5106 -0.0236 -0.9401 -0.3402 0.8524 0.5802
  4 -2.3300 -5.9905 63.5793 0.1019 -0.5567 -0.8245 0.8504 0.5822
charger_material_0.bmp
  4 -2.3300 -5.9905 63.5793 0.1019 -0.5567 -0.8245 0.8504 0.5822
  4 -2.1100 -6.0036 63.5106 -0.0236 -0.9401 -0.3402 0.8524 0.5802
  4 -2.1100 -6.0429 63.5181 -0.0436 -0.5626 -0.8256 0.8524 0.5802
charger_material_0.bmp
  4 -2.1100 -6.0036 63.5106 -0.0236 -0.9401 -0.3402 0.8524 0.5802
  4 -2.0700 -6.0256 63.5555 -0.2035 -0.7098 -0.6744 0.8524 0.5802
  4 -2.1100 -6.0429 63.5181 -0.0436 -0.5626 -0.8256 0.8524 0.5802
charger_material_0.bmp
  4 -2.1100 -6.0429 63.5181 -0.0436 -0.5626 -0.8256 0.8524 0.5802
  4 -2.0700 -6.0256 63.5555 -0.2035 -0.7098 -0.6744 0.8524 0.5802
  4 -1.9900 -6.1687 63.5523 -0.1868 -0.2988 -0.9359 0.8543 0.5822
charger_material_0.bmp
  4 -2.0700 -6.0256 63.5555 -0.2035 -0.7098 -0.6744 0.8524 0.5802
  4 -1.9600 -6.1196 63.5429 -0.3959 -0.6033 -0.6923 0.8543 0.5802
  4 -1.9900 -6.1687 63.5523 -0.1868 -0.2988 -0.9359 0.8543 0.5822
charger_material_0.bmp
  4 -1.9900 -6.1687 63.5523 -0.1868 -0.2988 -0.9359 0.8543 0.5822
  4 -1.9600 -6.1196 63.5429 -0.3959 -0.6033 -0.6923 0.8543 0.5802
  4 -1.7900 -6.2412 63.5458 -0.2518 -0.1221 -0.9600 0.8583 0.5822
charger_material_0.bmp
  4 -1.9600 -6.1196 63.5429 -0.3959 -0.6033 -0.6923 0.8543 0.5802
  4 -1.7800 -6.2020 63.5383 -0.3319 -0.5754 -0.7475 0.8583 0.5802
  4 -1.7900 -6.2412 63.5458 -0.2518 -0.1221 -0.9600 0.8583 0.5822
charger_material_0.bmp
  4 -1.7900 -6.2412 63.5458 -0.2518 -0.1221 -0.9600 0.8583 0.5822
  4 -1.7800 -6.2020 63.5383 -0.3319 -0.5754 -0.7475 0.8583 0.5802
  4 -1.6400 -6.2193 63.5009 -0.3562 -0.1388 -0.9241 0.8602 0.5802
charger_material_0.bmp
  4 -1.7800 -6.2020 63.5383 -0.3319 -0.5754 -0.7475 0.8583 0.5802
  4 -1.6500 -6.1721 63.4817 -0.1462 -0.7464 -0.6493 0.8583 0.5802
  4 -1.6400 -6.2193 63.5009 -0.3562 -0.1388 -0.9241 0.8602 0.5802
charger_material_0.bmp
  4 -1.6400 -6.2193 63.5009 -0.3562 -0.1388 -0.9241 0.8602 0.5802
  4 -1.6500 -6.1721 63.4817 -0.1462 -0.7464 -0.6493 0.8583 0.5802
  4 -1.5300 -6.1104 63.3783 -0.0553 -0.6403 -0.7662 0.8602 0.5782
charger_material_0.bmp
  4 -1.6500 -6.1721 63.4817 -0.1462 -0.7464 -0.6493 0.8583 0.5802
  4 -1.6000 -6.1361 63.4035 0.1646 -0.8449 -0.5090 0.8602 0.5782
  4 -1.5300 -6.1104 63.3783 -0.0553 -0.6403 -0.7662 0.8602 0.5782
charger_material_0.bmp
  4 -1.5300 -6.1104 63.3783 -0.0553 -0.6403 -0.7662 0.8602 0.5782
  4 -1.6000 -6.1361 63.4035 0.1646 -0.8449 -0.5090 0.8602 0.5782
  4 -1.5500 -6.0824 63.3118 0.2984 -0.7240 -0.6220 0.8602 0.5762
charger_material_0.bmp
  4 -1.6000 -6.1361 63.4035 0.1646 -0.8449 -0.5090 0.8602 0.5782
  4 -1.6200 -6.1062 63.3469 0.1257 -0.7776 -0.6161 0.8583 0.5762
  4 -1.5500 -6.0824 63.3118 0.2984 -0.7240 -0.6220 0.8602 0.5762
charger_material_0.bmp
  4 -1.5500 -6.0824 63.3118 0.2984 -0.7240 -0.6220 0.8602 0.5762
  4 -1.6200 -6.1062 63.3469 0.1257 -0.7776 -0.6161 0.8583 0.5762
  4 -1.6000 -6.0449 63.2945 0.1750 -0.6849 -0.7073 0.8583 0.5762
charger_material_0.bmp
  4 -1.6200 -6.1062 63.3469 0.1257 -0.7776 -0.6161 0.8583 0.5762
  4 -1.7000 -6.0525 63.2552 -0.0403 -0.6965 -0.7164 0.8583 0.5762
  4 -1.6000 -6.0449 63.2945 0.1750 -0.6849 -0.7073 0.8583 0.5762
charger_material_0.bmp
  4 -1.6000 -6.0449 63.2945 0.1750 -0.6849 -0.7073 0.8583 0.5762
  4 -1.7000 -6.0525 63.2552 -0.0403 -0.6965 -0.7164 0.8583 0.5762
  4 -1.6500 -6.0071 63.2262 0.0293 -0.9184 -0.3946 0.8583 0.5743
charger_material_0.bmp
  4 -1.7000 -6.0525 63.2552 -0.0403 -0.6965 -0.7164 0.8583 0.5762
  4 -1.8600 -5.9958 63.2851 -0.1883 -0.9290 -0.3187 0.8563 0.5762
  4 -1.6500 -6.0071 63.2262 0.0293 -0.9184 -0.3946 0.8583 0.5743
charger_material_0.bmp
  4 -1.6500 -6.0071 63.2262 0.0293 -0.9184 -0.3946 0.8583 0.5743
  4 -1.8600 -5.9958 63.2851 -0.1883 -0.9290 -0.3187 0.8563 0.5762
  4 -1.6500 -6.0244 63.1887 -0.0614 -0.9064 0.4179 0.8583 0.5743
charger_material_0.bmp
  4 -1.8600 -5.9958 63.2851 -0.1883 -0.9290 -0.3187 0.8563 0.5762
  4 -1.8800 -6.0132 63.2477 -0.0129 -0.9933 0.1149 0.8543 0.5743
  4 -1.6500 -6.0244 63.1887 -0.0614 -0.9064 0.4179 0.8583 0.5743
charger_material_0.bmp
  4 -1.6500 -6.0244 63.1887 -0.0614 -0.9064 0.4179 0.8583 0.5743
  4 -1.8800 -6.0132 63.2477 -0.0129 -0.9933 0.1149 0.8543 0.5743
  4 -1.6400 -6.0432 63.0905 -0.2096 -0.9477 0.2406 0.8583 0.5723
charger_material_0.bmp
  4 -1.8800 -6.0132 63.2477 -0.0129 -0.9933 0.1149 0.8543 0.5743
  4 -1.9200 -5.9801 63.0479 -0.1335 -0.9569 0.2579 0.8543 0.5723
  4 -1.6400 -6.0432 63.0905 -0.2096 -0.9477 0.2406 0.8583 0.5723
charger_material_0.bmp
  4 -1.6400 -6.0432 63.0905 -0.2096 -0.9477 0.2406 0.8583 0.5723
  4 -1.9200 -5.9801 63.0479 -0.1335 -0.9569 0.2579 0.8543 0.5723
  4 -1.5900 -6.1378 62.9152 -0.3369 -0.7938 0.5064 0.8602 0.5703
charger_material_0.bmp
  4 -1.9200 -5.9801 63.0479 -0.1335 -0.9569 0.2579 0.8543 0.5723
  4 -2.0100 -6.0920 62.8351 -0.1777 -0.9483 0.2629 0.8543 0.5703
  4 -1.5900 -6.1378 62.9152 -0.3369 -0.7938 0.5064 0.8602 0.5703
charger_material_0.bmp
  4 -1.5900 -6.1378 62.9152 -0.3369 -0.7938 0.5064 0.8602 0.5703
  4 -2.0100 -6.0920 62.8351 -0.1777 -0.9483 0.2629 0.8543 0.5703
  4 -1.7600 -6.1913 62.7421 -0.3189 -0.9377 0.1381 0.8583 0.5683
charger_material_0.bmp
  4 -2.0100 -6.0920 62.8351 -0.1777 -0.9483 0.2629 0.8543 0.5703
  4 -2.0500 -6.0600 62.5236 -0.3734 -0.9051 -0.2036 0.8543 0.5663
  4 -1.7600 -6.1913 62.7421 -0.3189 -0.9377 0.1381 0.8583 0.5683
charger_material_0.bmp
  4 -1.7600 -6.1913 62.7421 -0.3189 -0.9377 0.1381 0.8583 0.5683
  4 -2.0500 -6.0600 62.5236 -0.3734 -0.9051 -0.2036 0.8543 0.5663
  4 -1.7500 -6.1765 62.3931 -0.3849 -0.9092 -0.1587 0.8583 0.5644
charger_material_0.bmp
  4 -2.0500 -6.0600 62.5236 -0.3734 -0.9051 -0.2036 0.8543 0.5663
  4 -2.0000 -6.0072 62.3201 -0.4844 -0.5864 -0.6492 0.8543 0.5624
  4 -1.7500 -6.1765 62.3931 -0.3849 -0.9092 -0.1587 0.8583 0.5644
charger_material_0.bmp
  4 -1.7500 -6.1765 62.3931 -0.3849 -0.9092 -0.1587 0.8583 0.5644
  4 -2.0000 -6.0072 62.3201 -0.4844 -0.5864 -0.6492 0.8543 0.5624
  4 -1.6600 -6.1982 62.1733 -0.5204 -0.7481 -0.4118 0.8602 0.5604
charger_material_0.bmp
  4 -2.0000 -6.0072 62.3201 -0.4844 -0.5864 -0.6492 0.8543 0.5624
  4 -1.6800 -5.9854 62.0614 -0.6820 -0.2509 -0.6870 0.8583 0.5584
  4 -1.6600 -6.1982 62.1733 -0.5204 -0.7481 -0.4118 0.8602 0.5604
charger_material_0.bmp
  4 -1.6600 -6.1982 62.1733 -0.5204 -0.7481 -0.4118 0.8602 0.5604
  4 -1.6800 -5.9854 62.0614 -0.6820 -0.2509 -0.6870 0.8583 0.5584
  4 -1.5000 -5.8930 61.7993 -0.7168 -0.3257 -0.6165 0.8622 0.5545
charger_material_0.bmp
  4 -1.6800 -5.9854 62.0614 -0.6820 -0.2509 -0.6870 0.8583 0.5584
  4 -1.6900 -5.6235 61.9311 -0.7914 -0.2598 -0.5533 0.8563 0.5545
  4 -1.5000 -5.8930 61.7993 -0.7168 -0.3257 -0.6165 0.8622 0.5545
charger_material_0.bmp
  4 -1.5000 -5.8930 61.7993 -0.7168 -0.3257 -0.6165 0.8622 0.5545
  4 -1.6900 -5.6235 61.9311 -0.7914 -0.2598 -0.5533 0.8563 0.5545
  4 -1.5800 -5.6063 61.7547 -0.8192 -0.3633 -0.4437 0.8583 0.5525
charger_material_0.bmp
  4 -1.6900 -5.6235 61.9311 -0.7914 -0.2598 -0.5533 0.8563 0.5545
  4 -1.7500 -5.3227 61.8532 -0.8192 -0.3633 -0.4437 0.8524 0.5525
  4 -1.5800 -5.6063 61.7547 -0.8192 -0.3633 -0.4437 0.8583 0.5525
charger_material_0.bmp
  4 -1.5800 -5.6063 61.7547 -0.8192 -0.3633 -0.4437 0.8583 0.5525
  4 -1.7500 -5.3227 61.8532 -0.8192 -0.3633 -0.4437 0.8524 0.5525
  4 -1.6500 -5.2560 61.6165 -0.7251 -0.2406 -0.6453 0.8543 0.5485
charger_material_0.bmp
  4 -1.7500 -5.3227 61.8532 -0.8192 -0.3633 -0.4437 0.8524 0.5525
  4 -1.7900 -5.1118 61.7315 -0.7039 -0.5428 -0.4581 0.8504 0.5485
  4 -1.6500 -5.2560 61.6165 -0.7251 -0.2406 -0.6453 0.8543 0.5485
charger_material_0.bmp
  4 -1.6500 -5.2560 61.6165 -0.7251 -0.2406 -0.6453 0.8543 0.5485
  4 -1.7900 -5.1118 61.7315 -0.7039 -0.5428 -0.4581 0.8504 0.5485
  4 -1.6700 -5.1026 61.5668 -0.4346 -0.3579 -0.8265 0.8524 0.5465
charger_material_0.bmp
  4 -1.7900 -5.1118 61.7315 -0.7039 -0.5428 -0.4581 0.8504 0.5485
  4 -1.8400 -4.9795 61.6247 -0.4207 -0.7454 -0.5170 0.8504 0.5465
  4 -1.6700 -5.1026 61.5668 -0.4346 -0.3579 -0.8265 0.8524 0.5465
charger_material_0.bmp
  4 -1.6700 -5.1026 61.5668 -0.4346 -0.3579 -0.8265 0.8524 0.5465
  4 -1.8400 -4.9795 61.6247 -0.4207 -0.7454 -0.5170 0.8504 0.5465
  4 -1.6600 -4.9277 61.5232 -0.2455 -0.6693 -0.7013 0.8524 0.5446
charger_material_0.bmp
  4 -1.8400 -4.9795 61.6247 -0.4207 -0.7454 -0.5170 0.8504 0.5465
  4 -1.8700 -4.8758 61.4216 -0.0672 -0.9853 -0.1569 0.8504 0.5426
  4 -1.6600 -4.9277 61.5232 -0.2455 -0.6693 -0.7013 0.8524 0.5446
charger_material_0.bmp
  4 -1.6600 -4.9277 61.5232 -0.2455 -0.6693 -0.7013 0.8524 0.5446
  4 -1.8700 -4.8758 61.4216 -0.0672 -0.9853 -0.1569 0.8504 0.5426
  4 -1.6600 -4.8319 61.3318 -0.0837 -0.9932 -0.0815 0.8543 0.5406
charger_material_0.bmp
  4 -1.8700 -4.8758 61.4216 -0.0672 -0.9853 -0.1569 0.8504 0.5426
  4 -1.6900 -4.8854 61.1587 -0.0566 -0.9450 0.3221 0.8543 0.5386
  4 -1.6600 -4.8319 61.3318 -0.0837 -0.9932 -0.0815 0.8543 0.5406
charger_material_0.bmp
  4 -1.6600 -4.8319 61.3318 -0.0837 -0.9932 -0.0815 0.8543 0.5406
  4 -1.6900 -4.8854 61.1587 -0.0566 -0.9450 0.3221 0.8543 0.5386
  4 -1.5800 -4.8854 61.1587 -0.0672 -0.8554 0.5136 0.8563 0.5386
charger_material_0.bmp
  4 -1.6900 -4.8854 61.1587 -0.0566 -0.9450 0.3221 0.8543 0.5386
  4 -1.6900 -5.0366 60.9535 -0.4416 -0.7648 0.4692 0.8563 0.5347
  4 -1.5800 -4.8854 61.1587 -0.0672 -0.8554 0.5136 0.8563 0.5386
charger_material_0.bmp
  4 -1.5800 -4.8854 61.1587 -0.0672 -0.8554 0.5136 0.8563 0.5386
  4 -1.6900 -5.0366 60.9535 -0.4416 -0.7648 0.4692 0.8563 0.5347
  4 -1.5700 -5.0838 60.9727 -0.1825 -0.6684 0.7210 0.8583 0.5366
charger_material_0.bmp
  4 -1.6900 -5.0366 60.9535 -0.4416 -0.7648 0.4692 0.8563 0.5347
  4 -1.5700 -5.2823 60.7867 -0.6474 -0.6618 0.3780 0.8622 0.5327
  4 -1.5700 -5.0838 60.9727 -0.1825 -0.6684 0.7210 0.8583 0.5366
charger_material_0.bmp
  4 -1.5700 -5.0838 60.9727 -0.1825 -0.6684 0.7210 0.8583 0.5366
  4 -1.5700 -5.2823 60.7867 -0.6474 -0.6618 0.3780 0.8622 0.5327
  4 -1.4500 -5.3533 60.8410 -0.2788 -0.7033 0.6539 0.8642 0.5327
charger_material_0.bmp
  4 -1.5700 -5.2823 60.7867 -0.6474 -0.6618 0.3780 0.8622 0.5327
  4 -1.3000 -5.5472 60.5726 -0.6230 -0.7461 0.2350 0.8681 0.5307
  4 -1.4500 -5.3533 60.8410 -0.2788 -0.7033 0.6539 0.8642 0.5327
charger_material_0.bmp
  4 -1.0400 1.8558 65.2660 0.1015 -0.2777 0.9553 0.6732 0.7624
  4 -3.1300 3.2768 65.8292 0.0099 0.0284 0.9995 0.6417 0.7644
  4 -4.1600 2.1035 65.6564 -0.0684 -0.3337 0.9402 0.6378 0.7485
charger_material_0.bmp
  4 -4.1600 2.1035 65.6564 -0.0684 -0.3337 0.9402 0.6378 0.7485
  4 -3.1300 3.2768 65.8292 0.0099 0.0284 0.9995 0.6417 0.7644
  4 -5.9200 4.0434 65.6317 -0.1651 0.0753 0.9834 0.6161 0.7584
charger_material_0.bmp
  4 -3.1300 3.2768 65.8292 0.0099 0.0284 0.9995 0.6417 0.7644
  4 -4.7000 5.5439 65.3856 -0.0171 0.3584 0.9334 0.6181 0.7782
  4 -5.9200 4.0434 65.6317 -0.1651 0.0753 0.9834 0.6161 0.7584
charger_material_0.bmp
  4 -5.9200 4.0434 65.6317 -0.1651 0.0753 0.9834 0.6161 0.7584
  4 -4.7000 5.5439 65.3856 -0.0171 0.3584 0.9334 0.6181 0.7782
  4 -7.9800 6.1112 64.6255 -0.3214 0.3732 0.8703 0.5886 0.7683
charger_material_0.bmp
  4 -4.7000 5.5439 65.3856 -0.0171 0.3584 0.9334 0.6181 0.7782
  4 -5.9900 8.3032 63.7891 -0.0312 0.6576 0.7527 0.5945 0.7960
  4 -7.9800 6.1112 64.6255 -0.3214 0.3732 0.8703 0.5886 0.7683
charger_material_0.bmp
  4 -7.9800 6.1112 64.6255 -0.3214 0.3732 0.8703 0.5886 0.7683
  4 -5.9900 8.3032 63.7891 -0.0312 0.6576 0.7527 0.5945 0.7960
  6 -8.9964 8.6956 62.7337 -0.3973 0.5691 0.7199 0.5689 0.7921
charger_material_0.bmp
  4 -5.9900 8.3032 63.7891 -0.0312 0.6576 0.7527 0.5945 0.7960
  4 -4.9500 9.4671 61.8358 0.1155 0.8290 0.5472 0.5906 0.8158
  6 -8.9964 8.6956 62.7337 -0.3973 0.5691 0.7199 0.5689 0.7921
charger_material_0.bmp
  6 -8.9964 8.6956 62.7337 -0.3973 0.5691 0.7199 0.5689 0.7921
  4 -4.9500 9.4671 61.8358 0.1155 0.8290 0.5472 0.5906 0.8158
  4 -8.2300 10.0521 61.5407 -0.1720 0.8425 0.5106 0.5669 0.8099
charger_material_0.bmp
  4 -4.9500 9.4671 61.8358 0.1155 0.8290 0.5472 0.5906 0.8158
  4 -7.1600 11.1009 59.5177 0.0182 0.9444 0.3283 0.5610 0.8277
  4 -8.2300 10.0521 61.5407 -0.1720 0.8425 0.5106 0.5669 0.8099
charger_material_0.bmp
  4 -8.2300 10.0521 61.5407 -0.1720 0.8425 0.5106 0.5669 0.8099
  4 -7.1600 11.1009 59.5177 0.0182 0.9444 0.3283 0.5610 0.8277
  6 -10.0289 10.1278 59.7422 -0.2924 0.8639 0.4102 0.5413 0.8020
charger_material_0.bmp
  4 -7.1600 11.1009 59.5177 0.0182 0.9444 0.3283 0.5610 0.8277
  6 -9.5125 10.7672 58.6420 -0.1283 0.9560 0.2637 0.5394 0.8158
  6 -10.0289 10.1278 59.7422 -0.2924 0.8639 0.4102 0.5413 0.8020
charger_material_0.bmp
  6 -10.0289 10.1278 59.7422 -0.2924 0.8639 0.4102 0.5413 0.8020
  6 -9.5125 10.7672 58.6420 -0.1283 0.9560 0.2637 0.5394 0.8158
  6 -11.2544 11.4623 56.3188 -0.1283 0.9560 0.2637 0.5098 0.8099
charger_material_0.bmp
  6 -9.5125 10.7672 58.6420 -0.1283 0.9560 0.2637 0.5394 0.8158
  6 -10.7373 11.5543 54.9140 -0.0307 0.9954 0.0912 0.5059 0.8218
  6 -11.2544 11.4623 56.3188 -0.1283 0.9560 0.2637 0.5098 0.8099
charger_material_0.bmp
  6 -11.2544 11.4623 56.3188 -0.1283 0.9560 0.2637 0.5098 0.8099
  6 -10.7373 11.5543 54.9140 -0.0307 0.9954 0.0912 0.5059 0.8218
  7 -13.8955 10.6853 57.7094 -0.2441 0.8838 0.3992 0.4862 0.8040
charger_material_0.bmp
  6 -10.7373 11.5543 54.9140 -0.0307 0.9954 0.0912 0.5059 0.8218
  7 -13.4925 11.3811 56.1468 -0.2263 0.9737 0.0244 0.4902 0.8218
  7 -13.8955 10.6853 57.7094 -0.2441 0.8838 0.3992 0.4862 0.8040
charger_material_0.bmp
  7 -13.8955 10.6853 57.7094 -0.2441 0.8838 0.3992 0.4862 0.8040
  7 -13.4925 11.3811 56.1468 -0.2263 0.9737 0.0244 0.4902 0.8218
  7 -15.4281 10.5265 56.0456 -0.4377 0.8893 0.1327 0.4685 0.8139
charger_material_0.bmp
  7 -13.4925 11.3811 56.1468 -0.2263 0.9737 0.0244 0.4902 0.8218
  7 -15.0189 10.5692 55.1749 -0.3401 0.9265 -0.1613 0.4724 0.8277
  7 -15.4281 10.5265 56.0456 -0.4377 0.8893 0.1327 0.4685 0.8139
charger_material_0.bmp
  7 -15.4281 10.5265 56.0456 -0.4377 0.8893 0.1327 0.4685 0.8139
  7 -15.0189 10.5692 55.1749 -0.3401 0.9265 -0.1613 0.4724 0.8277
  7 -17.5049 9.4589 55.9904 -0.3271 0.9356 0.1328 0.4409 0.8079
charger_material_0.bmp
  7 -15.0189 10.5692 55.1749 -0.3401 0.9265 -0.1613 0.4724 0.8277
  7 -17.5722 9.2653 53.2846 -0.2003 0.9430 -0.2658 0.4350 0.8396
  7 -17.5049 9.4589 55.9904 -0.3271 0.9356 0.1328 0.4409 0.8079
charger_material_0.bmp
  7 -17.5049 9.4589 55.9904 -0.3271 0.9356 0.1328 0.4409 0.8079
  7 -17.5722 9.2653 53.2846 -0.2003 0.9430 -0.2658 0.4350 0.8396
  7 -20.3094 9.4013 55.2537 -0.0937 0.9876 0.1259 0.4055 0.8040
charger_material_0.bmp
  7 -17.5722 9.2653 53.2846 -0.2003 0.9430 -0.2658 0.4350 0.8396
  7 -20.3362 9.1752 52.6044 -0.0364 0.9557 -0.2920 0.3996 0.8317
  7 -20.3094 9.4013 55.2537 -0.0937 0.9876 0.1259 0.4055 0.8040
charger_material_0.bmp
  7 -20.3094 9.4013 55.2537 -0.0937 0.9876 0.1259 0.4055 0.8040
  7 -20.3362 9.1752 52.6044 -0.0364 0.9557 -0.2920 0.3996 0.8317
  8 -23.1113 8.8987 55.0453 -0.0620 0.9899 0.1276 0.3720 0.8020
charger_material_0.bmp
  7 -20.3362 9.1752 52.6044 -0.0364 0.9557 -0.2920 0.3996 0.8317
  8 -23.0691 8.7845 52.3119 -0.0258 0.9148 -0.4030 0.3681 0.8317
  8 -23.1113 8.8987 55.0453 -0.0620 0.9899 0.1276 0.3720 0.8020
charger_material_0.bmp
  8 -23.1113 8.8987 55.0453 -0.0620 0.9899 0.1276 0.3720 0.8020
  8 -23.0691 8.7845 52.3119 -0.0258 0.9148 -0.4030 0.3681 0.8317
  8 -24.9106 9.2625 54.5893 0.0985 0.9889 0.1109 0.3504 0.8040
charger_material_0.bmp
  8 -23.0691 8.7845 52.3119 -0.0258 0.9148 -0.4030 0.3681 0.8317
  8 -24.5810 8.7191 52.1714 0.1647 0.8365 -0.5227 0.3504 0.8317
  8 -24.9106 9.2625 54.5893 0.0985 0.9889 0.1109 0.3504 0.8040
charger_material_0.bmp
  8 -24.9106 9.2625 54.5893 0.0985 0.9889 0.1109 0.3504 0.8040
  8 -24.5810 8.7191 52.1714 0.1647 0.8365 -0.5227 0.3504 0.8317
  8 -26.2685 9.0750 52.0705 0.1301 0.9467 -0.2946 0.3307 0.8277
charger_material_0.bmp
  8 -24.5810 8.7191 52.1714 0.1647 0.8365 -0.5227 0.3504 0.8317
  8 -26.1370 8.1200 50.6959 0.2248 0.7435 -0.6298 0.3287 0.8436
  8 -26.2685 9.0750 52.0705 0.1301 0.9467 -0.2946 0.3307 0.8277
charger_material_0.bmp
  8 -26.2685 9.0750 52.0705 0.1301 0.9467 -0.2946 0.3307 0.8277
  8 -26.1370 8.1200 50.6959 0.2248 0.7435 -0.6298 0.3287 0.8436
  8 -28.0042 9.0946 51.5789 -0.0195 0.9309 -0.3649 0.3130 0.8277
charger_material_0.bmp
  8 -26.1370 8.1200 50.6959 0.2248 0.7435 -0.6298 0.3287 0.8436
  8 -27.6049 6.7844 48.9163 0.2021 0.5594 -0.8039 0.3091 0.8614
  8 -28.0042 9.0946 51.5789 -0.0195 0.9309 -0.3649 0.3130 0.8277
charger_material_0.bmp
  8 -28.0042 9.0946 51.5789 -0.0195 0.9309 -0.3649 0.3130 0.8277
  8 -27.6049 6.7844 48.9163 0.2021 0.5594 -0.8039 0.3091 0.8614
  8 -31.3574 8.5830 51.0685 -0.1114 0.9277 -0.3563 0.2776 0.8277
charger_material_0.bmp
  8 -27.6049 6.7844 48.9163 0.2021 0.5594 -0.8039 0.3091 0.8614
  8 -30.8130 6.8407 48.1741 -0.0070 0.6743 -0.7384 0.2756 0.8594
  8 -31.3574 8.5830 51.0685 -0.1114 0.9277 -0.3563 0.2776 0.8277
charger_material_0.bmp
  8 -31.3574 8.5830 51.0685 -0.1114 0.9277 -0.3563 0.2776 0.8277
  8 -30.8130 6.8407 48.1741 -0.0070 0.6743 -0.7384 0.2756 0.8594
  8 -34.7035 7.4990 50.5422 -0.2940 0.9015 -0.3175 0.2402 0.8257
charger_material_0.bmp
  8 -30.8130 6.8407 48.1741 -0.0070 0.6743 -0.7384 0.2756 0.8594
  8 -34.3650 5.8006 47.8572 -0.2109 0.5740 -0.7912 0.2382 0.8594
  8 -34.7035 7.4990 50.5422 -0.2940 0.9015 -0.3175 0.2402 0.8257
charger_material_0.bmp
  8 -34.7035 7.4990 50.5422 -0.2940 0.9015 -0.3175 0.2402 0.8257
  8 -34.3650 5.8006 47.8572 -0.2109 0.5740 -0.7912 0.2382 0.8594
  8 -37.4168 5.9927 50.2610 -0.1208 0.8810 -0.4574 0.2008 0.8238
charger_material_0.bmp
  8 -34.3650 5.8006 47.8572 -0.2109 0.5740 -0.7912 0.2382 0.8594
  8 -37.0793 4.4135 48.1002 0.0164 0.5376 -0.8431 0.2008 0.8554
  8 -37.4168 5.9927 50.2610 -0.1208 0.8810 -0.4574 0.2008 0.8238
charger_material_0.bmp
  8 -37.4168 5.9927 50.2610 -0.1208 0.8810 -0.4574 0.2008 0.8238
  8 -37.0793 4.4135 48.1002 0.0164 0.5376 -0.8431 0.2008 0.8554
  8 -38.3793 5.2448 48.3047 0.1073 0.7954 -0.5965 0.1850 0.8436
charger_material_0.bmp
  8 -37.0793 4.4135 48.1002 0.0164 0.5376 -0.8431 0.2008 0.8554
  8 -38.3217 3.9109 47.3869 0.2027 0.3981 -0.8947 0.1811 0.8634
  8 -38.3793 5.2448 48.3047 0.1073 0.7954 -0.5965 0.1850 0.8436
charger_material_0.bmp
  8 -38.3793 5.2448 48.3047 0.1073 0.7954 -0.5965 0.1850 0.8436
  8 -38.3217 3.9109 47.3869 0.2027 0.3981 -0.8947 0.1811 0.8634
  8 -41.8068 4.0551 47.0673 0.0475 0.5021 -0.8635 0.1378 0.8515
charger_material_0.bmp
  8 -38.3217 3.9109 47.3869 0.2027 0.3981 -0.8947 0.1811 0.8634
  8 -42.1022 2.2290 46.3987 0.0728 0.2430 -0.9673 0.1260 0.8752
  8 -41.8068 4.0551 47.0673 0.0475 0.5021 -0.8635 0.1378 0.8515
charger_material_0.bmp
  8 -41.8068 4.0551 47.0673 0.0475 0.5021 -0.8635 0.1378 0.8515
  8 -42.1022 2.2290 46.3987 0.0728 0.2430 -0.9673 0.1260 0.8752
  8 -42.8778 3.5884 46.7829 0.0234 0.4234 -0.9056 0.1201 0.8495
charger_material_0.bmp
  8 -42.1022 2.2290 46.3987 0.0728 0.2430 -0.9673 0.1260 0.8752
  8 -44.2760 1.4601 46.1879 -0.0193 0.0298 -0.9994 0.0906 0.8772
  8 -42.8778 3.5884 46.7829 0.0234 0.4234 -0.9056 0.1201 0.8495
charger_material_0.bmp
  8 -42.8778 3.5884 46.7829 0.0234 0.4234 -0.9056 0.1201 0.8495
  8 -44.2760 1.4601 46.1879 -0.0193 0.0298 -0.9994 0.0906 0.8772
  8 -43.9058 3.0695 46.5545 0.2027 0.3981 -0.8947 0.1043 0.8515
charger_material_0.bmp
  8 -44.2760 1.4601 46.1879 -0.0193 0.0298 -0.9994 0.0906 0.8772
  8 -44.1986 2.9634 46.3548 0.5284 0.3637 -0.7671 0.0984 0.8515
  8 -43.9058 3.0695 46.5545 0.2027 0.3981 -0.8947 0.1043 0.8515
charger_material_0.bmp
  8 -43.9058 3.0695 46.5545 0.2027 0.3981 -0.8947 0.1043 0.8515
  8 -44.1986 2.9634 46.3548 0.5284 0.3637 -0.7671 0.0984 0.8515
  8 -44.3085 3.9281 47.0524 -0.0253 0.8674 -0.4969 0.1043 0.8317
charger_material_0.bmp
  8 -44.1986 2.9634 46.3548 0.5284 0.3637 -0.7671 0.0984 0.8515
  8 -45.2915 3.7817 46.3617 0.1301 0.9467 -0.2946 0.0886 0.8317
  8 -44.3085 3.9281 47.0524 -0.0253 0.8674 -0.4969 0.1043 0.8317
charger_material_0.bmp
  8 -44.3085 3.9281 47.0524 -0.0253 0.8674 -0.4969 0.1043 0.8317
  8 -45.2915 3.7817 46.3617 0.1301 0.9467 -0.2946 0.0886 0.8317
  8 -45.8443 3.6722 46.9901 -0.4814 0.8557 0.1897 0.0886 0.8198
charger_material_0.bmp
  8 -45.2915 3.7817 46.3617 0.1301 0.9467 -0.2946 0.0886 0.8317
  8 -46.6159 3.2604 45.6634 -0.7368 0.6610 -0.1420 0.0709 0.8257
  8 -45.8443 3.6722 46.9901 -0.4814 0.8557 0.1897 0.0886 0.8198
charger_material_0.bmp
  8 -45.8443 3.6722 46.9901 -0.4814 0.8557 0.1897 0.0886 0.8198
  8 -46.6159 3.2604 45.6634 -0.7368 0.6610 -0.1420 0.0709 0.8257
  8 -46.5529 2.7922 47.1573 -0.8974 0.1380 0.4190 0.0787 0.8079
charger_material_0.bmp
  8 -46.6159 3.2604 45.6634 -0.7368 0.6610 -0.1420 0.0709 0.8257
  8 -46.8182 2.6610 45.6292 -0.9727 -0.0053 -0.2321 0.0650 0.8198
  8 -46.5529 2.7922 47.1573 -0.8974 0.1380 0.4190 0.0787 0.8079
charger_material_0.bmp
  8 -46.5529 2.7922 47.1573 -0.8974 0.1380 0.4190 0.0787 0.8079
  8 -46.8182 2.6610 45.6292 -0.9727 -0.0053 -0.2321 0.0650 0.8198
  8 -46.3671 1.8103 46.9605 -0.6952 -0.6861 0.2144 0.0709 0.8000
charger_material_0.bmp
  8 -46.8182 2.6610 45.6292 -0.9727 -0.0053 -0.2321 0.0650 0.8198
  8 -46.7561 1.9679 45.5767 -0.7029 -0.6698 -0.2394 0.0610 0.8139
  8 -46.3671 1.8103 46.9605 -0.6952 -0.6861 0.2144 0.0709 0.8000
charger_material_0.bmp
  8 -46.3671 1.8103 46.9605 -0.6952 -0.6861 0.2144 0.0709 0.8000
  8 -46.7561 1.9679 45.5767 -0.7029 -0.6698 -0.2394 0.0610 0.8139
  8 -45.6428 1.6336 45.9322 -0.2747 -0.9567 -0.0958 0.0551 0.8000
charger_material_0.bmp
  8 -46.7561 1.9679 45.5767 -0.7029 -0.6698 -0.2394 0.0610 0.8139
  8 -46.2235 1.9384 45.1110 -0.6610 -0.4854 -0.5723 0.0531 0.8158
  8 -45.6428 1.6336 45.9322 -0.2747 -0.9567 -0.0958 0.0551 0.8000
charger_material_0.bmp
  4 -3.1000 -2.4500 62.6072 -0.9887 -0.0656 -0.1347 0.6693 0.6792
  4 -3.1200 -1.7772 62.1324 -0.9872 -0.0680 0.1441 0.6594 0.6812
  4 -3.0900 -2.3920 62.0056 -0.9742 -0.2080 0.0870 0.6634 0.6752
charger_material_0.bmp
  4 -3.0900 -2.3920 62.0056 -0.9742 -0.2080 0.0870 0.6634 0.6752
  4 -3.1200 -1.7772 62.1324 -0.9872 -0.0680 0.1441 0.6594 0.6812
  4 -3.3100 -1.9105 61.4351 -0.8829 -0.2647 0.3878 0.6516 0.6733
charger_material_0.bmp
  4 -3.1200 -1.7772 62.1324 -0.9872 -0.0680 0.1441 0.6594 0.6812
  4 -3.4300 -1.1779 61.5393 -0.7474 -0.4821 0.4571 0.6476 0.6812
  4 -3.3100 -1.9105 61.4351 -0.8829 -0.2647 0.3878 0.6516 0.6733
charger_material_0.bmp
  4 -3.3100 -1.9105 61.4351 -0.8829 -0.2647 0.3878 0.6516 0.6733
  4 -3.4300 -1.1779 61.5393 -0.7474 -0.4821 0.4571 0.6476 0.6812
  4 -3.6800 -1.5479 60.9890 -0.6005 -0.4565 0.6566 0.6437 0.6733
charger_material_0.bmp
  4 -3.4300 -1.1779 61.5393 -0.7474 -0.4821 0.4571 0.6476 0.6812
  4 -4.1100 -0.8964 61.4143 -0.4305 -0.6781 0.5956 0.6398 0.6832
  4 -3.6800 -1.5479 60.9890 -0.6005 -0.4565 0.6566 0.6437 0.6733
charger_material_0.bmp
  4 -3.6800 -1.5479 60.9890 -0.6005 -0.4565 0.6566 0.6437 0.6733
  4 -4.1100 -0.8964 61.4143 -0.4305 -0.6781 0.5956 0.6398 0.6832
  4 -4.5300 -1.5500 60.5517 -0.2854 -0.5860 0.7584 0.6319 0.6693
charger_material_0.bmp
  4 -4.1100 -0.8964 61.4143 -0.4305 -0.6781 0.5956 0.6398 0.6832
  4 -4.9800 -0.4338 61.4378 -0.2788 -0.7033 0.6539 0.6299 0.6871
  4 -4.5300 -1.5500 60.5517 -0.2854 -0.5860 0.7584 0.6319 0.6693
charger_material_0.bmp
  4 -4.5300 -1.5500 60.5517 -0.2854 -0.5860 0.7584 0.6319 0.6693
  4 -4.9800 -0.4338 61.4378 -0.2788 -0.7033 0.6539 0.6299 0.6871
  4 -6.7900 -0.1219 61.2051 -0.0644 -0.7360 0.6739 0.6102 0.6891
charger_material_0.bmp
  4 -4.9800 -0.4338 61.4378 -0.2788 -0.7033 0.6539 0.6299 0.6871
  4 -4.8700 0.4225 62.4551 -0.2396 -0.9055 0.3504 0.6319 0.7030
  4 -6.7900 -0.1219 61.2051 -0.0644 -0.7360 0.6739 0.6102 0.6891
charger_material_0.bmp
  4 -6.7900 -0.1219 61.2051 -0.0644 -0.7360 0.6739 0.6102 0.6891
  4 -4.8700 0.4225 62.4551 -0.2396 -0.9055 0.3504 0.6319 0.7030
  4 -7.4600 0.2757 61.9538 0.0996 -0.9436 0.3159 0.6043 0.6990
charger_material_0.bmp
  4 -4.8700 0.4225 62.4551 -0.2396 -0.9055 0.3504 0.6319 0.7030
  4 -7.5400 0.4732 63.4126 -0.0491 -0.8865 0.4601 0.6043 0.7149
  4 -7.4600 0.2757 61.9538 0.0996 -0.9436 0.3159 0.6043 0.6990
charger_material_0.bmp
  4 -7.4600 0.2757 61.9538 0.0996 -0.9436 0.3159 0.6043 0.6990
  4 -7.5400 0.4732 63.4126 -0.0491 -0.8865 0.4601 0.6043 0.7149
  6 -8.9701 0.1110 62.7003 -0.0875 -0.8846 0.4581 0.5906 0.7069
charger_material_0.bmp
  4 -7.5400 0.4732 63.4126 -0.0491 -0.8865 0.4601 0.6043 0.7149
  6 -9.5945 1.3087 63.4309 -0.4324 -0.5003 0.7502 0.5846 0.7188
  6 -8.9701 0.1110 62.7003 -0.0875 -0.8846 0.4581 0.5906 0.7069
charger_material_0.bmp
  6 -8.9701 0.1110 62.7003 -0.0875 -0.8846 0.4581 0.5906 0.7069
  6 -9.5945 1.3087 63.4309 -0.4324 -0.5003 0.7502 0.5846 0.7188
  6 -9.9160 0.0398 61.9193 -0.1522 -0.6787 0.7184 0.5787 0.6990
charger_material_0.bmp
  6 -9.5945 1.3087 63.4309 -0.4324 -0.5003 0.7502 0.5846 0.7188
  6 -10.8772 1.2124 62.4152 -0.4423 -0.4068 0.7993 0.5689 0.7149
  6 -9.9160 0.0398 61.9193 -0.1522 -0.6787 0.7184 0.5787 0.6990
charger_material_0.bmp
  6 -9.9160 0.0398 61.9193 -0.1522 -0.6787 0.7184 0.5787 0.6990
  6 -10.8772 1.2124 62.4152 -0.4423 -0.4068 0.7993 0.5689 0.7149
  6 -11.2377 -0.4144 61.5274 -0.3112 -0.4326 0.8462 0.5630 0.6970
charger_material_0.bmp
  6 -10.8772 1.2124 62.4152 -0.4423 -0.4068 0.7993 0.5689 0.7149
  6 -11.3621 0.9263 61.9651 -0.4507 -0.3099 0.8372 0.5630 0.7089
  6 -11.2377 -0.4144 61.5274 -0.3112 -0.4326 0.8462 0.5630 0.6970
charger_material_0.bmp
  6 -11.2377 -0.4144 61.5274 -0.3112 -0.4326 0.8462 0.5630 0.6970
  6 -11.3621 0.9263 61.9651 -0.4507 -0.3099 0.8372 0.5630 0.7089
  7 -12.8047 0.7514 61.2838 -0.9007 -0.1648 -0.4019 0.5472 0.7030
charger_material_0.bmp
  6 -11.3621 0.9263 61.9651 -0.4507 -0.3099 0.8372 0.5630 0.7089
  6 -12.3119 2.2717 61.9831 -0.9938 0.0238 0.1086 0.5531 0.7188
  7 -12.8047 0.7514 61.2838 -0.9007 -0.1648 -0.4019 0.5472 0.7030
charger_material_0.bmp
  7 -12.8047 0.7514 61.2838 -0.9007 -0.1648 -0.4019 0.5472 0.7030
  6 -12.3119 2.2717 61.9831 -0.9938 0.0238 0.1086 0.5531 0.7188
  6 -10.3191 1.7201 62.3856 0.4986 -0.1585 0.8522 0.5236 0.7050
charger_material_0.bmp
  6 -12.3119 2.2717 61.9831 -0.9938 0.0238 0.1086 0.5531 0.7188
  6 -9.4508 5.0199 61.7185 -0.5249 0.7207 0.4529 0.5295 0.7327
  6 -10.3191 1.7201 62.3856 0.4986 -0.1585 0.8522 0.5236 0.7050
charger_material_0.bmp
  6 -10.3191 1.7201 62.3856 0.4986 -0.1585 0.8522 0.5236 0.7050
  6 -9.4508 5.0199 61.7185 -0.5249 0.7207 0.4529 0.5295 0.7327
  7 -12.8232 3.1111 62.4100 -0.0922 0.1659 0.9818 0.5000 0.7188
charger_material_0.bmp
  6 -9.4508 5.0199 61.7185 -0.5249 0.7207 0.4529 0.5295 0.7327
  7 -12.4435 4.5332 61.7931 -0.1531 0.3486 0.9247 0.5020 0.7327
  7 -12.8232 3.1111 62.4100 -0.0922 0.1659 0.9818 0.5000 0.7188
charger_material_0.bmp
  7 -12.8232 3.1111 62.4100 -0.0922 0.1659 0.9818 0.5000 0.7188
  7 -12.4435 4.5332 61.7931 -0.1531 0.3486 0.9247 0.5020 0.7327
  7 -15.0167 3.0058 61.8918 -0.3452 0.1193 0.9309 0.4783 0.7168
charger_material_0.bmp
  7 -12.4435 4.5332 61.7931 -0.1531 0.3486 0.9247 0.5020 0.7327
  7 -15.1074 4.5031 61.1235 -0.3226 0.2926 0.9002 0.4744 0.7327
  7 -15.0167 3.0058 61.8918 -0.3452 0.1193 0.9309 0.4783 0.7168
charger_material_0.bmp
  7 -15.0167 3.0058 61.8918 -0.3452 0.1193 0.9309 0.4783 0.7168
  7 -15.1074 4.5031 61.1235 -0.3226 0.2926 0.9002 0.4744 0.7327
  7 -17.2162 3.0936 60.6700 -0.4438 -0.0038 0.8961 0.4508 0.7149
charger_material_0.bmp
  7 -15.1074 4.5031 61.1235 -0.3226 0.2926 0.9002 0.4744 0.7327
  7 -16.7822 4.5055 60.4894 -0.2813 0.2097 0.9364 0.4547 0.7307
  7 -17.2162 3.0936 60.6700 -0.4438 -0.0038 0.8961 0.4508 0.7149
charger_material_0.bmp
  7 -17.2162 3.0936 60.6700 -0.4438 -0.0038 0.8961 0.4508 0.7149
  7 -16.7822 4.5055 60.4894 -0.2813 0.2097 0.9364 0.4547 0.7307
  7 -18.4786 4.4796 60.0331 -0.2373 0.0663 0.9692 0.4331 0.7287
charger_material_0.bmp
  7 -16.7822 4.5055 60.4894 -0.2813 0.2097 0.9364 0.4547 0.7307
  7 -18.0138 6.8698 59.7013 -0.1757 0.4528 0.8741 0.4390 0.7545
  7 -18.4786 4.4796 60.0331 -0.2373 0.0663 0.9692 0.4331 0.7287
charger_material_0.bmp
  7 -18.4786 4.4796 60.0331 -0.2373 0.0663 0.9692 0.4331 0.7287
  7 -18.0138 6.8698 59.7013 -0.1757 0.4528 0.8741 0.4390 0.7545
  7 -21.3794 6.6003 59.3731 -0.1272 0.3142 0.9408 0.3976 0.7485
charger_material_0.bmp
  7 -18.0138 6.8698 59.7013 -0.1757 0.4528 0.8741 0.4390 0.7545
  7 -21.5027 8.4897 57.7125 -0.1322 0.8162 0.5625 0.3957 0.7762
  7 -21.3794 6.6003 59.3731 -0.1272 0.3142 0.9408 0.3976 0.7485
charger_material_0.bmp
  7 -21.3794 6.6003 59.3731 -0.1272 0.3142 0.9408 0.3976 0.7485
  7 -21.5027 8.4897 57.7125 -0.1322 0.8162 0.5625 0.3957 0.7762
  8 -24.4344 6.1997 59.1447 -0.1874 0.4757 0.8594 0.3622 0.7485
charger_material_0.bmp
  7 -21.5027 8.4897 57.7125 -0.1322 0.8162 0.5625 0.3957 0.7762
  8 -24.7281 7.9800 57.5808 -0.1469 0.8338 0.5322 0.3583 0.7723
  8 -24.4344 6.1997 59.1447 -0.1874 0.4757 0.8594 0.3622 0.7485
charger_material_0.bmp
  8 -24.4344 6.1997 59.1447 -0.1874 0.4757 0.8594 0.3622 0.7485
  8 -24.7281 7.9800 57.5808 -0.1469 0.8338 0.5322 0.3583 0.7723
  8 -27.8469 7.3584 56.9543 -0.1814 0.7077 0.6829 0.3228 0.7723
charger_material_0.bmp
  8 -24.7281 7.9800 57.5808 -0.1469 0.8338 0.5322 0.3583 0.7723
  8 -26.2967 8.3510 56.2816 -0.1094 0.8369 0.5363 0.3386 0.7842
  8 -27.8469 7.3584 56.9543 -0.1814 0.7077 0.6829 0.3228 0.7723
charger_material_0.bmp
  8 -27.8469 7.3584 56.9543 -0.1814 0.7077 0.6829 0.3228 0.7723
  8 -26.2967 8.3510 56.2816 -0.1094 0.8369 0.5363 0.3386 0.7842
  8 -28.1467 9.4108 54.4363 -0.1242 0.9567 0.2632 0.3169 0.8020
charger_material_0.bmp
  8 -26.2967 8.3510 56.2816 -0.1094 0.8369 0.5363 0.3386 0.7842
  8 -26.3084 9.5101 54.4637 0.0503 0.9782 0.2015 0.3346 0.8040
  8 -28.1467 9.4108 54.4363 -0.1242 0.9567 0.2632 0.3169 0.8020
charger_material_0.bmp
  8 -28.1467 9.4108 54.4363 -0.1242 0.9567 0.2632 0.3169 0.8020
  8 -26.3084 9.5101 54.4637 0.0503 0.9782 0.2015 0.3346 0.8040
  8 -26.2685 9.0750 52.0705 0.1301 0.9467 -0.2946 0.3307 0.8277
charger_material_0.bmp
  8 -26.3084 9.5101 54.4637 0.0503 0.9782 0.2015 0.3346 0.8040
  8 -24.9106 9.2625 54.5893 0.0985 0.9889 0.1109 0.3504 0.8040
  8 -26.2685 9.0750 52.0705 0.1301 0.9467 -0.2946 0.3307 0.8277
charger_material_0.bmp
  7 -19.0051 -0.1049 58.2663 -0.3103 -0.5361 0.7850 0.4232 0.6713
  7 -21.1652 2.1973 58.9265 -0.1139 -0.4068 0.9064 0.3957 0.7010
  7 -21.9252 0.1432 57.6151 -0.1222 -0.6328 0.7646 0.3839 0.6733
charger_material_0.bmp
  7 -21.9252 0.1432 57.6151 -0.1222 -0.6328 0.7646 0.3839 0.6733
  7 -21.1652 2.1973 58.9265 -0.1139 -0.4068 0.9064 0.3957 0.7010
  8 -24.0654 1.4566 58.7198 -0.0119 -0.4690 0.8831 0.3602 0.6970
charger_material_0.bmp
  7 -21.1652 2.1973 58.9265 -0.1139 -0.4068 0.9064 0.3957 0.7010
  8 -24.0455 3.7119 59.4513 -0.0985 -0.0721 0.9925 0.3642 0.7228
  8 -24.0654 1.4566 58.7198 -0.0119 -0.4690 0.8831 0.3602 0.6970
charger_material_0.bmp
  8 -24.0654 1.4566 58.7198 -0.0119 -0.4690 0.8831 0.3602 0.6970
  8 -24.0455 3.7119 59.4513 -0.0985 -0.0721 0.9925 0.3642 0.7228
  8 -28.1246 2.8723 58.8161 -0.0985 -0.0721 0.9925 0.3150 0.7228
charger_material_0.bmp
  8 -24.0455 3.7119 59.4513 -0.0985 -0.0721 0.9925 0.3642 0.7228
  8 -28.3533 5.4997 58.4329 -0.1718 0.3659 0.9147 0.3169 0.7485
  8 -28.1246 2.8723 58.8161 -0.0985 -0.0721 0.9925 0.3150 0.7228
charger_material_0.bmp
  8 -28.1246 2.8723 58.8161 -0.0985 -0.0721 0.9925 0.3150 0.7228
  8 -28.3533 5.4997 58.4329 -0.1718 0.3659 0.9147 0.3169 0.7485
  8 -31.8329 4.9384 57.9890 -0.2101 0.2840 0.9355 0.2776 0.7485
charger_material_0.bmp
  8 -28.3533 5.4997 58.4329 -0.1718 0.3659 0.9147 0.3169 0.7485
  8 -31.9683 7.5231 56.5019 -0.1969 0.7307 0.6537 0.2776 0.7762
  8 -31.8329 4.9384 57.9890 -0.2101 0.2840 0.9355 0.2776 0.7485
charger_material_0.bmp
  8 -31.8329 4.9384 57.9890 -0.2101 0.2840 0.9355 0.2776 0.7485
  8 -31.9683 7.5231 56.5019 -0.1969 0.7307 0.6537 0.2776 0.7762
  8 -35.4407 6.6989 55.7824 -0.3583 0.7420 0.5667 0.2402 0.7743
charger_material_0.bmp
  8 -31.9683 7.5231 56.5019 -0.1969 0.7307 0.6537 0.2776 0.7762
  8 -31.9073 8.4482 53.8621 -0.2512 0.9617 0.1096 0.2756 0.8000
  8 -35.4407 6.6989 55.7824 -0.3583 0.7420 0.5667 0.2402 0.7743
charger_material_0.bmp
  8 -35.4407 6.6989 55.7824 -0.3583 0.7420 0.5667 0.2402 0.7743
  8 -31.9073 8.4482 53.8621 -0.2512 0.9617 0.1096 0.2756 0.8000
  8 -35.0525 7.7066 53.4083 -0.2959 0.9481 0.1163 0.2402 0.7980
charger_material_0.bmp
  8 -31.9073 8.4482 53.8621 -0.2512 0.9617 0.1096 0.2756 0.8000
  8 -34.7035 7.4990 50.5422 -0.2940 0.9015 -0.3175 0.2402 0.8257
  8 -35.0525 7.7066 53.4083 -0.2959 0.9481 0.1163 0.2402 0.7980
charger_material_0.bmp
  8 -35.0525 7.7066 53.4083 -0.2959 0.9481 0.1163 0.2402 0.7980
  8 -34.7035 7.4990 50.5422 -0.2940 0.9015 -0.3175 0.2402 0.8257
  8 -38.0372 6.6853 52.7155 -0.3064 0.9514 0.0310 0.2008 0.7960
charger_material_0.bmp
  8 -34.7035 7.4990 50.5422 -0.2940 0.9015 -0.3175 0.2402 0.8257
  8 -37.4168 5.9927 50.2610 -0.1208 0.8810 -0.4574 0.2008 0.8238
  8 -38.0372 6.6853 52.7155 -0.3064 0.9514 0.0310 0.2008 0.7960
charger_material_0.bmp
  8 -38.0372 6.6853 52.7155 -0.3064 0.9514 0.0310 0.2008 0.7960
  8 -37.4168 5.9927 50.2610 -0.1208 0.8810 -0.4574 0.2008 0.8238
  8 -38.5742 6.0885 50.3134 -0.1493 0.9415 -0.3022 0.1909 0.8198
charger_material_0.bmp
  8 -37.4168 5.9927 50.2610 -0.1208 0.8810 -0.4574 0.2008 0.8238
  8 -38.3793 5.2448 48.3047 0.1073 0.7954 -0.5965 0.1850 0.8436
  8 -38.5742 6.0885 50.3134 -0.1493 0.9415 -0.3022 0.1909 0.8198
charger_material_0.bmp
  8 -38.5742 6.0885 50.3134 -0.1493 0.9415 -0.3022 0.1909 0.8198
  8 -38.3793 5.2448 48.3047 0.1073 0.7954 -0.5965 0.1850 0.8436
  8 -39.4235 5.6030 49.6507 -0.1537 0.9649 -0.2130 0.1791 0.8238
charger_material_0.bmp
  8 -38.3793 5.2448 48.3047 0.1073 0.7954 -0.5965 0.1850 0.8436
  8 -41.8692 5.2652 47.9376 -0.1322 0.9030 -0.4087 0.1437 0.8317
  8 -39.4235 5.6030 49.6507 -0.1537 0.9649 -0.2130 0.1791 0.8238
charger_material_0.bmp
  8 -39.4235 5.6030 49.6507 -0.1537 0.9649 -0.2130 0.1791 0.8238
  8 -41.8692 5.2652 47.9376 -0.1322 0.9030 -0.4087 0.1437 0.8317
  8 -42.7294 5.2373 50.3149 -0.4253 0.8769 0.2238 0.1457 0.8000
charger_material_0.bmp
  8 -41.8692 5.2652 47.9376 -0.1322 0.9030 -0.4087 0.1437 0.8317
  8 -43.7378 4.8812 49.4572 -0.6032 0.7909 0.1033 0.1280 0.8040
  8 -42.7294 5.2373 50.3149 -0.4253 0.8769 0.2238 0.1457 0.8000
charger_material_0.bmp
  8 -42.7294 5.2373 50.3149 -0.4253 0.8769 0.2238 0.1457 0.8000
  8 -43.7378 4.8812 49.4572 -0.6032 0.7909 0.1033 0.1280 0.8040
  8 -44.0352 3.4105 50.6356 -0.7617 0.3800 0.5248 0.1260 0.7802
charger_material_0.bmp
  8 -43.7378 4.8812 49.4572 -0.6032 0.7909 0.1033 0.1280 0.8040
  8 -45.0353 3.0595 49.3422 -0.8256 0.3989 0.3990 0.1043 0.7861
  8 -44.0352 3.4105 50.6356 -0.7617 0.3800 0.5248 0.1260 0.7802
charger_material_0.bmp
  8 -44.0352 3.4105 50.6356 -0.7617 0.3800 0.5248 0.1260 0.7802
  8 -45.0353 3.0595 49.3422 -0.8256 0.3989 0.3990 0.1043 0.7861
  8 -44.3000 1.6268 50.7473 -0.7673 0.2203 0.6022 0.1181 0.7584
charger_material_0.bmp
  8 -45.0353 3.0595 49.3422 -0.8256 0.3989 0.3990 0.1043 0.7861
  8 -45.4698 1.7110 49.1699 -0.9144 0.3514 0.2011 0.0925 0.7683
  8 -44.3000 1.6268 50.7473 -0.7673 0.2203 0.6022 0.1181 0.7584
charger_material_0.bmp
  8 -44.3000 1.6268 50.7473 -0.7673 0.2203 0.6022 0.1181 0.7584
  8 -45.4698 1.7110 49.1699 -0.9144 0.3514 0.2011 0.0925 0.7683
  8 -46.3496 0.4543 49.2582 -0.8256 0.3989 0.3990 0.0846 0.7485
charger_material_0.bmp
  8 -45.4698 1.7110 49.1699 -0.9144 0.3514 0.2011 0.0925 0.7683
  8 -45.4797 1.4188 48.1373 -0.5735 0.8179 -0.0466 0.0768 0.7743
  8 -46.3496 0.4543 49.2582 -0.8256 0.3989 0.3990 0.0846 0.7485
charger_material_0.bmp
  8 -46.3496 0.4543 49.2582 -0.8256 0.3989 0.3990 0.0846 0.7485
  8 -45.4797 1.4188 48.1373 -0.5735 0.8179 -0.0466 0.0768 0.7743
  8 -46.6555 0.3798 48.5391 -0.8256 0.3989 0.3990 0.0748 0.7485
charger_material_0.bmp
  8 -45.4797 1.4188 48.1373 -0.5735 0.8179 -0.0466 0.0768 0.7743
  8 -46.5828 1.3386 47.2860 -0.3992 0.8984 0.1831 0.0630 0.7624
  8 -46.6555 0.3798 48.5391 -0.8256 0.3989 0.3990 0.0748 0.7485
charger_material_0.bmp
  8 -46.6555 0.3798 48.5391 -0.8256 0.3989 0.3990 0.0748 0.7485
  8 -46.5828 1.3386 47.2860 -0.3992 0.8984 0.1831 0.0630 0.7624
  8 -47.3267 0.3987 47.5458 -0.8262 0.3161 0.4664 0.0610 0.7485
charger_material_0.bmp
  8 -46.5828 1.3386 47.2860 -0.3992 0.8984 0.1831 0.0630 0.7624
  8 -46.8313 1.2265 46.4737 -0.4283 0.8982 0.0984 0.0531 0.7624
  8 -47.3267 0.3987 47.5458 -0.8262 0.3161 0.4664 0.0610 0.7485
charger_material_0.bmp
  8 -47.3267 0.3987 47.5458 -0.8262 0.3161 0.4664 0.0610 0.7485
  8 -46.8313 1.2265 46.4737 -0.4283 0.8982 0.0984 0.0531 0.7624
  8 -47.7567 0.4199 46.7074 -0.9219 0.2930 0.2536 0.0512 0.7505
charger_material_0.bmp
  8 -46.8313 1.2265 46.4737 -0.4283 0.8982 0.0984 0.0531 0.7624
  8 -47.7103 0.4674 45.8536 -0.9352 0.3365 -0.1102 0.0433 0.7525
  8 -47.7567 0.4199 46.7074 -0.9219 0.2930 0.2536 0.0512 0.7505
charger_material_0.bmp
  8 -47.7567 0.4199 46.7074 -0.9219 0.2930 0.2536 0.0512 0.7505
  8 -47.7103 0.4674 45.8536 -0.9352 0.3365 -0.1102 0.0433 0.7525
  8 -47.7126 -0.4920 46.5701 -0.8499 -0.5269 0.0085 0.0472 0.7426
charger_material_0.bmp
  8 -47.7103 0.4674 45.8536 -0.9352 0.3365 -0.1102 0.0433 0.7525
  8 -47.5808 -0.3843 45.7445 -0.8985 -0.4061 -0.1665 0.0394 0.7446
  8 -47.7126 -0.4920 46.5701 -0.8499 -0.5269 0.0085 0.0472 0.7426
charger_material_0.bmp
  8 -47.7126 -0.4920 46.5701 -0.8499 -0.5269 0.0085 0.0472 0.7426
  8 -47.5808 -0.3843 45.7445 -0.8985 -0.4061 -0.1665 0.0394 0.7446
  8 -47.0884 -0.8161 45.7507 -0.5229 -0.8512 -0.0445 0.0374 0.7366
charger_material_0.bmp
  8 -47.5808 -0.3843 45.7445 -0.8985 -0.4061 -0.1665 0.0394 0.7446
  8 -47.0936 -0.8309 44.8034 -0.4189 -0.8625 -0.2840 0.0295 0.7426
  8 -47.0884 -0.8161 45.7507 -0.5229 -0.8512 -0.0445 0.0374 0.7366
charger_material_0.bmp
  8 -47.0884 -0.8161 45.7507 -0.5229 -0.8512 -0.0445 0.0374 0.7366
  8 -47.0936 -0.8309 44.8034 -0.4189 -0.8625 -0.2840 0.0295 0.7426
  8 -46.5672 -1.0448 45.5277 -0.7871 -0.5782 -0.2150 0.0315 0.7307
charger_material_0.bmp
  8 -47.0936 -0.8309 44.8034 -0.4189 -0.8625 -0.2840 0.0295 0.7426
  8 -46.4380 -0.8041 44.6673 -0.0456 -0.9236 -0.3807 0.0217 0.7386
  8 -46.5672 -1.0448 45.5277 -0.7871 -0.5782 -0.2150 0.0315 0.7307
charger_material_0.bmp
  8 -46.5672 -1.0448 45.5277 -0.7871 -0.5782 -0.2150 0.0315 0.7307
  8 -46.4380 -0.8041 44.6673 -0.0456 -0.9236 -0.3807 0.0217 0.7386
  8 -45.9151 -0.9768 45.2506 0.0107 -0.9671 -0.2544 0.0236 0.7267
charger_material_0.bmp
  4 -1.6400 -6.2193 63.5009 -0.3562 -0.1388 -0.9241 0.8602 0.5802
  4 -1.6200 -6.3054 63.4766 -0.4168 0.1790 -0.8912 0.8602 0.5802
  4 -1.7900 -6.2412 63.5458 -0.2518 -0.1221 -0.9600 0.8583 0.5822
charger_material_0.bmp
  4 -1.7900 -6.2412 63.5458 -0.2518 -0.1221 -0.9600 0.8583 0.5822
  4 -1.6200 -6.3054 63.4766 -0.4168 0.1790 -0.8912 0.8602 0.5802
  4 -1.8200 -6.3296 63.5627 -0.3190 0.0181 -0.9476 0.8583 0.5822
charger_material_0.bmp
  4 -1.6200 -6.3054 63.4766 -0.4168 0.1790 -0.8912 0.8602 0.5802
  4 -1.8300 -6.4648 63.5478 -0.4746 0.1365 -0.8695 0.8583 0.5842
  4 -1.8200 -6.3296 63.5627 -0.3190 0.0181 -0.9476 0.8583 0.5822
charger_material_0.bmp
  4 -1.8200 -6.3296 63.5627 -0.3190 0.0181 -0.9476 0.8583 0.5822
  4 -1.8300 -6.4648 63.5478 -0.4746 0.1365 -0.8695 0.8583 0.5842
  4 -2.1100 -6.3184 63.6216 -0.2035 -0.0773 -0.9760 0.8543 0.5842
charger_material_0.bmp
  4 -1.8300 -6.4648 63.5478 -0.4746 0.1365 -0.8695 0.8583 0.5842
  4 -1.8400 -6.6379 63.6013 -0.5436 -0.5649 -0.6208 0.8602 0.5861
  4 -2.1100 -6.3184 63.6216 -0.2035 -0.0773 -0.9760 0.8543 0.5842
charger_material_0.bmp
  4 -2.1100 -6.3184 63.6216 -0.2035 -0.0773 -0.9760 0.8543 0.5842
  4 -1.8400 -6.6379 63.6013 -0.5436 -0.5649 -0.6208 0.8602 0.5861
  4 -2.2100 -6.4175 63.7424 -0.5360 -0.7043 -0.4655 0.8543 0.5861
charger_material_0.bmp
  4 -1.8400 -6.6379 63.6013 -0.5436 -0.5649 -0.6208 0.8602 0.5861
  4 -1.8100 -6.7182 63.8202 -0.4699 -0.8641 -0.1803 0.8602 0.5881
  4 -2.2100 -6.4175 63.7424 -0.5360 -0.7043 -0.4655 0.8543 0.5861
charger_material_0.bmp
  4 -2.2100 -6.4175 63.7424 -0.5360 -0.7043 -0.4655 0.8543 0.5861
  4 -1.8100 -6.7182 63.8202 -0.4699 -0.8641 -0.1803 0.8602 0.5881
  4 -2.2700 -6.4645 63.9754 -0.6067 -0.7911 -0.0775 0.8524 0.5901
charger_material_0.bmp
  4 -1.8100 -6.7182 63.8202 -0.4699 -0.8641 -0.1803 0.8602 0.5881
  4 -1.8700 -6.7020 64.2244 -0.4834 -0.8737 -0.0537 0.8583 0.5941
  4 -2.2700 -6.4645 63.9754 -0.6067 -0.7911 -0.0775 0.8524 0.5901
charger_material_0.bmp
  4 -2.2700 -6.4645 63.9754 -0.6067 -0.7911 -0.0775 0.8524 0.5901
  4 -1.8700 -6.7020 64.2244 -0.4834 -0.8737 -0.0537 0.8583 0.5941
  4 -2.3000 -6.4214 64.2013 -0.6391 -0.7688 -0.0223 0.8524 0.5921
charger_material_0.bmp
  4 -1.8700 -6.7020 64.2244 -0.4834 -0.8737 -0.0537 0.8583 0.5941
  4 -2.0800 -6.6292 64.6584 -0.5779 -0.8124 -0.0779 0.8563 0.5980
  4 -2.3000 -6.4214 64.2013 -0.6391 -0.7688 -0.0223 0.8524 0.5921
charger_material_0.bmp
  4 -2.3000 -6.4214 64.2013 -0.6391 -0.7688 -0.0223 0.8524 0.5921
  4 -2.0800 -6.6292 64.6584 -0.5779 -0.8124 -0.0779 0.8563 0.5980
  4 -2.3800 -6.3707 64.4665 -0.6932 -0.7201 -0.0308 0.8504 0.5960
charger_material_0.bmp
  4 -2.0800 -6.6292 64.6584 -0.5779 -0.8124 -0.0779 0.8563 0.5980
  4 -2.4700 -6.2703 64.8851 -0.7619 -0.6400 0.0994 0.8504 0.6000
  4 -2.3800 -6.3707 64.4665 -0.6932 -0.7201 -0.0308 0.8504 0.5960
charger_material_0.bmp
  4 -2.3800 -6.3707 64.4665 -0.6932 -0.7201 -0.0308 0.8504 0.5960
  4 -2.4700 -6.2703 64.8851 -0.7619 -0.6400 0.0994 0.8504 0.6000
  4 -2.7000 -5.9841 64.6777 -0.8088 -0.5818 0.0863 0.8445 0.5980
charger_material_0.bmp
  4 -2.4700 -6.2703 64.8851 -0.7619 -0.6400 0.0994 0.8504 0.6000
  4 -2.4700 -6.0305 65.2872 -0.7608 -0.4337 0.4828 0.8484 0.6059
  4 -2.7000 -5.9841 64.6777 -0.8088 -0.5818 0.0863 0.8445 0.5980
charger_material_0.bmp
  4 -2.7000 -5.9841 64.6777 -0.8088 -0.5818 0.0863 0.8445 0.5980
  4 -2.4700 -6.0305 65.2872 -0.7608 -0.4337 0.4828 0.8484 0.6059
  4 -2.8800 -5.5517 65.0226 -0.8231 -0.3724 0.4287 0.8406 0.6020
charger_material_0.bmp
  4 -2.4700 -6.0305 65.2872 -0.7608 -0.4337 0.4828 0.8484 0.6059
  4 -2.5400 -5.0900 65.6266 -0.6797 -0.1777 0.7117 0.8386 0.6119
  4 -2.8800 -5.5517 65.0226 -0.8231 -0.3724 0.4287 0.8406 0.6020
charger_material_0.bmp
  4 -2.8800 -5.5517 65.0226 -0.8231 -0.3724 0.4287 0.8406 0.6020
  4 -2.5400 -5.0900 65.6266 -0.6797 -0.1777 0.7117 0.8386 0.6119
  4 -2.9300 -4.5504 65.3606 -0.7864 -0.1473 0.6000 0.8287 0.6099
charger_material_0.bmp
  4 -2.5400 -5.0900 65.6266 -0.6797 -0.1777 0.7117 0.8386 0.6119
  4 -2.5700 -4.1067 65.7645 -0.6403 -0.0994 0.7616 0.8268 0.6178
  4 -2.9300 -4.5504 65.3606 -0.7864 -0.1473 0.6000 0.8287 0.6099
charger_material_0.bmp
  4 -2.9300 -4.5504 65.3606 -0.7864 -0.1473 0.6000 0.8287 0.6099
  4 -2.5700 -4.1067 65.7645 -0.6403 -0.0994 0.7616 0.8268 0.6178
  4 -3.0500 -4.0181 65.2690 -0.8005 -0.0735 0.5948 0.8228 0.6099
charger_material_0.bmp
  4 -2.5700 -4.1067 65.7645 -0.6403 -0.0994 0.7616 0.8268 0.6178
  4 -3.0300 -3.4165 65.3271 -0.7784 -0.0808 0.6225 0.8150 0.6139
  4 -3.0500 -4.0181 65.2690 -0.8005 -0.0735 0.5948 0.8228 0.6099
charger_material_0.bmp
  4 -3.0500 -4.0181 65.2690 -0.8005 -0.0735 0.5948 0.8228 0.6099
  4 -3.0300 -3.4165 65.3271 -0.7784 -0.0808 0.6225 0.8150 0.6139
  4 -3.5400 -3.7983 64.5550 -0.9137 -0.1028 0.3931 0.8150 0.5980
charger_material_0.bmp
  4 -3.0300 -3.4165 65.3271 -0.7784 -0.0808 0.6225 0.8150 0.6139
  4 -3.5400 -3.2462 64.6735 -0.8826 -0.0570 0.4666 0.8091 0.6020
  4 -3.5400 -3.7983 64.5550 -0.9137 -0.1028 0.3931 0.8150 0.5980
charger_material_0.bmp
  4 -3.5400 -3.7983 64.5550 -0.9137 -0.1028 0.3931 0.8150 0.5980
  4 -3.5400 -3.2462 64.6735 -0.8826 -0.0570 0.4666 0.8091 0.6020
  4 -3.7000 -3.0996 64.2687 -0.9965 0.0724 0.0429 0.8051 0.5980
charger_material_0.bmp
  4 -3.5400 -3.2462 64.6735 -0.8826 -0.0570 0.4666 0.8091 0.6020
  4 -3.5800 -2.3744 64.5475 -0.9597 0.2141 0.1820 0.7972 0.6059
  4 -3.7000 -3.0996 64.2687 -0.9965 0.0724 0.0429 0.8051 0.5980
charger_material_0.bmp
  4 -3.7000 -3.0996 64.2687 -0.9965 0.0724 0.0429 0.8051 0.5980
  4 -3.5800 -2.3744 64.5475 -0.9597 0.2141 0.1820 0.7972 0.6059
  4 -3.5000 -2.2455 64.1564 -0.9482 0.2940 -0.1205 0.7933 0.6020
charger_material_0.bmp
  4 -3.5800 -2.3744 64.5475 -0.9597 0.2141 0.1820 0.7972 0.6059
  4 -3.2800 -1.6755 64.4750 -0.8769 0.4805 0.0127 0.7874 0.6099
  4 -3.5000 -2.2455 64.1564 -0.9482 0.2940 -0.1205 0.7933 0.6020
charger_material_0.bmp
  4 -3.5000 -2.2455 64.1564 -0.9482 0.2940 -0.1205 0.7933 0.6020
  4 -3.2800 -1.6755 64.4750 -0.8769 0.4805 0.0127 0.7874 0.6099
  4 -3.1900 -1.5411 64.1133 -0.8485 0.5199 -0.0991 0.7815 0.6059
charger_material_0.bmp
  4 -3.2800 -1.6755 64.4750 -0.8769 0.4805 0.0127 0.7874 0.6099
  4 -2.8600 -1.0898 64.5565 -0.7834 0.6195 0.0495 0.7795 0.6198
  4 -3.1900 -1.5411 64.1133 -0.8485 0.5199 -0.0991 0.7815 0.6059
charger_material_0.bmp
  4 -3.1900 -1.5411 64.1133 -0.8485 0.5199 -0.0991 0.7815 0.6059
  4 -2.8600 -1.0898 64.5565 -0.7834 0.6195 0.0495 0.7795 0.6198
  4 -2.7800 -0.9707 64.3810 -0.7544 0.6565 0.0048 0.7756 0.6178
charger_material_0.bmp
  4 -2.8600 -1.0898 64.5565 -0.7834 0.6195 0.0495 0.7795 0.6198
  4 -2.4600 -0.7312 65.0479 -0.6617 0.7417 0.1092 0.7776 0.6317
  4 -2.7800 -0.9707 64.3810 -0.7544 0.6565 0.0048 0.7756 0.6178
charger_material_0.bmp
  4 -2.7800 -0.9707 64.3810 -0.7544 0.6565 0.0048 0.7756 0.6178
  4 -2.4600 -0.7312 65.0479 -0.6617 0.7417 0.1092 0.7776 0.6317
  4 -2.3100 -0.5802 64.8256 -0.5474 0.8290 0.1142 0.7736 0.6317
charger_material_0.bmp
  4 -2.4600 -0.7312 65.0479 -0.6617 0.7417 0.1092 0.7776 0.6317
  4 -1.9600 -0.4694 65.4051 -0.4092 0.9037 0.1261 0.7795 0.6416
  4 -2.3100 -0.5802 64.8256 -0.5474 0.8290 0.1142 0.7736 0.6317
charger_material_0.bmp
  4 -2.3100 -0.5802 64.8256 -0.5474 0.8290 0.1142 0.7736 0.6317
  4 -1.9600 -0.4694 65.4051 -0.4092 0.9037 0.1261 0.7795 0.6416
  4 -1.8200 -0.3943 65.1056 -0.2992 0.9479 0.1092 0.7736 0.6416
charger_material_0.bmp
  4 -1.9600 -0.4694 65.4051 -0.4092 0.9037 0.1261 0.7795 0.6416
  4 -1.4300 -0.3348 65.2572 -0.2395 0.9675 0.0806 0.7736 0.6495
  4 -1.8200 -0.3943 65.1056 -0.2992 0.9479 0.1092 0.7736 0.6416
charger_material_0.bmp
  4 -2.7300 -3.5149 60.9782 -0.9474 -0.2325 -0.2199 0.6634 0.6535
  4 -2.5500 -3.5404 60.5249 -0.8830 -0.4270 -0.1947 0.6614 0.6475
  4 -2.5500 -3.8496 60.6655 -0.9076 -0.1801 -0.3791 0.6654 0.6475
charger_material_0.bmp
  4 -2.5500 -3.8496 60.6655 -0.9076 -0.1801 -0.3791 0.6654 0.6475
  4 -2.5500 -3.5404 60.5249 -0.8830 -0.4270 -0.1947 0.6614 0.6475
  4 -2.3300 -3.8055 60.0971 -0.7801 -0.5801 -0.2346 0.6614 0.6396
charger_material_0.bmp
  4 -2.5500 -3.5404 60.5249 -0.8830 -0.4270 -0.1947 0.6614 0.6475
  4 -2.7500 -3.3805 60.4027 -0.6291 -0.7683 0.1176 0.6575 0.6475
  4 -2.3300 -3.8055 60.0971 -0.7801 -0.5801 -0.2346 0.6614 0.6396
charger_material_0.bmp
  4 -2.3300 -3.8055 60.0971 -0.7801 -0.5801 -0.2346 0.6614 0.6396
  4 -2.7500 -3.3805 60.4027 -0.6291 -0.7683 0.1176 0.6575 0.6475
  4 -2.6500 -3.5521 59.8247 -0.3811 -0.8797 0.2846 0.6555 0.6376
charger_material_0.bmp
  4 -2.7500 -3.3805 60.4027 -0.6291 -0.7683 0.1176 0.6575 0.6475
  4 -3.2100 -3.1103 60.2187 -0.6345 -0.6978 0.3324 0.6516 0.6495
  4 -2.6500 -3.5521 59.8247 -0.3811 -0.8797 0.2846 0.6555 0.6376
charger_material_0.bmp
  4 -2.6500 -3.5521 59.8247 -0.3811 -0.8797 0.2846 0.6555 0.6376
  4 -3.2100 -3.1103 60.2187 -0.6345 -0.6978 0.3324 0.6516 0.6495
  4 -3.2200 -3.4522 59.6019 -0.4852 -0.7341 0.4751 0.6476 0.6396
charger_material_0.bmp
  4 -3.2100 -3.1103 60.2187 -0.6345 -0.6978 0.3324 0.6516 0.6495
  4 -3.6400 -2.9816 59.6138 -0.4528 -0.6522 0.6080 0.6417 0.6455
  4 -3.2200 -3.4522 59.6019 -0.4852 -0.7341 0.4751 0.6476 0.6396
charger_material_0.bmp
  4 -3.2200 -3.4522 59.6019 -0.4852 -0.7341 0.4751 0.6476 0.6396
  4 -3.6400 -2.9816 59.6138 -0.4528 -0.6522 0.6080 0.6417 0.6455
  4 -3.3100 -3.7603 59.1620 -0.2125 -0.7640 0.6092 0.6437 0.6317
charger_material_0.bmp
  4 -3.6400 -2.9816 59.6138 -0.4528 -0.6522 0.6080 0.6417 0.6455
  4 -3.9900 -3.5016 59.1838 -0.1301 -0.6247 0.7700 0.6339 0.6376
  4 -3.3100 -3.7603 59.1620 -0.2125 -0.7640 0.6092 0.6437 0.6317
charger_material_0.bmp
  4 -3.3100 -3.7603 59.1620 -0.2125 -0.7640 0.6092 0.6437 0.6317
  4 -3.9900 -3.5016 59.1838 -0.1301 -0.6247 0.7700 0.6339 0.6376
  4 -3.8900 -4.0272 58.7243 -0.1270 -0.8112 0.5709 0.6339 0.6277
charger_material_0.bmp
  4 -3.9900 -3.5016 59.1838 -0.1301 -0.6247 0.7700 0.6339 0.6376
  4 -5.6900 -3.3651 59.0457 -0.2020 -0.7339 0.6485 0.6161 0.6416
  4 -3.8900 -4.0272 58.7243 -0.1270 -0.8112 0.5709 0.6339 0.6277
charger_material_0.bmp
  4 -3.8900 -4.0272 58.7243 -0.1270 -0.8112 0.5709 0.6339 0.6277
  4 -5.6900 -3.3651 59.0457 -0.2020 -0.7339 0.6485 0.6161 0.6416
  4 -4.0800 -4.2765 58.0593 -0.2308 -0.8831 0.4085 0.6280 0.6178
charger_material_0.bmp
  4 -5.6900 -3.3651 59.0457 -0.2020 -0.7339 0.6485 0.6161 0.6416
  4 -6.0100 -3.4452 58.7861 -0.1912 -0.8397 0.5083 0.6102 0.6396
  4 -4.0800 -4.2765 58.0593 -0.2308 -0.8831 0.4085 0.6280 0.6178
charger_material_0.bmp
  4 -4.0800 -4.2765 58.0593 -0.2308 -0.8831 0.4085 0.6280 0.6178
  4 -6.0100 -3.4452 58.7861 -0.1912 -0.8397 0.5083 0.6102 0.6396
  4 -5.4400 -4.2497 56.9750 -0.2308 -0.8831 0.4085 0.6083 0.6119
charger_material_0.bmp
  4 -6.0100 -3.4452 58.7861 -0.1912 -0.8397 0.5083 0.6102 0.6396
  4 -6.6200 -3.8413 57.6197 -0.0526 -0.9277 0.3696 0.5984 0.6277
  4 -5.4400 -4.2497 56.9750 -0.2308 -0.8831 0.4085 0.6083 0.6119
charger_material_0.bmp
  4 -5.4400 -4.2497 56.9750 -0.2308 -0.8831 0.4085 0.6083 0.6119
  4 -6.6200 -3.8413 57.6197 -0.0526 -0.9277 0.3696 0.5984 0.6277
  4 -6.8300 -4.4412 55.9731 -0.1501 -0.9225 0.3555 0.5886 0.6059
charger_material_0.bmp
  4 -6.6200 -3.8413 57.6197 -0.0526 -0.9277 0.3696 0.5984 0.6277
  4 -7.7600 -4.3730 56.4895 -0.0484 -0.9614 0.2707 0.5807 0.6139
  4 -6.8300 -4.4412 55.9731 -0.1501 -0.9225 0.3555 0.5886 0.6059
charger_material_0.bmp
  4 -6.8300 -4.4412 55.9731 -0.1501 -0.9225 0.3555 0.5886 0.6059
  4 -7.7600 -4.3730 56.4895 -0.0484 -0.9614 0.2707 0.5807 0.6139
  3 -8.7200 -4.4332 54.1684 -0.2869 -0.9558 0.0645 0.5591 0.5881
charger_material_0.bmp
  4 -7.7600 -4.3730 56.4895 -0.0484 -0.9614 0.2707 0.5807 0.6139
  6 -9.4511 -4.2744 54.9601 -0.1458 -0.9893 -0.0094 0.5551 0.6020
  3 -8.7200 -4.4332 54.1684 -0.2869 -0.9558 0.0645 0.5591 0.5881
charger_material_0.bmp
  3 -8.7200 -4.4332 54.1684 -0.2869 -0.9558 0.0645 0.5591 0.5881
  6 -9.4511 -4.2744 54.9601 -0.1458 -0.9893 -0.0094 0.5551 0.6020
  3 -10.0400 -3.8587 52.5452 -0.2337 -0.9370 -0.2598 0.5315 0.5782
charger_material_0.bmp
  6 -9.4511 -4.2744 54.9601 -0.1458 -0.9893 -0.0094 0.5551 0.6020
  6 -11.3791 -3.7390 53.7402 -0.3370 -0.9400 -0.0530 0.5276 0.5941
  3 -10.0400 -3.8587 52.5452 -0.2337 -0.9370 -0.2598 0.5315 0.5782
charger_material_0.bmp
  3 -10.0400 -3.8587 52.5452 -0.2337 -0.9370 -0.2598 0.5315 0.5782
  6 -11.3791 -3.7390 53.7402 -0.3370 -0.9400 -0.0530 0.5276 0.5941
  7 -13.1977 -3.1325 53.1372 -0.3186 -0.9072 -0.2747 0.4961 0.5703
charger_material_0.bmp
  6 -11.3791 -3.7390 53.7402 -0.3370 -0.9400 -0.0530 0.5276 0.5941
  7 -13.0961 -3.0602 54.1655 -0.2905 -0.9552 -0.0574 0.4980 0.5881
  7 -13.1977 -3.1325 53.1372 -0.3186 -0.9072 -0.2747 0.4961 0.5703
charger_material_0.bmp
  7 -13.1977 -3.1325 53.1372 -0.3186 -0.9072 -0.2747 0.4961 0.5703
  7 -13.0961 -3.0602 54.1655 -0.2905 -0.9552 -0.0574 0.4980 0.5881
  7 -15.6846 -2.0761 52.5815 -0.1324 -0.8462 -0.5162 0.4567 0.5723
charger_material_0.bmp
  7 -13.0961 -3.0602 54.1655 -0.2905 -0.9552 -0.0574 0.4980 0.5881
  7 -15.4464 -2.5961 54.0839 -0.1166 -0.9799 -0.1620 0.4626 0.5960
  7 -15.6846 -2.0761 52.5815 -0.1324 -0.8462 -0.5162 0.4567 0.5723
charger_material_0.bmp
  7 -15.6846 -2.0761 52.5815 -0.1324 -0.8462 -0.5162 0.4567 0.5723
  7 -15.4464 -2.5961 54.0839 -0.1166 -0.9799 -0.1620 0.4626 0.5960
  7 -16.8693 -1.9595 52.3352 0.1085 -0.8279 -0.5503 0.4370 0.5782
charger_material_0.bmp
  7 -15.4464 -2.5961 54.0839 -0.1166 -0.9799 -0.1620 0.4626 0.5960
  7 -16.8888 -2.6417 53.8550 0.0299 -0.9983 -0.0494 0.4429 0.6000
  7 -16.8693 -1.9595 52.3352 0.1085 -0.8279 -0.5503 0.4370 0.5782
charger_material_0.bmp
  7 -16.8693 -1.9595 52.3352 0.1085 -0.8279 -0.5503 0.4370 0.5782
  7 -16.8888 -2.6417 53.8550 0.0299 -0.9983 -0.0494 0.4429 0.6000
  7 -18.4783 -2.7418 53.7092 0.0433 -0.9906 -0.1296 0.4193 0.6059
charger_material_0.bmp
  7 -16.8888 -2.6417 53.8550 0.0299 -0.9983 -0.0494 0.4429 0.6000
  7 -18.6756 -2.2094 55.5705 -0.0736 -0.9358 0.3447 0.4232 0.6297
  7 -18.4783 -2.7418 53.7092 0.0433 -0.9906 -0.1296 0.4193 0.6059
charger_material_0.bmp
  7 -18.4783 -2.7418 53.7092 0.0433 -0.9906 -0.1296 0.4193 0.6059
  7 -18.6756 -2.2094 55.5705 -0.0736 -0.9358 0.3447 0.4232 0.6297
  7 -20.9814 -2.6305 53.4512 -0.0955 -0.9930 -0.0696 0.3858 0.6119
charger_material_0.bmp
  7 -18.6756 -2.2094 55.5705 -0.0736 -0.9358 0.3447 0.4232 0.6297
  7 -21.4071 -2.1423 55.1680 -0.2220 -0.9161 0.3338 0.3858 0.6337
  7 -20.9814 -2.6305 53.4512 -0.0955 -0.9930 -0.0696 0.3858 0.6119
charger_material_0.bmp
  7 -20.9814 -2.6305 53.4512 -0.0955 -0.9930 -0.0696 0.3858 0.6119
  7 -21.4071 -2.1423 55.1680 -0.2220 -0.9161 0.3338 0.3858 0.6337
  8 -23.5341 -2.0219 53.0048 -0.0951 -0.9920 -0.0835 0.3524 0.6139
charger_material_0.bmp
  7 -21.4071 -2.1423 55.1680 -0.2220 -0.9161 0.3338 0.3858 0.6337
  8 -23.7750 -1.2638 55.4691 -0.0537 -0.8655 0.4980 0.3543 0.6475
  8 -23.5341 -2.0219 53.0048 -0.0951 -0.9920 -0.0835 0.3524 0.6139
charger_material_0.bmp
  8 -23.5341 -2.0219 53.0048 -0.0951 -0.9920 -0.0835 0.3524 0.6139
  8 -23.7750 -1.2638 55.4691 -0.0537 -0.8655 0.4980 0.3543 0.6475
  8 -24.9040 -1.7544 55.2443 0.2755 -0.8829 0.3803 0.3366 0.6475
charger_material_0.bmp
  4 -2.2800 -4.1184 60.2180 -0.7826 -0.1932 -0.5918 0.8406 0.5168
  4 -2.6100 -4.0792 60.6890 -0.8536 -0.0285 -0.5201 0.8346 0.5267
  4 -2.5500 -3.8496 60.6655 -0.8837 0.0300 -0.4672 0.8327 0.5248
charger_material_0.bmp
  4 -2.5500 -3.8496 60.6655 -0.8837 0.0300 -0.4672 0.8327 0.5248
  4 -2.6100 -4.0792 60.6890 -0.8536 -0.0285 -0.5201 0.8346 0.5267
  4 -2.7300 -3.7216 61.0686 -0.9366 0.1077 -0.3333 0.8268 0.5307
charger_material_0.bmp
  4 -2.6100 -4.0792 60.6890 -0.8536 -0.0285 -0.5201 0.8346 0.5267
  4 -2.8200 -3.9905 61.0997 -0.9471 -0.0256 -0.3199 0.8307 0.5347
  4 -2.7300 -3.7216 61.0686 -0.9366 0.1077 -0.3333 0.8268 0.5307
charger_material_0.bmp
  4 -2.7300 -3.7216 61.0686 -0.9366 0.1077 -0.3333 0.8268 0.5307
  4 -2.8200 -3.9905 61.0997 -0.9471 -0.0256 -0.3199 0.8307 0.5347
  4 -2.9300 -3.8185 61.6267 -0.9902 0.1042 -0.0930 0.8228 0.5426
charger_material_0.bmp
  4 -2.8200 -3.9905 61.0997 -0.9471 -0.0256 -0.3199 0.8307 0.5347
  4 -2.7800 -4.2566 61.2523 -0.9364 -0.2784 -0.2137 0.8327 0.5366
  4 -2.9300 -3.8185 61.6267 -0.9902 0.1042 -0.0930 0.8228 0.5426
charger_material_0.bmp
  4 -2.9300 -3.8185 61.6267 -0.9902 0.1042 -0.0930 0.8228 0.5426
  4 -2.7800 -4.2566 61.2523 -0.9364 -0.2784 -0.2137 0.8327 0.5366
  4 -2.9200 -4.1445 61.6789 -0.9799 -0.1746 -0.0960 0.8268 0.5446
charger_material_0.bmp
  4 -2.7800 -4.2566 61.2523 -0.9364 -0.2784 -0.2137 0.8327 0.5366
  4 -2.7700 -4.4799 61.6819 -0.8694 -0.4644 -0.1685 0.8327 0.5446
  4 -2.9200 -4.1445 61.6789 -0.9799 -0.1746 -0.0960 0.8268 0.5446
charger_material_0.bmp
  4 -2.9200 -4.1445 61.6789 -0.9799 -0.1746 -0.0960 0.8268 0.5446
  4 -2.7700 -4.4799 61.6819 -0.8694 -0.4644 -0.1685 0.8327 0.5446
  4 -2.9200 -4.2326 62.1233 -0.9860 -0.1643 -0.0296 0.8248 0.5525
charger_material_0.bmp
  4 -2.7700 -4.4799 61.6819 -0.8694 -0.4644 -0.1685 0.8327 0.5446
  4 -2.7800 -4.5713 62.0557 -0.8990 -0.3888 -0.2015 0.8307 0.5525
  4 -2.9200 -4.2326 62.1233 -0.9860 -0.1643 -0.0296 0.8248 0.5525
charger_material_0.bmp
  4 -2.9200 -4.2326 62.1233 -0.9860 -0.1643 -0.0296 0.8248 0.5525
  4 -2.7800 -4.5713 62.0557 -0.8990 -0.3888 -0.2015 0.8307 0.5525
  4 -2.9000 -4.4087 62.5337 -0.9759 -0.1167 -0.1843 0.8248 0.5604
charger_material_0.bmp
  4 -2.7800 -4.5713 62.0557 -0.8990 -0.3888 -0.2015 0.8307 0.5525
  4 -2.8300 -4.8227 62.5517 -0.8952 -0.2566 -0.3643 0.8327 0.5624
  4 -2.9000 -4.4087 62.5337 -0.9759 -0.1167 -0.1843 0.8248 0.5604
charger_material_0.bmp
  4 -2.9000 -4.4087 62.5337 -0.9759 -0.1167 -0.1843 0.8248 0.5604
  4 -2.8300 -4.8227 62.5517 -0.8952 -0.2566 -0.3643 0.8327 0.5624
  4 -3.0800 -4.4416 62.9472 -0.9154 0.0228 -0.4019 0.8228 0.5683
charger_material_0.bmp
  4 -2.8300 -4.8227 62.5517 -0.8952 -0.2566 -0.3643 0.8327 0.5624
  4 -3.0000 -5.1091 63.0239 -0.8538 -0.1536 -0.4973 0.8327 0.5723
  4 -3.0800 -4.4416 62.9472 -0.9154 0.0228 -0.4019 0.8228 0.5683
charger_material_0.bmp
  4 -3.0800 -4.4416 62.9472 -0.9154 0.0228 -0.4019 0.8228 0.5683
  4 -3.0000 -5.1091 63.0239 -0.8538 -0.1536 -0.4973 0.8327 0.5723
  4 -3.2300 -4.6267 63.2575 -0.8803 -0.0430 -0.4726 0.8248 0.5762
charger_material_0.bmp
  4 -3.0000 -5.1091 63.0239 -0.8538 -0.1536 -0.4973 0.8327 0.5723
  4 -3.1000 -5.2521 63.2345 -0.8637 -0.2515 -0.4367 0.8346 0.5762
  4 -3.2300 -4.6267 63.2575 -0.8803 -0.0430 -0.4726 0.8248 0.5762
charger_material_0.bmp
  4 -3.2300 -4.6267 63.2575 -0.8803 -0.0430 -0.4726 0.8248 0.5762
  4 -3.1000 -5.2521 63.2345 -0.8637 -0.2515 -0.4367 0.8346 0.5762
  4 -3.3500 -4.7762 63.5406 -0.9190 -0.2439 -0.3098 0.8268 0.5802
charger_material_0.bmp
  4 -3.1000 -5.2521 63.2345 -0.8637 -0.2515 -0.4367 0.8346 0.5762
  4 -3.1400 -5.3100 63.3576 -0.8848 -0.4583 -0.0844 0.8346 0.5782
  4 -3.3500 -4.7762 63.5406 -0.9190 -0.2439 -0.3098 0.8268 0.5802
charger_material_0.bmp
  4 -3.3500 -4.7762 63.5406 -0.9190 -0.2439 -0.3098 0.8268 0.5802
  4 -3.1400 -5.3100 63.3576 -0.8848 -0.4583 -0.0844 0.8346 0.5782
  4 -3.3100 -5.0094 63.7583 -0.8457 -0.5168 -0.1333 0.8307 0.5842
charger_material_0.bmp
  4 -3.1400 -5.3100 63.3576 -0.8848 -0.4583 -0.0844 0.8346 0.5782
  4 -2.9000 -5.4075 63.7529 -0.7874 -0.6154 -0.0370 0.8366 0.5842
  4 -3.3100 -5.0094 63.7583 -0.8457 -0.5168 -0.1333 0.8307 0.5842
charger_material_0.bmp
  4 -3.3100 -5.0094 63.7583 -0.8457 -0.5168 -0.1333 0.8307 0.5842
  4 -2.9000 -5.4075 63.7529 -0.7874 -0.6154 -0.0370 0.8366 0.5842
  4 -3.1400 -5.3100 64.0499 -0.7464 -0.6142 -0.2562 0.8346 0.5881
charger_material_0.bmp
  4 -2.9000 -5.4075 63.7529 -0.7874 -0.6154 -0.0370 0.8366 0.5842
  4 -2.9600 -5.6844 64.4880 -0.8111 -0.5839 -0.0340 0.8406 0.5941
  4 -3.1400 -5.3100 64.0499 -0.7464 -0.6142 -0.2562 0.8346 0.5881
charger_material_0.bmp
  4 -3.1400 -5.3100 64.0499 -0.7464 -0.6142 -0.2562 0.8346 0.5881
  4 -2.9600 -5.6844 64.4880 -0.8111 -0.5839 -0.0340 0.8406 0.5941
  4 -3.2300 -5.3000 64.2618 -0.8669 -0.4984 0.0088 0.8346 0.5921
charger_material_0.bmp
  4 -2.9600 -5.6844 64.4880 -0.8111 -0.5839 -0.0340 0.8406 0.5941
  4 -3.2900 -4.9092 64.6554 -0.8852 -0.3144 0.3427 0.8307 0.5980
  4 -3.2300 -5.3000 64.2618 -0.8669 -0.4984 0.0088 0.8346 0.5921
charger_material_0.bmp
  4 -3.2300 -5.3000 64.2618 -0.8669 -0.4984 0.0088 0.8346 0.5921
  4 -3.2900 -4.9092 64.6554 -0.8852 -0.3144 0.3427 0.8307 0.5980
  4 -3.4500 -4.8750 64.0889 -0.9225 -0.3854 -0.0213 0.8287 0.5901
charger_material_0.bmp
  4 -3.2900 -4.9092 64.6554 -0.8852 -0.3144 0.3427 0.8307 0.5980
  4 -3.4900 -4.3297 64.5446 -0.9198 -0.1711 0.3532 0.8228 0.5960
  4 -3.4500 -4.8750 64.0889 -0.9225 -0.3854 -0.0213 0.8287 0.5901
charger_material_0.bmp
  4 -3.4500 -4.8750 64.0889 -0.9225 -0.3854 -0.0213 0.8287 0.5901
  4 -3.4900 -4.3297 64.5446 -0.9198 -0.1711 0.3532 0.8228 0.5960
  4 -3.5300 -4.5882 64.0443 -0.9697 -0.2429 -0.0241 0.8248 0.5881
charger_material_0.bmp
  4 -3.4900 -4.3297 64.5446 -0.9198 -0.1711 0.3532 0.8228 0.5960
  4 -3.6100 -4.1761 64.0164 -0.9759 -0.1167 -0.1843 0.8189 0.5881
  4 -3.5300 -4.5882 64.0443 -0.9697 -0.2429 -0.0241 0.8248 0.5881
charger_material_0.bmp
  4 -3.5300 -4.5882 64.0443 -0.9697 -0.2429 -0.0241 0.8248 0.5881
  4 -3.6100 -4.1761 64.0164 -0.9759 -0.1167 -0.1843 0.8189 0.5881
  4 -3.3500 -4.7762 63.5406 -0.9190 -0.2439 -0.3098 0.8268 0.5802
charger_material_0.bmp
  4 -3.6100 -4.1761 64.0164 -0.9759 -0.1167 -0.1843 0.8189 0.5881
  4 -3.2300 -4.6267 63.2575 -0.8803 -0.0430 -0.4726 0.8248 0.5762
  4 -3.3500 -4.7762 63.5406 -0.9190 -0.2439 -0.3098 0.8268 0.5802
charger_material_0.bmp
  8 -35.4201 -5.5849 51.9763 0.0635 -0.9405 0.3339 0.2008 0.6495
  8 -32.2514 -5.2521 50.1472 0.2640 -0.9237 -0.2777 0.2343 0.6218
  8 -32.5798 -4.9653 52.6446 0.1210 -0.9245 0.3615 0.2362 0.6455
charger_material_0.bmp
  8 -32.5798 -4.9653 52.6446 0.1210 -0.9245 0.3615 0.2362 0.6455
  8 -32.2514 -5.2521 50.1472 0.2640 -0.9237 -0.2777 0.2343 0.6218
  8 -29.4449 -4.4988 51.1107 0.3838 -0.8982 -0.2144 0.2657 0.6198
charger_material_0.bmp
  8 -32.2514 -5.2521 50.1472 0.2640 -0.9237 -0.2777 0.2343 0.6218
  8 -29.4381 -2.6748 48.6770 0.4078 -0.5459 -0.7319 0.2677 0.5901
  8 -29.4449 -4.4988 51.1107 0.3838 -0.8982 -0.2144 0.2657 0.6198
charger_material_0.bmp
  8 -29.4449 -4.4988 51.1107 0.3838 -0.8982 -0.2144 0.2657 0.6198
  8 -29.4381 -2.6748 48.6770 0.4078 -0.5459 -0.7319 0.2677 0.5901
  8 -26.9001 -1.7486 49.9161 0.5086 -0.6280 -0.5890 0.3012 0.5901
charger_material_0.bmp
  8 -29.4381 -2.6748 48.6770 0.4078 -0.5459 -0.7319 0.2677 0.5901
  8 -26.9819 0.3953 48.6717 0.3858 -0.3115 -0.8684 0.3051 0.5624
  8 -26.9001 -1.7486 49.9161 0.5086 -0.6280 -0.5890 0.3012 0.5901
charger_material_0.bmp
  8 -26.9001 -1.7486 49.9161 0.5086 -0.6280 -0.5890 0.3012 0.5901
  8 -26.9819 0.3953 48.6717 0.3858 -0.3115 -0.8684 0.3051 0.5624
  8 -24.6776 -0.9420 50.7068 0.3111 -0.6588 -0.6850 0.3327 0.5861
charger_material_0.bmp
  8 -26.9819 0.3953 48.6717 0.3858 -0.3115 -0.8684 0.3051 0.5624
  8 -24.6136 0.7523 49.5584 0.3294 -0.3365 -0.8822 0.3346 0.5604
  8 -24.6776 -0.9420 50.7068 0.3111 -0.6588 -0.6850 0.3327 0.5861
charger_material_0.bmp
  8 -24.6776 -0.9420 50.7068 0.3111 -0.6588 -0.6850 0.3327 0.5861
  8 -24.6136 0.7523 49.5584 0.3294 -0.3365 -0.8822 0.3346 0.5604
  8 -23.3433 0.6999 49.9045 0.1738 -0.3784 -0.9092 0.3504 0.5624
charger_material_0.bmp
  8 -24.6136 0.7523 49.5584 0.3294 -0.3365 -0.8822 0.3346 0.5604
  8 -23.0126 3.7718 49.5609 0.2981 -0.1040 -0.9488 0.3563 0.5248
  8 -23.3433 0.6999 49.9045 0.1738 -0.3784 -0.9092 0.3504 0.5624
charger_material_0.bmp
  8 -23.3433 0.6999 49.9045 0.1738 -0.3784 -0.9092 0.3504 0.5624
  8 -23.0126 3.7718 49.5609 0.2981 -0.1040 -0.9488 0.3563 0.5248
  7 -20.4560 0.9684 50.4117 0.2301 -0.0861 -0.9693 0.3839 0.5564
charger_material_0.bmp
  8 -23.0126 3.7718 49.5609 0.2981 -0.1040 -0.9488 0.3563 0.5248
  7 -20.5137 3.8111 50.6287 0.2913 0.0859 -0.9528 0.3819 0.5248
  7 -20.4560 0.9684 50.4117 0.2301 -0.0861 -0.9693 0.3839 0.5564
charger_material_0.bmp
  7 -20.4560 0.9684 50.4117 0.2301 -0.0861 -0.9693 0.3839 0.5564
  7 -20.5137 3.8111 50.6287 0.2913 0.0859 -0.9528 0.3819 0.5248
  7 -17.9395 1.7592 51.0711 0.2568 0.0280 -0.9661 0.4114 0.5406
charger_material_0.bmp
  7 -20.5137 3.8111 50.6287 0.2913 0.0859 -0.9528 0.3819 0.5248
  7 -18.2805 4.1037 51.2137 0.1632 0.0397 -0.9858 0.4075 0.5248
  7 -17.9395 1.7592 51.0711 0.2568 0.0280 -0.9661 0.4114 0.5406
charger_material_0.bmp
  7 -17.9395 1.7592 51.0711 0.2568 0.0280 -0.9661 0.4114 0.5406
  7 -18.2805 4.1037 51.2137 0.1632 0.0397 -0.9858 0.4075 0.5248
  7 -17.0244 1.5601 51.3468 -0.0600 -0.0734 -0.9955 0.4213 0.5327
charger_material_0.bmp
  7 -18.2805 4.1037 51.2137 0.1632 0.0397 -0.9858 0.4075 0.5248
  7 -17.4667 4.2802 51.1537 -0.3577 -0.1260 -0.9253 0.4114 0.5188
  7 -17.0244 1.5601 51.3468 -0.0600 -0.0734 -0.9955 0.4213 0.5327
charger_material_0.bmp
  7 -17.0244 1.5601 51.3468 -0.0600 -0.0734 -0.9955 0.4213 0.5327
  7 -17.4667 4.2802 51.1537 -0.3577 -0.1260 -0.9253 0.4114 0.5188
  7 -16.4141 1.4763 51.0550 -0.6247 -0.2574 -0.7372 0.4272 0.5248
charger_material_0.bmp
  7 -17.4667 4.2802 51.1537 -0.3577 -0.1260 -0.9253 0.4114 0.5188
  7 -16.7580 4.2741 50.7103 -0.6589 -0.1158 -0.7432 0.4134 0.5050
  7 -16.4141 1.4763 51.0550 -0.6247 -0.2574 -0.7372 0.4272 0.5248
charger_material_0.bmp
  7 -16.4141 1.4763 51.0550 -0.6247 -0.2574 -0.7372 0.4272 0.5248
  7 -16.7580 4.2741 50.7103 -0.6589 -0.1158 -0.7432 0.4134 0.5050
  7 -15.9857 1.3134 50.2999 -0.6247 -0.2574 -0.7372 0.4350 0.5109
charger_material_0.bmp
  7 -16.7580 4.2741 50.7103 -0.6589 -0.1158 -0.7432 0.4134 0.5050
  2 -10.8098 5.1166 47.1491 -0.5007 0.0040 -0.8656 0.4154 0.4931
  7 -15.9857 1.3134 50.2999 -0.6247 -0.2574 -0.7372 0.4350 0.5109
charger_material_0.bmp
  7 -15.9857 1.3134 50.2999 -0.6247 -0.2574 -0.7372 0.4350 0.5109
  2 -10.8098 5.1166 47.1491 -0.5007 0.0040 -0.8656 0.4154 0.4931
  2 -10.5198 2.2568 46.9268 -0.5895 -0.1443 -0.7948 0.4390 0.5010
charger_material_0.bmp
  2 -10.8098 5.1166 47.1491 -0.5007 0.0040 -0.8656 0.4154 0.4931
  2 -10.2098 4.9969 46.8190 -0.6914 0.0237 -0.7221 0.4173 0.4832
  2 -10.5198 2.2568 46.9268 -0.5895 -0.1443 -0.7948 0.4390 0.5010
charger_material_0.bmp
  2 -10.5198 2.2568 46.9268 -0.5895 -0.1443 -0.7948 0.4390 0.5010
  2 -10.2098 4.9969 46.8190 -0.6914 0.0237 -0.7221 0.4173 0.4832
  2 -10.0198 2.1872 46.4267 -0.8741 -0.0946 -0.4764 0.4429 0.4931
charger_material_0.bmp
  2 -10.2098 4.9969 46.8190 -0.6914 0.0237 -0.7221 0.4173 0.4832
  2 -9.6798 5.2576 45.9092 -0.9161 0.0458 -0.3983 0.4193 0.4713
  2 -10.0198 2.1872 46.4267 -0.8741 -0.0946 -0.4764 0.4429 0.4931
charger_material_0.bmp
  2 -10.0198 2.1872 46.4267 -0.8741 -0.0946 -0.4764 0.4429 0.4931
  2 -9.6798 5.2576 45.9092 -0.9161 0.0458 -0.3983 0.4193 0.4713
  2 -9.5099 2.2085 44.8067 -0.9644 -0.0454 -0.2607 0.4469 0.4673
charger_material_0.bmp
  2 -9.6798 5.2576 45.9092 -0.9161 0.0458 -0.3983 0.4193 0.4713
  1 -9.1000 5.0662 44.4313 -0.9456 0.1149 -0.3043 0.4193 0.4475
  2 -9.5099 2.2085 44.8067 -0.9644 -0.0454 -0.2607 0.4469 0.4673
charger_material_0.bmp
  2 -9.5099 2.2085 44.8067 -0.9644 -0.0454 -0.2607 0.4469 0.4673
  1 -9.1000 5.0662 44.4313 -0.9456 0.1149 -0.3043 0.4193 0.4475
  1 -9.1400 2.0762 43.1013 -0.9693 0.0231 -0.2446 0.4488 0.4396
charger_material_0.bmp
  1 -9.1000 5.0662 44.4313 -0.9456 0.1149 -0.3043 0.4193 0.4475
  1 -8.5900 4.9062 42.9313 -0.9328 0.1984 -0.3008 0.4213 0.4218
  1 -9.1400 2.0762 43.1013 -0.9693 0.0231 -0.2446 0.4488 0.4396
charger_material_0.bmp
  1 -9.1400 2.0762 43.1013 -0.9693 0.0231 -0.2446 0.4488 0.4396
  1 -8.5900 4.9062 42.9313 -0.9328 0.1984 -0.3008 0.4213 0.4218
  1 -8.6800 2.2462 41.2413 -0.9693 0.0231 -0.2446 0.4449 0.4099
charger_material_0.bmp
  1 -8.5900 4.9062 42.9313 -0.9328 0.1984 -0.3008 0.4213 0.4218
  1 -8.1400 4.7462 41.6413 -0.9069 0.2517 -0.3380 0.4252 0.4040
  1 -8.6800 2.2462 41.2413 -0.9693 0.0231 -0.2446 0.4449 0.4099
charger_material_0.bmp
  4 -3.1000 -2.4500 62.6072 -0.9887 -0.0656 -0.1347 0.6693 0.6792
  4 -3.1600 -1.8987 63.0414 -0.9902 0.1042 -0.0930 0.6673 0.6891
  4 -3.1200 -1.7772 62.1324 -0.9872 -0.0680 0.1441 0.6594 0.6812
charger_material_0.bmp
  4 -3.1200 -1.7772 62.1324 -0.9872 -0.0680 0.1441 0.6594 0.6812
  4 -3.1600 -1.8987 63.0414 -0.9902 0.1042 -0.0930 0.6673 0.6891
  4 -3.0900 -1.2158 62.3000 -0.9301 -0.3213 0.1783 0.6555 0.6891
charger_material_0.bmp
  4 -3.1600 -1.8987 63.0414 -0.9902 0.1042 -0.0930 0.6673 0.6891
  4 -3.0400 -1.3348 63.3816 -0.9965 0.0724 0.0429 0.6654 0.6990
  4 -3.0900 -1.2158 62.3000 -0.9301 -0.3213 0.1783 0.6555 0.6891
charger_material_0.bmp
  4 -3.0900 -1.2158 62.3000 -0.9301 -0.3213 0.1783 0.6555 0.6891
  4 -3.0400 -1.3348 63.3816 -0.9965 0.0724 0.0429 0.6654 0.6990
  4 -3.2700 -0.8791 62.8363 -0.8577 -0.4325 0.2781 0.6555 0.6970
charger_material_0.bmp
  4 -3.0400 -1.3348 63.3816 -0.9965 0.0724 0.0429 0.6654 0.6990
  4 -2.9400 -0.9383 63.8046 -0.9572 0.0608 0.2829 0.6673 0.7069
  4 -3.2700 -0.8791 62.8363 -0.8577 -0.4325 0.2781 0.6555 0.6970
charger_material_0.bmp
  4 -3.2700 -0.8791 62.8363 -0.8577 -0.4325 0.2781 0.6555 0.6970
  4 -2.9400 -0.9383 63.8046 -0.9572 0.0608 0.2829 0.6673 0.7069
  4 -3.2400 -0.5004 63.2730 -0.7407 -0.5451 0.3927 0.6575 0.7069
charger_material_0.bmp
  4 -2.9400 -0.9383 63.8046 -0.9572 0.0608 0.2829 0.6673 0.7069
  4 -2.7400 -0.5077 64.1398 -0.8005 -0.0735 0.5948 0.6673 0.7168
  4 -3.2400 -0.5004 63.2730 -0.7407 -0.5451 0.3927 0.6575 0.7069
charger_material_0.bmp
  4 -3.2400 -0.5004 63.2730 -0.7407 -0.5451 0.3927 0.6575 0.7069
  4 -2.7400 -0.5077 64.1398 -0.8005 -0.0735 0.5948 0.6673 0.7168
  4 -3.1900 -0.0540 64.0632 -0.5319 -0.5951 0.6024 0.6575 0.7188
charger_material_0.bmp
  4 -2.7400 -0.5077 64.1398 -0.8005 -0.0735 0.5948 0.6673 0.7168
  4 -2.5800 0.2448 64.6678 -0.3122 -0.4278 0.8483 0.6654 0.7307
  4 -3.1900 -0.0540 64.0632 -0.5319 -0.5951 0.6024 0.6575 0.7188
charger_material_0.bmp
  4 -3.1900 -0.0540 64.0632 -0.5319 -0.5951 0.6024 0.6575 0.7188
  4 -2.5800 0.2448 64.6678 -0.3122 -0.4278 0.8483 0.6654 0.7307
  4 -3.1600 0.7206 64.7601 -0.3022 -0.6074 0.7347 0.6555 0.7327
charger_material_0.bmp
  4 -2.5800 0.2448 64.6678 -0.3122 -0.4278 0.8483 0.6654 0.7307
  4 -2.5700 1.1681 65.1836 -0.0543 -0.4740 0.8788 0.6594 0.7446
  4 -3.1600 0.7206 64.7601 -0.3022 -0.6074 0.7347 0.6555 0.7327
charger_material_0.bmp
  4 -3.1600 0.7206 64.7601 -0.3022 -0.6074 0.7347 0.6555 0.7327
  4 -2.5700 1.1681 65.1836 -0.0543 -0.4740 0.8788 0.6594 0.7446
  4 -4.3900 1.3420 65.0282 -0.1825 -0.6684 0.7210 0.6378 0.7366
charger_material_0.bmp
  4 -2.5700 1.1681 65.1836 -0.0543 -0.4740 0.8788 0.6594 0.7446
  4 -4.1600 2.1035 65.6564 -0.0684 -0.3337 0.9402 0.6378 0.7485
  4 -4.3900 1.3420 65.0282 -0.1825 -0.6684 0.7210 0.6378 0.7366
charger_material_0.bmp
  4 -4.3900 1.3420 65.0282 -0.1825 -0.6684 0.7210 0.6378 0.7366
  4 -4.1600 2.1035 65.6564 -0.0684 -0.3337 0.9402 0.6378 0.7485
  4 -6.6500 2.6515 65.3277 -0.2837 -0.3070 0.9084 0.6122 0.7446
charger_material_0.bmp
  4 -4.1600 2.1035 65.6564 -0.0684 -0.3337 0.9402 0.6378 0.7485
  4 -5.9200 4.0434 65.6317 -0.1651 0.0753 0.9834 0.6161 0.7584
  4 -6.6500 2.6515 65.3277 -0.2837 -0.3070 0.9084 0.6122 0.7446
charger_material_0.bmp
  4 -6.6500 2.6515 65.3277 -0.2837 -0.3070 0.9084 0.6122 0.7446
  4 -5.9200 4.0434 65.6317 -0.1651 0.0753 0.9834 0.6161 0.7584
  4 -8.8800 4.7178 64.7392 -0.4794 0.1217 0.8691 0.5866 0.7545
charger_material_0.bmp
  4 -5.9200 4.0434 65.6317 -0.1651 0.0753 0.9834 0.6161 0.7584
  4 -7.9800 6.1112 64.6255 -0.3214 0.3732 0.8703 0.5886 0.7683
  4 -8.8800 4.7178 64.7392 -0.4794 0.1217 0.8691 0.5866 0.7545
charger_material_0.bmp
  4 -8.8800 4.7178 64.7392 -0.4794 0.1217 0.8691 0.5866 0.7545
  4 -7.9800 6.1112 64.6255 -0.3214 0.3732 0.8703 0.5886 0.7683
  6 -10.1144 6.6306 62.7904 -0.8256 0.2313 0.5147 0.5630 0.7663
charger_material_0.bmp
  4 -7.9800 6.1112 64.6255 -0.3214 0.3732 0.8703 0.5886 0.7683
  6 -8.9964 8.6956 62.7337 -0.3973 0.5691 0.7199 0.5689 0.7921
  6 -10.1144 6.6306 62.7904 -0.8256 0.2313 0.5147 0.5630 0.7663
charger_material_0.bmp
  6 -10.1144 6.6306 62.7904 -0.8256 0.2313 0.5147 0.5630 0.7663
  6 -8.9964 8.6956 62.7337 -0.3973 0.5691 0.7199 0.5689 0.7921
  6 -11.7480 7.6169 60.3562 -0.3028 0.1230 0.9451 0.5354 0.7604
charger_material_0.bmp
  6 -8.9964 8.6956 62.7337 -0.3973 0.5691 0.7199 0.5689 0.7921
  6 -10.7872 9.3031 60.6898 -0.3883 0.6153 0.6860 0.5433 0.7881
  6 -11.7480 7.6169 60.3562 -0.3028 0.1230 0.9451 0.5354 0.7604
charger_material_0.bmp
  6 -11.7480 7.6169 60.3562 -0.3028 0.1230 0.9451 0.5354 0.7604
  6 -10.7872 9.3031 60.6898 -0.3883 0.6153 0.6860 0.5433 0.7881
  6 -11.9041 7.7444 60.9430 0.0706 0.4898 0.8690 0.5059 0.7624
charger_material_0.bmp
  6 -10.7872 9.3031 60.6898 -0.3883 0.6153 0.6860 0.5433 0.7881
  6 -11.3097 9.9199 59.2600 -0.2756 0.7753 0.5683 0.5118 0.7861
  6 -11.9041 7.7444 60.9430 0.0706 0.4898 0.8690 0.5059 0.7624
charger_material_0.bmp
  6 -11.9041 7.7444 60.9430 0.0706 0.4898 0.8690 0.5059 0.7624
  6 -11.3097 9.9199 59.2600 -0.2756 0.7753 0.5683 0.5118 0.7861
  7 -13.9361 9.3502 59.2757 -0.2738 0.6709 0.6891 0.4862 0.7842
charger_material_0.bmp
  6 -11.3097 9.9199 59.2600 -0.2756 0.7753 0.5683 0.5118 0.7861
  7 -13.8955 10.6853 57.7094 -0.2441 0.8838 0.3992 0.4862 0.8040
  7 -13.9361 9.3502 59.2757 -0.2738 0.6709 0.6891 0.4862 0.7842
charger_material_0.bmp
  7 -13.9361 9.3502 59.2757 -0.2738 0.6709 0.6891 0.4862 0.7842
  7 -13.8955 10.6853 57.7094 -0.2441 0.8838 0.3992 0.4862 0.8040
  7 -15.9641 9.7533 57.3266 -0.4087 0.8017 0.4362 0.4626 0.7980
charger_material_0.bmp
  7 -13.8955 10.6853 57.7094 -0.2441 0.8838 0.3992 0.4862 0.8040
  7 -15.4281 10.5265 56.0456 -0.4377 0.8893 0.1327 0.4685 0.8139
  7 -15.9641 9.7533 57.3266 -0.4087 0.8017 0.4362 0.4626 0.7980
charger_material_0.bmp
  7 -15.9641 9.7533 57.3266 -0.4087 0.8017 0.4362 0.4626 0.7980
  7 -15.4281 10.5265 56.0456 -0.4377 0.8893 0.1327 0.4685 0.8139
  7 -17.5049 9.4589 55.9904 -0.3271 0.9356 0.1328 0.4409 0.8079
charger_material_0.bmp
  8 -38.5742 6.0885 50.3134 -0.1493 0.9415 -0.3022 0.1909 0.8198
  8 -40.4296 5.7506 51.5427 -0.4283 0.8982 0.0984 0.1752 0.7980
  8 -39.2647 6.4115 52.0361 -0.4205 0.8968 0.1376 0.1890 0.7980
charger_material_0.bmp
  8 -39.2647 6.4115 52.0361 -0.4205 0.8968 0.1376 0.1890 0.7980
  8 -40.4296 5.7506 51.5427 -0.4283 0.8982 0.0984 0.1752 0.7980
  8 -41.0348 4.5759 53.1684 -0.5874 0.5482 0.5953 0.1732 0.7743
charger_material_0.bmp
  8 -40.4296 5.7506 51.5427 -0.4283 0.8982 0.0984 0.1752 0.7980
  8 -42.6923 3.9514 52.0397 -0.6245 0.5008 0.5994 0.1496 0.7762
  8 -41.0348 4.5759 53.1684 -0.5874 0.5482 0.5953 0.1732 0.7743
charger_material_0.bmp
  8 -41.0348 4.5759 53.1684 -0.5874 0.5482 0.5953 0.1732 0.7743
  8 -42.6923 3.9514 52.0397 -0.6245 0.5008 0.5994 0.1496 0.7762
  8 -40.8891 2.3568 54.0546 -0.5742 0.1451 0.8058 0.1713 0.7505
charger_material_0.bmp
  8 -42.6923 3.9514 52.0397 -0.6245 0.5008 0.5994 0.1496 0.7762
  8 -42.8977 1.8386 52.7260 -0.6786 0.1570 0.7176 0.1457 0.7505
  8 -40.8891 2.3568 54.0546 -0.5742 0.1451 0.8058 0.1713 0.7505
charger_material_0.bmp
  8 -40.8891 2.3568 54.0546 -0.5742 0.1451 0.8058 0.1713 0.7505
  8 -42.8977 1.8386 52.7260 -0.6786 0.1570 0.7176 0.1457 0.7505
  8 -40.5036 -0.1725 54.3179 -0.5150 -0.0738 0.8540 0.1713 0.7248
charger_material_0.bmp
  8 -42.8977 1.8386 52.7260 -0.6786 0.1570 0.7176 0.1457 0.7505
  8 -42.7897 -0.6010 53.1373 -0.6375 -0.0399 0.7695 0.1457 0.7248
  8 -40.5036 -0.1725 54.3179 -0.5150 -0.0738 0.8540 0.1713 0.7248
charger_material_0.bmp
  8 -40.5036 -0.1725 54.3179 -0.5150 -0.0738 0.8540 0.1713 0.7248
  8 -42.7897 -0.6010 53.1373 -0.6375 -0.0399 0.7695 0.1457 0.7248
  8 -42.1139 -2.9259 52.6689 -0.5399 -0.3780 0.7521 0.1457 0.6970
charger_material_0.bmp
  8 -42.7897 -0.6010 53.1373 -0.6375 -0.0399 0.7695 0.1457 0.7248
  8 -45.2524 -0.9883 50.6357 -0.7112 -0.0637 0.7001 0.1063 0.7248
  8 -42.1139 -2.9259 52.6689 -0.5399 -0.3780 0.7521 0.1457 0.6970
charger_material_0.bmp
  8 -42.1139 -2.9259 52.6689 -0.5399 -0.3780 0.7521 0.1457 0.6970
  8 -45.2524 -0.9883 50.6357 -0.7112 -0.0637 0.7001 0.1063 0.7248
  8 -44.6367 -3.4310 50.4052 -0.6337 -0.4759 0.6099 0.1083 0.6931
charger_material_0.bmp
  8 -45.2524 -0.9883 50.6357 -0.7112 -0.0637 0.7001 0.1063 0.7248
  8 -46.3656 -2.7161 48.9922 -0.8665 -0.3543 0.3516 0.0807 0.7030
  8 -44.6367 -3.4310 50.4052 -0.6337 -0.4759 0.6099 0.1083 0.6931
charger_material_0.bmp
  8 -44.6367 -3.4310 50.4052 -0.6337 -0.4759 0.6099 0.1083 0.6931
  8 -46.3656 -2.7161 48.9922 -0.8665 -0.3543 0.3516 0.0807 0.7030
  8 -45.6395 -3.7275 48.5649 -0.8164 -0.5499 0.1763 0.0827 0.6832
charger_material_0.bmp
  8 -46.3656 -2.7161 48.9922 -0.8665 -0.3543 0.3516 0.0807 0.7030
  8 -46.4048 -2.6967 47.9082 -0.8058 -0.5170 0.2887 0.0650 0.7010
  8 -45.6395 -3.7275 48.5649 -0.8164 -0.5499 0.1763 0.0827 0.6832
charger_material_0.bmp
  8 -45.6395 -3.7275 48.5649 -0.8164 -0.5499 0.1763 0.0827 0.6832
  8 -46.4048 -2.6967 47.9082 -0.8058 -0.5170 0.2887 0.0650 0.7010
  8 -45.8635 -3.2999 47.6403 -0.5455 -0.8340 -0.0833 0.0650 0.6871
charger_material_0.bmp
  8 -46.4048 -2.6967 47.9082 -0.8058 -0.5170 0.2887 0.0650 0.7010
  8 -46.6736 -3.3205 46.3255 -0.3320 -0.9406 0.0716 0.0433 0.6931
  8 -45.8635 -3.2999 47.6403 -0.5455 -0.8340 -0.0833 0.0650 0.6871
charger_material_0.bmp
  8 -45.8635 -3.2999 47.6403 -0.5455 -0.8340 -0.0833 0.0650 0.6871
  8 -46.6736 -3.3205 46.3255 -0.3320 -0.9406 0.0716 0.0433 0.6931
  8 -45.5439 -3.2172 46.2369 -0.0380 -0.9816 -0.1873 0.0433 0.6792
charger_material_0.bmp
  8 -46.6736 -3.3205 46.3255 -0.3320 -0.9406 0.0716 0.0433 0.6931
  8 -46.0788 -3.2005 45.5729 0.0720 -0.9922 -0.1016 0.0354 0.6851
  8 -45.5439 -3.2172 46.2369 -0.0380 -0.9816 -0.1873 0.0433 0.6792
charger_material_0.bmp
  8 -45.5439 -3.2172 46.2369 -0.0380 -0.9816 -0.1873 0.0433 0.6792
  8 -46.0788 -3.2005 45.5729 0.0720 -0.9922 -0.1016 0.0354 0.6851
  8 -45.0716 -3.0018 45.4671 0.1712 -0.8589 -0.4826 0.0335 0.6733
charger_material_0.bmp
  8 -46.0788 -3.2005 45.5729 0.0720 -0.9922 -0.1016 0.0354 0.6851
  8 -45.5603 -2.9951 44.7905 0.4683 -0.8197 -0.3298 0.0276 0.6812
  8 -45.0716 -3.0018 45.4671 0.1712 -0.8589 -0.4826 0.0335 0.6733
charger_material_0.bmp
  8 -45.0716 -3.0018 45.4671 0.1712 -0.8589 -0.4826 0.0335 0.6733
  8 -45.5603 -2.9951 44.7905 0.4683 -0.8197 -0.3298 0.0276 0.6812
  8 -44.8575 -2.4378 45.0949 0.7119 -0.2157 -0.6683 0.0256 0.6713
charger_material_0.bmp
  8 -45.5603 -2.9951 44.7905 0.4683 -0.8197 -0.3298 0.0276 0.6812
  8 -45.1856 -2.4570 44.5372 0.8025 -0.1932 -0.5645 0.0217 0.6772
  8 -44.8575 -2.4378 45.0949 0.7119 -0.2157 -0.6683 0.0256 0.6713
charger_material_0.bmp
  8 -44.8575 -2.4378 45.0949 0.7119 -0.2157 -0.6683 0.0256 0.6713
  8 -45.1856 -2.4570 44.5372 0.8025 -0.1932 -0.5645 0.0217 0.6772
  8 -45.2896 -1.5070 44.6148 0.6777 0.5701 -0.4644 0.0157 0.6733
charger_material_0.bmp
  8 -45.1856 -2.4570 44.5372 0.8025 -0.1932 -0.5645 0.0217 0.6772
  8 -45.7465 -1.6166 44.0197 0.4994 0.4910 -0.7139 0.0138 0.6772
  8 -45.2896 -1.5070 44.6148 0.6777 0.5701 -0.4644 0.0157 0.6733
charger_material_0.bmp
  8 -45.2896 -1.5070 44.6148 0.6777 0.5701 -0.4644 0.0157 0.6733
  8 -45.7465 -1.6166 44.0197 0.4994 0.4910 -0.7139 0.0138 0.6772
  8 -46.3295 -1.2187 44.4228 0.1184 0.9329 -0.3400 0.0098 0.6772
charger_material_0.bmp
  8 -45.7465 -1.6166 44.0197 0.4994 0.4910 -0.7139 0.0138 0.6772
  8 -46.6372 -1.3570 43.9546 -0.0683 0.8253 -0.5605 0.0098 0.6812
  8 -46.3295 -1.2187 44.4228 0.1184 0.9329 -0.3400 0.0098 0.6772
charger_material_0.bmp
  8 -46.3295 -1.2187 44.4228 0.1184 0.9329 -0.3400 0.0098 0.6772
  8 -46.6372 -1.3570 43.9546 -0.0683 0.8253 -0.5605 0.0098 0.6812
  8 -46.8867 -1.2455 44.8103 -0.1455 0.9730 -0.1791 0.0098 0.6772
charger_material_0.bmp
  8 -46.6372 -1.3570 43.9546 -0.0683 0.8253 -0.5605 0.0098 0.6812
  8 -47.1903 -1.3711 44.1401 -0.1991 0.8180 -0.5397 0.0098 0.6832
  8 -46.8867 -1.2455 44.8103 -0.1455 0.9730 -0.1791 0.0098 0.6772
charger_material_0.bmp
  8 -32.5798 -4.9653 52.6446 0.1210 -0.9245 0.3615 0.2362 0.6455
  8 -29.4449 -4.4988 51.1107 0.3838 -0.8982 -0.2144 0.2657 0.6198
  8 -29.6960 -4.1544 53.7364 0.1755 -0.9158 0.3613 0.2717 0.6455
charger_material_0.bmp
  8 -29.6960 -4.1544 53.7364 0.1755 -0.9158 0.3613 0.2717 0.6455
  8 -29.4449 -4.4988 51.1107 0.3838 -0.8982 -0.2144 0.2657 0.6198
  8 -27.0682 -3.5246 51.9877 0.4873 -0.8624 -0.1373 0.2972 0.6178
charger_material_0.bmp
  8 -29.4449 -4.4988 51.1107 0.3838 -0.8982 -0.2144 0.2657 0.6198
  8 -26.9001 -1.7486 49.9161 0.5086 -0.6280 -0.5890 0.3012 0.5901
  8 -27.0682 -3.5246 51.9877 0.4873 -0.8624 -0.1373 0.2972 0.6178
charger_material_0.bmp
  8 -27.0682 -3.5246 51.9877 0.4873 -0.8624 -0.1373 0.2972 0.6178
  8 -26.9001 -1.7486 49.9161 0.5086 -0.6280 -0.5890 0.3012 0.5901
  8 -24.8521 -1.9710 52.8027 0.3434 -0.9110 -0.2284 0.3327 0.6158
charger_material_0.bmp
  8 -26.9001 -1.7486 49.9161 0.5086 -0.6280 -0.5890 0.3012 0.5901
  8 -24.6776 -0.9420 50.7068 0.3111 -0.6588 -0.6850 0.3327 0.5861
  8 -24.8521 -1.9710 52.8027 0.3434 -0.9110 -0.2284 0.3327 0.6158
charger_material_0.bmp
  8 -24.8521 -1.9710 52.8027 0.3434 -0.9110 -0.2284 0.3327 0.6158
  8 -24.6776 -0.9420 50.7068 0.3111 -0.6588 -0.6850 0.3327 0.5861
  8 -23.3853 -0.9385 51.0899 0.0216 -0.7597 -0.6499 0.3504 0.5861
charger_material_0.bmp
  8 -24.6776 -0.9420 50.7068 0.3111 -0.6588 -0.6850 0.3327 0.5861
  8 -23.3433 0.6999 49.9045 0.1738 -0.3784 -0.9092 0.3504 0.5624
  8 -23.3853 -0.9385 51.0899 0.0216 -0.7597 -0.6499 0.3504 0.5861
charger_material_0.bmp
  8 -23.3853 -0.9385 51.0899 0.0216 -0.7597 -0.6499 0.3504 0.5861
  8 -23.3433 0.6999 49.9045 0.1738 -0.3784 -0.9092 0.3504 0.5624
  7 -20.5644 -0.8354 50.8656 0.0514 -0.4886 -0.8710 0.3839 0.5762
charger_material_0.bmp
  8 -23.3433 0.6999 49.9045 0.1738 -0.3784 -0.9092 0.3504 0.5624
  7 -20.4560 0.9684 50.4117 0.2301 -0.0861 -0.9693 0.3839 0.5564
  7 -20.5644 -0.8354 50.8656 0.0514 -0.4886 -0.8710 0.3839 0.5762
charger_material_0.bmp
  7 -20.5644 -0.8354 50.8656 0.0514 -0.4886 -0.8710 0.3839 0.5762
  7 -20.4560 0.9684 50.4117 0.2301 -0.0861 -0.9693 0.3839 0.5564
  7 -18.2947 -0.9677 51.1216 0.1590 -0.4459 -0.8809 0.4134 0.5683
charger_material_0.bmp
  7 -20.4560 0.9684 50.4117 0.2301 -0.0861 -0.9693 0.3839 0.5564
  7 -17.9395 1.7592 51.0711 0.2568 0.0280 -0.9661 0.4114 0.5406
  7 -18.2947 -0.9677 51.1216 0.1590 -0.4459 -0.8809 0.4134 0.5683
charger_material_0.bmp
  7 -18.2947 -0.9677 51.1216 0.1590 -0.4459 -0.8809 0.4134 0.5683
  7 -17.9395 1.7592 51.0711 0.2568 0.0280 -0.9661 0.4114 0.5406
  7 -16.9175 -0.8762 51.4326 0.1583 -0.3566 -0.9208 0.4311 0.5584
charger_material_0.bmp
  7 -17.9395 1.7592 51.0711 0.2568 0.0280 -0.9661 0.4114 0.5406
  7 -17.0244 1.5601 51.3468 -0.0600 -0.0734 -0.9955 0.4213 0.5327
  7 -16.9175 -0.8762 51.4326 0.1583 -0.3566 -0.9208 0.4311 0.5584
charger_material_0.bmp
  7 -16.9175 -0.8762 51.4326 0.1583 -0.3566 -0.9208 0.4311 0.5584
  7 -17.0244 1.5601 51.3468 -0.0600 -0.0734 -0.9955 0.4213 0.5327
  7 -15.8593 -0.8538 51.4800 -0.2190 -0.4526 -0.8644 0.4469 0.5505
charger_material_0.bmp
  7 -17.0244 1.5601 51.3468 -0.0600 -0.0734 -0.9955 0.4213 0.5327
  7 -16.4141 1.4763 51.0550 -0.6247 -0.2574 -0.7372 0.4272 0.5248
  7 -15.8593 -0.8538 51.4800 -0.2190 -0.4526 -0.8644 0.4469 0.5505
charger_material_0.bmp
  7 -15.8593 -0.8538 51.4800 -0.2190 -0.4526 -0.8644 0.4469 0.5505
  7 -16.4141 1.4763 51.0550 -0.6247 -0.2574 -0.7372 0.4272 0.5248
  7 -15.1629 -0.5379 50.9989 -0.4670 -0.5552 -0.6882 0.4567 0.5386
charger_material_0.bmp
  7 -16.4141 1.4763 51.0550 -0.6247 -0.2574 -0.7372 0.4272 0.5248
  7 -15.9857 1.3134 50.2999 -0.6247 -0.2574 -0.7372 0.4350 0.5109
  7 -15.1629 -0.5379 50.9989 -0.4670 -0.5552 -0.6882 0.4567 0.5386
charger_material_0.bmp
  7 -15.1629 -0.5379 50.9989 -0.4670 -0.5552 -0.6882 0.4567 0.5386
  7 -15.9857 1.3134 50.2999 -0.6247 -0.2574 -0.7372 0.4350 0.5109
  2 -10.6397 -0.0140 47.9250 -0.5341 -0.4492 -0.7162 0.4626 0.5248
charger_material_0.bmp
  7 -15.9857 1.3134 50.2999 -0.6247 -0.2574 -0.7372 0.4350 0.5109
  2 -10.5198 2.2568 46.9268 -0.5895 -0.1443 -0.7948 0.4390 0.5010
  2 -10.6397 -0.0140 47.9250 -0.5341 -0.4492 -0.7162 0.4626 0.5248
charger_material_0.bmp
  2 -10.6397 -0.0140 47.9250 -0.5341 -0.4492 -0.7162 0.4626 0.5248
  2 -10.5198 2.2568 46.9268 -0.5895 -0.1443 -0.7948 0.4390 0.5010
  2 -9.8898 0.0265 47.2850 -0.7715 -0.3168 -0.5517 0.4685 0.5109
charger_material_0.bmp
  2 -10.5198 2.2568 46.9268 -0.5895 -0.1443 -0.7948 0.4390 0.5010
  2 -10.0198 2.1872 46.4267 -0.8741 -0.0946 -0.4764 0.4429 0.4931
  2 -9.8898 0.0265 47.2850 -0.7715 -0.3168 -0.5517 0.4685 0.5109
charger_material_0.bmp
  2 -9.8898 0.0265 47.2850 -0.7715 -0.3168 -0.5517 0.4685 0.5109
  2 -10.0198 2.1872 46.4267 -0.8741 -0.0946 -0.4764 0.4429 0.4931
  2 -9.2099 -0.1919 45.3548 -0.9250 -0.2813 -0.2554 0.4724 0.4812
charger_material_0.bmp
  2 -10.0198 2.1872 46.4267 -0.8741 -0.0946 -0.4764 0.4429 0.4931
  2 -9.5099 2.2085 44.8067 -0.9644 -0.0454 -0.2607 0.4469 0.4673
  2 -9.2099 -0.1919 45.3548 -0.9250 -0.2813 -0.2554 0.4724 0.4812
charger_material_0.bmp
  2 -9.2099 -0.1919 45.3548 -0.9250 -0.2813 -0.2554 0.4724 0.4812
  2 -9.5099 2.2085 44.8067 -0.9644 -0.0454 -0.2607 0.4469 0.4673
  1 -8.8000 0.0562 43.1513 -0.9492 -0.2420 -0.2010 0.4705 0.4475
charger_material_0.bmp
  2 -9.5099 2.2085 44.8067 -0.9644 -0.0454 -0.2607 0.4469 0.4673
  1 -9.1400 2.0762 43.1013 -0.9693 0.0231 -0.2446 0.4488 0.4396
  1 -8.8000 0.0562 43.1513 -0.9492 -0.2420 -0.2010 0.4705 0.4475
charger_material_0.bmp
  1 -8.8000 0.0562 43.1513 -0.9492 -0.2420 -0.2010 0.4705 0.4475
  1 -9.1400 2.0762 43.1013 -0.9693 0.0231 -0.2446 0.4488 0.4396
  1 -8.6800 2.2462 41.2413 -0.9693 0.0231 -0.2446 0.4449 0.4099
charger_material_0.bmp
  8 -31.3574 8.5830 51.0685 -0.1114 0.9277 -0.3563 0.2776 0.8277
  8 -31.9073 8.4482 53.8621 -0.2512 0.9617 0.1096 0.2756 0.8000
  8 -28.0042 9.0946 51.5789 -0.0195 0.9309 -0.3649 0.3130 0.8277
charger_material_0.bmp
  8 -28.0042 9.0946 51.5789 -0.0195 0.9309 -0.3649 0.3130 0.8277
  8 -31.9073 8.4482 53.8621 -0.2512 0.9617 0.1096 0.2756 0.8000
  8 -28.1467 9.4108 54.4363 -0.1242 0.9567 0.2632 0.3169 0.8020
charger_material_0.bmp
  8 -31.9073 8.4482 53.8621 -0.2512 0.9617 0.1096 0.2756 0.8000
  8 -31.9683 7.5231 56.5019 -0.1969 0.7307 0.6537 0.2776 0.7762
  8 -28.1467 9.4108 54.4363 -0.1242 0.9567 0.2632 0.3169 0.8020
charger_material_0.bmp
  8 -28.1467 9.4108 54.4363 -0.1242 0.9567 0.2632 0.3169 0.8020
  8 -31.9683 7.5231 56.5019 -0.1969 0.7307 0.6537 0.2776 0.7762
  8 -27.8469 7.3584 56.9543 -0.1814 0.7077 0.6829 0.3228 0.7723
charger_material_0.bmp
  8 -31.9683 7.5231 56.5019 -0.1969 0.7307 0.6537 0.2776 0.7762
  8 -28.3533 5.4997 58.4329 -0.1718 0.3659 0.9147 0.3169 0.7485
  8 -27.8469 7.3584 56.9543 -0.1814 0.7077 0.6829 0.3228 0.7723
charger_material_0.bmp
  8 -27.8469 7.3584 56.9543 -0.1814 0.7077 0.6829 0.3228 0.7723
  8 -28.3533 5.4997 58.4329 -0.1718 0.3659 0.9147 0.3169 0.7485
  8 -24.4344 6.1997 59.1447 -0.1874 0.4757 0.8594 0.3622 0.7485
charger_material_0.bmp
  8 -28.3533 5.4997 58.4329 -0.1718 0.3659 0.9147 0.3169 0.7485
  8 -24.0455 3.7119 59.4513 -0.0985 -0.0721 0.9925 0.3642 0.7228
  8 -24.4344 6.1997 59.1447 -0.1874 0.4757 0.8594 0.3622 0.7485
charger_material_0.bmp
  8 -24.4344 6.1997 59.1447 -0.1874 0.4757 0.8594 0.3622 0.7485
  8 -24.0455 3.7119 59.4513 -0.0985 -0.0721 0.9925 0.3642 0.7228
  7 -21.3794 6.6003 59.3731 -0.1272 0.3142 0.9408 0.3976 0.7485
charger_material_0.bmp
  8 -24.0455 3.7119 59.4513 -0.0985 -0.0721 0.9925 0.3642 0.7228
  7 -20.8566 4.3550 59.6947 -0.1338 -0.1177 0.9840 0.4016 0.7248
  7 -21.3794 6.6003 59.3731 -0.1272 0.3142 0.9408 0.3976 0.7485
charger_material_0.bmp
  7 -21.3794 6.6003 59.3731 -0.1272 0.3142 0.9408 0.3976 0.7485
  7 -20.8566 4.3550 59.6947 -0.1338 -0.1177 0.9840 0.4016 0.7248
  7 -18.4786 4.4796 60.0331 -0.2373 0.0663 0.9692 0.4331 0.7287
charger_material_0.bmp
  7 -20.8566 4.3550 59.6947 -0.1338 -0.1177 0.9840 0.4016 0.7248
  7 -18.7997 2.1378 59.5590 -0.3665 -0.3032 0.8796 0.4291 0.7010
  7 -18.4786 4.4796 60.0331 -0.2373 0.0663 0.9692 0.4331 0.7287
charger_material_0.bmp
  7 -18.4786 4.4796 60.0331 -0.2373 0.0663 0.9692 0.4331 0.7287
  7 -18.7997 2.1378 59.5590 -0.3665 -0.3032 0.8796 0.4291 0.7010
  7 -17.2162 3.0936 60.6700 -0.4438 -0.0038 0.8961 0.4508 0.7149
charger_material_0.bmp
  7 -18.7997 2.1378 59.5590 -0.3665 -0.3032 0.8796 0.4291 0.7010
  7 -17.2379 1.8418 60.2505 -0.4933 -0.3095 0.8129 0.4488 0.7010
  7 -17.2162 3.0936 60.6700 -0.4438 -0.0038 0.8961 0.4508 0.7149
charger_material_0.bmp
  7 -17.2162 3.0936 60.6700 -0.4438 -0.0038 0.8961 0.4508 0.7149
  7 -17.2379 1.8418 60.2505 -0.4933 -0.3095 0.8129 0.4488 0.7010
  7 -15.6144 1.5056 61.1646 -0.4342 -0.2811 0.8558 0.4705 0.7010
charger_material_0.bmp
  7 -17.2379 1.8418 60.2505 -0.4933 -0.3095 0.8129 0.4488 0.7010
  7 -15.5553 -0.3953 60.5047 -0.4410 -0.4650 0.7677 0.4724 0.6812
  7 -15.6144 1.5056 61.1646 -0.4342 -0.2811 0.8558 0.4705 0.7010
charger_material_0.bmp
  7 -15.6144 1.5056 61.1646 -0.4342 -0.2811 0.8558 0.4705 0.7010
  7 -15.5553 -0.3953 60.5047 -0.4410 -0.4650 0.7677 0.4724 0.6812
  7 -13.1256 -0.5597 61.4589 -0.2118 -0.4118 0.8863 0.4980 0.6832
charger_material_0.bmp
  7 -15.5553 -0.3953 60.5047 -0.4410 -0.4650 0.7677 0.4724 0.6812
  7 -13.1377 -2.2015 60.1784 -0.2358 -0.7113 0.6621 0.5000 0.6653
  7 -13.1256 -0.5597 61.4589 -0.2118 -0.4118 0.8863 0.4980 0.6832
charger_material_0.bmp
  7 -13.1256 -0.5597 61.4589 -0.2118 -0.4118 0.8863 0.4980 0.6832
  7 -13.1377 -2.2015 60.1784 -0.2358 -0.7113 0.6621 0.5000 0.6653
  6 -10.5658 -0.3999 61.7587 0.9145 -0.4044 0.0132 0.5236 0.6851
charger_material_0.bmp
  7 -13.1377 -2.2015 60.1784 -0.2358 -0.7113 0.6621 0.5000 0.6653
  6 -10.8392 -2.0047 60.6799 0.0532 -0.5585 0.8278 0.5217 0.6653
  6 -10.5658 -0.3999 61.7587 0.9145 -0.4044 0.0132 0.5236 0.6851
charger_material_0.bmp
  6 -10.5658 -0.3999 61.7587 0.9145 -0.4044 0.0132 0.5236 0.6851
  6 -10.8392 -2.0047 60.6799 0.0532 -0.5585 0.8278 0.5217 0.6653
  7 -13.1268 -0.9192 60.3738 -0.1065 -0.3209 0.9411 0.5433 0.6851
charger_material_0.bmp
  6 -10.8392 -2.0047 60.6799 0.0532 -0.5585 0.8278 0.5217 0.6653
  4 -8.7200 -1.9913 60.3204 0.8830 -0.3309 0.3329 0.5433 0.6653
  7 -13.1268 -0.9192 60.3738 -0.1065 -0.3209 0.9411 0.5433 0.6851
charger_material_0.bmp
  7 -13.1268 -0.9192 60.3738 -0.1065 -0.3209 0.9411 0.5433 0.6851
  4 -8.7200 -1.9913 60.3204 0.8830 -0.3309 0.3329 0.5433 0.6653
  6 -11.4976 -1.1378 60.9563 -0.1522 -0.6787 0.7184 0.5591 0.6851
charger_material_0.bmp
  4 -8.7200 -1.9913 60.3204 0.8830 -0.3309 0.3329 0.5433 0.6653
  6 -11.1949 -2.1836 59.7473 -0.2557 -0.7424 0.6193 0.5591 0.6693
  6 -11.4976 -1.1378 60.9563 -0.1522 -0.6787 0.7184 0.5591 0.6851
charger_material_0.bmp
  6 -11.4976 -1.1378 60.9563 -0.1522 -0.6787 0.7184 0.5591 0.6851
  6 -11.1949 -2.1836 59.7473 -0.2557 -0.7424 0.6193 0.5591 0.6693
  6 -9.9432 -1.7096 60.5502 0.0274 -0.6699 0.7419 0.5728 0.6772
charger_material_0.bmp
  6 -11.1949 -2.1836 59.7473 -0.2557 -0.7424 0.6193 0.5591 0.6693
  6 -9.9055 -2.5250 59.7575 -0.0583 -0.7687 0.6370 0.5709 0.6634
  6 -9.9432 -1.7096 60.5502 0.0274 -0.6699 0.7419 0.5728 0.6772
charger_material_0.bmp
  6 -9.9432 -1.7096 60.5502 0.0274 -0.6699 0.7419 0.5728 0.6772
  6 -9.9055 -2.5250 59.7575 -0.0583 -0.7687 0.6370 0.5709 0.6634
  4 -8.0800 -2.2732 59.8042 0.0696 -0.6492 0.7575 0.5925 0.6634
charger_material_0.bmp
  8 -30.2373 3.7791 47.1849 0.1324 0.3182 -0.9387 0.2776 0.8931
  8 -27.6049 6.7844 48.9163 0.2021 0.5594 -0.8039 0.3091 0.8614
  8 -27.3032 3.7924 48.1358 0.2635 0.2667 -0.9271 0.3091 0.8931
charger_material_0.bmp
  8 -27.3032 3.7924 48.1358 0.2635 0.2667 -0.9271 0.3091 0.8931
  8 -27.6049 6.7844 48.9163 0.2021 0.5594 -0.8039 0.3091 0.8614
  8 -24.8093 3.8830 48.6764 0.3242 0.3508 -0.8785 0.3366 0.8931
charger_material_0.bmp
  8 -27.6049 6.7844 48.9163 0.2021 0.5594 -0.8039 0.3091 0.8614
  8 -24.8743 6.6995 49.9584 0.3010 0.5189 -0.8001 0.3406 0.8614
  8 -24.8093 3.8830 48.6764 0.3242 0.3508 -0.8785 0.3366 0.8931
charger_material_0.bmp
  8 -24.8093 3.8830 48.6764 0.3242 0.3508 -0.8785 0.3366 0.8931
  8 -24.8743 6.6995 49.9584 0.3010 0.5189 -0.8001 0.3406 0.8614
  8 -23.0126 3.7718 49.5609 0.3358 0.2880 -0.8968 0.3563 0.8931
charger_material_0.bmp
  8 -24.8743 6.6995 49.9584 0.3010 0.5189 -0.8001 0.3406 0.8614
  8 -22.8931 6.6544 50.3401 0.1117 0.4548 -0.8836 0.3622 0.8614
  8 -23.0126 3.7718 49.5609 0.3358 0.2880 -0.8968 0.3563 0.8931
charger_material_0.bmp
  8 -23.0126 3.7718 49.5609 0.3358 0.2880 -0.8968 0.3563 0.8931
  8 -22.8931 6.6544 50.3401 0.1117 0.4548 -0.8836 0.3622 0.8614
  7 -20.5137 3.8111 50.6287 0.2913 0.0859 -0.9528 0.3819 0.8931
charger_material_0.bmp
  8 -22.8931 6.6544 50.3401 0.1117 0.4548 -0.8836 0.3622 0.8614
  7 -20.3872 6.9904 50.7318 0.2039 0.1665 -0.9647 0.3917 0.8614
  7 -20.5137 3.8111 50.6287 0.2913 0.0859 -0.9528 0.3819 0.8931
charger_material_0.bmp
  7 -20.5137 3.8111 50.6287 0.2913 0.0859 -0.9528 0.3819 0.8931
  7 -20.3872 6.9904 50.7318 0.2039 0.1665 -0.9647 0.3917 0.8614
  7 -18.2805 4.1037 51.2137 0.1632 0.0397 -0.9858 0.4075 0.8931
charger_material_0.bmp
  7 -20.3872 6.9904 50.7318 0.2039 0.1665 -0.9647 0.3917 0.8614
  7 -17.8123 6.9781 51.4445 0.0564 0.2339 -0.9706 0.4193 0.8772
  7 -18.2805 4.1037 51.2137 0.1632 0.0397 -0.9858 0.4075 0.8931
charger_material_0.bmp
  7 -18.2805 4.1037 51.2137 0.1632 0.0397 -0.9858 0.4075 0.8931
  7 -17.8123 6.9781 51.4445 0.0564 0.2339 -0.9706 0.4193 0.8772
  7 -17.4667 4.2802 51.1537 -0.2831 0.0879 -0.9551 0.4134 0.8990
charger_material_0.bmp
  7 -17.8123 6.9781 51.4445 0.0564 0.2339 -0.9706 0.4193 0.8772
  7 -17.0911 6.7692 51.2683 -0.3463 0.2904 -0.8920 0.4272 0.8812
  7 -17.4667 4.2802 51.1537 -0.2831 0.0879 -0.9551 0.4134 0.8990
charger_material_0.bmp
  7 -17.4667 4.2802 51.1537 -0.2831 0.0879 -0.9551 0.4134 0.8990
  7 -17.0911 6.7692 51.2683 -0.3463 0.2904 -0.8920 0.4272 0.8812
  7 -16.7580 4.2741 50.7103 -0.5607 0.0908 -0.8230 0.4173 0.9109
charger_material_0.bmp
  7 -17.0911 6.7692 51.2683 -0.3463 0.2904 -0.8920 0.4272 0.8812
  7 -16.4119 6.6686 50.7033 -0.5126 0.3643 -0.7775 0.4350 0.8931
  7 -16.7580 4.2741 50.7103 -0.5607 0.0908 -0.8230 0.4173 0.9109
charger_material_0.bmp
  7 -16.7580 4.2741 50.7103 -0.5607 0.0908 -0.8230 0.4173 0.9109
  7 -16.4119 6.6686 50.7033 -0.5126 0.3643 -0.7775 0.4350 0.8931
  2 -10.8098 5.1166 47.1491 -0.4816 0.1441 -0.8644 0.4193 0.9228
charger_material_0.bmp
  7 -16.4119 6.6686 50.7033 -0.5126 0.3643 -0.7775 0.4350 0.8931
  2 -10.4298 7.5564 47.4511 -0.5575 0.3396 -0.7576 0.4409 0.9069
  2 -10.8098 5.1166 47.1491 -0.4816 0.1441 -0.8644 0.4193 0.9228
charger_material_0.bmp
  2 -10.8098 5.1166 47.1491 -0.4816 0.1441 -0.8644 0.4193 0.9228
  2 -10.4298 7.5564 47.4511 -0.5575 0.3396 -0.7576 0.4409 0.9069
  2 -10.2098 4.9969 46.8190 -0.6347 0.1869 -0.7498 0.4193 0.9347
charger_material_0.bmp
  2 -10.4298 7.5564 47.4511 -0.5575 0.3396 -0.7576 0.4409 0.9069
  2 -9.6298 7.5468 46.9310 -0.7466 0.2894 -0.5990 0.4429 0.9188
  2 -10.2098 4.9969 46.8190 -0.6347 0.1869 -0.7498 0.4193 0.9347
charger_material_0.bmp
  2 -10.2098 4.9969 46.8190 -0.6347 0.1869 -0.7498 0.4193 0.9347
  2 -9.6298 7.5468 46.9310 -0.7466 0.2894 -0.5990 0.4429 0.9188
  2 -9.6798 5.2576 45.9092 -0.8909 0.1924 -0.4114 0.4193 0.9485
charger_material_0.bmp
  2 -9.6298 7.5468 46.9310 -0.7466 0.2894 -0.5990 0.4429 0.9188
  2 -9.1298 7.6777 45.8611 -0.8151 0.3323 -0.4746 0.4449 0.9386
  2 -9.6798 5.2576 45.9092 -0.8909 0.1924 -0.4114 0.4193 0.9485
charger_material_0.bmp
  2 -9.6798 5.2576 45.9092 -0.8909 0.1924 -0.4114 0.4193 0.9485
  2 -9.1298 7.6777 45.8611 -0.8151 0.3323 -0.4746 0.4449 0.9386
  1 -9.1000 5.0662 44.4313 -0.8443 0.3047 -0.4407 0.4213 0.9723
charger_material_0.bmp
  2 -9.1298 7.6777 45.8611 -0.8151 0.3323 -0.4746 0.4449 0.9386
  1 -8.3000 7.1162 44.3413 -0.7130 0.4355 -0.5495 0.4449 0.9624
  1 -9.1000 5.0662 44.4313 -0.8443 0.3047 -0.4407 0.4213 0.9723
charger_material_0.bmp
  1 -9.1000 5.0662 44.4313 -0.8443 0.3047 -0.4407 0.4213 0.9723
  1 -8.3000 7.1162 44.3413 -0.7130 0.4355 -0.5495 0.4449 0.9624
  1 -7.6100 6.5962 42.9313 -0.7231 0.5340 -0.4381 0.4429 0.9842
charger_material_0.bmp
  1 -8.3000 7.1162 44.3413 -0.7130 0.4355 -0.5495 0.4449 0.9624
  1 -6.6100 7.7562 43.1113 -0.3802 0.7380 -0.5574 0.4646 0.9802
  1 -7.6100 6.5962 42.9313 -0.7231 0.5340 -0.4381 0.4429 0.9842
charger_material_0.bmp
  1 -7.6100 6.5962 42.9313 -0.7231 0.5340 -0.4381 0.4429 0.9842
  1 -6.6100 7.7562 43.1113 -0.3802 0.7380 -0.5574 0.4646 0.9802
  1 -6.1100 7.1262 41.8213 -0.4166 0.7764 -0.4729 0.4606 1.0000
charger_material_0.bmp
  1 -6.6100 7.7562 43.1113 -0.3802 0.7380 -0.5574 0.4646 0.9802
  1 -5.0000 7.4562 42.2513 -0.0389 0.8545 -0.5180 0.4783 0.9960
  1 -6.1100 7.1262 41.8213 -0.4166 0.7764 -0.4729 0.4606 1.0000
charger_material_0.bmp
  1 -2.9900 8.3562 44.2713 0.1579 0.8716 -0.4641 0.5157 0.9822
  2 -4.5099 9.1981 45.3521 0.1316 0.8730 -0.4696 0.5020 0.9584
  2 -2.7798 8.9879 45.6119 0.1708 0.8975 -0.4066 0.5217 0.9644
charger_material_0.bmp
  2 -2.7798 8.9879 45.6119 0.1708 0.8975 -0.4066 0.5217 0.9644
  2 -4.5099 9.1981 45.3521 0.1316 0.8730 -0.4696 0.5020 0.9584
  2 -2.6098 9.6964 47.3924 0.2816 0.8915 -0.3549 0.5295 0.9446
charger_material_0.bmp
  2 -4.5099 9.1981 45.3521 0.1316 0.8730 -0.4696 0.5020 0.9584
  2 -5.2198 10.3666 47.1731 0.1247 0.9006 -0.4163 0.5059 0.9347
  2 -2.6098 9.6964 47.3924 0.2816 0.8915 -0.3549 0.5295 0.9446
charger_material_0.bmp
  2 -2.6098 9.6964 47.3924 0.2816 0.8915 -0.3549 0.5295 0.9446
  2 -5.2198 10.3666 47.1731 0.1247 0.9006 -0.4163 0.5059 0.9347
  2 -3.3897 10.6648 49.4232 0.3009 0.9046 -0.3019 0.5335 0.9228
charger_material_0.bmp
  2 -5.2198 10.3666 47.1731 0.1247 0.9006 -0.4163 0.5059 0.9347
  2 -5.9397 11.2651 49.0338 0.0135 0.9558 -0.2936 0.5098 0.9129
  2 -3.3897 10.6648 49.4232 0.3009 0.9046 -0.3019 0.5335 0.9228
charger_material_0.bmp
  2 -3.3897 10.6648 49.4232 0.3009 0.9046 -0.3019 0.5335 0.9228
  2 -5.9397 11.2651 49.0338 0.0135 0.9558 -0.2936 0.5098 0.9129
  3 -6.1200 11.6109 50.6881 -0.0219 0.9825 -0.1849 0.5157 0.8931
charger_material_0.bmp
  2 -5.9397 11.2651 49.0338 0.0135 0.9558 -0.2936 0.5098 0.9129
  2 -8.6897 10.7151 49.0535 -0.3956 0.8671 -0.3027 0.4843 0.8911
  3 -6.1200 11.6109 50.6881 -0.0219 0.9825 -0.1849 0.5157 0.8931
charger_material_0.bmp
  3 -6.1200 11.6109 50.6881 -0.0219 0.9825 -0.1849 0.5157 0.8931
  2 -8.6897 10.7151 49.0535 -0.3956 0.8671 -0.3027 0.4843 0.8911
  3 -8.4700 11.2296 52.0585 -0.1891 0.9661 -0.1760 0.5039 0.8653
charger_material_0.bmp
  2 -8.6897 10.7151 49.0535 -0.3956 0.8671 -0.3027 0.4843 0.8911
  2 -10.3097 9.6149 49.3127 -0.4808 0.7342 -0.4794 0.4646 0.8772
  3 -8.4700 11.2296 52.0585 -0.1891 0.9661 -0.1760 0.5039 0.8653
charger_material_0.bmp
  3 -8.4700 11.2296 52.0585 -0.1891 0.9661 -0.1760 0.5039 0.8653
  2 -10.3097 9.6149 49.3127 -0.4808 0.7342 -0.4794 0.4646 0.8772
  3 -10.2600 11.0773 51.8641 -0.1993 0.9057 -0.3742 0.4882 0.8574
charger_material_0.bmp
  2 -10.3097 9.6149 49.3127 -0.4808 0.7342 -0.4794 0.4646 0.8772
  7 -15.5341 9.1241 52.2176 -0.2837 0.6409 -0.7132 0.4587 0.8653
  3 -10.2600 11.0773 51.8641 -0.1993 0.9057 -0.3742 0.4882 0.8574
charger_material_0.bmp
  3 -10.2600 11.0773 51.8641 -0.1993 0.9057 -0.3742 0.4882 0.8574
  7 -15.5341 9.1241 52.2176 -0.2837 0.6409 -0.7132 0.4587 0.8653
  7 -15.2682 10.2203 53.2020 -0.2717 0.8448 -0.4610 0.4665 0.8495
charger_material_0.bmp
  7 -15.5341 9.1241 52.2176 -0.2837 0.6409 -0.7132 0.4587 0.8653
  7 -16.4121 9.0791 52.2419 -0.1358 0.6054 -0.7842 0.4469 0.8594
  7 -15.2682 10.2203 53.2020 -0.2717 0.8448 -0.4610 0.4665 0.8495
charger_material_0.bmp
  7 -15.2682 10.2203 53.2020 -0.2717 0.8448 -0.4610 0.4665 0.8495
  7 -16.4121 9.0791 52.2419 -0.1358 0.6054 -0.7842 0.4469 0.8594
  7 -17.5722 9.2653 53.2846 -0.2003 0.9430 -0.2658 0.4350 0.8396
charger_material_0.bmp
  7 -16.4121 9.0791 52.2419 -0.1358 0.6054 -0.7842 0.4469 0.8594
  7 -17.6191 8.5650 51.9920 0.0352 0.6984 -0.7148 0.4291 0.8574
  7 -17.5722 9.2653 53.2846 -0.2003 0.9430 -0.2658 0.4350 0.8396
charger_material_0.bmp
  7 -17.5722 9.2653 53.2846 -0.2003 0.9430 -0.2658 0.4350 0.8396
  7 -17.6191 8.5650 51.9920 0.0352 0.6984 -0.7148 0.4291 0.8574
  7 -20.3362 9.1752 52.6044 -0.0364 0.9557 -0.2920 0.3996 0.8317
charger_material_0.bmp
  7 -17.6191 8.5650 51.9920 0.0352 0.6984 -0.7148 0.4291 0.8574
  7 -20.2289 8.4433 51.3582 0.0710 0.6064 -0.7920 0.3957 0.8475
  7 -20.3362 9.1752 52.6044 -0.0364 0.9557 -0.2920 0.3996 0.8317
charger_material_0.bmp
  7 -20.3362 9.1752 52.6044 -0.0364 0.9557 -0.2920 0.3996 0.8317
  7 -20.2289 8.4433 51.3582 0.0710 0.6064 -0.7920 0.3957 0.8475
  8 -23.0691 8.7845 52.3119 -0.0258 0.9148 -0.4030 0.3681 0.8317
charger_material_0.bmp
  7 -20.2289 8.4433 51.3582 0.0710 0.6064 -0.7920 0.3957 0.8475
  8 -22.8931 6.6544 50.3401 0.1117 0.4548 -0.8836 0.3622 0.8614
  8 -23.0691 8.7845 52.3119 -0.0258 0.9148 -0.4030 0.3681 0.8317
charger_material_0.bmp
  8 -23.0691 8.7845 52.3119 -0.0258 0.9148 -0.4030 0.3681 0.8317
  8 -22.8931 6.6544 50.3401 0.1117 0.4548 -0.8836 0.3622 0.8614
  8 -24.5810 8.7191 52.1714 0.1647 0.8365 -0.5227 0.3504 0.8317
charger_material_0.bmp
  8 -22.8931 6.6544 50.3401 0.1117 0.4548 -0.8836 0.3622 0.8614
  8 -24.8743 6.6995 49.9584 0.3010 0.5189 -0.8001 0.3406 0.8614
  8 -24.5810 8.7191 52.1714 0.1647 0.8365 -0.5227 0.3504 0.8317
charger_material_0.bmp
  8 -24.5810 8.7191 52.1714 0.1647 0.8365 -0.5227 0.3504 0.8317
  8 -24.8743 6.6995 49.9584 0.3010 0.5189 -0.8001 0.3406 0.8614
  8 -26.1370 8.1200 50.6959 0.2248 0.7435 -0.6298 0.3287 0.8436
charger_material_0.bmp
  8 -24.8743 6.6995 49.9584 0.3010 0.5189 -0.8001 0.3406 0.8614
  8 -27.6049 6.7844 48.9163 0.2021 0.5594 -0.8039 0.3091 0.8614
  8 -26.1370 8.1200 50.6959 0.2248 0.7435 -0.6298 0.3287 0.8436
charger_material_0.bmp
  4 -1.4400 -6.1908 63.3834 -0.6893 -0.3160 -0.6520 0.8622 0.5782
  4 -1.3400 -6.1348 63.2506 -0.8457 -0.5168 -0.1333 0.8622 0.5762
  4 -1.2800 -6.3471 63.3115 -0.7353 -0.1483 -0.6613 0.8642 0.5782
charger_material_0.bmp
  4 -1.2800 -6.3471 63.3115 -0.7353 -0.1483 -0.6613 0.8642 0.5782
  4 -1.3400 -6.1348 63.2506 -0.8457 -0.5168 -0.1333 0.8622 0.5762
  4 -1.1900 -6.4104 63.1404 -0.8457 -0.5168 -0.1333 0.8661 0.5762
charger_material_0.bmp
  4 -1.3400 -6.1348 63.2506 -0.8457 -0.5168 -0.1333 0.8622 0.5762
  4 -1.2700 -6.3487 63.0369 -0.6974 -0.6675 0.2609 0.8661 0.5723
  4 -1.1900 -6.4104 63.1404 -0.8457 -0.5168 -0.1333 0.8661 0.5762
charger_material_0.bmp
  4 -1.1900 -6.4104 63.1404 -0.8457 -0.5168 -0.1333 0.8661 0.5762
  4 -1.2700 -6.3487 63.0369 -0.6974 -0.6675 0.2609 0.8661 0.5723
  4 -1.1800 -6.4498 62.9341 -0.6116 -0.7878 0.0729 0.8681 0.5723
charger_material_0.bmp
  4 -1.2700 -6.3487 63.0369 -0.6974 -0.6675 0.2609 0.8661 0.5723
  4 -1.4900 -6.3110 62.7548 -0.4850 -0.8734 0.0436 0.8622 0.5683
  4 -1.1800 -6.4498 62.9341 -0.6116 -0.7878 0.0729 0.8681 0.5723
charger_material_0.bmp
  4 -1.1800 -6.4498 62.9341 -0.6116 -0.7878 0.0729 0.8681 0.5723
  4 -1.4900 -6.3110 62.7548 -0.4850 -0.8734 0.0436 0.8622 0.5683
  4 -1.1300 -6.4813 62.7161 -0.2341 -0.9447 -0.2297 0.8681 0.5703
charger_material_0.bmp
  4 -1.4900 -6.3110 62.7548 -0.4850 -0.8734 0.0436 0.8622 0.5683
  4 -1.4100 -6.2752 62.4629 -0.4210 -0.8845 -0.2011 0.8642 0.5663
  4 -1.1300 -6.4813 62.7161 -0.2341 -0.9447 -0.2297 0.8681 0.5703
charger_material_0.bmp
  4 -1.1300 -6.4813 62.7161 -0.2341 -0.9447 -0.2297 0.8681 0.5703
  4 -1.4100 -6.2752 62.4629 -0.4210 -0.8845 -0.2011 0.8642 0.5663
  4 -1.1900 -6.3711 62.4405 -0.1999 -0.9512 -0.2349 0.8681 0.5663
charger_material_0.bmp
  4 -1.4100 -6.2752 62.4629 -0.4210 -0.8845 -0.2011 0.8642 0.5663
  4 -1.3900 -6.2548 62.1434 -0.2920 -0.9288 -0.2280 0.8642 0.5604
  4 -1.1900 -6.3711 62.4405 -0.1999 -0.9512 -0.2349 0.8681 0.5663
charger_material_0.bmp
  4 -1.1900 -6.3711 62.4405 -0.1999 -0.9512 -0.2349 0.8681 0.5663
  4 -1.3900 -6.2548 62.1434 -0.2920 -0.9288 -0.2280 0.8642 0.5604
  4 -1.1700 -6.3021 62.1626 -0.1708 -0.9698 -0.1741 0.8681 0.5604
charger_material_0.bmp
  4 -1.3900 -6.2548 62.1434 -0.2920 -0.9288 -0.2280 0.8642 0.5604
  4 -1.1500 -6.2583 61.8590 -0.3103 -0.9140 -0.2616 0.8681 0.5564
  4 -1.1700 -6.3021 62.1626 -0.1708 -0.9698 -0.1741 0.8681 0.5604
charger_material_0.bmp
  4 -1.1700 -6.3021 62.1626 -0.1708 -0.9698 -0.1741 0.8681 0.5604
  4 -1.1500 -6.2583 61.8590 -0.3103 -0.9140 -0.2616 0.8681 0.5564
  4 -0.9700 -6.3055 61.8782 0.0982 -0.9901 -0.1004 0.8720 0.5584
charger_material_0.bmp
  4 -1.1500 -6.2583 61.8590 -0.3103 -0.9140 -0.2616 0.8681 0.5564
  4 -0.9800 -6.2346 61.6101 -0.2185 -0.9655 -0.1418 0.8720 0.5545
  4 -0.9700 -6.3055 61.8782 0.0982 -0.9901 -0.1004 0.8720 0.5584
charger_material_0.bmp
  4 -0.9700 -6.3055 61.8782 0.0982 -0.9901 -0.1004 0.8720 0.5584
  4 -0.9800 -6.2346 61.6101 -0.2185 -0.9655 -0.1418 0.8720 0.5545
  4 -0.7300 -6.1892 61.5811 0.1525 -0.9556 0.2520 0.8760 0.5545
charger_material_0.bmp
  4 -0.9800 -6.2346 61.6101 -0.2185 -0.9655 -0.1418 0.8720 0.5545
  4 -0.9800 -6.2492 61.4806 -0.2454 -0.9684 -0.0451 0.8720 0.5525
  4 -0.7300 -6.1892 61.5811 0.1525 -0.9556 0.2520 0.8760 0.5545
charger_material_0.bmp
  4 -0.7300 -6.1892 61.5811 0.1525 -0.9556 0.2520 0.8760 0.5545
  4 -0.9800 -6.2492 61.4806 -0.2454 -0.9684 -0.0451 0.8720 0.5525
  4 -0.7200 -6.2665 61.4431 -0.0654 -0.9891 0.1322 0.8760 0.5505
charger_material_0.bmp
  4 -0.9800 -6.2492 61.4806 -0.2454 -0.9684 -0.0451 0.8720 0.5525
  4 -0.9400 -6.2128 61.3514 -0.2708 -0.7013 -0.6595 0.8720 0.5505
  4 -0.7200 -6.2665 61.4431 -0.0654 -0.9891 0.1322 0.8760 0.5505
charger_material_0.bmp
  4 -0.7200 -6.2665 61.4431 -0.0654 -0.9891 0.1322 0.8760 0.5505
  4 -0.9400 -6.2128 61.3514 -0.2708 -0.7013 -0.6595 0.8720 0.5505
  4 -0.7200 -6.2619 61.3608 0.0619 -0.9022 -0.4268 0.8760 0.5505
charger_material_0.bmp
  4 -0.9400 -6.2128 61.3514 -0.2708 -0.7013 -0.6595 0.8720 0.5505
  4 -0.7100 -6.1908 61.3065 -0.0227 -0.3060 -0.9517 0.8760 0.5485
  4 -0.7200 -6.2619 61.3608 0.0619 -0.9022 -0.4268 0.8760 0.5505
charger_material_0.bmp
  4 -0.7200 -6.2619 61.3608 0.0619 -0.9022 -0.4268 0.8760 0.5505
  4 -0.7100 -6.1908 61.3065 -0.0227 -0.3060 -0.9517 0.8760 0.5485
  4 -0.5100 -6.1988 61.3182 0.1343 -0.6966 -0.7048 0.8799 0.5505
charger_material_0.bmp
  4 -0.7100 -6.1908 61.3065 -0.0227 -0.3060 -0.9517 0.8760 0.5485
  4 -0.5200 -6.1123 61.2915 -0.0443 0.0450 -0.9980 0.8799 0.5485
  4 -0.5100 -6.1988 61.3182 0.1343 -0.6966 -0.7048 0.8799 0.5505
charger_material_0.bmp
  2 -2.3598 -10.8841 48.0158 -0.0073 -0.9997 -0.0234 0.1004 0.3267
  2 -4.0199 -10.8122 45.6660 0.1069 -0.9015 -0.4194 0.0748 0.3228
  2 -1.9998 -10.8537 47.5858 0.4713 -0.7673 -0.4350 0.1043 0.3228
charger_material_0.bmp
  2 -1.9998 -10.8537 47.5858 0.4713 -0.7673 -0.4350 0.1043 0.3228
  2 -4.0199 -10.8122 45.6660 0.1069 -0.9015 -0.4194 0.0748 0.3228
  2 -3.7599 -10.6420 45.4261 0.6117 -0.1720 -0.7722 0.0787 0.3168
charger_material_0.bmp
  2 -4.0199 -10.8122 45.6660 0.1069 -0.9015 -0.4194 0.0748 0.3228
  2 -5.0399 -10.0513 44.6166 0.3761 0.1254 -0.9180 0.0689 0.3069
  2 -3.7599 -10.6420 45.4261 0.6117 -0.1720 -0.7722 0.0787 0.3168
charger_material_0.bmp
  2 -3.7599 -10.6420 45.4261 0.6117 -0.1720 -0.7722 0.0787 0.3168
  2 -5.0399 -10.0513 44.6166 0.3761 0.1254 -0.9180 0.0689 0.3069
  2 -4.3398 -8.5626 46.2378 0.5043 0.1116 -0.8563 0.0906 0.2871
charger_material_0.bmp
  2 -5.0399 -10.0513 44.6166 0.3761 0.1254 -0.9180 0.0689 0.3069
  2 -5.9299 -8.2621 45.6281 0.3297 0.2616 -0.9071 0.0768 0.2792
  2 -4.3398 -8.5626 46.2378 0.5043 0.1116 -0.8563 0.0906 0.2871
charger_material_0.bmp
  2 -4.3398 -8.5626 46.2378 0.5043 0.1116 -0.8563 0.0906 0.2871
  2 -5.9299 -8.2621 45.6281 0.3297 0.2616 -0.9071 0.0768 0.2792
  2 -4.4299 -7.1024 45.9290 0.2107 -0.4920 -0.8447 0.1024 0.2594
charger_material_0.bmp
  2 -5.9299 -8.2621 45.6281 0.3297 0.2616 -0.9071 0.0768 0.2792
  2 -6.2799 -6.6820 45.4494 0.1177 -0.4405 -0.8900 0.0827 0.2554
  2 -4.4299 -7.1024 45.9290 0.2107 -0.4920 -0.8447 0.1024 0.2594
charger_material_0.bmp
  2 -4.4299 -7.1024 45.9290 0.2107 -0.4920 -0.8447 0.1024 0.2594
  2 -6.2799 -6.6820 45.4494 0.1177 -0.4405 -0.8900 0.0827 0.2554
  2 -4.0699 -6.0914 44.6798 -0.0166 -0.9028 -0.4297 0.1102 0.2436
charger_material_0.bmp
  2 -6.2799 -6.6820 45.4494 0.1177 -0.4405 -0.8900 0.0827 0.2554
  1 -6.3400 -5.6538 44.3413 -0.1421 -0.8463 -0.5134 0.0827 0.2396
  2 -4.0699 -6.0914 44.6798 -0.0166 -0.9028 -0.4297 0.1102 0.2436
charger_material_0.bmp
  2 -4.0699 -6.0914 44.6798 -0.0166 -0.9028 -0.4297 0.1102 0.2436
  1 -6.3400 -5.6538 44.3413 -0.1421 -0.8463 -0.5134 0.0827 0.2396
  1 -4.0400 -5.6438 42.7013 -0.1398 -0.9657 -0.2188 0.1083 0.2178
charger_material_0.bmp
  1 -6.3400 -5.6538 44.3413 -0.1421 -0.8463 -0.5134 0.0827 0.2396
  1 -6.1500 -5.0338 42.5213 -0.3026 -0.9111 -0.2798 0.0827 0.2178
  1 -4.0400 -5.6438 42.7013 -0.1398 -0.9657 -0.2188 0.1083 0.2178
charger_material_0.bmp
  1 -4.0400 -5.6438 42.7013 -0.1398 -0.9657 -0.2188 0.1083 0.2178
  1 -6.1500 -5.0338 42.5213 -0.3026 -0.9111 -0.2798 0.0827 0.2178
  1 -3.8300 -5.3938 41.2013 -0.2612 -0.9646 0.0372 0.1102 0.2000
charger_material_0.bmp
  1 -6.1500 -5.0338 42.5213 -0.3026 -0.9111 -0.2798 0.0827 0.2178
  1 -6.0000 -4.5938 40.9713 -0.3042 -0.9485 -0.0887 0.0827 0.1980
  1 -3.8300 -5.3938 41.2013 -0.2612 -0.9646 0.0372 0.1102 0.2000
charger_material_0.bmp
  1 -3.8300 -5.3938 41.2013 -0.2612 -0.9646 0.0372 0.1102 0.2000
  1 -6.0000 -4.5938 40.9713 -0.3042 -0.9485 -0.0887 0.0827 0.1980
  1 -5.9800 -4.8138 39.2213 -0.4857 -0.8741 -0.0025 0.0827 0.1802
charger_material_0.bmp
  1 -6.0000 -4.5938 40.9713 -0.3042 -0.9485 -0.0887 0.0827 0.1980
  1 -7.5300 -4.1038 40.6313 -0.5698 -0.7917 -0.2202 0.0650 0.2020
  1 -5.9800 -4.8138 39.2213 -0.4857 -0.8741 -0.0025 0.0827 0.1802
charger_material_0.bmp
  1 -5.9800 -4.8138 39.2213 -0.4857 -0.8741 -0.0025 0.0827 0.1802
  1 -7.5300 -4.1038 40.6313 -0.5698 -0.7917 -0.2202 0.0650 0.2020
  1 -8.2200 -2.7638 38.9913 -0.8241 -0.5459 -0.1512 0.0551 0.1802
charger_material_0.bmp
  1 -7.5300 -4.1038 40.6313 -0.5698 -0.7917 -0.2202 0.0650 0.2020
  1 -8.9600 -2.1938 41.2413 -0.9267 -0.1948 0.3215 0.0413 0.2099
  1 -8.2200 -2.7638 38.9913 -0.8241 -0.5459 -0.1512 0.0551 0.1802
charger_material_0.bmp
  1 -8.2200 -2.7638 38.9913 -0.8241 -0.5459 -0.1512 0.0551 0.1802
  1 -8.9600 -2.1938 41.2413 -0.9267 -0.1948 0.3215 0.0413 0.2099
  1 -9.1600 -0.1038 39.2813 -0.9899 -0.0964 -0.1037 0.0276 0.1822
charger_material_0.bmp
  1 -8.9600 -2.1938 41.2413 -0.9267 -0.1948 0.3215 0.0413 0.2099
  1 -9.3500 -0.1738 41.0813 -0.8397 -0.0000 0.5431 0.0256 0.2040
  1 -9.1600 -0.1038 39.2813 -0.9899 -0.0964 -0.1037 0.0276 0.1822
charger_material_0.bmp
  1 -9.1600 -0.1038 39.2813 -0.9899 -0.0964 -0.1037 0.0276 0.1822
  1 -9.3500 -0.1738 41.0813 -0.8397 -0.0000 0.5431 0.0256 0.2040
  1 -8.7200 2.3762 39.3013 -0.9899 0.1291 -0.0589 0.0098 0.1802
charger_material_0.bmp
  1 -9.3500 -0.1738 41.0813 -0.8397 -0.0000 0.5431 0.0256 0.2040
  1 -9.2700 2.3462 41.3713 -0.6272 -0.0682 0.7759 0.0098 0.2059
  1 -8.7200 2.3762 39.3013 -0.9899 0.1291 -0.0589 0.0098 0.1802
charger_material_0.bmp
  4 -1.2600 -3.9161 59.0390 -0.0680 -0.9683 -0.2405 0.6693 0.6178
  4 -2.1600 -3.9398 58.5956 0.0996 -0.9436 0.3159 0.6555 0.6178
  4 -1.5900 -3.8808 58.1058 0.1493 -0.7996 0.5817 0.6594 0.6099
charger_material_0.bmp
  4 -1.5900 -3.8808 58.1058 0.1493 -0.7996 0.5817 0.6594 0.6099
  4 -2.1600 -3.9398 58.5956 0.0996 -0.9436 0.3159 0.6555 0.6178
  4 -1.9300 -4.7343 57.6886 0.0499 -0.7835 0.6194 0.6516 0.6000
charger_material_0.bmp
  4 -2.1600 -3.9398 58.5956 0.0996 -0.9436 0.3159 0.6555 0.6178
  4 -2.8700 -4.6033 57.7349 -0.0491 -0.8865 0.4601 0.6398 0.6079
  4 -1.9300 -4.7343 57.6886 0.0499 -0.7835 0.6194 0.6516 0.6000
charger_material_0.bmp
  4 -1.9300 -4.7343 57.6886 0.0499 -0.7835 0.6194 0.6516 0.6000
  4 -2.8700 -4.6033 57.7349 -0.0491 -0.8865 0.4601 0.6398 0.6079
  4 -2.2900 -5.0961 56.6481 -0.0526 -0.9277 0.3696 0.6417 0.5901
charger_material_0.bmp
  4 -2.8700 -4.6033 57.7349 -0.0491 -0.8865 0.4601 0.6398 0.6079
  4 -4.4700 -5.1066 56.2734 -0.1844 -0.8811 0.4354 0.6161 0.5960
  4 -2.2900 -5.0961 56.6481 -0.0526 -0.9277 0.3696 0.6417 0.5901
charger_material_0.bmp
  4 -2.2900 -5.0961 56.6481 -0.0526 -0.9277 0.3696 0.6417 0.5901
  4 -4.4700 -5.1066 56.2734 -0.1844 -0.8811 0.4354 0.6161 0.5960
  3 -3.7700 -6.0963 53.9605 -0.1070 -0.9514 0.2887 0.6122 0.5624
charger_material_0.bmp
  4 -4.4700 -5.1066 56.2734 -0.1844 -0.8811 0.4354 0.6161 0.5960
  3 -6.3400 -5.2870 54.9976 -0.3057 -0.8787 0.3666 0.5886 0.5881
  3 -3.7700 -6.0963 53.9605 -0.1070 -0.9514 0.2887 0.6122 0.5624
charger_material_0.bmp
  3 -3.7700 -6.0963 53.9605 -0.1070 -0.9514 0.2887 0.6122 0.5624
  3 -6.3400 -5.2870 54.9976 -0.3057 -0.8787 0.3666 0.5886 0.5881
  3 -5.4800 -5.9791 53.1124 -0.2701 -0.9558 0.1159 0.5886 0.5624
charger_material_0.bmp
  3 -6.3400 -5.2870 54.9976 -0.3057 -0.8787 0.3666 0.5886 0.5881
  3 -8.2700 -4.8306 53.1259 -0.5023 -0.8615 0.0741 0.5571 0.5743
  3 -5.4800 -5.9791 53.1124 -0.2701 -0.9558 0.1159 0.5886 0.5624
charger_material_0.bmp
  3 -5.4800 -5.9791 53.1124 -0.2701 -0.9558 0.1159 0.5886 0.5624
  3 -8.2700 -4.8306 53.1259 -0.5023 -0.8615 0.0741 0.5571 0.5743
  3 -7.9000 -5.2722 52.1386 -0.5516 -0.8340 0.0144 0.5571 0.5624
charger_material_0.bmp
  3 -8.2700 -4.8306 53.1259 -0.5023 -0.8615 0.0741 0.5571 0.5743
  3 -9.1200 -3.7590 50.9042 -0.6894 -0.7026 -0.1762 0.5295 0.5564
  3 -7.9000 -5.2722 52.1386 -0.5516 -0.8340 0.0144 0.5571 0.5624
charger_material_0.bmp
  3 -7.9000 -5.2722 52.1386 -0.5516 -0.8340 0.0144 0.5571 0.5624
  3 -9.1200 -3.7590 50.9042 -0.6894 -0.7026 -0.1762 0.5295 0.5564
  3 -8.7400 -4.3640 49.6231 -0.6730 -0.6773 -0.2970 0.5295 0.5366
charger_material_0.bmp
  3 -9.1200 -3.7590 50.9042 -0.6894 -0.7026 -0.1762 0.5295 0.5564
  2 -9.4297 -2.6049 49.0828 -0.7473 -0.5411 -0.3857 0.5079 0.5366
  3 -8.7400 -4.3640 49.6231 -0.6730 -0.6773 -0.2970 0.5295 0.5366
charger_material_0.bmp
  3 -8.7400 -4.3640 49.6231 -0.6730 -0.6773 -0.2970 0.5295 0.5366
  2 -9.4297 -2.6049 49.0828 -0.7473 -0.5411 -0.3857 0.5079 0.5366
  2 -8.9897 -2.8943 48.3726 -0.7367 -0.5705 -0.3630 0.5079 0.5208
charger_material_0.bmp
  2 -9.4297 -2.6049 49.0828 -0.7473 -0.5411 -0.3857 0.5079 0.5366
  2 -9.4897 -1.6540 48.0036 -0.7886 -0.4522 -0.4168 0.4902 0.5208
  2 -8.9897 -2.8943 48.3726 -0.7367 -0.5705 -0.3630 0.5079 0.5208
charger_material_0.bmp
  2 -8.9897 -2.8943 48.3726 -0.7367 -0.5705 -0.3630 0.5079 0.5208
  2 -9.4897 -1.6540 48.0036 -0.7886 -0.4522 -0.4168 0.4902 0.5208
  2 -8.4498 -2.4624 45.9629 -0.8170 -0.5310 -0.2249 0.5020 0.4891
charger_material_0.bmp
  2 -9.4897 -1.6540 48.0036 -0.7886 -0.4522 -0.4168 0.4902 0.5208
  2 -9.2099 -0.1919 45.3548 -0.9250 -0.2813 -0.2554 0.4724 0.4812
  2 -8.4498 -2.4624 45.9629 -0.8170 -0.5310 -0.2249 0.5020 0.4891
charger_material_0.bmp
  2 -8.4498 -2.4624 45.9629 -0.8170 -0.5310 -0.2249 0.5020 0.4891
  2 -9.2099 -0.1919 45.3548 -0.9250 -0.2813 -0.2554 0.4724 0.4812
  1 -8.0200 -2.0638 43.4013 -0.8573 -0.4724 -0.2047 0.4961 0.4535
charger_material_0.bmp
  2 -9.2099 -0.1919 45.3548 -0.9250 -0.2813 -0.2554 0.4724 0.4812
  1 -8.8000 0.0562 43.1513 -0.9492 -0.2420 -0.2010 0.4705 0.4475
  1 -8.0200 -2.0638 43.4013 -0.8573 -0.4724 -0.2047 0.4961 0.4535
charger_material_0.bmp
  1 -8.0200 -2.0638 43.4013 -0.8573 -0.4724 -0.2047 0.4961 0.4535
  1 -8.8000 0.0562 43.1513 -0.9492 -0.2420 -0.2010 0.4705 0.4475
  1 -7.6100 -1.7938 40.9513 -0.8769 -0.4402 -0.1932 0.4882 0.4238
charger_material_0.bmp
  1 -8.8000 0.0562 43.1513 -0.9492 -0.2420 -0.2010 0.4705 0.4475
  1 -8.4200 0.2362 40.9013 -0.9492 -0.2420 -0.2010 0.4705 0.4139
  1 -7.6100 -1.7938 40.9513 -0.8769 -0.4402 -0.1932 0.4882 0.4238
charger_material_0.bmp
  4 -1.6900 -5.0366 60.9535 -0.4416 -0.7648 0.4692 0.8563 0.5347
  4 -1.8800 -4.9847 60.8519 -0.2308 -0.8831 0.4085 0.8543 0.5327
  4 -1.6500 -5.2413 60.5752 -0.5841 -0.7587 0.2885 0.8602 0.5287
charger_material_0.bmp
  4 -1.6500 -5.2413 60.5752 -0.5841 -0.7587 0.2885 0.8602 0.5287
  4 -1.8800 -4.9847 60.8519 -0.2308 -0.8831 0.4085 0.8543 0.5327
  4 -2.0600 -4.9956 60.7420 -0.3950 -0.8954 0.2055 0.8524 0.5307
charger_material_0.bmp
  4 -1.8800 -4.9847 60.8519 -0.2308 -0.8831 0.4085 0.8543 0.5327
  4 -2.1100 -4.8419 61.1199 -0.0954 -0.9749 0.2012 0.8484 0.5366
  4 -2.0600 -4.9956 60.7420 -0.3950 -0.8954 0.2055 0.8524 0.5307
charger_material_0.bmp
  4 -2.0600 -4.9956 60.7420 -0.3950 -0.8954 0.2055 0.8524 0.5307
  4 -2.1100 -4.8419 61.1199 -0.0954 -0.9749 0.2012 0.8484 0.5366
  4 -2.3300 -4.8204 61.1259 -0.4447 -0.8955 0.0159 0.8445 0.5366
charger_material_0.bmp
  4 -2.1100 -4.8419 61.1199 -0.0954 -0.9749 0.2012 0.8484 0.5366
  4 -2.0800 -4.8079 61.5105 -0.2358 -0.9661 -0.1054 0.8465 0.5426
  4 -2.3300 -4.8204 61.1259 -0.4447 -0.8955 0.0159 0.8445 0.5366
charger_material_0.bmp
  4 -2.3300 -4.8204 61.1259 -0.4447 -0.8955 0.0159 0.8445 0.5366
  4 -2.0800 -4.8079 61.5105 -0.2358 -0.9661 -0.1054 0.8465 0.5426
  4 -2.3000 -4.8140 61.5320 -0.1630 -0.9610 -0.2233 0.8425 0.5446
charger_material_0.bmp
  4 -2.0800 -4.8079 61.5105 -0.2358 -0.9661 -0.1054 0.8465 0.5426
  4 -2.0500 -4.8943 61.7510 -0.3110 -0.8848 -0.3469 0.8465 0.5465
  4 -2.3000 -4.8140 61.5320 -0.1630 -0.9610 -0.2233 0.8425 0.5446
charger_material_0.bmp
  4 -2.3000 -4.8140 61.5320 -0.1630 -0.9610 -0.2233 0.8425 0.5446
  4 -2.0500 -4.8943 61.7510 -0.3110 -0.8848 -0.3469 0.8465 0.5465
  4 -2.3200 -4.9541 61.8642 -0.1172 -0.9085 -0.4010 0.8425 0.5505
charger_material_0.bmp
  4 -2.0500 -4.8943 61.7510 -0.3110 -0.8848 -0.3469 0.8465 0.5465
  4 -2.1600 -5.0232 62.1421 -0.1895 -0.7907 -0.5821 0.8445 0.5545
  4 -2.3200 -4.9541 61.8642 -0.1172 -0.9085 -0.4010 0.8425 0.5505
charger_material_0.bmp
  4 -2.3200 -4.9541 61.8642 -0.1172 -0.9085 -0.4010 0.8425 0.5505
  4 -2.1600 -5.0232 62.1421 -0.1895 -0.7907 -0.5821 0.8445 0.5545
  4 -2.4300 -5.1555 62.2489 -0.2130 -0.7646 -0.6083 0.8406 0.5564
charger_material_0.bmp
  4 -2.1600 -5.0232 62.1421 -0.1895 -0.7907 -0.5821 0.8445 0.5545
  4 -2.2600 -5.2784 62.4047 -0.2673 -0.3088 -0.9128 0.8445 0.5584
  4 -2.4300 -5.1555 62.2489 -0.2130 -0.7646 -0.6083 0.8406 0.5564
charger_material_0.bmp
  4 -2.4300 -5.1555 62.2489 -0.2130 -0.7646 -0.6083 0.8406 0.5564
  4 -2.2600 -5.2784 62.4047 -0.2673 -0.3088 -0.9128 0.8445 0.5584
  4 -2.5600 -5.3139 62.4319 -0.5609 -0.2375 -0.7931 0.8406 0.5624
charger_material_0.bmp
  4 -2.2600 -5.2784 62.4047 -0.2673 -0.3088 -0.9128 0.8445 0.5584
  4 -2.4100 -5.7111 62.3245 -0.3876 -0.0919 -0.9173 0.8484 0.5624
  4 -2.5600 -5.3139 62.4319 -0.5609 -0.2375 -0.7931 0.8406 0.5624
charger_material_0.bmp
  4 -2.5600 -5.3139 62.4319 -0.5609 -0.2375 -0.7931 0.8406 0.5624
  4 -2.4100 -5.7111 62.3245 -0.3876 -0.0919 -0.9173 0.8484 0.5624
  4 -2.6400 -5.5927 62.4648 -0.7189 -0.0285 -0.6945 0.8445 0.5644
charger_material_0.bmp
  4 -2.4100 -5.7111 62.3245 -0.3876 -0.0919 -0.9173 0.8484 0.5624
  4 -2.4300 -5.8827 62.4388 -0.4693 -0.6335 -0.6152 0.8484 0.5644
  4 -2.6400 -5.5927 62.4648 -0.7189 -0.0285 -0.6945 0.8445 0.5644
charger_material_0.bmp
  4 -2.6400 -5.5927 62.4648 -0.7189 -0.0285 -0.6945 0.8445 0.5644
  4 -2.4300 -5.8827 62.4388 -0.4693 -0.6335 -0.6152 0.8484 0.5644
  4 -2.6900 -5.7896 62.5533 -0.7743 -0.4810 -0.4112 0.8445 0.5663
charger_material_0.bmp
  4 -2.4300 -5.8827 62.4388 -0.4693 -0.6335 -0.6152 0.8484 0.5644
  4 -2.4000 -5.9528 62.6049 -0.3849 -0.9092 -0.1587 0.8484 0.5683
  4 -2.6900 -5.7896 62.5533 -0.7743 -0.4810 -0.4112 0.8445 0.5663
charger_material_0.bmp
  4 -2.6900 -5.7896 62.5533 -0.7743 -0.4810 -0.4112 0.8445 0.5663
  4 -2.4000 -5.9528 62.6049 -0.3849 -0.9092 -0.1587 0.8484 0.5683
  4 -2.6200 -5.8858 62.7957 -0.6524 -0.7540 -0.0765 0.8465 0.5703
charger_material_0.bmp
  4 -2.4000 -5.9528 62.6049 -0.3849 -0.9092 -0.1587 0.8484 0.5683
  4 -2.3800 -6.0035 63.0320 -0.2604 -0.9648 0.0368 0.8484 0.5723
  4 -2.6200 -5.8858 62.7957 -0.6524 -0.7540 -0.0765 0.8465 0.5703
charger_material_0.bmp
  4 -2.6200 -5.8858 62.7957 -0.6524 -0.7540 -0.0765 0.8465 0.5703
  4 -2.3800 -6.0035 63.0320 -0.2604 -0.9648 0.0368 0.8484 0.5723
  4 -2.7400 -5.8144 63.1690 -0.6384 -0.7498 -0.1740 0.8425 0.5762
charger_material_0.bmp
  4 -2.3800 -6.0035 63.0320 -0.2604 -0.9648 0.0368 0.8484 0.5723
  4 -2.5800 -5.9135 63.2897 -0.3345 -0.9263 -0.1736 0.8465 0.5782
  4 -2.7400 -5.8144 63.1690 -0.6384 -0.7498 -0.1740 0.8425 0.5762
charger_material_0.bmp
  8 -36.7636 -1.6483 46.8300 0.5691 -0.0121 -0.8222 0.1949 0.5683
  8 -35.7902 -3.6371 47.5290 0.5415 -0.1342 -0.8299 0.1949 0.5921
  8 -37.6911 -3.3282 45.8015 0.6499 0.1084 -0.7522 0.1772 0.5723
charger_material_0.bmp
  8 -37.6911 -3.3282 45.8015 0.6499 0.1084 -0.7522 0.1772 0.5723
  8 -35.7902 -3.6371 47.5290 0.5415 -0.1342 -0.8299 0.1949 0.5921
  8 -37.2809 -4.6920 45.9214 0.7168 -0.1058 -0.6892 0.1713 0.5861
charger_material_0.bmp
  8 -35.7902 -3.6371 47.5290 0.5415 -0.1342 -0.8299 0.1949 0.5921
  8 -35.9798 -5.0794 48.1585 0.6178 -0.5186 -0.5911 0.1890 0.6079
  8 -37.2809 -4.6920 45.9214 0.7168 -0.1058 -0.6892 0.1713 0.5861
charger_material_0.bmp
  8 -37.2809 -4.6920 45.9214 0.7168 -0.1058 -0.6892 0.1713 0.5861
  8 -35.9798 -5.0794 48.1585 0.6178 -0.5186 -0.5911 0.1890 0.6079
  8 -37.4487 -5.8202 46.3359 0.6343 -0.6332 -0.4436 0.1654 0.5960
charger_material_0.bmp
  8 -35.9798 -5.0794 48.1585 0.6178 -0.5186 -0.5911 0.1890 0.6079
  8 -36.3712 -5.9024 49.0053 0.3586 -0.9204 -0.1557 0.1850 0.6218
  8 -37.4487 -5.8202 46.3359 0.6343 -0.6332 -0.4436 0.1654 0.5960
charger_material_0.bmp
  8 -37.4487 -5.8202 46.3359 0.6343 -0.6332 -0.4436 0.1654 0.5960
  8 -36.3712 -5.9024 49.0053 0.3586 -0.9204 -0.1557 0.1850 0.6218
  8 -38.3792 -6.3322 46.7964 0.2977 -0.9471 -0.1196 0.1555 0.6059
charger_material_0.bmp
  8 -36.3712 -5.9024 49.0053 0.3586 -0.9204 -0.1557 0.1850 0.6218
  8 -39.1325 -6.4647 48.5675 0.0944 -0.9863 0.1350 0.1555 0.6277
  8 -38.3792 -6.3322 46.7964 0.2977 -0.9471 -0.1196 0.1555 0.6059
charger_material_0.bmp
  8 -38.3792 -6.3322 46.7964 0.2977 -0.9471 -0.1196 0.1555 0.6059
  8 -39.1325 -6.4647 48.5675 0.0944 -0.9863 0.1350 0.1555 0.6277
  8 -39.6319 -6.5475 47.1729 0.0176 -0.9985 -0.0523 0.1437 0.6139
charger_material_0.bmp
  8 -39.1325 -6.4647 48.5675 0.0944 -0.9863 0.1350 0.1555 0.6277
  8 -41.5545 -6.7259 48.3469 -0.1282 -0.9778 0.1657 0.1299 0.6356
  8 -39.6319 -6.5475 47.1729 0.0176 -0.9985 -0.0523 0.1437 0.6139
charger_material_0.bmp
  8 -39.6319 -6.5475 47.1729 0.0176 -0.9985 -0.0523 0.1437 0.6139
  8 -41.5545 -6.7259 48.3469 -0.1282 -0.9778 0.1657 0.1299 0.6356
  8 -41.6322 -6.5405 47.2131 -0.1220 -0.9376 -0.3256 0.1220 0.6238
charger_material_0.bmp
  8 -41.5545 -6.7259 48.3469 -0.1282 -0.9778 0.1657 0.1299 0.6356
  8 -43.9077 -6.0598 48.2540 -0.4476 -0.8470 0.2868 0.1024 0.6475
  8 -41.6322 -6.5405 47.2131 -0.1220 -0.9376 -0.3256 0.1220 0.6238
charger_material_0.bmp
  8 -41.6322 -6.5405 47.2131 -0.1220 -0.9376 -0.3256 0.1220 0.6238
  8 -43.9077 -6.0598 48.2540 -0.4476 -0.8470 0.2868 0.1024 0.6475
  8 -43.7670 -6.1311 46.9333 -0.1683 -0.9785 -0.1194 0.0965 0.6337
charger_material_0.bmp
  8 -43.9077 -6.0598 48.2540 -0.4476 -0.8470 0.2868 0.1024 0.6475
  8 -44.5958 -5.8509 47.3989 -0.4100 -0.8954 0.1734 0.0906 0.6455
  8 -43.7670 -6.1311 46.9333 -0.1683 -0.9785 -0.1194 0.0965 0.6337
charger_material_0.bmp
  8 -43.7670 -6.1311 46.9333 -0.1683 -0.9785 -0.1194 0.0965 0.6337
  8 -44.5958 -5.8509 47.3989 -0.4100 -0.8954 0.1734 0.0906 0.6455
  8 -44.6378 -5.9109 45.8734 -0.0320 -0.9730 -0.2286 0.0787 0.6277
charger_material_0.bmp
  8 -44.5958 -5.8509 47.3989 -0.4100 -0.8954 0.1734 0.0906 0.6455
  8 -45.3618 -5.8017 46.3190 -0.4101 -0.9036 0.1236 0.0748 0.6376
  8 -44.6378 -5.9109 45.8734 -0.0320 -0.9730 -0.2286 0.0787 0.6277
charger_material_0.bmp
  8 -44.6378 -5.9109 45.8734 -0.0320 -0.9730 -0.2286 0.0787 0.6277
  8 -45.3618 -5.8017 46.3190 -0.4101 -0.9036 0.1236 0.0748 0.6376
  8 -45.1572 -5.6952 45.1097 -0.0380 -0.9816 -0.1873 0.0689 0.6238
charger_material_0.bmp
  8 -45.3618 -5.8017 46.3190 -0.4101 -0.9036 0.1236 0.0748 0.6376
  8 -45.7559 -5.5672 45.4769 -0.4773 -0.8770 0.0557 0.0650 0.6317
  8 -45.1572 -5.6952 45.1097 -0.0380 -0.9816 -0.1873 0.0689 0.6238
charger_material_0.bmp
  8 -45.1572 -5.6952 45.1097 -0.0380 -0.9816 -0.1873 0.0689 0.6238
  8 -45.7559 -5.5672 45.4769 -0.4773 -0.8770 0.0557 0.0650 0.6317
  8 -46.2476 -5.4669 44.5398 -0.5440 -0.8389 0.0170 0.0531 0.6257
charger_material_0.bmp
  8 -45.7559 -5.5672 45.4769 -0.4773 -0.8770 0.0557 0.0650 0.6317
  8 -46.3110 -5.1001 45.7052 -0.8349 -0.4799 0.2695 0.0591 0.6396
  8 -46.2476 -5.4669 44.5398 -0.5440 -0.8389 0.0170 0.0531 0.6257
charger_material_0.bmp
  8 -46.2476 -5.4669 44.5398 -0.5440 -0.8389 0.0170 0.0531 0.6257
  8 -46.3110 -5.1001 45.7052 -0.8349 -0.4799 0.2695 0.0591 0.6396
  8 -46.7531 -4.9472 44.7185 -0.9125 -0.3969 0.0992 0.0492 0.6317
charger_material_0.bmp
  2 -3.7599 -10.6420 45.4261 0.6117 -0.1720 -0.7722 0.0787 0.3168
  2 -4.3398 -8.5626 46.2378 0.5043 0.1116 -0.8563 0.0906 0.2871
  2 -2.4798 -8.9338 47.6674 0.6695 0.0597 -0.7404 0.1122 0.2970
charger_material_0.bmp
  2 -2.4798 -8.9338 47.6674 0.6695 0.0597 -0.7404 0.1122 0.2970
  2 -4.3398 -8.5626 46.2378 0.5043 0.1116 -0.8563 0.0906 0.2871
  2 -2.3998 -7.4230 46.7086 0.3227 -0.4964 -0.8059 0.1260 0.2673
charger_material_0.bmp
  2 -4.3398 -8.5626 46.2378 0.5043 0.1116 -0.8563 0.0906 0.2871
  2 -4.4299 -7.1024 45.9290 0.2107 -0.4920 -0.8447 0.1024 0.2594
  2 -2.3998 -7.4230 46.7086 0.3227 -0.4964 -0.8059 0.1260 0.2673
charger_material_0.bmp
  2 -2.3998 -7.4230 46.7086 0.3227 -0.4964 -0.8059 0.1260 0.2673
  2 -4.4299 -7.1024 45.9290 0.2107 -0.4920 -0.8447 0.1024 0.2594
  2 -2.2599 -6.2219 45.3296 0.0993 -0.8711 -0.4810 0.1339 0.2495
charger_material_0.bmp
  2 -4.4299 -7.1024 45.9290 0.2107 -0.4920 -0.8447 0.1024 0.2594
  2 -4.0699 -6.0914 44.6798 -0.0166 -0.9028 -0.4297 0.1102 0.2436
  2 -2.2599 -6.2219 45.3296 0.0993 -0.8711 -0.4810 0.1339 0.2495
charger_material_0.bmp
  2 -2.2599 -6.2219 45.3296 0.0993 -0.8711 -0.4810 0.1339 0.2495
  2 -4.0699 -6.0914 44.6798 -0.0166 -0.9028 -0.4297 0.1102 0.2436
  1 -2.0300 -5.8938 43.2013 -0.0491 -0.9828 -0.1783 0.1339 0.2238
charger_material_0.bmp
  2 -4.0699 -6.0914 44.6798 -0.0166 -0.9028 -0.4297 0.1102 0.2436
  1 -4.0400 -5.6438 42.7013 -0.1398 -0.9657 -0.2188 0.1083 0.2178
  1 -2.0300 -5.8938 43.2013 -0.0491 -0.9828 -0.1783 0.1339 0.2238
charger_material_0.bmp
  1 -2.0300 -5.8938 43.2013 -0.0491 -0.9828 -0.1783 0.1339 0.2238
  1 -4.0400 -5.6438 42.7013 -0.1398 -0.9657 -0.2188 0.1083 0.2178
  1 -1.6300 -5.6238 41.5913 -0.1123 -0.9936 -0.0090 0.1358 0.2020
charger_material_0.bmp
  1 -4.0400 -5.6438 42.7013 -0.1398 -0.9657 -0.2188 0.1083 0.2178
  1 -3.8300 -5.3938 41.2013 -0.2612 -0.9646 0.0372 0.1102 0.2000
  1 -1.6300 -5.6238 41.5913 -0.1123 -0.9936 -0.0090 0.1358 0.2020
charger_material_0.bmp
  1 -1.6300 -5.6238 41.5913 -0.1123 -0.9936 -0.0090 0.1358 0.2020
  1 -3.8300 -5.3938 41.2013 -0.2612 -0.9646 0.0372 0.1102 0.2000
  1 -1.4300 -6.3138 39.7013 -0.1843 -0.9571 0.2236 0.1378 0.1802
charger_material_0.bmp
  1 -3.8300 -5.3938 41.2013 -0.2612 -0.9646 0.0372 0.1102 0.2000
  1 -3.7800 -5.8938 39.3613 -0.3092 -0.9436 0.1186 0.1083 0.1802
  1 -1.4300 -6.3138 39.7013 -0.1843 -0.9571 0.2236 0.1378 0.1802
charger_material_0.bmp
  1 -1.4300 -6.3138 39.7013 -0.1843 -0.9571 0.2236 0.1378 0.1802
  1 -3.7800 -5.8938 39.3613 -0.3092 -0.9436 0.1186 0.1083 0.1802
  9 -1.3762 -6.5872 37.2346 -0.2467 -0.9686 -0.0295 0.1358 0.1505
charger_material_0.bmp
  1 -3.7800 -5.8938 39.3613 -0.3092 -0.9436 0.1186 0.1083 0.1802
  9 -3.8469 -5.8862 37.3057 -0.4045 -0.9092 -0.0982 0.1063 0.1525
  9 -1.3762 -6.5872 37.2346 -0.2467 -0.9686 -0.0295 0.1358 0.1505
charger_material_0.bmp
  9 -1.3762 -6.5872 37.2346 -0.2467 -0.9686 -0.0295 0.1358 0.1505
  9 -3.8469 -5.8862 37.3057 -0.4045 -0.9092 -0.0982 0.1063 0.1525
  9 -3.6564 -5.4929 35.1096 -0.3632 -0.8947 -0.2599 0.1063 0.1267
charger_material_0.bmp
  9 -3.8469 -5.8862 37.3057 -0.4045 -0.9092 -0.0982 0.1063 0.1525
  9 -6.0976 -4.3286 35.6943 -0.5882 -0.7937 -0.1550 0.0768 0.1366
  9 -3.6564 -5.4929 35.1096 -0.3632 -0.8947 -0.2599 0.1063 0.1267
charger_material_0.bmp
  9 -3.6564 -5.4929 35.1096 -0.3632 -0.8947 -0.2599 0.1063 0.1267
  9 -6.0976 -4.3286 35.6943 -0.5882 -0.7937 -0.1550 0.0768 0.1366
  9 -6.2088 -3.9359 34.3625 -0.5766 -0.7694 -0.2749 0.0748 0.1208
charger_material_0.bmp
  9 -6.0976 -4.3286 35.6943 -0.5882 -0.7937 -0.1550 0.0768 0.1366
  9 -8.0621 -2.2601 35.4150 -0.8359 -0.5388 -0.1043 0.0551 0.1347
  9 -6.2088 -3.9359 34.3625 -0.5766 -0.7694 -0.2749 0.0748 0.1208
charger_material_0.bmp
  9 -6.2088 -3.9359 34.3625 -0.5766 -0.7694 -0.2749 0.0748 0.1208
  9 -8.0621 -2.2601 35.4150 -0.8359 -0.5388 -0.1043 0.0551 0.1347
  9 -8.1054 -1.7460 33.7245 -0.7903 -0.5753 -0.2107 0.0551 0.1069
charger_material_0.bmp
  9 -8.0621 -2.2601 35.4150 -0.8359 -0.5388 -0.1043 0.0551 0.1347
  9 -8.9556 0.4037 34.5242 -0.9892 -0.1321 -0.0641 0.0295 0.1149
  9 -8.1054 -1.7460 33.7245 -0.7903 -0.5753 -0.2107 0.0551 0.1069
charger_material_0.bmp
  1 -8.8900 2.2862 41.4413 -0.1820 -0.0203 0.9831 0.5236 0.2119
  1 -8.1400 4.7462 41.6413 -0.2393 0.0573 0.9693 0.4980 0.2099
  1 -9.2700 2.3462 41.3713 -0.6342 0.1341 0.7615 0.5236 0.2059
charger_material_0.bmp
  1 -9.2700 2.3462 41.3713 -0.6342 0.1341 0.7615 0.5236 0.2059
  1 -8.1400 4.7462 41.6413 -0.2393 0.0573 0.9693 0.4980 0.2099
  1 -8.4800 4.9562 41.5213 -0.8282 0.3762 0.4154 0.4980 0.2040
charger_material_0.bmp
  1 -8.1400 4.7462 41.6413 -0.2393 0.0573 0.9693 0.4980 0.2099
  1 -7.0900 6.3662 41.6413 -0.2649 0.1606 0.9508 0.4823 0.2099
  1 -8.4800 4.9562 41.5213 -0.8282 0.3762 0.4154 0.4980 0.2040
charger_material_0.bmp
  1 -8.4800 4.9562 41.5213 -0.8282 0.3762 0.4154 0.4980 0.2040
  1 -7.0900 6.3662 41.6413 -0.2649 0.1606 0.9508 0.4823 0.2099
  1 -7.3800 6.6562 41.5013 -0.6209 0.6011 0.5031 0.4823 0.2040
charger_material_0.bmp
  1 -7.0900 6.3662 41.6413 -0.2649 0.1606 0.9508 0.4823 0.2099
  1 -6.1100 7.1262 41.8213 -0.3459 0.1128 0.9315 0.4705 0.2119
  1 -7.3800 6.6562 41.5013 -0.6209 0.6011 0.5031 0.4823 0.2040
charger_material_0.bmp
  1 -7.3800 6.6562 41.5013 -0.6209 0.6011 0.5031 0.4823 0.2040
  1 -6.1100 7.1262 41.8213 -0.3459 0.1128 0.9315 0.4705 0.2119
  1 -6.1700 7.5562 41.7313 -0.4910 0.7215 0.4881 0.4685 0.2059
charger_material_0.bmp
  1 -6.1100 7.1262 41.8213 -0.3459 0.1128 0.9315 0.4705 0.2119
  1 -5.0000 7.4562 42.2513 -0.4487 0.1108 0.8868 0.4606 0.2139
  1 -6.1700 7.5562 41.7313 -0.4910 0.7215 0.4881 0.4685 0.2059
charger_material_0.bmp
  1 -6.1700 7.5562 41.7313 -0.4910 0.7215 0.4881 0.4685 0.2059
  1 -5.0000 7.4562 42.2513 -0.4487 0.1108 0.8868 0.4606 0.2139
  1 -4.9600 8.0362 42.1813 -0.4211 0.8067 0.4147 0.4567 0.2079
charger_material_0.bmp
  1 -5.0000 7.4562 42.2513 -0.4487 0.1108 0.8868 0.4606 0.2139
  1 -4.0800 7.7362 42.8413 -0.5679 0.1812 0.8029 0.4528 0.2178
  1 -4.9600 8.0362 42.1813 -0.4211 0.8067 0.4147 0.4567 0.2079
charger_material_0.bmp
  1 -4.9600 8.0362 42.1813 -0.4211 0.8067 0.4147 0.4567 0.2079
  1 -4.0800 7.7362 42.8413 -0.5679 0.1812 0.8029 0.4528 0.2178
  1 -4.1000 8.2962 42.6813 -0.5291 0.7258 0.4395 0.4488 0.2119
charger_material_0.bmp
  1 -4.0800 7.7362 42.8413 -0.5679 0.1812 0.8029 0.4528 0.2178
  1 -3.1200 7.9862 43.5213 -0.7856 0.1873 0.5897 0.4469 0.2238
  1 -4.1000 8.2962 42.6813 -0.5291 0.7258 0.4395 0.4488 0.2119
charger_material_0.bmp
  1 -4.1000 8.2962 42.6813 -0.5291 0.7258 0.4395 0.4488 0.2119
  1 -3.1200 7.9862 43.5213 -0.7856 0.1873 0.5897 0.4469 0.2238
  1 -3.0900 8.6662 43.3613 -0.5381 0.8396 -0.0739 0.4390 0.2198
charger_material_0.bmp
  1 -3.1200 7.9862 43.5213 -0.7856 0.1873 0.5897 0.4469 0.2238
  1 -2.9900 8.3562 44.2713 -0.9740 0.1867 0.1283 0.4449 0.2297
  1 -3.0900 8.6662 43.3613 -0.5381 0.8396 -0.0739 0.4390 0.2198
charger_material_0.bmp
  1 -3.0900 8.6662 43.3613 -0.5381 0.8396 -0.0739 0.4390 0.2198
  1 -2.9900 8.3562 44.2713 -0.9740 0.1867 0.1283 0.4449 0.2297
  1 -2.8800 8.9362 43.9913 -0.6561 0.7372 -0.1612 0.4370 0.2277
charger_material_0.bmp
  1 -2.9900 8.3562 44.2713 -0.9740 0.1867 0.1283 0.4449 0.2297
  2 -2.7798 8.9879 45.6119 -0.9778 0.2052 0.0433 0.4429 0.2416
  1 -2.8800 8.9362 43.9913 -0.6561 0.7372 -0.1612 0.4370 0.2277
charger_material_0.bmp
  1 -2.8800 8.9362 43.9913 -0.6561 0.7372 -0.1612 0.4370 0.2277
  2 -2.7798 8.9879 45.6119 -0.9778 0.2052 0.0433 0.4429 0.2416
  2 -2.6898 9.4580 45.4722 -0.5660 0.8019 -0.1911 0.4370 0.2416
charger_material_0.bmp
  2 -2.7798 8.9879 45.6119 -0.9778 0.2052 0.0433 0.4429 0.2416
  2 -2.6098 9.6964 47.3924 -0.7592 0.5456 0.3550 0.4390 0.2594
  2 -2.6898 9.4580 45.4722 -0.5660 0.8019 -0.1911 0.4370 0.2416
charger_material_0.bmp
  2 -2.6898 9.4580 45.4722 -0.5660 0.8019 -0.1911 0.4370 0.2416
  2 -2.6098 9.6964 47.3924 -0.7592 0.5456 0.3550 0.4390 0.2594
  2 -2.3598 9.9965 47.2526 -0.2165 0.9468 0.2379 0.4370 0.2574
charger_material_0.bmp
  2 -2.6098 9.6964 47.3924 -0.7592 0.5456 0.3550 0.4390 0.2594
  2 -0.9097 9.1161 47.8119 -0.0476 0.4837 0.8739 0.4213 0.2594
  2 -2.3598 9.9965 47.2526 -0.2165 0.9468 0.2379 0.4370 0.2574
charger_material_0.bmp
  8 -42.8778 3.5884 46.7829 0.0234 0.4234 -0.9056 0.1201 0.8495
  8 -44.0295 4.1240 47.1624 -0.2661 0.7697 -0.5803 0.1083 0.8317
  8 -43.1335 4.5607 47.5260 -0.2308 0.7940 -0.5624 0.1220 0.8317
charger_material_0.bmp
  8 -43.1335 4.5607 47.5260 -0.2308 0.7940 -0.5624 0.1220 0.8317
  8 -44.0295 4.1240 47.1624 -0.2661 0.7697 -0.5803 0.1083 0.8317
  8 -44.5046 4.2213 48.5669 -0.6253 0.7793 -0.0414 0.1083 0.8059
charger_material_0.bmp
  8 -44.0295 4.1240 47.1624 -0.2661 0.7697 -0.5803 0.1083 0.8317
  8 -44.8366 3.8824 48.1357 -0.6032 0.7909 0.1033 0.1024 0.8099
  8 -44.5046 4.2213 48.5669 -0.6253 0.7793 -0.0414 0.1083 0.8059
charger_material_0.bmp
  8 -44.5046 4.2213 48.5669 -0.6253 0.7793 -0.0414 0.1083 0.8059
  8 -44.8366 3.8824 48.1357 -0.6032 0.7909 0.1033 0.1024 0.8099
  8 -45.0353 3.0595 49.3422 -0.8256 0.3989 0.3990 0.1043 0.7861
charger_material_0.bmp
  8 -44.8366 3.8824 48.1357 -0.6032 0.7909 0.1033 0.1024 0.8099
  8 -45.4411 2.8393 48.6086 -0.8698 0.3061 0.3870 0.0945 0.7921
  8 -45.0353 3.0595 49.3422 -0.8256 0.3989 0.3990 0.1043 0.7861
charger_material_0.bmp
  8 -45.0353 3.0595 49.3422 -0.8256 0.3989 0.3990 0.1043 0.7861
  8 -45.4411 2.8393 48.6086 -0.8698 0.3061 0.3870 0.0945 0.7921
  8 -45.4698 1.7110 49.1699 -0.9144 0.3514 0.2011 0.0925 0.7683
charger_material_0.bmp
  8 -45.4411 2.8393 48.6086 -0.8698 0.3061 0.3870 0.0945 0.7921
  8 -45.3390 1.6561 48.1025 -0.9884 -0.1285 0.0813 0.0787 0.7802
  8 -45.4698 1.7110 49.1699 -0.9144 0.3514 0.2011 0.0925 0.7683
charger_material_0.bmp
  8 -45.4698 1.7110 49.1699 -0.9144 0.3514 0.2011 0.0925 0.7683
  8 -45.3390 1.6561 48.1025 -0.9884 -0.1285 0.0813 0.0787 0.7802
  8 -45.4797 1.4188 48.1373 -0.5735 0.8179 -0.0466 0.0768 0.7743
charger_material_0.bmp
  8 -45.3390 1.6561 48.1025 -0.9884 -0.1285 0.0813 0.0787 0.7802
  8 -44.9511 1.1389 46.7234 -0.4852 0.7238 -0.4906 0.0591 0.7842
  8 -45.4797 1.4188 48.1373 -0.5735 0.8179 -0.0466 0.0768 0.7743
charger_material_0.bmp
  8 -45.4797 1.4188 48.1373 -0.5735 0.8179 -0.0466 0.0768 0.7743
  8 -44.9511 1.1389 46.7234 -0.4852 0.7238 -0.4906 0.0591 0.7842
  8 -45.5712 1.1737 46.5433 0.1675 0.9731 -0.1579 0.0551 0.7762
charger_material_0.bmp
  8 -44.9511 1.1389 46.7234 -0.4852 0.7238 -0.4906 0.0591 0.7842
  8 -45.1690 0.7672 45.8939 0.3854 0.6863 -0.6169 0.0472 0.7842
  8 -45.5712 1.1737 46.5433 0.1675 0.9731 -0.1579 0.0551 0.7762
charger_material_0.bmp
  8 -45.5712 1.1737 46.5433 0.1675 0.9731 -0.1579 0.0551 0.7762
  8 -45.1690 0.7672 45.8939 0.3854 0.6863 -0.6169 0.0472 0.7842
  8 -46.0628 1.3456 45.6300 0.2374 0.9566 -0.1688 0.0453 0.7723
charger_material_0.bmp
  8 -45.1690 0.7672 45.8939 0.3854 0.6863 -0.6169 0.0472 0.7842
  8 -45.5423 0.7181 45.2251 0.7316 0.4687 -0.4950 0.0413 0.7802
  8 -46.0628 1.3456 45.6300 0.2374 0.9566 -0.1688 0.0453 0.7723
charger_material_0.bmp
  8 -46.0628 1.3456 45.6300 0.2374 0.9566 -0.1688 0.0453 0.7723
  8 -45.5423 0.7181 45.2251 0.7316 0.4687 -0.4950 0.0413 0.7802
  8 -46.5233 1.2055 44.8700 -0.0030 0.8925 -0.4511 0.0374 0.7683
charger_material_0.bmp
  8 -45.5423 0.7181 45.2251 0.7316 0.4687 -0.4950 0.0413 0.7802
  8 -46.1070 0.7689 44.5675 0.5479 0.4214 -0.7227 0.0354 0.7743
  8 -46.5233 1.2055 44.8700 -0.0030 0.8925 -0.4511 0.0374 0.7683
charger_material_0.bmp
  8 -46.5233 1.2055 44.8700 -0.0030 0.8925 -0.4511 0.0374 0.7683
  8 -46.1070 0.7689 44.5675 0.5479 0.4214 -0.7227 0.0354 0.7743
  8 -46.9167 0.6183 44.2329 0.2889 0.3500 -0.8911 0.0276 0.7703
charger_material_0.bmp
  8 -46.1070 0.7689 44.5675 0.5479 0.4214 -0.7227 0.0354 0.7743
  8 -46.0733 -0.2782 44.3710 0.5026 -0.2003 -0.8410 0.0276 0.7802
  8 -46.9167 0.6183 44.2329 0.2889 0.3500 -0.8911 0.0276 0.7703
charger_material_0.bmp
  8 -46.9167 0.6183 44.2329 0.2889 0.3500 -0.8911 0.0276 0.7703
  8 -46.0733 -0.2782 44.3710 0.5026 -0.2003 -0.8410 0.0276 0.7802
  8 -46.8423 -0.3381 44.0989 0.3371 -0.2544 -0.9064 0.0236 0.7762
charger_material_0.bmp
  8 -46.0733 -0.2782 44.3710 0.5026 -0.2003 -0.8410 0.0276 0.7802
  8 -46.4380 -0.8041 44.6673 0.4433 -0.6317 -0.6360 0.0236 0.7842
  8 -46.8423 -0.3381 44.0989 0.3371 -0.2544 -0.9064 0.0236 0.7762
charger_material_0.bmp
  8 -47.0884 -0.8161 45.7507 -0.5229 -0.8512 -0.0445 0.0374 0.7366
  8 -46.5672 -1.0448 45.5277 -0.7871 -0.5782 -0.2150 0.0315 0.7307
  8 -46.9562 -0.8942 46.5231 -0.4974 -0.8675 -0.0075 0.0453 0.7327
charger_material_0.bmp
  8 -46.9562 -0.8942 46.5231 -0.4974 -0.8675 -0.0075 0.0453 0.7327
  8 -46.5672 -1.0448 45.5277 -0.7871 -0.5782 -0.2150 0.0315 0.7307
  8 -46.7097 -1.1216 47.4205 -0.9758 -0.1313 0.1748 0.0571 0.7267
charger_material_0.bmp
  8 -46.5672 -1.0448 45.5277 -0.7871 -0.5782 -0.2150 0.0315 0.7307
  8 -47.1525 -1.2967 46.3875 -0.7466 0.6574 0.1023 0.0433 0.7228
  8 -46.7097 -1.1216 47.4205 -0.9758 -0.1313 0.1748 0.0571 0.7267
charger_material_0.bmp
  8 -46.7097 -1.1216 47.4205 -0.9758 -0.1313 0.1748 0.0571 0.7267
  8 -47.1525 -1.2967 46.3875 -0.7466 0.6574 0.1023 0.0433 0.7228
  8 -47.4040 -1.8688 46.6916 -0.9409 0.0939 0.3254 0.0453 0.7149
charger_material_0.bmp
  8 -47.1525 -1.2967 46.3875 -0.7466 0.6574 0.1023 0.0433 0.7228
  8 -47.5977 -2.0465 45.3368 -0.9942 0.0275 0.1040 0.0315 0.7109
  8 -47.4040 -1.8688 46.6916 -0.9409 0.0939 0.3254 0.0453 0.7149
charger_material_0.bmp
  8 -47.4040 -1.8688 46.6916 -0.9409 0.0939 0.3254 0.0453 0.7149
  8 -47.5977 -2.0465 45.3368 -0.9942 0.0275 0.1040 0.0315 0.7109
  8 -47.3414 -2.7474 45.3694 -0.8499 -0.5210 0.0795 0.0315 0.7030
charger_material_0.bmp
  8 -47.5977 -2.0465 45.3368 -0.9942 0.0275 0.1040 0.0315 0.7109
  8 -47.4202 -2.8308 44.5073 -0.8089 -0.5681 -0.1515 0.0236 0.7010
  8 -47.3414 -2.7474 45.3694 -0.8499 -0.5210 0.0795 0.0315 0.7030
charger_material_0.bmp
  8 -47.3414 -2.7474 45.3694 -0.8499 -0.5210 0.0795 0.0315 0.7030
  8 -47.4202 -2.8308 44.5073 -0.8089 -0.5681 -0.1515 0.0236 0.7010
  8 -47.0360 -3.0767 45.1946 -0.4376 -0.8970 0.0627 0.0315 0.6970
charger_material_0.bmp
  8 -47.4202 -2.8308 44.5073 -0.8089 -0.5681 -0.1515 0.0236 0.7010
  8 -47.1042 -3.1287 44.5698 -0.4096 -0.9067 -0.1004 0.0236 0.6970
  8 -47.0360 -3.0767 45.1946 -0.4376 -0.8970 0.0627 0.0315 0.6970
charger_material_0.bmp
  8 -47.0360 -3.0767 45.1946 -0.4376 -0.8970 0.0627 0.0315 0.6970
  8 -47.1042 -3.1287 44.5698 -0.4096 -0.9067 -0.1004 0.0236 0.6970
  8 -46.5577 -3.2111 44.7548 0.0176 -0.9985 -0.0523 0.0276 0.6911
charger_material_0.bmp
  8 -47.1042 -3.1287 44.5698 -0.4096 -0.9067 -0.1004 0.0236 0.6970
  8 -46.8084 -3.1101 44.1963 -0.1858 -0.8954 -0.4046 0.0197 0.6931
  8 -46.5577 -3.2111 44.7548 0.0176 -0.9985 -0.0523 0.0276 0.6911
charger_material_0.bmp
  8 -46.5577 -3.2111 44.7548 0.0176 -0.9985 -0.0523 0.0276 0.6911
  8 -46.8084 -3.1101 44.1963 -0.1858 -0.8954 -0.4046 0.0197 0.6931
  8 -46.0402 -3.0079 44.2568 0.2849 -0.8819 -0.3756 0.0217 0.6851
charger_material_0.bmp
  8 -46.8084 -3.1101 44.1963 -0.1858 -0.8954 -0.4046 0.0197 0.6931
  8 -46.3688 -2.9469 43.9368 0.1465 -0.7561 -0.6379 0.0197 0.6871
  8 -46.0402 -3.0079 44.2568 0.2849 -0.8819 -0.3756 0.0217 0.6851
charger_material_0.bmp
  8 -46.0402 -3.0079 44.2568 0.2849 -0.8819 -0.3756 0.0217 0.6851
  8 -46.3688 -2.9469 43.9368 0.1465 -0.7561 -0.6379 0.0197 0.6871
  8 -45.6597 -2.4989 43.9524 0.5648 -0.3618 -0.7417 0.0197 0.6812
charger_material_0.bmp
  8 -46.3688 -2.9469 43.9368 0.1465 -0.7561 -0.6379 0.0197 0.6871
  8 -46.4595 -2.5960 43.6119 -0.0050 -0.3017 -0.9534 0.0157 0.6871
  8 -45.6597 -2.4989 43.9524 0.5648 -0.3618 -0.7417 0.0197 0.6812
charger_material_0.bmp
  8 -45.6597 -2.4989 43.9524 0.5648 -0.3618 -0.7417 0.0197 0.6812
  8 -46.4595 -2.5960 43.6119 -0.0050 -0.3017 -0.9534 0.0157 0.6871
  8 -46.6184 -1.7911 43.6017 0.0733 0.2935 -0.9531 0.0118 0.6832
charger_material_0.bmp
  8 -46.4595 -2.5960 43.6119 -0.0050 -0.3017 -0.9534 0.0157 0.6871
  8 -47.2043 -1.9154 43.8167 -0.3489 0.2403 -0.9058 0.0098 0.6871
  8 -46.6184 -1.7911 43.6017 0.0733 0.2935 -0.9531 0.0118 0.6832
charger_material_0.bmp
  8 -46.6184 -1.7911 43.6017 0.0733 0.2935 -0.9531 0.0118 0.6832
  8 -47.2043 -1.9154 43.8167 -0.3489 0.2403 -0.9058 0.0098 0.6871
  8 -46.6372 -1.3570 43.9546 -0.0683 0.8253 -0.5605 0.0098 0.6812
charger_material_0.bmp
  8 -47.2043 -1.9154 43.8167 -0.3489 0.2403 -0.9058 0.0098 0.6871
  8 -47.1903 -1.3711 44.1401 -0.1991 0.8180 -0.5397 0.0098 0.6832
  8 -46.6372 -1.3570 43.9546 -0.0683 0.8253 -0.5605 0.0098 0.6812
charger_material_0.bmp
  6 -11.9041 7.7444 60.9430 0.0706 0.4898 0.8690 0.5059 0.7624
  6 -9.4508 5.0199 61.7185 -0.5249 0.7207 0.4529 0.5295 0.7327
  6 -11.7480 7.6169 60.3562 -0.3028 0.1230 0.9451 0.5354 0.7604
charger_material_0.bmp
  6 -11.7480 7.6169 60.3562 -0.3028 0.1230 0.9451 0.5354 0.7604
  6 -9.4508 5.0199 61.7185 -0.5249 0.7207 0.4529 0.5295 0.7327
  6 -10.1144 6.6306 62.7904 -0.8256 0.2313 0.5147 0.5630 0.7663
charger_material_0.bmp
  6 -9.4508 5.0199 61.7185 -0.5249 0.7207 0.4529 0.5295 0.7327
  6 -10.8994 4.6866 62.9445 -0.8708 0.2434 0.4272 0.5630 0.7465
  6 -10.1144 6.6306 62.7904 -0.8256 0.2313 0.5147 0.5630 0.7663
charger_material_0.bmp
  6 -10.1144 6.6306 62.7904 -0.8256 0.2313 0.5147 0.5630 0.7663
  6 -10.8994 4.6866 62.9445 -0.8708 0.2434 0.4272 0.5630 0.7465
  4 -8.8800 4.7178 64.7392 -0.4794 0.1217 0.8691 0.5866 0.7545
charger_material_0.bmp
  6 -10.8994 4.6866 62.9445 -0.8708 0.2434 0.4272 0.5630 0.7465
  6 -9.3298 3.0663 64.2424 -0.5105 -0.2039 0.8353 0.5846 0.7386
  4 -8.8800 4.7178 64.7392 -0.4794 0.1217 0.8691 0.5866 0.7545
charger_material_0.bmp
  4 -8.8800 4.7178 64.7392 -0.4794 0.1217 0.8691 0.5866 0.7545
  6 -9.3298 3.0663 64.2424 -0.5105 -0.2039 0.8353 0.5846 0.7386
  4 -6.6500 2.6515 65.3277 -0.2837 -0.3070 0.9084 0.6122 0.7446
charger_material_0.bmp
  6 -9.3298 3.0663 64.2424 -0.5105 -0.2039 0.8353 0.5846 0.7386
  4 -7.4200 1.2166 64.3192 -0.2414 -0.5999 0.7628 0.6063 0.7248
  4 -6.6500 2.6515 65.3277 -0.2837 -0.3070 0.9084 0.6122 0.7446
charger_material_0.bmp
  4 -6.6500 2.6515 65.3277 -0.2837 -0.3070 0.9084 0.6122 0.7446
  4 -7.4200 1.2166 64.3192 -0.2414 -0.5999 0.7628 0.6063 0.7248
  4 -4.3900 1.3420 65.0282 -0.1825 -0.6684 0.7210 0.6378 0.7366
charger_material_0.bmp
  4 -7.4200 1.2166 64.3192 -0.2414 -0.5999 0.7628 0.6063 0.7248
  4 -4.8000 0.5867 63.9000 -0.2308 -0.8831 0.4085 0.6339 0.7188
  4 -4.3900 1.3420 65.0282 -0.1825 -0.6684 0.7210 0.6378 0.7366
charger_material_0.bmp
  4 -4.3900 1.3420 65.0282 -0.1825 -0.6684 0.7210 0.6378 0.7366
  4 -4.8000 0.5867 63.9000 -0.2308 -0.8831 0.4085 0.6339 0.7188
  4 -3.7500 0.2574 63.8815 -0.4085 -0.7525 0.5166 0.6496 0.7188
charger_material_0.bmp
  4 -4.8000 0.5867 63.9000 -0.2308 -0.8831 0.4085 0.6339 0.7188
  4 -4.0100 -0.0244 62.8867 -0.5079 -0.8268 0.2419 0.6437 0.7050
  4 -3.7500 0.2574 63.8815 -0.4085 -0.7525 0.5166 0.6496 0.7188
charger_material_0.bmp
  4 -3.7500 0.2574 63.8815 -0.4085 -0.7525 0.5166 0.6496 0.7188
  4 -4.0100 -0.0244 62.8867 -0.5079 -0.8268 0.2419 0.6437 0.7050
  4 -3.2400 -0.5004 63.2730 -0.7407 -0.5451 0.3927 0.6575 0.7069
charger_material_0.bmp
  4 -4.0100 -0.0244 62.8867 -0.5079 -0.8268 0.2419 0.6437 0.7050
  4 -3.9000 -0.2424 62.2259 -0.6025 -0.6694 0.4347 0.6417 0.6970
  4 -3.2400 -0.5004 63.2730 -0.7407 -0.5451 0.3927 0.6575 0.7069
charger_material_0.bmp
  4 -3.2400 -0.5004 63.2730 -0.7407 -0.5451 0.3927 0.6575 0.7069
  4 -3.9000 -0.2424 62.2259 -0.6025 -0.6694 0.4347 0.6417 0.6970
  4 -3.2700 -0.8791 62.8363 -0.8577 -0.4325 0.2781 0.6555 0.6970
charger_material_0.bmp
  4 -3.9000 -0.2424 62.2259 -0.6025 -0.6694 0.4347 0.6417 0.6970
  4 -3.6500 -0.8080 62.0897 -0.6474 -0.6618 0.3780 0.6476 0.6911
  4 -3.2700 -0.8791 62.8363 -0.8577 -0.4325 0.2781 0.6555 0.6970
charger_material_0.bmp
  4 -3.2700 -0.8791 62.8363 -0.8577 -0.4325 0.2781 0.6555 0.6970
  4 -3.6500 -0.8080 62.0897 -0.6474 -0.6618 0.3780 0.6476 0.6911
  4 -3.0900 -1.2158 62.3000 -0.9301 -0.3213 0.1783 0.6555 0.6891
charger_material_0.bmp
  4 -3.6500 -0.8080 62.0897 -0.6474 -0.6618 0.3780 0.6476 0.6911
  4 -3.4300 -1.1779 61.5393 -0.7474 -0.4821 0.4571 0.6476 0.6812
  4 -3.0900 -1.2158 62.3000 -0.9301 -0.3213 0.1783 0.6555 0.6891
charger_material_0.bmp
  4 -3.0900 -1.2158 62.3000 -0.9301 -0.3213 0.1783 0.6555 0.6891
  4 -3.4300 -1.1779 61.5393 -0.7474 -0.4821 0.4571 0.6476 0.6812
  4 -3.1200 -1.7772 62.1324 -0.9872 -0.0680 0.1441 0.6594 0.6812
charger_material_0.bmp
  7 -19.0179 -1.2749 57.1709 -0.2797 -0.7962 0.5366 0.4213 0.6535
  7 -16.9119 -2.2988 55.9315 -0.2155 -0.9605 0.1759 0.4469 0.6277
  7 -16.9098 -1.9465 57.8096 -0.4010 -0.8265 0.3951 0.4528 0.6515
charger_material_0.bmp
  7 -16.9098 -1.9465 57.8096 -0.4010 -0.8265 0.3951 0.4528 0.6515
  7 -16.9119 -2.2988 55.9315 -0.2155 -0.9605 0.1759 0.4469 0.6277
  7 -15.4336 -2.4899 58.0062 -0.3356 -0.8928 0.3006 0.4705 0.6475
charger_material_0.bmp
  7 -16.9119 -2.2988 55.9315 -0.2155 -0.9605 0.1759 0.4469 0.6277
  7 -15.2440 -2.7697 56.3081 -0.2666 -0.9630 0.0401 0.4705 0.6257
  7 -15.4336 -2.4899 58.0062 -0.3356 -0.8928 0.3006 0.4705 0.6475
charger_material_0.bmp
  7 -15.4336 -2.4899 58.0062 -0.3356 -0.8928 0.3006 0.4705 0.6475
  7 -15.2440 -2.7697 56.3081 -0.2666 -0.9630 0.0401 0.4705 0.6257
  7 -13.0528 -3.1507 58.6534 -0.2220 -0.9161 0.3338 0.5000 0.6455
charger_material_0.bmp
  7 -15.2440 -2.7697 56.3081 -0.2666 -0.9630 0.0401 0.4705 0.6257
  7 -12.8951 -3.3409 56.1099 -0.2165 -0.9763 -0.0014 0.5000 0.6158
  7 -13.0528 -3.1507 58.6534 -0.2220 -0.9161 0.3338 0.5000 0.6455
charger_material_0.bmp
  7 -13.0528 -3.1507 58.6534 -0.2220 -0.9161 0.3338 0.5000 0.6455
  7 -12.8951 -3.3409 56.1099 -0.2165 -0.9763 -0.0014 0.5000 0.6158
  6 -11.0195 -3.3915 59.1600 0.0708 -0.9443 0.3213 0.5236 0.6436
charger_material_0.bmp
  7 -12.8951 -3.3409 56.1099 -0.2165 -0.9763 -0.0014 0.5000 0.6158
  6 -10.9789 -3.8643 56.3851 -0.5510 -0.8290 -0.0953 0.5256 0.6158
  6 -11.0195 -3.3915 59.1600 0.0708 -0.9443 0.3213 0.5236 0.6436
charger_material_0.bmp
  6 -11.0195 -3.3915 59.1600 0.0708 -0.9443 0.3213 0.5236 0.6436
  6 -10.9789 -3.8643 56.3851 -0.5510 -0.8290 -0.0953 0.5256 0.6158
  6 -11.8594 -3.5366 57.7451 -0.0926 -0.9545 -0.2835 0.5453 0.6436
charger_material_0.bmp
  6 -10.9789 -3.8643 56.3851 -0.5510 -0.8290 -0.0953 0.5256 0.6158
  6 -10.5483 -4.2588 56.0942 -0.3082 -0.9470 0.0903 0.5512 0.6198
  6 -11.8594 -3.5366 57.7451 -0.0926 -0.9545 -0.2835 0.5453 0.6436
charger_material_0.bmp
  6 -11.8594 -3.5366 57.7451 -0.0926 -0.9545 -0.2835 0.5453 0.6436
  6 -10.5483 -4.2588 56.0942 -0.3082 -0.9470 0.0903 0.5512 0.6198
  6 -10.2908 -3.1010 58.7149 -0.1294 -0.8667 0.4818 0.5650 0.6515
charger_material_0.bmp
  6 -10.5483 -4.2588 56.0942 -0.3082 -0.9470 0.0903 0.5512 0.6198
  4 -8.9600 -4.0067 57.2339 -0.0526 -0.9277 0.3696 0.5709 0.6277
  6 -10.2908 -3.1010 58.7149 -0.1294 -0.8667 0.4818 0.5650 0.6515
charger_material_0.bmp
  6 -10.2908 -3.1010 58.7149 -0.1294 -0.8667 0.4818 0.5650 0.6515
  4 -8.9600 -4.0067 57.2339 -0.0526 -0.9277 0.3696 0.5709 0.6277
  4 -8.7300 -3.2904 58.7972 0.0177 -0.8428 0.5379 0.5807 0.6475
charger_material_0.bmp
  4 -8.9600 -4.0067 57.2339 -0.0526 -0.9277 0.3696 0.5709 0.6277
  4 -7.8700 -3.3834 58.2042 -0.0491 -0.8865 0.4601 0.5866 0.6396
  4 -8.7300 -3.2904 58.7972 0.0177 -0.8428 0.5379 0.5807 0.6475
charger_material_0.bmp
  4 -8.7300 -3.2904 58.7972 0.0177 -0.8428 0.5379 0.5807 0.6475
  4 -7.8700 -3.3834 58.2042 -0.0491 -0.8865 0.4601 0.5866 0.6396
  4 -7.0800 -2.8672 59.3068 -0.0644 -0.7360 0.6739 0.6004 0.6515
charger_material_0.bmp
  4 -7.8700 -3.3834 58.2042 -0.0491 -0.8865 0.4601 0.5866 0.6396
  4 -6.0100 -3.4452 58.7861 -0.1912 -0.8397 0.5083 0.6102 0.6396
  4 -7.0800 -2.8672 59.3068 -0.0644 -0.7360 0.6739 0.6004 0.6515
charger_material_0.bmp
  4 -7.0800 -2.8672 59.3068 -0.0644 -0.7360 0.6739 0.6004 0.6515
  4 -6.0100 -3.4452 58.7861 -0.1912 -0.8397 0.5083 0.6102 0.6396
  4 -6.0300 -2.8480 59.3541 -0.1301 -0.6247 0.7700 0.6122 0.6495
charger_material_0.bmp
  4 -6.0100 -3.4452 58.7861 -0.1912 -0.8397 0.5083 0.6102 0.6396
  4 -5.6900 -3.3651 59.0457 -0.2020 -0.7339 0.6485 0.6161 0.6416
  4 -6.0300 -2.8480 59.3541 -0.1301 -0.6247 0.7700 0.6122 0.6495
charger_material_0.bmp
  4 -6.0300 -2.8480 59.3541 -0.1301 -0.6247 0.7700 0.6122 0.6495
  4 -5.6900 -3.3651 59.0457 -0.2020 -0.7339 0.6485 0.6161 0.6416
  4 -3.9900 -3.5016 59.1838 -0.1301 -0.6247 0.7700 0.6339 0.6376
charger_material_0.bmp
  4 -1.3000 -3.1422 66.9749 -0.6123 -0.1814 0.7696 0.8248 0.6455
  4 -2.0600 -3.2053 66.3252 -0.6403 -0.0994 0.7616 0.8209 0.6337
  4 -1.6100 -3.7099 66.6151 -0.6123 -0.1814 0.7696 0.8307 0.6376
charger_material_0.bmp
  4 -1.6100 -3.7099 66.6151 -0.6123 -0.1814 0.7696 0.8307 0.6376
  4 -2.0600 -3.2053 66.3252 -0.6403 -0.0994 0.7616 0.8209 0.6337
  4 -2.5700 -4.1067 65.7645 -0.6403 -0.0994 0.7616 0.8268 0.6178
charger_material_0.bmp
  4 -2.0600 -3.2053 66.3252 -0.6403 -0.0994 0.7616 0.8209 0.6337
  4 -2.5500 -3.5172 65.8656 -0.7116 -0.0953 0.6961 0.8209 0.6218
  4 -2.5700 -4.1067 65.7645 -0.6403 -0.0994 0.7616 0.8268 0.6178
charger_material_0.bmp
  4 -2.5700 -4.1067 65.7645 -0.6403 -0.0994 0.7616 0.8268 0.6178
  4 -2.5500 -3.5172 65.8656 -0.7116 -0.0953 0.6961 0.8209 0.6218
  4 -3.0300 -3.4165 65.3271 -0.7784 -0.0808 0.6225 0.8150 0.6139
charger_material_0.bmp
  4 -2.5500 -3.5172 65.8656 -0.7116 -0.0953 0.6961 0.8209 0.6218
  4 -2.8100 -2.8311 65.6733 -0.7135 -0.0366 0.6997 0.8110 0.6218
  4 -3.0300 -3.4165 65.3271 -0.7784 -0.0808 0.6225 0.8150 0.6139
charger_material_0.bmp
  4 -3.0300 -3.4165 65.3271 -0.7784 -0.0808 0.6225 0.8150 0.6139
  4 -2.8100 -2.8311 65.6733 -0.7135 -0.0366 0.6997 0.8110 0.6218
  4 -3.3700 -2.4180 65.0649 -0.8535 0.0267 0.5204 0.8012 0.6119
charger_material_0.bmp
  4 -2.8100 -2.8311 65.6733 -0.7135 -0.0366 0.6997 0.8110 0.6218
  4 -3.0300 -1.8549 65.5070 -0.7912 0.1468 0.5937 0.7972 0.6238
  4 -3.3700 -2.4180 65.0649 -0.8535 0.0267 0.5204 0.8012 0.6119
charger_material_0.bmp
  4 -3.3700 -2.4180 65.0649 -0.8535 0.0267 0.5204 0.8012 0.6119
  4 -3.0300 -1.8549 65.5070 -0.7912 0.1468 0.5937 0.7972 0.6238
  4 -3.3300 -1.8512 64.8344 -0.9012 0.3514 0.2536 0.7913 0.6139
charger_material_0.bmp
  4 -3.0300 -1.8549 65.5070 -0.7912 0.1468 0.5937 0.7972 0.6238
  4 -3.0500 -1.4486 65.2359 -0.8388 0.4431 0.3164 0.7894 0.6218
  4 -3.3300 -1.8512 64.8344 -0.9012 0.3514 0.2536 0.7913 0.6139
charger_material_0.bmp
  4 -3.3300 -1.8512 64.8344 -0.9012 0.3514 0.2536 0.7913 0.6139
  4 -3.0500 -1.4486 65.2359 -0.8388 0.4431 0.3164 0.7894 0.6218
  4 -2.9600 -1.2318 64.8789 -0.7887 0.6040 0.1141 0.7835 0.6218
charger_material_0.bmp
  4 -3.0500 -1.4486 65.2359 -0.8388 0.4431 0.3164 0.7894 0.6218
  4 -2.6800 -1.1555 65.5973 -0.7586 0.4781 0.4426 0.7894 0.6317
  4 -2.9600 -1.2318 64.8789 -0.7887 0.6040 0.1141 0.7835 0.6218
charger_material_0.bmp
  4 -2.9600 -1.2318 64.8789 -0.7887 0.6040 0.1141 0.7835 0.6218
  4 -2.6800 -1.1555 65.5973 -0.7586 0.4781 0.4426 0.7894 0.6317
  4 -2.5300 -0.8255 65.3001 -0.6572 0.7232 0.2123 0.7835 0.6317
charger_material_0.bmp
  4 -2.6800 -1.1555 65.5973 -0.7586 0.4781 0.4426 0.7894 0.6317
  4 -2.2900 -0.9191 65.9288 -0.6196 0.5284 0.5805 0.7894 0.6396
  4 -2.5300 -0.8255 65.3001 -0.6572 0.7232 0.2123 0.7835 0.6317
charger_material_0.bmp
  4 -2.5300 -0.8255 65.3001 -0.6572 0.7232 0.2123 0.7835 0.6317
  4 -2.2900 -0.9191 65.9288 -0.6196 0.5284 0.5805 0.7894 0.6396
  4 -2.0500 -0.5638 65.6573 -0.4692 0.8056 0.3619 0.7835 0.6416
charger_material_0.bmp
  4 -2.2900 -0.9191 65.9288 -0.6196 0.5284 0.5805 0.7894 0.6396
  4 -1.8200 -0.8941 66.2193 -0.4547 0.5719 0.6828 0.7913 0.6475
  4 -2.0500 -0.5638 65.6573 -0.4692 0.8056 0.3619 0.7835 0.6416
charger_material_0.bmp
  4 -2.0500 -0.5638 65.6573 -0.4692 0.8056 0.3619 0.7835 0.6416
  4 -1.8200 -0.8941 66.2193 -0.4547 0.5719 0.6828 0.7913 0.6475
  4 -1.4700 -0.4788 66.0483 -0.4001 0.7354 0.5470 0.7854 0.6515
charger_material_0.bmp
  4 -1.8200 -0.8941 66.2193 -0.4547 0.5719 0.6828 0.7913 0.6475
  4 -1.4400 -1.1090 66.5862 -0.4386 0.4482 0.7790 0.7972 0.6515
  4 -1.4700 -0.4788 66.0483 -0.4001 0.7354 0.5470 0.7854 0.6515
charger_material_0.bmp
  4 -1.9200 -5.9801 63.0479 -0.1335 -0.9569 0.2579 0.8543 0.5723
  4 -1.8800 -6.0132 63.2477 -0.0129 -0.9933 0.1149 0.8543 0.5743
  4 -2.1600 -5.9360 63.1718 -0.1120 -0.9924 0.0512 0.8524 0.5743
charger_material_0.bmp
  4 -2.1600 -5.9360 63.1718 -0.1120 -0.9924 0.0512 0.8524 0.5743
  4 -1.8800 -6.0132 63.2477 -0.0129 -0.9933 0.1149 0.8543 0.5743
  4 -2.0500 -6.0257 63.3417 0.0453 -0.9979 0.0469 0.8524 0.5782
charger_material_0.bmp
  4 -1.8800 -6.0132 63.2477 -0.0129 -0.9933 0.1149 0.8543 0.5743
  4 -2.0100 -5.9831 63.4048 -0.2055 -0.9627 -0.1761 0.8543 0.5782
  4 -2.0500 -6.0257 63.3417 0.0453 -0.9979 0.0469 0.8524 0.5782
charger_material_0.bmp
  4 -2.0500 -6.0257 63.3417 0.0453 -0.9979 0.0469 0.8524 0.5782
  4 -2.0100 -5.9831 63.4048 -0.2055 -0.9627 -0.1761 0.8543 0.5782
  4 -2.0800 -6.0036 63.5106 -0.1630 -0.9610 -0.2233 0.8524 0.5802
charger_material_0.bmp
  4 -2.0100 -5.9831 63.4048 -0.2055 -0.9627 -0.1761 0.8543 0.5782
  4 -2.0100 -6.0523 63.4690 -0.6284 -0.6571 -0.4164 0.8543 0.5782
  4 -2.0800 -6.0036 63.5106 -0.1630 -0.9610 -0.2233 0.8524 0.5802
charger_material_0.bmp
  4 -2.0800 -6.0036 63.5106 -0.1630 -0.9610 -0.2233 0.8524 0.5802
  4 -2.0100 -6.0523 63.4690 -0.6284 -0.6571 -0.4164 0.8543 0.5782
  4 -2.0700 -6.0256 63.5555 -0.2035 -0.7098 -0.6744 0.8524 0.5802
charger_material_0.bmp
  4 -2.0100 -6.0523 63.4690 -0.6284 -0.6571 -0.4164 0.8543 0.5782
  4 -1.9900 -6.0897 63.4863 -0.5846 -0.7546 -0.2981 0.8543 0.5802
  4 -2.0700 -6.0256 63.5555 -0.2035 -0.7098 -0.6744 0.8524 0.5802
charger_material_0.bmp
  4 -2.0700 -6.0256 63.5555 -0.2035 -0.7098 -0.6744 0.8524 0.5802
  4 -1.9900 -6.0897 63.4863 -0.5846 -0.7546 -0.2981 0.8543 0.5802
  4 -1.9600 -6.1196 63.5429 -0.3959 -0.6033 -0.6923 0.8543 0.5802
charger_material_0.bmp
  4 -1.9900 -6.0897 63.4863 -0.5846 -0.7546 -0.2981 0.8543 0.5802
  4 -1.9000 -6.1468 63.5074 -0.4033 -0.8551 -0.3259 0.8563 0.5802
  4 -1.9600 -6.1196 63.5429 -0.3959 -0.6033 -0.6923 0.8543 0.5802
charger_material_0.bmp
  4 -1.9600 -6.1196 63.5429 -0.3959 -0.6033 -0.6923 0.8543 0.5802
  4 -1.9000 -6.1468 63.5074 -0.4033 -0.8551 -0.3259 0.8563 0.5802
  4 -1.7800 -6.2020 63.5383 -0.3319 -0.5754 -0.7475 0.8583 0.5802
charger_material_0.bmp
  4 -1.9000 -6.1468 63.5074 -0.4033 -0.8551 -0.3259 0.8563 0.5802
  4 -1.7900 -6.1721 63.4817 -0.2127 -0.9090 -0.3585 0.8563 0.5802
  4 -1.7800 -6.2020 63.5383 -0.3319 -0.5754 -0.7475 0.8583 0.5802
charger_material_0.bmp
  4 -1.7800 -6.2020 63.5383 -0.3319 -0.5754 -0.7475 0.8583 0.5802
  4 -1.7900 -6.1721 63.4817 -0.2127 -0.9090 -0.3585 0.8563 0.5802
  4 -1.6500 -6.1721 63.4817 -0.1462 -0.7464 -0.6493 0.8583 0.5802
charger_material_0.bmp
  4 -1.7900 -6.1721 63.4817 -0.2127 -0.9090 -0.3585 0.8563 0.5802
  4 -1.7000 -6.1754 63.4110 -0.0627 -0.8854 -0.4606 0.8583 0.5782
  4 -1.6500 -6.1721 63.4817 -0.1462 -0.7464 -0.6493 0.8583 0.5802
charger_material_0.bmp
  4 -1.6500 -6.1721 63.4817 -0.1462 -0.7464 -0.6493 0.8583 0.5802
  4 -1.7000 -6.1754 63.4110 -0.0627 -0.8854 -0.4606 0.8583 0.5782
  4 -1.6000 -6.1361 63.4035 0.1646 -0.8449 -0.5090 0.8602 0.5782
charger_material_0.bmp
  4 -1.7000 -6.1754 63.4110 -0.0627 -0.8854 -0.4606 0.8583 0.5782
  4 -1.7000 -6.1123 63.3684 -0.0384 -0.8083 -0.5875 0.8583 0.5782
  4 -1.6000 -6.1361 63.4035 0.1646 -0.8449 -0.5090 0.8602 0.5782
charger_material_0.bmp
  4 -1.6000 -6.1361 63.4035 0.1646 -0.8449 -0.5090 0.8602 0.5782
  4 -1.7000 -6.1123 63.3684 -0.0384 -0.8083 -0.5875 0.8583 0.5782
  4 -1.6200 -6.1062 63.3469 0.1257 -0.7776 -0.6161 0.8583 0.5762
charger_material_0.bmp
  4 -1.7000 -6.1123 63.3684 -0.0384 -0.8083 -0.5875 0.8583 0.5782
  4 -1.7000 -6.0525 63.2552 -0.0403 -0.6965 -0.7164 0.8583 0.5762
  4 -1.6200 -6.1062 63.3469 0.1257 -0.7776 -0.6161 0.8583 0.5762
charger_material_0.bmp
  7 -17.6191 8.5650 51.9920 0.0352 0.6984 -0.7148 0.4291 0.8574
  7 -16.4121 9.0791 52.2419 -0.1358 0.6054 -0.7842 0.4469 0.8594
  7 -17.8123 6.9781 51.4445 0.0564 0.2339 -0.9706 0.4193 0.8772
charger_material_0.bmp
  7 -17.8123 6.9781 51.4445 0.0564 0.2339 -0.9706 0.4193 0.8772
  7 -16.4121 9.0791 52.2419 -0.1358 0.6054 -0.7842 0.4469 0.8594
  7 -17.0911 6.7692 51.2683 -0.3463 0.2904 -0.8920 0.4272 0.8812
charger_material_0.bmp
  7 -16.4121 9.0791 52.2419 -0.1358 0.6054 -0.7842 0.4469 0.8594
  7 -15.5341 9.1241 52.2176 -0.2837 0.6409 -0.7132 0.4587 0.8653
  7 -17.0911 6.7692 51.2683 -0.3463 0.2904 -0.8920 0.4272 0.8812
charger_material_0.bmp
  7 -17.0911 6.7692 51.2683 -0.3463 0.2904 -0.8920 0.4272 0.8812
  7 -15.5341 9.1241 52.2176 -0.2837 0.6409 -0.7132 0.4587 0.8653
  7 -16.4119 6.6686 50.7033 -0.5126 0.3643 -0.7775 0.4350 0.8931
charger_material_0.bmp
  7 -15.5341 9.1241 52.2176 -0.2837 0.6409 -0.7132 0.4587 0.8653
  2 -10.3097 9.6149 49.3127 -0.4808 0.7342 -0.4794 0.4646 0.8772
  7 -16.4119 6.6686 50.7033 -0.5126 0.3643 -0.7775 0.4350 0.8931
charger_material_0.bmp
  7 -16.4119 6.6686 50.7033 -0.5126 0.3643 -0.7775 0.4350 0.8931
  2 -10.3097 9.6149 49.3127 -0.4808 0.7342 -0.4794 0.4646 0.8772
  2 -10.4298 7.5564 47.4511 -0.5575 0.3396 -0.7576 0.4409 0.9069
charger_material_0.bmp
  2 -10.3097 9.6149 49.3127 -0.4808 0.7342 -0.4794 0.4646 0.8772
  2 -9.7797 9.4359 48.0725 -0.6120 0.5568 -0.5617 0.4626 0.8970
  2 -10.4298 7.5564 47.4511 -0.5575 0.3396 -0.7576 0.4409 0.9069
charger_material_0.bmp
  2 -10.4298 7.5564 47.4511 -0.5575 0.3396 -0.7576 0.4409 0.9069
  2 -9.7797 9.4359 48.0725 -0.6120 0.5568 -0.5617 0.4626 0.8970
  2 -9.6298 7.5468 46.9310 -0.7466 0.2894 -0.5990 0.4429 0.9188
charger_material_0.bmp
  2 -9.7797 9.4359 48.0725 -0.6120 0.5568 -0.5617 0.4626 0.8970
  2 -9.0398 9.2466 47.2324 -0.6161 0.6268 -0.4769 0.4646 0.9129
  2 -9.6298 7.5468 46.9310 -0.7466 0.2894 -0.5990 0.4429 0.9188
charger_material_0.bmp
  2 -9.6298 7.5468 46.9310 -0.7466 0.2894 -0.5990 0.4429 0.9188
  2 -9.0398 9.2466 47.2324 -0.6161 0.6268 -0.4769 0.4646 0.9129
  2 -9.1298 7.6777 45.8611 -0.8151 0.3323 -0.4746 0.4449 0.9386
charger_material_0.bmp
  2 -9.0398 9.2466 47.2324 -0.6161 0.6268 -0.4769 0.4646 0.9129
  2 -8.3398 9.2976 45.9524 -0.4882 0.7072 -0.5113 0.4665 0.9327
  2 -9.1298 7.6777 45.8611 -0.8151 0.3323 -0.4746 0.4449 0.9386
charger_material_0.bmp
  2 -9.1298 7.6777 45.8611 -0.8151 0.3323 -0.4746 0.4449 0.9386
  2 -8.3398 9.2976 45.9524 -0.4882 0.7072 -0.5113 0.4665 0.9327
  2 -7.3799 8.4988 44.4717 -0.4335 0.6670 -0.6060 0.4646 0.9564
charger_material_0.bmp
  2 -8.3398 9.2976 45.9524 -0.4882 0.7072 -0.5113 0.4665 0.9327
  2 -6.0999 9.0785 44.8921 -0.0507 0.8416 -0.5377 0.4823 0.9545
  2 -7.3799 8.4988 44.4717 -0.4335 0.6670 -0.6060 0.4646 0.9564
charger_material_0.bmp
  2 -7.3799 8.4988 44.4717 -0.4335 0.6670 -0.6060 0.4646 0.9564
  2 -6.0999 9.0785 44.8921 -0.0507 0.8416 -0.5377 0.4823 0.9545
  1 -5.4400 8.1162 43.3813 -0.0389 0.8545 -0.5180 0.4803 0.9802
charger_material_0.bmp
  2 -6.0999 9.0785 44.8921 -0.0507 0.8416 -0.5377 0.4823 0.9545
  1 -4.1200 8.3162 43.9513 0.0905 0.8731 -0.4790 0.5000 0.9802
  1 -5.4400 8.1162 43.3813 -0.0389 0.8545 -0.5180 0.4803 0.9802
charger_material_0.bmp
  1 -5.4400 8.1162 43.3813 -0.0389 0.8545 -0.5180 0.4803 0.9802
  1 -4.1200 8.3162 43.9513 0.0905 0.8731 -0.4790 0.5000 0.9802
  1 -4.0800 7.7362 42.8413 0.0905 0.8731 -0.4790 0.4941 0.9941
charger_material_0.bmp
  1 -4.1200 8.3162 43.9513 0.0905 0.8731 -0.4790 0.5000 0.9802
  1 -3.1200 7.9862 43.5213 0.0905 0.8731 -0.4790 0.5138 0.9921
  1 -4.0800 7.7362 42.8413 0.0905 0.8731 -0.4790 0.4941 0.9941
charger_material_0.bmp
  4 -0.6700 -5.9794 62.7322 0.7339 -0.5393 -0.4128 0.8760 0.5663
  4 -0.6600 -6.1635 62.9404 0.6293 -0.5336 -0.5650 0.8760 0.5703
  4 -1.0400 -6.4752 62.6946 0.4816 -0.7888 -0.3819 0.8701 0.5683
charger_material_0.bmp
  4 -1.0400 -6.4752 62.6946 0.4816 -0.7888 -0.3819 0.8701 0.5683
  4 -0.6600 -6.1635 62.9404 0.6293 -0.5336 -0.5650 0.8760 0.5703
  4 -0.9900 -6.5098 62.8336 0.3481 -0.7952 -0.4965 0.8701 0.5723
charger_material_0.bmp
  4 -0.6600 -6.1635 62.9404 0.6293 -0.5336 -0.5650 0.8760 0.5703
  4 -0.6600 -6.3801 63.0327 0.3152 -0.3836 -0.8680 0.8760 0.5723
  4 -0.9900 -6.5098 62.8336 0.3481 -0.7952 -0.4965 0.8701 0.5723
charger_material_0.bmp
  4 -0.9900 -6.5098 62.8336 0.3481 -0.7952 -0.4965 0.8701 0.5723
  4 -0.6600 -6.3801 63.0327 0.3152 -0.3836 -0.8680 0.8760 0.5723
  4 -0.9200 -6.6074 63.0151 0.0182 -0.8010 -0.5984 0.8720 0.5743
charger_material_0.bmp
  4 -0.6600 -6.3801 63.0327 0.3152 -0.3836 -0.8680 0.8760 0.5723
  4 -0.7900 -6.6785 63.0694 -0.1610 -0.6902 -0.7055 0.8740 0.5762
  4 -0.9200 -6.6074 63.0151 0.0182 -0.8010 -0.5984 0.8720 0.5743
charger_material_0.bmp
  4 -0.9200 -6.6074 63.0151 0.0182 -0.8010 -0.5984 0.8720 0.5743
  4 -0.7900 -6.6785 63.0694 -0.1610 -0.6902 -0.7055 0.8740 0.5762
  4 -0.9700 -6.6036 63.0348 -0.4033 -0.8551 -0.3259 0.8701 0.5762
charger_material_0.bmp
  4 -0.7900 -6.6785 63.0694 -0.1610 -0.6902 -0.7055 0.8740 0.5762
  4 -0.8200 -6.6985 63.1242 -0.1895 -0.7907 -0.5821 0.8720 0.5782
  4 -0.9700 -6.6036 63.0348 -0.4033 -0.8551 -0.3259 0.8701 0.5762
charger_material_0.bmp
  4 -0.9700 -6.6036 63.0348 -0.4033 -0.8551 -0.3259 0.8701 0.5762
  4 -0.8200 -6.6985 63.1242 -0.1895 -0.7907 -0.5821 0.8720 0.5782
  4 -1.0100 -6.6480 63.1756 -0.3959 -0.6033 -0.6923 0.8701 0.5782
charger_material_0.bmp
  4 -0.8200 -6.6985 63.1242 -0.1895 -0.7907 -0.5821 0.8720 0.5782
  4 -0.8600 -6.7677 63.1883 -0.1549 -0.5723 -0.8053 0.8720 0.5802
  4 -1.0100 -6.6480 63.1756 -0.3959 -0.6033 -0.6923 0.8701 0.5782
charger_material_0.bmp
  4 -1.0100 -6.6480 63.1756 -0.3959 -0.6033 -0.6923 0.8701 0.5782
  4 -0.8600 -6.7677 63.1883 -0.1549 -0.5723 -0.8053 0.8720 0.5802
  4 -1.0700 -6.7364 63.1925 -0.2120 -0.3360 -0.9177 0.8701 0.5802
charger_material_0.bmp
  4 -0.8600 -6.7677 63.1883 -0.1549 -0.5723 -0.8053 0.8720 0.5802
  4 -0.8700 -6.8921 63.2833 0.0049 -0.7390 -0.6737 0.8720 0.5822
  4 -1.0700 -6.7364 63.1925 -0.2120 -0.3360 -0.9177 0.8701 0.5802
charger_material_0.bmp
  4 -1.0700 -6.7364 63.1925 -0.2120 -0.3360 -0.9177 0.8701 0.5802
  4 -0.8700 -6.8921 63.2833 0.0049 -0.7390 -0.6737 0.8720 0.5822
  4 -1.1400 -6.8112 63.2272 -0.3140 -0.4673 -0.8264 0.8701 0.5802
charger_material_0.bmp
  4 -0.8700 -6.8921 63.2833 0.0049 -0.7390 -0.6737 0.8720 0.5822
  4 -1.0300 -6.9832 63.3924 -0.1883 -0.9290 -0.3187 0.8701 0.5842
  4 -1.1400 -6.8112 63.2272 -0.3140 -0.4673 -0.8264 0.8701 0.5802
charger_material_0.bmp
  4 -1.1400 -6.8112 63.2272 -0.3140 -0.4673 -0.8264 0.8701 0.5802
  4 -1.0300 -6.9832 63.3924 -0.1883 -0.9290 -0.3187 0.8701 0.5842
  4 -1.4100 -6.8115 63.4919 -0.5128 -0.7341 -0.4451 0.8661 0.5842
charger_material_0.bmp
  4 -1.0300 -6.9832 63.3924 -0.1883 -0.9290 -0.3187 0.8701 0.5842
  4 -1.2800 -6.9091 63.6735 -0.3740 -0.9233 -0.0870 0.8681 0.5881
  4 -1.4100 -6.8115 63.4919 -0.5128 -0.7341 -0.4451 0.8661 0.5842
charger_material_0.bmp
  3 -8.7200 -4.4332 54.1684 -0.2869 -0.9558 0.0645 0.5591 0.5881
  3 -6.3400 -5.2870 54.9976 -0.3057 -0.8787 0.3666 0.5886 0.5881
  4 -6.8300 -4.4412 55.9731 -0.1501 -0.9225 0.3555 0.5886 0.6059
charger_material_0.bmp
  4 -6.8300 -4.4412 55.9731 -0.1501 -0.9225 0.3555 0.5886 0.6059
  3 -6.3400 -5.2870 54.9976 -0.3057 -0.8787 0.3666 0.5886 0.5881
  4 -5.4400 -4.2497 56.9750 -0.2308 -0.8831 0.4085 0.6083 0.6119
charger_material_0.bmp
  3 -6.3400 -5.2870 54.9976 -0.3057 -0.8787 0.3666 0.5886 0.5881
  4 -4.4700 -5.1066 56.2734 -0.1844 -0.8811 0.4354 0.6161 0.5960
  4 -5.4400 -4.2497 56.9750 -0.2308 -0.8831 0.4085 0.6083 0.6119
charger_material_0.bmp
  4 -5.4400 -4.2497 56.9750 -0.2308 -0.8831 0.4085 0.6083 0.6119
  4 -4.4700 -5.1066 56.2734 -0.1844 -0.8811 0.4354 0.6161 0.5960
  4 -4.0800 -4.2765 58.0593 -0.2308 -0.8831 0.4085 0.6280 0.6178
charger_material_0.bmp
  4 -4.4700 -5.1066 56.2734 -0.1844 -0.8811 0.4354 0.6161 0.5960
  4 -2.8700 -4.6033 57.7349 -0.0491 -0.8865 0.4601 0.6398 0.6079
  4 -4.0800 -4.2765 58.0593 -0.2308 -0.8831 0.4085 0.6280 0.6178
charger_material_0.bmp
  4 -4.0800 -4.2765 58.0593 -0.2308 -0.8831 0.4085 0.6280 0.6178
  4 -2.8700 -4.6033 57.7349 -0.0491 -0.8865 0.4601 0.6398 0.6079
  4 -3.8900 -4.0272 58.7243 -0.1270 -0.8112 0.5709 0.6339 0.6277
charger_material_0.bmp
  4 -2.8700 -4.6033 57.7349 -0.0491 -0.8865 0.4601 0.6398 0.6079
  4 -3.1700 -4.0951 58.6355 0.0550 -0.8594 0.5083 0.6417 0.6238
  4 -3.8900 -4.0272 58.7243 -0.1270 -0.8112 0.5709 0.6339 0.6277
charger_material_0.bmp
  4 -3.8900 -4.0272 58.7243 -0.1270 -0.8112 0.5709 0.6339 0.6277
  4 -3.1700 -4.0951 58.6355 0.0550 -0.8594 0.5083 0.6417 0.6238
  4 -3.3100 -3.7603 59.1620 -0.2125 -0.7640 0.6092 0.6437 0.6317
charger_material_0.bmp
  4 -3.1700 -4.0951 58.6355 0.0550 -0.8594 0.5083 0.6417 0.6238
  4 -2.6000 -3.8942 58.9941 -0.0526 -0.9277 0.3696 0.6516 0.6257
  4 -3.3100 -3.7603 59.1620 -0.2125 -0.7640 0.6092 0.6437 0.6317
charger_material_0.bmp
  4 -3.3100 -3.7603 59.1620 -0.2125 -0.7640 0.6092 0.6437 0.6317
  4 -2.6000 -3.8942 58.9941 -0.0526 -0.9277 0.3696 0.6516 0.6257
  4 -2.6500 -3.5521 59.8247 -0.3811 -0.8797 0.2846 0.6555 0.6376
charger_material_0.bmp
  4 -2.6000 -3.8942 58.9941 -0.0526 -0.9277 0.3696 0.6516 0.6257
  4 -2.1800 -3.8279 59.5007 -0.3644 -0.9312 -0.0082 0.6594 0.6297
  4 -2.6500 -3.5521 59.8247 -0.3811 -0.8797 0.2846 0.6555 0.6376
charger_material_0.bmp
  4 -2.6500 -3.5521 59.8247 -0.3811 -0.8797 0.2846 0.6555 0.6376
  4 -2.1800 -3.8279 59.5007 -0.3644 -0.9312 -0.0082 0.6594 0.6297
  4 -2.3300 -3.8055 60.0971 -0.7801 -0.5801 -0.2346 0.6614 0.6396
charger_material_0.bmp
  4 -2.1800 -3.8279 59.5007 -0.3644 -0.9312 -0.0082 0.6594 0.6297
  4 -1.8200 -4.1696 59.7900 -0.6267 -0.5592 -0.5427 0.6673 0.6317
  4 -2.3300 -3.8055 60.0971 -0.7801 -0.5801 -0.2346 0.6614 0.6396
charger_material_0.bmp
  4 -2.3300 -3.8055 60.0971 -0.7801 -0.5801 -0.2346 0.6614 0.6396
  4 -1.8200 -4.1696 59.7900 -0.6267 -0.5592 -0.5427 0.6673 0.6317
  4 -2.2800 -4.1184 60.2180 -0.7607 -0.2984 -0.5764 0.6654 0.6396
charger_material_0.bmp
  4 -1.8200 -4.1696 59.7900 -0.6267 -0.5592 -0.5427 0.6673 0.6317
  4 -1.7900 -4.4783 59.8796 -0.6020 -0.2899 -0.7440 0.6713 0.6317
  4 -2.2800 -4.1184 60.2180 -0.7607 -0.2984 -0.5764 0.6654 0.6396
charger_material_0.bmp
  4 -2.3600 -5.9578 63.4305 -0.0672 -0.9853 -0.1569 0.8484 0.5782
  4 -2.3800 -6.0035 63.0320 -0.2604 -0.9648 0.0368 0.8484 0.5723
  4 -2.1600 -5.9360 63.1718 -0.1120 -0.9924 0.0512 0.8524 0.5743
charger_material_0.bmp
  4 -2.1600 -5.9360 63.1718 -0.1120 -0.9924 0.0512 0.8524 0.5743
  4 -2.3800 -6.0035 63.0320 -0.2604 -0.9648 0.0368 0.8484 0.5723
  4 -2.0100 -6.0920 62.8351 -0.1777 -0.9483 0.2629 0.8543 0.5703
charger_material_0.bmp
  4 -2.3800 -6.0035 63.0320 -0.2604 -0.9648 0.0368 0.8484 0.5723
  4 -2.4000 -5.9528 62.6049 -0.3849 -0.9092 -0.1587 0.8484 0.5683
  4 -2.0100 -6.0920 62.8351 -0.1777 -0.9483 0.2629 0.8543 0.5703
charger_material_0.bmp
  4 -2.0100 -6.0920 62.8351 -0.1777 -0.9483 0.2629 0.8543 0.5703
  4 -2.4000 -5.9528 62.6049 -0.3849 -0.9092 -0.1587 0.8484 0.5683
  4 -2.0500 -6.0600 62.5236 -0.3734 -0.9051 -0.2036 0.8543 0.5663
charger_material_0.bmp
  4 -2.4000 -5.9528 62.6049 -0.3849 -0.9092 -0.1587 0.8484 0.5683
  4 -2.4300 -5.8827 62.4388 -0.4693 -0.6335 -0.6152 0.8484 0.5644
  4 -2.0500 -6.0600 62.5236 -0.3734 -0.9051 -0.2036 0.8543 0.5663
charger_material_0.bmp
  4 -2.0500 -6.0600 62.5236 -0.3734 -0.9051 -0.2036 0.8543 0.5663
  4 -2.4300 -5.8827 62.4388 -0.4693 -0.6335 -0.6152 0.8484 0.5644
  4 -2.0000 -6.0072 62.3201 -0.4844 -0.5864 -0.6492 0.8543 0.5624
charger_material_0.bmp
  4 -2.4300 -5.8827 62.4388 -0.4693 -0.6335 -0.6152 0.8484 0.5644
  4 -2.4100 -5.7111 62.3245 -0.3876 -0.0919 -0.9173 0.8484 0.5624
  4 -2.0000 -6.0072 62.3201 -0.4844 -0.5864 -0.6492 0.8543 0.5624
charger_material_0.bmp
  4 -2.0000 -6.0072 62.3201 -0.4844 -0.5864 -0.6492 0.8543 0.5624
  4 -2.4100 -5.7111 62.3245 -0.3876 -0.0919 -0.9173 0.8484 0.5624
  4 -1.8600 -5.7491 62.1791 -0.5789 -0.1202 -0.8065 0.8543 0.5584
charger_material_0.bmp
  4 -2.4100 -5.7111 62.3245 -0.3876 -0.0919 -0.9173 0.8484 0.5624
  4 -2.2600 -5.2784 62.4047 -0.2673 -0.3088 -0.9128 0.8445 0.5584
  4 -1.8600 -5.7491 62.1791 -0.5789 -0.1202 -0.8065 0.8543 0.5584
charger_material_0.bmp
  4 -1.8600 -5.7491 62.1791 -0.5789 -0.1202 -0.8065 0.8543 0.5584
  4 -2.2600 -5.2784 62.4047 -0.2673 -0.3088 -0.9128 0.8445 0.5584
  4 -2.0000 -5.3005 62.2359 -0.6354 -0.3458 -0.6904 0.8484 0.5564
charger_material_0.bmp
  4 -2.2600 -5.2784 62.4047 -0.2673 -0.3088 -0.9128 0.8445 0.5584
  4 -2.1600 -5.0232 62.1421 -0.1895 -0.7907 -0.5821 0.8445 0.5545
  4 -2.0000 -5.3005 62.2359 -0.6354 -0.3458 -0.6904 0.8484 0.5564
charger_material_0.bmp
  4 -2.0000 -5.3005 62.2359 -0.6354 -0.3458 -0.6904 0.8484 0.5564
  4 -2.1600 -5.0232 62.1421 -0.1895 -0.7907 -0.5821 0.8445 0.5545
  4 -1.9200 -5.0724 61.9377 -0.7039 -0.5428 -0.4581 0.8484 0.5505
charger_material_0.bmp
  4 -2.1600 -5.0232 62.1421 -0.1895 -0.7907 -0.5821 0.8445 0.5545
  4 -2.0500 -4.8943 61.7510 -0.3110 -0.8848 -0.3469 0.8465 0.5465
  4 -1.9200 -5.0724 61.9377 -0.7039 -0.5428 -0.4581 0.8484 0.5505
charger_material_0.bmp
  4 -1.9200 -5.0724 61.9377 -0.7039 -0.5428 -0.4581 0.8484 0.5505
  4 -2.0500 -4.8943 61.7510 -0.3110 -0.8848 -0.3469 0.8465 0.5465
  4 -1.7900 -5.1118 61.7315 -0.7039 -0.5428 -0.4581 0.8504 0.5485
charger_material_0.bmp
  4 -2.0500 -4.8943 61.7510 -0.3110 -0.8848 -0.3469 0.8465 0.5465
  4 -1.8400 -4.9795 61.6247 -0.4207 -0.7454 -0.5170 0.8504 0.5465
  4 -1.7900 -5.1118 61.7315 -0.7039 -0.5428 -0.4581 0.8504 0.5485
charger_material_0.bmp
  4 -1.6500 -6.0071 63.2262 0.0293 -0.9184 -0.3946 0.8583 0.5743
  4 -1.5000 -5.9958 63.2851 -0.0680 -0.9683 -0.2405 0.8602 0.5743
  4 -1.6000 -6.0449 63.2945 0.1750 -0.6849 -0.7073 0.8583 0.5762
charger_material_0.bmp
  4 -1.6000 -6.0449 63.2945 0.1750 -0.6849 -0.7073 0.8583 0.5762
  4 -1.5000 -5.9958 63.2851 -0.0680 -0.9683 -0.2405 0.8602 0.5743
  4 -1.5500 -6.0824 63.3118 0.2984 -0.7240 -0.6220 0.8602 0.5762
charger_material_0.bmp
  4 -1.5000 -5.9958 63.2851 -0.0680 -0.9683 -0.2405 0.8602 0.5743
  4 -1.4800 -6.0356 63.3436 -0.4207 -0.7454 -0.5170 0.8602 0.5762
  4 -1.5500 -6.0824 63.3118 0.2984 -0.7240 -0.6220 0.8602 0.5762
charger_material_0.bmp
  4 -1.5500 -6.0824 63.3118 0.2984 -0.7240 -0.6220 0.8602 0.5762
  4 -1.4800 -6.0356 63.3436 -0.4207 -0.7454 -0.5170 0.8602 0.5762
  4 -1.5300 -6.1104 63.3783 -0.0553 -0.6403 -0.7662 0.8602 0.5782
charger_material_0.bmp
  4 -1.4800 -6.0356 63.3436 -0.4207 -0.7454 -0.5170 0.8602 0.5762
  4 -1.5000 -6.1440 63.4152 -0.4388 -0.4232 -0.7927 0.8602 0.5782
  4 -1.5300 -6.1104 63.3783 -0.0553 -0.6403 -0.7662 0.8602 0.5782
charger_material_0.bmp
  4 -1.5300 -6.1104 63.3783 -0.0553 -0.6403 -0.7662 0.8602 0.5782
  4 -1.5000 -6.1440 63.4152 -0.4388 -0.4232 -0.7927 0.8602 0.5782
  4 -1.6400 -6.2193 63.5009 -0.3562 -0.1388 -0.9241 0.8602 0.5802
charger_material_0.bmp
  4 -1.5000 -6.1440 63.4152 -0.4388 -0.4232 -0.7927 0.8602 0.5782
  4 -1.4400 -6.1908 63.3834 -0.4693 -0.2038 -0.8592 0.8622 0.5782
  4 -1.6400 -6.2193 63.5009 -0.3562 -0.1388 -0.9241 0.8602 0.5802
charger_material_0.bmp
  4 -1.6400 -6.2193 63.5009 -0.3562 -0.1388 -0.9241 0.8602 0.5802
  4 -1.4400 -6.1908 63.3834 -0.4693 -0.2038 -0.8592 0.8622 0.5782
  4 -1.6200 -6.3054 63.4766 -0.4168 0.1790 -0.8912 0.8602 0.5802
charger_material_0.bmp
  4 -1.4400 -6.1908 63.3834 -0.4693 -0.2038 -0.8592 0.8622 0.5782
  4 -1.4400 -6.4084 63.3639 -0.3933 0.2317 -0.8897 0.8642 0.5802
  4 -1.6200 -6.3054 63.4766 -0.4168 0.1790 -0.8912 0.8602 0.5802
charger_material_0.bmp
  4 -1.6200 -6.3054 63.4766 -0.4168 0.1790 -0.8912 0.8602 0.5802
  4 -1.4400 -6.4084 63.3639 -0.3933 0.2317 -0.8897 0.8642 0.5802
  4 -1.6700 -6.4794 63.4183 -0.4892 0.0393 -0.8713 0.8622 0.5822
charger_material_0.bmp
  4 -1.4400 -6.4084 63.3639 -0.3933 0.2317 -0.8897 0.8642 0.5802
  4 -1.3800 -6.6334 63.3052 -0.3386 -0.2354 -0.9110 0.8661 0.5822
  4 -1.6700 -6.4794 63.4183 -0.4892 0.0393 -0.8713 0.8622 0.5822
charger_material_0.bmp
  4 -1.6700 -6.4794 63.4183 -0.4892 0.0393 -0.8713 0.8622 0.5822
  4 -1.3800 -6.6334 63.3052 -0.3386 -0.2354 -0.9110 0.8661 0.5822
  4 -1.5400 -6.6539 63.4109 -0.4156 -0.5280 -0.7406 0.8642 0.5842
charger_material_0.bmp
  4 -1.3800 -6.6334 63.3052 -0.3386 -0.2354 -0.9110 0.8661 0.5822
  4 -1.4100 -6.8115 63.4919 -0.3943 -0.7881 -0.4727 0.8661 0.5842
  4 -1.5400 -6.6539 63.4109 -0.4156 -0.5280 -0.7406 0.8642 0.5842
charger_material_0.bmp
  4 -1.5400 -6.6539 63.4109 -0.4156 -0.5280 -0.7406 0.8642 0.5842
  4 -1.4100 -6.8115 63.4919 -0.3943 -0.7881 -0.4727 0.8661 0.5842
  4 -1.8400 -6.6379 63.6013 -0.5436 -0.5649 -0.6208 0.8602 0.5861
charger_material_0.bmp
  4 -1.4100 -6.8115 63.4919 -0.3943 -0.7881 -0.4727 0.8661 0.5842
  4 -1.8100 -6.7182 63.8202 -0.4699 -0.8641 -0.1803 0.8602 0.5881
  4 -1.8400 -6.6379 63.6013 -0.5436 -0.5649 -0.6208 0.8602 0.5861
charger_material_0.bmp
  8 -44.7118 -3.3302 45.4444 -0.0780 0.6040 -0.7932 0.0709 0.5861
  8 -44.1211 -3.9103 44.9424 0.3664 0.4386 -0.8206 0.0748 0.5960
  8 -45.1012 -3.4147 44.9031 0.3383 0.8092 -0.4803 0.0650 0.5901
charger_material_0.bmp
  8 -45.1012 -3.4147 44.9031 0.3383 0.8092 -0.4803 0.0650 0.5901
  8 -44.1211 -3.9103 44.9424 0.3664 0.4386 -0.8206 0.0748 0.5960
  8 -44.5545 -3.8605 44.3082 0.4994 0.4910 -0.7139 0.0669 0.5980
charger_material_0.bmp
  8 -44.1211 -3.9103 44.9424 0.3664 0.4386 -0.8206 0.0748 0.5960
  8 -44.3430 -4.7146 44.2645 0.7168 -0.1058 -0.6892 0.0709 0.6059
  8 -44.5545 -3.8605 44.3082 0.4994 0.4910 -0.7139 0.0669 0.5980
charger_material_0.bmp
  8 -44.5545 -3.8605 44.3082 0.4994 0.4910 -0.7139 0.0669 0.5980
  8 -44.3430 -4.7146 44.2645 0.7168 -0.1058 -0.6892 0.0709 0.6059
  8 -45.3230 -4.8001 43.7603 0.4001 -0.1432 -0.9052 0.0591 0.6079
charger_material_0.bmp
  8 -44.3430 -4.7146 44.2645 0.7168 -0.1058 -0.6892 0.0709 0.6059
  8 -44.6290 -5.4590 44.6254 0.5020 -0.7074 -0.4976 0.0709 0.6158
  8 -45.3230 -4.8001 43.7603 0.4001 -0.1432 -0.9052 0.0591 0.6079
charger_material_0.bmp
  8 -45.3230 -4.8001 43.7603 0.4001 -0.1432 -0.9052 0.0591 0.6079
  8 -44.6290 -5.4590 44.6254 0.5020 -0.7074 -0.4976 0.0709 0.6158
  8 -45.4024 -5.3938 43.9517 0.3619 -0.6245 -0.6922 0.0591 0.6139
charger_material_0.bmp
  8 -44.6290 -5.4590 44.6254 0.5020 -0.7074 -0.4976 0.0709 0.6158
  8 -45.7418 -5.6266 44.2054 -0.0299 -0.9434 -0.3302 0.0571 0.6178
  8 -45.4024 -5.3938 43.9517 0.3619 -0.6245 -0.6922 0.0591 0.6139
charger_material_0.bmp
  8 -45.4024 -5.3938 43.9517 0.3619 -0.6245 -0.6922 0.0591 0.6139
  8 -45.7418 -5.6266 44.2054 -0.0299 -0.9434 -0.3302 0.0571 0.6178
  8 -45.7708 -5.3327 43.7872 0.0417 -0.5631 -0.8253 0.0551 0.6119
charger_material_0.bmp
  8 -45.7418 -5.6266 44.2054 -0.0299 -0.9434 -0.3302 0.0571 0.6178
  8 -46.2946 -5.3506 43.9878 -0.3114 -0.5371 -0.7839 0.0512 0.6139
  8 -45.7708 -5.3327 43.7872 0.0417 -0.5631 -0.8253 0.0551 0.6119
charger_material_0.bmp
  8 -45.7708 -5.3327 43.7872 0.0417 -0.5631 -0.8253 0.0551 0.6119
  8 -46.2946 -5.3506 43.9878 -0.3114 -0.5371 -0.7839 0.0512 0.6139
  8 -45.9486 -4.8181 43.6173 -0.1046 -0.1212 -0.9871 0.0551 0.6079
charger_material_0.bmp
  8 -46.2946 -5.3506 43.9878 -0.3114 -0.5371 -0.7839 0.0512 0.6139
  8 -46.6339 -4.8942 43.9694 -0.4270 -0.1348 -0.8941 0.0472 0.6099
  8 -45.9486 -4.8181 43.6173 -0.1046 -0.1212 -0.9871 0.0551 0.6079
charger_material_0.bmp
  8 -45.9486 -4.8181 43.6173 -0.1046 -0.1212 -0.9871 0.0551 0.6079
  8 -46.6339 -4.8942 43.9694 -0.4270 -0.1348 -0.8941 0.0472 0.6099
  8 -46.1445 -4.2069 43.7031 -0.2030 0.3584 -0.9112 0.0531 0.6020
charger_material_0.bmp
  8 -46.6339 -4.8942 43.9694 -0.4270 -0.1348 -0.8941 0.0472 0.6099
  8 -46.8225 -4.2297 44.0082 -0.4025 0.4056 -0.8206 0.0453 0.6020
  8 -46.1445 -4.2069 43.7031 -0.2030 0.3584 -0.9112 0.0531 0.6020
charger_material_0.bmp
  8 -46.1445 -4.2069 43.7031 -0.2030 0.3584 -0.9112 0.0531 0.6020
  8 -46.8225 -4.2297 44.0082 -0.4025 0.4056 -0.8206 0.0453 0.6020
  8 -46.2143 -3.6826 44.1631 -0.2823 0.6205 -0.7316 0.0512 0.5960
charger_material_0.bmp
  8 -46.8225 -4.2297 44.0082 -0.4025 0.4056 -0.8206 0.0453 0.6020
  8 -46.5698 -3.7744 44.2784 -0.3798 0.6119 -0.6938 0.0472 0.5960
  8 -46.2143 -3.6826 44.1631 -0.2823 0.6205 -0.7316 0.0512 0.5960
charger_material_0.bmp
  8 -45.6597 -2.4989 43.9524 0.5648 -0.3618 -0.7417 0.0197 0.6812
  8 -45.5603 -2.9951 44.7905 0.4683 -0.8197 -0.3298 0.0276 0.6812
  8 -46.0402 -3.0079 44.2568 0.2849 -0.8819 -0.3756 0.0217 0.6851
charger_material_0.bmp
  8 -46.0402 -3.0079 44.2568 0.2849 -0.8819 -0.3756 0.0217 0.6851
  8 -45.5603 -2.9951 44.7905 0.4683 -0.8197 -0.3298 0.0276 0.6812
  8 -46.5577 -3.2111 44.7548 0.0176 -0.9985 -0.0523 0.0276 0.6911
charger_material_0.bmp
  8 -45.5603 -2.9951 44.7905 0.4683 -0.8197 -0.3298 0.0276 0.6812
  8 -46.0788 -3.2005 45.5729 0.0720 -0.9922 -0.1016 0.0354 0.6851
  8 -46.5577 -3.2111 44.7548 0.0176 -0.9985 -0.0523 0.0276 0.6911
charger_material_0.bmp
  8 -46.5577 -3.2111 44.7548 0.0176 -0.9985 -0.0523 0.0276 0.6911
  8 -46.0788 -3.2005 45.5729 0.0720 -0.9922 -0.1016 0.0354 0.6851
  8 -47.0360 -3.0767 45.1946 -0.4376 -0.8970 0.0627 0.0315 0.6970
charger_material_0.bmp
  8 -46.0788 -3.2005 45.5729 0.0720 -0.9922 -0.1016 0.0354 0.6851
  8 -46.6736 -3.3205 46.3255 -0.3320 -0.9406 0.0716 0.0433 0.6931
  8 -47.0360 -3.0767 45.1946 -0.4376 -0.8970 0.0627 0.0315 0.6970
charger_material_0.bmp
  8 -47.0360 -3.0767 45.1946 -0.4376 -0.8970 0.0627 0.0315 0.6970
  8 -46.6736 -3.3205 46.3255 -0.3320 -0.9406 0.0716 0.0433 0.6931
  8 -47.3414 -2.7474 45.3694 -0.8499 -0.5210 0.0795 0.0315 0.7030
charger_material_0.bmp
  8 -46.6736 -3.3205 46.3255 -0.3320 -0.9406 0.0716 0.0433 0.6931
  8 -47.3143 -2.8739 46.7003 -0.8058 -0.5170 0.2887 0.0472 0.7030
  8 -47.3414 -2.7474 45.3694 -0.8499 -0.5210 0.0795 0.0315 0.7030
charger_material_0.bmp
  8 -47.3414 -2.7474 45.3694 -0.8499 -0.5210 0.0795 0.0315 0.7030
  8 -47.3143 -2.8739 46.7003 -0.8058 -0.5170 0.2887 0.0472 0.7030
  8 -47.4040 -1.8688 46.6916 -0.9409 0.0939 0.3254 0.0453 0.7149
charger_material_0.bmp
  8 -47.3143 -2.8739 46.7003 -0.8058 -0.5170 0.2887 0.0472 0.7030
  8 -46.4048 -2.6967 47.9082 -0.8058 -0.5170 0.2887 0.0650 0.7010
  8 -47.4040 -1.8688 46.6916 -0.9409 0.0939 0.3254 0.0453 0.7149
charger_material_0.bmp
  8 -47.4040 -1.8688 46.6916 -0.9409 0.0939 0.3254 0.0453 0.7149
  8 -46.4048 -2.6967 47.9082 -0.8058 -0.5170 0.2887 0.0650 0.7010
  8 -46.7015 -1.6151 47.8560 -0.9736 -0.0626 0.2194 0.0630 0.7188
charger_material_0.bmp
  8 -46.4048 -2.6967 47.9082 -0.8058 -0.5170 0.2887 0.0650 0.7010
  8 -46.3656 -2.7161 48.9922 -0.8665 -0.3543 0.3516 0.0807 0.7030
  8 -46.7015 -1.6151 47.8560 -0.9736 -0.0626 0.2194 0.0630 0.7188
charger_material_0.bmp
  8 -46.7015 -1.6151 47.8560 -0.9736 -0.0626 0.2194 0.0630 0.7188
  8 -46.3656 -2.7161 48.9922 -0.8665 -0.3543 0.3516 0.0807 0.7030
  8 -46.5758 -1.0728 49.1348 -0.9317 -0.0353 0.3616 0.0807 0.7267
charger_material_0.bmp
  8 -46.3656 -2.7161 48.9922 -0.8665 -0.3543 0.3516 0.0807 0.7030
  8 -45.2524 -0.9883 50.6357 -0.7112 -0.0637 0.7001 0.1063 0.7248
  8 -46.5758 -1.0728 49.1348 -0.9317 -0.0353 0.3616 0.0807 0.7267
charger_material_0.bmp
  8 -46.5758 -1.0728 49.1348 -0.9317 -0.0353 0.3616 0.0807 0.7267
  8 -45.2524 -0.9883 50.6357 -0.7112 -0.0637 0.7001 0.1063 0.7248
  8 -46.3496 0.4543 49.2582 -0.8256 0.3989 0.3990 0.0846 0.7485
charger_material_0.bmp
  8 -45.2524 -0.9883 50.6357 -0.7112 -0.0637 0.7001 0.1063 0.7248
  8 -44.3000 1.6268 50.7473 -0.7673 0.2203 0.6022 0.1181 0.7584
  8 -46.3496 0.4543 49.2582 -0.8256 0.3989 0.3990 0.0846 0.7485
charger_material_0.bmp
  7 -17.2162 3.0936 60.6700 -0.4438 -0.0038 0.8961 0.4508 0.7149
  7 -15.6144 1.5056 61.1646 -0.4342 -0.2811 0.8558 0.4705 0.7010
  7 -15.0167 3.0058 61.8918 -0.3452 0.1193 0.9309 0.4783 0.7168
charger_material_0.bmp
  7 -15.0167 3.0058 61.8918 -0.3452 0.1193 0.9309 0.4783 0.7168
  7 -15.6144 1.5056 61.1646 -0.4342 -0.2811 0.8558 0.4705 0.7010
  7 -13.0253 1.5584 62.1982 -0.2101 -0.2305 0.9501 0.4980 0.7050
charger_material_0.bmp
  7 -15.6144 1.5056 61.1646 -0.4342 -0.2811 0.8558 0.4705 0.7010
  7 -13.1256 -0.5597 61.4589 -0.2118 -0.4118 0.8863 0.4980 0.6832
  7 -13.0253 1.5584 62.1982 -0.2101 -0.2305 0.9501 0.4980 0.7050
charger_material_0.bmp
  7 -13.0253 1.5584 62.1982 -0.2101 -0.2305 0.9501 0.4980 0.7050
  7 -13.1256 -0.5597 61.4589 -0.2118 -0.4118 0.8863 0.4980 0.6832
  6 -10.3191 1.7201 62.3856 0.4986 -0.1585 0.8522 0.5236 0.7050
charger_material_0.bmp
  7 -13.1256 -0.5597 61.4589 -0.2118 -0.4118 0.8863 0.4980 0.6832
  6 -10.5658 -0.3999 61.7587 0.9145 -0.4044 0.0132 0.5236 0.6851
  6 -10.3191 1.7201 62.3856 0.4986 -0.1585 0.8522 0.5236 0.7050
charger_material_0.bmp
  6 -10.3191 1.7201 62.3856 0.4986 -0.1585 0.8522 0.5236 0.7050
  6 -10.5658 -0.3999 61.7587 0.9145 -0.4044 0.0132 0.5236 0.6851
  7 -12.8047 0.7514 61.2838 -0.9007 -0.1648 -0.4019 0.5472 0.7030
charger_material_0.bmp
  6 -10.5658 -0.3999 61.7587 0.9145 -0.4044 0.0132 0.5236 0.6851
  7 -13.1268 -0.9192 60.3738 -0.1065 -0.3209 0.9411 0.5433 0.6851
  7 -12.8047 0.7514 61.2838 -0.9007 -0.1648 -0.4019 0.5472 0.7030
charger_material_0.bmp
  7 -12.8047 0.7514 61.2838 -0.9007 -0.1648 -0.4019 0.5472 0.7030
  7 -13.1268 -0.9192 60.3738 -0.1065 -0.3209 0.9411 0.5433 0.6851
  6 -11.2377 -0.4144 61.5274 -0.3112 -0.4326 0.8462 0.5630 0.6970
charger_material_0.bmp
  7 -13.1268 -0.9192 60.3738 -0.1065 -0.3209 0.9411 0.5433 0.6851
  6 -11.4976 -1.1378 60.9563 -0.1522 -0.6787 0.7184 0.5591 0.6851
  6 -11.2377 -0.4144 61.5274 -0.3112 -0.4326 0.8462 0.5630 0.6970
charger_material_0.bmp
  6 -11.2377 -0.4144 61.5274 -0.3112 -0.4326 0.8462 0.5630 0.6970
  6 -11.4976 -1.1378 60.9563 -0.1522 -0.6787 0.7184 0.5591 0.6851
  6 -9.9160 0.0398 61.9193 -0.1522 -0.6787 0.7184 0.5787 0.6990
charger_material_0.bmp
  6 -11.4976 -1.1378 60.9563 -0.1522 -0.6787 0.7184 0.5591 0.6851
  6 -9.9432 -1.7096 60.5502 0.0274 -0.6699 0.7419 0.5728 0.6772
  6 -9.9160 0.0398 61.9193 -0.1522 -0.6787 0.7184 0.5787 0.6990
charger_material_0.bmp
  6 -9.9160 0.0398 61.9193 -0.1522 -0.6787 0.7184 0.5787 0.6990
  6 -9.9432 -1.7096 60.5502 0.0274 -0.6699 0.7419 0.5728 0.6772
  4 -8.5000 -0.2229 61.3160 0.1144 -0.7673 0.6311 0.5925 0.6911
charger_material_0.bmp
  6 -9.9432 -1.7096 60.5502 0.0274 -0.6699 0.7419 0.5728 0.6772
  4 -8.0800 -2.2732 59.8042 0.0696 -0.6492 0.7575 0.5925 0.6634
  4 -8.5000 -0.2229 61.3160 0.1144 -0.7673 0.6311 0.5925 0.6911
charger_material_0.bmp
  4 -8.5000 -0.2229 61.3160 0.1144 -0.7673 0.6311 0.5925 0.6911
  4 -8.0800 -2.2732 59.8042 0.0696 -0.6492 0.7575 0.5925 0.6634
  4 -6.8700 -2.0075 59.9162 -0.0146 -0.5838 0.8118 0.6063 0.6634
charger_material_0.bmp
  8 -23.5341 -2.0219 53.0048 -0.0951 -0.9920 -0.0835 0.3524 0.6139
  7 -20.6950 -2.0464 51.9133 -0.0465 -0.8022 -0.5952 0.3858 0.5941
  7 -20.9814 -2.6305 53.4512 -0.0955 -0.9930 -0.0696 0.3858 0.6119
charger_material_0.bmp
  7 -20.9814 -2.6305 53.4512 -0.0955 -0.9930 -0.0696 0.3858 0.6119
  7 -20.6950 -2.0464 51.9133 -0.0465 -0.8022 -0.5952 0.3858 0.5941
  7 -18.4092 -2.1298 52.1948 0.0745 -0.8497 -0.5219 0.4173 0.5861
charger_material_0.bmp
  7 -20.6950 -2.0464 51.9133 -0.0465 -0.8022 -0.5952 0.3858 0.5941
  7 -18.2947 -0.9677 51.1216 0.1590 -0.4459 -0.8809 0.4134 0.5683
  7 -18.4092 -2.1298 52.1948 0.0745 -0.8497 -0.5219 0.4173 0.5861
charger_material_0.bmp
  7 -18.4092 -2.1298 52.1948 0.0745 -0.8497 -0.5219 0.4173 0.5861
  7 -18.2947 -0.9677 51.1216 0.1590 -0.4459 -0.8809 0.4134 0.5683
  7 -16.8693 -1.9595 52.3352 0.1085 -0.8279 -0.5503 0.4370 0.5782
charger_material_0.bmp
  7 -18.2947 -0.9677 51.1216 0.1590 -0.4459 -0.8809 0.4134 0.5683
  7 -16.9175 -0.8762 51.4326 0.1583 -0.3566 -0.9208 0.4311 0.5584
  7 -16.8693 -1.9595 52.3352 0.1085 -0.8279 -0.5503 0.4370 0.5782
charger_material_0.bmp
  7 -16.8693 -1.9595 52.3352 0.1085 -0.8279 -0.5503 0.4370 0.5782
  7 -16.9175 -0.8762 51.4326 0.1583 -0.3566 -0.9208 0.4311 0.5584
  7 -15.6846 -2.0761 52.5815 -0.1324 -0.8462 -0.5162 0.4567 0.5723
charger_material_0.bmp
  7 -16.9175 -0.8762 51.4326 0.1583 -0.3566 -0.9208 0.4311 0.5584
  7 -15.8593 -0.8538 51.4800 -0.2190 -0.4526 -0.8644 0.4469 0.5505
  7 -15.6846 -2.0761 52.5815 -0.1324 -0.8462 -0.5162 0.4567 0.5723
charger_material_0.bmp
  7 -15.6846 -2.0761 52.5815 -0.1324 -0.8462 -0.5162 0.4567 0.5723
  7 -15.8593 -0.8538 51.4800 -0.2190 -0.4526 -0.8644 0.4469 0.5505
  7 -14.0577 -2.0545 52.0591 -0.3099 -0.7240 -0.6163 0.4803 0.5545
charger_material_0.bmp
  7 -15.8593 -0.8538 51.4800 -0.2190 -0.4526 -0.8644 0.4469 0.5505
  7 -15.1629 -0.5379 50.9989 -0.4670 -0.5552 -0.6882 0.4567 0.5386
  7 -14.0577 -2.0545 52.0591 -0.3099 -0.7240 -0.6163 0.4803 0.5545
charger_material_0.bmp
  7 -14.0577 -2.0545 52.0591 -0.3099 -0.7240 -0.6163 0.4803 0.5545
  7 -15.1629 -0.5379 50.9989 -0.4670 -0.5552 -0.6882 0.4567 0.5386
  2 -10.3897 -1.4048 48.9738 -0.5398 -0.5904 -0.6000 0.4862 0.5406
charger_material_0.bmp
  7 -15.1629 -0.5379 50.9989 -0.4670 -0.5552 -0.6882 0.4567 0.5386
  2 -10.6397 -0.0140 47.9250 -0.5341 -0.4492 -0.7162 0.4626 0.5248
  2 -10.3897 -1.4048 48.9738 -0.5398 -0.5904 -0.6000 0.4862 0.5406
charger_material_0.bmp
  2 -10.3897 -1.4048 48.9738 -0.5398 -0.5904 -0.6000 0.4862 0.5406
  2 -10.6397 -0.0140 47.9250 -0.5341 -0.4492 -0.7162 0.4626 0.5248
  2 -9.4897 -1.6540 48.0036 -0.7886 -0.4522 -0.4168 0.4902 0.5208
charger_material_0.bmp
  2 -10.6397 -0.0140 47.9250 -0.5341 -0.4492 -0.7162 0.4626 0.5248
  2 -9.8898 0.0265 47.2850 -0.7715 -0.3168 -0.5517 0.4685 0.5109
  2 -9.4897 -1.6540 48.0036 -0.7886 -0.4522 -0.4168 0.4902 0.5208
charger_material_0.bmp
  2 -9.4897 -1.6540 48.0036 -0.7886 -0.4522 -0.4168 0.4902 0.5208
  2 -9.8898 0.0265 47.2850 -0.7715 -0.3168 -0.5517 0.4685 0.5109
  2 -9.2099 -0.1919 45.3548 -0.9250 -0.2813 -0.2554 0.4724 0.4812
charger_material_0.bmp
  4 -2.7400 -5.8144 63.1690 -0.6384 -0.7498 -0.1740 0.8425 0.5762
  4 -2.8700 -5.5483 63.0163 -0.8614 -0.4280 -0.2736 0.8406 0.5723
  4 -2.6200 -5.8858 62.7957 -0.6524 -0.7540 -0.0765 0.8465 0.5703
charger_material_0.bmp
  4 -2.6200 -5.8858 62.7957 -0.6524 -0.7540 -0.0765 0.8465 0.5703
  4 -2.8700 -5.5483 63.0163 -0.8614 -0.4280 -0.2736 0.8406 0.5723
  4 -2.6900 -5.7896 62.5533 -0.7743 -0.4810 -0.4112 0.8445 0.5663
charger_material_0.bmp
  4 -2.8700 -5.5483 63.0163 -0.8614 -0.4280 -0.2736 0.8406 0.5723
  4 -2.8100 -5.4227 62.7683 -0.8765 -0.0804 -0.4746 0.8386 0.5683
  4 -2.6900 -5.7896 62.5533 -0.7743 -0.4810 -0.4112 0.8445 0.5663
charger_material_0.bmp
  4 -2.6900 -5.7896 62.5533 -0.7743 -0.4810 -0.4112 0.8445 0.5663
  4 -2.8100 -5.4227 62.7683 -0.8765 -0.0804 -0.4746 0.8386 0.5683
  4 -2.6400 -5.5927 62.4648 -0.7189 -0.0285 -0.6945 0.8445 0.5644
charger_material_0.bmp
  4 -2.8100 -5.4227 62.7683 -0.8765 -0.0804 -0.4746 0.8386 0.5683
  4 -2.7400 -5.2810 62.7106 -0.8324 -0.1406 -0.5361 0.8386 0.5663
  4 -2.6400 -5.5927 62.4648 -0.7189 -0.0285 -0.6945 0.8445 0.5644
charger_material_0.bmp
  4 -2.6400 -5.5927 62.4648 -0.7189 -0.0285 -0.6945 0.8445 0.5644
  4 -2.7400 -5.2810 62.7106 -0.8324 -0.1406 -0.5361 0.8386 0.5663
  4 -2.5600 -5.3139 62.4319 -0.5609 -0.2375 -0.7931 0.8406 0.5624
charger_material_0.bmp
  4 -2.7400 -5.2810 62.7106 -0.8324 -0.1406 -0.5361 0.8386 0.5663
  4 -2.6400 -5.0702 62.3751 -0.7546 -0.4632 -0.4648 0.8386 0.5604
  4 -2.5600 -5.3139 62.4319 -0.5609 -0.2375 -0.7931 0.8406 0.5624
charger_material_0.bmp
  4 -2.5600 -5.3139 62.4319 -0.5609 -0.2375 -0.7931 0.8406 0.5624
  4 -2.6400 -5.0702 62.3751 -0.7546 -0.4632 -0.4648 0.8386 0.5604
  4 -2.4300 -5.1555 62.2489 -0.2130 -0.7646 -0.6083 0.8406 0.5564
charger_material_0.bmp
  4 -2.6400 -5.0702 62.3751 -0.7546 -0.4632 -0.4648 0.8386 0.5604
  4 -2.5700 -4.8530 61.9670 -0.6569 -0.6647 -0.3559 0.8386 0.5525
  4 -2.4300 -5.1555 62.2489 -0.2130 -0.7646 -0.6083 0.8406 0.5564
charger_material_0.bmp
  4 -2.4300 -5.1555 62.2489 -0.2130 -0.7646 -0.6083 0.8406 0.5564
  4 -2.5700 -4.8530 61.9670 -0.6569 -0.6647 -0.3559 0.8386 0.5525
  4 -2.3200 -4.9541 61.8642 -0.1172 -0.9085 -0.4010 0.8425 0.5505
charger_material_0.bmp
  4 -2.5700 -4.8530 61.9670 -0.6569 -0.6647 -0.3559 0.8386 0.5525
  4 -2.5500 -4.7461 61.6208 -0.5846 -0.7546 -0.2981 0.8386 0.5446
  4 -2.3200 -4.9541 61.8642 -0.1172 -0.9085 -0.4010 0.8425 0.5505
charger_material_0.bmp
  4 -2.3200 -4.9541 61.8642 -0.1172 -0.9085 -0.4010 0.8425 0.5505
  4 -2.5500 -4.7461 61.6208 -0.5846 -0.7546 -0.2981 0.8386 0.5446
  4 -2.3000 -4.8140 61.5320 -0.1630 -0.9610 -0.2233 0.8425 0.5446
charger_material_0.bmp
  4 -2.5500 -4.7461 61.6208 -0.5846 -0.7546 -0.2981 0.8386 0.5446
  4 -2.5300 -4.6486 61.2255 -0.6492 -0.7494 -0.1303 0.8406 0.5386
  4 -2.3000 -4.8140 61.5320 -0.1630 -0.9610 -0.2233 0.8425 0.5446
charger_material_0.bmp
  4 -2.3000 -4.8140 61.5320 -0.1630 -0.9610 -0.2233 0.8425 0.5446
  4 -2.5300 -4.6486 61.2255 -0.6492 -0.7494 -0.1303 0.8406 0.5386
  4 -2.3300 -4.8204 61.1259 -0.4447 -0.8955 0.0159 0.8445 0.5366
charger_material_0.bmp
  8 -39.6319 -6.5475 47.1729 0.0176 -0.9985 -0.0523 0.1437 0.6139
  8 -39.4803 -6.5216 45.5131 0.2352 -0.9493 -0.2088 0.1398 0.5941
  8 -38.3792 -6.3322 46.7964 0.2977 -0.9471 -0.1196 0.1555 0.6059
charger_material_0.bmp
  8 -38.3792 -6.3322 46.7964 0.2977 -0.9471 -0.1196 0.1555 0.6059
  8 -39.4803 -6.5216 45.5131 0.2352 -0.9493 -0.2088 0.1398 0.5941
  8 -38.6957 -6.0029 45.2100 0.5288 -0.7062 -0.4708 0.1496 0.5861
charger_material_0.bmp
  8 -39.4803 -6.5216 45.5131 0.2352 -0.9493 -0.2088 0.1398 0.5941
  8 -39.5927 -5.9847 44.3086 0.5020 -0.7074 -0.4976 0.1378 0.5782
  8 -38.6957 -6.0029 45.2100 0.5288 -0.7062 -0.4708 0.1496 0.5861
charger_material_0.bmp
  8 -38.6957 -6.0029 45.2100 0.5288 -0.7062 -0.4708 0.1496 0.5861
  8 -39.5927 -5.9847 44.3086 0.5020 -0.7074 -0.4976 0.1378 0.5782
  8 -39.2620 -5.5088 44.1970 0.6992 -0.2979 -0.6499 0.1417 0.5723
charger_material_0.bmp
  8 -39.5927 -5.9847 44.3086 0.5020 -0.7074 -0.4976 0.1378 0.5782
  8 -39.9799 -5.5745 43.4964 0.5026 -0.2003 -0.8410 0.1299 0.5663
  8 -39.2620 -5.5088 44.1970 0.6992 -0.2979 -0.6499 0.1417 0.5723
charger_material_0.bmp
  8 -39.2620 -5.5088 44.1970 0.6992 -0.2979 -0.6499 0.1417 0.5723
  8 -39.9799 -5.5745 43.4964 0.5026 -0.2003 -0.8410 0.1299 0.5663
  8 -39.3688 -5.0803 43.9747 0.6231 0.2754 -0.7321 0.1417 0.5663
charger_material_0.bmp
  8 -39.9799 -5.5745 43.4964 0.5026 -0.2003 -0.8410 0.1299 0.5663
  8 -40.2597 -5.1663 43.4965 0.1117 0.4548 -0.8836 0.1319 0.5604
  8 -39.3688 -5.0803 43.9747 0.6231 0.2754 -0.7321 0.1417 0.5663
charger_material_0.bmp
  8 -39.3688 -5.0803 43.9747 0.6231 0.2754 -0.7321 0.1417 0.5663
  8 -40.2597 -5.1663 43.4965 0.1117 0.4548 -0.8836 0.1319 0.5604
  8 -39.6962 -4.6729 44.0070 0.2989 0.6909 -0.6583 0.1437 0.5604
charger_material_0.bmp
  8 -40.2597 -5.1663 43.4965 0.1117 0.4548 -0.8836 0.1319 0.5604
  8 -40.5881 -4.3952 44.2578 -0.3625 0.8037 -0.4718 0.1398 0.5505
  8 -39.6962 -4.6729 44.0070 0.2989 0.6909 -0.6583 0.1437 0.5604
charger_material_0.bmp
  8 -39.6962 -4.6729 44.0070 0.2989 0.6909 -0.6583 0.1437 0.5604
  8 -40.5881 -4.3952 44.2578 -0.3625 0.8037 -0.4718 0.1398 0.5505
  8 -40.0240 -4.0866 44.8205 -0.1322 0.9030 -0.4087 0.1516 0.5505
charger_material_0.bmp
  8 -40.5881 -4.3952 44.2578 -0.3625 0.8037 -0.4718 0.1398 0.5505
  8 -41.0799 -4.6460 45.0631 -0.8551 0.5127 -0.0777 0.1398 0.5386
  8 -40.0240 -4.0866 44.8205 -0.1322 0.9030 -0.4087 0.1516 0.5505
charger_material_0.bmp
  8 -40.0240 -4.0866 44.8205 -0.1322 0.9030 -0.4087 0.1516 0.5505
  8 -41.0799 -4.6460 45.0631 -0.8551 0.5127 -0.0777 0.1398 0.5386
  8 -41.1370 -4.4871 45.3961 -0.8966 0.2814 -0.3420 0.1417 0.5347
charger_material_0.bmp
  8 -41.0799 -4.6460 45.0631 -0.8551 0.5127 -0.0777 0.1398 0.5386
  8 -41.1841 -5.7396 45.5415 -0.9939 0.0804 -0.0754 0.1280 0.5267
  8 -41.1370 -4.4871 45.3961 -0.8966 0.2814 -0.3420 0.1417 0.5347
charger_material_0.bmp
  8 -41.1370 -4.4871 45.3961 -0.8966 0.2814 -0.3420 0.1417 0.5347
  8 -41.1841 -5.7396 45.5415 -0.9939 0.0804 -0.0754 0.1280 0.5267
  8 -41.3031 -5.6155 45.9126 -0.9550 0.0049 -0.2965 0.1299 0.5228
charger_material_0.bmp
  8 -24.0654 1.4566 58.7198 -0.0119 -0.4690 0.8831 0.3602 0.6970
  8 -27.8501 0.4073 58.0457 0.0211 -0.4303 0.9024 0.3130 0.6970
  8 -24.5410 -0.2811 57.1894 0.1141 -0.7214 0.6831 0.3484 0.6733
charger_material_0.bmp
  8 -24.5410 -0.2811 57.1894 0.1141 -0.7214 0.6831 0.3484 0.6733
  8 -27.8501 0.4073 58.0457 0.0211 -0.4303 0.9024 0.3130 0.6970
  8 -27.6704 -1.5937 56.7824 0.1580 -0.6709 0.7245 0.3071 0.6733
charger_material_0.bmp
  8 -27.8501 0.4073 58.0457 0.0211 -0.4303 0.9024 0.3130 0.6970
  8 -30.7763 -0.4807 57.7663 -0.0560 -0.4498 0.8914 0.2776 0.6970
  8 -27.6704 -1.5937 56.7824 0.1580 -0.6709 0.7245 0.3071 0.6733
charger_material_0.bmp
  8 -27.6704 -1.5937 56.7824 0.1580 -0.6709 0.7245 0.3071 0.6733
  8 -30.7763 -0.4807 57.7663 -0.0560 -0.4498 0.8914 0.2776 0.6970
  8 -30.0948 -2.4988 56.1849 0.0230 -0.7253 0.6880 0.2756 0.6713
charger_material_0.bmp
  8 -30.7763 -0.4807 57.7663 -0.0560 -0.4498 0.8914 0.2776 0.6970
  8 -33.9791 -1.1804 56.7958 -0.1872 -0.4853 0.8540 0.2402 0.6990
  8 -30.0948 -2.4988 56.1849 0.0230 -0.7253 0.6880 0.2756 0.6713
charger_material_0.bmp
  8 -30.0948 -2.4988 56.1849 0.0230 -0.7253 0.6880 0.2756 0.6713
  8 -33.9791 -1.1804 56.7958 -0.1872 -0.4853 0.8540 0.2402 0.6990
  8 -33.2802 -3.3068 55.1410 -0.0346 -0.7380 0.6739 0.2382 0.6733
charger_material_0.bmp
  8 -33.9791 -1.1804 56.7958 -0.1872 -0.4853 0.8540 0.2402 0.6990
  8 -36.9717 -1.9858 55.7763 -0.2278 -0.4808 0.8467 0.2008 0.6990
  8 -33.2802 -3.3068 55.1410 -0.0346 -0.7380 0.6739 0.2382 0.6733
charger_material_0.bmp
  8 -33.2802 -3.3068 55.1410 -0.0346 -0.7380 0.6739 0.2382 0.6733
  8 -36.9717 -1.9858 55.7763 -0.2278 -0.4808 0.8467 0.2008 0.6990
  8 -36.1374 -4.0105 54.2217 -0.0969 -0.7364 0.6695 0.2008 0.6752
charger_material_0.bmp
  8 -36.9717 -1.9858 55.7763 -0.2278 -0.4808 0.8467 0.2008 0.6990
  8 -39.8171 -2.4373 54.3830 -0.3954 -0.4251 0.8142 0.1732 0.6990
  8 -36.1374 -4.0105 54.2217 -0.0969 -0.7364 0.6695 0.2008 0.6752
charger_material_0.bmp
  8 -36.1374 -4.0105 54.2217 -0.0969 -0.7364 0.6695 0.2008 0.6752
  8 -39.8171 -2.4373 54.3830 -0.3954 -0.4251 0.8142 0.1732 0.6990
  8 -38.6218 -4.5560 53.0714 -0.1654 -0.7720 0.6137 0.1772 0.6733
charger_material_0.bmp
  8 -39.8171 -2.4373 54.3830 -0.3954 -0.4251 0.8142 0.1732 0.6990
  8 -41.1704 -4.9309 51.8364 -0.3063 -0.7170 0.6261 0.1496 0.6713
  8 -38.6218 -4.5560 53.0714 -0.1654 -0.7720 0.6137 0.1772 0.6733
charger_material_0.bmp
  8 -38.6218 -4.5560 53.0714 -0.1654 -0.7720 0.6137 0.1772 0.6733
  8 -41.1704 -4.9309 51.8364 -0.3063 -0.7170 0.6261 0.1496 0.6713
  8 -39.5707 -6.0127 50.2905 -0.0949 -0.9099 0.4039 0.1575 0.6475
charger_material_0.bmp
  8 -41.1704 -4.9309 51.8364 -0.3063 -0.7170 0.6261 0.1496 0.6713
  8 -41.2442 -6.1236 49.9563 -0.1430 -0.8998 0.4122 0.1398 0.6515
  8 -39.5707 -6.0127 50.2905 -0.0949 -0.9099 0.4039 0.1575 0.6475
charger_material_0.bmp
  1 -9.2700 2.3462 41.3713 -0.6342 0.1341 0.7615 0.5236 0.2059
  1 -8.4800 4.9562 41.5213 -0.8282 0.3762 0.4154 0.4980 0.2040
  1 -8.7200 2.3762 39.3013 -0.9721 0.2195 -0.0827 0.5236 0.1802
charger_material_0.bmp
  1 -8.7200 2.3762 39.3013 -0.9721 0.2195 -0.0827 0.5236 0.1802
  1 -8.4800 4.9562 41.5213 -0.8282 0.3762 0.4154 0.4980 0.2040
  1 -8.2600 4.7962 39.2113 -0.9210 0.3860 -0.0525 0.5000 0.1762
charger_material_0.bmp
  1 -8.4800 4.9562 41.5213 -0.8282 0.3762 0.4154 0.4980 0.2040
  1 -7.1000 6.3362 39.3813 -0.7377 0.6723 -0.0617 0.4823 0.1762
  1 -8.2600 4.7962 39.2113 -0.9210 0.3860 -0.0525 0.5000 0.1762
charger_material_0.bmp
  1 -8.2600 4.7962 39.2113 -0.9210 0.3860 -0.0525 0.5000 0.1762
  1 -7.1000 6.3362 39.3813 -0.7377 0.6723 -0.0617 0.4823 0.1762
  9 -8.0669 4.9111 37.7205 -0.8894 0.4564 -0.0249 0.5000 0.1564
charger_material_0.bmp
  1 -7.1000 6.3362 39.3813 -0.7377 0.6723 -0.0617 0.4823 0.1762
  9 -6.5915 7.0805 37.8192 -0.5932 0.8030 0.0575 0.4744 0.1545
  9 -8.0669 4.9111 37.7205 -0.8894 0.4564 -0.0249 0.5000 0.1564
charger_material_0.bmp
  9 -8.0669 4.9111 37.7205 -0.8894 0.4564 -0.0249 0.5000 0.1564
  9 -6.5915 7.0805 37.8192 -0.5932 0.8030 0.0575 0.4744 0.1545
  9 -7.9911 4.9935 36.1449 -0.8894 0.4564 -0.0249 0.5000 0.1366
charger_material_0.bmp
  9 -6.5915 7.0805 37.8192 -0.5932 0.8030 0.0575 0.4744 0.1545
  9 -6.4433 7.0963 36.1618 -0.6569 0.7529 -0.0400 0.4724 0.1347
  9 -7.9911 4.9935 36.1449 -0.8894 0.4564 -0.0249 0.5000 0.1366
charger_material_0.bmp
  9 -7.9911 4.9935 36.1449 -0.8894 0.4564 -0.0249 0.5000 0.1366
  9 -6.4433 7.0963 36.1618 -0.6569 0.7529 -0.0400 0.4724 0.1347
  9 -7.9708 5.0224 34.4076 -0.8396 0.5432 -0.0075 0.5020 0.1168
charger_material_0.bmp
  9 -6.4433 7.0963 36.1618 -0.6569 0.7529 -0.0400 0.4724 0.1347
  9 -6.2688 7.1276 34.5711 -0.5932 0.8030 0.0575 0.4724 0.1149
  9 -7.9708 5.0224 34.4076 -0.8396 0.5432 -0.0075 0.5020 0.1168
charger_material_0.bmp
  9 -7.9708 5.0224 34.4076 -0.8396 0.5432 -0.0075 0.5020 0.1168
  9 -6.2688 7.1276 34.5711 -0.5932 0.8030 0.0575 0.4724 0.1149
  9 -6.2178 7.3199 33.4826 -0.5306 0.8470 0.0325 0.4705 0.1010
charger_material_0.bmp
  9 -6.2688 7.1276 34.5711 -0.5932 0.8030 0.0575 0.4724 0.1149
  9 -3.8952 8.2855 34.6592 -0.1419 0.9899 0.0004 0.4429 0.1129
  9 -6.2178 7.3199 33.4826 -0.5306 0.8470 0.0325 0.4705 0.1010
charger_material_0.bmp
  9 -6.2178 7.3199 33.4826 -0.5306 0.8470 0.0325 0.4705 0.1010
  9 -3.8952 8.2855 34.6592 -0.1419 0.9899 0.0004 0.4429 0.1129
  9 -3.7962 8.0580 32.4821 -0.1283 0.9854 -0.1114 0.4429 0.0871
charger_material_0.bmp
  9 -3.8952 8.2855 34.6592 -0.1419 0.9899 0.0004 0.4429 0.1129
  9 -1.3337 7.8559 32.6228 0.0569 0.9912 -0.1197 0.4173 0.0871
  9 -3.7962 8.0580 32.4821 -0.1283 0.9854 -0.1114 0.4429 0.0871
charger_material_0.bmp
  4 -1.7900 -6.2412 63.5458 -0.2518 -0.1221 -0.9600 0.8583 0.5822
  4 -1.8200 -6.3296 63.5627 -0.3190 0.0181 -0.9476 0.8583 0.5822
  4 -1.9900 -6.1687 63.5523 -0.1868 -0.2988 -0.9359 0.8543 0.5822
charger_material_0.bmp
  4 -1.9900 -6.1687 63.5523 -0.1868 -0.2988 -0.9359 0.8543 0.5822
  4 -1.8200 -6.3296 63.5627 -0.3190 0.0181 -0.9476 0.8583 0.5822
  4 -2.0400 -6.2285 63.6655 -0.2673 -0.3088 -0.9128 0.8543 0.5822
charger_material_0.bmp
  4 -1.8200 -6.3296 63.5627 -0.3190 0.0181 -0.9476 0.8583 0.5822
  4 -2.1100 -6.3184 63.6216 -0.2035 -0.0773 -0.9760 0.8543 0.5842
  4 -2.0400 -6.2285 63.6655 -0.2673 -0.3088 -0.9128 0.8543 0.5822
charger_material_0.bmp
  4 -2.0400 -6.2285 63.6655 -0.2673 -0.3088 -0.9128 0.8543 0.5822
  4 -2.1100 -6.3184 63.6216 -0.2035 -0.0773 -0.9760 0.8543 0.5842
  4 -2.3300 -5.9905 63.5793 0.1019 -0.5567 -0.8245 0.8504 0.5822
charger_material_0.bmp
  4 -2.1100 -6.3184 63.6216 -0.2035 -0.0773 -0.9760 0.8543 0.5842
  4 -2.4500 -6.0785 63.5452 -0.0047 -0.5906 -0.8070 0.8484 0.5822
  4 -2.3300 -5.9905 63.5793 0.1019 -0.5567 -0.8245 0.8504 0.5822
charger_material_0.bmp
  4 -2.3300 -5.9905 63.5793 0.1019 -0.5567 -0.8245 0.8504 0.5822
  4 -2.4500 -6.0785 63.5452 -0.0047 -0.5906 -0.8070 0.8484 0.5822
  4 -2.5100 -6.0350 63.5064 0.0049 -0.7390 -0.6737 0.8465 0.5822
charger_material_0.bmp
  4 -2.4500 -6.0785 63.5452 -0.0047 -0.5906 -0.8070 0.8484 0.5822
  4 -2.5800 -6.1228 63.6861 -0.4762 -0.7988 -0.3676 0.8465 0.5842
  4 -2.5100 -6.0350 63.5064 0.0049 -0.7390 -0.6737 0.8465 0.5822
charger_material_0.bmp
  4 -2.5100 -6.0350 63.5064 0.0049 -0.7390 -0.6737 0.8465 0.5822
  4 -2.5800 -6.1228 63.6861 -0.4762 -0.7988 -0.3676 0.8465 0.5842
  4 -2.7000 -5.9844 63.5578 -0.7055 -0.6808 -0.1971 0.8445 0.5822
charger_material_0.bmp
  4 -2.5800 -6.1228 63.6861 -0.4762 -0.7988 -0.3676 0.8465 0.5842
  4 -2.6000 -6.1385 63.9232 -0.8111 -0.5839 -0.0340 0.8465 0.5881
  4 -2.7000 -5.9844 63.5578 -0.7055 -0.6808 -0.1971 0.8445 0.5822
charger_material_0.bmp
  4 -2.7000 -5.9844 63.5578 -0.7055 -0.6808 -0.1971 0.8445 0.5822
  4 -2.6000 -6.1385 63.9232 -0.8111 -0.5839 -0.0340 0.8465 0.5881
  4 -2.7600 -5.6625 63.7508 -0.9004 -0.4216 0.1075 0.8406 0.5842
charger_material_0.bmp
  4 -2.6000 -6.1385 63.9232 -0.8111 -0.5839 -0.0340 0.8465 0.5881
  4 -2.7400 -5.8484 64.1630 -0.8457 -0.5168 -0.1333 0.8425 0.5901
  4 -2.7600 -5.6625 63.7508 -0.9004 -0.4216 0.1075 0.8406 0.5842
charger_material_0.bmp
  4 -2.7600 -5.6625 63.7508 -0.9004 -0.4216 0.1075 0.8406 0.5842
  4 -2.7400 -5.8484 64.1630 -0.8457 -0.5168 -0.1333 0.8425 0.5901
  4 -2.9000 -5.4075 63.7529 -0.7874 -0.6154 -0.0370 0.8366 0.5842
charger_material_0.bmp
  4 -2.7400 -5.8484 64.1630 -0.8457 -0.5168 -0.1333 0.8425 0.5901
  4 -2.9600 -5.6844 64.4880 -0.8111 -0.5839 -0.0340 0.8406 0.5941
  4 -2.9000 -5.4075 63.7529 -0.7874 -0.6154 -0.0370 0.8366 0.5842
charger_material_0.bmp
  8 -46.8867 -1.2455 44.8103 -0.1455 0.9730 -0.1791 0.0098 0.6772
  8 -45.9151 -0.9768 45.2506 0.1762 0.9028 -0.3922 0.0098 0.6693
  8 -46.3295 -1.2187 44.4228 0.1184 0.9329 -0.3400 0.0098 0.6772
charger_material_0.bmp
  8 -46.3295 -1.2187 44.4228 0.1184 0.9329 -0.3400 0.0098 0.6772
  8 -45.9151 -0.9768 45.2506 0.1762 0.9028 -0.3922 0.0098 0.6693
  8 -45.2896 -1.5070 44.6148 0.6777 0.5701 -0.4644 0.0157 0.6733
charger_material_0.bmp
  8 -45.9151 -0.9768 45.2506 0.1762 0.9028 -0.3922 0.0098 0.6693
  8 -45.0402 -1.4861 45.3111 0.4098 0.4568 -0.7895 0.0177 0.6673
  8 -45.2896 -1.5070 44.6148 0.6777 0.5701 -0.4644 0.0157 0.6733
charger_material_0.bmp
  8 -45.2896 -1.5070 44.6148 0.6777 0.5701 -0.4644 0.0157 0.6733
  8 -45.0402 -1.4861 45.3111 0.4098 0.4568 -0.7895 0.0177 0.6673
  8 -44.8575 -2.4378 45.0949 0.7119 -0.2157 -0.6683 0.0256 0.6713
charger_material_0.bmp
  8 -45.0402 -1.4861 45.3111 0.4098 0.4568 -0.7895 0.0177 0.6673
  8 -44.3753 -2.7502 45.2880 0.0274 -0.1947 -0.9805 0.0295 0.6673
  8 -44.8575 -2.4378 45.0949 0.7119 -0.2157 -0.6683 0.0256 0.6713
charger_material_0.bmp
  8 -44.8575 -2.4378 45.0949 0.7119 -0.2157 -0.6683 0.0256 0.6713
  8 -44.3753 -2.7502 45.2880 0.0274 -0.1947 -0.9805 0.0295 0.6673
  8 -45.0716 -3.0018 45.4671 0.1712 -0.8589 -0.4826 0.0335 0.6733
charger_material_0.bmp
  8 -44.3753 -2.7502 45.2880 0.0274 -0.1947 -0.9805 0.0295 0.6673
  8 -44.8576 -3.0772 45.5830 -0.5518 -0.4861 -0.6776 0.0335 0.6713
  8 -45.0716 -3.0018 45.4671 0.1712 -0.8589 -0.4826 0.0335 0.6733
charger_material_0.bmp
  8 -45.0716 -3.0018 45.4671 0.1712 -0.8589 -0.4826 0.0335 0.6733
  8 -44.8576 -3.0772 45.5830 -0.5518 -0.4861 -0.6776 0.0335 0.6713
  8 -45.5439 -3.2172 46.2369 -0.0380 -0.9816 -0.1873 0.0433 0.6792
charger_material_0.bmp
  8 -44.8576 -3.0772 45.5830 -0.5518 -0.4861 -0.6776 0.0335 0.6713
  8 -45.2259 -3.3730 46.5608 -0.8704 -0.3771 -0.3165 0.0492 0.6733
  8 -45.5439 -3.2172 46.2369 -0.0380 -0.9816 -0.1873 0.0433 0.6792
charger_material_0.bmp
  8 -45.5439 -3.2172 46.2369 -0.0380 -0.9816 -0.1873 0.0433 0.6792
  8 -45.2259 -3.3730 46.5608 -0.8704 -0.3771 -0.3165 0.0492 0.6733
  8 -45.8635 -3.2999 47.6403 -0.5455 -0.8340 -0.0833 0.0650 0.6871
charger_material_0.bmp
  8 -45.2259 -3.3730 46.5608 -0.8704 -0.3771 -0.3165 0.0492 0.6733
  8 -45.5676 -3.5606 47.5993 -0.9484 -0.2359 -0.2120 0.0669 0.6792
  8 -45.8635 -3.2999 47.6403 -0.5455 -0.8340 -0.0833 0.0650 0.6871
charger_material_0.bmp
  8 -45.8635 -3.2999 47.6403 -0.5455 -0.8340 -0.0833 0.0650 0.6871
  8 -45.5676 -3.5606 47.5993 -0.9484 -0.2359 -0.2120 0.0669 0.6792
  8 -45.6395 -3.7275 48.5649 -0.8164 -0.5499 0.1763 0.0827 0.6832
charger_material_0.bmp
  8 -45.5676 -3.5606 47.5993 -0.9484 -0.2359 -0.2120 0.0669 0.6792
  8 -45.4618 -4.0184 47.5862 -0.9823 0.0094 0.1869 0.0709 0.6713
  8 -45.6395 -3.7275 48.5649 -0.8164 -0.5499 0.1763 0.0827 0.6832
charger_material_0.bmp
  7 -16.9119 -2.2988 55.9315 -0.2155 -0.9605 0.1759 0.4469 0.6277
  7 -15.4464 -2.5961 54.0839 -0.1166 -0.9799 -0.1620 0.4626 0.5960
  7 -15.2440 -2.7697 56.3081 -0.2666 -0.9630 0.0401 0.4705 0.6257
charger_material_0.bmp
  7 -15.2440 -2.7697 56.3081 -0.2666 -0.9630 0.0401 0.4705 0.6257
  7 -15.4464 -2.5961 54.0839 -0.1166 -0.9799 -0.1620 0.4626 0.5960
  7 -12.8951 -3.3409 56.1099 -0.2165 -0.9763 -0.0014 0.5000 0.6158
charger_material_0.bmp
  7 -15.4464 -2.5961 54.0839 -0.1166 -0.9799 -0.1620 0.4626 0.5960
  7 -13.0961 -3.0602 54.1655 -0.2905 -0.9552 -0.0574 0.4980 0.5881
  7 -12.8951 -3.3409 56.1099 -0.2165 -0.9763 -0.0014 0.5000 0.6158
charger_material_0.bmp
  7 -12.8951 -3.3409 56.1099 -0.2165 -0.9763 -0.0014 0.5000 0.6158
  7 -13.0961 -3.0602 54.1655 -0.2905 -0.9552 -0.0574 0.4980 0.5881
  6 -10.9789 -3.8643 56.3851 -0.5510 -0.8290 -0.0953 0.5256 0.6158
charger_material_0.bmp
  7 -13.0961 -3.0602 54.1655 -0.2905 -0.9552 -0.0574 0.4980 0.5881
  6 -11.3791 -3.7390 53.7402 -0.3370 -0.9400 -0.0530 0.5276 0.5941
  6 -10.9789 -3.8643 56.3851 -0.5510 -0.8290 -0.0953 0.5256 0.6158
charger_material_0.bmp
  6 -10.9789 -3.8643 56.3851 -0.5510 -0.8290 -0.0953 0.5256 0.6158
  6 -11.3791 -3.7390 53.7402 -0.3370 -0.9400 -0.0530 0.5276 0.5941
  6 -10.5483 -4.2588 56.0942 -0.3082 -0.9470 0.0903 0.5512 0.6198
charger_material_0.bmp
  6 -11.3791 -3.7390 53.7402 -0.3370 -0.9400 -0.0530 0.5276 0.5941
  6 -9.4511 -4.2744 54.9601 -0.1458 -0.9893 -0.0094 0.5551 0.6020
  6 -10.5483 -4.2588 56.0942 -0.3082 -0.9470 0.0903 0.5512 0.6198
charger_material_0.bmp
  6 -10.5483 -4.2588 56.0942 -0.3082 -0.9470 0.0903 0.5512 0.6198
  6 -9.4511 -4.2744 54.9601 -0.1458 -0.9893 -0.0094 0.5551 0.6020
  4 -8.9600 -4.0067 57.2339 -0.0526 -0.9277 0.3696 0.5709 0.6277
charger_material_0.bmp
  6 -9.4511 -4.2744 54.9601 -0.1458 -0.9893 -0.0094 0.5551 0.6020
  4 -7.7600 -4.3730 56.4895 -0.0484 -0.9614 0.2707 0.5807 0.6139
  4 -8.9600 -4.0067 57.2339 -0.0526 -0.9277 0.3696 0.5709 0.6277
charger_material_0.bmp
  4 -8.9600 -4.0067 57.2339 -0.0526 -0.9277 0.3696 0.5709 0.6277
  4 -7.7600 -4.3730 56.4895 -0.0484 -0.9614 0.2707 0.5807 0.6139
  4 -7.8700 -3.3834 58.2042 -0.0491 -0.8865 0.4601 0.5866 0.6396
charger_material_0.bmp
  4 -7.7600 -4.3730 56.4895 -0.0484 -0.9614 0.2707 0.5807 0.6139
  4 -6.6200 -3.8413 57.6197 -0.0526 -0.9277 0.3696 0.5984 0.6277
  4 -7.8700 -3.3834 58.2042 -0.0491 -0.8865 0.4601 0.5866 0.6396
charger_material_0.bmp
  4 -7.8700 -3.3834 58.2042 -0.0491 -0.8865 0.4601 0.5866 0.6396
  4 -6.6200 -3.8413 57.6197 -0.0526 -0.9277 0.3696 0.5984 0.6277
  4 -6.0100 -3.4452 58.7861 -0.1912 -0.8397 0.5083 0.6102 0.6396
charger_material_0.bmp
  8 -44.1986 2.9634 46.3548 0.5284 0.3637 -0.7671 0.0984 0.8515
  8 -44.7062 3.0586 45.6180 0.6762 0.3895 -0.6253 0.0866 0.8475
  8 -45.2915 3.7817 46.3617 0.1301 0.9467 -0.2946 0.0886 0.8317
charger_material_0.bmp
  8 -45.2915 3.7817 46.3617 0.1301 0.9467 -0.2946 0.0886 0.8317
  8 -44.7062 3.0586 45.6180 0.6762 0.3895 -0.6253 0.0866 0.8475
  8 -46.1088 3.4202 45.1615 -0.0954 0.8084 -0.5809 0.0689 0.8356
charger_material_0.bmp
  8 -44.7062 3.0586 45.6180 0.6762 0.3895 -0.6253 0.0866 0.8475
  8 -45.4602 3.0664 44.9654 0.4195 0.2980 -0.8575 0.0748 0.8436
  8 -46.1088 3.4202 45.1615 -0.0954 0.8084 -0.5809 0.0689 0.8356
charger_material_0.bmp
  8 -46.1088 3.4202 45.1615 -0.0954 0.8084 -0.5809 0.0689 0.8356
  8 -45.4602 3.0664 44.9654 0.4195 0.2980 -0.8575 0.0748 0.8436
  8 -46.3317 2.6641 44.8721 -0.0793 0.0754 -0.9940 0.0630 0.8455
charger_material_0.bmp
  8 -45.4602 3.0664 44.9654 0.4195 0.2980 -0.8575 0.0748 0.8436
  8 -45.5458 2.3096 44.8326 0.2611 -0.2890 -0.9210 0.0728 0.8535
  8 -46.3317 2.6641 44.8721 -0.0793 0.0754 -0.9940 0.0630 0.8455
charger_material_0.bmp
  8 -46.3317 2.6641 44.8721 -0.0793 0.0754 -0.9940 0.0630 0.8455
  8 -45.5458 2.3096 44.8326 0.2611 -0.2890 -0.9210 0.0728 0.8535
  8 -46.2235 1.9384 45.1110 0.0636 -0.7208 -0.6902 0.0650 0.8574
charger_material_0.bmp
  8 -45.5458 2.3096 44.8326 0.2611 -0.2890 -0.9210 0.0728 0.8535
  8 -45.0342 1.9386 45.5468 0.5124 -0.5463 -0.6626 0.0807 0.8614
  8 -46.2235 1.9384 45.1110 0.0636 -0.7208 -0.6902 0.0650 0.8574
charger_material_0.bmp
  8 -46.2235 1.9384 45.1110 0.0636 -0.7208 -0.6902 0.0650 0.8574
  8 -45.0342 1.9386 45.5468 0.5124 -0.5463 -0.6626 0.0807 0.8614
  8 -45.6428 1.6336 45.9322 0.1506 -0.8816 -0.4473 0.0748 0.8673
charger_material_0.bmp
  8 -45.0342 1.9386 45.5468 0.5124 -0.5463 -0.6626 0.0807 0.8614
  8 -44.5134 1.7141 46.1476 0.3304 -0.5127 -0.7925 0.0906 0.8713
  8 -45.6428 1.6336 45.9322 0.1506 -0.8816 -0.4473 0.0748 0.8673
charger_material_0.bmp
  8 -45.6428 1.6336 45.9322 0.1506 -0.8816 -0.4473 0.0748 0.8673
  8 -44.5134 1.7141 46.1476 0.3304 -0.5127 -0.7925 0.0906 0.8713
  8 -44.9539 1.3537 46.7026 -0.3451 -0.5708 -0.7451 0.0827 0.8772
charger_material_0.bmp
  8 -44.5134 1.7141 46.1476 0.3304 -0.5127 -0.7925 0.0906 0.8713
  8 -44.2760 1.4601 46.1879 -0.0193 0.0298 -0.9994 0.0906 0.8772
  8 -44.9539 1.3537 46.7026 -0.3451 -0.5708 -0.7451 0.0827 0.8772
charger_material_0.bmp
  8 -44.9539 1.3537 46.7026 -0.3451 -0.5708 -0.7451 0.0827 0.8772
  8 -44.2760 1.4601 46.1879 -0.0193 0.0298 -0.9994 0.0906 0.8772
  8 -44.9511 1.1389 46.7234 -0.5961 -0.0700 -0.7999 0.0827 0.8812
charger_material_0.bmp
  8 -38.5742 6.0885 50.3134 -0.1493 0.9415 -0.3022 0.1909 0.8198
  8 -39.2647 6.4115 52.0361 -0.4205 0.8968 0.1376 0.1890 0.7980
  8 -38.0372 6.6853 52.7155 -0.3064 0.9514 0.0310 0.2008 0.7960
charger_material_0.bmp
  8 -38.0372 6.6853 52.7155 -0.3064 0.9514 0.0310 0.2008 0.7960
  8 -39.2647 6.4115 52.0361 -0.4205 0.8968 0.1376 0.1890 0.7980
  8 -38.4150 5.5395 54.6476 -0.5116 0.6067 0.6084 0.2008 0.7743
charger_material_0.bmp
  8 -39.2647 6.4115 52.0361 -0.4205 0.8968 0.1376 0.1890 0.7980
  8 -41.0348 4.5759 53.1684 -0.5874 0.5482 0.5953 0.1732 0.7743
  8 -38.4150 5.5395 54.6476 -0.5116 0.6067 0.6084 0.2008 0.7743
charger_material_0.bmp
  8 -38.4150 5.5395 54.6476 -0.5116 0.6067 0.6084 0.2008 0.7743
  8 -41.0348 4.5759 53.1684 -0.5874 0.5482 0.5953 0.1732 0.7743
  8 -38.1994 3.2320 55.7657 -0.5376 0.1677 0.8264 0.2008 0.7485
charger_material_0.bmp
  8 -41.0348 4.5759 53.1684 -0.5874 0.5482 0.5953 0.1732 0.7743
  8 -40.8891 2.3568 54.0546 -0.5742 0.1451 0.8058 0.1713 0.7505
  8 -38.1994 3.2320 55.7657 -0.5376 0.1677 0.8264 0.2008 0.7485
charger_material_0.bmp
  8 -38.1994 3.2320 55.7657 -0.5376 0.1677 0.8264 0.2008 0.7485
  8 -40.8891 2.3568 54.0546 -0.5742 0.1451 0.8058 0.1713 0.7505
  8 -37.7934 0.6966 56.0934 -0.4519 -0.1289 0.8827 0.2008 0.7248
charger_material_0.bmp
  8 -40.8891 2.3568 54.0546 -0.5742 0.1451 0.8058 0.1713 0.7505
  8 -40.5036 -0.1725 54.3179 -0.5150 -0.0738 0.8540 0.1713 0.7248
  8 -37.7934 0.6966 56.0934 -0.4519 -0.1289 0.8827 0.2008 0.7248
charger_material_0.bmp
  8 -37.7934 0.6966 56.0934 -0.4519 -0.1289 0.8827 0.2008 0.7248
  8 -40.5036 -0.1725 54.3179 -0.5150 -0.0738 0.8540 0.1713 0.7248
  8 -39.8171 -2.4373 54.3830 -0.3954 -0.4251 0.8142 0.1732 0.6990
charger_material_0.bmp
  8 -40.5036 -0.1725 54.3179 -0.5150 -0.0738 0.8540 0.1713 0.7248
  8 -42.1139 -2.9259 52.6689 -0.5399 -0.3780 0.7521 0.1457 0.6970
  8 -39.8171 -2.4373 54.3830 -0.3954 -0.4251 0.8142 0.1732 0.6990
charger_material_0.bmp
  8 -39.8171 -2.4373 54.3830 -0.3954 -0.4251 0.8142 0.1732 0.6990
  8 -42.1139 -2.9259 52.6689 -0.5399 -0.3780 0.7521 0.1457 0.6970
  8 -41.1704 -4.9309 51.8364 -0.3063 -0.7170 0.6261 0.1496 0.6713
charger_material_0.bmp
  8 -42.1139 -2.9259 52.6689 -0.5399 -0.3780 0.7521 0.1457 0.6970
  8 -43.0390 -5.2800 49.9511 -0.4801 -0.6943 0.5362 0.1220 0.6653
  8 -41.1704 -4.9309 51.8364 -0.3063 -0.7170 0.6261 0.1496 0.6713
charger_material_0.bmp
  8 -41.1704 -4.9309 51.8364 -0.3063 -0.7170 0.6261 0.1496 0.6713
  8 -43.0390 -5.2800 49.9511 -0.4801 -0.6943 0.5362 0.1220 0.6653
  8 -41.2442 -6.1236 49.9563 -0.1430 -0.8998 0.4122 0.1398 0.6515
charger_material_0.bmp
  8 -41.0424 -5.5707 43.6529 -0.5273 -0.4310 -0.7323 0.1161 0.5703
  8 -40.8273 -6.1076 43.8182 -0.4206 -0.6799 -0.6008 0.1220 0.5762
  8 -41.3179 -5.6257 44.0181 -0.7720 -0.4415 -0.4573 0.1122 0.5762
charger_material_0.bmp
  8 -41.3179 -5.6257 44.0181 -0.7720 -0.4415 -0.4573 0.1122 0.5762
  8 -40.8273 -6.1076 43.8182 -0.4206 -0.6799 -0.6008 0.1220 0.5762
  8 -41.3069 -6.0675 44.4871 -0.6828 -0.7172 -0.1393 0.1161 0.5842
charger_material_0.bmp
  8 -40.8273 -6.1076 43.8182 -0.4206 -0.6799 -0.6008 0.1220 0.5762
  8 -40.1485 -6.4005 44.6574 0.0107 -0.9671 -0.2544 0.1319 0.5842
  8 -41.3069 -6.0675 44.4871 -0.6828 -0.7172 -0.1393 0.1161 0.5842
charger_material_0.bmp
  8 -41.3069 -6.0675 44.4871 -0.6828 -0.7172 -0.1393 0.1161 0.5842
  8 -40.1485 -6.4005 44.6574 0.0107 -0.9671 -0.2544 0.1319 0.5842
  8 -40.8720 -6.3015 45.1127 -0.6231 -0.7698 0.1387 0.1240 0.5921
charger_material_0.bmp
  8 -40.1485 -6.4005 44.6574 0.0107 -0.9671 -0.2544 0.1319 0.5842
  8 -40.2990 -6.5363 45.9460 -0.3332 -0.9428 0.0032 0.1319 0.6020
  8 -40.8720 -6.3015 45.1127 -0.6231 -0.7698 0.1387 0.1240 0.5921
charger_material_0.bmp
  8 -40.8720 -6.3015 45.1127 -0.6231 -0.7698 0.1387 0.1240 0.5921
  8 -40.2990 -6.5363 45.9460 -0.3332 -0.9428 0.0032 0.1319 0.6020
  8 -41.1841 -5.7396 45.5415 -0.7430 -0.6668 0.0579 0.1161 0.5980
charger_material_0.bmp
  8 -40.2990 -6.5363 45.9460 -0.3332 -0.9428 0.0032 0.1319 0.6020
  8 -40.8263 -6.2599 46.4753 -0.4381 -0.8702 -0.2255 0.1260 0.6099
  8 -41.1841 -5.7396 45.5415 -0.7430 -0.6668 0.0579 0.1161 0.5980
charger_material_0.bmp
  8 -41.1841 -5.7396 45.5415 -0.7430 -0.6668 0.0579 0.1161 0.5980
  8 -40.8263 -6.2599 46.4753 -0.4381 -0.8702 -0.2255 0.1260 0.6099
  8 -41.3031 -5.6155 45.9126 -0.3790 -0.8097 -0.4481 0.1161 0.6040
charger_material_0.bmp
  8 -40.8263 -6.2599 46.4753 -0.4381 -0.8702 -0.2255 0.1260 0.6099
  8 -41.6322 -6.5405 47.2131 -0.1220 -0.9376 -0.3256 0.1220 0.6238
  8 -41.3031 -5.6155 45.9126 -0.3790 -0.8097 -0.4481 0.1161 0.6040
charger_material_0.bmp
  8 -41.3031 -5.6155 45.9126 -0.3790 -0.8097 -0.4481 0.1161 0.6040
  8 -41.6322 -6.5405 47.2131 -0.1220 -0.9376 -0.3256 0.1220 0.6238
  8 -43.2540 -5.7819 45.9534 0.1007 -0.8369 -0.5381 0.0945 0.6178
charger_material_0.bmp
  8 -41.6322 -6.5405 47.2131 -0.1220 -0.9376 -0.3256 0.1220 0.6238
  8 -43.7670 -6.1311 46.9333 -0.1683 -0.9785 -0.1194 0.0965 0.6337
  8 -43.2540 -5.7819 45.9534 0.1007 -0.8369 -0.5381 0.0945 0.6178
charger_material_0.bmp
  8 -43.2540 -5.7819 45.9534 0.1007 -0.8369 -0.5381 0.0945 0.6178
  8 -43.7670 -6.1311 46.9333 -0.1683 -0.9785 -0.1194 0.0965 0.6337
  8 -44.6378 -5.9109 45.8734 -0.0320 -0.9730 -0.2286 0.0787 0.6277
charger_material_0.bmp
  4 -1.5000 -5.8930 61.7993 -0.6021 -0.4454 -0.6627 0.8622 0.5545
  4 -1.3900 -5.8505 61.6487 -0.7744 -0.5538 -0.3060 0.8622 0.5525
  4 -1.1800 -6.1508 61.6756 -0.5130 -0.7808 -0.3566 0.8681 0.5545
charger_material_0.bmp
  4 -1.1800 -6.1508 61.6756 -0.5130 -0.7808 -0.3566 0.8681 0.5545
  4 -1.3900 -5.8505 61.6487 -0.7744 -0.5538 -0.3060 0.8622 0.5525
  4 -1.1700 -6.1401 61.5717 -0.6524 -0.7540 -0.0765 0.8681 0.5525
charger_material_0.bmp
  4 -1.3900 -5.8505 61.6487 -0.7744 -0.5538 -0.3060 0.8622 0.5525
  4 -1.3500 -5.8642 61.4171 -0.5609 -0.2375 -0.7931 0.8642 0.5505
  4 -1.1700 -6.1401 61.5717 -0.6524 -0.7540 -0.0765 0.8681 0.5525
charger_material_0.bmp
  4 -1.1700 -6.1401 61.5717 -0.6524 -0.7540 -0.0765 0.8681 0.5525
  4 -1.3500 -5.8642 61.4171 -0.5609 -0.2375 -0.7931 0.8642 0.5505
  4 -1.1400 -6.1543 61.3911 -0.5398 -0.6306 -0.5576 0.8701 0.5505
charger_material_0.bmp
  4 -1.3500 -5.8642 61.4171 -0.5609 -0.2375 -0.7931 0.8642 0.5505
  4 -1.1100 -6.0935 61.3897 -0.3562 -0.1388 -0.9241 0.8701 0.5485
  4 -1.1400 -6.1543 61.3911 -0.5398 -0.6306 -0.5576 0.8701 0.5505
charger_material_0.bmp
  4 -1.1400 -6.1543 61.3911 -0.5398 -0.6306 -0.5576 0.8701 0.5505
  4 -1.1100 -6.0935 61.3897 -0.3562 -0.1388 -0.9241 0.8701 0.5485
  4 -0.9400 -6.2128 61.3514 -0.2708 -0.7013 -0.6595 0.8720 0.5505
charger_material_0.bmp
  4 -1.1100 -6.0935 61.3897 -0.3562 -0.1388 -0.9241 0.8701 0.5485
  4 -0.9300 -6.1576 61.3205 -0.2035 -0.0773 -0.9760 0.8720 0.5485
  4 -0.9400 -6.2128 61.3514 -0.2708 -0.7013 -0.6595 0.8720 0.5505
charger_material_0.bmp
  4 -0.9400 -6.2128 61.3514 -0.2708 -0.7013 -0.6595 0.8720 0.5505
  4 -0.9300 -6.1576 61.3205 -0.2035 -0.0773 -0.9760 0.8720 0.5485
  4 -0.7100 -6.1908 61.3065 -0.0227 -0.3060 -0.9517 0.8760 0.5485
charger_material_0.bmp
  4 -0.9300 -6.1576 61.3205 -0.2035 -0.0773 -0.9760 0.8720 0.5485
  4 -0.7100 -6.0790 61.3055 -0.0308 0.0784 -0.9964 0.8760 0.5465
  4 -0.7100 -6.1908 61.3065 -0.0227 -0.3060 -0.9517 0.8760 0.5485
charger_material_0.bmp
  4 -0.7100 -6.1908 61.3065 -0.0227 -0.3060 -0.9517 0.8760 0.5485
  4 -0.7100 -6.0790 61.3055 -0.0308 0.0784 -0.9964 0.8760 0.5465
  4 -0.5200 -6.1123 61.2915 -0.0443 0.0450 -0.9980 0.8799 0.5485
charger_material_0.bmp
  4 -0.7100 -6.0790 61.3055 -0.0308 0.0784 -0.9964 0.8760 0.5465
  4 -0.5400 -6.0304 61.3471 -0.0000 0.5508 -0.8347 0.8780 0.5465
  4 -0.5200 -6.1123 61.2915 -0.0443 0.0450 -0.9980 0.8799 0.5485
charger_material_0.bmp
  9 -6.7868 -2.0427 29.4246 -0.4158 -0.9091 -0.0248 0.9094 0.9663
  9 -8.3432 -1.1470 30.2515 -0.7314 -0.6819 0.0092 0.8937 0.9703
  9 -8.5176 -1.0817 27.4913 -0.6693 -0.7423 0.0323 0.8878 0.9406
charger_material_0.bmp
  9 -8.5176 -1.0817 27.4913 -0.6693 -0.7423 0.0323 0.8878 0.9406
  9 -8.3432 -1.1470 30.2515 -0.7314 -0.6819 0.0092 0.8937 0.9703
  9 -9.3322 0.8066 28.0371 -0.9771 -0.2126 0.0114 0.8701 0.9465
charger_material_0.bmp
  9 -8.3432 -1.1470 30.2515 -0.7314 -0.6819 0.0092 0.8937 0.9703
  9 -9.2918 0.6733 31.1981 -0.9830 -0.1742 0.0581 0.8760 0.9782
  9 -9.3322 0.8066 28.0371 -0.9771 -0.2126 0.0114 0.8701 0.9465
charger_material_0.bmp
  9 -9.3322 0.8066 28.0371 -0.9771 -0.2126 0.0114 0.8701 0.9465
  9 -9.2918 0.6733 31.1981 -0.9830 -0.1742 0.0581 0.8760 0.9782
  9 -9.2770 2.8484 28.0967 -0.9866 0.1615 -0.0222 0.8504 0.9485
charger_material_0.bmp
  9 -9.2918 0.6733 31.1981 -0.9830 -0.1742 0.0581 0.8760 0.9782
  9 -9.3152 2.9861 31.2630 -0.9574 0.2744 0.0895 0.8543 0.9802
  9 -9.2770 2.8484 28.0967 -0.9866 0.1615 -0.0222 0.8504 0.9485
charger_material_0.bmp
  9 -9.2770 2.8484 28.0967 -0.9866 0.1615 -0.0222 0.8504 0.9485
  9 -9.3152 2.9861 31.2630 -0.9574 0.2744 0.0895 0.8543 0.9802
  9 -8.4431 4.7985 28.1116 -0.8480 0.5272 -0.0537 0.8327 0.9505
charger_material_0.bmp
  9 -9.3152 2.9861 31.2630 -0.9574 0.2744 0.0895 0.8543 0.9802
  9 -8.2182 5.0140 31.7308 -0.8226 0.5651 0.0633 0.8366 0.9822
  9 -8.4431 4.7985 28.1116 -0.8480 0.5272 -0.0537 0.8327 0.9505
charger_material_0.bmp
  9 -8.4431 4.7985 28.1116 -0.8480 0.5272 -0.0537 0.8327 0.9505
  9 -8.2182 5.0140 31.7308 -0.8226 0.5651 0.0633 0.8366 0.9822
  9 -6.6991 6.9310 30.5765 -0.5016 0.8555 -0.1284 0.8150 0.9822
charger_material_0.bmp
  9 -8.2182 5.0140 31.7308 -0.8226 0.5651 0.0633 0.8366 0.9822
  9 -6.3917 7.1208 32.1547 -0.5585 0.8289 -0.0316 0.8150 0.9921
  9 -6.6991 6.9310 30.5765 -0.5016 0.8555 -0.1284 0.8150 0.9822
charger_material_0.bmp
  9 -6.6991 6.9310 30.5765 -0.5016 0.8555 -0.1284 0.8150 0.9822
  9 -6.3917 7.1208 32.1547 -0.5585 0.8289 -0.0316 0.8150 0.9921
  9 -3.8634 7.8023 31.4412 -0.2658 0.9450 -0.1908 0.7913 0.9941
charger_material_0.bmp
  9 -6.3917 7.1208 32.1547 -0.5585 0.8289 -0.0316 0.8150 0.9921
  9 -3.7962 8.0580 32.4821 -0.3224 0.9350 -0.1480 0.7933 1.0000
  9 -3.8634 7.8023 31.4412 -0.2658 0.9450 -0.1908 0.7913 0.9941
charger_material_0.bmp
  2 -5.1399 -10.0213 44.5867 -0.0088 -0.2848 -0.9585 0.0650 0.3129
  2 -6.3799 -9.1214 44.7274 0.0012 0.3047 -0.9524 0.0650 0.2931
  2 -5.0399 -10.0513 44.6166 0.3761 0.1254 -0.9180 0.0689 0.3069
charger_material_0.bmp
  2 -5.0399 -10.0513 44.6166 0.3761 0.1254 -0.9180 0.0689 0.3069
  2 -6.3799 -9.1214 44.7274 0.0012 0.3047 -0.9524 0.0650 0.2931
  2 -5.9299 -8.2621 45.6281 0.3297 0.2616 -0.9071 0.0768 0.2792
charger_material_0.bmp
  2 -6.3799 -9.1214 44.7274 0.0012 0.3047 -0.9524 0.0650 0.2931
  2 -7.2399 -7.9819 45.2684 -0.4419 -0.1092 -0.8904 0.0650 0.2752
  2 -5.9299 -8.2621 45.6281 0.3297 0.2616 -0.9071 0.0768 0.2792
charger_material_0.bmp
  2 -5.9299 -8.2621 45.6281 0.3297 0.2616 -0.9071 0.0768 0.2792
  2 -7.2399 -7.9819 45.2684 -0.4419 -0.1092 -0.8904 0.0650 0.2752
  2 -6.2799 -6.6820 45.4494 0.1177 -0.4405 -0.8900 0.0827 0.2554
charger_material_0.bmp
  2 -7.2399 -7.9819 45.2684 -0.4419 -0.1092 -0.8904 0.0650 0.2752
  2 -7.8799 -6.3117 45.0898 -0.5191 -0.5347 -0.6668 0.0650 0.2515
  2 -6.2799 -6.6820 45.4494 0.1177 -0.4405 -0.8900 0.0827 0.2554
charger_material_0.bmp
  2 -6.2799 -6.6820 45.4494 0.1177 -0.4405 -0.8900 0.0827 0.2554
  2 -7.8799 -6.3117 45.0898 -0.5191 -0.5347 -0.6668 0.0650 0.2515
  1 -6.3400 -5.6538 44.3413 -0.1421 -0.8463 -0.5134 0.0827 0.2396
charger_material_0.bmp
  2 -7.8799 -6.3117 45.0898 -0.5191 -0.5347 -0.6668 0.0650 0.2515
  1 -8.1500 -4.8238 43.8613 -0.7222 -0.5970 -0.3493 0.0591 0.2356
  1 -6.3400 -5.6538 44.3413 -0.1421 -0.8463 -0.5134 0.0827 0.2396
charger_material_0.bmp
  1 -6.3400 -5.6538 44.3413 -0.1421 -0.8463 -0.5134 0.0827 0.2396
  1 -8.1500 -4.8238 43.8613 -0.7222 -0.5970 -0.3493 0.0591 0.2356
  1 -6.1500 -5.0338 42.5213 -0.3026 -0.9111 -0.2798 0.0827 0.2178
charger_material_0.bmp
  1 -8.1500 -4.8238 43.8613 -0.7222 -0.5970 -0.3493 0.0591 0.2356
  1 -8.5400 -3.7538 41.8813 -0.8926 -0.4434 0.0821 0.0512 0.2198
  1 -6.1500 -5.0338 42.5213 -0.3026 -0.9111 -0.2798 0.0827 0.2178
charger_material_0.bmp
  1 -6.1500 -5.0338 42.5213 -0.3026 -0.9111 -0.2798 0.0827 0.2178
  1 -8.5400 -3.7538 41.8813 -0.8926 -0.4434 0.0821 0.0512 0.2198
  1 -7.5300 -4.1038 40.6313 -0.5698 -0.7917 -0.2202 0.0650 0.2020
charger_material_0.bmp
  1 -8.5400 -3.7538 41.8813 -0.8926 -0.4434 0.0821 0.0512 0.2198
  1 -8.9600 -2.1938 41.2413 -0.9267 -0.1948 0.3215 0.0413 0.2099
  1 -7.5300 -4.1038 40.6313 -0.5698 -0.7917 -0.2202 0.0650 0.2020
charger_material_0.bmp
  3 -1.4600 -6.7705 50.8761 -0.3242 -0.9078 -0.2660 0.6201 0.5089
  3 -2.3500 -5.9996 50.2070 -0.2177 -0.9206 -0.3243 0.6063 0.5089
  2 -1.1797 -6.2252 49.3795 -0.3907 -0.8684 -0.3053 0.6142 0.4891
charger_material_0.bmp
  2 -1.1797 -6.2252 49.3795 -0.3907 -0.8684 -0.3053 0.6142 0.4891
  3 -2.3500 -5.9996 50.2070 -0.2177 -0.9206 -0.3243 0.6063 0.5089
  2 -2.1597 -5.7147 48.8300 -0.1654 -0.9750 -0.1482 0.6004 0.4911
charger_material_0.bmp
  3 -2.3500 -5.9996 50.2070 -0.2177 -0.9206 -0.3243 0.6063 0.5089
  2 -3.9597 -5.6552 49.4501 -0.1221 -0.9573 -0.2622 0.5827 0.5109
  2 -2.1597 -5.7147 48.8300 -0.1654 -0.9750 -0.1482 0.6004 0.4911
charger_material_0.bmp
  2 -2.1597 -5.7147 48.8300 -0.1654 -0.9750 -0.1482 0.6004 0.4911
  2 -3.9597 -5.6552 49.4501 -0.1221 -0.9573 -0.2622 0.5827 0.5109
  2 -3.7398 -5.3940 47.8903 -0.2023 -0.9736 -0.1062 0.5768 0.4891
charger_material_0.bmp
  2 -3.9597 -5.6552 49.4501 -0.1221 -0.9573 -0.2622 0.5827 0.5109
  2 -6.1197 -4.9948 48.9207 -0.2880 -0.9065 -0.3086 0.5551 0.5149
  2 -3.7398 -5.3940 47.8903 -0.2023 -0.9736 -0.1062 0.5768 0.4891
charger_material_0.bmp
  2 -3.7398 -5.3940 47.8903 -0.2023 -0.9736 -0.1062 0.5768 0.4891
  2 -6.1197 -4.9948 48.9207 -0.2880 -0.9065 -0.3086 0.5551 0.5149
  2 -5.5098 -4.6633 47.1210 -0.3372 -0.9414 -0.0072 0.5512 0.4911
charger_material_0.bmp
  2 -6.1197 -4.9948 48.9207 -0.2880 -0.9065 -0.3086 0.5551 0.5149
  2 -7.0898 -3.9930 46.7116 -0.5665 -0.8127 -0.1361 0.5295 0.4931
  2 -5.5098 -4.6633 47.1210 -0.3372 -0.9414 -0.0072 0.5512 0.4911
charger_material_0.bmp
  2 -5.5098 -4.6633 47.1210 -0.3372 -0.9414 -0.0072 0.5512 0.4911
  2 -7.0898 -3.9930 46.7116 -0.5665 -0.8127 -0.1361 0.5295 0.4931
  2 -5.5099 -5.2318 45.2505 -0.3878 -0.9217 0.0048 0.5453 0.4653
charger_material_0.bmp
  2 -7.0898 -3.9930 46.7116 -0.5665 -0.8127 -0.1361 0.5295 0.4931
  1 -6.9500 -3.9438 44.4513 -0.6756 -0.7151 -0.1795 0.5217 0.4653
  2 -5.5099 -5.2318 45.2505 -0.3878 -0.9217 0.0048 0.5453 0.4653
charger_material_0.bmp
  2 -5.5099 -5.2318 45.2505 -0.3878 -0.9217 0.0048 0.5453 0.4653
  1 -6.9500 -3.9438 44.4513 -0.6756 -0.7151 -0.1795 0.5217 0.4653
  1 -5.0600 -4.8738 43.6313 -0.4168 -0.8706 -0.2615 0.5433 0.4436
charger_material_0.bmp
  1 -6.9500 -3.9438 44.4513 -0.6756 -0.7151 -0.1795 0.5217 0.4653
  1 -6.5700 -3.4138 41.4913 -0.7090 -0.6733 -0.2099 0.5138 0.4356
  1 -5.0600 -4.8738 43.6313 -0.4168 -0.8706 -0.2615 0.5433 0.4436
charger_material_0.bmp
  2 -4.0199 -10.8122 45.6660 -0.7327 -0.3588 0.5783 0.6693 0.9960
  2 -4.5998 -8.5929 46.6078 -0.5666 -0.0864 0.8195 0.6673 0.9703
  2 -5.1399 -10.0213 44.5867 -0.5161 -0.6222 0.5886 0.6850 0.9901
charger_material_0.bmp
  2 -5.1399 -10.0213 44.5867 -0.5161 -0.6222 0.5886 0.6850 0.9901
  2 -4.5998 -8.5929 46.6078 -0.5666 -0.0864 0.8195 0.6673 0.9703
  2 -6.0899 -8.2724 45.9781 -0.3550 -0.2929 0.8878 0.6850 0.9663
charger_material_0.bmp
  2 -4.5998 -8.5929 46.6078 -0.5666 -0.0864 0.8195 0.6673 0.9703
  2 -4.5798 -7.0626 46.1490 -0.2217 0.5196 0.8252 0.6673 0.9505
  2 -6.0899 -8.2724 45.9781 -0.3550 -0.2929 0.8878 0.6850 0.9663
charger_material_0.bmp
  2 -6.0899 -8.2724 45.9781 -0.3550 -0.2929 0.8878 0.6850 0.9663
  2 -4.5798 -7.0626 46.1490 -0.2217 0.5196 0.8252 0.6673 0.9505
  2 -6.3699 -6.6822 45.6994 -0.1101 0.4575 0.8823 0.6850 0.9465
charger_material_0.bmp
  2 -4.5798 -7.0626 46.1490 -0.2217 0.5196 0.8252 0.6673 0.9505
  1 -5.0600 -4.8738 43.6313 -0.0125 0.7722 0.6353 0.6752 0.9188
  2 -6.3699 -6.6822 45.6994 -0.1101 0.4575 0.8823 0.6850 0.9465
charger_material_0.bmp
  2 -6.3699 -6.6822 45.6994 -0.1101 0.4575 0.8823 0.6850 0.9465
  1 -5.0600 -4.8738 43.6313 -0.0125 0.7722 0.6353 0.6752 0.9188
  1 -8.1600 -4.8038 43.8613 0.0502 0.7806 0.6230 0.7067 0.9208
charger_material_0.bmp
  1 -5.0600 -4.8738 43.6313 -0.0125 0.7722 0.6353 0.6752 0.9188
  1 -6.5700 -3.4138 41.4913 0.1297 0.7278 0.6734 0.6929 0.8931
  1 -8.1600 -4.8038 43.8613 0.0502 0.7806 0.6230 0.7067 0.9208
charger_material_0.bmp
  1 -8.1600 -4.8038 43.8613 0.0502 0.7806 0.6230 0.7067 0.9208
  1 -6.5700 -3.4138 41.4913 0.1297 0.7278 0.6734 0.6929 0.8931
  1 -8.2800 -3.5638 42.0213 0.2017 0.5826 0.7873 0.7087 0.8990
charger_material_0.bmp
  1 -6.5700 -3.4138 41.4913 0.1297 0.7278 0.6734 0.6929 0.8931
  1 -7.6100 -1.7938 40.9513 0.3252 0.3029 0.8958 0.7047 0.8772
  1 -8.2800 -3.5638 42.0213 0.2017 0.5826 0.7873 0.7087 0.8990
charger_material_0.bmp
  1 -8.2800 -3.5638 42.0213 0.2017 0.5826 0.7873 0.7087 0.8990
  1 -7.6100 -1.7938 40.9513 0.3252 0.3029 0.8958 0.7047 0.8772
  1 -8.6200 -2.0338 41.3813 0.3252 0.3029 0.8958 0.7146 0.8832
charger_material_0.bmp
  1 -7.6100 -1.7938 40.9513 0.3252 0.3029 0.8958 0.7047 0.8772
  1 -8.9200 0.0362 41.1913 0.4441 0.0771 0.8927 0.7224 0.8634
  1 -8.6200 -2.0338 41.3813 0.3252 0.3029 0.8958 0.7146 0.8832
charger_material_0.bmp
  4 -3.5400 -3.7983 64.5550 -0.9137 -0.1028 0.3931 0.8150 0.5980
  4 -3.4900 -4.3297 64.5446 -0.9198 -0.1711 0.3532 0.8228 0.5960
  4 -3.0500 -4.0181 65.2690 -0.8005 -0.0735 0.5948 0.8228 0.6099
charger_material_0.bmp
  4 -3.0500 -4.0181 65.2690 -0.8005 -0.0735 0.5948 0.8228 0.6099
  4 -3.4900 -4.3297 64.5446 -0.9198 -0.1711 0.3532 0.8228 0.5960
  4 -2.9300 -4.5504 65.3606 -0.7864 -0.1473 0.6000 0.8287 0.6099
charger_material_0.bmp
  4 -3.4900 -4.3297 64.5446 -0.9198 -0.1711 0.3532 0.8228 0.5960
  4 -3.2900 -4.9092 64.6554 -0.8852 -0.3144 0.3427 0.8307 0.5980
  4 -2.9300 -4.5504 65.3606 -0.7864 -0.1473 0.6000 0.8287 0.6099
charger_material_0.bmp
  4 -2.9300 -4.5504 65.3606 -0.7864 -0.1473 0.6000 0.8287 0.6099
  4 -3.2900 -4.9092 64.6554 -0.8852 -0.3144 0.3427 0.8307 0.5980
  4 -2.8800 -5.5517 65.0226 -0.8231 -0.3724 0.4287 0.8406 0.6020
charger_material_0.bmp
  4 -3.2900 -4.9092 64.6554 -0.8852 -0.3144 0.3427 0.8307 0.5980
  4 -2.9600 -5.6844 64.4880 -0.8111 -0.5839 -0.0340 0.8406 0.5941
  4 -2.8800 -5.5517 65.0226 -0.8231 -0.3724 0.4287 0.8406 0.6020
charger_material_0.bmp
  4 -2.8800 -5.5517 65.0226 -0.8231 -0.3724 0.4287 0.8406 0.6020
  4 -2.9600 -5.6844 64.4880 -0.8111 -0.5839 -0.0340 0.8406 0.5941
  4 -2.7000 -5.9841 64.6777 -0.8088 -0.5818 0.0863 0.8445 0.5980
charger_material_0.bmp
  4 -2.9600 -5.6844 64.4880 -0.8111 -0.5839 -0.0340 0.8406 0.5941
  4 -2.7400 -5.8484 64.1630 -0.8457 -0.5168 -0.1333 0.8425 0.5901
  4 -2.7000 -5.9841 64.6777 -0.8088 -0.5818 0.0863 0.8445 0.5980
charger_material_0.bmp
  4 -2.7000 -5.9841 64.6777 -0.8088 -0.5818 0.0863 0.8445 0.5980
  4 -2.7400 -5.8484 64.1630 -0.8457 -0.5168 -0.1333 0.8425 0.5901
  4 -2.6200 -6.0860 64.1982 -0.8111 -0.5839 -0.0340 0.8465 0.5921
charger_material_0.bmp
  4 -2.7400 -5.8484 64.1630 -0.8457 -0.5168 -0.1333 0.8425 0.5901
  4 -2.6000 -6.1385 63.9232 -0.8111 -0.5839 -0.0340 0.8465 0.5881
  4 -2.6200 -6.0860 64.1982 -0.8111 -0.5839 -0.0340 0.8465 0.5921
charger_material_0.bmp
  4 -2.6200 -6.0860 64.1982 -0.8111 -0.5839 -0.0340 0.8465 0.5921
  4 -2.6000 -6.1385 63.9232 -0.8111 -0.5839 -0.0340 0.8465 0.5881
  4 -2.3000 -6.4214 64.2013 -0.6391 -0.7688 -0.0223 0.8524 0.5921
charger_material_0.bmp
  4 -2.6000 -6.1385 63.9232 -0.8111 -0.5839 -0.0340 0.8465 0.5881
  4 -2.2700 -6.4645 63.9754 -0.6067 -0.7911 -0.0775 0.8524 0.5901
  4 -2.3000 -6.4214 64.2013 -0.6391 -0.7688 -0.0223 0.8524 0.5921
charger_material_0.bmp
  4 -3.5000 -2.2455 64.1564 -0.9482 0.2940 -0.1205 0.7933 0.6020
  4 -3.5800 -2.9942 63.8617 -0.9628 0.0850 -0.2566 0.8012 0.5921
  4 -3.7000 -3.0996 64.2687 -0.9965 0.0724 0.0429 0.8051 0.5980
charger_material_0.bmp
  4 -3.7000 -3.0996 64.2687 -0.9965 0.0724 0.0429 0.8051 0.5980
  4 -3.5800 -2.9942 63.8617 -0.9628 0.0850 -0.2566 0.8012 0.5921
  4 -3.6600 -3.7354 64.0849 -0.9887 -0.0656 -0.1347 0.8130 0.5921
charger_material_0.bmp
  4 -3.5800 -2.9942 63.8617 -0.9628 0.0850 -0.2566 0.8012 0.5921
  4 -3.5000 -3.6572 63.6423 -0.9045 -0.0675 -0.4211 0.8110 0.5842
  4 -3.6600 -3.7354 64.0849 -0.9887 -0.0656 -0.1347 0.8130 0.5921
charger_material_0.bmp
  4 -3.6600 -3.7354 64.0849 -0.9887 -0.0656 -0.1347 0.8130 0.5921
  4 -3.5000 -3.6572 63.6423 -0.9045 -0.0675 -0.4211 0.8110 0.5842
  4 -3.6100 -4.1761 64.0164 -0.9759 -0.1167 -0.1843 0.8189 0.5881
charger_material_0.bmp
  4 -3.5000 -3.6572 63.6423 -0.9045 -0.0675 -0.4211 0.8110 0.5842
  4 -3.3300 -4.1891 63.4691 -0.8491 -0.0643 -0.5243 0.8189 0.5802
  4 -3.6100 -4.1761 64.0164 -0.9759 -0.1167 -0.1843 0.8189 0.5881
charger_material_0.bmp
  4 -3.6100 -4.1761 64.0164 -0.9759 -0.1167 -0.1843 0.8189 0.5881
  4 -3.3300 -4.1891 63.4691 -0.8491 -0.0643 -0.5243 0.8189 0.5802
  4 -3.2300 -4.6267 63.2575 -0.8803 -0.0430 -0.4726 0.8248 0.5762
charger_material_0.bmp
  4 -3.3300 -4.1891 63.4691 -0.8491 -0.0643 -0.5243 0.8189 0.5802
  4 -3.0800 -4.0898 63.0836 -0.8837 0.0300 -0.4672 0.8169 0.5703
  4 -3.2300 -4.6267 63.2575 -0.8803 -0.0430 -0.4726 0.8248 0.5762
charger_material_0.bmp
  4 -3.2300 -4.6267 63.2575 -0.8803 -0.0430 -0.4726 0.8248 0.5762
  4 -3.0800 -4.0898 63.0836 -0.8837 0.0300 -0.4672 0.8169 0.5703
  4 -3.0800 -4.4416 62.9472 -0.9154 0.0228 -0.4019 0.8228 0.5683
charger_material_0.bmp
  4 -3.0800 -4.0898 63.0836 -0.8837 0.0300 -0.4672 0.8169 0.5703
  4 -2.8900 -4.1350 62.6341 -0.9862 0.0997 -0.1320 0.8189 0.5604
  4 -3.0800 -4.4416 62.9472 -0.9154 0.0228 -0.4019 0.8228 0.5683
charger_material_0.bmp
  4 -3.0800 -4.4416 62.9472 -0.9154 0.0228 -0.4019 0.8228 0.5683
  4 -2.8900 -4.1350 62.6341 -0.9862 0.0997 -0.1320 0.8189 0.5604
  4 -2.9000 -4.4087 62.5337 -0.9759 -0.1167 -0.1843 0.8248 0.5604
charger_material_0.bmp
  4 -2.8900 -4.1350 62.6341 -0.9862 0.0997 -0.1320 0.8189 0.5604
  4 -2.9200 -4.2326 62.1233 -0.9860 -0.1643 -0.0296 0.8248 0.5525
  4 -2.9000 -4.4087 62.5337 -0.9759 -0.1167 -0.1843 0.8248 0.5604
charger_material_0.bmp
  8 -45.4797 1.4188 48.1373 -0.5735 0.8179 -0.0466 0.0768 0.7743
  8 -45.5712 1.1737 46.5433 0.1675 0.9731 -0.1579 0.0551 0.7762
  8 -46.5828 1.3386 47.2860 -0.3992 0.8984 0.1831 0.0630 0.7624
charger_material_0.bmp
  8 -46.5828 1.3386 47.2860 -0.3992 0.8984 0.1831 0.0630 0.7624
  8 -45.5712 1.1737 46.5433 0.1675 0.9731 -0.1579 0.0551 0.7762
  8 -46.8313 1.2265 46.4737 -0.4283 0.8982 0.0984 0.0531 0.7624
charger_material_0.bmp
  8 -45.5712 1.1737 46.5433 0.1675 0.9731 -0.1579 0.0551 0.7762
  8 -46.0628 1.3456 45.6300 0.2374 0.9566 -0.1688 0.0453 0.7723
  8 -46.8313 1.2265 46.4737 -0.4283 0.8982 0.0984 0.0531 0.7624
charger_material_0.bmp
  8 -46.8313 1.2265 46.4737 -0.4283 0.8982 0.0984 0.0531 0.7624
  8 -46.0628 1.3456 45.6300 0.2374 0.9566 -0.1688 0.0453 0.7723
  8 -47.0962 1.1120 45.4753 -0.5058 0.8550 -0.1144 0.0413 0.7624
charger_material_0.bmp
  8 -46.0628 1.3456 45.6300 0.2374 0.9566 -0.1688 0.0453 0.7723
  8 -46.5233 1.2055 44.8700 -0.0030 0.8925 -0.4511 0.0374 0.7683
  8 -47.0962 1.1120 45.4753 -0.5058 0.8550 -0.1144 0.0413 0.7624
charger_material_0.bmp
  8 -47.0962 1.1120 45.4753 -0.5058 0.8550 -0.1144 0.0413 0.7624
  8 -46.5233 1.2055 44.8700 -0.0030 0.8925 -0.4511 0.0374 0.7683
  8 -47.3678 0.5638 44.6990 -0.8233 0.4227 -0.3788 0.0335 0.7584
charger_material_0.bmp
  8 -46.5233 1.2055 44.8700 -0.0030 0.8925 -0.4511 0.0374 0.7683
  8 -46.9167 0.6183 44.2329 -0.6452 0.3647 -0.6714 0.0276 0.7624
  8 -47.3678 0.5638 44.6990 -0.8233 0.4227 -0.3788 0.0335 0.7584
charger_material_0.bmp
  8 -47.3678 0.5638 44.6990 -0.8233 0.4227 -0.3788 0.0335 0.7584
  8 -46.9167 0.6183 44.2329 -0.6452 0.3647 -0.6714 0.0276 0.7624
  8 -47.3780 -0.3905 44.4584 -0.7980 -0.2366 -0.5542 0.0276 0.7485
charger_material_0.bmp
  8 -46.9167 0.6183 44.2329 -0.6452 0.3647 -0.6714 0.0276 0.7624
  8 -46.8423 -0.3381 44.0989 -0.3804 -0.5363 -0.7535 0.0217 0.7505
  8 -47.3780 -0.3905 44.4584 -0.7980 -0.2366 -0.5542 0.0276 0.7485
charger_material_0.bmp
  8 -47.3780 -0.3905 44.4584 -0.7980 -0.2366 -0.5542 0.0276 0.7485
  8 -46.8423 -0.3381 44.0989 -0.3804 -0.5363 -0.7535 0.0217 0.7505
  8 -47.0936 -0.8309 44.8034 -0.4189 -0.8625 -0.2840 0.0295 0.7426
charger_material_0.bmp
  8 -46.8423 -0.3381 44.0989 -0.3804 -0.5363 -0.7535 0.0217 0.7505
  8 -46.4380 -0.8041 44.6673 -0.0456 -0.9236 -0.3807 0.0217 0.7386
  8 -47.0936 -0.8309 44.8034 -0.4189 -0.8625 -0.2840 0.0295 0.7426
charger_material_0.bmp
  8 -43.2540 -5.7819 45.9534 0.0417 -0.5631 -0.8253 0.0787 0.9960
  8 -43.3307 -4.8098 45.2540 0.1140 -0.3459 -0.9313 0.0807 0.9782
  8 -41.3031 -5.6155 45.9126 0.0784 -0.5089 -0.8572 0.1083 0.9980
charger_material_0.bmp
  8 -41.3031 -5.6155 45.9126 0.0784 -0.5089 -0.8572 0.1083 0.9980
  8 -43.3307 -4.8098 45.2540 0.1140 -0.3459 -0.9313 0.0807 0.9782
  8 -41.1370 -4.4871 45.3961 -0.0606 -0.2600 -0.9637 0.1142 0.9802
charger_material_0.bmp
  8 -43.3307 -4.8098 45.2540 0.1140 -0.3459 -0.9313 0.0807 0.9782
  8 -41.5256 -3.3437 45.2594 -0.0193 0.0298 -0.9994 0.1122 0.9624
  8 -41.1370 -4.4871 45.3961 -0.0606 -0.2600 -0.9637 0.1142 0.9802
charger_material_0.bmp
  8 -41.1370 -4.4871 45.3961 -0.0606 -0.2600 -0.9637 0.1142 0.9802
  8 -41.5256 -3.3437 45.2594 -0.0193 0.0298 -0.9994 0.1122 0.9624
  8 -40.0240 -4.0866 44.8205 -0.0793 0.0754 -0.9940 0.1319 0.9802
charger_material_0.bmp
  8 -41.5256 -3.3437 45.2594 -0.0193 0.0298 -0.9994 0.1122 0.9624
  8 -40.1738 -2.7785 44.9884 -0.0591 0.2951 -0.9536 0.1339 0.9604
  8 -40.0240 -4.0866 44.8205 -0.0793 0.0754 -0.9940 0.1319 0.9802
charger_material_0.bmp
  8 -40.0240 -4.0866 44.8205 -0.0793 0.0754 -0.9940 0.1319 0.9802
  8 -40.1738 -2.7785 44.9884 -0.0591 0.2951 -0.9536 0.1339 0.9604
  8 -38.7744 -2.8931 45.2223 0.2635 0.2667 -0.9271 0.1535 0.9644
charger_material_0.bmp
  8 -40.1738 -2.7785 44.9884 -0.0591 0.2951 -0.9536 0.1339 0.9604
  8 -40.0992 -1.3826 45.7395 0.0585 0.3294 -0.9424 0.1398 0.9366
  8 -38.7744 -2.8931 45.2223 0.2635 0.2667 -0.9271 0.1535 0.9644
charger_material_0.bmp
  8 -38.7744 -2.8931 45.2223 0.2635 0.2667 -0.9271 0.1535 0.9644
  8 -40.0992 -1.3826 45.7395 0.0585 0.3294 -0.9424 0.1398 0.9366
  8 -38.2737 -1.3690 45.8826 0.3640 0.2528 -0.8964 0.1654 0.9426
charger_material_0.bmp
  8 -40.0992 -1.3826 45.7395 0.0585 0.3294 -0.9424 0.1398 0.9366
  8 -38.2374 1.6890 46.7265 0.2332 0.2192 -0.9474 0.1772 0.8970
  8 -38.2737 -1.3690 45.8826 0.3640 0.2528 -0.8964 0.1654 0.9426
charger_material_0.bmp
  8 -38.2737 -1.3690 45.8826 0.3640 0.2528 -0.8964 0.1654 0.9426
  8 -38.2374 1.6890 46.7265 0.2332 0.2192 -0.9474 0.1772 0.8970
  8 -36.7636 -1.6483 46.8300 0.4729 0.1736 -0.8638 0.1909 0.9505
charger_material_0.bmp
  8 -38.2374 1.6890 46.7265 0.2332 0.2192 -0.9474 0.1772 0.8970
  8 -36.1051 -1.1828 47.0917 0.3218 0.1184 -0.9394 0.2028 0.9426
  8 -36.7636 -1.6483 46.8300 0.4729 0.1736 -0.8638 0.1909 0.9505
charger_material_0.bmp
  8 -27.6049 6.7844 48.9163 0.2021 0.5594 -0.8039 0.3091 0.8614
  8 -30.2373 3.7791 47.1849 0.1324 0.3182 -0.9387 0.2776 0.8931
  8 -30.8130 6.8407 48.1741 -0.0070 0.6743 -0.7384 0.2756 0.8594
charger_material_0.bmp
  8 -30.8130 6.8407 48.1741 -0.0070 0.6743 -0.7384 0.2756 0.8594
  8 -30.2373 3.7791 47.1849 0.1324 0.3182 -0.9387 0.2776 0.8931
  8 -34.3650 5.8006 47.8572 -0.2109 0.5740 -0.7912 0.2382 0.8594
charger_material_0.bmp
  8 -30.2373 3.7791 47.1849 0.1324 0.3182 -0.9387 0.2776 0.8931
  8 -33.8661 3.0296 46.8174 -0.1582 0.3097 -0.9376 0.2362 0.8931
  8 -34.3650 5.8006 47.8572 -0.2109 0.5740 -0.7912 0.2382 0.8594
charger_material_0.bmp
  8 -34.3650 5.8006 47.8572 -0.2109 0.5740 -0.7912 0.2382 0.8594
  8 -33.8661 3.0296 46.8174 -0.1582 0.3097 -0.9376 0.2362 0.8931
  8 -37.0793 4.4135 48.1002 0.0164 0.5376 -0.8431 0.2008 0.8554
charger_material_0.bmp
  8 -33.8661 3.0296 46.8174 -0.1582 0.3097 -0.9376 0.2362 0.8931
  8 -36.7148 2.1021 47.3329 0.1896 0.2650 -0.9454 0.2008 0.8931
  8 -37.0793 4.4135 48.1002 0.0164 0.5376 -0.8431 0.2008 0.8554
charger_material_0.bmp
  8 -37.0793 4.4135 48.1002 0.0164 0.5376 -0.8431 0.2008 0.8554
  8 -36.7148 2.1021 47.3329 0.1896 0.2650 -0.9454 0.2008 0.8931
  8 -38.3217 3.9109 47.3869 0.2027 0.3981 -0.8947 0.1811 0.8634
charger_material_0.bmp
  8 -36.7148 2.1021 47.3329 0.1896 0.2650 -0.9454 0.2008 0.8931
  8 -38.2374 1.6890 46.7265 0.2332 0.2192 -0.9474 0.1772 0.8970
  8 -38.3217 3.9109 47.3869 0.2027 0.3981 -0.8947 0.1811 0.8634
charger_material_0.bmp
  8 -38.3217 3.9109 47.3869 0.2027 0.3981 -0.8947 0.1811 0.8634
  8 -38.2374 1.6890 46.7265 0.2332 0.2192 -0.9474 0.1772 0.8970
  8 -42.1022 2.2290 46.3987 0.0728 0.2430 -0.9673 0.1260 0.8752
charger_material_0.bmp
  8 -38.2374 1.6890 46.7265 0.2332 0.2192 -0.9474 0.1772 0.8970
  8 -42.2664 -0.0410 46.0069 0.0733 0.2935 -0.9531 0.1142 0.9089
  8 -42.1022 2.2290 46.3987 0.0728 0.2430 -0.9673 0.1260 0.8752
charger_material_0.bmp
  8 -42.1022 2.2290 46.3987 0.0728 0.2430 -0.9673 0.1260 0.8752
  8 -42.2664 -0.0410 46.0069 0.0733 0.2935 -0.9531 0.1142 0.9089
  8 -44.3912 0.9424 46.0918 0.0728 0.2430 -0.9673 0.0886 0.8851
charger_material_0.bmp
  8 -42.2664 -0.0410 46.0069 0.0733 0.2935 -0.9531 0.1142 0.9089
  8 -44.4755 -0.7230 45.4381 0.0733 0.2935 -0.9531 0.0807 0.9129
  8 -44.3912 0.9424 46.0918 0.0728 0.2430 -0.9673 0.0886 0.8851
charger_material_0.bmp
  1 -3.8300 -5.3938 41.2013 -0.2612 -0.9646 0.0372 0.1102 0.2000
  1 -5.9800 -4.8138 39.2213 -0.4857 -0.8741 -0.0025 0.0827 0.1802
  1 -3.7800 -5.8938 39.3613 -0.3092 -0.9436 0.1186 0.1083 0.1802
charger_material_0.bmp
  1 -3.7800 -5.8938 39.3613 -0.3092 -0.9436 0.1186 0.1083 0.1802
  1 -5.9800 -4.8138 39.2213 -0.4857 -0.8741 -0.0025 0.0827 0.1802
  9 -3.8469 -5.8862 37.3057 -0.4045 -0.9092 -0.0982 0.1063 0.1525
charger_material_0.bmp
  1 -5.9800 -4.8138 39.2213 -0.4857 -0.8741 -0.0025 0.0827 0.1802
  9 -6.0229 -4.6230 37.4949 -0.6080 -0.7884 -0.0936 0.0807 0.1584
  9 -3.8469 -5.8862 37.3057 -0.4045 -0.9092 -0.0982 0.1063 0.1525
charger_material_0.bmp
  9 -3.8469 -5.8862 37.3057 -0.4045 -0.9092 -0.0982 0.1063 0.1525
  9 -6.0229 -4.6230 37.4949 -0.6080 -0.7884 -0.0936 0.0807 0.1584
  9 -6.0976 -4.3286 35.6943 -0.5882 -0.7937 -0.1550 0.0768 0.1366
charger_material_0.bmp
  9 -6.0229 -4.6230 37.4949 -0.6080 -0.7884 -0.0936 0.0807 0.1584
  9 -8.0394 -2.6327 36.8743 -0.8359 -0.5388 -0.1043 0.0571 0.1525
  9 -6.0976 -4.3286 35.6943 -0.5882 -0.7937 -0.1550 0.0768 0.1366
charger_material_0.bmp
  9 -6.0976 -4.3286 35.6943 -0.5882 -0.7937 -0.1550 0.0768 0.1366
  9 -8.0394 -2.6327 36.8743 -0.8359 -0.5388 -0.1043 0.0571 0.1525
  9 -8.0621 -2.2601 35.4150 -0.8359 -0.5388 -0.1043 0.0551 0.1347
charger_material_0.bmp
  9 -8.0394 -2.6327 36.8743 -0.8359 -0.5388 -0.1043 0.0571 0.1525
  9 -9.0255 0.2464 36.1659 -0.9935 -0.1087 -0.0349 0.0295 0.1386
  9 -8.0621 -2.2601 35.4150 -0.8359 -0.5388 -0.1043 0.0551 0.1347
charger_material_0.bmp
  9 -8.0621 -2.2601 35.4150 -0.8359 -0.5388 -0.1043 0.0551 0.1347
  9 -9.0255 0.2464 36.1659 -0.9935 -0.1087 -0.0349 0.0295 0.1386
  9 -8.9556 0.4037 34.5242 -0.9892 -0.1321 -0.0641 0.0295 0.1149
charger_material_0.bmp
  9 -9.0255 0.2464 36.1659 -0.9935 -0.1087 -0.0349 0.0295 0.1386
  9 -8.8538 2.6349 36.1661 -0.9962 0.0773 -0.0405 0.0098 0.1406
  9 -8.9556 0.4037 34.5242 -0.9892 -0.1321 -0.0641 0.0295 0.1149
charger_material_0.bmp
  9 -8.9556 0.4037 34.5242 -0.9892 -0.1321 -0.0641 0.0295 0.1149
  9 -8.8538 2.6349 36.1661 -0.9962 0.0773 -0.0405 0.0098 0.1406
  9 -8.7508 2.7536 34.6656 -0.9962 0.0773 -0.0405 0.0098 0.1188
charger_material_0.bmp
  2 -8.4498 -2.4624 45.9629 -0.8170 -0.5310 -0.2249 0.5020 0.4891
  2 -7.0898 -3.9930 46.7116 -0.5665 -0.8127 -0.1361 0.5295 0.4931
  2 -8.9897 -2.8943 48.3726 -0.7367 -0.5705 -0.3630 0.5079 0.5208
charger_material_0.bmp
  2 -8.9897 -2.8943 48.3726 -0.7367 -0.5705 -0.3630 0.5079 0.5208
  2 -7.0898 -3.9930 46.7116 -0.5665 -0.8127 -0.1361 0.5295 0.4931
  2 -7.8397 -4.1046 48.7115 -0.4536 -0.7878 -0.4166 0.5315 0.5208
charger_material_0.bmp
  2 -7.0898 -3.9930 46.7116 -0.5665 -0.8127 -0.1361 0.5295 0.4931
  2 -6.1197 -4.9948 48.9207 -0.2880 -0.9065 -0.3086 0.5551 0.5149
  2 -7.8397 -4.1046 48.7115 -0.4536 -0.7878 -0.4166 0.5315 0.5208
charger_material_0.bmp
  2 -7.8397 -4.1046 48.7115 -0.4536 -0.7878 -0.4166 0.5315 0.5208
  2 -6.1197 -4.9948 48.9207 -0.2880 -0.9065 -0.3086 0.5551 0.5149
  3 -6.8900 -5.3867 50.2899 -0.3242 -0.9078 -0.2660 0.5571 0.5366
charger_material_0.bmp
  2 -6.1197 -4.9948 48.9207 -0.2880 -0.9065 -0.3086 0.5551 0.5149
  3 -4.6500 -6.2537 50.9998 -0.1620 -0.9569 -0.2410 0.5866 0.5327
  3 -6.8900 -5.3867 50.2899 -0.3242 -0.9078 -0.2660 0.5571 0.5366
charger_material_0.bmp
  3 -6.8900 -5.3867 50.2899 -0.3242 -0.9078 -0.2660 0.5571 0.5366
  3 -4.6500 -6.2537 50.9998 -0.1620 -0.9569 -0.2410 0.5866 0.5327
  3 -5.4800 -5.9791 53.1124 -0.2701 -0.9558 0.1159 0.5886 0.5624
charger_material_0.bmp
  3 -4.6500 -6.2537 50.9998 -0.1620 -0.9569 -0.2410 0.5866 0.5327
  3 -3.1900 -6.5277 51.8855 -0.1724 -0.9832 -0.0603 0.6063 0.5347
  3 -5.4800 -5.9791 53.1124 -0.2701 -0.9558 0.1159 0.5886 0.5624
charger_material_0.bmp
  3 -5.4800 -5.9791 53.1124 -0.2701 -0.9558 0.1159 0.5886 0.5624
  3 -3.1900 -6.5277 51.8855 -0.1724 -0.9832 -0.0603 0.6063 0.5347
  3 -3.7700 -6.0963 53.9605 -0.1070 -0.9514 0.2887 0.6122 0.5624
charger_material_0.bmp
  3 -3.1900 -6.5277 51.8855 -0.1724 -0.9832 -0.0603 0.6063 0.5347
  3 -1.7400 -6.6846 52.4663 -0.1051 -0.9794 0.1722 0.6240 0.5327
  3 -3.7700 -6.0963 53.9605 -0.1070 -0.9514 0.2887 0.6122 0.5624
charger_material_0.bmp
  3 -3.7700 -6.0963 53.9605 -0.1070 -0.9514 0.2887 0.6122 0.5624
  3 -1.7400 -6.6846 52.4663 -0.1051 -0.9794 0.1722 0.6240 0.5327
  3 -1.9900 -6.0224 54.3548 -0.0301 -0.9375 0.3467 0.6319 0.5564
charger_material_0.bmp
  7 -17.5722 9.2653 53.2846 -0.2003 0.9430 -0.2658 0.4350 0.8396
  7 -15.0189 10.5692 55.1749 -0.3401 0.9265 -0.1613 0.4724 0.8277
  7 -15.2682 10.2203 53.2020 -0.2717 0.8448 -0.4610 0.4665 0.8495
charger_material_0.bmp
  7 -15.2682 10.2203 53.2020 -0.2717 0.8448 -0.4610 0.4665 0.8495
  7 -15.0189 10.5692 55.1749 -0.3401 0.9265 -0.1613 0.4724 0.8277
  3 -10.2600 11.0773 51.8641 -0.1993 0.9057 -0.3742 0.4882 0.8574
charger_material_0.bmp
  7 -15.0189 10.5692 55.1749 -0.3401 0.9265 -0.1613 0.4724 0.8277
  6 -10.5517 11.4806 54.1870 -0.1081 0.9786 -0.1750 0.5020 0.8337
  3 -10.2600 11.0773 51.8641 -0.1993 0.9057 -0.3742 0.4882 0.8574
charger_material_0.bmp
  3 -10.2600 11.0773 51.8641 -0.1993 0.9057 -0.3742 0.4882 0.8574
  6 -10.5517 11.4806 54.1870 -0.1081 0.9786 -0.1750 0.5020 0.8337
  3 -8.4700 11.2296 52.0585 -0.1891 0.9661 -0.1760 0.5039 0.8653
charger_material_0.bmp
  6 -10.5517 11.4806 54.1870 -0.1081 0.9786 -0.1750 0.5020 0.8337
  4 -8.3400 11.5540 55.8168 -0.0944 0.9952 0.0263 0.5295 0.8416
  3 -8.4700 11.2296 52.0585 -0.1891 0.9661 -0.1760 0.5039 0.8653
charger_material_0.bmp
  3 -8.4700 11.2296 52.0585 -0.1891 0.9661 -0.1760 0.5039 0.8653
  4 -8.3400 11.5540 55.8168 -0.0944 0.9952 0.0263 0.5295 0.8416
  3 -6.2700 11.8180 53.6433 0.0162 0.9997 -0.0192 0.5335 0.8733
charger_material_0.bmp
  4 -8.3400 11.5540 55.8168 -0.0944 0.9952 0.0263 0.5295 0.8416
  4 -6.5200 11.7996 56.4622 0.0761 0.9869 0.1421 0.5472 0.8535
  3 -6.2700 11.8180 53.6433 0.0162 0.9997 -0.0192 0.5335 0.8733
charger_material_0.bmp
  3 -6.2700 11.8180 53.6433 0.0162 0.9997 -0.0192 0.5335 0.8733
  4 -6.5200 11.7996 56.4622 0.0761 0.9869 0.1421 0.5472 0.8535
  3 -3.3400 11.0571 53.4963 0.3448 0.9339 0.0947 0.5551 0.8871
charger_material_0.bmp
  4 -6.5200 11.7996 56.4622 0.0761 0.9869 0.1421 0.5472 0.8535
  4 -3.5000 10.7099 56.1411 0.3115 0.9367 0.1599 0.5689 0.8653
  3 -3.3400 11.0571 53.4963 0.3448 0.9339 0.0947 0.5551 0.8871
charger_material_0.bmp
  3 -3.3400 11.0571 53.4963 0.3448 0.9339 0.0947 0.5551 0.8871
  4 -3.5000 10.7099 56.1411 0.3115 0.9367 0.1599 0.5689 0.8653
  3 -0.8200 9.9848 53.7159 0.3755 0.9166 0.1372 0.5768 0.9010
charger_material_0.bmp
  4 -0.9200 -6.6074 63.0151 0.0182 -0.8010 -0.5984 0.8720 0.5743
  4 -0.9700 -6.6036 63.0348 -0.4033 -0.8551 -0.3259 0.8701 0.5762
  4 -1.0600 -6.5219 62.8766 -0.3394 -0.9142 -0.2215 0.8701 0.5723
charger_material_0.bmp
  4 -1.0600 -6.5219 62.8766 -0.3394 -0.9142 -0.2215 0.8701 0.5723
  4 -0.9700 -6.6036 63.0348 -0.4033 -0.8551 -0.3259 0.8701 0.5762
  4 -1.1000 -6.5316 63.0923 -0.6688 -0.7014 -0.2463 0.8681 0.5762
charger_material_0.bmp
  4 -0.9700 -6.6036 63.0348 -0.4033 -0.8551 -0.3259 0.8701 0.5762
  4 -1.0100 -6.6480 63.1756 -0.3959 -0.6033 -0.6923 0.8701 0.5782
  4 -1.1000 -6.5316 63.0923 -0.6688 -0.7014 -0.2463 0.8681 0.5762
charger_material_0.bmp
  4 -1.1000 -6.5316 63.0923 -0.6688 -0.7014 -0.2463 0.8681 0.5762
  4 -1.0100 -6.6480 63.1756 -0.3959 -0.6033 -0.6923 0.8701 0.5782
  4 -1.1700 -6.5128 63.1905 -0.6629 -0.3157 -0.6789 0.8681 0.5762
charger_material_0.bmp
  4 -1.0100 -6.6480 63.1756 -0.3959 -0.6033 -0.6923 0.8701 0.5782
  4 -1.0700 -6.7364 63.1925 -0.2120 -0.3360 -0.9177 0.8701 0.5802
  4 -1.1700 -6.5128 63.1905 -0.6629 -0.3157 -0.6789 0.8681 0.5762
charger_material_0.bmp
  4 -1.1700 -6.5128 63.1905 -0.6629 -0.3157 -0.6789 0.8681 0.5762
  4 -1.0700 -6.7364 63.1925 -0.2120 -0.3360 -0.9177 0.8701 0.5802
  4 -1.2600 -6.5642 63.2410 -0.4413 -0.0447 -0.8963 0.8661 0.5802
charger_material_0.bmp
  4 -1.0700 -6.7364 63.1925 -0.2120 -0.3360 -0.9177 0.8701 0.5802
  4 -1.1400 -6.8112 63.2272 -0.3140 -0.4673 -0.8264 0.8701 0.5802
  4 -1.2600 -6.5642 63.2410 -0.4413 -0.0447 -0.8963 0.8661 0.5802
charger_material_0.bmp
  4 -1.2600 -6.5642 63.2410 -0.4413 -0.0447 -0.8963 0.8661 0.5802
  4 -1.1400 -6.8112 63.2272 -0.3140 -0.4673 -0.8264 0.8701 0.5802
  4 -1.3800 -6.6334 63.3052 -0.5070 -0.3361 -0.7937 0.8661 0.5822
charger_material_0.bmp
  4 -1.1400 -6.8112 63.2272 -0.3140 -0.4673 -0.8264 0.8701 0.5802
  4 -1.4100 -6.8115 63.4919 -0.5128 -0.7341 -0.4451 0.8661 0.5842
  4 -1.3800 -6.6334 63.3052 -0.5070 -0.3361 -0.7937 0.8661 0.5822
charger_material_0.bmp
  4 -1.4400 -6.4084 63.3639 -0.3645 0.1683 -0.9159 0.8642 0.5802
  4 -1.2800 -6.3471 63.3115 -0.7353 -0.1483 -0.6613 0.8642 0.5782
  4 -1.2600 -6.5642 63.2410 -0.4413 -0.0447 -0.8963 0.8661 0.5802
charger_material_0.bmp
  4 -1.2600 -6.5642 63.2410 -0.4413 -0.0447 -0.8963 0.8661 0.5802
  4 -1.2800 -6.3471 63.3115 -0.7353 -0.1483 -0.6613 0.8642 0.5782
  4 -1.1700 -6.5128 63.1905 -0.6629 -0.3157 -0.6789 0.8681 0.5762
charger_material_0.bmp
  4 -1.2800 -6.3471 63.3115 -0.7353 -0.1483 -0.6613 0.8642 0.5782
  4 -1.1900 -6.4104 63.1404 -0.8457 -0.5168 -0.1333 0.8661 0.5762
  4 -1.1700 -6.5128 63.1905 -0.6629 -0.3157 -0.6789 0.8681 0.5762
charger_material_0.bmp
  4 -1.1700 -6.5128 63.1905 -0.6629 -0.3157 -0.6789 0.8681 0.5762
  4 -1.1900 -6.4104 63.1404 -0.8457 -0.5168 -0.1333 0.8661 0.5762
  4 -1.1000 -6.5316 63.0923 -0.6688 -0.7014 -0.2463 0.8681 0.5762
charger_material_0.bmp
  4 -1.1900 -6.4104 63.1404 -0.8457 -0.5168 -0.1333 0.8661 0.5762
  4 -1.1800 -6.4498 62.9341 -0.6116 -0.7878 0.0729 0.8681 0.5723
  4 -1.1000 -6.5316 63.0923 -0.6688 -0.7014 -0.2463 0.8681 0.5762
charger_material_0.bmp
  4 -1.1000 -6.5316 63.0923 -0.6688 -0.7014 -0.2463 0.8681 0.5762
  4 -1.1800 -6.4498 62.9341 -0.6116 -0.7878 0.0729 0.8681 0.5723
  4 -1.0600 -6.5219 62.8766 -0.3394 -0.9142 -0.2215 0.8701 0.5723
charger_material_0.bmp
  4 -1.1800 -6.4498 62.9341 -0.6116 -0.7878 0.0729 0.8681 0.5723
  4 -1.1300 -6.4813 62.7161 -0.2341 -0.9447 -0.2297 0.8681 0.5703
  4 -1.0600 -6.5219 62.8766 -0.3394 -0.9142 -0.2215 0.8701 0.5723
charger_material_0.bmp
  4 -1.0600 -6.5219 62.8766 -0.3394 -0.9142 -0.2215 0.8701 0.5723
  4 -1.1300 -6.4813 62.7161 -0.2341 -0.9447 -0.2297 0.8681 0.5703
  4 -0.9900 -6.5098 62.8336 0.3481 -0.7952 -0.4965 0.8701 0.5723
charger_material_0.bmp
  4 -1.1300 -6.4813 62.7161 -0.2341 -0.9447 -0.2297 0.8681 0.5703
  4 -1.0400 -6.4752 62.6946 0.4816 -0.7888 -0.3819 0.8701 0.5683
  4 -0.9900 -6.5098 62.8336 0.3481 -0.7952 -0.4965 0.8701 0.5723
charger_material_0.bmp
  9 -8.7508 2.7536 34.6656 -0.9805 0.1616 0.1116 0.8583 1.0000
  9 -9.0780 0.6055 33.1890 -0.9830 -0.1742 0.0581 0.8780 0.9901
  9 -8.9556 0.4037 34.5242 -0.9830 -0.1742 0.0581 0.8819 1.0000
charger_material_0.bmp
  9 -8.9556 0.4037 34.5242 -0.9830 -0.1742 0.0581 0.8819 1.0000
  9 -9.0780 0.6055 33.1890 -0.9830 -0.1742 0.0581 0.8780 0.9901
  9 -8.1054 -1.7460 33.7245 -0.8359 -0.5388 -0.1043 0.9016 0.9980
charger_material_0.bmp
  9 -9.0780 0.6055 33.1890 -0.9830 -0.1742 0.0581 0.8780 0.9901
  9 -8.1445 -1.3003 32.3011 -0.7638 -0.6410 -0.0758 0.8957 0.9861
  9 -8.1054 -1.7460 33.7245 -0.8359 -0.5388 -0.1043 0.9016 0.9980
charger_material_0.bmp
  9 -8.1054 -1.7460 33.7245 -0.8359 -0.5388 -0.1043 0.9016 0.9980
  9 -8.1445 -1.3003 32.3011 -0.7638 -0.6410 -0.0758 0.8957 0.9861
  9 -6.2089 -2.8958 32.3529 -0.5184 -0.8105 -0.2727 0.9173 0.9941
charger_material_0.bmp
  9 -8.1445 -1.3003 32.3011 -0.7638 -0.6410 -0.0758 0.8957 0.9861
  9 -6.4508 -2.3149 31.1186 -0.4127 -0.8904 -0.1921 0.9134 0.9802
  9 -6.2089 -2.8958 32.3529 -0.5184 -0.8105 -0.2727 0.9173 0.9941
charger_material_0.bmp
  9 -6.2089 -2.8958 32.3529 -0.5184 -0.8105 -0.2727 0.9173 0.9941
  9 -6.4508 -2.3149 31.1186 -0.4127 -0.8904 -0.1921 0.9134 0.9802
  9 -4.4957 -2.9293 30.8968 -0.1558 -0.9022 -0.4023 0.9331 0.9901
charger_material_0.bmp
  9 -6.4508 -2.3149 31.1186 -0.4127 -0.8904 -0.1921 0.9134 0.9802
  9 -4.7678 -2.4308 29.8837 -0.0323 -0.8987 -0.4373 0.9311 0.9743
  9 -4.4957 -2.9293 30.8968 -0.1558 -0.9022 -0.4023 0.9331 0.9901
charger_material_0.bmp
  9 -4.4957 -2.9293 30.8968 -0.1558 -0.9022 -0.4023 0.9331 0.9901
  9 -4.7678 -2.4308 29.8837 -0.0323 -0.8987 -0.4373 0.9311 0.9743
  9 -2.4460 -2.0016 29.7742 0.2511 -0.6667 -0.7017 0.9547 0.9802
charger_material_0.bmp
  9 -4.7678 -2.4308 29.8837 -0.0323 -0.8987 -0.4373 0.9311 0.9743
  9 -2.8210 -1.0993 29.0399 0.0838 -0.6227 -0.7780 0.9547 0.9663
  9 -2.4460 -2.0016 29.7742 0.2511 -0.6667 -0.7017 0.9547 0.9802
charger_material_0.bmp
  4 -4.0100 -0.0244 62.8867 -0.5079 -0.8268 0.2419 0.6437 0.7050
  4 -4.8000 0.5867 63.9000 -0.2308 -0.8831 0.4085 0.6339 0.7188
  4 -4.8700 0.4225 62.4551 -0.2396 -0.9055 0.3504 0.6319 0.7030
charger_material_0.bmp
  4 -4.8700 0.4225 62.4551 -0.2396 -0.9055 0.3504 0.6319 0.7030
  4 -4.8000 0.5867 63.9000 -0.2308 -0.8831 0.4085 0.6339 0.7188
  4 -7.5400 0.4732 63.4126 -0.0491 -0.8865 0.4601 0.6043 0.7149
charger_material_0.bmp
  4 -4.8000 0.5867 63.9000 -0.2308 -0.8831 0.4085 0.6339 0.7188
  4 -7.4200 1.2166 64.3192 -0.2414 -0.5999 0.7628 0.6063 0.7248
  4 -7.5400 0.4732 63.4126 -0.0491 -0.8865 0.4601 0.6043 0.7149
charger_material_0.bmp
  4 -7.5400 0.4732 63.4126 -0.0491 -0.8865 0.4601 0.6043 0.7149
  4 -7.4200 1.2166 64.3192 -0.2414 -0.5999 0.7628 0.6063 0.7248
  6 -9.5945 1.3087 63.4309 -0.4324 -0.5003 0.7502 0.5846 0.7188
charger_material_0.bmp
  4 -7.4200 1.2166 64.3192 -0.2414 -0.5999 0.7628 0.6063 0.7248
  6 -9.3298 3.0663 64.2424 -0.5105 -0.2039 0.8353 0.5846 0.7386
  6 -9.5945 1.3087 63.4309 -0.4324 -0.5003 0.7502 0.5846 0.7188
charger_material_0.bmp
  6 -9.5945 1.3087 63.4309 -0.4324 -0.5003 0.7502 0.5846 0.7188
  6 -9.3298 3.0663 64.2424 -0.5105 -0.2039 0.8353 0.5846 0.7386
  6 -11.3840 2.5386 62.5599 -0.5406 -0.2014 0.8168 0.5630 0.7248
charger_material_0.bmp
  6 -9.3298 3.0663 64.2424 -0.5105 -0.2039 0.8353 0.5846 0.7386
  6 -10.8994 4.6866 62.9445 -0.8708 0.2434 0.4272 0.5630 0.7465
  6 -11.3840 2.5386 62.5599 -0.5406 -0.2014 0.8168 0.5630 0.7248
charger_material_0.bmp
  6 -11.3840 2.5386 62.5599 -0.5406 -0.2014 0.8168 0.5630 0.7248
  6 -10.8994 4.6866 62.9445 -0.8708 0.2434 0.4272 0.5630 0.7465
  6 -12.3119 2.2717 61.9831 -0.9938 0.0238 0.1086 0.5531 0.7188
charger_material_0.bmp
  6 -10.8994 4.6866 62.9445 -0.8708 0.2434 0.4272 0.5630 0.7465
  6 -9.4508 5.0199 61.7185 -0.5249 0.7207 0.4529 0.5295 0.7327
  6 -12.3119 2.2717 61.9831 -0.9938 0.0238 0.1086 0.5531 0.7188
charger_material_0.bmp
  9 -1.3337 7.8559 32.6228 0.0569 0.9912 -0.1197 0.4173 0.0871
  9 -3.8952 8.2855 34.6592 -0.1419 0.9899 0.0004 0.4429 0.1129
  9 -1.3760 8.1604 34.7581 0.0395 0.9992 -0.0103 0.4173 0.1109
charger_material_0.bmp
  9 -1.3760 8.1604 34.7581 0.0395 0.9992 -0.0103 0.4173 0.1109
  9 -3.8952 8.2855 34.6592 -0.1419 0.9899 0.0004 0.4429 0.1129
  9 -1.5123 7.9441 36.6627 0.0440 0.9881 0.1474 0.4193 0.1327
charger_material_0.bmp
  9 -3.8952 8.2855 34.6592 -0.1419 0.9899 0.0004 0.4429 0.1129
  9 -4.0267 8.1657 36.3942 -0.2344 0.9684 0.0852 0.4449 0.1327
  9 -1.5123 7.9441 36.6627 0.0440 0.9881 0.1474 0.4193 0.1327
charger_material_0.bmp
  9 -1.5123 7.9441 36.6627 0.0440 0.9881 0.1474 0.4193 0.1327
  9 -4.0267 8.1657 36.3942 -0.2344 0.9684 0.0852 0.4449 0.1327
  9 -4.0223 7.7413 38.2019 -0.1128 0.9837 0.1398 0.4449 0.1564
charger_material_0.bmp
  9 -4.0267 8.1657 36.3942 -0.2344 0.9684 0.0852 0.4449 0.1327
  9 -6.5915 7.0805 37.8192 -0.5932 0.8030 0.0575 0.4744 0.1545
  9 -4.0223 7.7413 38.2019 -0.1128 0.9837 0.1398 0.4449 0.1564
charger_material_0.bmp
  9 -4.0223 7.7413 38.2019 -0.1128 0.9837 0.1398 0.4449 0.1564
  9 -6.5915 7.0805 37.8192 -0.5932 0.8030 0.0575 0.4744 0.1545
  1 -5.7200 7.2062 39.6113 -0.3921 0.9185 -0.0520 0.4646 0.1762
charger_material_0.bmp
  9 -6.5915 7.0805 37.8192 -0.5932 0.8030 0.0575 0.4744 0.1545
  1 -7.1000 6.3362 39.3813 -0.7377 0.6723 -0.0617 0.4823 0.1762
  1 -5.7200 7.2062 39.6113 -0.3921 0.9185 -0.0520 0.4646 0.1762
charger_material_0.bmp
  1 -5.7200 7.2062 39.6113 -0.3921 0.9185 -0.0520 0.4646 0.1762
  1 -7.1000 6.3362 39.3813 -0.7377 0.6723 -0.0617 0.4823 0.1762
  1 -7.3800 6.6562 41.5013 -0.6209 0.6011 0.5031 0.4823 0.2040
charger_material_0.bmp
  1 -7.1000 6.3362 39.3813 -0.7377 0.6723 -0.0617 0.4823 0.1762
  1 -8.4800 4.9562 41.5213 -0.8282 0.3762 0.4154 0.4980 0.2040
  1 -7.3800 6.6562 41.5013 -0.6209 0.6011 0.5031 0.4823 0.2040
charger_material_0.bmp
  4 -2.8400 -3.3395 61.5759 -0.9799 -0.1746 -0.0960 0.6673 0.6614
  4 -2.8900 -3.0327 61.4765 -0.9360 -0.3504 0.0335 0.6634 0.6634
  4 -2.7300 -3.5149 60.9782 -0.9474 -0.2325 -0.2199 0.6634 0.6535
charger_material_0.bmp
  4 -2.7300 -3.5149 60.9782 -0.9474 -0.2325 -0.2199 0.6634 0.6535
  4 -2.8900 -3.0327 61.4765 -0.9360 -0.3504 0.0335 0.6634 0.6634
  4 -2.7900 -3.2334 60.8531 -0.7918 -0.6081 0.0567 0.6594 0.6535
charger_material_0.bmp
  4 -2.8900 -3.0327 61.4765 -0.9360 -0.3504 0.0335 0.6634 0.6634
  4 -3.2100 -2.8016 60.8215 -0.8233 -0.5056 0.2581 0.6535 0.6594
  4 -2.7900 -3.2334 60.8531 -0.7918 -0.6081 0.0567 0.6594 0.6535
charger_material_0.bmp
  4 -2.7900 -3.2334 60.8531 -0.7918 -0.6081 0.0567 0.6594 0.6535
  4 -3.2100 -2.8016 60.8215 -0.8233 -0.5056 0.2581 0.6535 0.6594
  4 -3.2100 -3.1103 60.2187 -0.6345 -0.6978 0.3324 0.6516 0.6495
charger_material_0.bmp
  4 -3.2100 -2.8016 60.8215 -0.8233 -0.5056 0.2581 0.6535 0.6594
  4 -3.5100 -2.6931 60.0575 -0.6161 -0.6268 0.4770 0.6437 0.6535
  4 -3.2100 -3.1103 60.2187 -0.6345 -0.6978 0.3324 0.6516 0.6495
charger_material_0.bmp
  4 -3.2100 -3.1103 60.2187 -0.6345 -0.6978 0.3324 0.6516 0.6495
  4 -3.5100 -2.6931 60.0575 -0.6161 -0.6268 0.4770 0.6437 0.6535
  4 -3.6400 -2.9816 59.6138 -0.4528 -0.6522 0.6080 0.6417 0.6455
charger_material_0.bmp
  4 -3.5100 -2.6931 60.0575 -0.6161 -0.6268 0.4770 0.6437 0.6535
  4 -4.3100 -2.5842 59.9349 -0.2200 -0.6609 0.7175 0.6339 0.6535
  4 -3.6400 -2.9816 59.6138 -0.4528 -0.6522 0.6080 0.6417 0.6455
charger_material_0.bmp
  4 -3.6400 -2.9816 59.6138 -0.4528 -0.6522 0.6080 0.6417 0.6455
  4 -4.3100 -2.5842 59.9349 -0.2200 -0.6609 0.7175 0.6339 0.6535
  4 -3.9900 -3.5016 59.1838 -0.1301 -0.6247 0.7700 0.6339 0.6376
charger_material_0.bmp
  4 -4.3100 -2.5842 59.9349 -0.2200 -0.6609 0.7175 0.6339 0.6535
  4 -6.0300 -2.8480 59.3541 -0.1301 -0.6247 0.7700 0.6122 0.6495
  4 -3.9900 -3.5016 59.1838 -0.1301 -0.6247 0.7700 0.6339 0.6376
charger_material_0.bmp
  4 -1.4100 -5.5521 60.2274 -0.7411 -0.6551 -0.1470 0.8681 0.5248
  4 -1.7200 -5.2414 60.3614 -0.6524 -0.7540 -0.0765 0.8602 0.5248
  4 -1.4400 -5.2829 59.9316 -0.6284 -0.6571 -0.4164 0.8681 0.5208
charger_material_0.bmp
  4 -1.4400 -5.2829 59.9316 -0.6284 -0.6571 -0.4164 0.8681 0.5208
  4 -1.7200 -5.2414 60.3614 -0.6524 -0.7540 -0.0765 0.8602 0.5248
  4 -1.7700 -5.1331 60.0760 -0.6342 -0.6182 -0.4643 0.8602 0.5208
charger_material_0.bmp
  4 -1.7200 -5.2414 60.3614 -0.6524 -0.7540 -0.0765 0.8602 0.5248
  4 -2.2700 -4.8227 60.4748 -0.7052 -0.6470 -0.2899 0.8504 0.5267
  4 -1.7700 -5.1331 60.0760 -0.6342 -0.6182 -0.4643 0.8602 0.5208
charger_material_0.bmp
  4 -1.7700 -5.1331 60.0760 -0.6342 -0.6182 -0.4643 0.8602 0.5208
  4 -2.2700 -4.8227 60.4748 -0.7052 -0.6470 -0.2899 0.8504 0.5267
  4 -1.7800 -4.9025 59.9505 -0.6516 -0.2858 -0.7027 0.8602 0.5168
charger_material_0.bmp
  4 -2.2700 -4.8227 60.4748 -0.7052 -0.6470 -0.2899 0.8504 0.5267
  4 -2.3300 -4.6099 60.3629 -0.7550 -0.1688 -0.6337 0.8465 0.5228
  4 -1.7800 -4.9025 59.9505 -0.6516 -0.2858 -0.7027 0.8602 0.5168
charger_material_0.bmp
  4 -1.7800 -4.9025 59.9505 -0.6516 -0.2858 -0.7027 0.8602 0.5168
  4 -2.3300 -4.6099 60.3629 -0.7550 -0.1688 -0.6337 0.8465 0.5228
  4 -1.7400 -4.7019 59.8816 -0.6176 -0.1320 -0.7754 0.8583 0.5129
charger_material_0.bmp
  4 -2.3300 -4.6099 60.3629 -0.7550 -0.1688 -0.6337 0.8465 0.5228
  4 -2.2500 -4.3643 60.3159 -0.7353 -0.1483 -0.6613 0.8445 0.5208
  4 -1.7400 -4.7019 59.8816 -0.6176 -0.1320 -0.7754 0.8583 0.5129
charger_material_0.bmp
  4 -1.7400 -4.7019 59.8816 -0.6176 -0.1320 -0.7754 0.8583 0.5129
  4 -2.2500 -4.3643 60.3159 -0.7353 -0.1483 -0.6613 0.8445 0.5208
  4 -1.7900 -4.4783 59.8796 -0.6516 -0.2858 -0.7027 0.8563 0.5109
charger_material_0.bmp
  4 -2.2500 -4.3643 60.3159 -0.7353 -0.1483 -0.6613 0.8445 0.5208
  4 -2.2800 -4.1184 60.2180 -0.7826 -0.1932 -0.5918 0.8406 0.5168
  4 -1.7900 -4.4783 59.8796 -0.6516 -0.2858 -0.7027 0.8563 0.5109
charger_material_0.bmp
  4 -1.0600 -7.0698 65.4961 -0.3618 -0.9102 0.2015 0.8681 0.6079
  4 -1.8100 -6.7826 65.4005 -0.5642 -0.7450 0.3559 0.8583 0.6059
  4 -1.6000 -6.9503 65.0558 -0.4850 -0.8734 0.0436 0.8622 0.6040
charger_material_0.bmp
  4 -1.6000 -6.9503 65.0558 -0.4850 -0.8734 0.0436 0.8622 0.6040
  4 -1.8100 -6.7826 65.4005 -0.5642 -0.7450 0.3559 0.8583 0.6059
  4 -2.2400 -6.5405 65.0691 -0.6953 -0.6909 0.1982 0.8543 0.6020
charger_material_0.bmp
  4 -1.8100 -6.7826 65.4005 -0.5642 -0.7450 0.3559 0.8583 0.6059
  4 -1.9800 -6.3455 65.6630 -0.6508 -0.4615 0.6029 0.8543 0.6099
  4 -2.2400 -6.5405 65.0691 -0.6953 -0.6909 0.1982 0.8543 0.6020
charger_material_0.bmp
  4 -2.2400 -6.5405 65.0691 -0.6953 -0.6909 0.1982 0.8543 0.6020
  4 -1.9800 -6.3455 65.6630 -0.6508 -0.4615 0.6029 0.8543 0.6099
  4 -2.4700 -6.0305 65.2872 -0.7608 -0.4337 0.4828 0.8484 0.6059
charger_material_0.bmp
  4 -1.9800 -6.3455 65.6630 -0.6508 -0.4615 0.6029 0.8543 0.6099
  4 -2.0200 -5.4504 66.0315 -0.6512 -0.1935 0.7338 0.8465 0.6178
  4 -2.4700 -6.0305 65.2872 -0.7608 -0.4337 0.4828 0.8484 0.6059
charger_material_0.bmp
  4 -2.4700 -6.0305 65.2872 -0.7608 -0.4337 0.4828 0.8484 0.6059
  4 -2.0200 -5.4504 66.0315 -0.6512 -0.1935 0.7338 0.8465 0.6178
  4 -2.5400 -5.0900 65.6266 -0.6797 -0.1777 0.7117 0.8386 0.6119
charger_material_0.bmp
  4 -2.0200 -5.4504 66.0315 -0.6512 -0.1935 0.7338 0.8465 0.6178
  4 -2.1400 -4.6164 65.9739 -0.5781 -0.1172 0.8075 0.8366 0.6218
  4 -2.5400 -5.0900 65.6266 -0.6797 -0.1777 0.7117 0.8386 0.6119
charger_material_0.bmp
  4 -2.5400 -5.0900 65.6266 -0.6797 -0.1777 0.7117 0.8386 0.6119
  4 -2.1400 -4.6164 65.9739 -0.5781 -0.1172 0.8075 0.8366 0.6218
  4 -2.5700 -4.1067 65.7645 -0.6403 -0.0994 0.7616 0.8268 0.6178
charger_material_0.bmp
  4 -2.1400 -4.6164 65.9739 -0.5781 -0.1172 0.8075 0.8366 0.6218
  4 -1.6100 -3.7099 66.6151 -0.6123 -0.1814 0.7696 0.8307 0.6376
  4 -2.5700 -4.1067 65.7645 -0.6403 -0.0994 0.7616 0.8268 0.6178
charger_material_0.bmp
  4 -0.5600 9.7947 56.5197 0.2726 0.9541 0.1243 0.5945 0.8812
  4 -3.5000 10.7099 56.1411 0.3115 0.9367 0.1599 0.5689 0.8653
  4 -3.9900 10.4151 59.4452 0.2150 0.9353 0.2810 0.5846 0.8416
charger_material_0.bmp
  4 -3.9900 10.4151 59.4452 0.2150 0.9353 0.2810 0.5846 0.8416
  4 -3.5000 10.7099 56.1411 0.3115 0.9367 0.1599 0.5689 0.8653
  4 -7.1600 11.1009 59.5177 0.0182 0.9444 0.3283 0.5610 0.8277
charger_material_0.bmp
  4 -3.5000 10.7099 56.1411 0.3115 0.9367 0.1599 0.5689 0.8653
  4 -6.5200 11.7996 56.4622 0.0761 0.9869 0.1421 0.5472 0.8535
  4 -7.1600 11.1009 59.5177 0.0182 0.9444 0.3283 0.5610 0.8277
charger_material_0.bmp
  4 -7.1600 11.1009 59.5177 0.0182 0.9444 0.3283 0.5610 0.8277
  4 -6.5200 11.7996 56.4622 0.0761 0.9869 0.1421 0.5472 0.8535
  6 -9.5125 10.7672 58.6420 -0.1283 0.9560 0.2637 0.5394 0.8158
charger_material_0.bmp
  4 -6.5200 11.7996 56.4622 0.0761 0.9869 0.1421 0.5472 0.8535
  4 -8.3400 11.5540 55.8168 -0.0944 0.9952 0.0263 0.5295 0.8416
  6 -9.5125 10.7672 58.6420 -0.1283 0.9560 0.2637 0.5394 0.8158
charger_material_0.bmp
  6 -9.5125 10.7672 58.6420 -0.1283 0.9560 0.2637 0.5394 0.8158
  4 -8.3400 11.5540 55.8168 -0.0944 0.9952 0.0263 0.5295 0.8416
  6 -10.7373 11.5543 54.9140 -0.0307 0.9954 0.0912 0.5059 0.8218
charger_material_0.bmp
  4 -8.3400 11.5540 55.8168 -0.0944 0.9952 0.0263 0.5295 0.8416
  6 -10.5517 11.4806 54.1870 -0.1081 0.9786 -0.1750 0.5020 0.8337
  6 -10.7373 11.5543 54.9140 -0.0307 0.9954 0.0912 0.5059 0.8218
charger_material_0.bmp
  6 -10.7373 11.5543 54.9140 -0.0307 0.9954 0.0912 0.5059 0.8218
  6 -10.5517 11.4806 54.1870 -0.1081 0.9786 -0.1750 0.5020 0.8337
  7 -13.4925 11.3811 56.1468 -0.2263 0.9737 0.0244 0.4902 0.8218
charger_material_0.bmp
  6 -10.5517 11.4806 54.1870 -0.1081 0.9786 -0.1750 0.5020 0.8337
  7 -15.0189 10.5692 55.1749 -0.3401 0.9265 -0.1613 0.4724 0.8277
  7 -13.4925 11.3811 56.1468 -0.2263 0.9737 0.0244 0.4902 0.8218
charger_material_0.bmp
  8 -43.9058 3.0695 46.5545 0.2027 0.3981 -0.8947 0.1043 0.8515
  8 -44.3085 3.9281 47.0524 -0.0253 0.8674 -0.4969 0.1043 0.8317
  8 -44.0295 4.1240 47.1624 -0.2661 0.7697 -0.5803 0.1083 0.8317
charger_material_0.bmp
  8 -44.0295 4.1240 47.1624 -0.2661 0.7697 -0.5803 0.1083 0.8317
  8 -44.3085 3.9281 47.0524 -0.0253 0.8674 -0.4969 0.1043 0.8317
  8 -44.8366 3.8824 48.1357 -0.6032 0.7909 0.1033 0.1024 0.8099
charger_material_0.bmp
  8 -44.3085 3.9281 47.0524 -0.0253 0.8674 -0.4969 0.1043 0.8317
  8 -45.8443 3.6722 46.9901 -0.4814 0.8557 0.1897 0.0886 0.8198
  8 -44.8366 3.8824 48.1357 -0.6032 0.7909 0.1033 0.1024 0.8099
charger_material_0.bmp
  8 -44.8366 3.8824 48.1357 -0.6032 0.7909 0.1033 0.1024 0.8099
  8 -45.8443 3.6722 46.9901 -0.4814 0.8557 0.1897 0.0886 0.8198
  8 -45.4411 2.8393 48.6086 -0.8698 0.3061 0.3870 0.0945 0.7921
charger_material_0.bmp
  8 -45.8443 3.6722 46.9901 -0.4814 0.8557 0.1897 0.0886 0.8198
  8 -46.5529 2.7922 47.1573 -0.8974 0.1380 0.4190 0.0787 0.8079
  8 -45.4411 2.8393 48.6086 -0.8698 0.3061 0.3870 0.0945 0.7921
charger_material_0.bmp
  8 -45.4411 2.8393 48.6086 -0.8698 0.3061 0.3870 0.0945 0.7921
  8 -46.5529 2.7922 47.1573 -0.8974 0.1380 0.4190 0.0787 0.8079
  8 -45.3390 1.6561 48.1025 -0.9884 -0.1285 0.0813 0.0787 0.7802
charger_material_0.bmp
  8 -46.5529 2.7922 47.1573 -0.8974 0.1380 0.4190 0.0787 0.8079
  8 -46.3671 1.8103 46.9605 -0.6952 -0.6861 0.2144 0.0709 0.8000
  8 -45.3390 1.6561 48.1025 -0.9884 -0.1285 0.0813 0.0787 0.7802
charger_material_0.bmp
  8 -45.3390 1.6561 48.1025 -0.9884 -0.1285 0.0813 0.0787 0.7802
  8 -46.3671 1.8103 46.9605 -0.6952 -0.6861 0.2144 0.0709 0.8000
  8 -44.9539 1.3537 46.7026 -0.6266 -0.7753 -0.0793 0.0610 0.7861
charger_material_0.bmp
  8 -46.3671 1.8103 46.9605 -0.6952 -0.6861 0.2144 0.0709 0.8000
  8 -45.6428 1.6336 45.9322 -0.2747 -0.9567 -0.0958 0.0551 0.8000
  8 -44.9539 1.3537 46.7026 -0.6266 -0.7753 -0.0793 0.0610 0.7861
charger_material_0.bmp
  4 -1.4100 -5.5592 61.5217 0.1552 0.1926 -0.9689 0.8602 0.5485
  4 -1.5400 -5.2790 61.5496 0.0324 0.1018 -0.9943 0.8563 0.5485
  4 -1.3200 -5.4735 61.5970 0.5121 0.2163 -0.8313 0.8602 0.5465
charger_material_0.bmp
  4 -1.3200 -5.4735 61.5970 0.5121 0.2163 -0.8313 0.8602 0.5465
  4 -1.5400 -5.2790 61.5496 0.0324 0.1018 -0.9943 0.8563 0.5485
  4 -1.4300 -5.1793 61.5916 0.4480 0.0552 -0.8923 0.8563 0.5465
charger_material_0.bmp
  4 -1.5400 -5.2790 61.5496 0.0324 0.1018 -0.9943 0.8563 0.5485
  4 -1.5500 -5.1026 61.5668 -0.0423 -0.2355 -0.9710 0.8543 0.5465
  4 -1.4300 -5.1793 61.5916 0.4480 0.0552 -0.8923 0.8563 0.5465
charger_material_0.bmp
  4 -1.4300 -5.1793 61.5916 0.4480 0.0552 -0.8923 0.8563 0.5465
  4 -1.5500 -5.1026 61.5668 -0.0423 -0.2355 -0.9710 0.8543 0.5465
  4 -1.4400 -5.0226 61.6126 0.4747 -0.3591 -0.8036 0.8563 0.5446
charger_material_0.bmp
  4 -1.5500 -5.1026 61.5668 -0.0423 -0.2355 -0.9710 0.8543 0.5465
  4 -1.5500 -4.9450 61.4858 0.1343 -0.6966 -0.7048 0.8543 0.5446
  4 -1.4400 -5.0226 61.6126 0.4747 -0.3591 -0.8036 0.8563 0.5446
charger_material_0.bmp
  4 -1.4400 -5.0226 61.6126 0.4747 -0.3591 -0.8036 0.8563 0.5446
  4 -1.5500 -4.9450 61.4858 0.1343 -0.6966 -0.7048 0.8543 0.5446
  4 -1.4500 -4.8884 61.5157 0.5203 -0.6657 -0.5349 0.8543 0.5446
charger_material_0.bmp
  4 -1.5500 -4.9450 61.4858 0.1343 -0.6966 -0.7048 0.8543 0.5446
  4 -1.5400 -4.8553 61.3159 0.2398 -0.9661 -0.0954 0.8543 0.5426
  4 -1.4500 -4.8884 61.5157 0.5203 -0.6657 -0.5349 0.8543 0.5446
charger_material_0.bmp
  4 -1.4500 -4.8884 61.5157 0.5203 -0.6657 -0.5349 0.8543 0.5446
  4 -1.5400 -4.8553 61.3159 0.2398 -0.9661 -0.0954 0.8543 0.5426
  4 -1.4600 -4.8066 61.3575 0.4597 -0.8880 -0.0123 0.8563 0.5426
charger_material_0.bmp
  4 -1.5400 -4.8553 61.3159 0.2398 -0.9661 -0.0954 0.8543 0.5426
  4 -1.4600 -4.8774 61.1470 0.1984 -0.8642 0.4624 0.8583 0.5406
  4 -1.4600 -4.8066 61.3575 0.4597 -0.8880 -0.0123 0.8563 0.5426
charger_material_0.bmp
  4 -0.9900 -5.7662 60.4923 -0.5637 -0.8167 0.1236 0.8740 0.5307
  4 -1.3500 -5.5678 60.4645 -0.4447 -0.8955 0.0159 0.8681 0.5287
  4 -1.0400 -5.7490 60.3159 -0.5937 -0.7893 -0.1567 0.8740 0.5267
charger_material_0.bmp
  4 -1.0400 -5.7490 60.3159 -0.5937 -0.7893 -0.1567 0.8740 0.5267
  4 -1.3500 -5.5678 60.4645 -0.4447 -0.8955 0.0159 0.8681 0.5287
  4 -1.1000 -5.6018 60.0740 -0.3025 -0.8511 -0.4292 0.8740 0.5248
charger_material_0.bmp
  4 -1.3500 -5.5678 60.4645 -0.4447 -0.8955 0.0159 0.8681 0.5287
  4 -1.4100 -5.5521 60.2274 -0.3777 -0.8543 -0.3570 0.8681 0.5248
  4 -1.1000 -5.6018 60.0740 -0.3025 -0.8511 -0.4292 0.8740 0.5248
charger_material_0.bmp
  4 -1.1000 -5.6018 60.0740 -0.3025 -0.8511 -0.4292 0.8740 0.5248
  4 -1.4100 -5.5521 60.2274 -0.3777 -0.8543 -0.3570 0.8681 0.5248
  4 -1.1400 -5.4387 59.8086 -0.3369 -0.7328 -0.5911 0.8740 0.5188
charger_material_0.bmp
  4 -1.4100 -5.5521 60.2274 -0.3777 -0.8543 -0.3570 0.8681 0.5248
  4 -1.4400 -5.2829 59.9316 -0.5398 -0.6306 -0.5576 0.8681 0.5208
  4 -1.1400 -5.4387 59.8086 -0.3369 -0.7328 -0.5911 0.8740 0.5188
charger_material_0.bmp
  4 -1.1400 -5.4387 59.8086 -0.3369 -0.7328 -0.5911 0.8740 0.5188
  4 -1.4400 -5.2829 59.9316 -0.5398 -0.6306 -0.5576 0.8681 0.5208
  4 -1.1800 -5.2690 59.6846 -0.3617 -0.5124 -0.7789 0.8720 0.5168
charger_material_0.bmp
  4 -1.4400 -5.2829 59.9316 -0.5398 -0.6306 -0.5576 0.8681 0.5208
  4 -1.4700 -5.1029 59.7546 -0.4914 -0.5091 -0.7066 0.8661 0.5168
  4 -1.1800 -5.2690 59.6846 -0.3617 -0.5124 -0.7789 0.8720 0.5168
charger_material_0.bmp
  4 -1.1800 -5.2690 59.6846 -0.3617 -0.5124 -0.7789 0.8720 0.5168
  4 -1.4700 -5.1029 59.7546 -0.4914 -0.5091 -0.7066 0.8661 0.5168
  4 -1.1800 -5.0801 59.6077 -0.2518 -0.1221 -0.9600 0.8720 0.5129
charger_material_0.bmp
  4 -1.3000 -3.1422 66.9749 -0.5115 0.0024 0.8593 0.8248 0.6455
  4 -0.9100 -2.3342 67.2073 -0.5117 0.1168 0.8512 0.8169 0.6574
  4 -1.8500 -2.6255 66.6419 -0.5257 0.0483 0.8493 0.8150 0.6396
charger_material_0.bmp
  4 -1.8500 -2.6255 66.6419 -0.5257 0.0483 0.8493 0.8150 0.6396
  4 -0.9100 -2.3342 67.2073 -0.5117 0.1168 0.8512 0.8169 0.6574
  4 -1.4800 -1.7381 66.7573 -0.4594 0.2086 0.8634 0.8071 0.6495
charger_material_0.bmp
  4 -0.9100 -2.3342 67.2073 -0.5117 0.1168 0.8512 0.8169 0.6574
  4 -1.0000 -1.5022 66.9261 -0.3948 0.3034 0.8673 0.8051 0.6574
  4 -1.4800 -1.7381 66.7573 -0.4594 0.2086 0.8634 0.8071 0.6495
charger_material_0.bmp
  4 -1.4800 -1.7381 66.7573 -0.4594 0.2086 0.8634 0.8071 0.6495
  4 -1.0000 -1.5022 66.9261 -0.3948 0.3034 0.8673 0.8051 0.6574
  4 -1.4400 -1.1090 66.5862 -0.3600 0.4541 0.8150 0.7972 0.6515
charger_material_0.bmp
  4 -1.0000 -1.5022 66.9261 -0.3948 0.3034 0.8673 0.8051 0.6574
  4 -1.0000 -0.7180 66.5013 -0.2906 0.6213 0.7277 0.7933 0.6594
  4 -1.4400 -1.1090 66.5862 -0.3600 0.4541 0.8150 0.7972 0.6515
charger_material_0.bmp
  4 -1.4400 -1.1090 66.5862 -0.3600 0.4541 0.8150 0.7972 0.6515
  4 -1.0000 -0.7180 66.5013 -0.2906 0.6213 0.7277 0.7933 0.6594
  4 -1.4700 -0.4788 66.0483 -0.2425 0.7929 0.5590 0.7854 0.6515
charger_material_0.bmp
  4 -1.0000 -0.7180 66.5013 -0.2906 0.6213 0.7277 0.7933 0.6594
  4 -0.9300 -0.3848 66.0608 -0.1720 0.8425 0.5106 0.7854 0.6594
  4 -1.4700 -0.4788 66.0483 -0.2425 0.7929 0.5590 0.7854 0.6515
charger_material_0.bmp
  4 -1.4700 -0.4788 66.0483 -0.2425 0.7929 0.5590 0.7854 0.6515
  4 -0.9300 -0.3848 66.0608 -0.1720 0.8425 0.5106 0.7854 0.6594
  4 -1.4600 -0.3444 65.6866 -0.1689 0.9164 0.3628 0.7795 0.6515
charger_material_0.bmp
  4 -0.4800 -6.9005 63.3460 0.0293 -0.9184 -0.3946 0.8760 0.5822
  4 -0.6700 -6.8902 63.2932 0.0286 -0.8973 -0.4406 0.8740 0.5822
  4 -0.6600 -6.8229 63.2192 0.0583 -0.6395 -0.7666 0.8740 0.5802
charger_material_0.bmp
  4 -0.6600 -6.8229 63.2192 0.0583 -0.6395 -0.7666 0.8740 0.5802
  4 -0.6700 -6.8902 63.2932 0.0286 -0.8973 -0.4406 0.8740 0.5822
  4 -0.8700 -6.8921 63.2833 0.0049 -0.7390 -0.6737 0.8720 0.5822
charger_material_0.bmp
  4 -0.6700 -6.8902 63.2932 0.0286 -0.8973 -0.4406 0.8740 0.5822
  4 -0.7800 -7.0494 63.7919 0.0276 -0.9721 -0.2331 0.8720 0.5901
  4 -0.8700 -6.8921 63.2833 0.0049 -0.7390 -0.6737 0.8720 0.5822
charger_material_0.bmp
  4 -0.8700 -6.8921 63.2833 0.0049 -0.7390 -0.6737 0.8720 0.5822
  4 -0.7800 -7.0494 63.7919 0.0276 -0.9721 -0.2331 0.8720 0.5901
  4 -1.0300 -6.9832 63.3924 -0.1883 -0.9290 -0.3187 0.8701 0.5842
charger_material_0.bmp
  4 -0.7800 -7.0494 63.7919 0.0276 -0.9721 -0.2331 0.8720 0.5901
  4 -0.9600 -7.0400 63.8410 -0.2358 -0.9661 -0.1054 0.8701 0.5901
  4 -1.0300 -6.9832 63.3924 -0.1883 -0.9290 -0.3187 0.8701 0.5842
charger_material_0.bmp
  4 -1.0300 -6.9832 63.3924 -0.1883 -0.9290 -0.3187 0.8701 0.5842
  4 -0.9600 -7.0400 63.8410 -0.2358 -0.9661 -0.1054 0.8701 0.5901
  4 -1.2800 -6.9091 63.6735 -0.3740 -0.9233 -0.0870 0.8681 0.5881
charger_material_0.bmp
  4 -0.9600 -7.0400 63.8410 -0.2358 -0.9661 -0.1054 0.8701 0.5901
  4 -1.2700 -6.9356 64.0145 -0.3337 -0.9370 -0.1031 0.8661 0.5921
  4 -1.2800 -6.9091 63.6735 -0.3740 -0.9233 -0.0870 0.8681 0.5881
charger_material_0.bmp
  4 -1.2800 -6.9091 63.6735 -0.3740 -0.9233 -0.0870 0.8681 0.5881
  4 -1.2700 -6.9356 64.0145 -0.3337 -0.9370 -0.1031 0.8661 0.5921
  4 -1.8100 -6.7182 63.8202 -0.3740 -0.9233 -0.0870 0.8602 0.5881
charger_material_0.bmp
  9 -4.7678 -2.4308 29.8837 -0.0323 -0.8987 -0.4373 0.9311 0.9743
  9 -6.4508 -2.3149 31.1186 -0.4127 -0.8904 -0.1921 0.9134 0.9802
  9 -6.7868 -2.0427 29.4246 -0.4158 -0.9091 -0.0248 0.9094 0.9663
charger_material_0.bmp
  9 -6.7868 -2.0427 29.4246 -0.4158 -0.9091 -0.0248 0.9094 0.9663
  9 -6.4508 -2.3149 31.1186 -0.4127 -0.8904 -0.1921 0.9134 0.9802
  9 -8.3432 -1.1470 30.2515 -0.7314 -0.6819 0.0092 0.8937 0.9703
charger_material_0.bmp
  9 -6.4508 -2.3149 31.1186 -0.4127 -0.8904 -0.1921 0.9134 0.9802
  9 -8.1445 -1.3003 32.3011 -0.7638 -0.6410 -0.0758 0.8957 0.9861
  9 -8.3432 -1.1470 30.2515 -0.7314 -0.6819 0.0092 0.8937 0.9703
charger_material_0.bmp
  9 -8.3432 -1.1470 30.2515 -0.7314 -0.6819 0.0092 0.8937 0.9703
  9 -8.1445 -1.3003 32.3011 -0.7638 -0.6410 -0.0758 0.8957 0.9861
  9 -9.2918 0.6733 31.1981 -0.9830 -0.1742 0.0581 0.8760 0.9782
charger_material_0.bmp
  9 -8.1445 -1.3003 32.3011 -0.7638 -0.6410 -0.0758 0.8957 0.9861
  9 -9.0780 0.6055 33.1890 -0.9830 -0.1742 0.0581 0.8780 0.9901
  9 -9.2918 0.6733 31.1981 -0.9830 -0.1742 0.0581 0.8760 0.9782
charger_material_0.bmp
  9 -9.2918 0.6733 31.1981 -0.9830 -0.1742 0.0581 0.8760 0.9782
  9 -9.0780 0.6055 33.1890 -0.9830 -0.1742 0.0581 0.8780 0.9901
  9 -8.8928 2.8359 33.3420 -0.9704 0.1985 0.1378 0.8563 0.9921
charger_material_0.bmp
  9 -9.0780 0.6055 33.1890 -0.9830 -0.1742 0.0581 0.8780 0.9901
  9 -8.7508 2.7536 34.6656 -0.9805 0.1616 0.1116 0.8583 1.0000
  9 -8.8928 2.8359 33.3420 -0.9704 0.1985 0.1378 0.8563 0.9921
charger_material_0.bmp
  9 -8.8928 2.8359 33.3420 -0.9704 0.1985 0.1378 0.8563 0.9921
  9 -8.7508 2.7536 34.6656 -0.9805 0.1616 0.1116 0.8583 1.0000
  9 -7.9708 5.0224 34.4076 -0.8950 0.4381 0.0839 0.8386 1.0000
charger_material_0.bmp
  6 -9.4508 5.0199 61.7185 -0.5249 0.7207 0.4529 0.5295 0.7327
  6 -11.9041 7.7444 60.9430 0.0706 0.4898 0.8690 0.5059 0.7624
  7 -12.4435 4.5332 61.7931 -0.1531 0.3486 0.9247 0.5020 0.7327
charger_material_0.bmp
  7 -12.4435 4.5332 61.7931 -0.1531 0.3486 0.9247 0.5020 0.7327
  6 -11.9041 7.7444 60.9430 0.0706 0.4898 0.8690 0.5059 0.7624
  7 -14.6069 7.1729 60.5978 -0.2628 0.4223 0.8675 0.4783 0.7584
charger_material_0.bmp
  6 -11.9041 7.7444 60.9430 0.0706 0.4898 0.8690 0.5059 0.7624
  7 -13.9361 9.3502 59.2757 -0.2738 0.6709 0.6891 0.4862 0.7842
  7 -14.6069 7.1729 60.5978 -0.2628 0.4223 0.8675 0.4783 0.7584
charger_material_0.bmp
  7 -14.6069 7.1729 60.5978 -0.2628 0.4223 0.8675 0.4783 0.7584
  7 -13.9361 9.3502 59.2757 -0.2738 0.6709 0.6891 0.4862 0.7842
  7 -16.0472 8.8055 58.7410 -0.3405 0.6779 0.6516 0.4626 0.7822
charger_material_0.bmp
  7 -13.9361 9.3502 59.2757 -0.2738 0.6709 0.6891 0.4862 0.7842
  7 -15.9641 9.7533 57.3266 -0.4087 0.8017 0.4362 0.4626 0.7980
  7 -16.0472 8.8055 58.7410 -0.3405 0.6779 0.6516 0.4626 0.7822
charger_material_0.bmp
  7 -16.0472 8.8055 58.7410 -0.3405 0.6779 0.6516 0.4626 0.7822
  7 -15.9641 9.7533 57.3266 -0.4087 0.8017 0.4362 0.4626 0.7980
  7 -17.5380 8.6118 58.0389 -0.2447 0.8084 0.5354 0.4429 0.7822
charger_material_0.bmp
  7 -15.9641 9.7533 57.3266 -0.4087 0.8017 0.4362 0.4626 0.7980
  7 -17.5049 9.4589 55.9904 -0.3271 0.9356 0.1328 0.4409 0.8079
  7 -17.5380 8.6118 58.0389 -0.2447 0.8084 0.5354 0.4429 0.7822
charger_material_0.bmp
  7 -17.5380 8.6118 58.0389 -0.2447 0.8084 0.5354 0.4429 0.7822
  7 -17.5049 9.4589 55.9904 -0.3271 0.9356 0.1328 0.4409 0.8079
  7 -20.3094 9.4013 55.2537 -0.0937 0.9876 0.1259 0.4055 0.8040
charger_material_0.bmp
  8 -24.8093 3.8830 48.6764 0.3390 -0.1910 -0.9212 0.3366 0.5248
  8 -26.9819 0.3953 48.6717 0.3858 -0.3115 -0.8684 0.3051 0.5624
  8 -27.3032 3.7924 48.1358 0.2981 -0.1040 -0.9488 0.3091 0.5248
charger_material_0.bmp
  8 -27.3032 3.7924 48.1358 0.2981 -0.1040 -0.9488 0.3091 0.5248
  8 -26.9819 0.3953 48.6717 0.3858 -0.3115 -0.8684 0.3051 0.5624
  8 -29.6557 0.0725 47.6507 0.2659 -0.1722 -0.9485 0.2736 0.5624
charger_material_0.bmp
  8 -26.9819 0.3953 48.6717 0.3858 -0.3115 -0.8684 0.3051 0.5624
  8 -29.4381 -2.6748 48.6770 0.4078 -0.5459 -0.7319 0.2677 0.5901
  8 -29.6557 0.0725 47.6507 0.2659 -0.1722 -0.9485 0.2736 0.5624
charger_material_0.bmp
  8 -29.6557 0.0725 47.6507 0.2659 -0.1722 -0.9485 0.2736 0.5624
  8 -29.4381 -2.6748 48.6770 0.4078 -0.5459 -0.7319 0.2677 0.5901
  8 -32.4239 -3.3890 48.0089 0.2278 -0.5157 -0.8259 0.2343 0.5941
charger_material_0.bmp
  8 -29.4381 -2.6748 48.6770 0.4078 -0.5459 -0.7319 0.2677 0.5901
  8 -32.2514 -5.2521 50.1472 0.2640 -0.9237 -0.2777 0.2343 0.6218
  8 -32.4239 -3.3890 48.0089 0.2278 -0.5157 -0.8259 0.2343 0.5941
charger_material_0.bmp
  8 -32.4239 -3.3890 48.0089 0.2278 -0.5157 -0.8259 0.2343 0.5941
  8 -32.2514 -5.2521 50.1472 0.2640 -0.9237 -0.2777 0.2343 0.6218
  8 -35.0471 -5.6366 49.5693 0.2849 -0.8819 -0.3756 0.2008 0.6238
charger_material_0.bmp
  8 -32.2514 -5.2521 50.1472 0.2640 -0.9237 -0.2777 0.2343 0.6218
  8 -35.4201 -5.5849 51.9763 0.0635 -0.9405 0.3339 0.2008 0.6495
  8 -35.0471 -5.6366 49.5693 0.2849 -0.8819 -0.3756 0.2008 0.6238
charger_material_0.bmp
  8 -35.0471 -5.6366 49.5693 0.2849 -0.8819 -0.3756 0.2008 0.6238
  8 -35.4201 -5.5849 51.9763 0.0635 -0.9405 0.3339 0.2008 0.6495
  8 -37.6592 -5.9746 51.1619 0.0209 -0.9658 0.2584 0.1791 0.6475
charger_material_0.bmp
  4 -2.5500 -3.8496 60.6655 -0.8837 0.0300 -0.4672 0.8327 0.5248
  4 -2.7300 -3.7216 61.0686 -0.9366 0.1077 -0.3333 0.8268 0.5307
  4 -2.7300 -3.5149 60.9782 -0.9678 -0.0572 -0.2452 0.8248 0.5287
charger_material_0.bmp
  4 -2.7300 -3.5149 60.9782 -0.9678 -0.0572 -0.2452 0.8248 0.5287
  4 -2.7300 -3.7216 61.0686 -0.9366 0.1077 -0.3333 0.8268 0.5307
  4 -2.8400 -3.5575 61.6074 -0.9862 0.0997 -0.1320 0.8209 0.5386
charger_material_0.bmp
  4 -2.7300 -3.7216 61.0686 -0.9366 0.1077 -0.3333 0.8268 0.5307
  4 -2.9300 -3.8185 61.6267 -0.9902 0.1042 -0.0930 0.8228 0.5426
  4 -2.8400 -3.5575 61.6074 -0.9862 0.0997 -0.1320 0.8209 0.5386
charger_material_0.bmp
  4 -2.8400 -3.5575 61.6074 -0.9862 0.0997 -0.1320 0.8209 0.5386
  4 -2.9300 -3.8185 61.6267 -0.9902 0.1042 -0.0930 0.8228 0.5426
  4 -2.8600 -3.6043 62.2679 -0.9901 0.1391 0.0191 0.8150 0.5505
charger_material_0.bmp
  4 -2.9300 -3.8185 61.6267 -0.9902 0.1042 -0.0930 0.8228 0.5426
  4 -2.9000 -3.9018 62.2026 -0.9965 0.0724 0.0429 0.8209 0.5525
  4 -2.8600 -3.6043 62.2679 -0.9901 0.1391 0.0191 0.8150 0.5505
charger_material_0.bmp
  4 -2.8600 -3.6043 62.2679 -0.9901 0.1391 0.0191 0.8150 0.5505
  4 -2.9000 -3.9018 62.2026 -0.9965 0.0724 0.0429 0.8209 0.5525
  4 -2.8800 -3.8987 62.7518 -0.9627 0.0018 -0.2705 0.8150 0.5624
charger_material_0.bmp
  4 -2.9000 -3.9018 62.2026 -0.9965 0.0724 0.0429 0.8209 0.5525
  4 -2.8900 -4.1350 62.6341 -0.9862 0.0997 -0.1320 0.8189 0.5604
  4 -2.8800 -3.8987 62.7518 -0.9627 0.0018 -0.2705 0.8150 0.5624
charger_material_0.bmp
  4 -2.8800 -3.8987 62.7518 -0.9627 0.0018 -0.2705 0.8150 0.5624
  4 -2.8900 -4.1350 62.6341 -0.9862 0.0997 -0.1320 0.8189 0.5604
  4 -3.0800 -4.0898 63.0836 -0.8837 0.0300 -0.4672 0.8169 0.5703
charger_material_0.bmp
  8 -38.3792 -6.3322 46.7964 0.2977 -0.9471 -0.1196 0.1555 0.6059
  8 -38.6957 -6.0029 45.2100 0.5288 -0.7062 -0.4708 0.1496 0.5861
  8 -37.4487 -5.8202 46.3359 0.6343 -0.6332 -0.4436 0.1654 0.5960
charger_material_0.bmp
  8 -37.4487 -5.8202 46.3359 0.6343 -0.6332 -0.4436 0.1654 0.5960
  8 -38.6957 -6.0029 45.2100 0.5288 -0.7062 -0.4708 0.1496 0.5861
  8 -38.4988 -5.3921 44.9285 0.6747 -0.2196 -0.7047 0.1535 0.5782
charger_material_0.bmp
  8 -38.6957 -6.0029 45.2100 0.5288 -0.7062 -0.4708 0.1496 0.5861
  8 -39.2620 -5.5088 44.1970 0.6992 -0.2979 -0.6499 0.1417 0.5723
  8 -38.4988 -5.3921 44.9285 0.6747 -0.2196 -0.7047 0.1535 0.5782
charger_material_0.bmp
  8 -38.4988 -5.3921 44.9285 0.6747 -0.2196 -0.7047 0.1535 0.5782
  8 -39.2620 -5.5088 44.1970 0.6992 -0.2979 -0.6499 0.1417 0.5723
  8 -38.7483 -4.7610 44.8328 0.6640 0.1817 -0.7253 0.1555 0.5703
charger_material_0.bmp
  8 -39.2620 -5.5088 44.1970 0.6992 -0.2979 -0.6499 0.1417 0.5723
  8 -39.3688 -5.0803 43.9747 0.6231 0.2754 -0.7321 0.1417 0.5663
  8 -38.7483 -4.7610 44.8328 0.6640 0.1817 -0.7253 0.1555 0.5703
charger_material_0.bmp
  8 -38.7483 -4.7610 44.8328 0.6640 0.1817 -0.7253 0.1555 0.5703
  8 -39.3688 -5.0803 43.9747 0.6231 0.2754 -0.7321 0.1417 0.5663
  8 -39.2731 -4.3872 44.7367 0.4841 0.6678 -0.5655 0.1535 0.5604
charger_material_0.bmp
  8 -39.3688 -5.0803 43.9747 0.6231 0.2754 -0.7321 0.1417 0.5663
  8 -39.6962 -4.6729 44.0070 0.2989 0.6909 -0.6583 0.1437 0.5604
  8 -39.2731 -4.3872 44.7367 0.4841 0.6678 -0.5655 0.1535 0.5604
charger_material_0.bmp
  8 -39.2731 -4.3872 44.7367 0.4841 0.6678 -0.5655 0.1535 0.5604
  8 -39.6962 -4.6729 44.0070 0.2989 0.6909 -0.6583 0.1437 0.5604
  8 -40.0240 -4.0866 44.8205 -0.1322 0.9030 -0.4087 0.1516 0.5505
charger_material_0.bmp
  4 -0.9300 -7.1531 64.6873 -0.2454 -0.9684 -0.0451 0.8701 0.6000
  4 -0.6300 -7.1898 65.0812 -0.1934 -0.9800 0.0474 0.8720 0.6040
  4 -1.0600 -7.0698 65.4961 -0.2604 -0.9648 0.0368 0.8681 0.6079
charger_material_0.bmp
  4 -0.9300 -7.1531 64.6873 -0.2454 -0.9684 -0.0451 0.8701 0.6000
  4 -0.6100 -7.1999 64.6556 -0.1760 -0.9801 -0.0922 0.8740 0.6000
  4 -0.6300 -7.1898 65.0812 -0.1934 -0.9800 0.0474 0.8720 0.6040
charger_material_0.bmp
  4 -0.9300 -7.1531 64.6873 -0.2454 -0.9684 -0.0451 0.8701 0.6000
  4 -0.9600 -7.0400 63.8410 -0.2358 -0.9661 -0.1054 0.8701 0.5901
  4 -0.6100 -7.1999 64.6556 -0.1760 -0.9801 -0.0922 0.8740 0.6000
charger_material_0.bmp
  4 -0.9300 -7.1531 64.6873 -0.2454 -0.9684 -0.0451 0.8701 0.6000
  4 -1.2700 -6.9356 64.0145 -0.3337 -0.9370 -0.1031 0.8661 0.5921
  4 -0.9600 -7.0400 63.8410 -0.2358 -0.9661 -0.1054 0.8701 0.5901
charger_material_0.bmp
  4 -0.9300 -7.1531 64.6873 -0.2454 -0.9684 -0.0451 0.8701 0.6000
  4 -1.3900 -6.9947 64.5043 -0.2843 -0.9524 -0.1099 0.8642 0.5980
  4 -1.2700 -6.9356 64.0145 -0.3337 -0.9370 -0.1031 0.8661 0.5921
charger_material_0.bmp
  4 -0.9300 -7.1531 64.6873 -0.2454 -0.9684 -0.0451 0.8701 0.6000
  4 -1.6000 -6.9503 65.0558 -0.2858 -0.9583 0.0078 0.8622 0.6040
  4 -1.3900 -6.9947 64.5043 -0.2843 -0.9524 -0.1099 0.8642 0.5980
charger_material_0.bmp
  4 -0.9300 -7.1531 64.6873 -0.2454 -0.9684 -0.0451 0.8701 0.6000
  4 -1.0600 -7.0698 65.4961 -0.2604 -0.9648 0.0368 0.8681 0.6079
  4 -1.6000 -6.9503 65.0558 -0.2858 -0.9583 0.0078 0.8622 0.6040
charger_material_0.bmp
  4 -1.1000 -5.6018 60.0740 -0.3025 -0.8511 -0.4292 0.8740 0.5248
  4 -1.1400 -5.4387 59.8086 -0.3369 -0.7328 -0.5911 0.8740 0.5188
  4 -0.7100 -5.5131 59.7923 -0.1895 -0.7907 -0.5821 0.8799 0.5208
charger_material_0.bmp
  4 -0.7100 -5.5131 59.7923 -0.1895 -0.7907 -0.5821 0.8799 0.5208
  4 -1.1400 -5.4387 59.8086 -0.3369 -0.7328 -0.5911 0.8740 0.5188
  4 -0.7200 -5.3448 59.6074 -0.2303 -0.5828 -0.7793 0.8799 0.5168
charger_material_0.bmp
  4 -1.1400 -5.4387 59.8086 -0.3369 -0.7328 -0.5911 0.8740 0.5188
  4 -1.1800 -5.2690 59.6846 -0.3617 -0.5124 -0.7789 0.8720 0.5168
  4 -0.7200 -5.3448 59.6074 -0.2303 -0.5828 -0.7793 0.8799 0.5168
charger_material_0.bmp
  4 -0.7200 -5.3448 59.6074 -0.2303 -0.5828 -0.7793 0.8799 0.5168
  4 -1.1800 -5.2690 59.6846 -0.3617 -0.5124 -0.7789 0.8720 0.5168
  4 -0.7300 -5.1718 59.5540 -0.1694 -0.1909 -0.9669 0.8799 0.5129
charger_material_0.bmp
  4 -1.1800 -5.2690 59.6846 -0.3617 -0.5124 -0.7789 0.8720 0.5168
  4 -1.1800 -5.0801 59.6077 -0.2518 -0.1221 -0.9600 0.8720 0.5129
  4 -0.7300 -5.1718 59.5540 -0.1694 -0.1909 -0.9669 0.8799 0.5129
charger_material_0.bmp
  4 -0.7300 -5.1718 59.5540 -0.1694 -0.1909 -0.9669 0.8799 0.5129
  4 -1.1800 -5.0801 59.6077 -0.2518 -0.1221 -0.9600 0.8720 0.5129
  4 -0.7900 -4.7227 59.5598 -0.1263 -0.1304 -0.9834 0.8799 0.5069
charger_material_0.bmp
  4 -1.1800 -5.0801 59.6077 -0.2518 -0.1221 -0.9600 0.8720 0.5129
  4 -1.1800 -4.7035 59.6070 -0.2154 -0.1957 -0.9567 0.8701 0.5069
  4 -0.7900 -4.7227 59.5598 -0.1263 -0.1304 -0.9834 0.8799 0.5069
charger_material_0.bmp
  1 -8.1500 -4.8238 43.8613 -0.7222 -0.5970 -0.3493 0.0591 0.2356
  1 -8.2800 -3.5638 42.0213 -0.7856 0.1873 0.5897 0.0492 0.2218
  1 -8.5400 -3.7538 41.8813 -0.8926 -0.4434 0.0821 0.0512 0.2198
charger_material_0.bmp
  1 -8.5400 -3.7538 41.8813 -0.8926 -0.4434 0.0821 0.0512 0.2198
  1 -8.2800 -3.5638 42.0213 -0.7856 0.1873 0.5897 0.0492 0.2218
  1 -8.9600 -2.1938 41.2413 -0.9267 -0.1948 0.3215 0.0413 0.2099
charger_material_0.bmp
  1 -8.2800 -3.5638 42.0213 -0.7856 0.1873 0.5897 0.0492 0.2218
  1 -8.6200 -2.0338 41.3813 -0.3459 0.1128 0.9315 0.0394 0.2139
  1 -8.9600 -2.1938 41.2413 -0.9267 -0.1948 0.3215 0.0413 0.2099
charger_material_0.bmp
  1 -8.9600 -2.1938 41.2413 -0.9267 -0.1948 0.3215 0.0413 0.2099
  1 -8.6200 -2.0338 41.3813 -0.3459 0.1128 0.9315 0.0394 0.2139
  1 -9.3500 -0.1738 41.0813 -0.8397 -0.0000 0.5431 0.0256 0.2040
charger_material_0.bmp
  1 -8.6200 -2.0338 41.3813 -0.3459 0.1128 0.9315 0.0394 0.2139
  1 -8.9200 0.0362 41.1913 -0.2280 -0.0554 0.9721 0.0217 0.2099
  1 -9.3500 -0.1738 41.0813 -0.8397 -0.0000 0.5431 0.0256 0.2040
charger_material_0.bmp
  1 -9.3500 -0.1738 41.0813 -0.8397 -0.0000 0.5431 0.0256 0.2040
  1 -8.9200 0.0362 41.1913 -0.2280 -0.0554 0.9721 0.0217 0.2099
  1 -9.2700 2.3462 41.3713 -0.6272 -0.0682 0.7759 0.0098 0.2059
charger_material_0.bmp
  1 -8.9200 0.0362 41.1913 -0.2280 -0.0554 0.9721 0.0217 0.2099
  1 -8.8900 2.2862 41.4413 -0.1950 -0.1036 0.9753 0.0098 0.2119
  1 -9.2700 2.3462 41.3713 -0.6272 -0.0682 0.7759 0.0098 0.2059
charger_material_0.bmp
  4 -3.1700 -4.0951 58.6355 0.0550 -0.8594 0.5083 0.6417 0.6238
  4 -2.1600 -3.9398 58.5956 0.0996 -0.9436 0.3159 0.6555 0.6178
  4 -2.6000 -3.8942 58.9941 -0.0526 -0.9277 0.3696 0.6516 0.6257
charger_material_0.bmp
  4 -2.6000 -3.8942 58.9941 -0.0526 -0.9277 0.3696 0.6516 0.6257
  4 -2.1600 -3.9398 58.5956 0.0996 -0.9436 0.3159 0.6555 0.6178
  4 -2.1800 -3.8279 59.5007 -0.3644 -0.9312 -0.0082 0.6594 0.6297
charger_material_0.bmp
  4 -2.1600 -3.9398 58.5956 0.0996 -0.9436 0.3159 0.6555 0.6178
  4 -1.7500 -3.9198 59.2332 -0.3103 -0.9140 -0.2616 0.6634 0.6238
  4 -2.1800 -3.8279 59.5007 -0.3644 -0.9312 -0.0082 0.6594 0.6297
charger_material_0.bmp
  4 -2.1800 -3.8279 59.5007 -0.3644 -0.9312 -0.0082 0.6594 0.6297
  4 -1.7500 -3.9198 59.2332 -0.3103 -0.9140 -0.2616 0.6634 0.6238
  4 -1.8200 -4.1696 59.7900 -0.6267 -0.5592 -0.5427 0.6673 0.6317
charger_material_0.bmp
  4 -1.7500 -3.9198 59.2332 -0.3103 -0.9140 -0.2616 0.6634 0.6238
  4 -1.4900 -4.3288 59.5964 -0.4914 -0.5091 -0.7066 0.6713 0.6277
  4 -1.8200 -4.1696 59.7900 -0.6267 -0.5592 -0.5427 0.6673 0.6317
charger_material_0.bmp
  4 -1.8200 -4.1696 59.7900 -0.6267 -0.5592 -0.5427 0.6673 0.6317
  4 -1.4900 -4.3288 59.5964 -0.4914 -0.5091 -0.7066 0.6713 0.6277
  4 -1.7900 -4.4783 59.8796 -0.6020 -0.2899 -0.7440 0.6713 0.6317
charger_material_0.bmp
  4 -1.4900 -4.3288 59.5964 -0.4914 -0.5091 -0.7066 0.6713 0.6277
  4 -1.4700 -4.5804 59.6649 -0.4346 -0.3579 -0.8265 0.6732 0.6297
  4 -1.7900 -4.4783 59.8796 -0.6020 -0.2899 -0.7440 0.6713 0.6317
charger_material_0.bmp
  8 -24.0654 1.4566 58.7198 -0.0119 -0.4690 0.8831 0.3602 0.6970
  8 -28.1246 2.8723 58.8161 -0.0985 -0.0721 0.9925 0.3150 0.7228
  8 -27.8501 0.4073 58.0457 0.0211 -0.4303 0.9024 0.3130 0.6970
charger_material_0.bmp
  8 -27.8501 0.4073 58.0457 0.0211 -0.4303 0.9024 0.3130 0.6970
  8 -28.1246 2.8723 58.8161 -0.0985 -0.0721 0.9925 0.3150 0.7228
  8 -31.3743 2.1370 58.4659 -0.1194 -0.1168 0.9860 0.2776 0.7228
charger_material_0.bmp
  8 -28.1246 2.8723 58.8161 -0.0985 -0.0721 0.9925 0.3150 0.7228
  8 -31.8329 4.9384 57.9890 -0.2101 0.2840 0.9355 0.2776 0.7485
  8 -31.3743 2.1370 58.4659 -0.1194 -0.1168 0.9860 0.2776 0.7228
charger_material_0.bmp
  8 -31.3743 2.1370 58.4659 -0.1194 -0.1168 0.9860 0.2776 0.7228
  8 -31.8329 4.9384 57.9890 -0.2101 0.2840 0.9355 0.2776 0.7485
  8 -34.8644 1.4118 57.6666 -0.3112 -0.1164 0.9432 0.2382 0.7248
charger_material_0.bmp
  8 -31.8329 4.9384 57.9890 -0.2101 0.2840 0.9355 0.2776 0.7485
  8 -35.3944 4.2268 57.3302 -0.4027 0.2889 0.8685 0.2382 0.7485
  8 -34.8644 1.4118 57.6666 -0.3112 -0.1164 0.9432 0.2382 0.7248
charger_material_0.bmp
  8 -34.8644 1.4118 57.6666 -0.3112 -0.1164 0.9432 0.2382 0.7248
  8 -35.3944 4.2268 57.3302 -0.4027 0.2889 0.8685 0.2382 0.7485
  8 -38.1994 3.2320 55.7657 -0.5376 0.1677 0.8264 0.2008 0.7485
charger_material_0.bmp
  8 -35.3944 4.2268 57.3302 -0.4027 0.2889 0.8685 0.2382 0.7485
  8 -38.4150 5.5395 54.6476 -0.5116 0.6067 0.6084 0.2008 0.7743
  8 -38.1994 3.2320 55.7657 -0.5376 0.1677 0.8264 0.2008 0.7485
charger_material_0.bmp
  8 -30.2373 3.7791 47.1849 0.2113 -0.0828 -0.9739 0.2776 0.5248
  8 -29.6557 0.0725 47.6507 0.2659 -0.1722 -0.9485 0.2736 0.5624
  8 -33.8661 3.0296 46.8174 0.0498 -0.0687 -0.9964 0.2362 0.5248
charger_material_0.bmp
  8 -33.8661 3.0296 46.8174 0.0498 -0.0687 -0.9964 0.2362 0.5248
  8 -29.6557 0.0725 47.6507 0.2659 -0.1722 -0.9485 0.2736 0.5624
  8 -33.1179 -0.7093 47.0469 0.0634 -0.1428 -0.9877 0.2343 0.5644
charger_material_0.bmp
  8 -29.6557 0.0725 47.6507 0.2659 -0.1722 -0.9485 0.2736 0.5624
  8 -32.4239 -3.3890 48.0089 0.2278 -0.5157 -0.8259 0.2343 0.5941
  8 -33.1179 -0.7093 47.0469 0.0634 -0.1428 -0.9877 0.2343 0.5644
charger_material_0.bmp
  8 -33.1179 -0.7093 47.0469 0.0634 -0.1428 -0.9877 0.2343 0.5644
  8 -32.4239 -3.3890 48.0089 0.2278 -0.5157 -0.8259 0.2343 0.5941
  8 -35.2310 -3.5931 47.6613 0.2387 -0.3928 -0.8881 0.2008 0.5941
charger_material_0.bmp
  8 -32.4239 -3.3890 48.0089 0.2278 -0.5157 -0.8259 0.2343 0.5941
  8 -35.0471 -5.6366 49.5693 0.2849 -0.8819 -0.3756 0.2008 0.6238
  8 -35.2310 -3.5931 47.6613 0.2387 -0.3928 -0.8881 0.2008 0.5941
charger_material_0.bmp
  8 -35.2310 -3.5931 47.6613 0.2387 -0.3928 -0.8881 0.2008 0.5941
  8 -35.0471 -5.6366 49.5693 0.2849 -0.8819 -0.3756 0.2008 0.6238
  8 -35.9798 -5.0794 48.1585 0.6178 -0.5186 -0.5911 0.1890 0.6079
charger_material_0.bmp
  8 -35.0471 -5.6366 49.5693 0.2849 -0.8819 -0.3756 0.2008 0.6238
  8 -36.3712 -5.9024 49.0053 0.3586 -0.9204 -0.1557 0.1850 0.6218
  8 -35.9798 -5.0794 48.1585 0.6178 -0.5186 -0.5911 0.1890 0.6079
charger_material_0.bmp
  2 -9.4897 -1.6540 48.0036 -0.7886 -0.4522 -0.4168 0.4902 0.5208
  2 -9.4297 -2.6049 49.0828 -0.7473 -0.5411 -0.3857 0.5079 0.5366
  2 -10.3897 -1.4048 48.9738 -0.5398 -0.5904 -0.6000 0.4862 0.5406
charger_material_0.bmp
  2 -10.3897 -1.4048 48.9738 -0.5398 -0.5904 -0.6000 0.4862 0.5406
  2 -9.4297 -2.6049 49.0828 -0.7473 -0.5411 -0.3857 0.5079 0.5366
  3 -10.3100 -2.4436 49.7924 -0.4695 -0.7403 -0.4812 0.5000 0.5485
charger_material_0.bmp
  2 -9.4297 -2.6049 49.0828 -0.7473 -0.5411 -0.3857 0.5079 0.5366
  3 -9.1200 -3.7590 50.9042 -0.6894 -0.7026 -0.1762 0.5295 0.5564
  3 -10.3100 -2.4436 49.7924 -0.4695 -0.7403 -0.4812 0.5000 0.5485
charger_material_0.bmp
  3 -10.3100 -2.4436 49.7924 -0.4695 -0.7403 -0.4812 0.5000 0.5485
  3 -9.1200 -3.7590 50.9042 -0.6894 -0.7026 -0.1762 0.5295 0.5564
  3 -9.8200 -3.7924 52.2360 -0.3912 -0.8792 -0.2719 0.5315 0.5723
charger_material_0.bmp
  3 -9.1200 -3.7590 50.9042 -0.6894 -0.7026 -0.1762 0.5295 0.5564
  3 -8.2700 -4.8306 53.1259 -0.5023 -0.8615 0.0741 0.5571 0.5743
  3 -9.8200 -3.7924 52.2360 -0.3912 -0.8792 -0.2719 0.5315 0.5723
charger_material_0.bmp
  3 -9.8200 -3.7924 52.2360 -0.3912 -0.8792 -0.2719 0.5315 0.5723
  3 -8.2700 -4.8306 53.1259 -0.5023 -0.8615 0.0741 0.5571 0.5743
  3 -8.7200 -4.4332 54.1684 -0.2869 -0.9558 0.0645 0.5591 0.5881
charger_material_0.bmp
  3 -8.2700 -4.8306 53.1259 -0.5023 -0.8615 0.0741 0.5571 0.5743
  3 -6.3400 -5.2870 54.9976 -0.3057 -0.8787 0.3666 0.5886 0.5881
  3 -8.7200 -4.4332 54.1684 -0.2869 -0.9558 0.0645 0.5591 0.5881
charger_material_0.bmp
  4 -1.4600 -4.8774 61.1470 0.1984 -0.8642 0.4624 0.8583 0.5406
  4 -1.5400 -4.8553 61.3159 0.2398 -0.9661 -0.0954 0.8543 0.5426
  4 -1.5800 -4.8854 61.1587 -0.0672 -0.8554 0.5136 0.8563 0.5386
charger_material_0.bmp
  4 -1.5800 -4.8854 61.1587 -0.0672 -0.8554 0.5136 0.8563 0.5386
  4 -1.5400 -4.8553 61.3159 0.2398 -0.9661 -0.0954 0.8543 0.5426
  4 -1.6600 -4.8319 61.3318 -0.0837 -0.9932 -0.0815 0.8543 0.5406
charger_material_0.bmp
  4 -1.5400 -4.8553 61.3159 0.2398 -0.9661 -0.0954 0.8543 0.5426
  4 -1.5500 -4.9450 61.4858 0.1343 -0.6966 -0.7048 0.8543 0.5446
  4 -1.6600 -4.8319 61.3318 -0.0837 -0.9932 -0.0815 0.8543 0.5406
charger_material_0.bmp
  4 -1.6600 -4.8319 61.3318 -0.0837 -0.9932 -0.0815 0.8543 0.5406
  4 -1.5500 -4.9450 61.4858 0.1343 -0.6966 -0.7048 0.8543 0.5446
  4 -1.6600 -4.9277 61.5232 -0.2455 -0.6693 -0.7013 0.8524 0.5446
charger_material_0.bmp
  4 -1.5500 -4.9450 61.4858 0.1343 -0.6966 -0.7048 0.8543 0.5446
  4 -1.5500 -5.1026 61.5668 -0.0423 -0.2355 -0.9710 0.8543 0.5465
  4 -1.6600 -4.9277 61.5232 -0.2455 -0.6693 -0.7013 0.8524 0.5446
charger_material_0.bmp
  4 -1.6600 -4.9277 61.5232 -0.2455 -0.6693 -0.7013 0.8524 0.5446
  4 -1.5500 -5.1026 61.5668 -0.0423 -0.2355 -0.9710 0.8543 0.5465
  4 -1.6700 -5.1026 61.5668 -0.4346 -0.3579 -0.8265 0.8524 0.5465
charger_material_0.bmp
  4 -1.5500 -5.1026 61.5668 -0.0423 -0.2355 -0.9710 0.8543 0.5465
  4 -1.6500 -5.2560 61.6165 -0.7251 -0.2406 -0.6453 0.8543 0.5485
  4 -1.6700 -5.1026 61.5668 -0.4346 -0.3579 -0.8265 0.8524 0.5465
charger_material_0.bmp
  4 -2.2500 -2.4022 66.2124 -0.6703 0.0073 0.7421 0.8091 0.6337
  4 -2.0600 -3.2053 66.3252 -0.6403 -0.0994 0.7616 0.8209 0.6337
  4 -1.8500 -2.6255 66.6419 -0.6820 -0.0333 0.7306 0.8150 0.6396
charger_material_0.bmp
  4 -2.2500 -2.4022 66.2124 -0.6703 0.0073 0.7421 0.8091 0.6337
  4 -2.8100 -2.8311 65.6733 -0.7135 -0.0366 0.6997 0.8110 0.6218
  4 -2.0600 -3.2053 66.3252 -0.6403 -0.0994 0.7616 0.8209 0.6337
charger_material_0.bmp
  4 -2.2500 -2.4022 66.2124 -0.6703 0.0073 0.7421 0.8091 0.6337
  4 -3.0300 -1.8549 65.5070 -0.7912 0.1468 0.5937 0.7972 0.6238
  4 -2.8100 -2.8311 65.6733 -0.7135 -0.0366 0.6997 0.8110 0.6218
charger_material_0.bmp
  4 -2.2500 -2.4022 66.2124 -0.6703 0.0073 0.7421 0.8091 0.6337
  4 -2.5400 -1.5174 65.9414 -0.6892 0.1974 0.6972 0.7953 0.6337
  4 -3.0300 -1.8549 65.5070 -0.7912 0.1468 0.5937 0.7972 0.6238
charger_material_0.bmp
  4 -2.2500 -2.4022 66.2124 -0.6703 0.0073 0.7421 0.8091 0.6337
  4 -2.0100 -1.3917 66.3857 -0.5710 0.2546 0.7805 0.7992 0.6436
  4 -2.5400 -1.5174 65.9414 -0.6892 0.1974 0.6972 0.7953 0.6337
charger_material_0.bmp
  4 -2.2500 -2.4022 66.2124 -0.6703 0.0073 0.7421 0.8091 0.6337
  4 -1.4800 -1.7381 66.7573 -0.5859 0.1580 0.7948 0.8071 0.6495
  4 -2.0100 -1.3917 66.3857 -0.5710 0.2546 0.7805 0.7992 0.6436
charger_material_0.bmp
  4 -2.2500 -2.4022 66.2124 -0.6703 0.0073 0.7421 0.8091 0.6337
  4 -1.8500 -2.6255 66.6419 -0.6820 -0.0333 0.7306 0.8150 0.6396
  4 -1.4800 -1.7381 66.7573 -0.5859 0.1580 0.7948 0.8071 0.6495
charger_material_0.bmp
  4 -3.1400 -5.3100 63.3576 -0.8848 -0.4583 -0.0844 0.8346 0.5782
  4 -2.9800 -5.6001 63.3316 -0.8398 -0.5385 -0.0691 0.8386 0.5782
  4 -2.9000 -5.4075 63.7529 -0.7874 -0.6154 -0.0370 0.8366 0.5842
charger_material_0.bmp
  4 -2.9000 -5.4075 63.7529 -0.7874 -0.6154 -0.0370 0.8366 0.5842
  4 -2.9800 -5.6001 63.3316 -0.8398 -0.5385 -0.0691 0.8386 0.5782
  4 -2.7600 -5.6625 63.7508 -0.9004 -0.4216 0.1075 0.8406 0.5842
charger_material_0.bmp
  4 -2.9800 -5.6001 63.3316 -0.8398 -0.5385 -0.0691 0.8386 0.5782
  4 -2.8000 -5.8255 63.3238 -0.6744 -0.7247 -0.1413 0.8425 0.5782
  4 -2.7600 -5.6625 63.7508 -0.9004 -0.4216 0.1075 0.8406 0.5842
charger_material_0.bmp
  4 -2.7600 -5.6625 63.7508 -0.9004 -0.4216 0.1075 0.8406 0.5842
  4 -2.8000 -5.8255 63.3238 -0.6744 -0.7247 -0.1413 0.8425 0.5782
  4 -2.7000 -5.9844 63.5578 -0.7055 -0.6808 -0.1971 0.8445 0.5822
charger_material_0.bmp
  4 -2.8000 -5.8255 63.3238 -0.6744 -0.7247 -0.1413 0.8425 0.5782
  4 -2.6100 -5.9578 63.4305 -0.1327 -0.8508 -0.5085 0.8465 0.5802
  4 -2.7000 -5.9844 63.5578 -0.7055 -0.6808 -0.1971 0.8445 0.5822
charger_material_0.bmp
  4 -2.7000 -5.9844 63.5578 -0.7055 -0.6808 -0.1971 0.8445 0.5822
  4 -2.6100 -5.9578 63.4305 -0.1327 -0.8508 -0.5085 0.8465 0.5802
  4 -2.5100 -6.0350 63.5064 0.0049 -0.7390 -0.6737 0.8465 0.5822
charger_material_0.bmp
  4 -2.6100 -5.9578 63.4305 -0.1327 -0.8508 -0.5085 0.8465 0.5802
  4 -2.3300 -5.9905 63.5793 0.1019 -0.5567 -0.8245 0.8504 0.5822
  4 -2.5100 -6.0350 63.5064 0.0049 -0.7390 -0.6737 0.8465 0.5822
charger_material_0.bmp
  4 -1.8200 -6.1202 63.3801 -0.2682 -0.8162 -0.5117 0.8563 0.5782
  4 -1.9000 -6.1468 63.5074 -0.4033 -0.8551 -0.3259 0.8563 0.5802
  4 -1.9300 -6.0930 63.4157 -0.4697 -0.7703 -0.4314 0.8543 0.5782
charger_material_0.bmp
  4 -1.8200 -6.1202 63.3801 -0.2682 -0.8162 -0.5117 0.8563 0.5782
  4 -1.7900 -6.1721 63.4817 -0.2127 -0.9090 -0.3585 0.8563 0.5802
  4 -1.9000 -6.1468 63.5074 -0.4033 -0.8551 -0.3259 0.8563 0.5802
charger_material_0.bmp
  4 -1.8200 -6.1202 63.3801 -0.2682 -0.8162 -0.5117 0.8563 0.5782
  4 -1.7000 -6.1754 63.4110 -0.0627 -0.8854 -0.4606 0.8583 0.5782
  4 -1.7900 -6.1721 63.4817 -0.2127 -0.9090 -0.3585 0.8563 0.5802
charger_material_0.bmp
  4 -1.8200 -6.1202 63.3801 -0.2682 -0.8162 -0.5117 0.8563 0.5782
  4 -1.7000 -6.1123 63.3684 -0.0384 -0.8083 -0.5875 0.8583 0.5782
  4 -1.7000 -6.1754 63.4110 -0.0627 -0.8854 -0.4606 0.8583 0.5782
charger_material_0.bmp
  4 -1.8200 -6.1202 63.3801 -0.2682 -0.8162 -0.5117 0.8563 0.5782
  4 -1.8400 -6.0590 63.3277 -0.2708 -0.7013 -0.6595 0.8563 0.5762
  4 -1.7000 -6.1123 63.3684 -0.0384 -0.8083 -0.5875 0.8583 0.5782
charger_material_0.bmp
  4 -1.8200 -6.1202 63.3801 -0.2682 -0.8162 -0.5117 0.8563 0.5782
  4 -1.9500 -6.0556 63.3983 -0.4826 -0.6757 -0.5573 0.8543 0.5782
  4 -1.8400 -6.0590 63.3277 -0.2708 -0.7013 -0.6595 0.8563 0.5762
charger_material_0.bmp
  4 -1.8200 -6.1202 63.3801 -0.2682 -0.8162 -0.5117 0.8563 0.5782
  4 -1.9300 -6.0930 63.4157 -0.4697 -0.7703 -0.4314 0.8543 0.5782
  4 -1.9500 -6.0556 63.3983 -0.4826 -0.6757 -0.5573 0.8543 0.5782
charger_material_0.bmp
  4 -1.4800 -6.0464 63.2337 -0.5079 -0.8268 0.2419 0.8602 0.5743
  4 -1.4800 -6.0356 63.3436 -0.4207 -0.7454 -0.5170 0.8602 0.5762
  4 -1.5000 -5.9958 63.2851 -0.0680 -0.9683 -0.2405 0.8602 0.5743
charger_material_0.bmp
  4 -1.4800 -6.0464 63.2337 -0.5079 -0.8268 0.2419 0.8602 0.5743
  4 -1.4500 -6.0763 63.2903 -0.6543 -0.6264 -0.4237 0.8622 0.5762
  4 -1.4800 -6.0356 63.3436 -0.4207 -0.7454 -0.5170 0.8602 0.5762
charger_material_0.bmp
  4 -1.4800 -6.0464 63.2337 -0.5079 -0.8268 0.2419 0.8602 0.5743
  4 -1.3400 -6.1348 63.2506 -0.5762 -0.7876 -0.2182 0.8622 0.5762
  4 -1.4500 -6.0763 63.2903 -0.6543 -0.6264 -0.4237 0.8622 0.5762
charger_material_0.bmp
  4 -1.4800 -6.0464 63.2337 -0.5079 -0.8268 0.2419 0.8602 0.5743
  4 -1.4100 -6.1143 63.1448 -0.4615 -0.8079 0.3664 0.8622 0.5743
  4 -1.3400 -6.1348 63.2506 -0.5762 -0.7876 -0.2182 0.8622 0.5762
charger_material_0.bmp
  4 -1.4800 -6.0464 63.2337 -0.5079 -0.8268 0.2419 0.8602 0.5743
  4 -1.6400 -6.0432 63.0905 -0.2096 -0.9477 0.2406 0.8583 0.5723
  4 -1.4100 -6.1143 63.1448 -0.4615 -0.8079 0.3664 0.8622 0.5743
charger_material_0.bmp
  4 -1.4800 -6.0464 63.2337 -0.5079 -0.8268 0.2419 0.8602 0.5743
  4 -1.6500 -6.0244 63.1887 -0.0614 -0.9064 0.4179 0.8583 0.5743
  4 -1.6400 -6.0432 63.0905 -0.2096 -0.9477 0.2406 0.8583 0.5723
charger_material_0.bmp
  4 -1.4800 -6.0464 63.2337 -0.5079 -0.8268 0.2419 0.8602 0.5743
  4 -1.5000 -5.9958 63.2851 -0.0680 -0.9683 -0.2405 0.8602 0.5743
  4 -1.6500 -6.0244 63.1887 -0.0614 -0.9064 0.4179 0.8583 0.5743
charger_material_0.bmp
  8 -39.4235 5.6030 49.6507 -0.1537 0.9649 -0.2130 0.1791 0.8238
  8 -42.7294 5.2373 50.3149 -0.4253 0.8769 0.2238 0.1457 0.8000
  8 -40.4296 5.7506 51.5427 -0.4283 0.8982 0.0984 0.1752 0.7980
charger_material_0.bmp
  8 -40.4296 5.7506 51.5427 -0.4283 0.8982 0.0984 0.1752 0.7980
  8 -42.7294 5.2373 50.3149 -0.4253 0.8769 0.2238 0.1457 0.8000
  8 -42.6923 3.9514 52.0397 -0.6245 0.5008 0.5994 0.1496 0.7762
charger_material_0.bmp
  8 -42.7294 5.2373 50.3149 -0.4253 0.8769 0.2238 0.1457 0.8000
  8 -44.0352 3.4105 50.6356 -0.7617 0.3800 0.5248 0.1260 0.7802
  8 -42.6923 3.9514 52.0397 -0.6245 0.5008 0.5994 0.1496 0.7762
charger_material_0.bmp
  8 -42.6923 3.9514 52.0397 -0.6245 0.5008 0.5994 0.1496 0.7762
  8 -44.0352 3.4105 50.6356 -0.7617 0.3800 0.5248 0.1260 0.7802
  8 -42.8977 1.8386 52.7260 -0.6786 0.1570 0.7176 0.1457 0.7505
charger_material_0.bmp
  8 -44.0352 3.4105 50.6356 -0.7617 0.3800 0.5248 0.1260 0.7802
  8 -44.3000 1.6268 50.7473 -0.7673 0.2203 0.6022 0.1181 0.7584
  8 -42.8977 1.8386 52.7260 -0.6786 0.1570 0.7176 0.1457 0.7505
charger_material_0.bmp
  8 -42.8977 1.8386 52.7260 -0.6786 0.1570 0.7176 0.1457 0.7505
  8 -44.3000 1.6268 50.7473 -0.7673 0.2203 0.6022 0.1181 0.7584
  8 -42.7897 -0.6010 53.1373 -0.6375 -0.0399 0.7695 0.1457 0.7248
charger_material_0.bmp
  8 -44.3000 1.6268 50.7473 -0.7673 0.2203 0.6022 0.1181 0.7584
  8 -45.2524 -0.9883 50.6357 -0.7112 -0.0637 0.7001 0.1063 0.7248
  8 -42.7897 -0.6010 53.1373 -0.6375 -0.0399 0.7695 0.1457 0.7248
charger_material_0.bmp
  8 -40.8263 -6.2599 46.4753 -0.4381 -0.8702 -0.2255 0.1260 0.6099
  8 -40.2990 -6.5363 45.9460 -0.3332 -0.9428 0.0032 0.1319 0.6020
  8 -39.6319 -6.5475 47.1729 0.0176 -0.9985 -0.0523 0.1437 0.6139
charger_material_0.bmp
  8 -39.6319 -6.5475 47.1729 0.0176 -0.9985 -0.0523 0.1437 0.6139
  8 -40.2990 -6.5363 45.9460 -0.3332 -0.9428 0.0032 0.1319 0.6020
  8 -39.4803 -6.5216 45.5131 0.2352 -0.9493 -0.2088 0.1398 0.5941
charger_material_0.bmp
  8 -40.2990 -6.5363 45.9460 -0.3332 -0.9428 0.0032 0.1319 0.6020
  8 -40.1485 -6.4005 44.6574 0.0107 -0.9671 -0.2544 0.1319 0.5842
  8 -39.4803 -6.5216 45.5131 0.2352 -0.9493 -0.2088 0.1398 0.5941
charger_material_0.bmp
  8 -39.4803 -6.5216 45.5131 0.2352 -0.9493 -0.2088 0.1398 0.5941
  8 -40.1485 -6.4005 44.6574 0.0107 -0.9671 -0.2544 0.1319 0.5842
  8 -39.5927 -5.9847 44.3086 0.5020 -0.7074 -0.4976 0.1378 0.5782
charger_material_0.bmp
  8 -40.1485 -6.4005 44.6574 0.0107 -0.9671 -0.2544 0.1319 0.5842
  8 -40.3047 -5.9664 43.5317 0.2075 -0.6784 -0.7048 0.1260 0.5703
  8 -39.5927 -5.9847 44.3086 0.5020 -0.7074 -0.4976 0.1378 0.5782
charger_material_0.bmp
  8 -39.5927 -5.9847 44.3086 0.5020 -0.7074 -0.4976 0.1378 0.5782
  8 -40.3047 -5.9664 43.5317 0.2075 -0.6784 -0.7048 0.1260 0.5703
  8 -39.9799 -5.5745 43.4964 0.5026 -0.2003 -0.8410 0.1299 0.5663
charger_material_0.bmp
  8 -40.3047 -5.9664 43.5317 0.2075 -0.6784 -0.7048 0.1260 0.5703
  8 -40.4420 -5.5659 43.3941 -0.1739 -0.3675 -0.9136 0.1240 0.5663
  8 -39.9799 -5.5745 43.4964 0.5026 -0.2003 -0.8410 0.1299 0.5663
charger_material_0.bmp
  8 -41.1841 -5.7396 45.5415 -0.9939 0.0804 -0.0754 0.1280 0.5267
  8 -41.0799 -4.6460 45.0631 -0.8551 0.5127 -0.0777 0.1398 0.5386
  8 -41.4636 -5.6519 44.4891 -0.9827 0.1747 0.0620 0.1240 0.5406
charger_material_0.bmp
  8 -41.4636 -5.6519 44.4891 -0.9827 0.1747 0.0620 0.1240 0.5406
  8 -41.0799 -4.6460 45.0631 -0.8551 0.5127 -0.0777 0.1398 0.5386
  8 -41.4018 -5.2881 44.3345 -0.8868 0.3944 -0.2409 0.1280 0.5446
charger_material_0.bmp
  8 -41.0799 -4.6460 45.0631 -0.8551 0.5127 -0.0777 0.1398 0.5386
  8 -40.5881 -4.3952 44.2578 -0.3625 0.8037 -0.4718 0.1398 0.5505
  8 -41.4018 -5.2881 44.3345 -0.8868 0.3944 -0.2409 0.1280 0.5446
charger_material_0.bmp
  8 -41.4018 -5.2881 44.3345 -0.8868 0.3944 -0.2409 0.1280 0.5446
  8 -40.5881 -4.3952 44.2578 -0.3625 0.8037 -0.4718 0.1398 0.5505
  8 -40.9521 -5.0486 43.7651 -0.5655 0.4358 -0.7002 0.1299 0.5525
charger_material_0.bmp
  8 -40.5881 -4.3952 44.2578 -0.3625 0.8037 -0.4718 0.1398 0.5505
  8 -40.2597 -5.1663 43.4965 0.1117 0.4548 -0.8836 0.1319 0.5604
  8 -40.9521 -5.0486 43.7651 -0.5655 0.4358 -0.7002 0.1299 0.5525
charger_material_0.bmp
  8 -40.9521 -5.0486 43.7651 -0.5655 0.4358 -0.7002 0.1299 0.5525
  8 -40.2597 -5.1663 43.4965 0.1117 0.4548 -0.8836 0.1319 0.5604
  8 -40.4420 -5.5659 43.3941 -0.1556 0.2665 -0.9512 0.1260 0.5624
charger_material_0.bmp
  8 -40.2597 -5.1663 43.4965 0.1117 0.4548 -0.8836 0.1319 0.5604
  8 -39.9799 -5.5745 43.4964 0.5026 -0.2003 -0.8410 0.1299 0.5663
  8 -40.4420 -5.5659 43.3941 -0.1556 0.2665 -0.9512 0.1260 0.5624
charger_material_0.bmp
  4 -3.4400 -2.1167 63.7652 -0.9095 0.3102 -0.2767 0.7894 0.5960
  4 -3.0800 -1.4766 63.9177 -0.7932 0.5405 -0.2807 0.7776 0.6059
  4 -3.2600 -2.0767 63.4420 -0.8423 0.3743 -0.3879 0.7835 0.5921
charger_material_0.bmp
  4 -3.4400 -2.1167 63.7652 -0.9095 0.3102 -0.2767 0.7894 0.5960
  4 -3.1900 -1.5411 64.1133 -0.8485 0.5199 -0.0991 0.7815 0.6059
  4 -3.0800 -1.4766 63.9177 -0.7932 0.5405 -0.2807 0.7776 0.6059
charger_material_0.bmp
  4 -3.4400 -2.1167 63.7652 -0.9095 0.3102 -0.2767 0.7894 0.5960
  4 -3.5000 -2.2455 64.1564 -0.9482 0.2940 -0.1205 0.7933 0.6020
  4 -3.1900 -1.5411 64.1133 -0.8485 0.5199 -0.0991 0.7815 0.6059
charger_material_0.bmp
  4 -3.4400 -2.1167 63.7652 -0.9095 0.3102 -0.2767 0.7894 0.5960
  4 -3.5800 -2.9942 63.8617 -0.9628 0.0850 -0.2566 0.8012 0.5921
  4 -3.5000 -2.2455 64.1564 -0.9482 0.2940 -0.1205 0.7933 0.6020
charger_material_0.bmp
  4 -3.4400 -2.1167 63.7652 -0.9095 0.3102 -0.2767 0.7894 0.5960
  4 -3.4600 -2.8574 63.4589 -0.9154 0.0228 -0.4019 0.7972 0.5861
  4 -3.5800 -2.9942 63.8617 -0.9628 0.0850 -0.2566 0.8012 0.5921
charger_material_0.bmp
  4 -3.4400 -2.1167 63.7652 -0.9095 0.3102 -0.2767 0.7894 0.5960
  4 -3.2300 -2.6734 63.0368 -0.8812 0.1495 -0.4485 0.7913 0.5802
  4 -3.4600 -2.8574 63.4589 -0.9154 0.0228 -0.4019 0.7972 0.5861
charger_material_0.bmp
  4 -3.4400 -2.1167 63.7652 -0.9095 0.3102 -0.2767 0.7894 0.5960
  4 -3.2600 -2.0767 63.4420 -0.8423 0.3743 -0.3879 0.7835 0.5921
  4 -3.2300 -2.6734 63.0368 -0.8812 0.1495 -0.4485 0.7913 0.5802
charger_material_0.bmp
  4 -3.2800 -1.6755 64.4750 -0.8769 0.4805 0.0127 0.7874 0.6099
  4 -2.9600 -1.2318 64.8789 -0.7887 0.6040 0.1141 0.7835 0.6218
  4 -2.8600 -1.0898 64.5565 -0.7834 0.6195 0.0495 0.7795 0.6198
charger_material_0.bmp
  4 -2.8600 -1.0898 64.5565 -0.7834 0.6195 0.0495 0.7795 0.6198
  4 -2.9600 -1.2318 64.8789 -0.7887 0.6040 0.1141 0.7835 0.6218
  4 -2.4600 -0.7312 65.0479 -0.6617 0.7417 0.1092 0.7776 0.6317
charger_material_0.bmp
  4 -2.9600 -1.2318 64.8789 -0.7887 0.6040 0.1141 0.7835 0.6218
  4 -2.5300 -0.8255 65.3001 -0.6572 0.7232 0.2123 0.7835 0.6317
  4 -2.4600 -0.7312 65.0479 -0.6617 0.7417 0.1092 0.7776 0.6317
charger_material_0.bmp
  4 -2.4600 -0.7312 65.0479 -0.6617 0.7417 0.1092 0.7776 0.6317
  4 -2.5300 -0.8255 65.3001 -0.6572 0.7232 0.2123 0.7835 0.6317
  4 -1.9600 -0.4694 65.4051 -0.4092 0.9037 0.1261 0.7795 0.6416
charger_material_0.bmp
  4 -2.5300 -0.8255 65.3001 -0.6572 0.7232 0.2123 0.7835 0.6317
  4 -2.0500 -0.5638 65.6573 -0.4692 0.8056 0.3619 0.7835 0.6416
  4 -1.9600 -0.4694 65.4051 -0.4092 0.9037 0.1261 0.7795 0.6416
charger_material_0.bmp
  4 -1.9600 -0.4694 65.4051 -0.4092 0.9037 0.1261 0.7795 0.6416
  4 -2.0500 -0.5638 65.6573 -0.4692 0.8056 0.3619 0.7835 0.6416
  4 -1.4600 -0.3444 65.6866 -0.3191 0.9309 0.1776 0.7795 0.6515
charger_material_0.bmp
  4 -2.0500 -0.5638 65.6573 -0.4692 0.8056 0.3619 0.7835 0.6416
  4 -1.4700 -0.4788 66.0483 -0.4001 0.7354 0.5470 0.7854 0.6515
  4 -1.4600 -0.3444 65.6866 -0.3191 0.9309 0.1776 0.7795 0.6515
charger_material_0.bmp
  8 -47.6336 -2.0278 44.4568 -0.9507 0.0502 -0.3059 0.0217 0.7089
  8 -47.5977 -2.0465 45.3368 -0.9942 0.0275 0.1040 0.0315 0.7109
  8 -47.4335 -1.4743 45.1087 -0.7572 0.6513 0.0505 0.0276 0.7188
charger_material_0.bmp
  8 -47.6336 -2.0278 44.4568 -0.9507 0.0502 -0.3059 0.0217 0.7089
  8 -47.4202 -2.8308 44.5073 -0.8089 -0.5681 -0.1515 0.0236 0.7010
  8 -47.5977 -2.0465 45.3368 -0.9942 0.0275 0.1040 0.0315 0.7109
charger_material_0.bmp
  8 -47.6336 -2.0278 44.4568 -0.9507 0.0502 -0.3059 0.0217 0.7089
  8 -47.0477 -2.7106 43.8270 -0.7619 -0.3946 -0.5137 0.0138 0.6990
  8 -47.4202 -2.8308 44.5073 -0.8089 -0.5681 -0.1515 0.0236 0.7010
charger_material_0.bmp
  8 -47.6336 -2.0278 44.4568 -0.9507 0.0502 -0.3059 0.0217 0.7089
  8 -47.2043 -1.9154 43.8167 -0.8374 0.0770 -0.5412 0.0118 0.7089
  8 -47.0477 -2.7106 43.8270 -0.7619 -0.3946 -0.5137 0.0138 0.6990
charger_material_0.bmp
  8 -47.6336 -2.0278 44.4568 -0.9507 0.0502 -0.3059 0.0217 0.7089
  8 -47.1903 -1.3711 44.1401 -0.7273 0.5369 -0.4275 0.0157 0.7188
  8 -47.2043 -1.9154 43.8167 -0.8374 0.0770 -0.5412 0.0118 0.7089
charger_material_0.bmp
  8 -47.6336 -2.0278 44.4568 -0.9507 0.0502 -0.3059 0.0217 0.7089
  8 -47.5197 -1.4997 44.4921 -0.7368 0.6610 -0.1420 0.0197 0.7168
  8 -47.1903 -1.3711 44.1401 -0.7273 0.5369 -0.4275 0.0157 0.7188
charger_material_0.bmp
  8 -47.6336 -2.0278 44.4568 -0.9507 0.0502 -0.3059 0.0217 0.7089
  8 -47.4335 -1.4743 45.1087 -0.7572 0.6513 0.0505 0.0276 0.7188
  8 -47.5197 -1.4997 44.4921 -0.7368 0.6610 -0.1420 0.0197 0.7168
charger_material_0.bmp
  8 -44.6378 -5.9109 45.8734 -0.0320 -0.9730 -0.2286 0.0787 0.6277
  8 -44.0395 -5.5362 45.4590 0.3419 -0.7369 -0.5832 0.0827 0.6178
  8 -43.2540 -5.7819 45.9534 0.1007 -0.8369 -0.5381 0.0945 0.6178
charger_material_0.bmp
  8 -43.2540 -5.7819 45.9534 0.1007 -0.8369 -0.5381 0.0945 0.6178
  8 -44.0395 -5.5362 45.4590 0.3419 -0.7369 -0.5832 0.0827 0.6178
  8 -43.3307 -4.8098 45.2540 0.3749 -0.4235 -0.8247 0.0866 0.6059
charger_material_0.bmp
  8 -44.0395 -5.5362 45.4590 0.3419 -0.7369 -0.5832 0.0827 0.6178
  8 -43.8813 -4.7687 44.9747 0.5577 -0.2826 -0.7804 0.0787 0.6059
  8 -43.3307 -4.8098 45.2540 0.3749 -0.4235 -0.8247 0.0866 0.6059
charger_material_0.bmp
  8 -43.3307 -4.8098 45.2540 0.3749 -0.4235 -0.8247 0.0866 0.6059
  8 -43.8813 -4.7687 44.9747 0.5577 -0.2826 -0.7804 0.0787 0.6059
  8 -43.6057 -3.8855 44.9439 0.1520 0.0271 -0.9880 0.0807 0.5960
charger_material_0.bmp
  8 -43.8813 -4.7687 44.9747 0.5577 -0.2826 -0.7804 0.0787 0.6059
  8 -44.1211 -3.9103 44.9424 0.3664 0.4386 -0.8206 0.0748 0.5960
  8 -43.6057 -3.8855 44.9439 0.1520 0.0271 -0.9880 0.0807 0.5960
charger_material_0.bmp
  8 -43.6057 -3.8855 44.9439 0.1520 0.0271 -0.9880 0.0807 0.5960
  8 -44.1211 -3.9103 44.9424 0.3664 0.4386 -0.8206 0.0748 0.5960
  8 -44.3753 -2.7502 45.2880 -0.3059 0.1986 -0.9311 0.0768 0.5822
charger_material_0.bmp
  8 -44.1211 -3.9103 44.9424 0.3664 0.4386 -0.8206 0.0748 0.5960
  8 -44.7118 -3.3302 45.4444 -0.0780 0.6040 -0.7932 0.0709 0.5861
  8 -44.3753 -2.7502 45.2880 -0.3059 0.1986 -0.9311 0.0768 0.5822
charger_material_0.bmp
  8 -45.8741 -3.5978 45.9565 -0.4814 0.8557 0.1897 0.0472 0.6594
  8 -46.1839 -3.6841 45.3277 -0.6473 0.7295 0.2210 0.0433 0.6515
  8 -46.4749 -4.2452 45.7168 -0.9063 0.2138 0.3645 0.0512 0.6475
charger_material_0.bmp
  8 -45.8741 -3.5978 45.9565 -0.4814 0.8557 0.1897 0.0472 0.6594
  8 -45.7755 -3.3927 44.8043 -0.2827 0.9554 -0.0852 0.0354 0.6535
  8 -46.1839 -3.6841 45.3277 -0.6473 0.7295 0.2210 0.0433 0.6515
charger_material_0.bmp
  8 -45.8741 -3.5978 45.9565 -0.4814 0.8557 0.1897 0.0472 0.6594
  8 -45.1012 -3.4147 44.9031 -0.0193 0.9974 -0.0688 0.0315 0.6594
  8 -45.7755 -3.3927 44.8043 -0.2827 0.9554 -0.0852 0.0354 0.6535
charger_material_0.bmp
  8 -45.8741 -3.5978 45.9565 -0.4814 0.8557 0.1897 0.0472 0.6594
  8 -44.7118 -3.3302 45.4444 -0.6006 0.6544 -0.4593 0.0335 0.6673
  8 -45.1012 -3.4147 44.9031 -0.0193 0.9974 -0.0688 0.0315 0.6594
charger_material_0.bmp
  8 -45.8741 -3.5978 45.9565 -0.4814 0.8557 0.1897 0.0472 0.6594
  8 -45.3346 -3.4787 46.4347 -0.8047 0.5934 -0.0165 0.0492 0.6693
  8 -44.7118 -3.3302 45.4444 -0.6006 0.6544 -0.4593 0.0335 0.6673
charger_material_0.bmp
  8 -45.8741 -3.5978 45.9565 -0.4814 0.8557 0.1897 0.0472 0.6594
  8 -46.1751 -4.1930 46.4948 -0.8698 0.3061 0.3870 0.0571 0.6554
  8 -45.3346 -3.4787 46.4347 -0.8047 0.5934 -0.0165 0.0492 0.6693
charger_material_0.bmp
  8 -45.8741 -3.5978 45.9565 -0.4814 0.8557 0.1897 0.0472 0.6594
  8 -46.4749 -4.2452 45.7168 -0.9063 0.2138 0.3645 0.0512 0.6475
  8 -46.1751 -4.1930 46.4948 -0.8698 0.3061 0.3870 0.0571 0.6554
charger_material_0.bmp
  4 -0.6500 -6.7098 63.0652 -0.0101 -0.7762 -0.6304 0.8760 0.5762
  4 -0.8200 -6.6985 63.1242 -0.1895 -0.7907 -0.5821 0.8720 0.5782
  4 -0.7900 -6.6785 63.0694 -0.1610 -0.6902 -0.7055 0.8740 0.5762
charger_material_0.bmp
  4 -0.6500 -6.7098 63.0652 -0.0101 -0.7762 -0.6304 0.8760 0.5762
  4 -0.6400 -6.7364 63.1925 0.1810 -0.7319 -0.6569 0.8760 0.5802
  4 -0.8200 -6.6985 63.1242 -0.1895 -0.7907 -0.5821 0.8720 0.5782
charger_material_0.bmp
  4 -0.6500 -6.7098 63.0652 -0.0101 -0.7762 -0.6304 0.8760 0.5762
  4 -0.4700 -6.6672 63.1284 0.2610 -0.9122 -0.3158 0.8780 0.5782
  4 -0.6400 -6.7364 63.1925 0.1810 -0.7319 -0.6569 0.8760 0.5802
charger_material_0.bmp
  4 -0.6500 -6.7098 63.0652 -0.0101 -0.7762 -0.6304 0.8760 0.5762
  4 -0.5100 -6.6406 63.0011 -0.1314 -0.6226 -0.7715 0.8780 0.5762
  4 -0.4700 -6.6672 63.1284 0.2610 -0.9122 -0.3158 0.8780 0.5782
charger_material_0.bmp
  4 -0.6500 -6.7098 63.0652 -0.0101 -0.7762 -0.6304 0.8760 0.5762
  4 -0.6600 -6.3801 63.0327 0.3152 -0.3836 -0.8680 0.8760 0.5723
  4 -0.5100 -6.6406 63.0011 -0.1314 -0.6226 -0.7715 0.8780 0.5762
charger_material_0.bmp
  4 -0.6500 -6.7098 63.0652 -0.0101 -0.7762 -0.6304 0.8760 0.5762
  4 -0.7900 -6.6785 63.0694 -0.1610 -0.6902 -0.7055 0.8740 0.5762
  4 -0.6600 -6.3801 63.0327 0.3152 -0.3836 -0.8680 0.8760 0.5723
charger_material_0.bmp
  4 -1.2600 -5.5504 60.7157 -0.3625 -0.6458 0.6720 0.8681 0.5327
  4 -0.9600 -5.7927 60.6195 -0.4274 -0.7152 0.5530 0.8760 0.5327
  4 -0.9300 -5.6388 60.7326 -0.0658 -0.1292 0.9894 0.8740 0.5347
charger_material_0.bmp
  4 -1.2600 -5.5504 60.7157 -0.3625 -0.6458 0.6720 0.8681 0.5327
  4 -0.9900 -5.7662 60.4923 -0.5637 -0.8167 0.1236 0.8740 0.5307
  4 -0.9600 -5.7927 60.6195 -0.4274 -0.7152 0.5530 0.8760 0.5327
charger_material_0.bmp
  4 -1.2600 -5.5504 60.7157 -0.3625 -0.6458 0.6720 0.8681 0.5327
  4 -1.3000 -5.5472 60.5726 -0.5632 -0.7976 0.2159 0.8681 0.5307
  4 -0.9900 -5.7662 60.4923 -0.5637 -0.8167 0.1236 0.8740 0.5307
charger_material_0.bmp
  4 -1.2600 -5.5504 60.7157 -0.3625 -0.6458 0.6720 0.8681 0.5327
  4 -1.4500 -5.3533 60.8410 0.0493 -0.4847 0.8733 0.8642 0.5327
  4 -1.3000 -5.5472 60.5726 -0.5632 -0.7976 0.2159 0.8681 0.5307
charger_material_0.bmp
  4 -1.2600 -5.5504 60.7157 -0.3625 -0.6458 0.6720 0.8681 0.5327
  4 -1.1600 -5.4306 60.7030 0.2263 -0.0601 0.9722 0.8681 0.5347
  4 -1.4500 -5.3533 60.8410 0.0493 -0.4847 0.8733 0.8642 0.5327
charger_material_0.bmp
  4 -1.2600 -5.5504 60.7157 -0.3625 -0.6458 0.6720 0.8681 0.5327
  4 -0.9300 -5.6388 60.7326 -0.0658 -0.1292 0.9894 0.8740 0.5347
  4 -1.1600 -5.4306 60.7030 0.2263 -0.0601 0.9722 0.8681 0.5347
charger_material_0.bmp
  4 -1.3900 -6.2548 62.1434 -0.2920 -0.9288 -0.2280 0.8642 0.5604
  4 -1.1800 -6.1508 61.6756 -0.5130 -0.7808 -0.3566 0.8681 0.5545
  4 -1.1500 -6.2583 61.8590 -0.3103 -0.9140 -0.2616 0.8681 0.5564
charger_material_0.bmp
  4 -1.1500 -6.2583 61.8590 -0.3103 -0.9140 -0.2616 0.8681 0.5564
  4 -1.1800 -6.1508 61.6756 -0.5130 -0.7808 -0.3566 0.8681 0.5545
  4 -0.9800 -6.2346 61.6101 -0.2185 -0.9655 -0.1418 0.8720 0.5545
charger_material_0.bmp
  4 -1.1800 -6.1508 61.6756 -0.5130 -0.7808 -0.3566 0.8681 0.5545
  4 -1.1700 -6.1401 61.5717 -0.6524 -0.7540 -0.0765 0.8681 0.5525
  4 -0.9800 -6.2346 61.6101 -0.2185 -0.9655 -0.1418 0.8720 0.5545
charger_material_0.bmp
  4 -0.9800 -6.2346 61.6101 -0.2185 -0.9655 -0.1418 0.8720 0.5545
  4 -1.1700 -6.1401 61.5717 -0.6524 -0.7540 -0.0765 0.8681 0.5525
  4 -0.9800 -6.2492 61.4806 -0.2454 -0.9684 -0.0451 0.8720 0.5525
charger_material_0.bmp
  4 -1.1700 -6.1401 61.5717 -0.6524 -0.7540 -0.0765 0.8681 0.5525
  4 -1.1400 -6.1543 61.3911 -0.5398 -0.6306 -0.5576 0.8701 0.5505
  4 -0.9800 -6.2492 61.4806 -0.2454 -0.9684 -0.0451 0.8720 0.5525
charger_material_0.bmp
  4 -0.9800 -6.2492 61.4806 -0.2454 -0.9684 -0.0451 0.8720 0.5525
  4 -1.1400 -6.1543 61.3911 -0.5398 -0.6306 -0.5576 0.8701 0.5505
  4 -0.9400 -6.2128 61.3514 -0.2708 -0.7013 -0.6595 0.8720 0.5505
charger_material_0.bmp
  4 -1.4100 -5.5592 61.5217 0.0812 0.3886 -0.9178 0.8602 0.5485
  4 -1.2800 -5.8427 61.4232 -0.0928 0.2555 -0.9624 0.8642 0.5485
  4 -1.3500 -5.8642 61.4171 -0.5609 -0.2375 -0.7931 0.8642 0.5505
charger_material_0.bmp
  4 -1.3500 -5.8642 61.4171 -0.5609 -0.2375 -0.7931 0.8642 0.5505
  4 -1.2800 -5.8427 61.4232 -0.0928 0.2555 -0.9624 0.8642 0.5485
  4 -1.1100 -6.0935 61.3897 -0.3562 -0.1388 -0.9241 0.8701 0.5485
charger_material_0.bmp
  4 -1.2800 -5.8427 61.4232 -0.0928 0.2555 -0.9624 0.8642 0.5485
  4 -1.0600 -6.0126 61.3335 -0.3029 -0.2641 -0.9157 0.8681 0.5485
  4 -1.1100 -6.0935 61.3897 -0.3562 -0.1388 -0.9241 0.8701 0.5485
charger_material_0.bmp
  4 -1.1100 -6.0935 61.3897 -0.3562 -0.1388 -0.9241 0.8701 0.5485
  4 -1.0600 -6.0126 61.3335 -0.3029 -0.2641 -0.9157 0.8681 0.5485
  4 -0.9300 -6.1576 61.3205 -0.2035 -0.0773 -0.9760 0.8720 0.5485
charger_material_0.bmp
  4 -1.0600 -6.0126 61.3335 -0.3029 -0.2641 -0.9157 0.8681 0.5485
  4 -0.9100 -6.0617 61.3429 -0.0955 0.0750 -0.9926 0.8720 0.5485
  4 -0.9300 -6.1576 61.3205 -0.2035 -0.0773 -0.9760 0.8720 0.5485
charger_material_0.bmp
  4 -0.9300 -6.1576 61.3205 -0.2035 -0.0773 -0.9760 0.8720 0.5485
  4 -0.9100 -6.0617 61.3429 -0.0955 0.0750 -0.9926 0.8720 0.5485
  4 -0.7100 -6.0790 61.3055 -0.0308 0.0784 -0.9964 0.8760 0.5465
charger_material_0.bmp
  1 -5.9800 -4.8138 39.2213 -0.4857 -0.8741 -0.0025 0.0827 0.1802
  1 -8.2200 -2.7638 38.9913 -0.8241 -0.5459 -0.1512 0.0551 0.1802
  9 -6.0229 -4.6230 37.4949 -0.6080 -0.7884 -0.0936 0.0807 0.1584
charger_material_0.bmp
  9 -6.0229 -4.6230 37.4949 -0.6080 -0.7884 -0.0936 0.0807 0.1584
  1 -8.2200 -2.7638 38.9913 -0.8241 -0.5459 -0.1512 0.0551 0.1802
  9 -8.0394 -2.6327 36.8743 -0.8359 -0.5388 -0.1043 0.0571 0.1525
charger_material_0.bmp
  1 -8.2200 -2.7638 38.9913 -0.8241 -0.5459 -0.1512 0.0551 0.1802
  9 -9.1276 0.1684 37.6730 -0.9935 -0.1087 -0.0349 0.0276 0.1604
  9 -8.0394 -2.6327 36.8743 -0.8359 -0.5388 -0.1043 0.0571 0.1525
charger_material_0.bmp
  9 -8.0394 -2.6327 36.8743 -0.8359 -0.5388 -0.1043 0.0571 0.1525
  9 -9.1276 0.1684 37.6730 -0.9935 -0.1087 -0.0349 0.0276 0.1604
  9 -9.0255 0.2464 36.1659 -0.9935 -0.1087 -0.0349 0.0295 0.1386
charger_material_0.bmp
  9 -9.1276 0.1684 37.6730 -0.9935 -0.1087 -0.0349 0.0276 0.1604
  9 -8.8763 2.5963 37.6626 -0.9961 0.0873 0.0108 0.0098 0.1604
  9 -9.0255 0.2464 36.1659 -0.9935 -0.1087 -0.0349 0.0295 0.1386
charger_material_0.bmp
  9 -9.0255 0.2464 36.1659 -0.9935 -0.1087 -0.0349 0.0295 0.1386
  9 -8.8763 2.5963 37.6626 -0.9961 0.0873 0.0108 0.0098 0.1604
  9 -8.8538 2.6349 36.1661 -0.9962 0.0773 -0.0405 0.0098 0.1406
charger_material_0.bmp
  7 -16.2873 7.1011 60.0507 -0.3051 0.4421 0.8435 0.4606 0.7584
  7 -14.6069 7.1729 60.5978 -0.2628 0.4223 0.8675 0.4783 0.7584
  7 -16.0472 8.8055 58.7410 -0.3405 0.6779 0.6516 0.4626 0.7822
charger_material_0.bmp
  7 -16.2873 7.1011 60.0507 -0.3051 0.4421 0.8435 0.4606 0.7584
  7 -15.1074 4.5031 61.1235 -0.3226 0.2926 0.9002 0.4744 0.7327
  7 -14.6069 7.1729 60.5978 -0.2628 0.4223 0.8675 0.4783 0.7584
charger_material_0.bmp
  7 -16.2873 7.1011 60.0507 -0.3051 0.4421 0.8435 0.4606 0.7584
  7 -16.7822 4.5055 60.4894 -0.2813 0.2097 0.9364 0.4547 0.7307
  7 -15.1074 4.5031 61.1235 -0.3226 0.2926 0.9002 0.4744 0.7327
charger_material_0.bmp
  7 -16.2873 7.1011 60.0507 -0.3051 0.4421 0.8435 0.4606 0.7584
  7 -18.0138 6.8698 59.7013 -0.1757 0.4528 0.8741 0.4390 0.7545
  7 -16.7822 4.5055 60.4894 -0.2813 0.2097 0.9364 0.4547 0.7307
charger_material_0.bmp
  7 -16.2873 7.1011 60.0507 -0.3051 0.4421 0.8435 0.4606 0.7584
  7 -17.5380 8.6118 58.0389 -0.2447 0.8084 0.5354 0.4429 0.7822
  7 -18.0138 6.8698 59.7013 -0.1757 0.4528 0.8741 0.4390 0.7545
charger_material_0.bmp
  7 -16.2873 7.1011 60.0507 -0.3051 0.4421 0.8435 0.4606 0.7584
  7 -16.0472 8.8055 58.7410 -0.3405 0.6779 0.6516 0.4626 0.7822
  7 -17.5380 8.6118 58.0389 -0.2447 0.8084 0.5354 0.4429 0.7822
charger_material_0.bmp
  8 -27.2320 -3.2519 54.5137 0.3366 -0.8675 0.3663 0.3012 0.6436
  8 -24.8521 -1.9710 52.8027 0.3434 -0.9110 -0.2284 0.3327 0.6158
  8 -24.9040 -1.7544 55.2443 0.2755 -0.8829 0.3803 0.3366 0.6475
charger_material_0.bmp
  8 -24.9040 -1.7544 55.2443 0.2755 -0.8829 0.3803 0.3366 0.6475
  8 -24.8521 -1.9710 52.8027 0.3434 -0.9110 -0.2284 0.3327 0.6158
  8 -23.5341 -2.0219 53.0048 -0.0951 -0.9920 -0.0835 0.3524 0.6139
charger_material_0.bmp
  8 -24.8521 -1.9710 52.8027 0.3434 -0.9110 -0.2284 0.3327 0.6158
  8 -23.3853 -0.9385 51.0899 0.0216 -0.7597 -0.6499 0.3504 0.5861
  8 -23.5341 -2.0219 53.0048 -0.0951 -0.9920 -0.0835 0.3524 0.6139
charger_material_0.bmp
  8 -23.5341 -2.0219 53.0048 -0.0951 -0.9920 -0.0835 0.3524 0.6139
  8 -23.3853 -0.9385 51.0899 0.0216 -0.7597 -0.6499 0.3504 0.5861
  7 -20.6950 -2.0464 51.9133 -0.0465 -0.8022 -0.5952 0.3858 0.5941
charger_material_0.bmp
  8 -23.3853 -0.9385 51.0899 0.0216 -0.7597 -0.6499 0.3504 0.5861
  7 -20.5644 -0.8354 50.8656 0.0514 -0.4886 -0.8710 0.3839 0.5762
  7 -20.6950 -2.0464 51.9133 -0.0465 -0.8022 -0.5952 0.3858 0.5941
charger_material_0.bmp
  7 -20.6950 -2.0464 51.9133 -0.0465 -0.8022 -0.5952 0.3858 0.5941
  7 -20.5644 -0.8354 50.8656 0.0514 -0.4886 -0.8710 0.3839 0.5762
  7 -18.2947 -0.9677 51.1216 0.1590 -0.4459 -0.8809 0.4134 0.5683
charger_material_0.bmp
  1 -5.0600 -4.8738 43.6313 -0.4168 -0.8706 -0.2615 0.5433 0.4436
  2 -3.0099 -5.7317 45.0500 -0.1586 -0.9872 0.0173 0.5709 0.4515
  2 -5.5099 -5.2318 45.2505 -0.3878 -0.9217 0.0048 0.5453 0.4653
charger_material_0.bmp
  2 -5.5099 -5.2318 45.2505 -0.3878 -0.9217 0.0048 0.5453 0.4653
  2 -3.0099 -5.7317 45.0500 -0.1586 -0.9872 0.0173 0.5709 0.4515
  2 -3.4599 -5.5424 45.9902 -0.1739 -0.9792 0.1047 0.5709 0.4653
charger_material_0.bmp
  2 -3.0099 -5.7317 45.0500 -0.1586 -0.9872 0.0173 0.5709 0.4515
  2 -1.7199 -5.6525 46.0200 -0.1120 -0.9920 0.0580 0.5886 0.4535
  2 -3.4599 -5.5424 45.9902 -0.1739 -0.9792 0.1047 0.5709 0.4653
charger_material_0.bmp
  2 -3.4599 -5.5424 45.9902 -0.1739 -0.9792 0.1047 0.5709 0.4653
  2 -1.7199 -5.6525 46.0200 -0.1120 -0.9920 0.0580 0.5886 0.4535
  2 -1.9698 -5.6233 47.0800 -0.1293 -0.9914 -0.0199 0.5925 0.4693
charger_material_0.bmp
  2 -1.7199 -5.6525 46.0200 -0.1120 -0.9920 0.0580 0.5886 0.4535
  2 -0.9798 -5.8542 48.1198 -0.1788 -0.9829 -0.0440 0.6083 0.4752
  2 -1.9698 -5.6233 47.0800 -0.1293 -0.9914 -0.0199 0.5925 0.4693
charger_material_0.bmp
  2 -1.9698 -5.6233 47.0800 -0.1293 -0.9914 -0.0199 0.5925 0.4693
  2 -0.9798 -5.8542 48.1198 -0.1788 -0.9829 -0.0440 0.6083 0.4752
  2 -2.1597 -5.7147 48.8300 -0.1654 -0.9750 -0.1482 0.6004 0.4911
charger_material_0.bmp
  1 -5.0600 -4.8738 43.6313 -0.0125 0.7722 0.6353 0.6752 0.9188
  2 -4.5798 -7.0626 46.1490 -0.2217 0.5196 0.8252 0.6673 0.9505
  2 -3.0099 -5.7317 45.0500 -0.2879 0.7184 0.6333 0.6535 0.9327
charger_material_0.bmp
  2 -3.0099 -5.7317 45.0500 -0.2879 0.7184 0.6333 0.6535 0.9327
  2 -4.5798 -7.0626 46.1490 -0.2217 0.5196 0.8252 0.6673 0.9505
  2 -2.5798 -7.1332 46.9189 -0.4100 0.5708 0.7114 0.6457 0.9545
charger_material_0.bmp
  2 -4.5798 -7.0626 46.1490 -0.2217 0.5196 0.8252 0.6673 0.9505
  2 -4.5998 -8.5929 46.6078 -0.5666 -0.0864 0.8195 0.6673 0.9703
  2 -2.5798 -7.1332 46.9189 -0.4100 0.5708 0.7114 0.6457 0.9545
charger_material_0.bmp
  2 -2.5798 -7.1332 46.9189 -0.4100 0.5708 0.7114 0.6457 0.9545
  2 -4.5998 -8.5929 46.6078 -0.5666 -0.0864 0.8195 0.6673 0.9703
  2 -2.7998 -8.8142 48.1175 -0.6576 0.0649 0.7506 0.6437 0.9762
charger_material_0.bmp
  2 -4.5998 -8.5929 46.6078 -0.5666 -0.0864 0.8195 0.6673 0.9703
  2 -4.0199 -10.8122 45.6660 -0.7327 -0.3588 0.5783 0.6693 0.9960
  2 -2.7998 -8.8142 48.1175 -0.6576 0.0649 0.7506 0.6437 0.9762
charger_material_0.bmp
  2 -2.7998 -8.8142 48.1175 -0.6576 0.0649 0.7506 0.6437 0.9762
  2 -4.0199 -10.8122 45.6660 -0.7327 -0.3588 0.5783 0.6693 0.9960
  2 -2.3598 -10.8841 48.0158 -0.6998 -0.1832 0.6905 0.6417 0.9980
charger_material_0.bmp
  1 -7.3800 6.6562 41.5013 -0.6209 0.6011 0.5031 0.4823 0.2040
  1 -6.1700 7.5562 41.7313 -0.4910 0.7215 0.4881 0.4685 0.2059
  1 -5.7200 7.2062 39.6113 -0.3921 0.9185 -0.0520 0.4646 0.1762
charger_material_0.bmp
  1 -5.7200 7.2062 39.6113 -0.3921 0.9185 -0.0520 0.4646 0.1762
  1 -6.1700 7.5562 41.7313 -0.4910 0.7215 0.4881 0.4685 0.2059
  1 -4.0900 7.5862 39.9113 -0.0948 0.9901 -0.1033 0.4469 0.1782
charger_material_0.bmp
  1 -6.1700 7.5562 41.7313 -0.4910 0.7215 0.4881 0.4685 0.2059
  1 -4.9600 8.0362 42.1813 -0.4211 0.8067 0.4147 0.4567 0.2079
  1 -4.0900 7.5862 39.9113 -0.0948 0.9901 -0.1033 0.4469 0.1782
charger_material_0.bmp
  1 -4.0900 7.5862 39.9113 -0.0948 0.9901 -0.1033 0.4469 0.1782
  1 -4.9600 8.0362 42.1813 -0.4211 0.8067 0.4147 0.4567 0.2079
  1 -3.5100 7.8162 41.6313 0.0424 0.9426 -0.3311 0.4409 0.1980
charger_material_0.bmp
  1 -4.9600 8.0362 42.1813 -0.4211 0.8067 0.4147 0.4567 0.2079
  1 -4.1000 8.2962 42.6813 -0.5291 0.7258 0.4395 0.4488 0.2119
  1 -3.5100 7.8162 41.6313 0.0424 0.9426 -0.3311 0.4409 0.1980
charger_material_0.bmp
  1 -3.5100 7.8162 41.6313 0.0424 0.9426 -0.3311 0.4409 0.1980
  1 -4.1000 8.2962 42.6813 -0.5291 0.7258 0.4395 0.4488 0.2119
  1 -3.0900 8.6662 43.3613 -0.5381 0.8396 -0.0739 0.4390 0.2198
charger_material_0.bmp
  9 -8.0021 5.0840 33.1963 -0.8545 0.5110 0.0934 0.8366 0.9941
  9 -8.8928 2.8359 33.3420 -0.9704 0.1985 0.1378 0.8563 0.9921
  9 -7.9708 5.0224 34.4076 -0.8950 0.4381 0.0839 0.8386 1.0000
charger_material_0.bmp
  9 -8.0021 5.0840 33.1963 -0.8545 0.5110 0.0934 0.8366 0.9941
  9 -9.3152 2.9861 31.2630 -0.9574 0.2744 0.0895 0.8543 0.9802
  9 -8.8928 2.8359 33.3420 -0.9704 0.1985 0.1378 0.8563 0.9921
charger_material_0.bmp
  9 -8.0021 5.0840 33.1963 -0.8545 0.5110 0.0934 0.8366 0.9941
  9 -8.2182 5.0140 31.7308 -0.8226 0.5651 0.0633 0.8366 0.9822
  9 -9.3152 2.9861 31.2630 -0.9574 0.2744 0.0895 0.8543 0.9802
charger_material_0.bmp
  9 -8.0021 5.0840 33.1963 -0.8545 0.5110 0.0934 0.8366 0.9941
  9 -6.3917 7.1208 32.1547 -0.5585 0.8289 -0.0316 0.8150 0.9921
  9 -8.2182 5.0140 31.7308 -0.8226 0.5651 0.0633 0.8366 0.9822
charger_material_0.bmp
  9 -8.0021 5.0840 33.1963 -0.8545 0.5110 0.0934 0.8366 0.9941
  9 -6.2178 7.3199 33.4826 -0.6569 0.7529 -0.0400 0.8169 1.0000
  9 -6.3917 7.1208 32.1547 -0.5585 0.8289 -0.0316 0.8150 0.9921
charger_material_0.bmp
  9 -8.0021 5.0840 33.1963 -0.8545 0.5110 0.0934 0.8366 0.9941
  9 -7.9708 5.0224 34.4076 -0.8950 0.4381 0.0839 0.8386 1.0000
  9 -6.2178 7.3199 33.4826 -0.6569 0.7529 -0.0400 0.8169 1.0000
charger_material_0.bmp
  4 -1.6900 -5.0366 60.9535 -0.4416 -0.7648 0.4692 0.8563 0.5347
  4 -1.9100 -4.8283 61.1376 -0.1395 -0.9672 0.2122 0.8504 0.5386
  4 -1.8800 -4.9847 60.8519 -0.2308 -0.8831 0.4085 0.8543 0.5327
charger_material_0.bmp
  4 -1.8800 -4.9847 60.8519 -0.2308 -0.8831 0.4085 0.8543 0.5327
  4 -1.9100 -4.8283 61.1376 -0.1395 -0.9672 0.2122 0.8504 0.5386
  4 -2.1100 -4.8419 61.1199 -0.0954 -0.9749 0.2012 0.8484 0.5366
charger_material_0.bmp
  4 -1.9100 -4.8283 61.1376 -0.1395 -0.9672 0.2122 0.8504 0.5386
  4 -1.8700 -4.8758 61.4216 -0.0672 -0.9853 -0.1569 0.8504 0.5426
  4 -2.1100 -4.8419 61.1199 -0.0954 -0.9749 0.2012 0.8484 0.5366
charger_material_0.bmp
  4 -2.1100 -4.8419 61.1199 -0.0954 -0.9749 0.2012 0.8484 0.5366
  4 -1.8700 -4.8758 61.4216 -0.0672 -0.9853 -0.1569 0.8504 0.5426
  4 -2.0800 -4.8079 61.5105 -0.2358 -0.9661 -0.1054 0.8465 0.5426
charger_material_0.bmp
  4 -1.8700 -4.8758 61.4216 -0.0672 -0.9853 -0.1569 0.8504 0.5426
  4 -1.8400 -4.9795 61.6247 -0.4207 -0.7454 -0.5170 0.8504 0.5465
  4 -2.0800 -4.8079 61.5105 -0.2358 -0.9661 -0.1054 0.8465 0.5426
charger_material_0.bmp
  4 -2.0800 -4.8079 61.5105 -0.2358 -0.9661 -0.1054 0.8465 0.5426
  4 -1.8400 -4.9795 61.6247 -0.4207 -0.7454 -0.5170 0.8504 0.5465
  4 -2.0500 -4.8943 61.7510 -0.3110 -0.8848 -0.3469 0.8465 0.5465
charger_material_0.bmp
  4 -2.6300 -4.2817 60.7481 -0.8776 -0.1373 -0.4593 0.8386 0.5287
  4 -2.8200 -3.9905 61.0997 -0.9471 -0.0256 -0.3199 0.8307 0.5347
  4 -2.6100 -4.0792 60.6890 -0.8536 -0.0285 -0.5201 0.8346 0.5267
charger_material_0.bmp
  4 -2.6300 -4.2817 60.7481 -0.8776 -0.1373 -0.4593 0.8386 0.5287
  4 -2.7800 -4.2566 61.2523 -0.9364 -0.2784 -0.2137 0.8327 0.5366
  4 -2.8200 -3.9905 61.0997 -0.9471 -0.0256 -0.3199 0.8307 0.5347
charger_material_0.bmp
  4 -2.6300 -4.2817 60.7481 -0.8776 -0.1373 -0.4593 0.8386 0.5287
  4 -2.6000 -4.5104 60.8834 -0.8396 -0.4977 -0.2174 0.8406 0.5327
  4 -2.7800 -4.2566 61.2523 -0.9364 -0.2784 -0.2137 0.8327 0.5366
charger_material_0.bmp
  4 -2.6300 -4.2817 60.7481 -0.8776 -0.1373 -0.4593 0.8386 0.5287
  4 -2.3300 -4.6099 60.3629 -0.7550 -0.1688 -0.6337 0.8465 0.5228
  4 -2.6000 -4.5104 60.8834 -0.8396 -0.4977 -0.2174 0.8406 0.5327
charger_material_0.bmp
  4 -2.6300 -4.2817 60.7481 -0.8776 -0.1373 -0.4593 0.8386 0.5287
  4 -2.2500 -4.3643 60.3159 -0.7353 -0.1483 -0.6613 0.8445 0.5208
  4 -2.3300 -4.6099 60.3629 -0.7550 -0.1688 -0.6337 0.8465 0.5228
charger_material_0.bmp
  4 -2.6300 -4.2817 60.7481 -0.8776 -0.1373 -0.4593 0.8386 0.5287
  4 -2.6100 -4.0792 60.6890 -0.8536 -0.0285 -0.5201 0.8346 0.5267
  4 -2.2500 -4.3643 60.3159 -0.7353 -0.1483 -0.6613 0.8445 0.5208
charger_material_0.bmp
  4 -3.2500 -3.5592 63.1960 -0.8538 -0.1536 -0.4973 0.8071 0.5762
  4 -3.0800 -4.0898 63.0836 -0.8837 0.0300 -0.4672 0.8169 0.5703
  4 -3.3300 -4.1891 63.4691 -0.8491 -0.0643 -0.5243 0.8189 0.5802
charger_material_0.bmp
  4 -3.2500 -3.5592 63.1960 -0.8538 -0.1536 -0.4973 0.8071 0.5762
  4 -2.8800 -3.8987 62.7518 -0.9627 0.0018 -0.2705 0.8150 0.5624
  4 -3.0800 -4.0898 63.0836 -0.8837 0.0300 -0.4672 0.8169 0.5703
charger_material_0.bmp
  4 -3.2500 -3.5592 63.1960 -0.8538 -0.1536 -0.4973 0.8071 0.5762
  4 -3.1100 -3.3639 62.8328 -0.8776 -0.1373 -0.4593 0.8031 0.5703
  4 -2.8800 -3.8987 62.7518 -0.9627 0.0018 -0.2705 0.8150 0.5624
charger_material_0.bmp
  4 -3.2500 -3.5592 63.1960 -0.8538 -0.1536 -0.4973 0.8071 0.5762
  4 -3.4600 -2.8574 63.4589 -0.9154 0.0228 -0.4019 0.7972 0.5861
  4 -3.1100 -3.3639 62.8328 -0.8776 -0.1373 -0.4593 0.8031 0.5703
charger_material_0.bmp
  4 -3.2500 -3.5592 63.1960 -0.8538 -0.1536 -0.4973 0.8071 0.5762
  4 -3.5000 -3.6572 63.6423 -0.9045 -0.0675 -0.4211 0.8110 0.5842
  4 -3.4600 -2.8574 63.4589 -0.9154 0.0228 -0.4019 0.7972 0.5861
charger_material_0.bmp
  4 -3.2500 -3.5592 63.1960 -0.8538 -0.1536 -0.4973 0.8071 0.5762
  4 -3.3300 -4.1891 63.4691 -0.8491 -0.0643 -0.5243 0.8189 0.5802
  4 -3.5000 -3.6572 63.6423 -0.9045 -0.0675 -0.4211 0.8110 0.5842
charger_material_0.bmp
  4 -1.6600 -6.1982 62.1733 -0.5204 -0.7481 -0.4118 0.8602 0.5604
  4 -1.4100 -6.2752 62.4629 -0.2358 -0.9661 -0.1054 0.8642 0.5663
  4 -1.7500 -6.1765 62.3931 -0.3849 -0.9092 -0.1587 0.8583 0.5644
charger_material_0.bmp
  4 -1.7500 -6.1765 62.3931 -0.3849 -0.9092 -0.1587 0.8583 0.5644
  4 -1.4100 -6.2752 62.4629 -0.2358 -0.9661 -0.1054 0.8642 0.5663
  4 -1.7600 -6.1913 62.7421 -0.3189 -0.9377 0.1381 0.8583 0.5683
charger_material_0.bmp
  4 -1.4100 -6.2752 62.4629 -0.2358 -0.9661 -0.1054 0.8642 0.5663
  4 -1.4900 -6.3110 62.7548 -0.4897 -0.8241 0.2847 0.8622 0.5683
  4 -1.7600 -6.1913 62.7421 -0.3189 -0.9377 0.1381 0.8583 0.5683
charger_material_0.bmp
  4 -1.7600 -6.1913 62.7421 -0.3189 -0.9377 0.1381 0.8583 0.5683
  4 -1.4900 -6.3110 62.7548 -0.4897 -0.8241 0.2847 0.8622 0.5683
  4 -1.5900 -6.1378 62.9152 -0.3369 -0.7938 0.5064 0.8602 0.5703
charger_material_0.bmp
  4 -1.4900 -6.3110 62.7548 -0.4897 -0.8241 0.2847 0.8622 0.5683
  4 -1.2700 -6.3487 63.0369 -0.5819 -0.6497 0.4892 0.8661 0.5723
  4 -1.5900 -6.1378 62.9152 -0.3369 -0.7938 0.5064 0.8602 0.5703
charger_material_0.bmp
  4 -1.5900 -6.1378 62.9152 -0.3369 -0.7938 0.5064 0.8602 0.5703
  4 -1.2700 -6.3487 63.0369 -0.5819 -0.6497 0.4892 0.8661 0.5723
  4 -1.4100 -6.1143 63.1448 -0.4615 -0.8079 0.3664 0.8622 0.5743
charger_material_0.bmp
  4 -2.0000 -6.0072 62.3201 -0.4844 -0.5864 -0.6492 0.8543 0.5624
  4 -1.8600 -5.7491 62.1791 -0.5789 -0.1202 -0.8065 0.8543 0.5584
  4 -1.6800 -5.9854 62.0614 -0.6820 -0.2509 -0.6870 0.8583 0.5584
charger_material_0.bmp
  4 -1.6800 -5.9854 62.0614 -0.6820 -0.2509 -0.6870 0.8583 0.5584
  4 -1.8600 -5.7491 62.1791 -0.5789 -0.1202 -0.8065 0.8543 0.5584
  4 -1.6900 -5.6235 61.9311 -0.7914 -0.2598 -0.5533 0.8563 0.5545
charger_material_0.bmp
  4 -1.8600 -5.7491 62.1791 -0.5789 -0.1202 -0.8065 0.8543 0.5584
  4 -1.8500 -5.3086 62.0338 -0.7863 -0.3081 -0.5356 0.8504 0.5545
  4 -1.6900 -5.6235 61.9311 -0.7914 -0.2598 -0.5533 0.8563 0.5545
charger_material_0.bmp
  4 -1.6900 -5.6235 61.9311 -0.7914 -0.2598 -0.5533 0.8563 0.5545
  4 -1.8500 -5.3086 62.0338 -0.7863 -0.3081 -0.5356 0.8504 0.5545
  4 -1.7500 -5.3227 61.8532 -0.8192 -0.3633 -0.4437 0.8524 0.5525
charger_material_0.bmp
  4 -1.8500 -5.3086 62.0338 -0.7863 -0.3081 -0.5356 0.8504 0.5545
  4 -1.9200 -5.0724 61.9377 -0.7039 -0.5428 -0.4581 0.8484 0.5505
  4 -1.7500 -5.3227 61.8532 -0.8192 -0.3633 -0.4437 0.8524 0.5525
charger_material_0.bmp
  4 -1.7500 -5.3227 61.8532 -0.8192 -0.3633 -0.4437 0.8524 0.5525
  4 -1.9200 -5.0724 61.9377 -0.7039 -0.5428 -0.4581 0.8484 0.5505
  4 -1.7900 -5.1118 61.7315 -0.7039 -0.5428 -0.4581 0.8504 0.5485
charger_material_0.bmp
  4 -1.5200 -5.5751 61.5451 -0.6820 -0.2509 -0.6870 0.8583 0.5505
  4 -1.3500 -5.8642 61.4171 -0.6613 -0.1237 -0.7399 0.8642 0.5505
  4 -1.3900 -5.8505 61.6487 -0.8227 -0.4316 -0.3700 0.8622 0.5525
charger_material_0.bmp
  4 -1.5200 -5.5751 61.5451 -0.6820 -0.2509 -0.6870 0.8583 0.5505
  4 -1.4100 -5.5592 61.5217 0.1552 0.1926 -0.9689 0.8602 0.5485
  4 -1.3500 -5.8642 61.4171 -0.6613 -0.1237 -0.7399 0.8642 0.5505
charger_material_0.bmp
  4 -1.5200 -5.5751 61.5451 -0.6820 -0.2509 -0.6870 0.8583 0.5505
  4 -1.5400 -5.2790 61.5496 0.0324 0.1018 -0.9943 0.8563 0.5485
  4 -1.4100 -5.5592 61.5217 0.1552 0.1926 -0.9689 0.8602 0.5485
charger_material_0.bmp
  4 -1.5200 -5.5751 61.5451 -0.6820 -0.2509 -0.6870 0.8583 0.5505
  4 -1.6500 -5.2560 61.6165 -0.7251 -0.2406 -0.6453 0.8543 0.5485
  4 -1.5400 -5.2790 61.5496 0.0324 0.1018 -0.9943 0.8563 0.5485
charger_material_0.bmp
  4 -1.5200 -5.5751 61.5451 -0.6820 -0.2509 -0.6870 0.8583 0.5505
  4 -1.5800 -5.6063 61.7547 -0.8192 -0.3633 -0.4437 0.8583 0.5525
  4 -1.6500 -5.2560 61.6165 -0.7251 -0.2406 -0.6453 0.8543 0.5485
charger_material_0.bmp
  4 -1.5200 -5.5751 61.5451 -0.6820 -0.2509 -0.6870 0.8583 0.5505
  4 -1.3900 -5.8505 61.6487 -0.8227 -0.4316 -0.3700 0.8622 0.5525
  4 -1.5800 -5.6063 61.7547 -0.8192 -0.3633 -0.4437 0.8583 0.5525
charger_material_0.bmp
  8 -45.5251 -0.3323 44.9543 0.7371 -0.2564 -0.6253 0.0335 0.7842
  8 -46.0733 -0.2782 44.3710 0.5026 -0.2003 -0.8410 0.0276 0.7802
  8 -46.1070 0.7689 44.5675 0.5479 0.4214 -0.7227 0.0354 0.7743
charger_material_0.bmp
  8 -45.5251 -0.3323 44.9543 0.7371 -0.2564 -0.6253 0.0335 0.7842
  8 -46.4380 -0.8041 44.6673 0.4433 -0.6317 -0.6360 0.0236 0.7842
  8 -46.0733 -0.2782 44.3710 0.5026 -0.2003 -0.8410 0.0276 0.7802
charger_material_0.bmp
  8 -45.5251 -0.3323 44.9543 0.7371 -0.2564 -0.6253 0.0335 0.7842
  8 -45.9151 -0.9768 45.2506 0.5479 -0.4802 -0.6850 0.0276 0.7901
  8 -46.4380 -0.8041 44.6673 0.4433 -0.6317 -0.6360 0.0236 0.7842
charger_material_0.bmp
  8 -45.5251 -0.3323 44.9543 0.7371 -0.2564 -0.6253 0.0335 0.7842
  8 -45.2441 -0.4363 45.4672 0.5501 -0.0976 -0.8294 0.0354 0.7901
  8 -45.9151 -0.9768 45.2506 0.5479 -0.4802 -0.6850 0.0276 0.7901
charger_material_0.bmp
  8 -45.5251 -0.3323 44.9543 0.7371 -0.2564 -0.6253 0.0335 0.7842
  8 -45.5423 0.7181 45.2251 0.7316 0.4687 -0.4950 0.0413 0.7802
  8 -45.2441 -0.4363 45.4672 0.5501 -0.0976 -0.8294 0.0354 0.7901
charger_material_0.bmp
  8 -45.5251 -0.3323 44.9543 0.7371 -0.2564 -0.6253 0.0335 0.7842
  8 -46.1070 0.7689 44.5675 0.5479 0.4214 -0.7227 0.0354 0.7743
  8 -45.5423 0.7181 45.2251 0.7316 0.4687 -0.4950 0.0413 0.7802
charger_material_0.bmp
  8 -44.2760 1.4601 46.1879 -0.6709 0.2792 -0.6870 0.0551 0.7941
  8 -44.3912 0.9424 46.0918 -0.2431 0.5938 -0.7671 0.0512 0.7921
  8 -44.9511 1.1389 46.7234 -0.4852 0.7238 -0.4906 0.0591 0.7842
charger_material_0.bmp
  8 -44.9511 1.1389 46.7234 -0.4852 0.7238 -0.4906 0.0591 0.7842
  8 -44.3912 0.9424 46.0918 -0.2431 0.5938 -0.7671 0.0512 0.7921
  8 -45.1690 0.7672 45.8939 0.3854 0.6863 -0.6169 0.0472 0.7842
charger_material_0.bmp
  8 -44.3912 0.9424 46.0918 -0.2431 0.5938 -0.7671 0.0512 0.7921
  8 -44.4755 -0.7230 45.4381 0.0368 0.1426 -0.9891 0.0374 0.7980
  8 -45.1690 0.7672 45.8939 0.3854 0.6863 -0.6169 0.0472 0.7842
charger_material_0.bmp
  8 -45.1690 0.7672 45.8939 0.3854 0.6863 -0.6169 0.0472 0.7842
  8 -44.4755 -0.7230 45.4381 0.0368 0.1426 -0.9891 0.0374 0.7980
  8 -45.2441 -0.4363 45.4672 0.5501 -0.0976 -0.8294 0.0354 0.7901
charger_material_0.bmp
  8 -44.4755 -0.7230 45.4381 0.0368 0.1426 -0.9891 0.0374 0.7980
  8 -45.1929 -0.9179 45.6059 0.1593 -0.2527 -0.9543 0.0335 0.7941
  8 -45.2441 -0.4363 45.4672 0.5501 -0.0976 -0.8294 0.0354 0.7901
charger_material_0.bmp
  8 -45.2441 -0.4363 45.4672 0.5501 -0.0976 -0.8294 0.0354 0.7901
  8 -45.1929 -0.9179 45.6059 0.1593 -0.2527 -0.9543 0.0335 0.7941
  8 -45.9151 -0.9768 45.2506 0.5479 -0.4802 -0.6850 0.0276 0.7901
charger_material_0.bmp
  8 -47.0884 -0.8161 45.7507 -0.5229 -0.8512 -0.0445 0.0374 0.7366
  8 -46.9562 -0.8942 46.5231 -0.4974 -0.8675 -0.0075 0.0453 0.7327
  8 -47.7126 -0.4920 46.5701 -0.8499 -0.5269 0.0085 0.0472 0.7426
charger_material_0.bmp
  8 -47.7126 -0.4920 46.5701 -0.8499 -0.5269 0.0085 0.0472 0.7426
  8 -46.9562 -0.8942 46.5231 -0.4974 -0.8675 -0.0075 0.0453 0.7327
  8 -47.3381 -0.6076 47.3737 -0.7997 -0.4979 0.3356 0.0571 0.7366
charger_material_0.bmp
  8 -46.9562 -0.8942 46.5231 -0.4974 -0.8675 -0.0075 0.0453 0.7327
  8 -46.7097 -1.1216 47.4205 -0.9758 -0.1313 0.1748 0.0571 0.7267
  8 -47.3381 -0.6076 47.3737 -0.7997 -0.4979 0.3356 0.0571 0.7366
charger_material_0.bmp
  8 -47.3381 -0.6076 47.3737 -0.7997 -0.4979 0.3356 0.0571 0.7366
  8 -46.7097 -1.1216 47.4205 -0.9758 -0.1313 0.1748 0.0571 0.7267
  8 -46.7353 -0.8556 48.1201 -0.9328 -0.1959 0.3026 0.0669 0.7307
charger_material_0.bmp
  8 -46.7097 -1.1216 47.4205 -0.9758 -0.1313 0.1748 0.0571 0.7267
  8 -46.7015 -1.6151 47.8560 -0.9736 -0.0626 0.2194 0.0630 0.7188
  8 -46.7353 -0.8556 48.1201 -0.9328 -0.1959 0.3026 0.0669 0.7307
charger_material_0.bmp
  8 -46.7353 -0.8556 48.1201 -0.9328 -0.1959 0.3026 0.0669 0.7307
  8 -46.7015 -1.6151 47.8560 -0.9736 -0.0626 0.2194 0.0630 0.7188
  8 -46.5758 -1.0728 49.1348 -0.9317 -0.0353 0.3616 0.0807 0.7267
charger_material_0.bmp
  8 -47.7126 -0.4920 46.5701 -0.8499 -0.5269 0.0085 0.0472 0.7426
  8 -47.3381 -0.6076 47.3737 -0.7997 -0.4979 0.3356 0.0571 0.7366
  8 -47.7567 0.4199 46.7074 -0.9219 0.2930 0.2536 0.0512 0.7505
charger_material_0.bmp
  8 -47.7567 0.4199 46.7074 -0.9219 0.2930 0.2536 0.0512 0.7505
  8 -47.3381 -0.6076 47.3737 -0.7997 -0.4979 0.3356 0.0571 0.7366
  8 -47.3267 0.3987 47.5458 -0.8262 0.3161 0.4664 0.0610 0.7485
charger_material_0.bmp
  8 -47.3381 -0.6076 47.3737 -0.7997 -0.4979 0.3356 0.0571 0.7366
  8 -46.7353 -0.8556 48.1201 -0.9328 -0.1959 0.3026 0.0669 0.7307
  8 -47.3267 0.3987 47.5458 -0.8262 0.3161 0.4664 0.0610 0.7485
charger_material_0.bmp
  8 -47.3267 0.3987 47.5458 -0.8262 0.3161 0.4664 0.0610 0.7485
  8 -46.7353 -0.8556 48.1201 -0.9328 -0.1959 0.3026 0.0669 0.7307
  8 -46.6555 0.3798 48.5391 -0.8256 0.3989 0.3990 0.0748 0.7485
charger_material_0.bmp
  8 -46.7353 -0.8556 48.1201 -0.9328 -0.1959 0.3026 0.0669 0.7307
  8 -46.5758 -1.0728 49.1348 -0.9317 -0.0353 0.3616 0.0807 0.7267
  8 -46.6555 0.3798 48.5391 -0.8256 0.3989 0.3990 0.0748 0.7485
charger_material_0.bmp
  8 -46.6555 0.3798 48.5391 -0.8256 0.3989 0.3990 0.0748 0.7485
  8 -46.5758 -1.0728 49.1348 -0.9317 -0.0353 0.3616 0.0807 0.7267
  8 -46.3496 0.4543 49.2582 -0.8256 0.3989 0.3990 0.0846 0.7485
charger_material_0.bmp
  8 -45.5539 -4.1350 43.8017 0.2141 0.4691 -0.8568 0.0571 0.6020
  8 -45.9940 -3.6428 44.1636 0.0841 0.6742 -0.7337 0.0551 0.5941
  8 -45.1012 -3.4147 44.9031 0.3383 0.8092 -0.4803 0.0650 0.5901
charger_material_0.bmp
  8 -45.5539 -4.1350 43.8017 0.2141 0.4691 -0.8568 0.0571 0.6020
  8 -46.1445 -4.2069 43.7031 -0.2030 0.3584 -0.9112 0.0531 0.6020
  8 -45.9940 -3.6428 44.1636 0.0841 0.6742 -0.7337 0.0551 0.5941
charger_material_0.bmp
  8 -45.5539 -4.1350 43.8017 0.2141 0.4691 -0.8568 0.0571 0.6020
  8 -45.9486 -4.8181 43.6173 -0.1046 -0.1212 -0.9871 0.0551 0.6079
  8 -46.1445 -4.2069 43.7031 -0.2030 0.3584 -0.9112 0.0531 0.6020
charger_material_0.bmp
  8 -45.5539 -4.1350 43.8017 0.2141 0.4691 -0.8568 0.0571 0.6020
  8 -45.3230 -4.8001 43.7603 0.4001 -0.1432 -0.9052 0.0591 0.6079
  8 -45.9486 -4.8181 43.6173 -0.1046 -0.1212 -0.9871 0.0551 0.6079
charger_material_0.bmp
  8 -45.5539 -4.1350 43.8017 0.2141 0.4691 -0.8568 0.0571 0.6020
  8 -44.5545 -3.8605 44.3082 0.4994 0.4910 -0.7139 0.0669 0.5980
  8 -45.3230 -4.8001 43.7603 0.4001 -0.1432 -0.9052 0.0591 0.6079
charger_material_0.bmp
  8 -45.5539 -4.1350 43.8017 0.2141 0.4691 -0.8568 0.0571 0.6020
  8 -45.1012 -3.4147 44.9031 0.3383 0.8092 -0.4803 0.0650 0.5901
  8 -44.5545 -3.8605 44.3082 0.4994 0.4910 -0.7139 0.0669 0.5980
charger_material_0.bmp
  8 -41.9378 -1.9195 45.2436 0.0838 0.1992 -0.9764 0.1122 0.9386
  8 -40.0992 -1.3826 45.7395 0.0585 0.3294 -0.9424 0.1398 0.9366
  8 -41.5256 -3.3437 45.2594 -0.0193 0.0298 -0.9994 0.1122 0.9624
charger_material_0.bmp
  8 -41.9378 -1.9195 45.2436 0.0838 0.1992 -0.9764 0.1122 0.9386
  8 -42.2664 -0.0410 46.0069 0.0733 0.2935 -0.9531 0.1142 0.9089
  8 -40.0992 -1.3826 45.7395 0.0585 0.3294 -0.9424 0.1398 0.9366
charger_material_0.bmp
  8 -41.9378 -1.9195 45.2436 0.0838 0.1992 -0.9764 0.1122 0.9386
  8 -44.4755 -0.7230 45.4381 0.0733 0.2935 -0.9531 0.0807 0.9129
  8 -42.2664 -0.0410 46.0069 0.0733 0.2935 -0.9531 0.1142 0.9089
charger_material_0.bmp
  8 -41.9378 -1.9195 45.2436 0.0838 0.1992 -0.9764 0.1122 0.9386
  8 -44.3753 -2.7502 45.2880 -0.0671 0.1473 -0.9868 0.0748 0.9426
  8 -44.4755 -0.7230 45.4381 0.0733 0.2935 -0.9531 0.0807 0.9129
charger_material_0.bmp
  8 -41.9378 -1.9195 45.2436 0.0838 0.1992 -0.9764 0.1122 0.9386
  8 -43.6057 -3.8855 44.9439 0.0879 0.0009 -0.9961 0.0807 0.9624
  8 -44.3753 -2.7502 45.2880 -0.0671 0.1473 -0.9868 0.0748 0.9426
charger_material_0.bmp
  8 -41.9378 -1.9195 45.2436 0.0838 0.1992 -0.9764 0.1122 0.9386
  8 -41.5256 -3.3437 45.2594 -0.0193 0.0298 -0.9994 0.1122 0.9624
  8 -43.6057 -3.8855 44.9439 0.0879 0.0009 -0.9961 0.0807 0.9624
charger_material_0.bmp
  2 -10.3097 9.6149 49.3127 -0.4808 0.7342 -0.4794 0.4646 0.8772
  2 -8.6897 10.7151 49.0535 -0.3956 0.8671 -0.3027 0.4843 0.8911
  2 -9.7797 9.4359 48.0725 -0.6120 0.5568 -0.5617 0.4626 0.8970
charger_material_0.bmp
  2 -9.7797 9.4359 48.0725 -0.6120 0.5568 -0.5617 0.4626 0.8970
  2 -8.6897 10.7151 49.0535 -0.3956 0.8671 -0.3027 0.4843 0.8911
  2 -9.0398 9.2466 47.2324 -0.6161 0.6268 -0.4769 0.4646 0.9129
charger_material_0.bmp
  2 -8.6897 10.7151 49.0535 -0.3956 0.8671 -0.3027 0.4843 0.8911
  2 -7.9197 10.6459 48.1034 -0.2588 0.8660 -0.4279 0.4862 0.9069
  2 -9.0398 9.2466 47.2324 -0.6161 0.6268 -0.4769 0.4646 0.9129
charger_material_0.bmp
  2 -9.0398 9.2466 47.2324 -0.6161 0.6268 -0.4769 0.4646 0.9129
  2 -7.9197 10.6459 48.1034 -0.2588 0.8660 -0.4279 0.4862 0.9069
  2 -6.9298 10.0671 46.5429 -0.1650 0.8712 -0.4624 0.4862 0.9307
charger_material_0.bmp
  2 -7.9197 10.6459 48.1034 -0.2588 0.8660 -0.4279 0.4862 0.9069
  2 -5.2198 10.3666 47.1731 0.1247 0.9006 -0.4163 0.5059 0.9347
  2 -6.9298 10.0671 46.5429 -0.1650 0.8712 -0.4624 0.4862 0.9307
charger_material_0.bmp
  2 -6.9298 10.0671 46.5429 -0.1650 0.8712 -0.4624 0.4862 0.9307
  2 -5.2198 10.3666 47.1731 0.1247 0.9006 -0.4163 0.5059 0.9347
  2 -4.5099 9.1981 45.3521 0.1316 0.8730 -0.4696 0.5020 0.9584
charger_material_0.bmp
  2 -9.0398 9.2466 47.2324 -0.6161 0.6268 -0.4769 0.4646 0.9129
  2 -6.9298 10.0671 46.5429 -0.1650 0.8712 -0.4624 0.4862 0.9307
  2 -8.3398 9.2976 45.9524 -0.4882 0.7072 -0.5113 0.4665 0.9327
charger_material_0.bmp
  2 -8.3398 9.2976 45.9524 -0.4882 0.7072 -0.5113 0.4665 0.9327
  2 -6.9298 10.0671 46.5429 -0.1650 0.8712 -0.4624 0.4862 0.9307
  2 -6.0999 9.0785 44.8921 -0.0507 0.8416 -0.5377 0.4823 0.9545
charger_material_0.bmp
  2 -6.9298 10.0671 46.5429 -0.1650 0.8712 -0.4624 0.4862 0.9307
  2 -4.5099 9.1981 45.3521 0.1316 0.8730 -0.4696 0.5020 0.9584
  2 -6.0999 9.0785 44.8921 -0.0507 0.8416 -0.5377 0.4823 0.9545
charger_material_0.bmp
  2 -6.0999 9.0785 44.8921 -0.0507 0.8416 -0.5377 0.4823 0.9545
  2 -4.5099 9.1981 45.3521 0.1316 0.8730 -0.4696 0.5020 0.9584
  1 -4.1200 8.3162 43.9513 0.0905 0.8731 -0.4790 0.5000 0.9802
charger_material_0.bmp
  2 -4.5099 9.1981 45.3521 0.1316 0.8730 -0.4696 0.5020 0.9584
  1 -2.9900 8.3562 44.2713 0.1579 0.8716 -0.4641 0.5157 0.9822
  1 -4.1200 8.3162 43.9513 0.0905 0.8731 -0.4790 0.5000 0.9802
charger_material_0.bmp
  1 -4.1200 8.3162 43.9513 0.0905 0.8731 -0.4790 0.5000 0.9802
  1 -2.9900 8.3562 44.2713 0.1579 0.8716 -0.4641 0.5157 0.9822
  1 -3.1200 7.9862 43.5213 0.0905 0.8731 -0.4790 0.5138 0.9921
charger_material_0.bmp
  4 -1.0500 -6.3259 62.1977 0.0151 -0.9999 0.0007 0.8701 0.5624
  4 -0.6900 -6.1371 61.9071 0.5795 -0.7875 0.2101 0.8760 0.5584
  4 -0.6800 -5.9119 62.1797 0.6402 -0.6573 0.3976 0.8780 0.5624
charger_material_0.bmp
  4 -1.0500 -6.3259 62.1977 0.0151 -0.9999 0.0007 0.8701 0.5624
  4 -0.9700 -6.3055 61.8782 0.0982 -0.9901 -0.1004 0.8720 0.5584
  4 -0.6900 -6.1371 61.9071 0.5795 -0.7875 0.2101 0.8760 0.5584
charger_material_0.bmp
  4 -1.0500 -6.3259 62.1977 0.0151 -0.9999 0.0007 0.8701 0.5624
  4 -1.1700 -6.3021 62.1626 -0.1708 -0.9698 -0.1741 0.8681 0.5604
  4 -0.9700 -6.3055 61.8782 0.0982 -0.9901 -0.1004 0.8720 0.5584
charger_material_0.bmp
  4 -1.0500 -6.3259 62.1977 0.0151 -0.9999 0.0007 0.8701 0.5624
  4 -1.1900 -6.3711 62.4405 -0.1999 -0.9512 -0.2349 0.8681 0.5663
  4 -1.1700 -6.3021 62.1626 -0.1708 -0.9698 -0.1741 0.8681 0.5604
charger_material_0.bmp
  4 -1.0500 -6.3259 62.1977 0.0151 -0.9999 0.0007 0.8701 0.5624
  4 -1.0800 -6.3730 62.4307 0.1683 -0.9187 -0.3574 0.8701 0.5663
  4 -1.1900 -6.3711 62.4405 -0.1999 -0.9512 -0.2349 0.8681 0.5663
charger_material_0.bmp
  4 -0.6500 -7.0415 63.7802 0.1139 -0.9611 -0.2516 0.8740 0.5901
  4 -0.7800 -7.0494 63.7919 0.0276 -0.9721 -0.2331 0.8720 0.5901
  4 -0.6700 -6.8902 63.2932 0.0286 -0.8973 -0.4406 0.8740 0.5822
charger_material_0.bmp
  4 -0.6500 -7.0415 63.7802 0.1139 -0.9611 -0.2516 0.8740 0.5901
  4 -0.6100 -7.1999 64.6556 -0.1760 -0.9801 -0.0922 0.8740 0.6000
  4 -0.7800 -7.0494 63.7919 0.0276 -0.9721 -0.2331 0.8720 0.5901
charger_material_0.bmp
  4 -0.6500 -7.0415 63.7802 0.1139 -0.9611 -0.2516 0.8740 0.5901
  4 -0.5100 -7.0260 63.8078 0.0988 -0.9789 -0.1791 0.8760 0.5901
  4 -0.6100 -7.1999 64.6556 -0.1760 -0.9801 -0.0922 0.8740 0.6000
charger_material_0.bmp
  4 -0.6500 -7.0415 63.7802 0.1139 -0.9611 -0.2516 0.8740 0.5901
  4 -0.4800 -6.9005 63.3460 0.0293 -0.9184 -0.3946 0.8760 0.5822
  4 -0.5100 -7.0260 63.8078 0.0988 -0.9789 -0.1791 0.8760 0.5901
charger_material_0.bmp
  4 -0.6500 -7.0415 63.7802 0.1139 -0.9611 -0.2516 0.8740 0.5901
  4 -0.6700 -6.8902 63.2932 0.0286 -0.8973 -0.4406 0.8740 0.5822
  4 -0.4800 -6.9005 63.3460 0.0293 -0.9184 -0.3946 0.8760 0.5822
charger_material_0.bmp
  4 -1.2100 -4.8416 60.8551 0.4791 -0.5157 0.7103 0.7067 0.6535
  4 -1.2500 -4.7109 61.1661 0.4819 -0.7979 0.3620 0.7047 0.6614
  4 -1.4600 -4.8774 61.1470 0.5673 -0.7305 0.3800 0.7008 0.6594
charger_material_0.bmp
  4 -1.2100 -4.8416 60.8551 0.4791 -0.5157 0.7103 0.7067 0.6535
  4 -0.9600 -4.6750 60.8742 0.2509 -0.6550 0.7127 0.7106 0.6554
  4 -1.2500 -4.7109 61.1661 0.4819 -0.7979 0.3620 0.7047 0.6614
charger_material_0.bmp
  4 -1.2100 -4.8416 60.8551 0.4791 -0.5157 0.7103 0.7067 0.6535
  4 -0.9700 -5.1303 60.6762 0.1938 -0.1073 0.9752 0.7106 0.6475
  4 -0.9600 -4.6750 60.8742 0.2509 -0.6550 0.7127 0.7106 0.6554
charger_material_0.bmp
  4 -1.2100 -4.8416 60.8551 0.4791 -0.5157 0.7103 0.7067 0.6535
  4 -1.3300 -5.2098 60.7932 0.4740 -0.2143 0.8540 0.7028 0.6495
  4 -0.9700 -5.1303 60.6762 0.1938 -0.1073 0.9752 0.7106 0.6475
charger_material_0.bmp
  4 -1.2100 -4.8416 60.8551 0.4791 -0.5157 0.7103 0.7067 0.6535
  4 -1.4400 -5.0351 61.0143 0.6883 -0.3183 0.6518 0.7008 0.6554
  4 -1.3300 -5.2098 60.7932 0.4740 -0.2143 0.8540 0.7028 0.6495
charger_material_0.bmp
  4 -1.2600 -3.9161 59.0390 -0.2127 -0.9090 -0.3585 0.6693 0.6178
  4 -1.2200 -4.3888 59.4959 -0.2140 -0.5432 -0.8119 0.6732 0.6257
  4 -1.4900 -4.3288 59.5964 -0.3622 -0.6667 -0.6514 0.6713 0.6277
charger_material_0.bmp
  4 -1.2600 -3.9161 59.0390 -0.2127 -0.9090 -0.3585 0.6693 0.6178
  4 -0.8200 -4.3747 59.4627 -0.0974 -0.5323 -0.8409 0.6772 0.6218
  4 -1.2200 -4.3888 59.4959 -0.2140 -0.5432 -0.8119 0.6732 0.6257
charger_material_0.bmp
  4 -1.2600 -3.9161 59.0390 -0.2127 -0.9090 -0.3585 0.6693 0.6178
  4 -0.8900 -3.8886 59.0236 -0.0189 -0.9886 -0.1496 0.6732 0.6139
  4 -0.8200 -4.3747 59.4627 -0.0974 -0.5323 -0.8409 0.6772 0.6218
charger_material_0.bmp
  4 -1.2600 -3.9161 59.0390 -0.2127 -0.9090 -0.3585 0.6693 0.6178
  4 -1.0600 -4.2872 58.1631 -0.4897 -0.8241 0.2847 0.6654 0.6040
  4 -0.8900 -3.8886 59.0236 -0.0189 -0.9886 -0.1496 0.6732 0.6139
charger_material_0.bmp
  4 -1.2600 -3.9161 59.0390 -0.2127 -0.9090 -0.3585 0.6693 0.6178
  4 -1.5900 -3.8808 58.1058 -0.6107 -0.7735 0.1696 0.6594 0.6099
  4 -1.0600 -4.2872 58.1631 -0.4897 -0.8241 0.2847 0.6654 0.6040
charger_material_0.bmp
  9 -4.0651 -4.4689 32.9175 -0.3161 -0.8355 -0.4494 0.1004 0.1010
  9 -4.4957 -2.9293 30.8968 -0.1806 -0.7660 -0.6169 0.0925 0.0772
  9 -1.7441 -2.8979 30.5684 -0.0562 -0.7475 -0.6619 0.1260 0.0693
charger_material_0.bmp
  9 -4.0651 -4.4689 32.9175 -0.3161 -0.8355 -0.4494 0.1004 0.1010
  9 -6.2089 -2.8958 32.3529 -0.5155 -0.7456 -0.4223 0.0728 0.0970
  9 -4.4957 -2.9293 30.8968 -0.1806 -0.7660 -0.6169 0.0925 0.0772
charger_material_0.bmp
  9 -4.0651 -4.4689 32.9175 -0.3161 -0.8355 -0.4494 0.1004 0.1010
  9 -6.2088 -3.9359 34.3625 -0.5766 -0.7694 -0.2749 0.0748 0.1208
  9 -6.2089 -2.8958 32.3529 -0.5155 -0.7456 -0.4223 0.0728 0.0970
charger_material_0.bmp
  9 -4.0651 -4.4689 32.9175 -0.3161 -0.8355 -0.4494 0.1004 0.1010
  9 -3.6564 -5.4929 35.1096 -0.3632 -0.8947 -0.2599 0.1063 0.1267
  9 -6.2088 -3.9359 34.3625 -0.5766 -0.7694 -0.2749 0.0748 0.1208
charger_material_0.bmp
  9 -4.0651 -4.4689 32.9175 -0.3161 -0.8355 -0.4494 0.1004 0.1010
  9 -0.8531 -5.2916 33.0495 -0.2128 -0.9004 -0.3795 0.1398 0.0990
  9 -3.6564 -5.4929 35.1096 -0.3632 -0.8947 -0.2599 0.1063 0.1267
charger_material_0.bmp
  8 -33.8661 3.0296 46.8174 0.0498 -0.0687 -0.9964 0.2362 0.5248
  8 -33.1179 -0.7093 47.0469 0.0634 -0.1428 -0.9877 0.2343 0.5644
  8 -36.7148 2.1021 47.3329 -0.0904 -0.0088 -0.9959 0.2008 0.5248
charger_material_0.bmp
  8 -36.7148 2.1021 47.3329 -0.0904 -0.0088 -0.9959 0.2008 0.5248
  8 -33.1179 -0.7093 47.0469 0.0634 -0.1428 -0.9877 0.2343 0.5644
  8 -36.1051 -1.1828 47.0917 0.1695 -0.0980 -0.9806 0.2008 0.5663
charger_material_0.bmp
  8 -33.1179 -0.7093 47.0469 0.0634 -0.1428 -0.9877 0.2343 0.5644
  8 -35.2310 -3.5931 47.6613 0.2387 -0.3928 -0.8881 0.2008 0.5941
  8 -36.1051 -1.1828 47.0917 0.1695 -0.0980 -0.9806 0.2008 0.5663
charger_material_0.bmp
  8 -36.1051 -1.1828 47.0917 0.1695 -0.0980 -0.9806 0.2008 0.5663
  8 -35.2310 -3.5931 47.6613 0.2387 -0.3928 -0.8881 0.2008 0.5941
  8 -35.7902 -3.6371 47.5290 0.5415 -0.1342 -0.8299 0.1949 0.5921
charger_material_0.bmp
  8 -35.2310 -3.5931 47.6613 0.2387 -0.3928 -0.8881 0.2008 0.5941
  8 -35.9798 -5.0794 48.1585 0.6178 -0.5186 -0.5911 0.1890 0.6079
  8 -35.7902 -3.6371 47.5290 0.5415 -0.1342 -0.8299 0.1949 0.5921
charger_material_0.bmp
  3 -11.1600 -2.4956 50.5930 -0.3225 -0.8400 -0.4364 0.4980 0.5604
  7 -14.0577 -2.0545 52.0591 -0.3099 -0.7240 -0.6163 0.4803 0.5545
  3 -10.3100 -2.4436 49.7924 -0.4695 -0.7403 -0.4812 0.5000 0.5485
charger_material_0.bmp
  3 -11.1600 -2.4956 50.5930 -0.3225 -0.8400 -0.4364 0.4980 0.5604
  7 -13.1977 -3.1325 53.1372 -0.3186 -0.9072 -0.2747 0.4961 0.5703
  7 -14.0577 -2.0545 52.0591 -0.3099 -0.7240 -0.6163 0.4803 0.5545
charger_material_0.bmp
  3 -11.1600 -2.4956 50.5930 -0.3225 -0.8400 -0.4364 0.4980 0.5604
  3 -10.0400 -3.8587 52.5452 -0.2337 -0.9370 -0.2598 0.5315 0.5782
  7 -13.1977 -3.1325 53.1372 -0.3186 -0.9072 -0.2747 0.4961 0.5703
charger_material_0.bmp
  3 -11.1600 -2.4956 50.5930 -0.3225 -0.8400 -0.4364 0.4980 0.5604
  3 -9.8200 -3.7924 52.2360 -0.3912 -0.8792 -0.2719 0.5315 0.5723
  3 -10.0400 -3.8587 52.5452 -0.2337 -0.9370 -0.2598 0.5315 0.5782
charger_material_0.bmp
  3 -11.1600 -2.4956 50.5930 -0.3225 -0.8400 -0.4364 0.4980 0.5604
  3 -10.3100 -2.4436 49.7924 -0.4695 -0.7403 -0.4812 0.5000 0.5485
  3 -9.8200 -3.7924 52.2360 -0.3912 -0.8792 -0.2719 0.5315 0.5723
charger_material_0.bmp
  3 -1.7400 -6.6846 52.4663 -0.1051 -0.9794 0.1722 0.6240 0.5327
  3 -3.1900 -6.5277 51.8855 -0.1724 -0.9832 -0.0603 0.6063 0.5347
  3 -1.4600 -6.7705 50.8761 -0.3242 -0.9078 -0.2660 0.6201 0.5089
charger_material_0.bmp
  3 -1.4600 -6.7705 50.8761 -0.3242 -0.9078 -0.2660 0.6201 0.5089
  3 -3.1900 -6.5277 51.8855 -0.1724 -0.9832 -0.0603 0.6063 0.5347
  3 -2.3500 -5.9996 50.2070 -0.2177 -0.9206 -0.3243 0.6063 0.5089
charger_material_0.bmp
  3 -3.1900 -6.5277 51.8855 -0.1724 -0.9832 -0.0603 0.6063 0.5347
  3 -4.6500 -6.2537 50.9998 -0.1620 -0.9569 -0.2410 0.5866 0.5327
  3 -2.3500 -5.9996 50.2070 -0.2177 -0.9206 -0.3243 0.6063 0.5089
charger_material_0.bmp
  3 -2.3500 -5.9996 50.2070 -0.2177 -0.9206 -0.3243 0.6063 0.5089
  3 -4.6500 -6.2537 50.9998 -0.1620 -0.9569 -0.2410 0.5866 0.5327
  2 -3.9597 -5.6552 49.4501 -0.1221 -0.9573 -0.2622 0.5827 0.5109
charger_material_0.bmp
  3 -4.6500 -6.2537 50.9998 -0.1620 -0.9569 -0.2410 0.5866 0.5327
  2 -6.1197 -4.9948 48.9207 -0.2880 -0.9065 -0.3086 0.5551 0.5149
  2 -3.9597 -5.6552 49.4501 -0.1221 -0.9573 -0.2622 0.5827 0.5109
charger_material_0.bmp
  2 -5.1399 -10.0213 44.5867 -0.5161 -0.6222 0.5886 0.6850 0.9901
  2 -6.0899 -8.2724 45.9781 -0.3550 -0.2929 0.8878 0.6850 0.9663
  2 -6.5099 -9.1415 44.7974 -0.3437 -0.7027 0.6230 0.6929 0.9782
charger_material_0.bmp
  2 -6.5099 -9.1415 44.7974 -0.3437 -0.7027 0.6230 0.6929 0.9782
  2 -6.0899 -8.2724 45.9781 -0.3550 -0.2929 0.8878 0.6850 0.9663
  2 -7.3799 -8.0021 45.6084 -0.2883 -0.1749 0.9414 0.6969 0.9624
charger_material_0.bmp
  2 -6.0899 -8.2724 45.9781 -0.3550 -0.2929 0.8878 0.6850 0.9663
  2 -6.3699 -6.6822 45.6994 -0.1101 0.4575 0.8823 0.6850 0.9465
  2 -7.3799 -8.0021 45.6084 -0.2883 -0.1749 0.9414 0.6969 0.9624
charger_material_0.bmp
  2 -7.3799 -8.0021 45.6084 -0.2883 -0.1749 0.9414 0.6969 0.9624
  2 -6.3699 -6.6822 45.6994 -0.1101 0.4575 0.8823 0.6850 0.9465
  2 -7.9499 -6.3319 45.2998 -0.1137 0.4219 0.8995 0.7028 0.9426
charger_material_0.bmp
  2 -6.3699 -6.6822 45.6994 -0.1101 0.4575 0.8823 0.6850 0.9465
  1 -8.1600 -4.8038 43.8613 0.0502 0.7806 0.6230 0.7067 0.9208
  2 -7.9499 -6.3319 45.2998 -0.1137 0.4219 0.8995 0.7028 0.9426
charger_material_0.bmp
  9 -8.7508 2.7536 34.6656 -0.9460 0.3228 -0.0289 0.5256 0.1188
  9 -8.8538 2.6349 36.1661 -0.9460 0.3228 -0.0289 0.5256 0.1406
  9 -7.9911 4.9935 36.1449 -0.8894 0.4564 -0.0249 0.5000 0.1366
charger_material_0.bmp
  9 -7.9911 4.9935 36.1449 -0.8894 0.4564 -0.0249 0.5000 0.1366
  9 -8.8538 2.6349 36.1661 -0.9460 0.3228 -0.0289 0.5256 0.1406
  9 -8.0669 4.9111 37.7205 -0.8894 0.4564 -0.0249 0.5000 0.1564
charger_material_0.bmp
  9 -8.8538 2.6349 36.1661 -0.9460 0.3228 -0.0289 0.5256 0.1406
  9 -8.8763 2.5963 37.6626 -0.9588 0.2839 0.0110 0.5236 0.1604
  9 -8.0669 4.9111 37.7205 -0.8894 0.4564 -0.0249 0.5000 0.1564
charger_material_0.bmp
  9 -8.0669 4.9111 37.7205 -0.8894 0.4564 -0.0249 0.5000 0.1564
  9 -8.8763 2.5963 37.6626 -0.9588 0.2839 0.0110 0.5236 0.1604
  1 -8.2600 4.7962 39.2113 -0.9210 0.3860 -0.0525 0.5000 0.1762
charger_material_0.bmp
  9 -8.8763 2.5963 37.6626 -0.9588 0.2839 0.0110 0.5236 0.1604
  1 -8.7200 2.3762 39.3013 -0.9721 0.2195 -0.0827 0.5236 0.1802
  1 -8.2600 4.7962 39.2113 -0.9210 0.3860 -0.0525 0.5000 0.1762
charger_material_0.bmp
  4 -1.7700 -5.1331 60.0760 -0.6342 -0.6182 -0.4643 0.8602 0.5208
  4 -1.7800 -4.9025 59.9505 -0.6516 -0.2858 -0.7027 0.8602 0.5168
  4 -1.4700 -5.1029 59.7546 -0.5940 -0.3570 -0.7210 0.8661 0.5168
charger_material_0.bmp
  4 -1.4700 -5.1029 59.7546 -0.5940 -0.3570 -0.7210 0.8661 0.5168
  4 -1.7800 -4.9025 59.9505 -0.6516 -0.2858 -0.7027 0.8602 0.5168
  4 -1.4800 -4.8573 59.7077 -0.5181 -0.1360 -0.8445 0.8642 0.5129
charger_material_0.bmp
  4 -1.7800 -4.9025 59.9505 -0.6516 -0.2858 -0.7027 0.8602 0.5168
  4 -1.7400 -4.7019 59.8816 -0.6176 -0.1320 -0.7754 0.8583 0.5129
  4 -1.4800 -4.8573 59.7077 -0.5181 -0.1360 -0.8445 0.8642 0.5129
charger_material_0.bmp
  4 -1.4800 -4.8573 59.7077 -0.5181 -0.1360 -0.8445 0.8642 0.5129
  4 -1.7400 -4.7019 59.8816 -0.6176 -0.1320 -0.7754 0.8583 0.5129
  4 -1.4700 -4.5804 59.6649 -0.4711 -0.1639 -0.8667 0.8622 0.5089
charger_material_0.bmp
  4 -1.7400 -4.7019 59.8816 -0.6176 -0.1320 -0.7754 0.8583 0.5129
  4 -1.7900 -4.4783 59.8796 -0.6516 -0.2858 -0.7027 0.8563 0.5109
  4 -1.4700 -4.5804 59.6649 -0.4711 -0.1639 -0.8667 0.8622 0.5089
charger_material_0.bmp
  4 -1.6400 -4.5099 66.3710 -0.6403 -0.0994 0.7616 0.8386 0.6297
  4 -1.5200 -5.3716 66.4441 -0.6403 -0.0994 0.7616 0.8504 0.6257
  4 -1.1500 -4.7669 66.8375 -0.7135 -0.0366 0.6997 0.8484 0.6376
charger_material_0.bmp
  4 -1.6400 -4.5099 66.3710 -0.6403 -0.0994 0.7616 0.8386 0.6297
  4 -2.0200 -5.4504 66.0315 -0.6512 -0.1935 0.7338 0.8465 0.6178
  4 -1.5200 -5.3716 66.4441 -0.6403 -0.0994 0.7616 0.8504 0.6257
charger_material_0.bmp
  4 -1.6400 -4.5099 66.3710 -0.6403 -0.0994 0.7616 0.8386 0.6297
  4 -2.1400 -4.6164 65.9739 -0.5781 -0.1172 0.8075 0.8366 0.6218
  4 -2.0200 -5.4504 66.0315 -0.6512 -0.1935 0.7338 0.8465 0.6178
charger_material_0.bmp
  4 -1.6400 -4.5099 66.3710 -0.6403 -0.0994 0.7616 0.8386 0.6297
  4 -1.6100 -3.7099 66.6151 -0.6123 -0.1814 0.7696 0.8307 0.6376
  4 -2.1400 -4.6164 65.9739 -0.5781 -0.1172 0.8075 0.8366 0.6218
charger_material_0.bmp
  4 -1.6400 -4.5099 66.3710 -0.6403 -0.0994 0.7616 0.8386 0.6297
  4 -1.0500 -3.8392 67.0572 -0.6512 -0.1935 0.7338 0.8366 0.6455
  4 -1.6100 -3.7099 66.6151 -0.6123 -0.1814 0.7696 0.8307 0.6376
charger_material_0.bmp
  4 -2.2400 -6.5405 65.0691 -0.6953 -0.6909 0.1982 0.8543 0.6020
  4 -2.0800 -6.6292 64.6584 -0.5779 -0.8124 -0.0779 0.8563 0.5980
  4 -1.6000 -6.9503 65.0558 -0.4850 -0.8734 0.0436 0.8622 0.6040
charger_material_0.bmp
  4 -1.6000 -6.9503 65.0558 -0.4850 -0.8734 0.0436 0.8622 0.6040
  4 -2.0800 -6.6292 64.6584 -0.5779 -0.8124 -0.0779 0.8563 0.5980
  4 -1.3900 -6.9947 64.5043 -0.4649 -0.8749 -0.1361 0.8642 0.5980
charger_material_0.bmp
  4 -2.0800 -6.6292 64.6584 -0.5779 -0.8124 -0.0779 0.8563 0.5980
  4 -1.8700 -6.7020 64.2244 -0.4834 -0.8737 -0.0537 0.8583 0.5941
  4 -1.3900 -6.9947 64.5043 -0.4649 -0.8749 -0.1361 0.8642 0.5980
charger_material_0.bmp
  4 -1.3900 -6.9947 64.5043 -0.4649 -0.8749 -0.1361 0.8642 0.5980
  4 -1.8700 -6.7020 64.2244 -0.4834 -0.8737 -0.0537 0.8583 0.5941
  4 -1.2700 -6.9356 64.0145 -0.3740 -0.9233 -0.0870 0.8661 0.5921
charger_material_0.bmp
  4 -1.8700 -6.7020 64.2244 -0.4834 -0.8737 -0.0537 0.8583 0.5941
  4 -1.8100 -6.7182 63.8202 -0.4699 -0.8641 -0.1803 0.8602 0.5881
  4 -1.2700 -6.9356 64.0145 -0.3740 -0.9233 -0.0870 0.8661 0.5921
charger_material_0.bmp
  4 -1.9900 -6.0897 63.4863 -0.5846 -0.7546 -0.2981 0.8543 0.5802
  4 -2.0100 -6.0523 63.4690 -0.6284 -0.6571 -0.4164 0.8543 0.5782
  4 -1.9300 -6.0930 63.4157 -0.4697 -0.7703 -0.4314 0.8543 0.5782
charger_material_0.bmp
  4 -1.9300 -6.0930 63.4157 -0.4697 -0.7703 -0.4314 0.8543 0.5782
  4 -2.0100 -6.0523 63.4690 -0.6284 -0.6571 -0.4164 0.8543 0.5782
  4 -1.9500 -6.0556 63.3983 -0.4826 -0.6757 -0.5573 0.8543 0.5782
charger_material_0.bmp
  4 -2.0100 -6.0523 63.4690 -0.6284 -0.6571 -0.4164 0.8543 0.5782
  4 -2.0100 -5.9831 63.4048 -0.2055 -0.9627 -0.1761 0.8543 0.5782
  4 -1.9500 -6.0556 63.3983 -0.4826 -0.6757 -0.5573 0.8543 0.5782
charger_material_0.bmp
  4 -1.9500 -6.0556 63.3983 -0.4826 -0.6757 -0.5573 0.8543 0.5782
  4 -2.0100 -5.9831 63.4048 -0.2055 -0.9627 -0.1761 0.8543 0.5782
  4 -1.8600 -5.9958 63.2851 -0.1883 -0.9290 -0.3187 0.8563 0.5762
charger_material_0.bmp
  4 -2.0100 -5.9831 63.4048 -0.2055 -0.9627 -0.1761 0.8543 0.5782
  4 -1.8800 -6.0132 63.2477 -0.0129 -0.9933 0.1149 0.8543 0.5743
  4 -1.8600 -5.9958 63.2851 -0.1883 -0.9290 -0.3187 0.8563 0.5762
charger_material_0.bmp
  7 -20.3094 9.4013 55.2537 -0.0937 0.9876 0.1259 0.4055 0.8040
  8 -23.1113 8.8987 55.0453 -0.0620 0.9899 0.1276 0.3720 0.8020
  7 -21.5027 8.4897 57.7125 -0.1322 0.8162 0.5625 0.3957 0.7762
charger_material_0.bmp
  7 -21.5027 8.4897 57.7125 -0.1322 0.8162 0.5625 0.3957 0.7762
  8 -23.1113 8.8987 55.0453 -0.0620 0.9899 0.1276 0.3720 0.8020
  8 -24.7281 7.9800 57.5808 -0.1469 0.8338 0.5322 0.3583 0.7723
charger_material_0.bmp
  8 -23.1113 8.8987 55.0453 -0.0620 0.9899 0.1276 0.3720 0.8020
  8 -24.9106 9.2625 54.5893 0.0985 0.9889 0.1109 0.3504 0.8040
  8 -24.7281 7.9800 57.5808 -0.1469 0.8338 0.5322 0.3583 0.7723
charger_material_0.bmp
  8 -24.7281 7.9800 57.5808 -0.1469 0.8338 0.5322 0.3583 0.7723
  8 -24.9106 9.2625 54.5893 0.0985 0.9889 0.1109 0.3504 0.8040
  8 -26.2967 8.3510 56.2816 -0.1094 0.8369 0.5363 0.3386 0.7842
charger_material_0.bmp
  8 -24.9106 9.2625 54.5893 0.0985 0.9889 0.1109 0.3504 0.8040
  8 -26.3084 9.5101 54.4637 0.0503 0.9782 0.2015 0.3346 0.8040
  8 -26.2967 8.3510 56.2816 -0.1094 0.8369 0.5363 0.3386 0.7842
charger_material_0.bmp
  7 -13.8955 10.6853 57.7094 -0.2441 0.8838 0.3992 0.4862 0.8040
  6 -11.3097 9.9199 59.2600 -0.2756 0.7753 0.5683 0.5118 0.7861
  6 -11.2544 11.4623 56.3188 -0.1283 0.9560 0.2637 0.5098 0.8099
charger_material_0.bmp
  6 -11.2544 11.4623 56.3188 -0.1283 0.9560 0.2637 0.5098 0.8099
  6 -11.3097 9.9199 59.2600 -0.2756 0.7753 0.5683 0.5118 0.7861
  6 -10.0289 10.1278 59.7422 -0.2924 0.8639 0.4102 0.5413 0.8020
charger_material_0.bmp
  6 -11.3097 9.9199 59.2600 -0.2756 0.7753 0.5683 0.5118 0.7861
  6 -10.7872 9.3031 60.6898 -0.3883 0.6153 0.6860 0.5433 0.7881
  6 -10.0289 10.1278 59.7422 -0.2924 0.8639 0.4102 0.5413 0.8020
charger_material_0.bmp
  6 -10.0289 10.1278 59.7422 -0.2924 0.8639 0.4102 0.5413 0.8020
  6 -10.7872 9.3031 60.6898 -0.3883 0.6153 0.6860 0.5433 0.7881
  4 -8.2300 10.0521 61.5407 -0.1720 0.8425 0.5106 0.5669 0.8099
charger_material_0.bmp
  6 -10.7872 9.3031 60.6898 -0.3883 0.6153 0.6860 0.5433 0.7881
  6 -8.9964 8.6956 62.7337 -0.3973 0.5691 0.7199 0.5689 0.7921
  4 -8.2300 10.0521 61.5407 -0.1720 0.8425 0.5106 0.5669 0.8099
charger_material_0.bmp
  8 -44.2760 1.4601 46.1879 -0.0193 0.0298 -0.9994 0.0906 0.8772
  8 -44.5134 1.7141 46.1476 0.3304 -0.5127 -0.7925 0.0906 0.8713
  8 -44.1986 2.9634 46.3548 0.5284 0.3637 -0.7671 0.0984 0.8515
charger_material_0.bmp
  8 -44.1986 2.9634 46.3548 0.5284 0.3637 -0.7671 0.0984 0.8515
  8 -44.5134 1.7141 46.1476 0.3304 -0.5127 -0.7925 0.0906 0.8713
  8 -44.7062 3.0586 45.6180 0.6762 0.3895 -0.6253 0.0866 0.8475
charger_material_0.bmp
  8 -44.5134 1.7141 46.1476 0.3304 -0.5127 -0.7925 0.0906 0.8713
  8 -45.0342 1.9386 45.5468 0.5124 -0.5463 -0.6626 0.0807 0.8614
  8 -44.7062 3.0586 45.6180 0.6762 0.3895 -0.6253 0.0866 0.8475
charger_material_0.bmp
  8 -44.7062 3.0586 45.6180 0.6762 0.3895 -0.6253 0.0866 0.8475
  8 -45.0342 1.9386 45.5468 0.5124 -0.5463 -0.6626 0.0807 0.8614
  8 -45.4602 3.0664 44.9654 0.4195 0.2980 -0.8575 0.0748 0.8436
charger_material_0.bmp
  8 -45.0342 1.9386 45.5468 0.5124 -0.5463 -0.6626 0.0807 0.8614
  8 -45.5458 2.3096 44.8326 0.2611 -0.2890 -0.9210 0.0728 0.8535
  8 -45.4602 3.0664 44.9654 0.4195 0.2980 -0.8575 0.0748 0.8436
charger_material_0.bmp
  8 -31.3743 2.1370 58.4659 -0.1194 -0.1168 0.9860 0.2776 0.7228
  8 -34.8644 1.4118 57.6666 -0.3112 -0.1164 0.9432 0.2382 0.7248
  8 -30.7763 -0.4807 57.7663 -0.0560 -0.4498 0.8914 0.2776 0.6970
charger_material_0.bmp
  8 -30.7763 -0.4807 57.7663 -0.0560 -0.4498 0.8914 0.2776 0.6970
  8 -34.8644 1.4118 57.6666 -0.3112 -0.1164 0.9432 0.2382 0.7248
  8 -33.9791 -1.1804 56.7958 -0.1872 -0.4853 0.8540 0.2402 0.6990
charger_material_0.bmp
  8 -34.8644 1.4118 57.6666 -0.3112 -0.1164 0.9432 0.2382 0.7248
  8 -37.7934 0.6966 56.0934 -0.4519 -0.1289 0.8827 0.2008 0.7248
  8 -33.9791 -1.1804 56.7958 -0.1872 -0.4853 0.8540 0.2402 0.6990
charger_material_0.bmp
  8 -33.9791 -1.1804 56.7958 -0.1872 -0.4853 0.8540 0.2402 0.6990
  8 -37.7934 0.6966 56.0934 -0.4519 -0.1289 0.8827 0.2008 0.7248
  8 -36.9717 -1.9858 55.7763 -0.2278 -0.4808 0.8467 0.2008 0.6990
charger_material_0.bmp
  8 -37.7934 0.6966 56.0934 -0.4519 -0.1289 0.8827 0.2008 0.7248
  8 -39.8171 -2.4373 54.3830 -0.3954 -0.4251 0.8142 0.1732 0.6990
  8 -36.9717 -1.9858 55.7763 -0.2278 -0.4808 0.8467 0.2008 0.6990
charger_material_0.bmp
  8 -45.0353 3.0595 49.3422 -0.8256 0.3989 0.3990 0.1043 0.7861
  8 -43.7378 4.8812 49.4572 -0.6032 0.7909 0.1033 0.1280 0.8040
  8 -44.5046 4.2213 48.5669 -0.6253 0.7793 -0.0414 0.1083 0.8059
charger_material_0.bmp
  8 -44.5046 4.2213 48.5669 -0.6253 0.7793 -0.0414 0.1083 0.8059
  8 -43.7378 4.8812 49.4572 -0.6032 0.7909 0.1033 0.1280 0.8040
  8 -43.1335 4.5607 47.5260 -0.2308 0.7940 -0.5624 0.1220 0.8317
charger_material_0.bmp
  8 -43.7378 4.8812 49.4572 -0.6032 0.7909 0.1033 0.1280 0.8040
  8 -41.8692 5.2652 47.9376 -0.1322 0.9030 -0.4087 0.1437 0.8317
  8 -43.1335 4.5607 47.5260 -0.2308 0.7940 -0.5624 0.1220 0.8317
charger_material_0.bmp
  8 -43.1335 4.5607 47.5260 -0.2308 0.7940 -0.5624 0.1220 0.8317
  8 -41.8692 5.2652 47.9376 -0.1322 0.9030 -0.4087 0.1437 0.8317
  8 -41.8068 4.0551 47.0673 0.0475 0.5021 -0.8635 0.1378 0.8515
charger_material_0.bmp
  8 -41.8692 5.2652 47.9376 -0.1322 0.9030 -0.4087 0.1437 0.8317
  8 -38.3793 5.2448 48.3047 0.1073 0.7954 -0.5965 0.1850 0.8436
  8 -41.8068 4.0551 47.0673 0.0475 0.5021 -0.8635 0.1378 0.8515
charger_material_0.bmp
  4 -1.8200 -0.8941 66.2193 -0.4547 0.5719 0.6828 0.7913 0.6475
  4 -2.2900 -0.9191 65.9288 -0.6196 0.5284 0.5805 0.7894 0.6396
  4 -2.0100 -1.3917 66.3857 -0.5710 0.2546 0.7805 0.7992 0.6436
charger_material_0.bmp
  4 -2.0100 -1.3917 66.3857 -0.5710 0.2546 0.7805 0.7992 0.6436
  4 -2.2900 -0.9191 65.9288 -0.6196 0.5284 0.5805 0.7894 0.6396
  4 -2.5400 -1.5174 65.9414 -0.6892 0.1974 0.6972 0.7953 0.6337
charger_material_0.bmp
  4 -2.2900 -0.9191 65.9288 -0.6196 0.5284 0.5805 0.7894 0.6396
  4 -2.6800 -1.1555 65.5973 -0.7586 0.4781 0.4426 0.7894 0.6317
  4 -2.5400 -1.5174 65.9414 -0.6892 0.1974 0.6972 0.7953 0.6337
charger_material_0.bmp
  4 -2.5400 -1.5174 65.9414 -0.6892 0.1974 0.6972 0.7953 0.6337
  4 -2.6800 -1.1555 65.5973 -0.7586 0.4781 0.4426 0.7894 0.6317
  4 -3.0300 -1.8549 65.5070 -0.7912 0.1468 0.5937 0.7972 0.6238
charger_material_0.bmp
  4 -2.6800 -1.1555 65.5973 -0.7586 0.4781 0.4426 0.7894 0.6317
  4 -3.0500 -1.4486 65.2359 -0.8388 0.4431 0.3164 0.7894 0.6218
  4 -3.0300 -1.8549 65.5070 -0.7912 0.1468 0.5937 0.7972 0.6238
charger_material_0.bmp
  4 -3.0300 -3.4165 65.3271 -0.7784 -0.0808 0.6225 0.8150 0.6139
  4 -3.3700 -2.4180 65.0649 -0.8535 0.0267 0.5204 0.8012 0.6119
  4 -3.5400 -3.2462 64.6735 -0.8826 -0.0570 0.4666 0.8091 0.6020
charger_material_0.bmp
  4 -3.5400 -3.2462 64.6735 -0.8826 -0.0570 0.4666 0.8091 0.6020
  4 -3.3700 -2.4180 65.0649 -0.8535 0.0267 0.5204 0.8012 0.6119
  4 -3.5800 -2.3744 64.5475 -0.9597 0.2141 0.1820 0.7972 0.6059
charger_material_0.bmp
  4 -3.3700 -2.4180 65.0649 -0.8535 0.0267 0.5204 0.8012 0.6119
  4 -3.3300 -1.8512 64.8344 -0.9012 0.3514 0.2536 0.7913 0.6139
  4 -3.5800 -2.3744 64.5475 -0.9597 0.2141 0.1820 0.7972 0.6059
charger_material_0.bmp
  4 -3.5800 -2.3744 64.5475 -0.9597 0.2141 0.1820 0.7972 0.6059
  4 -3.3300 -1.8512 64.8344 -0.9012 0.3514 0.2536 0.7913 0.6139
  4 -3.2800 -1.6755 64.4750 -0.8769 0.4805 0.0127 0.7874 0.6099
charger_material_0.bmp
  4 -3.3300 -1.8512 64.8344 -0.9012 0.3514 0.2536 0.7913 0.6139
  4 -2.9600 -1.2318 64.8789 -0.7887 0.6040 0.1141 0.7835 0.6218
  4 -3.2800 -1.6755 64.4750 -0.8769 0.4805 0.0127 0.7874 0.6099
charger_material_0.bmp
  8 -47.0936 -0.8309 44.8034 -0.4189 -0.8625 -0.2840 0.0295 0.7426
  8 -47.5808 -0.3843 45.7445 -0.8985 -0.4061 -0.1665 0.0394 0.7446
  8 -47.3780 -0.3905 44.4584 -0.7980 -0.2366 -0.5542 0.0276 0.7485
charger_material_0.bmp
  8 -47.3780 -0.3905 44.4584 -0.7980 -0.2366 -0.5542 0.0276 0.7485
  8 -47.5808 -0.3843 45.7445 -0.8985 -0.4061 -0.1665 0.0394 0.7446
  8 -47.3678 0.5638 44.6990 -0.8233 0.4227 -0.3788 0.0335 0.7584
charger_material_0.bmp
  8 -47.5808 -0.3843 45.7445 -0.8985 -0.4061 -0.1665 0.0394 0.7446
  8 -47.7103 0.4674 45.8536 -0.9352 0.3365 -0.1102 0.0433 0.7525
  8 -47.3678 0.5638 44.6990 -0.8233 0.4227 -0.3788 0.0335 0.7584
charger_material_0.bmp
  8 -47.3678 0.5638 44.6990 -0.8233 0.4227 -0.3788 0.0335 0.7584
  8 -47.7103 0.4674 45.8536 -0.9352 0.3365 -0.1102 0.0433 0.7525
  8 -47.0962 1.1120 45.4753 -0.5058 0.8550 -0.1144 0.0413 0.7624
charger_material_0.bmp
  8 -47.7103 0.4674 45.8536 -0.9352 0.3365 -0.1102 0.0433 0.7525
  8 -46.8313 1.2265 46.4737 -0.4283 0.8982 0.0984 0.0531 0.7624
  8 -47.0962 1.1120 45.4753 -0.5058 0.8550 -0.1144 0.0413 0.7624
charger_material_0.bmp
  8 -46.7561 1.9679 45.5767 -0.7029 -0.6698 -0.2394 0.0610 0.8139
  8 -46.8182 2.6610 45.6292 -0.9727 -0.0053 -0.2321 0.0650 0.8198
  8 -46.2235 1.9384 45.1110 -0.6610 -0.4854 -0.5723 0.0531 0.8158
charger_material_0.bmp
  8 -46.2235 1.9384 45.1110 -0.6610 -0.4854 -0.5723 0.0531 0.8158
  8 -46.8182 2.6610 45.6292 -0.9727 -0.0053 -0.2321 0.0650 0.8198
  8 -46.3317 2.6641 44.8721 -0.8099 0.1515 -0.5666 0.0591 0.8277
charger_material_0.bmp
  8 -46.8182 2.6610 45.6292 -0.9727 -0.0053 -0.2321 0.0650 0.8198
  8 -46.6159 3.2604 45.6634 -0.7368 0.6610 -0.1420 0.0709 0.8257
  8 -46.3317 2.6641 44.8721 -0.8099 0.1515 -0.5666 0.0591 0.8277
charger_material_0.bmp
  8 -46.3317 2.6641 44.8721 -0.8099 0.1515 -0.5666 0.0591 0.8277
  8 -46.6159 3.2604 45.6634 -0.7368 0.6610 -0.1420 0.0709 0.8257
  8 -46.1088 3.4202 45.1615 -0.0954 0.8084 -0.5809 0.0689 0.8356
charger_material_0.bmp
  8 -46.6159 3.2604 45.6634 -0.7368 0.6610 -0.1420 0.0709 0.8257
  8 -45.2915 3.7817 46.3617 0.1301 0.9467 -0.2946 0.0886 0.8317
  8 -46.1088 3.4202 45.1615 -0.0954 0.8084 -0.5809 0.0689 0.8356
charger_material_0.bmp
  8 -44.1211 -3.9103 44.9424 0.3664 0.4386 -0.8206 0.0748 0.5960
  8 -43.8813 -4.7687 44.9747 0.5577 -0.2826 -0.7804 0.0787 0.6059
  8 -44.3430 -4.7146 44.2645 0.7168 -0.1058 -0.6892 0.0709 0.6059
charger_material_0.bmp
  8 -44.3430 -4.7146 44.2645 0.7168 -0.1058 -0.6892 0.0709 0.6059
  8 -43.8813 -4.7687 44.9747 0.5577 -0.2826 -0.7804 0.0787 0.6059
  8 -44.6290 -5.4590 44.6254 0.5020 -0.7074 -0.4976 0.0709 0.6158
charger_material_0.bmp
  8 -43.8813 -4.7687 44.9747 0.5577 -0.2826 -0.7804 0.0787 0.6059
  8 -44.0395 -5.5362 45.4590 0.3419 -0.7369 -0.5832 0.0827 0.6178
  8 -44.6290 -5.4590 44.6254 0.5020 -0.7074 -0.4976 0.0709 0.6158
charger_material_0.bmp
  8 -44.6290 -5.4590 44.6254 0.5020 -0.7074 -0.4976 0.0709 0.6158
  8 -44.0395 -5.5362 45.4590 0.3419 -0.7369 -0.5832 0.0827 0.6178
  8 -45.1572 -5.6952 45.1097 -0.0380 -0.9816 -0.1873 0.0689 0.6238
charger_material_0.bmp
  8 -44.0395 -5.5362 45.4590 0.3419 -0.7369 -0.5832 0.0827 0.6178
  8 -44.6378 -5.9109 45.8734 -0.0320 -0.9730 -0.2286 0.0787 0.6277
  8 -45.1572 -5.6952 45.1097 -0.0380 -0.9816 -0.1873 0.0689 0.6238
charger_material_0.bmp
  8 -43.9077 -6.0598 48.2540 -0.4476 -0.8470 0.2868 0.1024 0.6475
  8 -45.3190 -5.1041 47.6310 -0.7472 -0.5329 0.3971 0.0807 0.6574
  8 -44.5958 -5.8509 47.3989 -0.4100 -0.8954 0.1734 0.0906 0.6455
charger_material_0.bmp
  8 -44.5958 -5.8509 47.3989 -0.4100 -0.8954 0.1734 0.0906 0.6455
  8 -45.3190 -5.1041 47.6310 -0.7472 -0.5329 0.3971 0.0807 0.6574
  8 -45.3618 -5.8017 46.3190 -0.4101 -0.9036 0.1236 0.0748 0.6376
charger_material_0.bmp
  8 -45.3190 -5.1041 47.6310 -0.7472 -0.5329 0.3971 0.0807 0.6574
  8 -46.0405 -5.2196 46.6223 -0.8023 -0.4671 0.3717 0.0669 0.6475
  8 -45.3618 -5.8017 46.3190 -0.4101 -0.9036 0.1236 0.0748 0.6376
charger_material_0.bmp
  8 -45.3618 -5.8017 46.3190 -0.4101 -0.9036 0.1236 0.0748 0.6376
  8 -46.0405 -5.2196 46.6223 -0.8023 -0.4671 0.3717 0.0669 0.6475
  8 -45.7559 -5.5672 45.4769 -0.4773 -0.8770 0.0557 0.0650 0.6317
charger_material_0.bmp
  8 -46.0405 -5.2196 46.6223 -0.8023 -0.4671 0.3717 0.0669 0.6475
  8 -46.3110 -5.1001 45.7052 -0.8349 -0.4799 0.2695 0.0591 0.6396
  8 -45.7559 -5.5672 45.4769 -0.4773 -0.8770 0.0557 0.0650 0.6317
charger_material_0.bmp
  8 -46.9135 -4.2458 44.7844 -0.9378 0.2794 0.2061 0.0433 0.6376
  8 -46.1839 -3.6841 45.3277 -0.6473 0.7295 0.2210 0.0433 0.6515
  8 -46.6537 -3.8163 44.6071 -0.7003 0.7120 0.0511 0.0374 0.6416
charger_material_0.bmp
  8 -46.6537 -3.8163 44.6071 -0.7003 0.7120 0.0511 0.0374 0.6416
  8 -46.1839 -3.6841 45.3277 -0.6473 0.7295 0.2210 0.0433 0.6515
  8 -46.3105 -3.6856 44.4000 -0.3845 0.9146 -0.1253 0.0335 0.6436
charger_material_0.bmp
  8 -46.1839 -3.6841 45.3277 -0.6473 0.7295 0.2210 0.0433 0.6515
  8 -45.7755 -3.3927 44.8043 -0.2827 0.9554 -0.0852 0.0354 0.6535
  8 -46.3105 -3.6856 44.4000 -0.3845 0.9146 -0.1253 0.0335 0.6436
charger_material_0.bmp
  8 -46.3105 -3.6856 44.4000 -0.3845 0.9146 -0.1253 0.0335 0.6436
  8 -45.7755 -3.3927 44.8043 -0.2827 0.9554 -0.0852 0.0354 0.6535
  8 -45.9940 -3.6428 44.1636 -0.1114 0.9277 -0.3563 0.0295 0.6455
charger_material_0.bmp
  8 -45.7755 -3.3927 44.8043 -0.2827 0.9554 -0.0852 0.0354 0.6535
  8 -45.1012 -3.4147 44.9031 -0.0193 0.9974 -0.0688 0.0315 0.6594
  8 -45.9940 -3.6428 44.1636 -0.1114 0.9277 -0.3563 0.0295 0.6455
charger_material_0.bmp
  8 -45.3346 -3.4787 46.4347 -0.8047 0.5934 -0.0165 0.0492 0.6693
  8 -44.8576 -3.0772 45.5830 -0.5518 -0.4861 -0.6776 0.0335 0.6713
  8 -44.7118 -3.3302 45.4444 -0.6006 0.6544 -0.4593 0.0335 0.6673
charger_material_0.bmp
  8 -45.3346 -3.4787 46.4347 -0.8047 0.5934 -0.0165 0.0492 0.6693
  8 -45.2259 -3.3730 46.5608 -0.8704 -0.3771 -0.3165 0.0492 0.6733
  8 -44.8576 -3.0772 45.5830 -0.5518 -0.4861 -0.6776 0.0335 0.6713
charger_material_0.bmp
  8 -45.3346 -3.4787 46.4347 -0.8047 0.5934 -0.0165 0.0492 0.6693
  8 -45.5676 -3.5606 47.5993 -0.9484 -0.2359 -0.2120 0.0669 0.6792
  8 -45.2259 -3.3730 46.5608 -0.8704 -0.3771 -0.3165 0.0492 0.6733
charger_material_0.bmp
  8 -45.3346 -3.4787 46.4347 -0.8047 0.5934 -0.0165 0.0492 0.6693
  8 -45.4618 -4.0184 47.5862 -0.9823 0.0094 0.1869 0.0709 0.6713
  8 -45.5676 -3.5606 47.5993 -0.9484 -0.2359 -0.2120 0.0669 0.6792
charger_material_0.bmp
  8 -45.3346 -3.4787 46.4347 -0.8047 0.5934 -0.0165 0.0492 0.6693
  8 -46.1751 -4.1930 46.4948 -0.8698 0.3061 0.3870 0.0571 0.6554
  8 -45.4618 -4.0184 47.5862 -0.9823 0.0094 0.1869 0.0709 0.6713
charger_material_0.bmp
  2 -9.1298 7.6777 45.8611 -0.8151 0.3323 -0.4746 0.4449 0.9386
  2 -7.3799 8.4988 44.4717 -0.4335 0.6670 -0.6060 0.4646 0.9564
  1 -8.3000 7.1162 44.3413 -0.7130 0.4355 -0.5495 0.4449 0.9624
charger_material_0.bmp
  1 -8.3000 7.1162 44.3413 -0.7130 0.4355 -0.5495 0.4449 0.9624
  2 -7.3799 8.4988 44.4717 -0.4335 0.6670 -0.6060 0.4646 0.9564
  1 -6.6100 7.7562 43.1113 -0.3802 0.7380 -0.5574 0.4646 0.9802
charger_material_0.bmp
  2 -7.3799 8.4988 44.4717 -0.4335 0.6670 -0.6060 0.4646 0.9564
  1 -5.4400 8.1162 43.3813 -0.0389 0.8545 -0.5180 0.4803 0.9802
  1 -6.6100 7.7562 43.1113 -0.3802 0.7380 -0.5574 0.4646 0.9802
charger_material_0.bmp
  1 -6.6100 7.7562 43.1113 -0.3802 0.7380 -0.5574 0.4646 0.9802
  1 -5.4400 8.1162 43.3813 -0.0389 0.8545 -0.5180 0.4803 0.9802
  1 -5.0000 7.4562 42.2513 -0.0389 0.8545 -0.5180 0.4783 0.9960
charger_material_0.bmp
  1 -5.4400 8.1162 43.3813 -0.0389 0.8545 -0.5180 0.4803 0.9802
  1 -4.0800 7.7362 42.8413 0.0905 0.8731 -0.4790 0.4941 0.9941
  1 -5.0000 7.4562 42.2513 -0.0389 0.8545 -0.5180 0.4783 0.9960
charger_material_0.bmp
  2 -2.6098 9.6964 47.3924 0.2816 0.8915 -0.3549 0.5295 0.9446
  2 -3.3897 10.6648 49.4232 0.3009 0.9046 -0.3019 0.5335 0.9228
  3 -1.0200 9.5393 49.7005 0.4344 0.8540 -0.2864 0.5551 0.9327
charger_material_0.bmp
  3 -1.0200 9.5393 49.7005 0.4344 0.8540 -0.2864 0.5551 0.9327
  2 -3.3897 10.6648 49.4232 0.3009 0.9046 -0.3019 0.5335 0.9228
  3 -3.4800 11.3303 51.0613 0.2957 0.9472 -0.1237 0.5413 0.9069
charger_material_0.bmp
  2 -3.3897 10.6648 49.4232 0.3009 0.9046 -0.3019 0.5335 0.9228
  3 -6.1200 11.6109 50.6881 -0.0219 0.9825 -0.1849 0.5157 0.8931
  3 -3.4800 11.3303 51.0613 0.2957 0.9472 -0.1237 0.5413 0.9069
charger_material_0.bmp
  3 -3.4800 11.3303 51.0613 0.2957 0.9472 -0.1237 0.5413 0.9069
  3 -6.1200 11.6109 50.6881 -0.0219 0.9825 -0.1849 0.5157 0.8931
  3 -6.2700 11.8180 53.6433 0.0162 0.9997 -0.0192 0.5335 0.8733
charger_material_0.bmp
  3 -6.1200 11.6109 50.6881 -0.0219 0.9825 -0.1849 0.5157 0.8931
  3 -8.4700 11.2296 52.0585 -0.1891 0.9661 -0.1760 0.5039 0.8653
  3 -6.2700 11.8180 53.6433 0.0162 0.9997 -0.0192 0.5335 0.8733
charger_material_0.bmp
  4 -1.3100 -6.4088 66.1842 -0.4734 -0.4774 0.7403 0.8622 0.6178
  4 -0.6800 -6.0932 66.6635 -0.4433 -0.3886 0.8078 0.8661 0.6297
  4 -1.5200 -5.3716 66.4441 -0.4764 -0.3072 0.8238 0.8504 0.6257
charger_material_0.bmp
  4 -1.3100 -6.4088 66.1842 -0.4734 -0.4774 0.7403 0.8622 0.6178
  4 -0.7500 -6.8307 66.2140 -0.4273 -0.4925 0.7582 0.8701 0.6178
  4 -0.6800 -6.0932 66.6635 -0.4433 -0.3886 0.8078 0.8661 0.6297
charger_material_0.bmp
  4 -1.3100 -6.4088 66.1842 -0.4734 -0.4774 0.7403 0.8622 0.6178
  4 -1.2500 -6.8745 65.8253 -0.5033 -0.5515 0.6652 0.8642 0.6119
  4 -0.7500 -6.8307 66.2140 -0.4273 -0.4925 0.7582 0.8701 0.6178
charger_material_0.bmp
  4 -1.3100 -6.4088 66.1842 -0.4734 -0.4774 0.7403 0.8622 0.6178
  4 -1.9800 -6.3455 65.6630 -0.5425 -0.5556 0.6301 0.8543 0.6099
  4 -1.2500 -6.8745 65.8253 -0.5033 -0.5515 0.6652 0.8642 0.6119
charger_material_0.bmp
  2 -7.2399 -7.9819 45.2684 -0.4419 -0.1092 -0.8904 0.0650 0.2752
  2 -7.9499 -6.3319 45.2998 -0.8748 -0.3620 -0.3219 0.0610 0.2535
  2 -7.8799 -6.3117 45.0898 -0.5191 -0.5347 -0.6668 0.0650 0.2515
charger_material_0.bmp
  2 -7.2399 -7.9819 45.2684 -0.4419 -0.1092 -0.8904 0.0650 0.2752
  2 -7.3799 -8.0021 45.6084 -0.8540 -0.3752 -0.3603 0.0610 0.2772
  2 -7.9499 -6.3319 45.2998 -0.8748 -0.3620 -0.3219 0.0610 0.2535
charger_material_0.bmp
  2 -7.2399 -7.9819 45.2684 -0.4419 -0.1092 -0.8904 0.0650 0.2752
  2 -6.5099 -9.1415 44.7974 -0.6219 -0.2826 -0.7303 0.0610 0.2950
  2 -7.3799 -8.0021 45.6084 -0.8540 -0.3752 -0.3603 0.0610 0.2772
charger_material_0.bmp
  2 -7.2399 -7.9819 45.2684 -0.4419 -0.1092 -0.8904 0.0650 0.2752
  2 -6.3799 -9.1214 44.7274 0.0012 0.3047 -0.9524 0.0650 0.2931
  2 -6.5099 -9.1415 44.7974 -0.6219 -0.2826 -0.7303 0.0610 0.2950
charger_material_0.bmp
  4 -3.2000 -2.4438 61.4148 -0.9126 -0.3311 0.2399 0.6575 0.6673
  4 -3.3100 -1.9105 61.4351 -0.8829 -0.2647 0.3878 0.6516 0.6733
  4 -3.4300 -2.4331 60.6187 -0.7903 -0.4866 0.3722 0.6476 0.6614
charger_material_0.bmp
  4 -3.4300 -2.4331 60.6187 -0.7903 -0.4866 0.3722 0.6476 0.6614
  4 -3.3100 -1.9105 61.4351 -0.8829 -0.2647 0.3878 0.6516 0.6733
  4 -3.7700 -2.2194 60.6185 -0.5425 -0.5556 0.6301 0.6437 0.6634
charger_material_0.bmp
  4 -3.3100 -1.9105 61.4351 -0.8829 -0.2647 0.3878 0.6516 0.6733
  4 -3.6800 -1.5479 60.9890 -0.6005 -0.4565 0.6566 0.6437 0.6733
  4 -3.7700 -2.2194 60.6185 -0.5425 -0.5556 0.6301 0.6437 0.6634
charger_material_0.bmp
  4 -3.7700 -2.2194 60.6185 -0.5425 -0.5556 0.6301 0.6437 0.6634
  4 -3.6800 -1.5479 60.9890 -0.6005 -0.4565 0.6566 0.6437 0.6733
  4 -4.5300 -1.5500 60.5517 -0.2854 -0.5860 0.7584 0.6319 0.6693
charger_material_0.bmp
  4 -4.7000 5.5439 65.3856 -0.0171 0.3584 0.9334 0.6181 0.7782
  4 -2.6900 7.2210 64.1996 0.1275 0.6590 0.7412 0.6240 0.8040
  4 -5.9900 8.3032 63.7891 -0.0312 0.6576 0.7527 0.5945 0.7960
charger_material_0.bmp
  4 -5.9900 8.3032 63.7891 -0.0312 0.6576 0.7527 0.5945 0.7960
  4 -2.6900 7.2210 64.1996 0.1275 0.6590 0.7412 0.6240 0.8040
  4 -4.9500 9.4671 61.8358 0.1155 0.8290 0.5472 0.5906 0.8158
charger_material_0.bmp
  4 -2.6900 7.2210 64.1996 0.1275 0.6590 0.7412 0.6240 0.8040
  4 -1.5200 8.4781 62.3608 0.1512 0.8374 0.5253 0.6201 0.8277
  4 -4.9500 9.4671 61.8358 0.1155 0.8290 0.5472 0.5906 0.8158
charger_material_0.bmp
  4 -4.9500 9.4671 61.8358 0.1155 0.8290 0.5472 0.5906 0.8158
  4 -1.5200 8.4781 62.3608 0.1512 0.8374 0.5253 0.6201 0.8277
  4 -3.9900 10.4151 59.4452 0.2150 0.9353 0.2810 0.5846 0.8416
charger_material_0.bmp
  6 -8.9701 0.1110 62.7003 -0.0875 -0.8846 0.4581 0.5906 0.7069
  4 -8.5000 -0.2229 61.3160 0.1144 -0.7673 0.6311 0.5925 0.6911
  4 -7.4600 0.2757 61.9538 0.0996 -0.9436 0.3159 0.6043 0.6990
charger_material_0.bmp
  4 -7.4600 0.2757 61.9538 0.0996 -0.9436 0.3159 0.6043 0.6990
  4 -8.5000 -0.2229 61.3160 0.1144 -0.7673 0.6311 0.5925 0.6911
  4 -6.7900 -0.1219 61.2051 -0.0644 -0.7360 0.6739 0.6102 0.6891
charger_material_0.bmp
  4 -8.5000 -0.2229 61.3160 0.1144 -0.7673 0.6311 0.5925 0.6911
  4 -6.8700 -2.0075 59.9162 -0.0146 -0.5838 0.8118 0.6063 0.6634
  4 -6.7900 -0.1219 61.2051 -0.0644 -0.7360 0.6739 0.6102 0.6891
charger_material_0.bmp
  4 -6.7900 -0.1219 61.2051 -0.0644 -0.7360 0.6739 0.6102 0.6891
  4 -6.8700 -2.0075 59.9162 -0.0146 -0.5838 0.8118 0.6063 0.6634
  4 -4.5300 -1.5500 60.5517 -0.2854 -0.5860 0.7584 0.6319 0.6693
charger_material_0.bmp
  7 -13.1377 -2.2015 60.1784 -0.2358 -0.7113 0.6621 0.5000 0.6653
  7 -15.5553 -0.3953 60.5047 -0.4410 -0.4650 0.7677 0.4724 0.6812
  7 -15.5083 -1.8000 59.2970 -0.4036 -0.7228 0.5610 0.4724 0.6634
charger_material_0.bmp
  7 -15.5083 -1.8000 59.2970 -0.4036 -0.7228 0.5610 0.4724 0.6634
  7 -15.5553 -0.3953 60.5047 -0.4410 -0.4650 0.7677 0.4724 0.6812
  7 -17.3140 -0.5318 59.1982 -0.4851 -0.5261 0.6985 0.4488 0.6733
charger_material_0.bmp
  7 -15.5553 -0.3953 60.5047 -0.4410 -0.4650 0.7677 0.4724 0.6812
  7 -17.2379 1.8418 60.2505 -0.4933 -0.3095 0.8129 0.4488 0.7010
  7 -17.3140 -0.5318 59.1982 -0.4851 -0.5261 0.6985 0.4488 0.6733
charger_material_0.bmp
  7 -17.3140 -0.5318 59.1982 -0.4851 -0.5261 0.6985 0.4488 0.6733
  7 -17.2379 1.8418 60.2505 -0.4933 -0.3095 0.8129 0.4488 0.7010
  7 -18.7997 2.1378 59.5590 -0.3665 -0.3032 0.8796 0.4291 0.7010
charger_material_0.bmp
  8 -24.0455 3.7119 59.4513 -0.0985 -0.0721 0.9925 0.3642 0.7228
  7 -21.1652 2.1973 58.9265 -0.1139 -0.4068 0.9064 0.3957 0.7010
  7 -20.8566 4.3550 59.6947 -0.1338 -0.1177 0.9840 0.4016 0.7248
charger_material_0.bmp
  7 -20.8566 4.3550 59.6947 -0.1338 -0.1177 0.9840 0.4016 0.7248
  7 -21.1652 2.1973 58.9265 -0.1139 -0.4068 0.9064 0.3957 0.7010
  7 -18.7997 2.1378 59.5590 -0.3665 -0.3032 0.8796 0.4291 0.7010
charger_material_0.bmp
  7 -21.1652 2.1973 58.9265 -0.1139 -0.4068 0.9064 0.3957 0.7010
  7 -19.0051 -0.1049 58.2663 -0.3103 -0.5361 0.7850 0.4232 0.6713
  7 -18.7997 2.1378 59.5590 -0.3665 -0.3032 0.8796 0.4291 0.7010
charger_material_0.bmp
  7 -18.7997 2.1378 59.5590 -0.3665 -0.3032 0.8796 0.4291 0.7010
  7 -19.0051 -0.1049 58.2663 -0.3103 -0.5361 0.7850 0.4232 0.6713
  7 -17.3140 -0.5318 59.1982 -0.4851 -0.5261 0.6985 0.4488 0.6733
charger_material_0.bmp
  7 -21.1480 -1.2273 56.8137 -0.1962 -0.7533 0.6278 0.3917 0.6535
  7 -18.6756 -2.2094 55.5705 -0.0736 -0.9358 0.3447 0.4232 0.6297
  7 -19.0179 -1.2749 57.1709 -0.2797 -0.7962 0.5366 0.4213 0.6535
charger_material_0.bmp
  7 -19.0179 -1.2749 57.1709 -0.2797 -0.7962 0.5366 0.4213 0.6535
  7 -18.6756 -2.2094 55.5705 -0.0736 -0.9358 0.3447 0.4232 0.6297
  7 -16.9119 -2.2988 55.9315 -0.2155 -0.9605 0.1759 0.4469 0.6277
charger_material_0.bmp
  7 -18.6756 -2.2094 55.5705 -0.0736 -0.9358 0.3447 0.4232 0.6297
  7 -16.8888 -2.6417 53.8550 0.0299 -0.9983 -0.0494 0.4429 0.6000
  7 -16.9119 -2.2988 55.9315 -0.2155 -0.9605 0.1759 0.4469 0.6277
charger_material_0.bmp
  7 -16.9119 -2.2988 55.9315 -0.2155 -0.9605 0.1759 0.4469 0.6277
  7 -16.8888 -2.6417 53.8550 0.0299 -0.9983 -0.0494 0.4429 0.6000
  7 -15.4464 -2.5961 54.0839 -0.1166 -0.9799 -0.1620 0.4626 0.5960
charger_material_0.bmp
  2 -5.5099 -5.2318 45.2505 -0.3878 -0.9217 0.0048 0.5453 0.4653
  2 -3.4599 -5.5424 45.9902 -0.1739 -0.9792 0.1047 0.5709 0.4653
  2 -5.5098 -4.6633 47.1210 -0.3372 -0.9414 -0.0072 0.5512 0.4911
charger_material_0.bmp
  2 -5.5098 -4.6633 47.1210 -0.3372 -0.9414 -0.0072 0.5512 0.4911
  2 -3.4599 -5.5424 45.9902 -0.1739 -0.9792 0.1047 0.5709 0.4653
  2 -3.7398 -5.3940 47.8903 -0.2023 -0.9736 -0.1062 0.5768 0.4891
charger_material_0.bmp
  2 -3.4599 -5.5424 45.9902 -0.1739 -0.9792 0.1047 0.5709 0.4653
  2 -1.9698 -5.6233 47.0800 -0.1293 -0.9914 -0.0199 0.5925 0.4693
  2 -3.7398 -5.3940 47.8903 -0.2023 -0.9736 -0.1062 0.5768 0.4891
charger_material_0.bmp
  2 -3.7398 -5.3940 47.8903 -0.2023 -0.9736 -0.1062 0.5768 0.4891
  2 -1.9698 -5.6233 47.0800 -0.1293 -0.9914 -0.0199 0.5925 0.4693
  2 -2.1597 -5.7147 48.8300 -0.1654 -0.9750 -0.1482 0.6004 0.4911
charger_material_0.bmp
  1 -8.1400 4.7462 41.6413 0.6757 -0.2580 0.6905 0.7382 0.8139
  1 -8.8900 2.2862 41.4413 0.6485 -0.1297 0.7501 0.7323 0.8416
  1 -8.6800 2.2462 41.2413 0.7046 -0.1408 0.6955 0.7303 0.8396
charger_material_0.bmp
  1 -8.6800 2.2462 41.2413 0.7046 -0.1408 0.6955 0.7303 0.8396
  1 -8.8900 2.2862 41.4413 0.6485 -0.1297 0.7501 0.7323 0.8416
  1 -8.4200 0.2362 40.9013 0.5714 0.0238 0.8203 0.7185 0.8594
charger_material_0.bmp
  1 -8.8900 2.2862 41.4413 0.6485 -0.1297 0.7501 0.7323 0.8416
  1 -8.9200 0.0362 41.1913 0.4441 0.0771 0.8927 0.7224 0.8634
  1 -8.4200 0.2362 40.9013 0.5714 0.0238 0.8203 0.7185 0.8594
charger_material_0.bmp
  1 -8.4200 0.2362 40.9013 0.5714 0.0238 0.8203 0.7185 0.8594
  1 -8.9200 0.0362 41.1913 0.4441 0.0771 0.8927 0.7224 0.8634
  1 -7.6100 -1.7938 40.9513 0.3252 0.3029 0.8958 0.7047 0.8772
charger_material_0.bmp
  4 -3.9000 -0.2424 62.2259 -0.6025 -0.6694 0.4347 0.6417 0.6970
  4 -4.1100 -0.8964 61.4143 -0.4305 -0.6781 0.5956 0.6398 0.6832
  4 -3.6500 -0.8080 62.0897 -0.6474 -0.6618 0.3780 0.6476 0.6911
charger_material_0.bmp
  4 -3.9000 -0.2424 62.2259 -0.6025 -0.6694 0.4347 0.6417 0.6970
  4 -4.9800 -0.4338 61.4378 -0.2788 -0.7033 0.6539 0.6299 0.6871
  4 -4.1100 -0.8964 61.4143 -0.4305 -0.6781 0.5956 0.6398 0.6832
charger_material_0.bmp
  4 -3.9000 -0.2424 62.2259 -0.6025 -0.6694 0.4347 0.6417 0.6970
  4 -4.8700 0.4225 62.4551 -0.2396 -0.9055 0.3504 0.6319 0.7030
  4 -4.9800 -0.4338 61.4378 -0.2788 -0.7033 0.6539 0.6299 0.6871
charger_material_0.bmp
  4 -3.9000 -0.2424 62.2259 -0.6025 -0.6694 0.4347 0.6417 0.6970
  4 -4.0100 -0.0244 62.8867 -0.5079 -0.8268 0.2419 0.6437 0.7050
  4 -4.8700 0.4225 62.4551 -0.2396 -0.9055 0.3504 0.6319 0.7030
charger_material_0.bmp
  4 -2.9400 -3.1243 62.3289 -0.9709 -0.1529 -0.1846 0.6732 0.6713
  4 -3.1100 -3.3639 62.8328 -0.9351 -0.1761 -0.3076 0.6791 0.6733
  4 -3.2300 -2.6734 63.0368 -0.9627 0.0018 -0.2705 0.6752 0.6832
charger_material_0.bmp
  4 -2.9400 -3.1243 62.3289 -0.9709 -0.1529 -0.1846 0.6732 0.6713
  4 -2.8600 -3.6043 62.2679 -0.9474 -0.2325 -0.2199 0.6752 0.6653
  4 -3.1100 -3.3639 62.8328 -0.9351 -0.1761 -0.3076 0.6791 0.6733
charger_material_0.bmp
  4 -2.9400 -3.1243 62.3289 -0.9709 -0.1529 -0.1846 0.6732 0.6713
  4 -2.8400 -3.3395 61.5759 -0.9799 -0.1746 -0.0960 0.6673 0.6614
  4 -2.8600 -3.6043 62.2679 -0.9474 -0.2325 -0.2199 0.6752 0.6653
charger_material_0.bmp
  4 -2.9400 -3.1243 62.3289 -0.9709 -0.1529 -0.1846 0.6732 0.6713
  4 -2.8900 -3.0327 61.4765 -0.9360 -0.3504 0.0335 0.6634 0.6634
  4 -2.8400 -3.3395 61.5759 -0.9799 -0.1746 -0.0960 0.6673 0.6614
charger_material_0.bmp
  4 -3.4500 -4.8750 64.0889 -0.9225 -0.3854 -0.0213 0.8287 0.5901
  4 -3.1400 -5.3100 64.0499 -0.7464 -0.6142 -0.2562 0.8346 0.5881
  4 -3.2300 -5.3000 64.2618 -0.8669 -0.4984 0.0088 0.8346 0.5921
charger_material_0.bmp
  4 -3.4500 -4.8750 64.0889 -0.9225 -0.3854 -0.0213 0.8287 0.5901
  4 -3.3100 -5.0094 63.7583 -0.8457 -0.5168 -0.1333 0.8307 0.5842
  4 -3.1400 -5.3100 64.0499 -0.7464 -0.6142 -0.2562 0.8346 0.5881
charger_material_0.bmp
  4 -3.4500 -4.8750 64.0889 -0.9225 -0.3854 -0.0213 0.8287 0.5901
  4 -3.3500 -4.7762 63.5406 -0.9190 -0.2439 -0.3098 0.8268 0.5802
  4 -3.3100 -5.0094 63.7583 -0.8457 -0.5168 -0.1333 0.8307 0.5842
charger_material_0.bmp
  4 -3.4500 -4.8750 64.0889 -0.9225 -0.3854 -0.0213 0.8287 0.5901
  4 -3.5300 -4.5882 64.0443 -0.9697 -0.2429 -0.0241 0.8248 0.5881
  4 -3.3500 -4.7762 63.5406 -0.9190 -0.2439 -0.3098 0.8268 0.5802
charger_material_0.bmp
  4 -2.1100 -6.0036 63.5106 -0.0236 -0.9401 -0.3402 0.8524 0.5802
  4 -2.0800 -6.0036 63.5106 -0.1630 -0.9610 -0.2233 0.8524 0.5802
  4 -2.0700 -6.0256 63.5555 -0.2035 -0.7098 -0.6744 0.8524 0.5802
charger_material_0.bmp
  4 -2.1100 -6.0036 63.5106 -0.0236 -0.9401 -0.3402 0.8524 0.5802
  4 -2.0500 -6.0257 63.3417 0.0453 -0.9979 0.0469 0.8524 0.5782
  4 -2.0800 -6.0036 63.5106 -0.1630 -0.9610 -0.2233 0.8524 0.5802
charger_material_0.bmp
  4 -2.1100 -6.0036 63.5106 -0.0236 -0.9401 -0.3402 0.8524 0.5802
  4 -2.1600 -5.9360 63.1718 -0.1120 -0.9924 0.0512 0.8524 0.5743
  4 -2.0500 -6.0257 63.3417 0.0453 -0.9979 0.0469 0.8524 0.5782
charger_material_0.bmp
  4 -2.1100 -6.0036 63.5106 -0.0236 -0.9401 -0.3402 0.8524 0.5802
  4 -2.3600 -5.9578 63.4305 -0.0672 -0.9853 -0.1569 0.8484 0.5782
  4 -2.1600 -5.9360 63.1718 -0.1120 -0.9924 0.0512 0.8524 0.5743
charger_material_0.bmp
  4 -2.2100 -6.4175 63.7424 -0.5360 -0.7043 -0.4655 0.8543 0.5861
  4 -2.4500 -6.0785 63.5452 -0.0047 -0.5906 -0.8070 0.8484 0.5822
  4 -2.1100 -6.3184 63.6216 -0.2035 -0.0773 -0.9760 0.8543 0.5842
charger_material_0.bmp
  4 -2.2100 -6.4175 63.7424 -0.5360 -0.7043 -0.4655 0.8543 0.5861
  4 -2.5800 -6.1228 63.6861 -0.4762 -0.7988 -0.3676 0.8465 0.5842
  4 -2.4500 -6.0785 63.5452 -0.0047 -0.5906 -0.8070 0.8484 0.5822
charger_material_0.bmp
  4 -2.2100 -6.4175 63.7424 -0.5360 -0.7043 -0.4655 0.8543 0.5861
  4 -2.6000 -6.1385 63.9232 -0.8111 -0.5839 -0.0340 0.8465 0.5881
  4 -2.5800 -6.1228 63.6861 -0.4762 -0.7988 -0.3676 0.8465 0.5842
charger_material_0.bmp
  4 -2.2100 -6.4175 63.7424 -0.5360 -0.7043 -0.4655 0.8543 0.5861
  4 -2.2700 -6.4645 63.9754 -0.6067 -0.7911 -0.0775 0.8524 0.5901
  4 -2.6000 -6.1385 63.9232 -0.8111 -0.5839 -0.0340 0.8465 0.5881
charger_material_0.bmp
  8 -35.4407 6.6989 55.7824 -0.3583 0.7420 0.5667 0.2402 0.7743
  8 -35.3944 4.2268 57.3302 -0.4027 0.2889 0.8685 0.2382 0.7485
  8 -31.8329 4.9384 57.9890 -0.2101 0.2840 0.9355 0.2776 0.7485
charger_material_0.bmp
  8 -35.4407 6.6989 55.7824 -0.3583 0.7420 0.5667 0.2402 0.7743
  8 -38.4150 5.5395 54.6476 -0.5116 0.6067 0.6084 0.2008 0.7743
  8 -35.3944 4.2268 57.3302 -0.4027 0.2889 0.8685 0.2382 0.7485
charger_material_0.bmp
  8 -35.4407 6.6989 55.7824 -0.3583 0.7420 0.5667 0.2402 0.7743
  8 -38.0372 6.6853 52.7155 -0.3064 0.9514 0.0310 0.2008 0.7960
  8 -38.4150 5.5395 54.6476 -0.5116 0.6067 0.6084 0.2008 0.7743
charger_material_0.bmp
  8 -35.4407 6.6989 55.7824 -0.3583 0.7420 0.5667 0.2402 0.7743
  8 -35.0525 7.7066 53.4083 -0.2959 0.9481 0.1163 0.2402 0.7980
  8 -38.0372 6.6853 52.7155 -0.3064 0.9514 0.0310 0.2008 0.7960
charger_material_0.bmp
  8 -47.4335 -1.4743 45.1087 -0.7572 0.6513 0.0505 0.0276 0.7188
  8 -46.8867 -1.2455 44.8103 -0.3933 0.9193 -0.0150 0.0217 0.7248
  8 -47.5197 -1.4997 44.4921 -0.7368 0.6610 -0.1420 0.0197 0.7168
charger_material_0.bmp
  8 -47.4335 -1.4743 45.1087 -0.7572 0.6513 0.0505 0.0276 0.7188
  8 -46.5672 -1.0448 45.5277 -0.7871 -0.5782 -0.2150 0.0315 0.7307
  8 -46.8867 -1.2455 44.8103 -0.3933 0.9193 -0.0150 0.0217 0.7248
charger_material_0.bmp
  8 -47.4335 -1.4743 45.1087 -0.7572 0.6513 0.0505 0.0276 0.7188
  8 -47.1525 -1.2967 46.3875 -0.7466 0.6574 0.1023 0.0433 0.7228
  8 -46.5672 -1.0448 45.5277 -0.7871 -0.5782 -0.2150 0.0315 0.7307
charger_material_0.bmp
  8 -47.4335 -1.4743 45.1087 -0.7572 0.6513 0.0505 0.0276 0.7188
  8 -47.5977 -2.0465 45.3368 -0.9942 0.0275 0.1040 0.0315 0.7109
  8 -47.1525 -1.2967 46.3875 -0.7466 0.6574 0.1023 0.0433 0.7228
charger_material_0.bmp
  8 -45.7418 -5.6266 44.2054 -0.0299 -0.9434 -0.3302 0.0571 0.6178
  8 -46.2476 -5.4669 44.5398 -0.5440 -0.8389 0.0170 0.0531 0.6257
  8 -46.2946 -5.3506 43.9878 -0.6117 -0.7822 -0.1186 0.0492 0.6218
charger_material_0.bmp
  8 -46.2946 -5.3506 43.9878 -0.6117 -0.7822 -0.1186 0.0492 0.6218
  8 -46.2476 -5.4669 44.5398 -0.5440 -0.8389 0.0170 0.0531 0.6257
  8 -46.6339 -4.8942 43.9694 -0.8491 -0.5126 -0.1276 0.0433 0.6257
charger_material_0.bmp
  8 -46.2476 -5.4669 44.5398 -0.5440 -0.8389 0.0170 0.0531 0.6257
  8 -46.7531 -4.9472 44.7185 -0.9125 -0.3969 0.0992 0.0492 0.6317
  8 -46.6339 -4.8942 43.9694 -0.8491 -0.5126 -0.1276 0.0433 0.6257
charger_material_0.bmp
  8 -46.6339 -4.8942 43.9694 -0.8491 -0.5126 -0.1276 0.0433 0.6257
  8 -46.7531 -4.9472 44.7185 -0.9125 -0.3969 0.0992 0.0492 0.6317
  8 -46.8225 -4.2297 44.0082 -0.9790 0.1525 -0.1355 0.0374 0.6317
charger_material_0.bmp
  8 -46.6372 -1.3570 43.9546 -0.0683 0.8253 -0.5605 0.0098 0.6812
  8 -45.7465 -1.6166 44.0197 0.4994 0.4910 -0.7139 0.0138 0.6772
  8 -46.6184 -1.7911 43.6017 0.0733 0.2935 -0.9531 0.0118 0.6832
charger_material_0.bmp
  8 -46.6184 -1.7911 43.6017 0.0733 0.2935 -0.9531 0.0118 0.6832
  8 -45.7465 -1.6166 44.0197 0.4994 0.4910 -0.7139 0.0138 0.6772
  8 -45.6597 -2.4989 43.9524 0.5648 -0.3618 -0.7417 0.0197 0.6812
charger_material_0.bmp
  8 -45.7465 -1.6166 44.0197 0.4994 0.4910 -0.7139 0.0138 0.6772
  8 -45.1856 -2.4570 44.5372 0.8025 -0.1932 -0.5645 0.0217 0.6772
  8 -45.6597 -2.4989 43.9524 0.5648 -0.3618 -0.7417 0.0197 0.6812
charger_material_0.bmp
  8 -45.6597 -2.4989 43.9524 0.5648 -0.3618 -0.7417 0.0197 0.6812
  8 -45.1856 -2.4570 44.5372 0.8025 -0.1932 -0.5645 0.0217 0.6772
  8 -45.5603 -2.9951 44.7905 0.4683 -0.8197 -0.3298 0.0276 0.6812
charger_material_0.bmp
  8 -36.7636 -1.6483 46.8300 0.4729 0.1736 -0.8638 0.1909 0.9505
  8 -37.6911 -3.3282 45.8015 0.5296 0.1863 -0.8275 0.1693 0.9743
  8 -38.2737 -1.3690 45.8826 0.3640 0.2528 -0.8964 0.1654 0.9426
charger_material_0.bmp
  8 -38.2737 -1.3690 45.8826 0.3640 0.2528 -0.8964 0.1654 0.9426
  8 -37.6911 -3.3282 45.8015 0.5296 0.1863 -0.8275 0.1693 0.9743
  8 -38.7744 -2.8931 45.2223 0.2635 0.2667 -0.9271 0.1535 0.9644
charger_material_0.bmp
  8 -37.6911 -3.3282 45.8015 0.5296 0.1863 -0.8275 0.1693 0.9743
  8 -38.7483 -4.7610 44.8328 0.4177 0.1900 -0.8885 0.1476 0.9941
  8 -38.7744 -2.8931 45.2223 0.2635 0.2667 -0.9271 0.1535 0.9644
charger_material_0.bmp
  8 -38.7744 -2.8931 45.2223 0.2635 0.2667 -0.9271 0.1535 0.9644
  8 -38.7483 -4.7610 44.8328 0.4177 0.1900 -0.8885 0.1476 0.9941
  8 -39.2731 -4.3872 44.7367 0.1896 0.2650 -0.9454 0.1417 0.9861
charger_material_0.bmp
  1 -7.6100 6.5962 42.9313 -0.7231 0.5340 -0.4381 0.4429 0.9842
  1 -8.5900 4.9062 42.9313 -0.8241 0.4549 -0.3375 0.4193 0.9901
  1 -9.1000 5.0662 44.4313 -0.8443 0.3047 -0.4407 0.4213 0.9723
charger_material_0.bmp
  1 -7.6100 6.5962 42.9313 -0.7231 0.5340 -0.4381 0.4429 0.9842
  1 -8.1400 4.7462 41.6413 -0.7960 0.4748 -0.3754 0.4193 1.0000
  1 -8.5900 4.9062 42.9313 -0.8241 0.4549 -0.3375 0.4193 0.9901
charger_material_0.bmp
  1 -7.6100 6.5962 42.9313 -0.7231 0.5340 -0.4381 0.4429 0.9842
  1 -7.0900 6.3662 41.6413 -0.6576 0.6420 -0.3941 0.4390 1.0000
  1 -8.1400 4.7462 41.6413 -0.7960 0.4748 -0.3754 0.4193 1.0000
charger_material_0.bmp
  1 -7.6100 6.5962 42.9313 -0.7231 0.5340 -0.4381 0.4429 0.9842
  1 -6.1100 7.1262 41.8213 -0.4166 0.7764 -0.4729 0.4606 1.0000
  1 -7.0900 6.3662 41.6413 -0.6576 0.6420 -0.3941 0.4390 1.0000
charger_material_0.bmp
  4 -0.6400 -6.7364 63.1925 0.1810 -0.7319 -0.6569 0.8760 0.5802
  4 -0.6600 -6.8229 63.2192 0.0583 -0.6395 -0.7666 0.8740 0.5802
  4 -0.8200 -6.6985 63.1242 -0.1895 -0.7907 -0.5821 0.8720 0.5782
charger_material_0.bmp
  4 -0.8200 -6.6985 63.1242 -0.1895 -0.7907 -0.5821 0.8720 0.5782
  4 -0.6600 -6.8229 63.2192 0.0583 -0.6395 -0.7666 0.8740 0.5802
  4 -0.8600 -6.7677 63.1883 -0.1549 -0.5723 -0.8053 0.8720 0.5802
charger_material_0.bmp
  4 -0.6600 -6.8229 63.2192 0.0583 -0.6395 -0.7666 0.8740 0.5802
  4 -0.8700 -6.8921 63.2833 0.0049 -0.7390 -0.6737 0.8720 0.5822
  4 -0.8600 -6.7677 63.1883 -0.1549 -0.5723 -0.8053 0.8720 0.5802
charger_material_0.bmp
  4 -0.6400 -5.1870 60.6463 0.0910 0.1111 0.9896 0.7165 0.6455
  4 -0.9700 -5.1303 60.6762 0.1938 -0.1073 0.9752 0.7106 0.6475
  4 -0.9300 -5.6388 60.7326 -0.0658 -0.1292 0.9894 0.7126 0.6396
charger_material_0.bmp
  4 -0.9300 -5.6388 60.7326 -0.0658 -0.1292 0.9894 0.7126 0.6396
  4 -0.9700 -5.1303 60.6762 0.1938 -0.1073 0.9752 0.7106 0.6475
  4 -1.1600 -5.4306 60.7030 0.2263 -0.0601 0.9722 0.7067 0.6436
charger_material_0.bmp
  4 -0.9700 -5.1303 60.6762 0.1938 -0.1073 0.9752 0.7106 0.6475
  4 -1.3300 -5.2098 60.7932 0.4740 -0.2143 0.8540 0.7028 0.6495
  4 -1.1600 -5.4306 60.7030 0.2263 -0.0601 0.9722 0.7067 0.6436
charger_material_0.bmp
  4 -0.7900 -4.7227 59.5598 -0.1263 -0.1304 -0.9834 0.6811 0.6257
  4 -1.1800 -4.7035 59.6070 -0.2154 -0.1957 -0.9567 0.6772 0.6277
  4 -0.8200 -4.3747 59.4627 -0.0974 -0.5323 -0.8409 0.6772 0.6218
charger_material_0.bmp
  4 -0.8200 -4.3747 59.4627 -0.0974 -0.5323 -0.8409 0.6772 0.6218
  4 -1.1800 -4.7035 59.6070 -0.2154 -0.1957 -0.9567 0.6772 0.6277
  4 -1.2200 -4.3888 59.4959 -0.2140 -0.5432 -0.8119 0.6732 0.6257
charger_material_0.bmp
  4 -1.1800 -4.7035 59.6070 -0.2154 -0.1957 -0.9567 0.6772 0.6277
  4 -1.4700 -4.5804 59.6649 -0.3259 -0.3767 -0.8671 0.6732 0.6297
  4 -1.2200 -4.3888 59.4959 -0.2140 -0.5432 -0.8119 0.6732 0.6257
charger_material_0.bmp
  4 -1.3200 -5.4735 61.5970 0.3049 0.4304 -0.8496 0.8602 0.5465
  4 -1.2100 -5.7510 61.4769 0.1339 0.4437 -0.8861 0.8642 0.5485
  4 -1.4100 -5.5592 61.5217 0.0812 0.3886 -0.9178 0.8602 0.5485
charger_material_0.bmp
  4 -1.4100 -5.5592 61.5217 0.0812 0.3886 -0.9178 0.8602 0.5485
  4 -1.2100 -5.7510 61.4769 0.1339 0.4437 -0.8861 0.8642 0.5485
  4 -1.2800 -5.8427 61.4232 -0.0928 0.2555 -0.9624 0.8642 0.5485
charger_material_0.bmp
  4 -1.2100 -5.7510 61.4769 0.1339 0.4437 -0.8861 0.8642 0.5485
  4 -1.0600 -6.0126 61.3335 -0.3029 -0.2641 -0.9157 0.8681 0.5485
  4 -1.2800 -5.8427 61.4232 -0.0928 0.2555 -0.9624 0.8642 0.5485
charger_material_0.bmp
  4 -1.2500 -4.7109 61.1661 0.3667 -0.9302 0.0163 0.7047 0.6614
  4 -1.2500 -4.7201 61.3308 0.2016 -0.9231 -0.3276 0.7047 0.6634
  4 -1.4600 -4.8066 61.3575 0.3414 -0.9059 -0.2505 0.7008 0.6634
charger_material_0.bmp
  4 -1.4600 -4.8066 61.3575 0.3414 -0.9059 -0.2505 0.7008 0.6634
  4 -1.2500 -4.7201 61.3308 0.2016 -0.9231 -0.3276 0.7047 0.6634
  4 -1.2500 -4.8019 61.4889 0.1830 -0.8646 -0.4680 0.7047 0.6653
charger_material_0.bmp
  4 -1.2500 -4.7201 61.3308 0.2016 -0.9231 -0.3276 0.7047 0.6634
  4 -0.6600 -4.7818 61.4342 -0.0627 -0.8854 -0.4606 0.7146 0.6653
  4 -1.2500 -4.8019 61.4889 0.1830 -0.8646 -0.4680 0.7047 0.6653
charger_material_0.bmp
  4 -1.1900 -6.3711 62.4405 -0.1999 -0.9512 -0.2349 0.8681 0.5663
  4 -1.0800 -6.3730 62.4307 0.1683 -0.9187 -0.3574 0.8701 0.5663
  4 -1.1300 -6.4813 62.7161 -0.2341 -0.9447 -0.2297 0.8681 0.5703
charger_material_0.bmp
  4 -1.1300 -6.4813 62.7161 -0.2341 -0.9447 -0.2297 0.8681 0.5703
  4 -1.0800 -6.3730 62.4307 0.1683 -0.9187 -0.3574 0.8701 0.5663
  4 -1.0400 -6.4752 62.6946 0.4816 -0.7888 -0.3819 0.8701 0.5683
charger_material_0.bmp
  4 -1.0800 -6.3730 62.4307 0.1683 -0.9187 -0.3574 0.8701 0.5663
  4 -0.6700 -5.9794 62.7322 0.7339 -0.5393 -0.4128 0.8760 0.5663
  4 -1.0400 -6.4752 62.6946 0.4816 -0.7888 -0.3819 0.8701 0.5683
charger_material_0.bmp
  9 -3.8634 7.8023 31.4412 -0.2658 0.9450 -0.1908 0.7913 0.9941
  9 -4.1598 7.2537 29.8913 -0.2067 0.9371 -0.2812 0.7913 0.9782
  9 -6.6991 6.9310 30.5765 -0.5016 0.8555 -0.1284 0.8150 0.9822
charger_material_0.bmp
  9 -6.6991 6.9310 30.5765 -0.5016 0.8555 -0.1284 0.8150 0.9822
  9 -4.1598 7.2537 29.8913 -0.2067 0.9371 -0.2812 0.7913 0.9782
  9 -6.8377 6.0356 27.5995 -0.3651 0.9012 -0.2336 0.8150 0.9505
charger_material_0.bmp
  9 -4.1598 7.2537 29.8913 -0.2067 0.9371 -0.2812 0.7913 0.9782
  9 -4.6958 6.4686 27.1738 -0.1560 0.9682 -0.1956 0.7933 0.9485
  9 -6.8377 6.0356 27.5995 -0.3651 0.9012 -0.2336 0.8150 0.9505
charger_material_0.bmp
  2 -7.9499 -6.3319 45.2998 -0.8723 -0.4008 -0.2800 0.0610 0.2515
  1 -8.1600 -4.8038 43.8613 -0.8735 -0.4093 -0.2637 0.0591 0.2376
  2 -7.8799 -6.3117 45.0898 -0.5191 -0.5347 -0.6668 0.0650 0.2515
charger_material_0.bmp
  2 -7.8799 -6.3117 45.0898 -0.5191 -0.5347 -0.6668 0.0650 0.2515
  1 -8.1600 -4.8038 43.8613 -0.8735 -0.4093 -0.2637 0.0591 0.2376
  1 -8.1500 -4.8238 43.8613 -0.7222 -0.5970 -0.3493 0.0591 0.2356
charger_material_0.bmp
  1 -8.1600 -4.8038 43.8613 -0.8735 -0.4093 -0.2637 0.0591 0.2376
  1 -8.2800 -3.5638 42.0213 -0.7856 0.1873 0.5897 0.0492 0.2218
  1 -8.1500 -4.8238 43.8613 -0.7222 -0.5970 -0.3493 0.0591 0.2356
charger_material_0.bmp
  9 -8.8763 2.5963 37.6626 -0.9961 0.0873 0.0108 0.0098 0.1604
  9 -9.1276 0.1684 37.6730 -0.9935 -0.1087 -0.0349 0.0276 0.1604
  1 -8.7200 2.3762 39.3013 -0.9899 0.1291 -0.0589 0.0098 0.1802
charger_material_0.bmp
  1 -8.7200 2.3762 39.3013 -0.9899 0.1291 -0.0589 0.0098 0.1802
  9 -9.1276 0.1684 37.6730 -0.9935 -0.1087 -0.0349 0.0276 0.1604
  1 -9.1600 -0.1038 39.2813 -0.9899 -0.0964 -0.1037 0.0276 0.1822
charger_material_0.bmp
  9 -9.1276 0.1684 37.6730 -0.9935 -0.1087 -0.0349 0.0276 0.1604
  1 -8.2200 -2.7638 38.9913 -0.8241 -0.5459 -0.1512 0.0551 0.1802
  1 -9.1600 -0.1038 39.2813 -0.9899 -0.0964 -0.1037 0.0276 0.1822
charger_material_0.bmp
  4 -2.7300 -3.5149 60.9782 -0.9474 -0.2325 -0.2199 0.6634 0.6535
  4 -2.7900 -3.2334 60.8531 -0.7918 -0.6081 0.0567 0.6594 0.6535
  4 -2.5500 -3.5404 60.5249 -0.8830 -0.4270 -0.1947 0.6614 0.6475
charger_material_0.bmp
  4 -2.5500 -3.5404 60.5249 -0.8830 -0.4270 -0.1947 0.6614 0.6475
  4 -2.7900 -3.2334 60.8531 -0.7918 -0.6081 0.0567 0.6594 0.6535
  4 -2.7500 -3.3805 60.4027 -0.6291 -0.7683 0.1176 0.6575 0.6475
charger_material_0.bmp
  4 -2.7900 -3.2334 60.8531 -0.7918 -0.6081 0.0567 0.6594 0.6535
  4 -3.2100 -3.1103 60.2187 -0.6345 -0.6978 0.3324 0.6516 0.6495
  4 -2.7500 -3.3805 60.4027 -0.6291 -0.7683 0.1176 0.6575 0.6475
charger_material_0.bmp
  4 -4.3900 1.3420 65.0282 -0.1825 -0.6684 0.7210 0.6378 0.7366
  4 -3.7500 0.2574 63.8815 -0.4085 -0.7525 0.5166 0.6496 0.7188
  4 -3.1600 0.7206 64.7601 -0.3022 -0.6074 0.7347 0.6555 0.7327
charger_material_0.bmp
  4 -3.1600 0.7206 64.7601 -0.3022 -0.6074 0.7347 0.6555 0.7327
  4 -3.7500 0.2574 63.8815 -0.4085 -0.7525 0.5166 0.6496 0.7188
  4 -3.1900 -0.0540 64.0632 -0.5319 -0.5951 0.6024 0.6575 0.7188
charger_material_0.bmp
  4 -3.7500 0.2574 63.8815 -0.4085 -0.7525 0.5166 0.6496 0.7188
  4 -3.2400 -0.5004 63.2730 -0.7407 -0.5451 0.3927 0.6575 0.7069
  4 -3.1900 -0.0540 64.0632 -0.5319 -0.5951 0.6024 0.6575 0.7188
charger_material_0.bmp
  6 -9.5945 1.3087 63.4309 -0.4324 -0.5003 0.7502 0.5846 0.7188
  6 -11.3840 2.5386 62.5599 -0.5406 -0.2014 0.8168 0.5630 0.7248
  6 -10.8772 1.2124 62.4152 -0.4423 -0.4068 0.7993 0.5689 0.7149
charger_material_0.bmp
  6 -10.8772 1.2124 62.4152 -0.4423 -0.4068 0.7993 0.5689 0.7149
  6 -11.3840 2.5386 62.5599 -0.5406 -0.2014 0.8168 0.5630 0.7248
  6 -11.3621 0.9263 61.9651 -0.4507 -0.3099 0.8372 0.5630 0.7089
charger_material_0.bmp
  6 -11.3840 2.5386 62.5599 -0.5406 -0.2014 0.8168 0.5630 0.7248
  6 -12.3119 2.2717 61.9831 -0.9938 0.0238 0.1086 0.5531 0.7188
  6 -11.3621 0.9263 61.9651 -0.4507 -0.3099 0.8372 0.5630 0.7089
charger_material_0.bmp
  1 -6.5700 -3.4138 41.4913 -0.7090 -0.6733 -0.2099 0.5138 0.4356
  1 -6.9500 -3.9438 44.4513 -0.6756 -0.7151 -0.1795 0.5217 0.4653
  1 -8.0200 -2.0638 43.4013 -0.8573 -0.4724 -0.2047 0.4961 0.4535
charger_material_0.bmp
  1 -8.0200 -2.0638 43.4013 -0.8573 -0.4724 -0.2047 0.4961 0.4535
  1 -6.9500 -3.9438 44.4513 -0.6756 -0.7151 -0.1795 0.5217 0.4653
  2 -8.4498 -2.4624 45.9629 -0.8170 -0.5310 -0.2249 0.5020 0.4891
charger_material_0.bmp
  1 -6.9500 -3.9438 44.4513 -0.6756 -0.7151 -0.1795 0.5217 0.4653
  2 -7.0898 -3.9930 46.7116 -0.5665 -0.8127 -0.1361 0.5295 0.4931
  2 -8.4498 -2.4624 45.9629 -0.8170 -0.5310 -0.2249 0.5020 0.4891
charger_material_0.bmp
  3 -7.9000 -5.2722 52.1386 -0.5516 -0.8340 0.0144 0.5571 0.5624
  3 -8.7400 -4.3640 49.6231 -0.6730 -0.6773 -0.2970 0.5295 0.5366
  3 -6.8900 -5.3867 50.2899 -0.3242 -0.9078 -0.2660 0.5571 0.5366
charger_material_0.bmp
  3 -6.8900 -5.3867 50.2899 -0.3242 -0.9078 -0.2660 0.5571 0.5366
  3 -8.7400 -4.3640 49.6231 -0.6730 -0.6773 -0.2970 0.5295 0.5366
  2 -7.8397 -4.1046 48.7115 -0.4536 -0.7878 -0.4166 0.5315 0.5208
charger_material_0.bmp
  3 -8.7400 -4.3640 49.6231 -0.6730 -0.6773 -0.2970 0.5295 0.5366
  2 -8.9897 -2.8943 48.3726 -0.7367 -0.5705 -0.3630 0.5079 0.5208
  2 -7.8397 -4.1046 48.7115 -0.4536 -0.7878 -0.4166 0.5315 0.5208
charger_material_0.bmp
  9 -1.5123 7.9441 36.6627 0.0440 0.9881 0.1474 0.4193 0.1327
  9 -4.0223 7.7413 38.2019 -0.1128 0.9837 0.1398 0.4449 0.1564
  1 -1.4800 7.6262 38.6113 0.0250 0.9910 0.1315 0.4193 0.1564
charger_material_0.bmp
  1 -1.4800 7.6262 38.6113 0.0250 0.9910 0.1315 0.4193 0.1564
  9 -4.0223 7.7413 38.2019 -0.1128 0.9837 0.1398 0.4449 0.1564
  1 -4.0900 7.5862 39.9113 -0.0948 0.9901 -0.1033 0.4469 0.1782
charger_material_0.bmp
  9 -4.0223 7.7413 38.2019 -0.1128 0.9837 0.1398 0.4449 0.1564
  1 -5.7200 7.2062 39.6113 -0.3921 0.9185 -0.0520 0.4646 0.1762
  1 -4.0900 7.5862 39.9113 -0.0948 0.9901 -0.1033 0.4469 0.1782
charger_material_0.bmp
  9 -6.5915 7.0805 37.8192 -0.5932 0.8030 0.0575 0.4744 0.1545
  9 -4.0267 8.1657 36.3942 -0.2344 0.9684 0.0852 0.4449 0.1327
  9 -6.4433 7.0963 36.1618 -0.6569 0.7529 -0.0400 0.4724 0.1347
charger_material_0.bmp
  9 -6.4433 7.0963 36.1618 -0.6569 0.7529 -0.0400 0.4724 0.1347
  9 -4.0267 8.1657 36.3942 -0.2344 0.9684 0.0852 0.4449 0.1327
  9 -6.2688 7.1276 34.5711 -0.5932 0.8030 0.0575 0.4724 0.1149
charger_material_0.bmp
  9 -4.0267 8.1657 36.3942 -0.2344 0.9684 0.0852 0.4449 0.1327
  9 -3.8952 8.2855 34.6592 -0.1419 0.9899 0.0004 0.4429 0.1129
  9 -6.2688 7.1276 34.5711 -0.5932 0.8030 0.0575 0.4724 0.1149
charger_material_0.bmp
  4 -2.3100 -0.5802 64.8256 -0.6322 0.4920 0.5986 0.6772 0.7228
  4 -1.8200 -0.3943 65.1056 -0.3594 0.7239 0.5889 0.6831 0.7287
  4 -1.8600 -0.0891 64.7317 -0.3137 0.2108 0.9258 0.6772 0.7327
charger_material_0.bmp
  4 -1.8600 -0.0891 64.7317 -0.3137 0.2108 0.9258 0.6772 0.7327
  4 -1.8200 -0.3943 65.1056 -0.3594 0.7239 0.5889 0.6831 0.7287
  4 -1.4300 -0.0269 64.7910 -0.2356 0.5017 0.8323 0.6831 0.7366
charger_material_0.bmp
  4 -1.8200 -0.3943 65.1056 -0.3594 0.7239 0.5889 0.6831 0.7287
  4 -1.4300 -0.3348 65.2572 -0.3396 0.7885 0.5127 0.6870 0.7307
  4 -1.4300 -0.0269 64.7910 -0.2356 0.5017 0.8323 0.6831 0.7366
charger_material_0.bmp
  4 -1.5800 -4.8854 61.1587 -0.0672 -0.8554 0.5136 0.8563 0.5386
  4 -1.5700 -5.0838 60.9727 -0.1825 -0.6684 0.7210 0.8583 0.5366
  4 -1.4400 -5.0351 61.0143 0.1293 -0.6905 0.7117 0.8602 0.5366
charger_material_0.bmp
  4 -1.4400 -5.0351 61.0143 0.1293 -0.6905 0.7117 0.8602 0.5366
  4 -1.5700 -5.0838 60.9727 -0.1825 -0.6684 0.7210 0.8583 0.5366
  4 -1.3300 -5.2098 60.7932 0.3076 -0.5179 0.7982 0.8642 0.5347
charger_material_0.bmp
  4 -1.5700 -5.0838 60.9727 -0.1825 -0.6684 0.7210 0.8583 0.5366
  4 -1.4500 -5.3533 60.8410 -0.2788 -0.7033 0.6539 0.8642 0.5327
  4 -1.3300 -5.2098 60.7932 0.3076 -0.5179 0.7982 0.8642 0.5347
charger_material_0.bmp
  4 -3.4900 -4.3297 64.5446 -0.9198 -0.1711 0.3532 0.8228 0.5960
  4 -3.5400 -3.7983 64.5550 -0.9137 -0.1028 0.3931 0.8150 0.5980
  4 -3.6100 -4.1761 64.0164 -0.9759 -0.1167 -0.1843 0.8189 0.5881
charger_material_0.bmp
  4 -3.6100 -4.1761 64.0164 -0.9759 -0.1167 -0.1843 0.8189 0.5881
  4 -3.5400 -3.7983 64.5550 -0.9137 -0.1028 0.3931 0.8150 0.5980
  4 -3.6600 -3.7354 64.0849 -0.9887 -0.0656 -0.1347 0.8130 0.5921
charger_material_0.bmp
  4 -3.5400 -3.7983 64.5550 -0.9137 -0.1028 0.3931 0.8150 0.5980
  4 -3.7000 -3.0996 64.2687 -0.9965 0.0724 0.0429 0.8051 0.5980
  4 -3.6600 -3.7354 64.0849 -0.9887 -0.0656 -0.1347 0.8130 0.5921
charger_material_0.bmp
  4 -1.7000 -6.1123 63.3684 -0.0384 -0.8083 -0.5875 0.8583 0.5782
  4 -1.8400 -6.0590 63.3277 -0.2708 -0.7013 -0.6595 0.8563 0.5762
  4 -1.7000 -6.0525 63.2552 -0.0403 -0.6965 -0.7164 0.8583 0.5762
charger_material_0.bmp
  4 -1.7000 -6.0525 63.2552 -0.0403 -0.6965 -0.7164 0.8583 0.5762
  4 -1.8400 -6.0590 63.3277 -0.2708 -0.7013 -0.6595 0.8563 0.5762
  4 -1.8600 -5.9958 63.2851 -0.1883 -0.9290 -0.3187 0.8563 0.5762
charger_material_0.bmp
  4 -1.8400 -6.0590 63.3277 -0.2708 -0.7013 -0.6595 0.8563 0.5762
  4 -1.9500 -6.0556 63.3983 -0.4826 -0.6757 -0.5573 0.8543 0.5782
  4 -1.8600 -5.9958 63.2851 -0.1883 -0.9290 -0.3187 0.8563 0.5762
charger_material_0.bmp
  4 -1.6200 -6.3054 63.4766 -0.4168 0.1790 -0.8912 0.8602 0.5802
  4 -1.6700 -6.4794 63.4183 -0.4892 0.0393 -0.8713 0.8622 0.5822
  4 -1.8300 -6.4648 63.5478 -0.4746 0.1365 -0.8695 0.8583 0.5842
charger_material_0.bmp
  4 -1.8300 -6.4648 63.5478 -0.4746 0.1365 -0.8695 0.8583 0.5842
  4 -1.6700 -6.4794 63.4183 -0.4892 0.0393 -0.8713 0.8622 0.5822
  4 -1.8400 -6.6379 63.6013 -0.5436 -0.5649 -0.6208 0.8602 0.5861
charger_material_0.bmp
  4 -1.6700 -6.4794 63.4183 -0.4892 0.0393 -0.8713 0.8622 0.5822
  4 -1.5400 -6.6539 63.4109 -0.4156 -0.5280 -0.7406 0.8642 0.5842
  4 -1.8400 -6.6379 63.6013 -0.5436 -0.5649 -0.6208 0.8602 0.5861
charger_material_0.bmp
  4 -1.4800 -6.0356 63.3436 -0.4207 -0.7454 -0.5170 0.8602 0.5762
  4 -1.4500 -6.0763 63.2903 -0.6543 -0.6264 -0.4237 0.8622 0.5762
  4 -1.5000 -6.1440 63.4152 -0.4388 -0.4232 -0.7927 0.8602 0.5782
charger_material_0.bmp
  4 -1.5000 -6.1440 63.4152 -0.4388 -0.4232 -0.7927 0.8602 0.5782
  4 -1.4500 -6.0763 63.2903 -0.6543 -0.6264 -0.4237 0.8622 0.5762
  4 -1.4400 -6.1908 63.3834 -0.4693 -0.2038 -0.8592 0.8622 0.5782
charger_material_0.bmp
  4 -1.4500 -6.0763 63.2903 -0.6543 -0.6264 -0.4237 0.8622 0.5762
  4 -1.3400 -6.1348 63.2506 -0.5762 -0.7876 -0.2182 0.8622 0.5762
  4 -1.4400 -6.1908 63.3834 -0.4693 -0.2038 -0.8592 0.8622 0.5782
charger_material_0.bmp
  8 -40.1485 -6.4005 44.6574 0.0107 -0.9671 -0.2544 0.1319 0.5842
  8 -40.8273 -6.1076 43.8182 -0.4206 -0.6799 -0.6008 0.1220 0.5762
  8 -40.3047 -5.9664 43.5317 0.2075 -0.6784 -0.7048 0.1260 0.5703
charger_material_0.bmp
  8 -40.3047 -5.9664 43.5317 0.2075 -0.6784 -0.7048 0.1260 0.5703
  8 -40.8273 -6.1076 43.8182 -0.4206 -0.6799 -0.6008 0.1220 0.5762
  8 -40.4420 -5.5659 43.3941 -0.1739 -0.3675 -0.9136 0.1240 0.5663
charger_material_0.bmp
  8 -40.8273 -6.1076 43.8182 -0.4206 -0.6799 -0.6008 0.1220 0.5762
  8 -41.0424 -5.5707 43.6529 -0.5273 -0.4310 -0.7323 0.1161 0.5703
  8 -40.4420 -5.5659 43.3941 -0.1739 -0.3675 -0.9136 0.1240 0.5663
charger_material_0.bmp
  8 -41.1841 -5.7396 45.5415 -0.7430 -0.6668 0.0579 0.1161 0.5980
  8 -41.4636 -5.6519 44.4891 -0.8947 -0.4289 0.1244 0.1122 0.5842
  8 -40.8720 -6.3015 45.1127 -0.6231 -0.7698 0.1387 0.1240 0.5921
charger_material_0.bmp
  8 -40.8720 -6.3015 45.1127 -0.6231 -0.7698 0.1387 0.1240 0.5921
  8 -41.4636 -5.6519 44.4891 -0.8947 -0.4289 0.1244 0.1122 0.5842
  8 -41.3069 -6.0675 44.4871 -0.6828 -0.7172 -0.1393 0.1161 0.5842
charger_material_0.bmp
  8 -41.4636 -5.6519 44.4891 -0.8947 -0.4289 0.1244 0.1122 0.5842
  8 -41.3179 -5.6257 44.0181 -0.7720 -0.4415 -0.4573 0.1122 0.5762
  8 -41.3069 -6.0675 44.4871 -0.6828 -0.7172 -0.1393 0.1161 0.5842
charger_material_0.bmp
  8 -37.6911 -3.3282 45.8015 0.6499 0.1084 -0.7522 0.1772 0.5723
  8 -37.2809 -4.6920 45.9214 0.7168 -0.1058 -0.6892 0.1713 0.5861
  8 -38.7483 -4.7610 44.8328 0.6640 0.1817 -0.7253 0.1555 0.5703
charger_material_0.bmp
  8 -38.7483 -4.7610 44.8328 0.6640 0.1817 -0.7253 0.1555 0.5703
  8 -37.2809 -4.6920 45.9214 0.7168 -0.1058 -0.6892 0.1713 0.5861
  8 -38.4988 -5.3921 44.9285 0.6747 -0.2196 -0.7047 0.1535 0.5782
charger_material_0.bmp
  8 -37.2809 -4.6920 45.9214 0.7168 -0.1058 -0.6892 0.1713 0.5861
  8 -37.4487 -5.8202 46.3359 0.6343 -0.6332 -0.4436 0.1654 0.5960
  8 -38.4988 -5.3921 44.9285 0.6747 -0.2196 -0.7047 0.1535 0.5782
charger_material_0.bmp
  8 -41.4018 -5.2881 44.3345 -0.8868 0.3944 -0.2409 0.1280 0.5446
  8 -40.9521 -5.0486 43.7651 -0.5655 0.4358 -0.7002 0.1299 0.5525
  8 -41.3179 -5.6257 44.0181 -0.8649 0.1972 -0.4617 0.1220 0.5465
charger_material_0.bmp
  8 -41.3179 -5.6257 44.0181 -0.8649 0.1972 -0.4617 0.1220 0.5465
  8 -40.9521 -5.0486 43.7651 -0.5655 0.4358 -0.7002 0.1299 0.5525
  8 -41.0424 -5.5707 43.6529 -0.6060 0.2558 -0.7532 0.1240 0.5545
charger_material_0.bmp
  8 -40.9521 -5.0486 43.7651 -0.5655 0.4358 -0.7002 0.1299 0.5525
  8 -40.4420 -5.5659 43.3941 -0.1556 0.2665 -0.9512 0.1260 0.5624
  8 -41.0424 -5.5707 43.6529 -0.6060 0.2558 -0.7532 0.1240 0.5545
charger_material_0.bmp
  4 -2.8900 -4.1350 62.6341 -0.9862 0.0997 -0.1320 0.8189 0.5604
  4 -2.9000 -3.9018 62.2026 -0.9965 0.0724 0.0429 0.8209 0.5525
  4 -2.9200 -4.2326 62.1233 -0.9860 -0.1643 -0.0296 0.8248 0.5525
charger_material_0.bmp
  4 -2.9200 -4.2326 62.1233 -0.9860 -0.1643 -0.0296 0.8248 0.5525
  4 -2.9000 -3.9018 62.2026 -0.9965 0.0724 0.0429 0.8209 0.5525
  4 -2.9200 -4.1445 61.6789 -0.9799 -0.1746 -0.0960 0.8268 0.5446
charger_material_0.bmp
  4 -2.9000 -3.9018 62.2026 -0.9965 0.0724 0.0429 0.8209 0.5525
  4 -2.9300 -3.8185 61.6267 -0.9902 0.1042 -0.0930 0.8228 0.5426
  4 -2.9200 -4.1445 61.6789 -0.9799 -0.1746 -0.0960 0.8268 0.5446
charger_material_0.bmp
  8 -46.8084 -3.1101 44.1963 -0.1858 -0.8954 -0.4046 0.0197 0.6931
  8 -47.0477 -2.7106 43.8270 -0.2108 -0.5228 -0.8260 0.0138 0.6911
  8 -46.3688 -2.9469 43.9368 0.1465 -0.7561 -0.6379 0.0197 0.6871
charger_material_0.bmp
  8 -46.3688 -2.9469 43.9368 0.1465 -0.7561 -0.6379 0.0197 0.6871
  8 -47.0477 -2.7106 43.8270 -0.2108 -0.5228 -0.8260 0.0138 0.6911
  8 -46.4595 -2.5960 43.6119 -0.0050 -0.3017 -0.9534 0.0157 0.6871
charger_material_0.bmp
  8 -47.0477 -2.7106 43.8270 -0.2108 -0.5228 -0.8260 0.0138 0.6911
  8 -47.2043 -1.9154 43.8167 -0.3489 0.2403 -0.9058 0.0098 0.6871
  8 -46.4595 -2.5960 43.6119 -0.0050 -0.3017 -0.9534 0.0157 0.6871
charger_material_0.bmp
  8 -44.3753 -2.7502 45.2880 0.0274 -0.1947 -0.9805 0.0295 0.6673
  8 -45.0402 -1.4861 45.3111 0.4098 0.4568 -0.7895 0.0177 0.6673
  8 -44.4755 -0.7230 45.4381 -0.0973 0.2302 -0.9683 0.0157 0.6594
charger_material_0.bmp
  8 -44.4755 -0.7230 45.4381 -0.0973 0.2302 -0.9683 0.0157 0.6594
  8 -45.0402 -1.4861 45.3111 0.4098 0.4568 -0.7895 0.0177 0.6673
  8 -45.1929 -0.9179 45.6059 0.0234 0.4234 -0.9056 0.0118 0.6653
charger_material_0.bmp
  8 -45.0402 -1.4861 45.3111 0.4098 0.4568 -0.7895 0.0177 0.6673
  8 -45.9151 -0.9768 45.2506 0.1762 0.9028 -0.3922 0.0098 0.6693
  8 -45.1929 -0.9179 45.6059 0.0234 0.4234 -0.9056 0.0118 0.6653
charger_material_0.bmp
  8 -22.8931 6.6544 50.3401 0.1117 0.4548 -0.8836 0.3622 0.8614
  7 -20.2289 8.4433 51.3582 0.0710 0.6064 -0.7920 0.3957 0.8475
  7 -20.3872 6.9904 50.7318 0.2039 0.1665 -0.9647 0.3917 0.8614
charger_material_0.bmp
  7 -20.3872 6.9904 50.7318 0.2039 0.1665 -0.9647 0.3917 0.8614
  7 -20.2289 8.4433 51.3582 0.0710 0.6064 -0.7920 0.3957 0.8475
  7 -17.8123 6.9781 51.4445 0.0564 0.2339 -0.9706 0.4193 0.8772
charger_material_0.bmp
  7 -20.2289 8.4433 51.3582 0.0710 0.6064 -0.7920 0.3957 0.8475
  7 -17.6191 8.5650 51.9920 0.0352 0.6984 -0.7148 0.4291 0.8574
  7 -17.8123 6.9781 51.4445 0.0564 0.2339 -0.9706 0.4193 0.8772
charger_material_0.bmp
  4 -0.9600 -5.7927 60.6195 -0.4274 -0.7152 0.5530 0.8760 0.5327
  4 -0.6600 -5.8381 60.6486 -0.2323 -0.3435 0.9100 0.8799 0.5327
  4 -0.9300 -5.6388 60.7326 -0.0658 -0.1292 0.9894 0.8740 0.5347
charger_material_0.bmp
  4 -0.9300 -5.6388 60.7326 -0.0658 -0.1292 0.9894 0.8740 0.5347
  4 -0.6600 -5.8381 60.6486 -0.2323 -0.3435 0.9100 0.8799 0.5327
  4 -0.6500 -5.6916 60.7224 -0.0190 -0.2114 0.9772 0.8799 0.5347
charger_material_0.bmp
  4 -0.5100 -6.1988 61.3182 0.1343 -0.6966 -0.7048 0.8799 0.5505
  4 -0.5000 -6.2193 61.4239 0.1633 -0.9590 -0.2315 0.8799 0.5505
  4 -0.7200 -6.2619 61.3608 0.0619 -0.9022 -0.4268 0.8760 0.5505
charger_material_0.bmp
  4 -0.7200 -6.2619 61.3608 0.0619 -0.9022 -0.4268 0.8760 0.5505
  4 -0.5000 -6.2193 61.4239 0.1633 -0.9590 -0.2315 0.8799 0.5505
  4 -0.7200 -6.2665 61.4431 -0.0654 -0.9891 0.1322 0.8760 0.5505
charger_material_0.bmp
  9 -2.4460 -2.0016 29.7742 0.2511 -0.6667 -0.7017 0.9547 0.9802
  9 -2.8210 -1.0993 29.0399 0.4838 -0.4421 -0.7553 0.9547 0.9663
  9 -1.3342 -0.0089 29.3166 0.4838 -0.4421 -0.7553 0.9764 0.9723
charger_material_0.bmp
  9 -1.3342 -0.0089 29.3166 0.4838 -0.4421 -0.7553 0.9764 0.9723
  9 -2.8210 -1.0993 29.0399 0.4838 -0.4421 -0.7553 0.9547 0.9663
  9 -1.8438 0.6807 28.4409 0.4224 -0.6797 -0.5996 0.9724 0.9545
charger_material_0.bmp
  4 -1.4900 -4.3288 59.5964 -0.4914 -0.5091 -0.7066 0.6713 0.6277
  4 -1.7500 -3.9198 59.2332 -0.3103 -0.9140 -0.2616 0.6634 0.6238
  4 -1.2600 -3.9161 59.0390 -0.0680 -0.9683 -0.2405 0.6693 0.6178
charger_material_0.bmp
  4 -1.2600 -3.9161 59.0390 -0.0680 -0.9683 -0.2405 0.6693 0.6178
  4 -1.7500 -3.9198 59.2332 -0.3103 -0.9140 -0.2616 0.6634 0.6238
  4 -2.1600 -3.9398 58.5956 0.0996 -0.9436 0.3159 0.6555 0.6178
charger_material_0.bmp
  6 -10.3191 1.7201 62.3856 0.4986 -0.1585 0.8522 0.5236 0.7050
  7 -12.8232 3.1111 62.4100 -0.0922 0.1659 0.9818 0.5000 0.7188
  7 -13.0253 1.5584 62.1982 -0.2101 -0.2305 0.9501 0.4980 0.7050
charger_material_0.bmp
  7 -13.0253 1.5584 62.1982 -0.2101 -0.2305 0.9501 0.4980 0.7050
  7 -12.8232 3.1111 62.4100 -0.0922 0.1659 0.9818 0.5000 0.7188
  7 -15.0167 3.0058 61.8918 -0.3452 0.1193 0.9309 0.4783 0.7168
charger_material_0.bmp
  7 -18.6756 -2.2094 55.5705 -0.0736 -0.9358 0.3447 0.4232 0.6297
  7 -21.1480 -1.2273 56.8137 -0.1962 -0.7533 0.6278 0.3917 0.6535
  7 -21.4071 -2.1423 55.1680 -0.2220 -0.9161 0.3338 0.3858 0.6337
charger_material_0.bmp
  7 -21.4071 -2.1423 55.1680 -0.2220 -0.9161 0.3338 0.3858 0.6337
  7 -21.1480 -1.2273 56.8137 -0.1962 -0.7533 0.6278 0.3917 0.6535
  8 -23.7750 -1.2638 55.4691 -0.0537 -0.8655 0.4980 0.3543 0.6475
charger_material_0.bmp
  8 -24.8521 -1.9710 52.8027 0.3434 -0.9110 -0.2284 0.3327 0.6158
  8 -27.2320 -3.2519 54.5137 0.3366 -0.8675 0.3663 0.3012 0.6436
  8 -27.0682 -3.5246 51.9877 0.4873 -0.8624 -0.1373 0.2972 0.6178
charger_material_0.bmp
  8 -27.0682 -3.5246 51.9877 0.4873 -0.8624 -0.1373 0.2972 0.6178
  8 -27.2320 -3.2519 54.5137 0.3366 -0.8675 0.3663 0.3012 0.6436
  8 -29.6960 -4.1544 53.7364 0.1755 -0.9158 0.3613 0.2717 0.6455
charger_material_0.bmp
  8 -26.9819 0.3953 48.6717 0.3858 -0.3115 -0.8684 0.3051 0.5624
  8 -24.8093 3.8830 48.6764 0.3390 -0.1910 -0.9212 0.3366 0.5248
  8 -24.6136 0.7523 49.5584 0.3294 -0.3365 -0.8822 0.3346 0.5604
charger_material_0.bmp
  8 -24.6136 0.7523 49.5584 0.3294 -0.3365 -0.8822 0.3346 0.5604
  8 -24.8093 3.8830 48.6764 0.3390 -0.1910 -0.9212 0.3366 0.5248
  8 -23.0126 3.7718 49.5609 0.2981 -0.1040 -0.9488 0.3563 0.5248
charger_material_0.bmp
  7 -20.9814 -2.6305 53.4512 -0.0955 -0.9930 -0.0696 0.3858 0.6119
  7 -18.4092 -2.1298 52.1948 0.0745 -0.8497 -0.5219 0.4173 0.5861
  7 -18.4783 -2.7418 53.7092 0.0433 -0.9906 -0.1296 0.4193 0.6059
charger_material_0.bmp
  7 -18.4783 -2.7418 53.7092 0.0433 -0.9906 -0.1296 0.4193 0.6059
  7 -18.4092 -2.1298 52.1948 0.0745 -0.8497 -0.5219 0.4173 0.5861
  7 -16.8693 -1.9595 52.3352 0.1085 -0.8279 -0.5503 0.4370 0.5782
charger_material_0.bmp
  4 -1.4400 -5.0226 61.6126 0.2312 -0.5690 -0.7892 0.7008 0.6693
  4 -1.4500 -4.8884 61.5157 0.2984 -0.7240 -0.6220 0.7008 0.6673
  4 -1.2500 -4.8019 61.4889 0.2984 -0.7240 -0.6220 0.7047 0.6653
charger_material_0.bmp
  4 -1.2500 -4.8019 61.4889 0.2984 -0.7240 -0.6220 0.7047 0.6653
  4 -1.4500 -4.8884 61.5157 0.2984 -0.7240 -0.6220 0.7008 0.6673
  4 -1.4600 -4.8066 61.3575 0.5336 -0.8440 -0.0535 0.7008 0.6634
charger_material_0.bmp
  4 -1.6900 -5.0366 60.9535 -0.4416 -0.7648 0.4692 0.8563 0.5347
  4 -1.6500 -5.2413 60.5752 -0.5841 -0.7587 0.2885 0.8602 0.5287
  4 -1.5700 -5.2823 60.7867 -0.6474 -0.6618 0.3780 0.8622 0.5327
charger_material_0.bmp
  4 -1.5700 -5.2823 60.7867 -0.6474 -0.6618 0.3780 0.8622 0.5327
  4 -1.6500 -5.2413 60.5752 -0.5841 -0.7587 0.2885 0.8602 0.5287
  4 -1.3000 -5.5472 60.5726 -0.6230 -0.7461 0.2350 0.8681 0.5307
charger_material_0.bmp
  4 -1.6900 -5.0366 60.9535 -0.4416 -0.7648 0.4692 0.8563 0.5347
  4 -1.6900 -4.8854 61.1587 -0.0566 -0.9450 0.3221 0.8543 0.5386
  4 -1.9100 -4.8283 61.1376 -0.1395 -0.9672 0.2122 0.8504 0.5386
charger_material_0.bmp
  4 -1.9100 -4.8283 61.1376 -0.1395 -0.9672 0.2122 0.8504 0.5386
  4 -1.6900 -4.8854 61.1587 -0.0566 -0.9450 0.3221 0.8543 0.5386
  4 -1.8700 -4.8758 61.4216 -0.0672 -0.9853 -0.1569 0.8504 0.5426
charger_material_0.bmp
  4 -2.8600 -3.6043 62.2679 -0.9901 0.1391 0.0191 0.8150 0.5505
  4 -2.8400 -3.3395 61.5759 -0.9949 -0.0025 -0.1012 0.8169 0.5366
  4 -2.8400 -3.5575 61.6074 -0.9862 0.0997 -0.1320 0.8209 0.5386
charger_material_0.bmp
  4 -2.8400 -3.5575 61.6074 -0.9862 0.0997 -0.1320 0.8209 0.5386
  4 -2.8400 -3.3395 61.5759 -0.9949 -0.0025 -0.1012 0.8169 0.5366
  4 -2.7300 -3.5149 60.9782 -0.9678 -0.0572 -0.2452 0.8248 0.5287
charger_material_0.bmp
  4 -1.5200 -5.3716 66.4441 -0.6403 -0.0994 0.7616 0.8504 0.6257
  4 -2.0200 -5.4504 66.0315 -0.6512 -0.1935 0.7338 0.8465 0.6178
  4 -1.3100 -6.4088 66.1842 -0.5883 -0.3189 0.7431 0.8622 0.6178
charger_material_0.bmp
  4 -1.3100 -6.4088 66.1842 -0.5883 -0.3189 0.7431 0.8622 0.6178
  4 -2.0200 -5.4504 66.0315 -0.6512 -0.1935 0.7338 0.8465 0.6178
  4 -1.9800 -6.3455 65.6630 -0.6508 -0.4615 0.6029 0.8543 0.6099
charger_material_0.bmp
  4 -2.4700 -6.0305 65.2872 -0.7608 -0.4337 0.4828 0.8484 0.6059
  4 -2.4700 -6.2703 64.8851 -0.7619 -0.6400 0.0994 0.8504 0.6000
  4 -2.2400 -6.5405 65.0691 -0.6953 -0.6909 0.1982 0.8543 0.6020
charger_material_0.bmp
  4 -2.2400 -6.5405 65.0691 -0.6953 -0.6909 0.1982 0.8543 0.6020
  4 -2.4700 -6.2703 64.8851 -0.7619 -0.6400 0.0994 0.8504 0.6000
  4 -2.0800 -6.6292 64.6584 -0.5779 -0.8124 -0.0779 0.8563 0.5980
charger_material_0.bmp
  4 -2.7000 -5.9841 64.6777 -0.8088 -0.5818 0.0863 0.8445 0.5980
  4 -2.6200 -6.0860 64.1982 -0.8111 -0.5839 -0.0340 0.8465 0.5921
  4 -2.3800 -6.3707 64.4665 -0.6932 -0.7201 -0.0308 0.8504 0.5960
charger_material_0.bmp
  4 -2.3800 -6.3707 64.4665 -0.6932 -0.7201 -0.0308 0.8504 0.5960
  4 -2.6200 -6.0860 64.1982 -0.8111 -0.5839 -0.0340 0.8465 0.5921
  4 -2.3000 -6.4214 64.2013 -0.6391 -0.7688 -0.0223 0.8524 0.5921
charger_material_0.bmp
  4 -2.3300 -5.9905 63.5793 0.1019 -0.5567 -0.8245 0.8504 0.5822
  4 -2.1100 -6.0429 63.5181 -0.0436 -0.5626 -0.8256 0.8524 0.5802
  4 -2.0400 -6.2285 63.6655 -0.2673 -0.3088 -0.9128 0.8543 0.5822
charger_material_0.bmp
  4 -2.0400 -6.2285 63.6655 -0.2673 -0.3088 -0.9128 0.8543 0.5822
  4 -2.1100 -6.0429 63.5181 -0.0436 -0.5626 -0.8256 0.8524 0.5802
  4 -1.9900 -6.1687 63.5523 -0.1868 -0.2988 -0.9359 0.8543 0.5822
charger_material_0.bmp
  4 -3.1300 3.2768 65.8292 0.0099 0.0284 0.9995 0.6417 0.7644
  4 -1.7600 4.6388 65.4975 0.0760 0.3443 0.9358 0.6476 0.7861
  4 -4.7000 5.5439 65.3856 -0.0171 0.3584 0.9334 0.6181 0.7782
charger_material_0.bmp
  4 -4.7000 5.5439 65.3856 -0.0171 0.3584 0.9334 0.6181 0.7782
  4 -1.7600 4.6388 65.4975 0.0760 0.3443 0.9358 0.6476 0.7861
  4 -2.6900 7.2210 64.1996 0.1275 0.6590 0.7412 0.6240 0.8040
charger_material_0.bmp
  7 -20.3094 9.4013 55.2537 -0.0937 0.9876 0.1259 0.4055 0.8040
  7 -21.5027 8.4897 57.7125 -0.1322 0.8162 0.5625 0.3957 0.7762
  7 -17.5380 8.6118 58.0389 -0.2447 0.8084 0.5354 0.4429 0.7822
charger_material_0.bmp
  7 -17.5380 8.6118 58.0389 -0.2447 0.8084 0.5354 0.4429 0.7822
  7 -21.5027 8.4897 57.7125 -0.1322 0.8162 0.5625 0.3957 0.7762
  7 -18.0138 6.8698 59.7013 -0.1757 0.4528 0.8741 0.4390 0.7545
charger_material_0.bmp
  8 -45.6395 -3.7275 48.5649 -0.8164 -0.5499 0.1763 0.0827 0.6832
  8 -43.0390 -5.2800 49.9511 -0.4801 -0.6943 0.5362 0.1220 0.6653
  8 -44.6367 -3.4310 50.4052 -0.6337 -0.4759 0.6099 0.1083 0.6931
charger_material_0.bmp
  8 -44.6367 -3.4310 50.4052 -0.6337 -0.4759 0.6099 0.1083 0.6931
  8 -43.0390 -5.2800 49.9511 -0.4801 -0.6943 0.5362 0.1220 0.6653
  8 -42.1139 -2.9259 52.6689 -0.5399 -0.3780 0.7521 0.1457 0.6970
charger_material_0.bmp
  8 -35.0471 -5.6366 49.5693 0.2849 -0.8819 -0.3756 0.2008 0.6238
  8 -37.6592 -5.9746 51.1619 0.0209 -0.9658 0.2584 0.1791 0.6475
  8 -36.3712 -5.9024 49.0053 0.3586 -0.9204 -0.1557 0.1850 0.6218
charger_material_0.bmp
  8 -36.3712 -5.9024 49.0053 0.3586 -0.9204 -0.1557 0.1850 0.6218
  8 -37.6592 -5.9746 51.1619 0.0209 -0.9658 0.2584 0.1791 0.6475
  8 -39.1325 -6.4647 48.5675 0.0944 -0.9863 0.1350 0.1555 0.6277
charger_material_0.bmp
  4 -1.8200 -0.8941 66.2193 -0.4547 0.5719 0.6828 0.7913 0.6475
  4 -2.0100 -1.3917 66.3857 -0.5710 0.2546 0.7805 0.7992 0.6436
  4 -1.4400 -1.1090 66.5862 -0.4386 0.4482 0.7790 0.7972 0.6515
charger_material_0.bmp
  4 -1.4400 -1.1090 66.5862 -0.4386 0.4482 0.7790 0.7972 0.6515
  4 -2.0100 -1.3917 66.3857 -0.5710 0.2546 0.7805 0.7992 0.6436
  4 -1.4800 -1.7381 66.7573 -0.5859 0.1580 0.7948 0.8071 0.6495
charger_material_0.bmp
  4 -1.8600 -5.7491 62.1791 -0.5789 -0.1202 -0.8065 0.8543 0.5584
  4 -2.0000 -5.3005 62.2359 -0.6354 -0.3458 -0.6904 0.8484 0.5564
  4 -1.8500 -5.3086 62.0338 -0.7863 -0.3081 -0.5356 0.8504 0.5545
charger_material_0.bmp
  4 -1.8500 -5.3086 62.0338 -0.7863 -0.3081 -0.5356 0.8504 0.5545
  4 -2.0000 -5.3005 62.2359 -0.6354 -0.3458 -0.6904 0.8484 0.5564
  4 -1.9200 -5.0724 61.9377 -0.7039 -0.5428 -0.4581 0.8484 0.5505
charger_material_0.bmp
  4 -2.6000 -4.5104 60.8834 -0.8396 -0.4977 -0.2174 0.8406 0.5327
  4 -2.6900 -4.4629 61.2918 -0.8265 -0.5376 -0.1672 0.8366 0.5386
  4 -2.7800 -4.2566 61.2523 -0.9364 -0.2784 -0.2137 0.8327 0.5366
charger_material_0.bmp
  4 -2.7800 -4.2566 61.2523 -0.9364 -0.2784 -0.2137 0.8327 0.5366
  4 -2.6900 -4.4629 61.2918 -0.8265 -0.5376 -0.1672 0.8366 0.5386
  4 -2.7700 -4.4799 61.6819 -0.8694 -0.4644 -0.1685 0.8327 0.5446
charger_material_0.bmp
  8 -47.1042 -3.1287 44.5698 -0.4096 -0.9067 -0.1004 0.0236 0.6970
  8 -47.4202 -2.8308 44.5073 -0.8089 -0.5681 -0.1515 0.0236 0.7010
  8 -46.8084 -3.1101 44.1963 -0.1858 -0.8954 -0.4046 0.0197 0.6931
charger_material_0.bmp
  8 -46.8084 -3.1101 44.1963 -0.1858 -0.8954 -0.4046 0.0197 0.6931
  8 -47.4202 -2.8308 44.5073 -0.8089 -0.5681 -0.1515 0.0236 0.7010
  8 -47.0477 -2.7106 43.8270 -0.7619 -0.3946 -0.5137 0.0138 0.6990
charger_material_0.bmp
  8 -45.9486 -4.8181 43.6173 -0.1046 -0.1212 -0.9871 0.0551 0.6079
  8 -45.3230 -4.8001 43.7603 0.4001 -0.1432 -0.9052 0.0591 0.6079
  8 -45.7708 -5.3327 43.7872 0.0417 -0.5631 -0.8253 0.0551 0.6119
charger_material_0.bmp
  8 -45.7708 -5.3327 43.7872 0.0417 -0.5631 -0.8253 0.0551 0.6119
  8 -45.3230 -4.8001 43.7603 0.4001 -0.1432 -0.9052 0.0591 0.6079
  8 -45.4024 -5.3938 43.9517 0.3619 -0.6245 -0.6922 0.0591 0.6139
charger_material_0.bmp
  8 -44.6290 -5.4590 44.6254 0.5020 -0.7074 -0.4976 0.0709 0.6158
  8 -45.1572 -5.6952 45.1097 -0.0380 -0.9816 -0.1873 0.0689 0.6238
  8 -45.7418 -5.6266 44.2054 -0.0299 -0.9434 -0.3302 0.0571 0.6178
charger_material_0.bmp
  8 -45.7418 -5.6266 44.2054 -0.0299 -0.9434 -0.3302 0.0571 0.6178
  8 -45.1572 -5.6952 45.1097 -0.0380 -0.9816 -0.1873 0.0689 0.6238
  8 -46.2476 -5.4669 44.5398 -0.5440 -0.8389 0.0170 0.0531 0.6257
charger_material_0.bmp
  2 -8.6897 10.7151 49.0535 -0.3956 0.8671 -0.3027 0.4843 0.8911
  2 -5.9397 11.2651 49.0338 0.0135 0.9558 -0.2936 0.5098 0.9129
  2 -7.9197 10.6459 48.1034 -0.2588 0.8660 -0.4279 0.4862 0.9069
charger_material_0.bmp
  2 -7.9197 10.6459 48.1034 -0.2588 0.8660 -0.4279 0.4862 0.9069
  2 -5.9397 11.2651 49.0338 0.0135 0.9558 -0.2936 0.5098 0.9129
  2 -5.2198 10.3666 47.1731 0.1247 0.9006 -0.4163 0.5059 0.9347
charger_material_0.bmp
  3 -0.9600 9.9167 51.1980 0.4767 0.8761 0.0723 0.5630 0.9188
  3 -3.4800 11.3303 51.0613 0.2957 0.9472 -0.1237 0.5413 0.9069
  3 -3.3400 11.0571 53.4963 0.3448 0.9339 0.0947 0.5551 0.8871
charger_material_0.bmp
  3 -3.3400 11.0571 53.4963 0.3448 0.9339 0.0947 0.5551 0.8871
  3 -3.4800 11.3303 51.0613 0.2957 0.9472 -0.1237 0.5413 0.9069
  3 -6.2700 11.8180 53.6433 0.0162 0.9997 -0.0192 0.5335 0.8733
charger_material_0.bmp
  4 -1.0600 -6.5219 62.8766 -0.3394 -0.9142 -0.2215 0.8701 0.5723
  4 -0.9900 -6.5098 62.8336 0.3481 -0.7952 -0.4965 0.8701 0.5723
  4 -0.9200 -6.6074 63.0151 0.0182 -0.8010 -0.5984 0.8720 0.5743
charger_material_0.bmp
  4 -1.4500 -5.3533 60.8410 0.0493 -0.4847 0.8733 0.8642 0.5327
  4 -1.1600 -5.4306 60.7030 0.2263 -0.0601 0.9722 0.8681 0.5347
  4 -1.3300 -5.2098 60.7932 0.4740 -0.2143 0.8540 0.8642 0.5347
charger_material_0.bmp
  4 -0.7800 -7.0494 63.7919 0.0276 -0.9721 -0.2331 0.8720 0.5901
  4 -0.6100 -7.1999 64.6556 -0.1760 -0.9801 -0.0922 0.8740 0.6000
  4 -0.9600 -7.0400 63.8410 -0.2358 -0.9661 -0.1054 0.8701 0.5901
charger_material_0.bmp
  4 -1.2700 -6.3487 63.0369 -0.6974 -0.6675 0.2609 0.8661 0.5723
  4 -1.3400 -6.1348 63.2506 -0.8457 -0.5168 -0.1333 0.8622 0.5762
  4 -1.4100 -6.1143 63.1448 -0.7351 -0.5915 0.3314 0.8622 0.5743
charger_material_0.bmp
  4 -0.9900 -5.7662 60.4923 -0.5637 -0.8167 0.1236 0.8740 0.5307
  4 -1.3000 -5.5472 60.5726 -0.5632 -0.7976 0.2159 0.8681 0.5307
  4 -1.3500 -5.5678 60.4645 -0.4447 -0.8955 0.0159 0.8681 0.5287
charger_material_0.bmp
  4 -1.0500 -3.8392 67.0572 -0.6372 -0.1355 0.7587 0.8366 0.6455
  4 -1.3000 -3.1422 66.9749 -0.6372 -0.1355 0.7587 0.8248 0.6455
  4 -1.6100 -3.7099 66.6151 -0.6372 -0.1355 0.7587 0.8307 0.6376
charger_material_0.bmp
  4 -0.9300 -5.6388 60.7326 -0.0658 -0.1292 0.9894 0.7126 0.6396
  4 -0.6500 -5.6916 60.7224 -0.0190 -0.2114 0.9772 0.7185 0.6376
  4 -0.6400 -5.1870 60.6463 0.0910 0.1111 0.9896 0.7165 0.6455
charger_material_0.bmp
  4 -1.1800 -4.7035 59.6070 -0.2154 -0.1957 -0.9567 0.8701 0.5069
  4 -1.1800 -5.0801 59.6077 -0.2518 -0.1221 -0.9600 0.8720 0.5129
  4 -1.4800 -4.8573 59.7077 -0.3393 0.0467 -0.9395 0.8642 0.5129
charger_material_0.bmp
  4 -0.9700 -6.3055 61.8782 0.0982 -0.9901 -0.1004 0.8720 0.5584
  4 -0.7300 -6.1892 61.5811 0.1525 -0.9556 0.2520 0.8760 0.5545
  4 -0.6900 -6.1371 61.9071 0.5795 -0.7875 0.2101 0.8760 0.5584
charger_material_0.bmp
  4 -1.1500 -4.7669 66.8375 -0.7116 -0.0953 0.6961 0.8484 0.6376
  4 -1.0500 -3.8392 67.0572 -0.7116 -0.0953 0.6961 0.8366 0.6455
  4 -1.6400 -4.5099 66.3710 -0.7116 -0.0953 0.6961 0.8386 0.6297
charger_material_0.bmp
  4 -1.0600 -7.0698 65.4961 -0.3911 -0.8609 0.3254 0.8681 0.6079
  4 -1.2500 -6.8745 65.8253 -0.3811 -0.8797 0.2846 0.8642 0.6119
  4 -1.8100 -6.7826 65.4005 -0.3811 -0.8797 0.2846 0.8583 0.6059
charger_material_0.bmp
  4 -1.1700 0.8044 64.8256 0.0378 -0.0949 0.9948 0.6811 0.7485
  4 -2.0700 0.5158 64.8604 0.0576 -0.0594 0.9966 0.6713 0.7386
  4 -1.4300 -0.0269 64.7910 -0.0294 0.0511 0.9983 0.6831 0.7366
charger_material_0.bmp
  4 -0.9100 -6.0617 61.3429 -0.0955 0.0750 -0.9926 0.7185 0.6871
  4 -1.0600 -6.0126 61.3335 -0.3029 -0.2641 -0.9157 0.7146 0.6871
  4 -0.7100 -6.0790 61.3055 -0.0308 0.0784 -0.9964 0.7224 0.6851
charger_material_0.bmp
  4 -1.6600 -6.1982 62.1733 -0.2275 -0.9265 -0.2999 0.8602 0.5604
  4 -1.1800 -6.1508 61.6756 -0.5130 -0.7808 -0.3566 0.8681 0.5545
  4 -1.3900 -6.2548 62.1434 -0.2920 -0.9288 -0.2280 0.8642 0.5604
charger_material_0.bmp
  9 -8.5176 -1.0817 27.4913 -0.6693 -0.7423 0.0323 0.8878 0.9406
  9 -6.9780 -2.0256 26.8111 -0.4703 -0.8804 0.0616 0.9055 0.9347
  9 -6.7868 -2.0427 29.4246 -0.4158 -0.9091 -0.0248 0.9094 0.9663
charger_material_0.bmp
  2 -1.9998 -10.8537 47.5858 0.4713 -0.7673 -0.4350 0.1043 0.3228
  2 -3.7599 -10.6420 45.4261 0.6117 -0.1720 -0.7722 0.0787 0.3168
  2 -2.4798 -8.9338 47.6674 0.6695 0.0597 -0.7404 0.1122 0.2970
charger_material_0.bmp
  2 -6.5099 -9.1415 44.7974 -0.6219 -0.2826 -0.7303 0.0610 0.2950
  2 -6.3799 -9.1214 44.7274 0.0012 0.3047 -0.9524 0.0650 0.2931
  2 -5.1399 -10.0213 44.5867 -0.0088 -0.2848 -0.9585 0.0650 0.3129
charger_material_0.bmp
  2 -5.1399 -10.0213 44.5867 -0.0088 -0.2848 -0.9585 0.0650 0.3129
  2 -5.0399 -10.0513 44.6166 0.3761 0.1254 -0.9180 0.0689 0.3069
  2 -4.0199 -10.8122 45.6660 0.1069 -0.9015 -0.4194 0.0748 0.3228
charger_material_0.bmp
  1 -7.5300 -4.1038 40.6313 -0.5698 -0.7917 -0.2202 0.0650 0.2020
  1 -6.0000 -4.5938 40.9713 -0.3042 -0.9485 -0.0887 0.0827 0.1980
  1 -6.1500 -5.0338 42.5213 -0.3026 -0.9111 -0.2798 0.0827 0.2178
charger_material_0.bmp
  9 -4.4957 -2.9293 30.8968 -0.1806 -0.7660 -0.6169 0.0925 0.0772
  9 -2.4460 -2.0016 29.7742 -0.0644 -0.6927 -0.7184 0.1181 0.0594
  9 -1.7441 -2.8979 30.5684 -0.0562 -0.7475 -0.6619 0.1260 0.0693
charger_material_0.bmp
  9 -8.1054 -1.7460 33.7245 -0.7903 -0.5753 -0.2107 0.0551 0.1069
  9 -6.2089 -2.8958 32.3529 -0.5155 -0.7456 -0.4223 0.0728 0.0970
  9 -6.2088 -3.9359 34.3625 -0.5766 -0.7694 -0.2749 0.0748 0.1208
charger_material_0.bmp
  4 -3.1700 -4.0951 58.6355 0.0550 -0.8594 0.5083 0.6417 0.6238
  4 -2.8700 -4.6033 57.7349 -0.0491 -0.8865 0.4601 0.6398 0.6079
  4 -2.1600 -3.9398 58.5956 0.0996 -0.9436 0.3159 0.6555 0.6178
charger_material_0.bmp
  4 -1.4700 -4.5804 59.6649 -0.4346 -0.3579 -0.8265 0.6732 0.6297
  4 -1.4900 -4.3288 59.5964 -0.4914 -0.5091 -0.7066 0.6713 0.6277
  4 -1.2200 -4.3888 59.4959 -0.3259 -0.3767 -0.8671 0.6732 0.6257
charger_material_0.bmp
  4 -2.2800 -4.1184 60.2180 -0.7607 -0.2984 -0.5764 0.6654 0.6396
  4 -2.5500 -3.8496 60.6655 -0.9076 -0.1801 -0.3791 0.6654 0.6475
  4 -2.3300 -3.8055 60.0971 -0.7801 -0.5801 -0.2346 0.6614 0.6396
charger_material_0.bmp
  4 -2.6500 -3.5521 59.8247 -0.3811 -0.8797 0.2846 0.6555 0.6376
  4 -3.2200 -3.4522 59.6019 -0.4852 -0.7341 0.4751 0.6476 0.6396
  4 -3.3100 -3.7603 59.1620 -0.2125 -0.7640 0.6092 0.6437 0.6317
charger_material_0.bmp
  6 -9.9160 0.0398 61.9193 -0.1522 -0.6787 0.7184 0.5787 0.6990
  4 -8.5000 -0.2229 61.3160 0.1144 -0.7673 0.6311 0.5925 0.6911
  6 -8.9701 0.1110 62.7003 -0.0875 -0.8846 0.4581 0.5906 0.7069
charger_material_0.bmp
  4 -3.9900 10.4151 59.4452 0.2150 0.9353 0.2810 0.5846 0.8416
  4 -7.1600 11.1009 59.5177 0.0182 0.9444 0.3283 0.5610 0.8277
  4 -4.9500 9.4671 61.8358 0.1155 0.8290 0.5472 0.5906 0.8158
charger_material_0.bmp
  7 -14.6069 7.1729 60.5978 -0.2628 0.4223 0.8675 0.4783 0.7584
  7 -15.1074 4.5031 61.1235 -0.3226 0.2926 0.9002 0.4744 0.7327
  7 -12.4435 4.5332 61.7931 -0.1531 0.3486 0.9247 0.5020 0.7327
charger_material_0.bmp
  8 -24.5410 -0.2811 57.1894 0.1141 -0.7214 0.6831 0.3484 0.6733
  7 -21.9252 0.1432 57.6151 -0.1222 -0.6328 0.7646 0.3839 0.6733
  8 -24.0654 1.4566 58.7198 -0.0119 -0.4690 0.8831 0.3602 0.6970
charger_material_0.bmp
  8 -30.2373 3.7791 47.1849 0.2113 -0.0828 -0.9739 0.2776 0.5248
  8 -27.3032 3.7924 48.1358 0.2981 -0.1040 -0.9488 0.3091 0.5248
  8 -29.6557 0.0725 47.6507 0.2659 -0.1722 -0.9485 0.2736 0.5624
charger_material_0.bmp
  1 -8.0200 -2.0638 43.4013 -0.8573 -0.4724 -0.2047 0.4961 0.4535
  1 -7.6100 -1.7938 40.9513 -0.8769 -0.4402 -0.1932 0.4882 0.4238
  1 -6.5700 -3.4138 41.4913 -0.7090 -0.6733 -0.2099 0.5138 0.4356
charger_material_0.bmp
  1 -8.4200 0.2362 40.9013 -0.9492 -0.2420 -0.2010 0.4705 0.4139
  1 -8.8000 0.0562 43.1513 -0.9492 -0.2420 -0.2010 0.4705 0.4475
  1 -8.6800 2.2462 41.2413 -0.9693 0.0231 -0.2446 0.4449 0.4099
charger_material_0.bmp
  2 -10.3897 -1.4048 48.9738 -0.5398 -0.5904 -0.6000 0.4862 0.5406
  3 -10.3100 -2.4436 49.7924 -0.4695 -0.7403 -0.4812 0.5000 0.5485
  7 -14.0577 -2.0545 52.0591 -0.3099 -0.7240 -0.6163 0.4803 0.5545
charger_material_0.bmp
  7 -13.1977 -3.1325 53.1372 -0.3186 -0.9072 -0.2747 0.4961 0.5703
  7 -15.6846 -2.0761 52.5815 -0.1324 -0.8462 -0.5162 0.4567 0.5723
  7 -14.0577 -2.0545 52.0591 -0.3099 -0.7240 -0.6163 0.4803 0.5545
charger_material_0.bmp
  3 -10.0400 -3.8587 52.5452 -0.2337 -0.9370 -0.2598 0.5315 0.5782
  3 -9.8200 -3.7924 52.2360 -0.3912 -0.8792 -0.2719 0.5315 0.5723
  3 -8.7200 -4.4332 54.1684 -0.2869 -0.9558 0.0645 0.5591 0.5881
charger_material_0.bmp
  4 -0.8400 -4.7021 57.5909 0.0556 -0.9406 0.3350 0.6634 0.5941
  4 -1.9300 -4.7343 57.6886 0.0499 -0.7835 0.6194 0.6516 0.6000
  4 -2.2900 -5.0961 56.6481 -0.0526 -0.9277 0.3696 0.6417 0.5901
charger_material_0.bmp
  4 -1.5900 -3.8808 58.1058 0.1493 -0.7996 0.5817 0.6594 0.6099
  4 -1.9300 -4.7343 57.6886 0.0499 -0.7835 0.6194 0.6516 0.6000
  4 -1.0600 -4.2872 58.1631 -0.2956 -0.3660 0.8824 0.6654 0.6040
charger_material_0.bmp
  3 -3.7700 -6.0963 53.9605 -0.1070 -0.9514 0.2887 0.6122 0.5624
  3 -1.9900 -6.0224 54.3548 -0.0301 -0.9375 0.3467 0.6319 0.5564
  4 -2.2900 -5.0961 56.6481 -0.0526 -0.9277 0.3696 0.6417 0.5901
charger_material_0.bmp
  3 -5.4800 -5.9791 53.1124 -0.2701 -0.9558 0.1159 0.5886 0.5624
  3 -7.9000 -5.2722 52.1386 -0.5516 -0.8340 0.0144 0.5571 0.5624
  3 -6.8900 -5.3867 50.2899 -0.3242 -0.9078 -0.2660 0.5571 0.5366
charger_material_0.bmp
  2 -2.5798 -7.1332 46.9189 -0.4100 0.5708 0.7114 0.6457 0.9545
  2 -2.7998 -8.8142 48.1175 -0.6576 0.0649 0.7506 0.6437 0.9762
  2 -0.2697 -6.7543 48.2391 -0.4761 0.5527 0.6840 0.6201 0.9564
charger_material_0.bmp
  2 -3.0099 -5.7317 45.0500 -0.2879 0.7184 0.6333 0.6535 0.9327
  2 -2.5798 -7.1332 46.9189 -0.4100 0.5708 0.7114 0.6457 0.9545
  2 -1.7199 -5.6525 46.0200 -0.4746 0.6453 0.5986 0.6378 0.9366
charger_material_0.bmp
  2 -2.7998 -8.8142 48.1175 -0.6576 0.0649 0.7506 0.6437 0.9762
  2 -2.3598 -10.8841 48.0158 -0.6998 -0.1832 0.6905 0.6417 0.9980
  3 -0.3300 -8.2358 50.0023 -0.5741 -0.1619 0.8026 0.6142 0.9802
charger_material_0.bmp
  1 -3.0900 8.6662 43.3613 -0.5381 0.8396 -0.0739 0.4390 0.2198
  1 -2.8800 8.9362 43.9913 -0.6561 0.7372 -0.1612 0.4370 0.2277
  1 -0.6300 7.8962 44.0913 0.3866 0.7913 -0.4736 0.4114 0.2218
charger_material_0.bmp
  9 -7.9911 4.9935 36.1449 -0.8894 0.4564 -0.0249 0.5000 0.1366
  9 -7.9708 5.0224 34.4076 -0.8396 0.5432 -0.0075 0.5020 0.1168
  9 -8.7508 2.7536 34.6656 -0.9460 0.3228 -0.0289 0.5256 0.1188
charger_material_0.bmp
  1 -4.0900 7.5862 39.9113 -0.0948 0.9901 -0.1033 0.4469 0.1782
  1 -3.5100 7.8162 41.6313 0.0424 0.9426 -0.3311 0.4409 0.1980
  1 -0.8000 7.5962 40.3413 0.0184 0.9907 -0.1349 0.4114 0.1762
charger_material_0.bmp
  1 -3.5100 7.8162 41.6313 0.0424 0.9426 -0.3311 0.4409 0.1980
  1 -3.0900 8.6662 43.3613 -0.5381 0.8396 -0.0739 0.4390 0.2198
  1 -0.6000 7.6462 42.3213 0.1579 0.8716 -0.4641 0.4094 0.2000
charger_material_0.bmp
  2 -0.5799 8.2581 45.3112 0.4449 0.8281 -0.3410 0.4114 0.2337
  1 -2.8800 8.9362 43.9913 -0.6561 0.7372 -0.1612 0.4370 0.2277
  2 -2.6898 9.4580 45.4722 -0.5660 0.8019 -0.1911 0.4370 0.2416
charger_material_0.bmp
  2 -0.6198 8.9072 46.4617 0.3787 0.8630 -0.3344 0.4154 0.2475
  2 -2.6898 9.4580 45.4722 -0.5660 0.8019 -0.1911 0.4370 0.2416
  2 -2.3598 9.9965 47.2526 -0.2165 0.9468 0.2379 0.4370 0.2574
charger_material_0.bmp
  9 -6.3917 7.1208 32.1547 -0.5585 0.8289 -0.0316 0.8150 0.9921
  9 -6.2178 7.3199 33.4826 -0.6569 0.7529 -0.0400 0.8169 1.0000
  9 -3.7962 8.0580 32.4821 -0.3224 0.9350 -0.1480 0.7933 1.0000
charger_material_0.bmp
  9 -9.3152 2.9861 31.2630 -0.9574 0.2744 0.0895 0.8543 0.9802
  9 -9.2918 0.6733 31.1981 -0.9830 -0.1742 0.0581 0.8760 0.9782
  9 -8.8928 2.8359 33.3420 -0.9704 0.1985 0.1378 0.8563 0.9921
charger_material_0.bmp
  9 -6.6991 6.9310 30.5765 -0.5016 0.8555 -0.1284 0.8150 0.9822
  9 -6.8377 6.0356 27.5995 -0.3651 0.9012 -0.2336 0.8150 0.9505
  9 -8.4431 4.7985 28.1116 -0.8480 0.5272 -0.0537 0.8327 0.9505
charger_material_0.bmp
  9 -9.3322 0.8066 28.0371 -0.9771 -0.2126 0.0114 0.8701 0.9465
  9 -9.2770 2.8484 28.0967 -0.9866 0.1615 -0.0222 0.8504 0.9485
  9 -9.2343 2.4595 24.5575 -0.9998 0.0186 -0.0069 0.8484 0.9129
charger_material_0.bmp
  9 -8.4431 4.7985 28.1116 -0.8480 0.5272 -0.0537 0.8327 0.9505
  9 -8.3303 4.2897 24.5758 -0.9203 0.3823 -0.0827 0.8307 0.9149
  9 -9.2770 2.8484 28.0967 -0.9866 0.1615 -0.0222 0.8504 0.9485
charger_material_0.bmp
  4 -1.4600 -4.8066 61.3575 0.5336 -0.8440 -0.0535 0.7008 0.6634
  4 -1.4600 -4.8774 61.1470 0.7004 -0.5766 0.4207 0.7008 0.6594
  4 -1.2500 -4.7109 61.1661 0.6287 -0.7080 0.3216 0.7047 0.6614
charger_material_0.bmp
  4 -1.4400 -5.0351 61.0143 0.7495 -0.4266 0.5062 0.7008 0.6554
  4 -1.2100 -4.8416 60.8551 0.7495 -0.4266 0.5062 0.7067 0.6535
  4 -1.4600 -4.8774 61.1470 0.7004 -0.5766 0.4207 0.7008 0.6594
charger_material_0.bmp
  4 -2.7400 -0.5077 64.1398 -0.8005 -0.0735 0.5948 0.6673 0.7168
  4 -2.2600 -0.2272 64.5952 -0.5257 0.0483 0.8493 0.6732 0.7267
  4 -2.5800 0.2448 64.6678 -0.3122 -0.4278 0.8483 0.6654 0.7307
charger_material_0.bmp
  4 -2.8800 -3.8987 62.7518 -0.9068 -0.3464 -0.2401 0.6831 0.6673
  4 -3.1100 -3.3639 62.8328 -0.9351 -0.1761 -0.3076 0.6791 0.6733
  4 -2.8600 -3.6043 62.2679 -0.9474 -0.2325 -0.2199 0.6752 0.6653
charger_material_0.bmp
  4 -3.4300 -1.1779 61.5393 -0.7474 -0.4821 0.4571 0.6476 0.6812
  4 -3.6500 -0.8080 62.0897 -0.6474 -0.6618 0.3780 0.6476 0.6911
  4 -4.1100 -0.8964 61.4143 -0.4305 -0.6781 0.5956 0.6398 0.6832
charger_material_0.bmp
  4 -3.3100 -1.9105 61.4351 -0.8829 -0.2647 0.3878 0.6516 0.6733
  4 -3.2000 -2.4438 61.4148 -0.9126 -0.3311 0.2399 0.6575 0.6673
  4 -3.0900 -2.3920 62.0056 -0.9742 -0.2080 0.0870 0.6634 0.6752
charger_material_0.bmp
  4 -1.4400 -5.2829 59.9316 -0.6284 -0.6571 -0.4164 0.8681 0.5208
  4 -1.7700 -5.1331 60.0760 -0.6342 -0.6182 -0.4643 0.8602 0.5208
  4 -1.4700 -5.1029 59.7546 -0.5940 -0.3570 -0.7210 0.8661 0.5168
charger_material_0.bmp
  4 -1.4100 -5.5521 60.2274 -0.7411 -0.6551 -0.1470 0.8681 0.5248
  4 -1.3500 -5.5678 60.4645 -0.6576 -0.7248 0.2055 0.8681 0.5287
  4 -1.7200 -5.2414 60.3614 -0.6524 -0.7540 -0.0765 0.8602 0.5248
charger_material_0.bmp
  4 -1.4600 -4.8774 61.1470 0.1984 -0.8642 0.4624 0.8583 0.5406
  4 -1.5800 -4.8854 61.1587 -0.0672 -0.8554 0.5136 0.8563 0.5386
  4 -1.4400 -5.0351 61.0143 0.1293 -0.6905 0.7117 0.8602 0.5366
charger_material_0.bmp
  4 -2.2500 -4.3643 60.3159 -0.7353 -0.1483 -0.6613 0.8445 0.5208
  4 -2.6100 -4.0792 60.6890 -0.8536 -0.0285 -0.5201 0.8346 0.5267
  4 -2.2800 -4.1184 60.2180 -0.7826 -0.1932 -0.5918 0.8406 0.5168
charger_material_0.bmp
  4 -1.4700 -5.1029 59.7546 -0.5940 -0.3570 -0.7210 0.8661 0.5168
  4 -1.4800 -4.8573 59.7077 -0.5181 -0.1360 -0.8445 0.8642 0.5129
  4 -1.1800 -5.0801 59.6077 -0.4711 -0.1639 -0.8667 0.8720 0.5129
charger_material_0.bmp
  4 -1.4800 -4.8573 59.7077 -0.5181 -0.1360 -0.8445 0.8642 0.5129
  4 -1.4700 -4.5804 59.6649 -0.4711 -0.1639 -0.8667 0.8622 0.5089
  4 -1.1800 -4.7035 59.6070 -0.2518 -0.1221 -0.9600 0.8701 0.5069
charger_material_0.bmp
  4 -1.9800 -6.3455 65.6630 -0.6508 -0.4615 0.6029 0.8543 0.6099
  4 -1.8100 -6.7826 65.4005 -0.5642 -0.7450 0.3559 0.8583 0.6059
  4 -1.2500 -6.8745 65.8253 -0.5425 -0.5556 0.6301 0.8642 0.6119
charger_material_0.bmp
  4 -1.8500 -2.6255 66.6419 -0.6820 -0.0333 0.7306 0.8150 0.6396
  4 -2.0600 -3.2053 66.3252 -0.6403 -0.0994 0.7616 0.8209 0.6337
  4 -1.3000 -3.1422 66.9749 -0.6123 -0.1814 0.7696 0.8248 0.6455
charger_material_0.bmp
  4 -3.1400 -5.3100 63.3576 -0.8848 -0.4583 -0.0844 0.8346 0.5782
  4 -3.1000 -5.2521 63.2345 -0.8637 -0.2515 -0.4367 0.8346 0.5762
  4 -2.9800 -5.6001 63.3316 -0.8398 -0.5385 -0.0691 0.8386 0.5782
charger_material_0.bmp
  4 -2.5800 -5.9135 63.2897 -0.3345 -0.9263 -0.1736 0.8465 0.5782
  4 -2.3800 -6.0035 63.0320 -0.2604 -0.9648 0.0368 0.8484 0.5723
  4 -2.3600 -5.9578 63.4305 -0.0672 -0.9853 -0.1569 0.8484 0.5782
charger_material_0.bmp
  4 -2.0100 -6.0920 62.8351 -0.1777 -0.9483 0.2629 0.8543 0.5703
  4 -1.9200 -5.9801 63.0479 -0.1335 -0.9569 0.2579 0.8543 0.5723
  4 -2.1600 -5.9360 63.1718 -0.1120 -0.9924 0.0512 0.8524 0.5743
charger_material_0.bmp
  4 -1.6400 -6.0432 63.0905 -0.2096 -0.9477 0.2406 0.8583 0.5723
  4 -1.5900 -6.1378 62.9152 -0.3369 -0.7938 0.5064 0.8602 0.5703
  4 -1.4100 -6.1143 63.1448 -0.4615 -0.8079 0.3664 0.8622 0.5743
charger_material_0.bmp
  4 -1.9000 -6.1468 63.5074 -0.4033 -0.8551 -0.3259 0.8563 0.5802
  4 -1.9900 -6.0897 63.4863 -0.5846 -0.7546 -0.2981 0.8543 0.5802
  4 -1.9300 -6.0930 63.4157 -0.4697 -0.7703 -0.4314 0.8543 0.5782
charger_material_0.bmp
  4 -1.6500 -6.0071 63.2262 0.0293 -0.9184 -0.3946 0.8583 0.5743
  4 -1.6500 -6.0244 63.1887 -0.0614 -0.9064 0.4179 0.8583 0.5743
  4 -1.5000 -5.9958 63.2851 -0.0680 -0.9683 -0.2405 0.8602 0.5743
charger_material_0.bmp
  4 -1.4400 -6.1908 63.3834 -0.4693 -0.2038 -0.8592 0.8622 0.5782
  4 -1.2800 -6.3471 63.3115 -0.3933 0.2317 -0.8897 0.8642 0.5782
  4 -1.4400 -6.4084 63.3639 -0.3933 0.2317 -0.8897 0.8642 0.5802
charger_material_0.bmp
  4 -1.2600 -6.5642 63.2410 -0.4413 -0.0447 -0.8963 0.8661 0.5802
  4 -1.3800 -6.6334 63.3052 -0.3386 -0.2354 -0.9110 0.8661 0.5822
  4 -1.4400 -6.4084 63.3639 -0.3933 0.2317 -0.8897 0.8642 0.5802
charger_material_0.bmp
  4 -1.4100 -6.8115 63.4919 -0.3943 -0.7881 -0.4727 0.8661 0.5842
  4 -1.2800 -6.9091 63.6735 -0.3734 -0.9051 -0.2036 0.8681 0.5881
  4 -1.8100 -6.7182 63.8202 -0.4699 -0.8641 -0.1803 0.8602 0.5881
charger_material_0.bmp
  4 -2.0700 0.5158 64.8604 -0.0684 -0.3337 0.9402 0.6713 0.7386
  4 -1.8600 -0.0891 64.7317 -0.3137 0.2108 0.9258 0.6772 0.7327
  4 -1.4300 -0.0269 64.7910 -0.2356 0.5017 0.8323 0.6831 0.7366
charger_material_0.bmp
  4 -2.5700 1.1681 65.1836 -0.0543 -0.4740 0.8788 0.6594 0.7446
  4 -2.0700 0.5158 64.8604 -0.0684 -0.3337 0.9402 0.6713 0.7386
  4 -1.1700 0.8044 64.8256 0.1416 -0.3281 0.9340 0.6811 0.7485
charger_material_0.bmp
  4 -2.5700 1.1681 65.1836 -0.0543 -0.4740 0.8788 0.6594 0.7446
  4 -1.0400 1.8558 65.2660 0.1015 -0.2777 0.9553 0.6732 0.7624
  4 -4.1600 2.1035 65.6564 -0.0684 -0.3337 0.9402 0.6378 0.7485
charger_material_0.bmp
  8 -26.2685 9.0750 52.0705 0.1301 0.9467 -0.2946 0.3307 0.8277
  8 -28.0042 9.0946 51.5789 -0.0195 0.9309 -0.3649 0.3130 0.8277
  8 -28.1467 9.4108 54.4363 -0.1242 0.9567 0.2632 0.3169 0.8020
charger_material_0.bmp
  8 -31.3574 8.5830 51.0685 -0.1114 0.9277 -0.3563 0.2776 0.8277
  8 -34.7035 7.4990 50.5422 -0.2940 0.9015 -0.3175 0.2402 0.8257
  8 -31.9073 8.4482 53.8621 -0.2512 0.9617 0.1096 0.2756 0.8000
charger_material_0.bmp
  8 -44.2760 1.4601 46.1879 -0.0193 0.0298 -0.9994 0.0906 0.8772
  8 -42.1022 2.2290 46.3987 0.0728 0.2430 -0.9673 0.1260 0.8752
  8 -44.3912 0.9424 46.0918 0.0728 0.2430 -0.9673 0.0886 0.8851
charger_material_0.bmp
  8 -42.8778 3.5884 46.7829 0.0234 0.4234 -0.9056 0.1201 0.8495
  8 -43.9058 3.0695 46.5545 0.2027 0.3981 -0.8947 0.1043 0.8515
  8 -44.0295 4.1240 47.1624 -0.2661 0.7697 -0.5803 0.1083 0.8317
charger_material_0.bmp
  8 -41.8068 4.0551 47.0673 0.0475 0.5021 -0.8635 0.1378 0.8515
  8 -42.8778 3.5884 46.7829 0.0234 0.4234 -0.9056 0.1201 0.8495
  8 -43.1335 4.5607 47.5260 -0.2308 0.7940 -0.5624 0.1220 0.8317
charger_material_0.bmp
  8 -39.4235 5.6030 49.6507 -0.1537 0.9649 -0.2130 0.1791 0.8238
  8 -40.4296 5.7506 51.5427 -0.4283 0.8982 0.0984 0.1752 0.7980
  8 -38.5742 6.0885 50.3134 -0.1493 0.9415 -0.3022 0.1909 0.8198
charger_material_0.bmp
  8 -30.7763 -0.4807 57.7663 -0.0560 -0.4498 0.8914 0.2776 0.6970
  8 -27.8501 0.4073 58.0457 0.0211 -0.4303 0.9024 0.3130 0.6970
  8 -31.3743 2.1370 58.4659 -0.1194 -0.1168 0.9860 0.2776 0.7228
charger_material_0.bmp
  8 -46.4048 -2.6967 47.9082 -0.8058 -0.5170 0.2887 0.0650 0.7010
  8 -47.3143 -2.8739 46.7003 -0.8058 -0.5170 0.2887 0.0472 0.7030
  8 -46.6736 -3.3205 46.3255 -0.3320 -0.9406 0.0716 0.0433 0.6931
charger_material_0.bmp
  8 -38.1994 3.2320 55.7657 -0.5376 0.1677 0.8264 0.2008 0.7485
  8 -37.7934 0.6966 56.0934 -0.4519 -0.1289 0.8827 0.2008 0.7248
  8 -34.8644 1.4118 57.6666 -0.3112 -0.1164 0.9432 0.2382 0.7248
charger_material_0.bmp
  8 -39.6319 -6.5475 47.1729 0.0176 -0.9985 -0.0523 0.1437 0.6139
  8 -41.6322 -6.5405 47.2131 -0.1220 -0.9376 -0.3256 0.1220 0.6238
  8 -40.8263 -6.2599 46.4753 -0.4381 -0.8702 -0.2255 0.1260 0.6099
charger_material_0.bmp
  8 -35.7902 -3.6371 47.5290 0.5415 -0.1342 -0.8299 0.1949 0.5921
  8 -36.7636 -1.6483 46.8300 0.5691 -0.0121 -0.8222 0.1949 0.5683
  8 -36.1051 -1.1828 47.0917 0.1695 -0.0980 -0.9806 0.2008 0.5663
charger_material_0.bmp
  8 -41.4018 -5.2881 44.3345 -0.8868 0.3944 -0.2409 0.1280 0.5446
  8 -41.3179 -5.6257 44.0181 -0.8649 0.1972 -0.4617 0.1220 0.5465
  8 -41.4636 -5.6519 44.4891 -0.9827 0.1747 0.0620 0.1240 0.5406
charger_material_0.bmp
  4 -1.9600 -0.4694 65.4051 -0.4092 0.9037 0.1261 0.7795 0.6416
  4 -1.4600 -0.3444 65.6866 -0.3191 0.9309 0.1776 0.7795 0.6515
  4 -1.4300 -0.3348 65.2572 -0.2395 0.9675 0.0806 0.7736 0.6495
charger_material_0.bmp
  4 -3.0800 -1.4766 63.9177 -0.7932 0.5405 -0.2807 0.7776 0.6059
  4 -3.1900 -1.5411 64.1133 -0.8485 0.5199 -0.0991 0.7815 0.6059
  4 -2.7800 -0.9707 64.3810 -0.7544 0.6565 0.0048 0.7756 0.6178
charger_material_0.bmp
  4 -3.5800 -2.9942 63.8617 -0.9628 0.0850 -0.2566 0.8012 0.5921
  4 -3.4600 -2.8574 63.4589 -0.9154 0.0228 -0.4019 0.7972 0.5861
  4 -3.5000 -3.6572 63.6423 -0.9045 -0.0675 -0.4211 0.8110 0.5842
charger_material_0.bmp
  4 -2.5500 -3.5172 65.8656 -0.7116 -0.0953 0.6961 0.8209 0.6218
  4 -2.0600 -3.2053 66.3252 -0.6403 -0.0994 0.7616 0.8209 0.6337
  4 -2.8100 -2.8311 65.6733 -0.7135 -0.0366 0.6997 0.8110 0.6218
charger_material_0.bmp
  4 -1.1800 -6.1508 61.6756 -0.6021 -0.4454 -0.6627 0.8681 0.5545
  4 -1.6600 -6.1982 62.1733 -0.5204 -0.7481 -0.4118 0.8602 0.5604
  4 -1.5000 -5.8930 61.7993 -0.7168 -0.3257 -0.6165 0.8622 0.5545
charger_material_0.bmp
  4 -1.6600 -6.1982 62.1733 -0.5204 -0.7481 -0.4118 0.8602 0.5604
  4 -1.3900 -6.2548 62.1434 -0.2077 -0.9767 -0.0539 0.8642 0.5604
  4 -1.4100 -6.2752 62.4629 -0.2358 -0.9661 -0.1054 0.8642 0.5663
charger_material_0.bmp
  4 -1.5800 -5.6063 61.7547 -0.8192 -0.3633 -0.4437 0.8583 0.5525
  4 -1.3900 -5.8505 61.6487 -0.8227 -0.4316 -0.3700 0.8622 0.5525
  4 -1.5000 -5.8930 61.7993 -0.7168 -0.3257 -0.6165 0.8622 0.5545
charger_material_0.bmp
  4 -1.5500 -5.1026 61.5668 -0.0423 -0.2355 -0.9710 0.8543 0.5465
  4 -1.5400 -5.2790 61.5496 0.0324 0.1018 -0.9943 0.8563 0.5485
  4 -1.6500 -5.2560 61.6165 -0.7251 -0.2406 -0.6453 0.8543 0.5485
charger_material_0.bmp
  4 -3.4600 -2.8574 63.4589 -0.9154 0.0228 -0.4019 0.7972 0.5861
  4 -3.2300 -2.6734 63.0368 -0.8812 0.1495 -0.4485 0.7913 0.5802
  4 -3.1100 -3.3639 62.8328 -0.8776 -0.1373 -0.4593 0.8031 0.5703
charger_material_0.bmp
  4 -2.2700 -4.8227 60.4748 -0.7052 -0.6470 -0.2899 0.8504 0.5267
  4 -2.6000 -4.5104 60.8834 -0.8396 -0.4977 -0.2174 0.8406 0.5327
  4 -2.3300 -4.6099 60.3629 -0.7550 -0.1688 -0.6337 0.8465 0.5228
charger_material_0.bmp
  8 -45.1690 0.7672 45.8939 0.3854 0.6863 -0.6169 0.0472 0.7842
  8 -45.2441 -0.4363 45.4672 0.5501 -0.0976 -0.8294 0.0354 0.7901
  8 -45.5423 0.7181 45.2251 0.7316 0.4687 -0.4950 0.0413 0.7802
charger_material_0.bmp
  8 -46.8867 -1.2455 44.8103 -0.3933 0.9193 -0.0150 0.0217 0.7248
  8 -47.1903 -1.3711 44.1401 -0.7273 0.5369 -0.4275 0.0157 0.7188
  8 -47.5197 -1.4997 44.4921 -0.7368 0.6610 -0.1420 0.0197 0.7168
charger_material_0.bmp
  8 -46.7015 -1.6151 47.8560 -0.9736 -0.0626 0.2194 0.0630 0.7188
  8 -46.7097 -1.1216 47.4205 -0.9758 -0.1313 0.1748 0.0571 0.7267
  8 -47.4040 -1.8688 46.6916 -0.9409 0.0939 0.3254 0.0453 0.7149
charger_material_0.bmp
  8 -44.9539 1.3537 46.7026 -0.6266 -0.7753 -0.0793 0.0610 0.7861
  8 -44.9511 1.1389 46.7234 -0.4852 0.7238 -0.4906 0.0591 0.7842
  8 -45.3390 1.6561 48.1025 -0.9884 -0.1285 0.0813 0.0787 0.7802
charger_material_0.bmp
  8 -46.1445 -4.2069 43.7031 -0.2030 0.3584 -0.9112 0.0531 0.6020
  8 -46.2143 -3.6826 44.1631 -0.2823 0.6205 -0.7316 0.0512 0.5960
  8 -45.9940 -3.6428 44.1636 0.0841 0.6742 -0.7337 0.0551 0.5941
charger_material_0.bmp
  8 -46.9135 -4.2458 44.7844 -0.9378 0.2794 0.2061 0.0433 0.6376
  8 -46.4749 -4.2452 45.7168 -0.9063 0.2138 0.3645 0.0512 0.6475
  8 -46.1839 -3.6841 45.3277 -0.6473 0.7295 0.2210 0.0433 0.6515
charger_material_0.bmp
  8 -44.7118 -3.3302 45.4444 -0.6006 0.6544 -0.4593 0.0335 0.6673
  8 -44.8576 -3.0772 45.5830 -0.5518 -0.4861 -0.6776 0.0335 0.6713
  8 -44.3753 -2.7502 45.2880 0.0274 -0.1947 -0.9805 0.0295 0.6673
charger_material_0.bmp
  8 -46.5672 -1.0448 45.5277 -0.1537 0.9649 -0.2130 0.0098 0.6693
  8 -45.9151 -0.9768 45.2506 0.1762 0.9028 -0.3922 0.0098 0.6693
  8 -46.8867 -1.2455 44.8103 -0.1455 0.9730 -0.1791 0.0098 0.6772
charger_material_0.bmp
  8 -38.2374 1.6890 46.7265 0.2332 0.2192 -0.9474 0.1772 0.8970
  8 -36.7148 2.1021 47.3329 0.1896 0.2650 -0.9454 0.2008 0.8931
  8 -36.1051 -1.1828 47.0917 0.3218 0.1184 -0.9394 0.2028 0.9426
charger_material_0.bmp
  8 -38.7744 -2.8931 45.2223 0.2635 0.2667 -0.9271 0.1535 0.9644
  8 -39.2731 -4.3872 44.7367 0.1896 0.2650 -0.9454 0.1417 0.9861
  8 -40.0240 -4.0866 44.8205 -0.0793 0.0754 -0.9940 0.1319 0.9802
charger_material_0.bmp
  8 -40.0992 -1.3826 45.7395 0.0585 0.3294 -0.9424 0.1398 0.9366
  8 -40.1738 -2.7785 44.9884 -0.0591 0.2951 -0.9536 0.1339 0.9604
  8 -41.5256 -3.3437 45.2594 -0.0193 0.0298 -0.9994 0.1122 0.9624
charger_material_0.bmp
  8 -42.2664 -0.0410 46.0069 0.0733 0.2935 -0.9531 0.1142 0.9089
  8 -38.2374 1.6890 46.7265 0.2332 0.2192 -0.9474 0.1772 0.8970
  8 -40.0992 -1.3826 45.7395 0.0585 0.3294 -0.9424 0.1398 0.9366
charger_material_0.bmp
  8 -43.6057 -3.8855 44.9439 0.0879 0.0009 -0.9961 0.0807 0.9624
  8 -41.5256 -3.3437 45.2594 -0.0193 0.0298 -0.9994 0.1122 0.9624
  8 -43.3307 -4.8098 45.2540 0.1140 -0.3459 -0.9313 0.0807 0.9782
end
