version 1
nodes
  0 "Bip01"  -1
  1 "Bip01 Pelvis"   0
  2 "Bip01 Spine"   1
  3 "Bip01 Spine1"   2
  4 "Bip01 Spine2"   3
  5 "Bip01 Neck"   4
  6 "Bip01 R Clavicle"   5
  7 "Bip01 R UpperArm"   6
  8 "Bip01 R Forearm"   7
  9 "Bip01 R Thigh"   1
 10 "Bip01 L Thigh"   1
 11 "Bip01 L Calf"  10
 12 "Bip01 L Foot"  11
 13 "Bip01 L Toe0"  12
 14 "Bip01 R Calf"   9
 15 "Bip01 R Foot"  14
 16 "Bip01 R Toe0"  15
 17 "Bip01 L Clavicle"   5
 18 "Bip01 L UpperArm"  17
end
skeleton
time 0
  0 0.000000 2.236178 38.241291 0.000000 -0.000000 -1.570795
  1 0.000000 0.000000 0.000000 -1.570796 -1.570796 0.000000
  2 4.484989 -0.004008 0.000006 -0.000004 -0.000048 0.000805
  3 5.037136 -0.005101 -0.000238 -0.000005 0.000047 -0.111294
  4 6.388059 -0.005253 -0.000001 -0.000000 0.000000 -0.078408
  5 6.146608 1.394838 0.000001 -0.000001 -0.000002 0.650292
  6 -2.170032 1.352243 -2.953732 0.101359 1.282170 2.587698
  7 5.760270 -0.000012 -0.000009 -0.237756 0.114898 0.008639
  8 10.965153 0.000065 -0.000006 0.000013 0.000002 -0.222439
  9 0.000007 -0.000004 -4.044200 -0.002904 3.049381 -0.081651
 10 -0.000007 0.000007 4.044200 0.002910 -3.049341 -0.081651
 11 17.182070 0.000091 0.000546 0.000004 -0.000045 -0.201767
 12 16.782913 0.000650 -0.000234 -0.124747 -0.092161 0.120042
 13 5.168527 5.004116 -0.000135 0.000023 0.000000 1.570793
 14 17.182070 0.000099 0.000206 -0.000001 -0.000019 -0.201767
 15 16.782906 0.000656 -0.000113 0.124753 0.092146 0.120029
 16 5.168479 5.004167 -0.000064 0.000011 -0.000001 1.570802
 17 -2.170036 1.352229 2.953745 -0.101360 -1.282173 2.587697
 18 5.760273 0.000016 0.000006 0.237755 -0.114900 0.008654
end
triangles
charger_material_0.bmp
 15 -5.7044 4.8267 -1.1723 0.8784 0.4325 -0.2034 0.0098 0.3921
 15 -5.3970 3.5464 -0.7823 0.9906 0.0045 -0.1367 0.0157 0.4099
 15 -5.5121 3.5916 -1.5223 0.9906 0.0045 -0.1367 0.0098 0.4119
charger_material_0.bmp
 15 -5.5121 3.5916 -1.5223 0.9906 0.0045 -0.1367 0.0098 0.4119
 15 -5.3970 3.5464 -0.7823 0.9906 0.0045 -0.1367 0.0157 0.4099
 15 -5.7733 1.9718 -1.2723 0.9550 -0.1815 -0.2344 0.0138 0.4356
charger_material_0.bmp
 15 -5.3970 3.5464 -0.7823 0.9906 0.0045 -0.1367 0.0157 0.4099
 15 -5.5900 1.9076 -0.5823 0.9747 -0.1697 -0.1454 0.0236 0.4337
 15 -5.7733 1.9718 -1.2723 0.9550 -0.1815 -0.2344 0.0138 0.4356
charger_material_0.bmp
 15 -5.7733 1.9718 -1.2723 0.9550 -0.1815 -0.2344 0.0138 0.4356
 15 -5.5900 1.9076 -0.5823 0.9747 -0.1697 -0.1454 0.0236 0.4337
 15 -5.9687 1.0896 -1.2323 0.9500 -0.0253 -0.3113 0.0157 0.4475
charger_material_0.bmp
 15 -5.5900 1.9076 -0.5823 0.9747 -0.1697 -0.1454 0.0236 0.4337
 15 -5.7743 1.0341 -0.5823 0.9906 0.0045 -0.1367 0.0256 0.4475
 15 -5.9687 1.0896 -1.2323 0.9500 -0.0253 -0.3113 0.0157 0.4475
charger_material_0.bmp
 15 -5.9687 1.0896 -1.2323 0.9500 -0.0253 -0.3113 0.0157 0.4475
 15 -5.7743 1.0341 -0.5823 0.9906 0.0045 -0.1367 0.0256 0.4475
 15 -5.5954 -0.1489 -0.7523 0.9814 0.1352 -0.1365 0.0276 0.4653
charger_material_0.bmp
 15 -5.7743 1.0341 -0.5823 0.9906 0.0045 -0.1367 0.0256 0.4475
 15 -5.6088 -0.0968 0.5277 0.9716 0.0026 0.2365 0.0453 0.4594
 15 -5.5954 -0.1489 -0.7523 0.9814 0.1352 -0.1365 0.0276 0.4653
charger_material_0.bmp
 15 -5.5954 -0.1489 -0.7523 0.9814 0.1352 -0.1365 0.0276 0.4653
 15 -5.6088 -0.0968 0.5277 0.9716 0.0026 0.2365 0.0453 0.4594
 15 -5.5836 -1.9959 0.3977 0.9134 -0.0952 0.3958 0.0512 0.4871
charger_material_0.bmp
 15 -5.6088 -0.0968 0.5277 0.9716 0.0026 0.2365 0.0453 0.4594
 15 -6.1182 -1.9969 0.9177 0.5384 -0.2635 0.8004 0.0610 0.4851
 15 -5.5836 -1.9959 0.3977 0.9134 -0.0952 0.3958 0.0512 0.4871
charger_material_0.bmp
 15 -5.5836 -1.9959 0.3977 0.9134 -0.0952 0.3958 0.0512 0.4871
 15 -6.1182 -1.9969 0.9177 0.5384 -0.2635 0.8004 0.0610 0.4851
 15 -6.0729 -3.3541 0.4277 0.7937 -0.2551 0.5523 0.0591 0.5069
charger_material_0.bmp
 15 -6.1182 -1.9969 0.9177 0.5384 -0.2635 0.8004 0.0610 0.4851
 15 -6.5398 -3.4547 0.7077 0.1984 -0.1075 0.9742 0.0669 0.5069
 15 -6.0729 -3.3541 0.4277 0.7937 -0.2551 0.5523 0.0591 0.5069
charger_material_0.bmp
 15 -6.0729 -3.3541 0.4277 0.7937 -0.2551 0.5523 0.0591 0.5069
 15 -6.5398 -3.4547 0.7077 0.1984 -0.1075 0.9742 0.0669 0.5069
 15 -6.4632 -4.2613 0.6177 0.6037 -0.4342 0.6686 0.0669 0.5168
charger_material_0.bmp
 15 -6.5398 -3.4547 0.7077 0.1984 -0.1075 0.9742 0.0669 0.5069
 15 -6.9616 -4.4486 0.7877 0.1980 -0.4569 0.8672 0.0709 0.5188
 15 -6.4632 -4.2613 0.6177 0.6037 -0.4342 0.6686 0.0669 0.5168
charger_material_0.bmp
 15 -6.4632 -4.2613 0.6177 0.6037 -0.4342 0.6686 0.0669 0.5168
 15 -6.9616 -4.4486 0.7877 0.1980 -0.4569 0.8672 0.0709 0.5188
 16 -7.0516 -4.9856 -0.0908 0.1711 -0.9342 0.3130 0.0709 0.5287
charger_material_0.bmp
 15 -6.9616 -4.4486 0.7877 0.1980 -0.4569 0.8672 0.0709 0.5188
 15 -7.9062 -4.3459 0.7677 -0.2225 -0.4309 0.8745 0.0807 0.5188
 16 -7.0516 -4.9856 -0.0908 0.1711 -0.9342 0.3130 0.0709 0.5287
charger_material_0.bmp
 16 -7.0516 -4.9856 -0.0908 0.1711 -0.9342 0.3130 0.0709 0.5287
 15 -7.9062 -4.3459 0.7677 -0.2225 -0.4309 0.8745 0.0807 0.5188
 16 -7.9643 -4.9476 -0.1808 -0.4101 -0.8614 0.2997 0.0807 0.5307
charger_material_0.bmp
 15 -7.9062 -4.3459 0.7677 -0.2225 -0.4309 0.8745 0.0807 0.5188
 15 -8.3922 -4.0507 0.5677 -0.6786 -0.3453 0.6483 0.0866 0.5168
 16 -7.9643 -4.9476 -0.1808 -0.4101 -0.8614 0.2997 0.0807 0.5307
charger_material_0.bmp
 16 -7.9643 -4.9476 -0.1808 -0.4101 -0.8614 0.2997 0.0807 0.5307
 15 -8.3922 -4.0507 0.5677 -0.6786 -0.3453 0.6483 0.0866 0.5168
 16 -8.6883 -4.3895 -0.5308 -0.8134 -0.5604 0.1560 0.0945 0.5287
charger_material_0.bmp
 15 -8.3922 -4.0507 0.5677 -0.6786 -0.3453 0.6483 0.0866 0.5168
 15 -8.8133 -2.9471 0.2277 -0.8284 -0.1585 0.5373 0.0984 0.5050
 16 -8.6883 -4.3895 -0.5308 -0.8134 -0.5604 0.1560 0.0945 0.5287
charger_material_0.bmp
 16 -8.6883 -4.3895 -0.5308 -0.8134 -0.5604 0.1560 0.0945 0.5287
 15 -8.8133 -2.9471 0.2277 -0.8284 -0.1585 0.5373 0.0984 0.5050
 16 -9.0945 -3.0156 -0.7808 -0.9821 -0.1825 0.0464 0.1102 0.5129
charger_material_0.bmp
 15 -8.8133 -2.9471 0.2277 -0.8284 -0.1585 0.5373 0.0984 0.5050
 15 -9.0811 -1.4400 0.1477 -0.9173 -0.0790 0.3902 0.1102 0.4851
 16 -9.0945 -3.0156 -0.7808 -0.9821 -0.1825 0.0464 0.1102 0.5129
charger_material_0.bmp
 16 -9.0945 -3.0156 -0.7808 -0.9821 -0.1825 0.0464 0.1102 0.5129
 15 -9.0811 -1.4400 0.1477 -0.9173 -0.0790 0.3902 0.1102 0.4851
 15 -9.2731 -1.1326 -0.8623 -0.9951 0.0954 0.0244 0.1260 0.4871
charger_material_0.bmp
 15 -9.0811 -1.4400 0.1477 -0.9173 -0.0790 0.3902 0.1102 0.4851
 15 -8.8989 0.2708 0.3177 -0.9703 0.0907 0.2244 0.1181 0.4574
 15 -9.2731 -1.1326 -0.8623 -0.9951 0.0954 0.0244 0.1260 0.4871
charger_material_0.bmp
 15 -9.2731 -1.1326 -0.8623 -0.9951 0.0954 0.0244 0.1260 0.4871
 15 -8.8989 0.2708 0.3177 -0.9703 0.0907 0.2244 0.1181 0.4574
 15 -8.9218 0.4049 -0.6823 -0.9774 0.1894 -0.0941 0.1339 0.4594
charger_material_0.bmp
 15 -8.8989 0.2708 0.3177 -0.9703 0.0907 0.2244 0.1181 0.4574
 15 -8.7523 1.7846 0.4278 -0.9977 0.0510 0.0441 0.1260 0.4317
 15 -8.9218 0.4049 -0.6823 -0.9774 0.1894 -0.0941 0.1339 0.4594
charger_material_0.bmp
 15 -8.9218 0.4049 -0.6823 -0.9774 0.1894 -0.0941 0.1339 0.4594
 15 -8.7523 1.7846 0.4278 -0.9977 0.0510 0.0441 0.1260 0.4317
 15 -8.6329 1.8497 -0.6422 -0.9845 0.1439 -0.1004 0.1398 0.4356
charger_material_0.bmp
 15 -8.7523 1.7846 0.4278 -0.9977 0.0510 0.0441 0.1260 0.4317
 15 -8.6691 3.0443 0.4278 -0.9774 0.1894 -0.0941 0.1280 0.4178
 15 -8.6329 1.8497 -0.6422 -0.9845 0.1439 -0.1004 0.1398 0.4356
charger_material_0.bmp
 15 -8.6329 1.8497 -0.6422 -0.9845 0.1439 -0.1004 0.1398 0.4356
 15 -8.6691 3.0443 0.4278 -0.9774 0.1894 -0.0941 0.1280 0.4178
 15 -8.4893 3.0310 -0.6622 -0.9877 0.1543 -0.0239 0.1457 0.4198
charger_material_0.bmp
 15 -8.6691 3.0443 0.4278 -0.9774 0.1894 -0.0941 0.1280 0.4178
 15 -8.1952 4.0516 0.4278 -0.9176 0.3905 0.0738 0.1319 0.3980
 15 -8.4893 3.0310 -0.6622 -0.9877 0.1543 -0.0239 0.1457 0.4198
charger_material_0.bmp
 15 -8.4893 3.0310 -0.6622 -0.9877 0.1543 -0.0239 0.1457 0.4198
 15 -8.1952 4.0516 0.4278 -0.9176 0.3905 0.0738 0.1319 0.3980
 15 -8.3617 4.2447 -0.6322 -0.9502 0.3059 0.0595 0.1476 0.3980
charger_material_0.bmp
 15 -8.1952 4.0516 0.4278 -0.9176 0.3905 0.0738 0.1319 0.3980
 15 -7.8183 5.2430 -0.2822 -0.7315 0.6811 0.0331 0.1437 0.3802
 15 -8.3617 4.2447 -0.6322 -0.9502 0.3059 0.0595 0.1476 0.3980
charger_material_0.bmp
 15 -8.3617 4.2447 -0.6322 -0.9502 0.3059 0.0595 0.1476 0.3980
 15 -7.8183 5.2430 -0.2822 -0.7315 0.6811 0.0331 0.1437 0.3802
 15 -7.8217 5.0619 -1.1622 -0.7163 0.6914 -0.0942 0.1575 0.3782
charger_material_0.bmp
 15 -7.8183 5.2430 -0.2822 -0.7315 0.6811 0.0331 0.1437 0.3802
 15 -7.2238 5.3169 -1.0422 -0.2775 0.9068 -0.3174 0.1555 0.3703
 15 -7.8217 5.0619 -1.1622 -0.7163 0.6914 -0.0942 0.1575 0.3782
charger_material_0.bmp
  9 -1.8438 0.6807 28.4409 0.8489 -0.3827 -0.3645 0.9724 0.9545
  9 -2.0773 0.7916 27.1032 0.8573 -0.4903 -0.1569 0.9665 0.9386
  9 -1.0111 2.5878 27.6836 0.8698 -0.4570 -0.1857 0.9843 0.9465
charger_material_0.bmp
  9 -1.0111 2.5878 27.6836 0.8698 -0.4570 -0.1857 0.9843 0.9465
  9 -2.0773 0.7916 27.1032 0.8573 -0.4903 -0.1569 0.9665 0.9386
  9 -1.5915 2.4825 25.4285 0.8982 -0.3992 -0.1840 0.9764 0.9208
charger_material_0.bmp
  9 -2.0773 0.7916 27.1032 0.8573 -0.4903 -0.1569 0.9665 0.9386
  9 -2.3758 0.7542 25.1792 0.8856 -0.4411 -0.1455 0.9587 0.9168
  9 -1.5915 2.4825 25.4285 0.8982 -0.3992 -0.1840 0.9764 0.9208
charger_material_0.bmp
  9 -1.5915 2.4825 25.4285 0.8982 -0.3992 -0.1840 0.9764 0.9208
  9 -2.3758 0.7542 25.1792 0.8856 -0.4411 -0.1455 0.9587 0.9168
  9 -2.1160 2.3836 23.1274 0.9281 -0.3305 -0.1715 0.9685 0.8990
charger_material_0.bmp
  9 -2.3758 0.7542 25.1792 0.8856 -0.4411 -0.1455 0.9587 0.9168
  9 -2.7036 0.6998 23.0477 0.9113 -0.3923 -0.1251 0.9528 0.8970
  9 -2.1160 2.3836 23.1274 0.9281 -0.3305 -0.1715 0.9685 0.8990
charger_material_0.bmp
  9 -2.1160 2.3836 23.1274 0.9281 -0.3305 -0.1715 0.9685 0.8990
  9 -2.7036 0.6998 23.0477 0.9113 -0.3923 -0.1251 0.9528 0.8970
  9 -2.5669 2.3265 20.9672 0.9566 -0.2487 -0.1516 0.9665 0.8812
charger_material_0.bmp
  9 -2.7036 0.6998 23.0477 0.9113 -0.3923 -0.1251 0.9528 0.8970
  9 -2.9693 0.5461 21.0495 0.9445 -0.3243 -0.0533 0.9488 0.8792
  9 -2.5669 2.3265 20.9672 0.9566 -0.2487 -0.1516 0.9665 0.8812
charger_material_0.bmp
  9 -2.5669 2.3265 20.9672 0.9566 -0.2487 -0.1516 0.9665 0.8812
  9 -2.9693 0.5461 21.0495 0.9445 -0.3243 -0.0533 0.9488 0.8792
 14 -3.0122 1.9686 18.6686 0.9942 -0.0874 -0.0625 0.9606 0.8614
charger_material_0.bmp
  9 -2.9693 0.5461 21.0495 0.9445 -0.3243 -0.0533 0.9488 0.8792
 14 -3.0632 0.0784 18.6459 0.9367 -0.3463 -0.0519 0.9429 0.8594
 14 -3.0122 1.9686 18.6686 0.9942 -0.0874 -0.0625 0.9606 0.8614
charger_material_0.bmp
 14 -3.0122 1.9686 18.6686 0.9942 -0.0874 -0.0625 0.9606 0.8614
 14 -3.0632 0.0784 18.6459 0.9367 -0.3463 -0.0519 0.9429 0.8594
 14 -3.1283 0.1734 17.6114 0.9442 -0.3108 -0.1089 0.9409 0.8495
charger_material_0.bmp
 14 -3.0632 0.0784 18.6459 0.9367 -0.3463 -0.0519 0.9429 0.8594
 14 -4.0208 -1.2096 17.5859 0.6567 -0.7333 -0.1759 0.9272 0.8475
 14 -3.1283 0.1734 17.6114 0.9442 -0.3108 -0.1089 0.9409 0.8495
charger_material_0.bmp
 14 -3.1283 0.1734 17.6114 0.9442 -0.3108 -0.1089 0.9409 0.8495
 14 -4.0208 -1.2096 17.5859 0.6567 -0.7333 -0.1759 0.9272 0.8475
 14 -4.2204 -1.0130 16.3941 0.6871 -0.6968 -0.2060 0.9252 0.8356
charger_material_0.bmp
 14 -4.0208 -1.2096 17.5859 0.6567 -0.7333 -0.1759 0.9272 0.8475
 14 -5.5698 -1.9259 17.3782 0.1870 -0.9703 -0.1533 0.9114 0.8455
 14 -4.2204 -1.0130 16.3941 0.6871 -0.6968 -0.2060 0.9252 0.8356
charger_material_0.bmp
 14 -4.2204 -1.0130 16.3941 0.6871 -0.6968 -0.2060 0.9252 0.8356
 14 -5.5698 -1.9259 17.3782 0.1870 -0.9703 -0.1533 0.9114 0.8455
 14 -5.6031 -1.6855 16.1359 0.1870 -0.9703 -0.1533 0.9114 0.8317
charger_material_0.bmp
 14 -5.5698 -1.9259 17.3782 0.1870 -0.9703 -0.1533 0.9114 0.8455
 14 -7.4333 -1.7127 17.5247 -0.3652 -0.9236 -0.1162 0.8937 0.8455
 14 -5.6031 -1.6855 16.1359 0.1870 -0.9703 -0.1533 0.9114 0.8317
charger_material_0.bmp
 14 -5.6031 -1.6855 16.1359 0.1870 -0.9703 -0.1533 0.9114 0.8317
 14 -7.4333 -1.7127 17.5247 -0.3652 -0.9236 -0.1162 0.8937 0.8455
 14 -7.5413 -1.5565 16.2386 -0.3988 -0.9115 -0.1005 0.8937 0.8317
charger_material_0.bmp
 14 -7.4333 -1.7127 17.5247 -0.3652 -0.9236 -0.1162 0.8937 0.8455
 14 -8.7521 -0.6629 17.7633 -0.7856 -0.6001 -0.1510 0.8780 0.8475
 14 -7.5413 -1.5565 16.2386 -0.3988 -0.9115 -0.1005 0.8937 0.8317
charger_material_0.bmp
 14 -7.5413 -1.5565 16.2386 -0.3988 -0.9115 -0.1005 0.8937 0.8317
 14 -8.7521 -0.6629 17.7633 -0.7856 -0.6001 -0.1510 0.8780 0.8475
 14 -8.7370 -0.3774 16.3906 -0.8168 -0.5734 -0.0635 0.8760 0.8317
charger_material_0.bmp
 14 -8.7521 -0.6629 17.7633 -0.7856 -0.6001 -0.1510 0.8780 0.8475
 14 -9.4645 0.8515 17.9117 -0.9777 -0.1880 -0.0933 0.8622 0.8475
 14 -8.7370 -0.3774 16.3906 -0.8168 -0.5734 -0.0635 0.8760 0.8317
charger_material_0.bmp
 14 -8.7370 -0.3774 16.3906 -0.8168 -0.5734 -0.0635 0.8760 0.8317
 14 -9.4645 0.8515 17.9117 -0.9777 -0.1880 -0.0933 0.8622 0.8475
 14 -9.5096 1.0467 16.5436 -0.9729 -0.2309 0.0092 0.8602 0.8317
charger_material_0.bmp
 14 -9.4645 0.8515 17.9117 -0.9777 -0.1880 -0.0933 0.8622 0.8475
 14 -9.4370 2.2704 17.9198 -0.9630 0.2555 0.0855 0.8465 0.8475
 14 -9.5096 1.0467 16.5436 -0.9729 -0.2309 0.0092 0.8602 0.8317
charger_material_0.bmp
 14 -9.5096 1.0467 16.5436 -0.9729 -0.2309 0.0092 0.8602 0.8317
 14 -9.4370 2.2704 17.9198 -0.9630 0.2555 0.0855 0.8465 0.8475
 14 -9.5493 2.3408 16.5933 -0.9714 0.1643 0.1713 0.8465 0.8317
charger_material_0.bmp
 14 -9.4370 2.2704 17.9198 -0.9630 0.2555 0.0855 0.8465 0.8475
 14 -8.8150 3.7202 16.7542 -0.7678 0.6018 0.2200 0.8307 0.8337
 14 -9.5493 2.3408 16.5933 -0.9714 0.1643 0.1713 0.8465 0.8317
charger_material_0.bmp
 14 -9.5493 2.3408 16.5933 -0.9714 0.1643 0.1713 0.8465 0.8317
 14 -8.8150 3.7202 16.7542 -0.7678 0.6018 0.2200 0.8307 0.8337
 14 -9.2701 3.8081 15.4108 -0.8182 0.5549 0.1504 0.8327 0.8178
charger_material_0.bmp
 14 -8.8150 3.7202 16.7542 -0.7678 0.6018 0.2200 0.8307 0.8337
 14 -8.2024 4.7599 15.3981 -0.4446 0.8828 0.1516 0.8189 0.8178
 14 -9.2701 3.8081 15.4108 -0.8182 0.5549 0.1504 0.8327 0.8178
charger_material_0.bmp
 14 -9.2701 3.8081 15.4108 -0.8182 0.5549 0.1504 0.8327 0.8178
 14 -8.2024 4.7599 15.3981 -0.4446 0.8828 0.1516 0.8189 0.8178
 14 -8.3777 4.9498 12.0789 -0.4921 0.8703 0.0184 0.8209 0.7782
charger_material_0.bmp
 14 -8.2024 4.7599 15.3981 -0.4446 0.8828 0.1516 0.8189 0.8178
 14 -6.5576 5.3506 12.1931 -0.0172 0.9998 -0.0040 0.8012 0.7802
 14 -8.3777 4.9498 12.0789 -0.4921 0.8703 0.0184 0.8209 0.7782
charger_material_0.bmp
 14 -8.3777 4.9498 12.0789 -0.4921 0.8703 0.0184 0.8209 0.7782
 14 -6.5576 5.3506 12.1931 -0.0172 0.9998 -0.0040 0.8012 0.7802
 14 -7.1357 4.9511 8.1313 0.0047 0.9980 0.0628 0.8071 0.7287
charger_material_0.bmp
 14 -6.5576 5.3506 12.1931 -0.0172 0.9998 -0.0040 0.8012 0.7802
 14 -5.5827 4.8633 7.9881 0.3953 0.9186 0.0006 0.7894 0.7287
 14 -7.1357 4.9511 8.1313 0.0047 0.9980 0.0628 0.8071 0.7287
charger_material_0.bmp
 14 -7.1357 4.9511 8.1313 0.0047 0.9980 0.0628 0.8071 0.7287
 14 -5.5827 4.8633 7.9881 0.3953 0.9186 0.0006 0.7894 0.7287
 14 -5.3517 5.0269 5.5894 0.3140 0.9415 0.1225 0.7854 0.6990
charger_material_0.bmp
 14 -5.5827 4.8633 7.9881 0.3953 0.9186 0.0006 0.7894 0.7287
 14 -4.1366 3.9639 5.6419 0.7166 0.6917 0.0893 0.7677 0.7030
 14 -5.3517 5.0269 5.5894 0.3140 0.9415 0.1225 0.7854 0.6990
charger_material_0.bmp
 10 1.5498 2.4532 23.7139 -0.8717 0.4518 -0.1898 0.9921 0.2436
 10 3.0113 4.1041 21.6186 -0.7637 0.6173 -0.1891 0.9665 0.2218
 10 2.0197 2.2584 21.4660 -0.8717 0.4518 -0.1898 0.9921 0.2198
charger_material_0.bmp
 10 2.0197 2.2584 21.4660 -0.8717 0.4518 -0.1898 0.9921 0.2198
 10 3.0113 4.1041 21.6186 -0.7637 0.6173 -0.1891 0.9665 0.2218
 11 2.5932 2.4218 18.6145 -0.8359 0.5319 -0.1353 0.9921 0.1960
charger_material_0.bmp
 10 3.0113 4.1041 21.6186 -0.7637 0.6173 -0.1891 0.9665 0.2218
 11 3.6045 4.0261 18.8923 -0.6541 0.7438 -0.1371 0.9665 0.1980
 11 2.5932 2.4218 18.6145 -0.8359 0.5319 -0.1353 0.9921 0.1960
charger_material_0.bmp
 11 2.5932 2.4218 18.6145 -0.8359 0.5319 -0.1353 0.9921 0.1960
 11 3.6045 4.0261 18.8923 -0.6541 0.7438 -0.1371 0.9665 0.1980
 11 3.7774 4.0486 17.8892 -0.6454 0.7571 -0.1009 0.9665 0.1861
charger_material_0.bmp
 11 3.6045 4.0261 18.8923 -0.6541 0.7438 -0.1371 0.9665 0.1980
 11 5.2892 5.0641 19.1934 -0.2762 0.9548 -0.1098 0.9409 0.2000
 11 3.7774 4.0486 17.8892 -0.6454 0.7571 -0.1009 0.9665 0.1861
charger_material_0.bmp
 11 3.7774 4.0486 17.8892 -0.6454 0.7571 -0.1009 0.9665 0.1861
 11 5.2892 5.0641 19.1934 -0.2762 0.9548 -0.1098 0.9409 0.2000
 11 5.5536 5.0286 18.1816 -0.1307 0.9867 -0.0965 0.9390 0.1861
charger_material_0.bmp
 11 5.2892 5.0641 19.1934 -0.2762 0.9548 -0.1098 0.9409 0.2000
 11 7.1806 5.1502 19.4787 0.2456 0.9659 -0.0816 0.9134 0.2020
 11 5.5536 5.0286 18.1816 -0.1307 0.9867 -0.0965 0.9390 0.1861
charger_material_0.bmp
 11 5.5536 5.0286 18.1816 -0.1307 0.9867 -0.0965 0.9390 0.1861
 11 7.1806 5.1502 19.4787 0.2456 0.9659 -0.0816 0.9134 0.2020
 11 7.2650 4.9812 18.4645 0.3162 0.9403 -0.1259 0.9134 0.1881
charger_material_0.bmp
 11 7.1806 5.1502 19.4787 0.2456 0.9659 -0.0816 0.9134 0.2020
 11 8.7291 4.3027 19.6089 0.6335 0.7726 -0.0427 0.8917 0.2020
 11 7.2650 4.9812 18.4645 0.3162 0.9403 -0.1259 0.9134 0.1881
charger_material_0.bmp
 11 7.2650 4.9812 18.4645 0.3162 0.9403 -0.1259 0.9134 0.1881
 11 8.7291 4.3027 19.6089 0.6335 0.7726 -0.0427 0.8917 0.2020
 11 8.8273 4.1287 18.5549 0.6787 0.7321 -0.0593 0.8898 0.1881
charger_material_0.bmp
 11 8.7291 4.3027 19.6089 0.6335 0.7726 -0.0427 0.8917 0.2020
 11 10.0325 2.4325 19.8351 0.9062 0.4203 0.0462 0.8622 0.2040
 11 8.8273 4.1287 18.5549 0.6787 0.7321 -0.0593 0.8898 0.1881
charger_material_0.bmp
 11 8.8273 4.1287 18.5549 0.6787 0.7321 -0.0593 0.8898 0.1881
 11 10.0325 2.4325 19.8351 0.9062 0.4203 0.0462 0.8622 0.2040
 11 10.0922 2.4628 18.7518 0.9248 0.3804 -0.0074 0.8622 0.1901
charger_material_0.bmp
 11 10.0325 2.4325 19.8351 0.9062 0.4203 0.0462 0.8622 0.2040
 11 10.5465 0.2931 18.5095 0.9995 0.0246 0.0178 0.8346 0.1881
 11 10.0922 2.4628 18.7518 0.9248 0.3804 -0.0074 0.8622 0.1901
charger_material_0.bmp
 11 10.0922 2.4628 18.7518 0.9248 0.3804 -0.0074 0.8622 0.1901
 11 10.5465 0.2931 18.5095 0.9995 0.0246 0.0178 0.8346 0.1881
 11 10.4609 0.4932 17.2515 0.9995 0.0246 0.0178 0.8346 0.1723
charger_material_0.bmp
 11 10.5465 0.2931 18.5095 0.9995 0.0246 0.0178 0.8346 0.1881
 11 9.9895 -2.0477 18.1334 0.9125 -0.4074 -0.0376 0.8051 0.1861
 11 10.4609 0.4932 17.2515 0.9995 0.0246 0.0178 0.8346 0.1723
charger_material_0.bmp
 11 10.4609 0.4932 17.2515 0.9995 0.0246 0.0178 0.8346 0.1723
 11 9.9895 -2.0477 18.1334 0.9125 -0.4074 -0.0376 0.8051 0.1861
 11 9.9481 -1.7952 16.6126 0.8781 -0.4775 -0.0313 0.8051 0.1683
charger_material_0.bmp
 11 9.9895 -2.0477 18.1334 0.9125 -0.4074 -0.0376 0.8051 0.1861
 11 8.4558 -3.4650 17.7393 0.5739 -0.8140 -0.0896 0.7815 0.1861
 11 9.9481 -1.7952 16.6126 0.8781 -0.4775 -0.0313 0.8051 0.1683
charger_material_0.bmp
 11 9.9481 -1.7952 16.6126 0.8781 -0.4775 -0.0313 0.8051 0.1683
 11 8.4558 -3.4650 17.7393 0.5739 -0.8140 -0.0896 0.7815 0.1861
 11 8.6358 -3.1517 15.9934 0.5739 -0.8140 -0.0896 0.7815 0.1663
charger_material_0.bmp
 11 8.4558 -3.4650 17.7393 0.5739 -0.8140 -0.0896 0.7815 0.1861
 11 6.5959 -4.0583 15.7262 0.0394 -0.9835 -0.1765 0.7579 0.1663
 11 8.6358 -3.1517 15.9934 0.5739 -0.8140 -0.0896 0.7815 0.1663
charger_material_0.bmp
 11 8.6358 -3.1517 15.9934 0.5739 -0.8140 -0.0896 0.7815 0.1663
 11 6.5959 -4.0583 15.7262 0.0394 -0.9835 -0.1765 0.7579 0.1663
 11 6.8964 -3.6811 14.3026 0.0284 -0.9445 -0.3272 0.7579 0.1505
charger_material_0.bmp
 11 6.5959 -4.0583 15.7262 0.0394 -0.9835 -0.1765 0.7579 0.1663
 11 4.9071 -3.2603 15.4860 -0.5847 -0.7563 -0.2935 0.7362 0.1663
 11 6.8964 -3.6811 14.3026 0.0284 -0.9445 -0.3272 0.7579 0.1505
charger_material_0.bmp
 11 6.8964 -3.6811 14.3026 0.0284 -0.9445 -0.3272 0.7579 0.1505
 11 4.9071 -3.2603 15.4860 -0.5847 -0.7563 -0.2935 0.7362 0.1663
 11 5.1267 -2.8648 14.0673 -0.5566 -0.7309 -0.3950 0.7343 0.1485
charger_material_0.bmp
 11 4.9071 -3.2603 15.4860 -0.5847 -0.7563 -0.2935 0.7362 0.1663
 11 3.5933 -1.5214 15.5970 -0.8708 -0.4098 -0.2717 0.7106 0.1663
 11 5.1267 -2.8648 14.0673 -0.5566 -0.7309 -0.3950 0.7343 0.1485
charger_material_0.bmp
 11 5.1267 -2.8648 14.0673 -0.5566 -0.7309 -0.3950 0.7343 0.1485
 11 3.5933 -1.5214 15.5970 -0.8708 -0.4098 -0.2717 0.7106 0.1663
 11 3.8159 -1.2161 14.2586 -0.8284 -0.4688 -0.3065 0.7106 0.1485
charger_material_0.bmp
 11 3.5933 -1.5214 15.5970 -0.8708 -0.4098 -0.2717 0.7106 0.1663
 11 3.1756 0.7410 14.5692 -0.9590 -0.1938 -0.2068 0.6850 0.1505
 11 3.8159 -1.2161 14.2586 -0.8284 -0.4688 -0.3065 0.7106 0.1485
charger_material_0.bmp
 11 3.8159 -1.2161 14.2586 -0.8284 -0.4688 -0.3065 0.7106 0.1485
 11 3.1756 0.7410 14.5692 -0.9590 -0.1938 -0.2068 0.6850 0.1505
 11 4.1379 -0.5208 12.3699 -0.8506 -0.4477 -0.2758 0.7106 0.1089
charger_material_0.bmp
 11 3.1756 0.7410 14.5692 -0.9590 -0.1938 -0.2068 0.6850 0.1505
 11 3.4224 1.1612 12.5289 -0.9641 -0.2162 -0.1539 0.6870 0.1089
 11 4.1379 -0.5208 12.3699 -0.8506 -0.4477 -0.2758 0.7106 0.1089
charger_material_0.bmp
 11 4.1379 -0.5208 12.3699 -0.8506 -0.4477 -0.2758 0.7106 0.1089
 11 3.4224 1.1612 12.5289 -0.9641 -0.2162 -0.1539 0.6870 0.1089
 11 4.5192 -0.0367 10.0664 -0.8133 -0.5439 -0.2066 0.7106 0.0792
charger_material_0.bmp
 11 3.4224 1.1612 12.5289 -0.9641 -0.2162 -0.1539 0.6870 0.1089
 11 3.7395 1.6523 10.1596 -0.9471 -0.2754 -0.1646 0.6850 0.0792
 11 4.5192 -0.0367 10.0664 -0.8133 -0.5439 -0.2066 0.7106 0.0792
charger_material_0.bmp
 11 4.5192 -0.0367 10.0664 -0.8133 -0.5439 -0.2066 0.7106 0.0792
 11 3.7395 1.6523 10.1596 -0.9471 -0.2754 -0.1646 0.6850 0.0792
 11 4.7697 0.2555 7.6669 -0.8485 -0.5201 -0.0977 0.7087 0.0475
charger_material_0.bmp
 11 3.7395 1.6523 10.1596 -0.9471 -0.2754 -0.1646 0.6850 0.0792
 11 3.9396 1.9839 7.7603 -0.9703 -0.2100 -0.1199 0.6831 0.0495
 11 4.7697 0.2555 7.6669 -0.8485 -0.5201 -0.0977 0.7087 0.0475
charger_material_0.bmp
 13 5.1601 -5.0199 -0.6708 -0.2993 -0.9488 -0.1011 0.6890 0.4475
 13 5.2475 -5.1497 -0.1008 -0.0281 -0.9932 0.1130 0.6969 0.4475
 13 4.5579 -4.6545 -0.0008 -0.7911 -0.5991 0.1240 0.6969 0.4574
charger_material_0.bmp
 13 4.5579 -4.6545 -0.0008 -0.7911 -0.5991 0.1240 0.6969 0.4574
 13 5.2475 -5.1497 -0.1008 -0.0281 -0.9932 0.1130 0.6969 0.4475
 13 4.7687 -4.6473 0.5692 -0.5767 -0.5896 0.5654 0.7028 0.4574
charger_material_0.bmp
 13 5.2475 -5.1497 -0.1008 -0.0281 -0.9932 0.1130 0.6969 0.4475
 13 5.3951 -4.8885 0.5692 0.1593 -0.7863 0.5970 0.7067 0.4495
 13 4.7687 -4.6473 0.5692 -0.5767 -0.5896 0.5654 0.7028 0.4574
charger_material_0.bmp
 13 4.7687 -4.6473 0.5692 -0.5767 -0.5896 0.5654 0.7028 0.4574
 13 5.3951 -4.8885 0.5692 0.1593 -0.7863 0.5970 0.7067 0.4495
 12 5.5521 -3.9261 1.3478 -0.0154 -0.4936 0.8695 0.7185 0.4554
charger_material_0.bmp
 13 5.3951 -4.8885 0.5692 0.1593 -0.7863 0.5970 0.7067 0.4495
 13 6.2546 -3.8993 0.9792 0.4982 -0.5503 0.6700 0.7224 0.4455
 12 5.5521 -3.9261 1.3478 -0.0154 -0.4936 0.8695 0.7185 0.4554
charger_material_0.bmp
 12 5.5521 -3.9261 1.3478 -0.0154 -0.4936 0.8695 0.7185 0.4554
 13 6.2546 -3.8993 0.9792 0.4982 -0.5503 0.6700 0.7224 0.4455
 12 5.7292 -2.8845 1.7378 -0.0006 -0.3925 0.9197 0.7303 0.4614
charger_material_0.bmp
 13 6.2546 -3.8993 0.9792 0.4982 -0.5503 0.6700 0.7224 0.4455
 12 6.5716 -2.9262 1.3577 0.2405 -0.4524 0.8588 0.7343 0.4495
 12 5.7292 -2.8845 1.7378 -0.0006 -0.3925 0.9197 0.7303 0.4614
charger_material_0.bmp
 12 5.7292 -2.8845 1.7378 -0.0006 -0.3925 0.9197 0.7303 0.4614
 12 6.5716 -2.9262 1.3577 0.2405 -0.4524 0.8588 0.7343 0.4495
 12 6.5207 -1.9143 1.9977 0.0828 -0.6671 0.7404 0.7480 0.4614
charger_material_0.bmp
 12 6.5716 -2.9262 1.3577 0.2405 -0.4524 0.8588 0.7343 0.4495
 12 7.9087 -2.6614 1.1977 0.2732 -0.4814 0.8328 0.7500 0.4356
 12 6.5207 -1.9143 1.9977 0.0828 -0.6671 0.7404 0.7480 0.4614
charger_material_0.bmp
 12 6.5207 -1.9143 1.9977 0.0828 -0.6671 0.7404 0.7480 0.4614
 12 7.9087 -2.6614 1.1977 0.2732 -0.4814 0.8328 0.7500 0.4356
 12 7.8887 -1.8876 1.9377 0.2354 -0.7880 0.5690 0.7618 0.4475
charger_material_0.bmp
 12 7.9087 -2.6614 1.1977 0.2732 -0.4814 0.8328 0.7500 0.4356
 13 9.3572 -2.0133 0.7792 0.5032 -0.4929 0.7098 0.7677 0.4198
 12 7.8887 -1.8876 1.9377 0.2354 -0.7880 0.5690 0.7618 0.4475
charger_material_0.bmp
 12 7.8887 -1.8876 1.9377 0.2354 -0.7880 0.5690 0.7618 0.4475
 13 9.3572 -2.0133 0.7792 0.5032 -0.4929 0.7098 0.7677 0.4198
 12 9.2408 -1.4293 1.7377 0.5870 -0.7041 0.3995 0.7776 0.4337
charger_material_0.bmp
 13 9.3572 -2.0133 0.7792 0.5032 -0.4929 0.7098 0.7677 0.4198
 12 10.4975 -0.2372 1.0876 0.8256 -0.3976 0.4004 0.7972 0.4158
 12 9.2408 -1.4293 1.7377 0.5870 -0.7041 0.3995 0.7776 0.4337
charger_material_0.bmp
 12 9.2408 -1.4293 1.7377 0.5870 -0.7041 0.3995 0.7776 0.4337
 12 10.4975 -0.2372 1.0876 0.8256 -0.3976 0.4004 0.7972 0.4158
 12 10.1032 0.2359 3.1976 0.8173 -0.5254 0.2366 0.8091 0.4436
charger_material_0.bmp
 12 10.4975 -0.2372 1.0876 0.8256 -0.3976 0.4004 0.7972 0.4158
 12 10.7039 1.8973 2.5976 0.9776 -0.2015 0.0610 0.8287 0.4297
 12 10.1032 0.2359 3.1976 0.8173 -0.5254 0.2366 0.8091 0.4436
charger_material_0.bmp
 12 10.1032 0.2359 3.1976 0.8173 -0.5254 0.2366 0.8091 0.4436
 12 10.7039 1.8973 2.5976 0.9776 -0.2015 0.0610 0.8287 0.4297
 12 10.6015 2.2974 4.9976 0.9449 -0.3196 0.0717 0.8406 0.4594
charger_material_0.bmp
 12 10.7039 1.8973 2.5976 0.9776 -0.2015 0.0610 0.8287 0.4297
 12 11.0501 3.1121 4.0176 0.9832 -0.1592 0.0895 0.8484 0.4436
 12 10.6015 2.2974 4.9976 0.9449 -0.3196 0.0717 0.8406 0.4594
charger_material_0.bmp
 12 10.6015 2.2974 4.9976 0.9449 -0.3196 0.0717 0.8406 0.4594
 12 11.0501 3.1121 4.0176 0.9832 -0.1592 0.0895 0.8484 0.4436
 12 10.9378 3.9749 5.1376 0.9585 0.2582 0.1211 0.8622 0.4554
charger_material_0.bmp
 12 11.0501 3.1121 4.0176 0.9832 -0.1592 0.0895 0.8484 0.4436
 12 11.0637 3.8601 4.0876 0.9695 0.2451 0.0017 0.8563 0.4436
 12 10.9378 3.9749 5.1376 0.9585 0.2582 0.1211 0.8622 0.4554
charger_material_0.bmp
 12 10.9378 3.9749 5.1376 0.9585 0.2582 0.1211 0.8622 0.4554
 12 11.0637 3.8601 4.0876 0.9695 0.2451 0.0017 0.8563 0.4436
 12 10.6561 4.7449 3.9776 0.7863 0.6149 0.0596 0.8681 0.4396
charger_material_0.bmp
 12 11.0637 3.8601 4.0876 0.9695 0.2451 0.0017 0.8563 0.4436
 12 10.6694 4.5652 2.9476 0.8739 0.4500 -0.1837 0.8642 0.4277
 12 10.6561 4.7449 3.9776 0.7863 0.6149 0.0596 0.8681 0.4396
charger_material_0.bmp
 12 10.6561 4.7449 3.9776 0.7863 0.6149 0.0596 0.8681 0.4396
 12 10.6694 4.5652 2.9476 0.8739 0.4500 -0.1837 0.8642 0.4277
 12 9.9682 5.3815 1.9776 0.8149 0.5791 0.0245 0.8740 0.4139
charger_material_0.bmp
 12 10.6694 4.5652 2.9476 0.8739 0.4500 -0.1837 0.8642 0.4277
 12 10.6013 3.5378 1.5376 0.9601 0.1866 -0.2085 0.8484 0.4119
 12 9.9682 5.3815 1.9776 0.8149 0.5791 0.0245 0.8740 0.4139
charger_material_0.bmp
 12 9.9682 5.3815 1.9776 0.8149 0.5791 0.0245 0.8740 0.4139
 12 10.6013 3.5378 1.5376 0.9601 0.1866 -0.2085 0.8484 0.4119
 12 10.0255 5.5604 0.3276 0.8889 0.4581 -0.0031 0.8720 0.3921
charger_material_0.bmp
 12 10.6013 3.5378 1.5376 0.9601 0.1866 -0.2085 0.8484 0.4119
 12 10.6250 3.5106 0.2176 0.9746 0.2192 -0.0454 0.8465 0.3941
 12 10.0255 5.5604 0.3276 0.8889 0.4581 -0.0031 0.8720 0.3921
charger_material_0.bmp
 12 10.0255 5.5604 0.3276 0.8889 0.4581 -0.0031 0.8720 0.3921
 12 10.6250 3.5106 0.2176 0.9746 0.2192 -0.0454 0.8465 0.3941
 12 9.9535 5.5712 -0.4724 0.8651 0.4094 -0.2897 0.8720 0.3822
charger_material_0.bmp
 12 10.6250 3.5106 0.2176 0.9746 0.2192 -0.0454 0.8465 0.3941
 12 10.5124 3.4455 -0.5824 0.9339 0.2891 -0.2105 0.8445 0.3842
 12 9.9535 5.5712 -0.4724 0.8651 0.4094 -0.2897 0.8720 0.3822
charger_material_0.bmp
 12 9.9535 5.5712 -0.4724 0.8651 0.4094 -0.2897 0.8720 0.3822
 12 10.5124 3.4455 -0.5824 0.9339 0.2891 -0.2105 0.8445 0.3842
 12 10.1468 3.3879 -1.3224 0.8589 0.2797 -0.4290 0.8445 0.3743
charger_material_0.bmp
 12 10.5124 3.4455 -0.5824 0.9339 0.2891 -0.2105 0.8445 0.3842
 12 11.1626 0.9284 -1.4024 0.9198 0.2222 -0.3235 0.8110 0.3782
 12 10.1468 3.3879 -1.3224 0.8589 0.2797 -0.4290 0.8445 0.3743
charger_material_0.bmp
  9 -2.3758 0.7542 25.1792 0.8856 -0.4411 -0.1455 0.9587 0.9168
  9 -3.7029 -0.8487 23.2873 0.7545 -0.6532 -0.0644 0.9350 0.8990
  9 -2.7036 0.6998 23.0477 0.9113 -0.3923 -0.1251 0.9528 0.8970
charger_material_0.bmp
  9 -2.7036 0.6998 23.0477 0.9113 -0.3923 -0.1251 0.9528 0.8970
  9 -3.7029 -0.8487 23.2873 0.7545 -0.6532 -0.0644 0.9350 0.8990
  9 -2.9693 0.5461 21.0495 0.9445 -0.3243 -0.0533 0.9488 0.8792
charger_material_0.bmp
  9 -3.7029 -0.8487 23.2873 0.7545 -0.6532 -0.0644 0.9350 0.8990
  9 -3.7625 -1.0437 21.0215 0.7250 -0.6879 0.0331 0.9311 0.8792
  9 -2.9693 0.5461 21.0495 0.9445 -0.3243 -0.0533 0.9488 0.8792
charger_material_0.bmp
  9 -2.9693 0.5461 21.0495 0.9445 -0.3243 -0.0533 0.9488 0.8792
  9 -3.7625 -1.0437 21.0215 0.7250 -0.6879 0.0331 0.9311 0.8792
 14 -3.0632 0.0784 18.6459 0.9367 -0.3463 -0.0519 0.9429 0.8594
charger_material_0.bmp
  9 -3.7625 -1.0437 21.0215 0.7250 -0.6879 0.0331 0.9311 0.8792
 14 -3.8415 -1.3145 18.7706 0.6737 -0.7371 -0.0523 0.9291 0.8594
 14 -3.0632 0.0784 18.6459 0.9367 -0.3463 -0.0519 0.9429 0.8594
charger_material_0.bmp
 14 -3.0632 0.0784 18.6459 0.9367 -0.3463 -0.0519 0.9429 0.8594
 14 -3.8415 -1.3145 18.7706 0.6737 -0.7371 -0.0523 0.9291 0.8594
 14 -4.0208 -1.2096 17.5859 0.6567 -0.7333 -0.1759 0.9272 0.8475
charger_material_0.bmp
 14 -3.8415 -1.3145 18.7706 0.6737 -0.7371 -0.0523 0.9291 0.8594
 14 -5.5772 -2.0928 18.9366 0.2696 -0.9618 -0.0482 0.9114 0.8614
 14 -4.0208 -1.2096 17.5859 0.6567 -0.7333 -0.1759 0.9272 0.8475
charger_material_0.bmp
 14 -4.0208 -1.2096 17.5859 0.6567 -0.7333 -0.1759 0.9272 0.8475
 14 -5.5772 -2.0928 18.9366 0.2696 -0.9618 -0.0482 0.9114 0.8614
 14 -5.5698 -1.9259 17.3782 0.1870 -0.9703 -0.1533 0.9114 0.8455
charger_material_0.bmp
 14 -5.5772 -2.0928 18.9366 0.2696 -0.9618 -0.0482 0.9114 0.8614
 14 -7.3340 -1.8733 18.9324 -0.2673 -0.9626 -0.0443 0.8957 0.8614
 14 -5.5698 -1.9259 17.3782 0.1870 -0.9703 -0.1533 0.9114 0.8455
charger_material_0.bmp
 14 -5.5698 -1.9259 17.3782 0.1870 -0.9703 -0.1533 0.9114 0.8455
 14 -7.3340 -1.8733 18.9324 -0.2673 -0.9626 -0.0443 0.8957 0.8614
 14 -7.4333 -1.7127 17.5247 -0.3652 -0.9236 -0.1162 0.8937 0.8455
charger_material_0.bmp
 14 -7.3340 -1.8733 18.9324 -0.2673 -0.9626 -0.0443 0.8957 0.8614
 14 -8.8297 -0.8806 18.9983 -0.7081 -0.7024 -0.0722 0.8799 0.8614
 14 -7.4333 -1.7127 17.5247 -0.3652 -0.9236 -0.1162 0.8937 0.8455
charger_material_0.bmp
 14 -7.4333 -1.7127 17.5247 -0.3652 -0.9236 -0.1162 0.8937 0.8455
 14 -8.8297 -0.8806 18.9983 -0.7081 -0.7024 -0.0722 0.8799 0.8614
 14 -8.7521 -0.6629 17.7633 -0.7856 -0.6001 -0.1510 0.8780 0.8475
charger_material_0.bmp
 14 -8.8297 -0.8806 18.9983 -0.7081 -0.7024 -0.0722 0.8799 0.8614
 14 -9.7603 0.7076 19.0644 -0.9822 -0.1526 -0.1097 0.8622 0.8614
 14 -8.7521 -0.6629 17.7633 -0.7856 -0.6001 -0.1510 0.8780 0.8475
charger_material_0.bmp
 14 -8.7521 -0.6629 17.7633 -0.7856 -0.6001 -0.1510 0.8780 0.8475
 14 -9.7603 0.7076 19.0644 -0.9822 -0.1526 -0.1097 0.8622 0.8614
 14 -9.4645 0.8515 17.9117 -0.9777 -0.1880 -0.0933 0.8622 0.8475
charger_material_0.bmp
 14 -9.7603 0.7076 19.0644 -0.9822 -0.1526 -0.1097 0.8622 0.8614
 14 -9.3879 2.2988 19.1022 -0.9408 0.3361 -0.0437 0.8465 0.8614
 14 -9.4645 0.8515 17.9117 -0.9777 -0.1880 -0.0933 0.8622 0.8475
charger_material_0.bmp
 14 -9.4645 0.8515 17.9117 -0.9777 -0.1880 -0.0933 0.8622 0.8475
 14 -9.3879 2.2988 19.1022 -0.9408 0.3361 -0.0437 0.8465 0.8614
 14 -9.4370 2.2704 17.9198 -0.9630 0.2555 0.0855 0.8465 0.8475
charger_material_0.bmp
 14 -9.3879 2.2988 19.1022 -0.9408 0.3361 -0.0437 0.8465 0.8614
 14 -8.5389 3.6430 18.1154 -0.7559 0.6500 0.0785 0.8307 0.8495
 14 -9.4370 2.2704 17.9198 -0.9630 0.2555 0.0855 0.8465 0.8475
charger_material_0.bmp
 14 -9.4370 2.2704 17.9198 -0.9630 0.2555 0.0855 0.8465 0.8475
 14 -8.5389 3.6430 18.1154 -0.7559 0.6500 0.0785 0.8307 0.8495
 14 -8.8150 3.7202 16.7542 -0.7678 0.6018 0.2200 0.8307 0.8337
charger_material_0.bmp
 14 -8.5389 3.6430 18.1154 -0.7559 0.6500 0.0785 0.8307 0.8495
 14 -7.8119 4.6353 16.8037 -0.4232 0.8861 0.1892 0.8169 0.8337
 14 -8.8150 3.7202 16.7542 -0.7678 0.6018 0.2200 0.8307 0.8337
charger_material_0.bmp
 14 -8.8150 3.7202 16.7542 -0.7678 0.6018 0.2200 0.8307 0.8337
 14 -7.8119 4.6353 16.8037 -0.4232 0.8861 0.1892 0.8169 0.8337
 14 -8.2024 4.7599 15.3981 -0.4446 0.8828 0.1516 0.8189 0.8178
charger_material_0.bmp
 14 -7.8119 4.6353 16.8037 -0.4232 0.8861 0.1892 0.8169 0.8337
 14 -6.3766 5.1258 15.4670 0.0890 0.9872 0.1323 0.7992 0.8198
 14 -8.2024 4.7599 15.3981 -0.4446 0.8828 0.1516 0.8189 0.8178
charger_material_0.bmp
 14 -8.2024 4.7599 15.3981 -0.4446 0.8828 0.1516 0.8189 0.8178
 14 -6.3766 5.1258 15.4670 0.0890 0.9872 0.1323 0.7992 0.8198
 14 -6.5576 5.3506 12.1931 -0.0172 0.9998 -0.0040 0.8012 0.7802
charger_material_0.bmp
 14 -6.3766 5.1258 15.4670 0.0890 0.9872 0.1323 0.7992 0.8198
 14 -4.8978 4.9226 12.3528 0.5233 0.8520 0.0168 0.7835 0.7822
 14 -6.5576 5.3506 12.1931 -0.0172 0.9998 -0.0040 0.8012 0.7802
charger_material_0.bmp
 14 -6.5576 5.3506 12.1931 -0.0172 0.9998 -0.0040 0.8012 0.7802
 14 -4.8978 4.9226 12.3528 0.5233 0.8520 0.0168 0.7835 0.7822
 14 -5.5827 4.8633 7.9881 0.3953 0.9186 0.0006 0.7894 0.7287
charger_material_0.bmp
 14 -4.8978 4.9226 12.3528 0.5233 0.8520 0.0168 0.7835 0.7822
 14 -4.2417 3.7782 8.2084 0.8162 0.5778 -0.0006 0.7697 0.7307
 14 -5.5827 4.8633 7.9881 0.3953 0.9186 0.0006 0.7894 0.7287
charger_material_0.bmp
 14 -5.5827 4.8633 7.9881 0.3953 0.9186 0.0006 0.7894 0.7287
 14 -4.2417 3.7782 8.2084 0.8162 0.5778 -0.0006 0.7697 0.7307
 14 -4.1366 3.9639 5.6419 0.7166 0.6917 0.0893 0.7677 0.7030
charger_material_0.bmp
 14 -4.2417 3.7782 8.2084 0.8162 0.5778 -0.0006 0.7697 0.7307
 14 -3.3659 2.6651 5.7875 0.8571 0.5095 0.0767 0.7539 0.7050
 14 -4.1366 3.9639 5.6419 0.7166 0.6917 0.0893 0.7677 0.7030
charger_material_0.bmp
 12 10.5124 3.4455 -0.5824 0.9339 0.2891 -0.2105 0.8445 0.3842
 12 11.3885 0.8973 -0.6324 0.9967 0.0715 0.0378 0.8110 0.3881
 12 11.1626 0.9284 -1.4024 0.9198 0.2222 -0.3235 0.8110 0.3782
charger_material_0.bmp
 12 11.1626 0.9284 -1.4024 0.9198 0.2222 -0.3235 0.8110 0.3782
 12 11.3885 0.8973 -0.6324 0.9967 0.0715 0.0378 0.8110 0.3881
 13 11.1652 -1.1830 -1.2908 0.9703 -0.0357 -0.2391 0.7854 0.3822
charger_material_0.bmp
 12 11.3885 0.8973 -0.6324 0.9967 0.0715 0.0378 0.8110 0.3881
 13 11.2609 -1.2210 -0.6508 0.9886 -0.0230 0.1488 0.7854 0.3901
 13 11.1652 -1.1830 -1.2908 0.9703 -0.0357 -0.2391 0.7854 0.3822
charger_material_0.bmp
 13 11.1652 -1.1830 -1.2908 0.9703 -0.0357 -0.2391 0.7854 0.3822
 13 11.2609 -1.2210 -0.6508 0.9886 -0.0230 0.1488 0.7854 0.3901
 13 11.2605 -2.3808 -0.8008 0.9622 -0.2536 -0.0997 0.7717 0.3861
charger_material_0.bmp
 13 11.2609 -1.2210 -0.6508 0.9886 -0.0230 0.1488 0.7854 0.3901
 13 11.1588 -2.3738 -0.4508 0.8351 -0.2203 0.5042 0.7717 0.3921
 13 11.2605 -2.3808 -0.8008 0.9622 -0.2536 -0.0997 0.7717 0.3861
charger_material_0.bmp
 13 11.2605 -2.3808 -0.8008 0.9622 -0.2536 -0.0997 0.7717 0.3861
 13 11.1588 -2.3738 -0.4508 0.8351 -0.2203 0.5042 0.7717 0.3921
 13 10.9702 -2.8622 -0.6108 0.6159 -0.7549 0.2253 0.7657 0.3901
charger_material_0.bmp
 13 11.1588 -2.3738 -0.4508 0.8351 -0.2203 0.5042 0.7717 0.3921
 13 10.7742 -2.5953 -0.2308 0.3689 -0.5296 0.7639 0.7677 0.3960
 13 10.9702 -2.8622 -0.6108 0.6159 -0.7549 0.2253 0.7657 0.3901
charger_material_0.bmp
 13 10.9702 -2.8622 -0.6108 0.6159 -0.7549 0.2253 0.7657 0.3901
 13 10.7742 -2.5953 -0.2308 0.3689 -0.5296 0.7639 0.7677 0.3960
 13 10.3015 -3.0703 -0.5708 0.6193 -0.6970 0.3615 0.7598 0.3941
charger_material_0.bmp
 13 10.7742 -2.5953 -0.2308 0.3689 -0.5296 0.7639 0.7677 0.3960
 13 10.3120 -2.6857 -0.2308 0.4706 -0.5114 0.7190 0.7638 0.4000
 13 10.3015 -3.0703 -0.5708 0.6193 -0.6970 0.3615 0.7598 0.3941
charger_material_0.bmp
 13 10.3015 -3.0703 -0.5708 0.6193 -0.6970 0.3615 0.7598 0.3941
 13 10.3120 -2.6857 -0.2308 0.4706 -0.5114 0.7190 0.7638 0.4000
 13 9.6866 -3.3822 0.0492 0.3706 -0.5578 0.7427 0.7539 0.4040
charger_material_0.bmp
 13 10.3120 -2.6857 -0.2308 0.4706 -0.5114 0.7190 0.7638 0.4000
 13 9.6519 -2.6506 0.3392 0.4241 -0.3681 0.8274 0.7618 0.4119
 13 9.6866 -3.3822 0.0492 0.3706 -0.5578 0.7427 0.7539 0.4040
charger_material_0.bmp
 13 9.6866 -3.3822 0.0492 0.3706 -0.5578 0.7427 0.7539 0.4040
 13 9.6519 -2.6506 0.3392 0.4241 -0.3681 0.8274 0.7618 0.4119
 13 9.1401 -2.7474 0.3692 0.2982 -0.5109 0.8062 0.7559 0.4158
charger_material_0.bmp
 13 9.6519 -2.6506 0.3392 0.4241 -0.3681 0.8274 0.7618 0.4119
 13 9.3572 -2.0133 0.7792 0.5032 -0.4929 0.7098 0.7677 0.4198
 13 9.1401 -2.7474 0.3692 0.2982 -0.5109 0.8062 0.7559 0.4158
charger_material_0.bmp
 13 9.1401 -2.7474 0.3692 0.2982 -0.5109 0.8062 0.7559 0.4158
 13 9.3572 -2.0133 0.7792 0.5032 -0.4929 0.7098 0.7677 0.4198
 13 8.5554 -3.1361 0.7192 0.5032 -0.4929 0.7098 0.7480 0.4238
charger_material_0.bmp
 13 9.3572 -2.0133 0.7792 0.5032 -0.4929 0.7098 0.7677 0.4198
 12 7.9087 -2.6614 1.1977 0.2732 -0.4814 0.8328 0.7500 0.4356
 13 8.5554 -3.1361 0.7192 0.5032 -0.4929 0.7098 0.7480 0.4238
charger_material_0.bmp
 13 8.5554 -3.1361 0.7192 0.5032 -0.4929 0.7098 0.7480 0.4238
 12 7.9087 -2.6614 1.1977 0.2732 -0.4814 0.8328 0.7500 0.4356
 13 7.9561 -3.3351 0.7792 0.2888 -0.6164 0.7326 0.7402 0.4297
charger_material_0.bmp
 12 7.9087 -2.6614 1.1977 0.2732 -0.4814 0.8328 0.7500 0.4356
 13 7.3110 -3.5703 0.9892 0.2320 -0.5972 0.7679 0.7343 0.4356
 13 7.9561 -3.3351 0.7792 0.2888 -0.6164 0.7326 0.7402 0.4297
charger_material_0.bmp
 13 7.9561 -3.3351 0.7792 0.2888 -0.6164 0.7326 0.7402 0.4297
 13 7.3110 -3.5703 0.9892 0.2320 -0.5972 0.7679 0.7343 0.4356
 13 7.9270 -3.7321 0.2292 0.2674 -0.7260 0.6336 0.7343 0.4218
charger_material_0.bmp
 13 7.3110 -3.5703 0.9892 0.2320 -0.5972 0.7679 0.7343 0.4356
 13 7.2440 -4.0630 0.4792 0.1129 -0.6578 0.7446 0.7264 0.4317
 13 7.9270 -3.7321 0.2292 0.2674 -0.7260 0.6336 0.7343 0.4218
charger_material_0.bmp
 13 7.9270 -3.7321 0.2292 0.2674 -0.7260 0.6336 0.7343 0.4218
 13 7.2440 -4.0630 0.4792 0.1129 -0.6578 0.7446 0.7264 0.4317
 13 7.5539 -4.5068 -0.0008 0.4968 -0.6408 0.5853 0.7224 0.4218
charger_material_0.bmp
 13 7.2440 -4.0630 0.4792 0.1129 -0.6578 0.7446 0.7264 0.4317
 13 6.8119 -4.4621 0.1792 -0.4268 -0.5751 0.6980 0.7165 0.4297
 13 7.5539 -4.5068 -0.0008 0.4968 -0.6408 0.5853 0.7224 0.4218
charger_material_0.bmp
 13 7.5539 -4.5068 -0.0008 0.4968 -0.6408 0.5853 0.7224 0.4218
 13 6.8119 -4.4621 0.1792 -0.4268 -0.5751 0.6980 0.7165 0.4297
 13 6.6997 -4.8398 -0.3408 -0.3992 -0.8741 0.2767 0.7106 0.4257
charger_material_0.bmp
 13 6.8119 -4.4621 0.1792 -0.4268 -0.5751 0.6980 0.7165 0.4297
 13 6.5032 -4.4922 -0.2408 -0.8897 -0.2878 0.3543 0.7106 0.4297
 13 6.6997 -4.8398 -0.3408 -0.3992 -0.8741 0.2767 0.7106 0.4257
charger_material_0.bmp
 13 6.6997 -4.8398 -0.3408 -0.3992 -0.8741 0.2767 0.7106 0.4257
 13 6.5032 -4.4922 -0.2408 -0.8897 -0.2878 0.3543 0.7106 0.4297
 13 6.3928 -4.4965 -0.7708 -0.8797 -0.4616 0.1142 0.7028 0.4257
charger_material_0.bmp
 13 6.5032 -4.4922 -0.2408 -0.8897 -0.2878 0.3543 0.7106 0.4297
 13 6.3727 -4.1865 -0.6708 -0.2637 -0.9608 -0.0860 0.7028 0.4297
 13 6.3928 -4.4965 -0.7708 -0.8797 -0.4616 0.1142 0.7028 0.4257
charger_material_0.bmp
 14 -3.5335 2.5572 8.2175 0.8571 0.5095 0.0767 0.7539 0.7307
 14 -4.2417 3.7782 8.2084 0.8162 0.5778 -0.0006 0.7697 0.7307
 14 -3.5899 2.4177 12.0698 0.9542 0.2990 0.0043 0.7539 0.7782
charger_material_0.bmp
 14 -3.5899 2.4177 12.0698 0.9542 0.2990 0.0043 0.7539 0.7782
 14 -4.2417 3.7782 8.2084 0.8162 0.5778 -0.0006 0.7697 0.7307
 14 -3.8383 3.7195 12.2508 0.8903 0.4511 0.0622 0.7677 0.7802
charger_material_0.bmp
 14 -4.2417 3.7782 8.2084 0.8162 0.5778 -0.0006 0.7697 0.7307
 14 -4.8978 4.9226 12.3528 0.5233 0.8520 0.0168 0.7835 0.7822
 14 -3.8383 3.7195 12.2508 0.8903 0.4511 0.0622 0.7677 0.7802
charger_material_0.bmp
 14 -3.8383 3.7195 12.2508 0.8903 0.4511 0.0622 0.7677 0.7802
 14 -4.8978 4.9226 12.3528 0.5233 0.8520 0.0168 0.7835 0.7822
 14 -5.0840 4.5113 15.4658 0.6041 0.7906 0.1001 0.7835 0.8218
charger_material_0.bmp
 14 -4.8978 4.9226 12.3528 0.5233 0.8520 0.0168 0.7835 0.7822
 14 -6.3766 5.1258 15.4670 0.0890 0.9872 0.1323 0.7992 0.8198
 14 -5.0840 4.5113 15.4658 0.6041 0.7906 0.1001 0.7835 0.8218
charger_material_0.bmp
 14 -5.0840 4.5113 15.4658 0.6041 0.7906 0.1001 0.7835 0.8218
 14 -6.3766 5.1258 15.4670 0.0890 0.9872 0.1323 0.7992 0.8198
 14 -6.2574 4.8667 16.7699 0.1015 0.9900 0.0982 0.7992 0.8356
charger_material_0.bmp
 14 -6.3766 5.1258 15.4670 0.0890 0.9872 0.1323 0.7992 0.8198
 14 -7.8119 4.6353 16.8037 -0.4232 0.8861 0.1892 0.8169 0.8337
 14 -6.2574 4.8667 16.7699 0.1015 0.9900 0.0982 0.7992 0.8356
charger_material_0.bmp
 14 -6.2574 4.8667 16.7699 0.1015 0.9900 0.0982 0.7992 0.8356
 14 -7.8119 4.6353 16.8037 -0.4232 0.8861 0.1892 0.8169 0.8337
 14 -7.4254 4.5564 18.1646 -0.4209 0.9071 -0.0064 0.8150 0.8515
charger_material_0.bmp
 14 -7.8119 4.6353 16.8037 -0.4232 0.8861 0.1892 0.8169 0.8337
 14 -8.5389 3.6430 18.1154 -0.7559 0.6500 0.0785 0.8307 0.8495
 14 -7.4254 4.5564 18.1646 -0.4209 0.9071 -0.0064 0.8150 0.8515
charger_material_0.bmp
 14 -7.4254 4.5564 18.1646 -0.4209 0.9071 -0.0064 0.8150 0.8515
 14 -8.5389 3.6430 18.1154 -0.7559 0.6500 0.0785 0.8307 0.8495
 14 -8.4618 3.8593 19.1563 -0.7543 0.6541 -0.0555 0.8287 0.8614
charger_material_0.bmp
 14 -8.5389 3.6430 18.1154 -0.7559 0.6500 0.0785 0.8307 0.8495
 14 -9.3879 2.2988 19.1022 -0.9408 0.3361 -0.0437 0.8465 0.8614
 14 -8.4618 3.8593 19.1563 -0.7543 0.6541 -0.0555 0.8287 0.8614
charger_material_0.bmp
 14 -8.4618 3.8593 19.1563 -0.7543 0.6541 -0.0555 0.8287 0.8614
 14 -9.3879 2.2988 19.1022 -0.9408 0.3361 -0.0437 0.8465 0.8614
  9 -9.5072 2.3487 21.6094 -0.9517 0.3057 0.0278 0.8484 0.8832
charger_material_0.bmp
 14 -9.3879 2.2988 19.1022 -0.9408 0.3361 -0.0437 0.8465 0.8614
 14 -9.7603 0.7076 19.0644 -0.9822 -0.1526 -0.1097 0.8622 0.8614
  9 -9.5072 2.3487 21.6094 -0.9517 0.3057 0.0278 0.8484 0.8832
charger_material_0.bmp
  9 -9.5072 2.3487 21.6094 -0.9517 0.3057 0.0278 0.8484 0.8832
 14 -9.7603 0.7076 19.0644 -0.9822 -0.1526 -0.1097 0.8622 0.8614
  9 -9.7023 0.6245 21.7585 -0.9738 -0.2245 0.0355 0.8642 0.8851
charger_material_0.bmp
 14 -9.7603 0.7076 19.0644 -0.9822 -0.1526 -0.1097 0.8622 0.8614
 14 -8.8297 -0.8806 18.9983 -0.7081 -0.7024 -0.0722 0.8799 0.8614
  9 -9.7023 0.6245 21.7585 -0.9738 -0.2245 0.0355 0.8642 0.8851
charger_material_0.bmp
  9 -9.7023 0.6245 21.7585 -0.9738 -0.2245 0.0355 0.8642 0.8851
 14 -8.8297 -0.8806 18.9983 -0.7081 -0.7024 -0.0722 0.8799 0.8614
  9 -8.9531 -1.0867 21.9096 -0.7249 -0.6887 0.0130 0.8799 0.8871
charger_material_0.bmp
 14 -8.8297 -0.8806 18.9983 -0.7081 -0.7024 -0.0722 0.8799 0.8614
  9 -7.2019 -1.9054 21.7738 -0.2724 -0.9620 -0.0199 0.8976 0.8851
  9 -8.9531 -1.0867 21.9096 -0.7249 -0.6887 0.0130 0.8799 0.8871
charger_material_0.bmp
  9 -8.9531 -1.0867 21.9096 -0.7249 -0.6887 0.0130 0.8799 0.8871
  9 -7.2019 -1.9054 21.7738 -0.2724 -0.9620 -0.0199 0.8976 0.8851
  9 -7.0869 -1.9766 24.2175 -0.2724 -0.9620 -0.0199 0.9016 0.9089
charger_material_0.bmp
  9 -7.2019 -1.9054 21.7738 -0.2724 -0.9620 -0.0199 0.8976 0.8851
  9 -5.2106 -2.0191 23.8756 0.2800 -0.9593 -0.0377 0.9193 0.9050
  9 -7.0869 -1.9766 24.2175 -0.2724 -0.9620 -0.0199 0.9016 0.9089
charger_material_0.bmp
  9 -7.0869 -1.9766 24.2175 -0.2724 -0.9620 -0.0199 0.9016 0.9089
  9 -5.2106 -2.0191 23.8756 0.2800 -0.9593 -0.0377 0.9193 0.9050
  9 -5.0595 -2.0051 26.3795 0.2800 -0.9593 -0.0377 0.9232 0.9327
charger_material_0.bmp
  9 -5.2106 -2.0191 23.8756 0.2800 -0.9593 -0.0377 0.9193 0.9050
  9 -3.3350 -1.0076 25.7550 0.7106 -0.6982 -0.0867 0.9409 0.9248
  9 -5.0595 -2.0051 26.3795 0.2800 -0.9593 -0.0377 0.9232 0.9327
charger_material_0.bmp
  9 -5.0595 -2.0051 26.3795 0.2800 -0.9593 -0.0377 0.9232 0.9327
  9 -3.3350 -1.0076 25.7550 0.7106 -0.6982 -0.0867 0.9409 0.9248
  9 -3.1721 -0.8786 27.9461 0.7680 -0.5987 -0.2273 0.9488 0.9505
charger_material_0.bmp
  9 -3.3350 -1.0076 25.7550 0.7106 -0.6982 -0.0867 0.9409 0.9248
  9 -2.0773 0.7916 27.1032 0.8573 -0.4903 -0.1569 0.9665 0.9386
  9 -3.1721 -0.8786 27.9461 0.7680 -0.5987 -0.2273 0.9488 0.9505
charger_material_0.bmp
  9 -3.1721 -0.8786 27.9461 0.7680 -0.5987 -0.2273 0.9488 0.9505
  9 -2.0773 0.7916 27.1032 0.8573 -0.4903 -0.1569 0.9665 0.9386
  9 -1.8438 0.6807 28.4409 0.8489 -0.3827 -0.3645 0.9724 0.9545
charger_material_0.bmp
 14 -8.2205 3.5162 5.3759 -0.9035 0.4238 -0.0636 0.2618 0.0634
 15 -8.2719 2.8414 4.3978 -0.9983 -0.0500 -0.0288 0.2697 0.0515
 14 -8.2696 2.7220 5.5368 -0.9872 -0.1583 -0.0206 0.2677 0.0673
charger_material_0.bmp
 14 -8.2696 2.7220 5.5368 -0.9872 -0.1583 -0.0206 0.2677 0.0673
 15 -8.2719 2.8414 4.3978 -0.9983 -0.0500 -0.0288 0.2697 0.0515
 15 -8.0695 2.1495 4.4877 -0.9041 -0.4255 -0.0399 0.2756 0.0535
charger_material_0.bmp
 15 -8.2719 2.8414 4.3978 -0.9983 -0.0500 -0.0288 0.2697 0.0515
 15 -8.1062 2.2551 3.2377 -0.9192 -0.3900 0.0551 0.2756 0.0376
 15 -8.0695 2.1495 4.4877 -0.9041 -0.4255 -0.0399 0.2756 0.0535
charger_material_0.bmp
 15 -8.0695 2.1495 4.4877 -0.9041 -0.4255 -0.0399 0.2756 0.0535
 15 -8.1062 2.2551 3.2377 -0.9192 -0.3900 0.0551 0.2756 0.0376
 15 -7.7119 1.7198 3.3377 -0.6940 -0.7190 0.0382 0.2815 0.0396
charger_material_0.bmp
 15 -8.1062 2.2551 3.2377 -0.9192 -0.3900 0.0551 0.2756 0.0376
 15 -8.0380 2.0042 2.5777 -0.8451 -0.5157 0.1411 0.2776 0.0277
 15 -7.7119 1.7198 3.3377 -0.6940 -0.7190 0.0382 0.2815 0.0396
charger_material_0.bmp
 15 -7.7119 1.7198 3.3377 -0.6940 -0.7190 0.0382 0.2815 0.0396
 15 -8.0380 2.0042 2.5777 -0.8451 -0.5157 0.1411 0.2776 0.0277
 15 -7.5851 1.5318 2.7977 -0.5915 -0.7789 0.2086 0.2854 0.0317
charger_material_0.bmp
 15 -8.0380 2.0042 2.5777 -0.8451 -0.5157 0.1411 0.2776 0.0277
 15 -8.0651 1.7960 1.9677 -0.4972 0.2680 0.8252 0.2795 0.0198
 15 -7.5851 1.5318 2.7977 -0.5915 -0.7789 0.2086 0.2854 0.0317
charger_material_0.bmp
 15 -7.5851 1.5318 2.7977 -0.5915 -0.7789 0.2086 0.2854 0.0317
 15 -8.0651 1.7960 1.9677 -0.4972 0.2680 0.8252 0.2795 0.0198
 15 -8.4825 1.9209 2.2677 0.7315 0.4888 0.4755 0.2835 0.0158
charger_material_0.bmp
 15 -8.0651 1.7960 1.9677 -0.4972 0.2680 0.8252 0.2795 0.0198
 15 -8.3511 2.3878 1.8278 -0.8552 -0.0698 0.5135 0.2756 0.0158
 15 -8.4825 1.9209 2.2677 0.7315 0.4888 0.4755 0.2835 0.0158
charger_material_0.bmp
 15 -8.4825 1.9209 2.2677 0.7315 0.4888 0.4755 0.2835 0.0158
 15 -8.3511 2.3878 1.8278 -0.8552 -0.0698 0.5135 0.2756 0.0158
 15 -8.2810 3.0039 1.4278 -0.2269 0.5922 0.7732 0.2677 0.0099
charger_material_0.bmp
 15 -8.3511 2.3878 1.8278 -0.8552 -0.0698 0.5135 0.2756 0.0158
 15 -8.3802 3.0168 2.4278 -0.9823 0.1845 0.0326 0.2697 0.0238
 15 -8.2810 3.0039 1.4278 -0.2269 0.5922 0.7732 0.2677 0.0099
charger_material_0.bmp
 15 -8.2810 3.0039 1.4278 -0.2269 0.5922 0.7732 0.2677 0.0099
 15 -8.3802 3.0168 2.4278 -0.9823 0.1845 0.0326 0.2697 0.0238
 15 -8.0760 3.5722 2.5478 -0.7663 0.6414 -0.0370 0.2618 0.0257
charger_material_0.bmp
 15 -8.3802 3.0168 2.4278 -0.9823 0.1845 0.0326 0.2697 0.0238
 15 -8.0734 3.5920 3.2078 -0.8281 0.5604 0.0138 0.2618 0.0356
 15 -8.0760 3.5722 2.5478 -0.7663 0.6414 -0.0370 0.2618 0.0257
charger_material_0.bmp
 15 -8.0760 3.5722 2.5478 -0.7663 0.6414 -0.0370 0.2618 0.0257
 15 -8.0734 3.5920 3.2078 -0.8281 0.5604 0.0138 0.2618 0.0356
 15 -7.4807 4.0393 3.2178 -0.6397 0.7683 -0.0246 0.2539 0.0337
charger_material_0.bmp
 15 -8.0734 3.5920 3.2078 -0.8281 0.5604 0.0138 0.2618 0.0356
 15 -7.5859 4.0833 4.2878 -0.6397 0.7683 -0.0246 0.2539 0.0495
 15 -7.4807 4.0393 3.2178 -0.6397 0.7683 -0.0246 0.2539 0.0337
charger_material_0.bmp
 15 -7.4807 4.0393 3.2178 -0.6397 0.7683 -0.0246 0.2539 0.0337
 15 -7.5859 4.0833 4.2878 -0.6397 0.7683 -0.0246 0.2539 0.0495
 15 -6.9799 4.4784 3.2677 -0.3363 0.9413 0.0288 0.2480 0.0337
charger_material_0.bmp
 15 -7.5859 4.0833 4.2878 -0.6397 0.7683 -0.0246 0.2539 0.0495
 15 -6.9376 4.4930 4.3277 -0.2371 0.9713 -0.0179 0.2461 0.0475
 15 -6.9799 4.4784 3.2677 -0.3363 0.9413 0.0288 0.2480 0.0337
charger_material_0.bmp
 15 -6.9799 4.4784 3.2677 -0.3363 0.9413 0.0288 0.2480 0.0337
 15 -6.9376 4.4930 4.3277 -0.2371 0.9713 -0.0179 0.2461 0.0475
 15 -6.3026 4.4911 3.2677 0.3590 0.9324 0.0412 0.2402 0.0337
charger_material_0.bmp
 15 -6.9376 4.4930 4.3277 -0.2371 0.9713 -0.0179 0.2461 0.0475
 15 -6.1900 4.4260 4.4377 0.5038 0.8638 -0.0073 0.2382 0.0495
 15 -6.3026 4.4911 3.2677 0.3590 0.9324 0.0412 0.2402 0.0337
charger_material_0.bmp
 15 -6.3026 4.4911 3.2677 0.3590 0.9324 0.0412 0.2402 0.0337
 15 -6.1900 4.4260 4.4377 0.5038 0.8638 -0.0073 0.2382 0.0495
 15 -5.8243 3.9045 3.2777 0.8657 0.4999 0.0243 0.2323 0.0356
charger_material_0.bmp
 15 -6.1900 4.4260 4.4377 0.5038 0.8638 -0.0073 0.2382 0.0495
 15 -5.7786 3.8683 4.5077 0.9155 0.4004 -0.0397 0.2323 0.0515
 15 -5.8243 3.9045 3.2777 0.8657 0.4999 0.0243 0.2323 0.0356
charger_material_0.bmp
 15 -5.8243 3.9045 3.2777 0.8657 0.4999 0.0243 0.2323 0.0356
 15 -5.7786 3.8683 4.5077 0.9155 0.4004 -0.0397 0.2323 0.0515
 15 -5.6430 3.2052 3.2977 0.9702 0.2416 0.0161 0.2244 0.0376
charger_material_0.bmp
 15 -5.7786 3.8683 4.5077 0.9155 0.4004 -0.0397 0.2323 0.0515
 15 -5.6171 3.1716 4.5677 0.9674 0.2347 -0.0951 0.2244 0.0554
 15 -5.6430 3.2052 3.2977 0.9702 0.2416 0.0161 0.2244 0.0376
charger_material_0.bmp
 11 2.7860 2.5183 17.5009 -0.8258 0.5543 -0.1043 0.9921 0.1822
 11 3.9090 4.0486 16.8999 -0.7148 0.6991 -0.0182 0.9685 0.1723
 11 2.9567 2.5813 16.4115 -0.8541 0.5181 -0.0467 0.9921 0.1683
charger_material_0.bmp
 11 2.9567 2.5813 16.4115 -0.8541 0.5181 -0.0467 0.9921 0.1683
 11 3.9090 4.0486 16.8999 -0.7148 0.6991 -0.0182 0.9685 0.1723
 11 4.0680 4.4313 15.1605 -0.7302 0.6705 0.1314 0.9665 0.1485
charger_material_0.bmp
 11 3.9090 4.0486 16.8999 -0.7148 0.6991 -0.0182 0.9685 0.1723
 11 5.7241 5.0276 17.2058 -0.2774 0.9603 0.0287 0.9390 0.1723
 11 4.0680 4.4313 15.1605 -0.7302 0.6705 0.1314 0.9665 0.1485
charger_material_0.bmp
 11 4.0680 4.4313 15.1605 -0.7302 0.6705 0.1314 0.9665 0.1485
 11 5.7241 5.0276 17.2058 -0.2774 0.9603 0.0287 0.9390 0.1723
 11 5.9346 5.1797 15.4633 -0.1496 0.9470 0.2843 0.9390 0.1485
charger_material_0.bmp
 11 5.7241 5.0276 17.2058 -0.2774 0.9603 0.0287 0.9390 0.1723
 11 7.2866 4.8382 17.4780 0.2583 0.9660 0.0089 0.9154 0.1743
 11 5.9346 5.1797 15.4633 -0.1496 0.9470 0.2843 0.9390 0.1485
charger_material_0.bmp
 11 5.9346 5.1797 15.4633 -0.1496 0.9470 0.2843 0.9390 0.1485
 11 7.2866 4.8382 17.4780 0.2583 0.9660 0.0089 0.9154 0.1743
 11 7.7213 5.0184 15.6988 0.2777 0.9045 0.3236 0.9134 0.1485
charger_material_0.bmp
 11 7.2866 4.8382 17.4780 0.2583 0.9660 0.0089 0.9154 0.1743
 11 8.8560 3.9820 17.5990 0.6006 0.7921 0.1084 0.8898 0.1743
 11 7.7213 5.0184 15.6988 0.2777 0.9045 0.3236 0.9134 0.1485
charger_material_0.bmp
 11 7.7213 5.0184 15.6988 0.2777 0.9045 0.3236 0.9134 0.1485
 11 8.8560 3.9820 17.5990 0.6006 0.7921 0.1084 0.8898 0.1743
 11 9.2190 4.2778 15.9385 0.6424 0.6759 0.3612 0.8898 0.1505
charger_material_0.bmp
 11 8.8560 3.9820 17.5990 0.6006 0.7921 0.1084 0.8898 0.1743
 11 9.9641 2.5476 17.5264 0.8673 0.4864 0.1058 0.8642 0.1743
 11 9.2190 4.2778 15.9385 0.6424 0.6759 0.3612 0.8898 0.1505
charger_material_0.bmp
 11 9.2190 4.2778 15.9385 0.6424 0.6759 0.3612 0.8898 0.1505
 11 9.9641 2.5476 17.5264 0.8673 0.4864 0.1058 0.8642 0.1743
 11 10.3365 2.7993 15.9828 0.9281 0.2634 0.2632 0.8642 0.1525
charger_material_0.bmp
 11 9.9641 2.5476 17.5264 0.8673 0.4864 0.1058 0.8642 0.1743
 11 10.4609 0.4932 17.2515 0.9995 0.0246 0.0178 0.8346 0.1723
 11 10.3365 2.7993 15.9828 0.9281 0.2634 0.2632 0.8642 0.1525
charger_material_0.bmp
 11 10.3365 2.7993 15.9828 0.9281 0.2634 0.2632 0.8642 0.1525
 11 10.4609 0.4932 17.2515 0.9995 0.0246 0.0178 0.8346 0.1723
 11 10.6287 0.6859 15.7528 0.9857 -0.1500 0.0762 0.8346 0.1525
charger_material_0.bmp
 11 10.4609 0.4932 17.2515 0.9995 0.0246 0.0178 0.8346 0.1723
 11 9.9481 -1.7952 16.6126 0.8781 -0.4775 -0.0313 0.8051 0.1683
 11 10.6287 0.6859 15.7528 0.9857 -0.1500 0.0762 0.8346 0.1525
charger_material_0.bmp
 11 10.6287 0.6859 15.7528 0.9857 -0.1500 0.0762 0.8346 0.1525
 11 9.9481 -1.7952 16.6126 0.8781 -0.4775 -0.0313 0.8051 0.1683
 11 10.0649 -1.5596 15.3370 0.8442 -0.5305 -0.0763 0.8051 0.1525
charger_material_0.bmp
 11 9.9481 -1.7952 16.6126 0.8781 -0.4775 -0.0313 0.8051 0.1683
 11 8.6358 -3.1517 15.9934 0.5739 -0.8140 -0.0896 0.7815 0.1663
 11 10.0649 -1.5596 15.3370 0.8442 -0.5305 -0.0763 0.8051 0.1525
charger_material_0.bmp
 11 10.0649 -1.5596 15.3370 0.8442 -0.5305 -0.0763 0.8051 0.1525
 11 8.6358 -3.1517 15.9934 0.5739 -0.8140 -0.0896 0.7815 0.1663
 11 8.7978 -2.9826 14.7745 0.5399 -0.8084 -0.2343 0.7815 0.1505
charger_material_0.bmp
 11 8.6358 -3.1517 15.9934 0.5739 -0.8140 -0.0896 0.7815 0.1663
 11 6.8964 -3.6811 14.3026 0.0284 -0.9445 -0.3272 0.7579 0.1505
 11 8.7978 -2.9826 14.7745 0.5399 -0.8084 -0.2343 0.7815 0.1505
charger_material_0.bmp
 11 8.7978 -2.9826 14.7745 0.5399 -0.8084 -0.2343 0.7815 0.1505
 11 6.8964 -3.6811 14.3026 0.0284 -0.9445 -0.3272 0.7579 0.1505
 11 7.1487 -2.4459 12.2707 -0.0374 -0.9285 -0.3696 0.7579 0.1069
charger_material_0.bmp
 11 6.8964 -3.6811 14.3026 0.0284 -0.9445 -0.3272 0.7579 0.1505
 11 5.1267 -2.8648 14.0673 -0.5566 -0.7309 -0.3950 0.7343 0.1485
 11 7.1487 -2.4459 12.2707 -0.0374 -0.9285 -0.3696 0.7579 0.1069
charger_material_0.bmp
 11 7.1487 -2.4459 12.2707 -0.0374 -0.9285 -0.3696 0.7579 0.1069
 11 5.1267 -2.8648 14.0673 -0.5566 -0.7309 -0.3950 0.7343 0.1485
 11 5.5220 -1.7965 12.0182 -0.5838 -0.7358 -0.3431 0.7343 0.1050
charger_material_0.bmp
 11 5.1267 -2.8648 14.0673 -0.5566 -0.7309 -0.3950 0.7343 0.1485
 11 3.8159 -1.2161 14.2586 -0.8284 -0.4688 -0.3065 0.7106 0.1485
 11 5.5220 -1.7965 12.0182 -0.5838 -0.7358 -0.3431 0.7343 0.1050
charger_material_0.bmp
 11 5.5220 -1.7965 12.0182 -0.5838 -0.7358 -0.3431 0.7343 0.1050
 11 3.8159 -1.2161 14.2586 -0.8284 -0.4688 -0.3065 0.7106 0.1485
 11 4.1379 -0.5208 12.3699 -0.8506 -0.4477 -0.2758 0.7106 0.1089
charger_material_0.bmp
 10 1.2176 -0.4896 28.2164 -0.9672 -0.1124 -0.2280 0.6929 0.2950
 10 1.2673 -0.5088 27.2452 -0.9661 -0.2429 -0.0876 0.6949 0.2851
 10 2.2247 -2.2490 27.8392 -0.7930 -0.5960 -0.1267 0.7185 0.2891
charger_material_0.bmp
 10 2.2247 -2.2490 27.8392 -0.7930 -0.5960 -0.1267 0.7185 0.2891
 10 1.2673 -0.5088 27.2452 -0.9661 -0.2429 -0.0876 0.6949 0.2851
 10 2.1364 -2.3207 25.9727 -0.7894 -0.6122 0.0455 0.7165 0.2673
charger_material_0.bmp
 10 1.2673 -0.5088 27.2452 -0.9661 -0.2429 -0.0876 0.6949 0.2851
 10 1.3363 -0.5791 25.5242 -0.9809 -0.1897 -0.0429 0.6929 0.2634
 10 2.1364 -2.3207 25.9727 -0.7894 -0.6122 0.0455 0.7165 0.2673
charger_material_0.bmp
 10 2.1364 -2.3207 25.9727 -0.7894 -0.6122 0.0455 0.7165 0.2673
 10 1.3363 -0.5791 25.5242 -0.9809 -0.1897 -0.0429 0.6929 0.2634
 10 2.0219 -2.4257 24.0663 -0.8240 -0.5656 -0.0342 0.7146 0.2475
charger_material_0.bmp
 10 1.3363 -0.5791 25.5242 -0.9809 -0.1897 -0.0429 0.6929 0.2634
 10 1.4441 -0.4573 23.7004 -0.9853 -0.1185 -0.1233 0.6909 0.2455
 10 2.0219 -2.4257 24.0663 -0.8240 -0.5656 -0.0342 0.7146 0.2475
charger_material_0.bmp
 10 2.0219 -2.4257 24.0663 -0.8240 -0.5656 -0.0342 0.7146 0.2475
 10 1.4441 -0.4573 23.7004 -0.9853 -0.1185 -0.1233 0.6909 0.2455
 10 2.3343 -2.3619 21.6617 -0.8384 -0.5249 -0.1465 0.7126 0.2257
charger_material_0.bmp
 10 1.4441 -0.4573 23.7004 -0.9853 -0.1185 -0.1233 0.6909 0.2455
 10 1.7394 -0.2873 21.3662 -0.9776 -0.1326 -0.1632 0.6890 0.2218
 10 2.3343 -2.3619 21.6617 -0.8384 -0.5249 -0.1465 0.7126 0.2257
charger_material_0.bmp
 10 2.3343 -2.3619 21.6617 -0.8384 -0.5249 -0.1465 0.7126 0.2257
 10 1.7394 -0.2873 21.3662 -0.9776 -0.1326 -0.1632 0.6890 0.2218
 11 2.8558 -2.1730 18.8286 -0.8471 -0.4856 -0.2160 0.7126 0.2040
charger_material_0.bmp
 10 1.7394 -0.2873 21.3662 -0.9776 -0.1326 -0.1632 0.6890 0.2218
 11 2.2377 0.0790 18.4488 -0.9702 -0.0567 -0.2354 0.6870 0.1980
 11 2.8558 -2.1730 18.8286 -0.8471 -0.4856 -0.2160 0.7126 0.2040
charger_material_0.bmp
 11 2.8558 -2.1730 18.8286 -0.8471 -0.4856 -0.2160 0.7126 0.2040
 11 2.2377 0.0790 18.4488 -0.9702 -0.0567 -0.2354 0.6870 0.1980
 11 3.2213 -1.8768 17.2494 -0.8506 -0.4477 -0.2758 0.7106 0.1861
charger_material_0.bmp
 11 2.2377 0.0790 18.4488 -0.9702 -0.0567 -0.2354 0.6870 0.1980
 11 2.5345 0.3266 17.1810 -0.9702 -0.0567 -0.2354 0.6850 0.1822
 11 3.2213 -1.8768 17.2494 -0.8506 -0.4477 -0.2758 0.7106 0.1861
charger_material_0.bmp
 11 3.2213 -1.8768 17.2494 -0.8506 -0.4477 -0.2758 0.7106 0.1861
 11 2.5345 0.3266 17.1810 -0.9702 -0.0567 -0.2354 0.6850 0.1822
 11 3.5933 -1.5214 15.5970 -0.8708 -0.4098 -0.2717 0.7106 0.1663
charger_material_0.bmp
 11 2.5345 0.3266 17.1810 -0.9702 -0.0567 -0.2354 0.6850 0.1822
 11 2.8909 0.4629 15.9254 -0.9702 -0.0567 -0.2354 0.6850 0.1663
 11 3.5933 -1.5214 15.5970 -0.8708 -0.4098 -0.2717 0.7106 0.1663
charger_material_0.bmp
 11 3.5933 -1.5214 15.5970 -0.8708 -0.4098 -0.2717 0.7106 0.1663
 11 2.8909 0.4629 15.9254 -0.9702 -0.0567 -0.2354 0.6850 0.1663
 11 3.1756 0.7410 14.5692 -0.9590 -0.1938 -0.2068 0.6850 0.1505
charger_material_0.bmp
 11 2.8909 0.4629 15.9254 -0.9702 -0.0567 -0.2354 0.6850 0.1663
 11 3.2059 2.7900 14.7907 -0.9922 0.0018 -0.1244 0.6575 0.1485
 11 3.1756 0.7410 14.5692 -0.9590 -0.1938 -0.2068 0.6850 0.1505
charger_material_0.bmp
 11 3.1756 0.7410 14.5692 -0.9590 -0.1938 -0.2068 0.6850 0.1505
 11 3.2059 2.7900 14.7907 -0.9922 0.0018 -0.1244 0.6575 0.1485
 11 3.4224 1.1612 12.5289 -0.9641 -0.2162 -0.1539 0.6870 0.1089
charger_material_0.bmp
 11 3.2059 2.7900 14.7907 -0.9922 0.0018 -0.1244 0.6575 0.1485
 11 3.2090 3.4937 12.8737 -0.9883 -0.1041 -0.1118 0.6575 0.1089
 11 3.4224 1.1612 12.5289 -0.9641 -0.2162 -0.1539 0.6870 0.1089
charger_material_0.bmp
 11 3.4224 1.1612 12.5289 -0.9641 -0.2162 -0.1539 0.6870 0.1089
 11 3.2090 3.4937 12.8737 -0.9883 -0.1041 -0.1118 0.6575 0.1089
 11 3.7395 1.6523 10.1596 -0.9471 -0.2754 -0.1646 0.6850 0.0792
charger_material_0.bmp
 11 3.2090 3.4937 12.8737 -0.9883 -0.1041 -0.1118 0.6575 0.1089
 11 3.4675 3.8066 10.3864 -0.9883 -0.1041 -0.1118 0.6575 0.0812
 11 3.7395 1.6523 10.1596 -0.9471 -0.2754 -0.1646 0.6850 0.0792
charger_material_0.bmp
 11 3.7395 1.6523 10.1596 -0.9471 -0.2754 -0.1646 0.6850 0.0792
 11 3.4675 3.8066 10.3864 -0.9883 -0.1041 -0.1118 0.6575 0.0812
 11 3.9396 1.9839 7.7603 -0.9703 -0.2100 -0.1199 0.6831 0.0495
charger_material_0.bmp
 11 3.4675 3.8066 10.3864 -0.9883 -0.1041 -0.1118 0.6575 0.0812
 11 3.7697 4.1278 7.7524 -0.9883 -0.1041 -0.1118 0.6575 0.0495
 11 3.9396 1.9839 7.7603 -0.9703 -0.2100 -0.1199 0.6831 0.0495
charger_material_0.bmp
 14 -3.8217 2.2384 15.4377 0.9611 0.2229 -0.1632 0.9567 0.8218
 14 -3.5205 0.7459 15.0769 0.9638 -0.1795 -0.1972 0.9429 0.8198
 14 -3.5899 2.4177 12.0698 0.9949 -0.0977 -0.0235 0.9567 0.7782
charger_material_0.bmp
 14 -3.5899 2.4177 12.0698 0.9949 -0.0977 -0.0235 0.9567 0.7782
 14 -3.5205 0.7459 15.0769 0.9638 -0.1795 -0.1972 0.9429 0.8198
 14 -3.8827 1.2185 12.1127 0.8985 -0.4209 -0.1248 0.9429 0.7802
charger_material_0.bmp
 14 -3.5205 0.7459 15.0769 0.9638 -0.1795 -0.1972 0.9429 0.8198
 14 -4.4032 -0.8176 14.6240 0.6537 -0.7195 -0.2345 0.9252 0.8178
 14 -3.8827 1.2185 12.1127 0.8985 -0.4209 -0.1248 0.9429 0.7802
charger_material_0.bmp
 14 -3.8827 1.2185 12.1127 0.8985 -0.4209 -0.1248 0.9429 0.7802
 14 -4.4032 -0.8176 14.6240 0.6537 -0.7195 -0.2345 0.9252 0.8178
 14 -4.6959 0.2570 11.8379 0.6567 -0.7333 -0.1759 0.9291 0.7782
charger_material_0.bmp
 14 -4.4032 -0.8176 14.6240 0.6537 -0.7195 -0.2345 0.9252 0.8178
 14 -5.8319 -0.6183 11.9775 0.3893 -0.8845 -0.2572 0.9134 0.7822
 14 -4.6959 0.2570 11.8379 0.6567 -0.7333 -0.1759 0.9291 0.7782
charger_material_0.bmp
 14 -4.6959 0.2570 11.8379 0.6567 -0.7333 -0.1759 0.9291 0.7782
 14 -5.8319 -0.6183 11.9775 0.3893 -0.8845 -0.2572 0.9134 0.7822
 14 -5.9476 -0.0953 8.3090 0.4280 -0.9020 0.0562 0.9154 0.7347
charger_material_0.bmp
 14 -5.8319 -0.6183 11.9775 0.3893 -0.8845 -0.2572 0.9134 0.7822
 14 -7.6316 -0.9419 11.9720 -0.2318 -0.9616 -0.1471 0.8937 0.7802
 14 -5.9476 -0.0953 8.3090 0.4280 -0.9020 0.0562 0.9154 0.7347
charger_material_0.bmp
 14 -5.9476 -0.0953 8.3090 0.4280 -0.9020 0.0562 0.9154 0.7347
 14 -7.6316 -0.9419 11.9720 -0.2318 -0.9616 -0.1471 0.8937 0.7802
 14 -7.7277 -0.6211 8.3074 -0.1918 -0.9596 0.2059 0.8937 0.7347
charger_material_0.bmp
 14 -7.6316 -0.9419 11.9720 -0.2318 -0.9616 -0.1471 0.8937 0.7802
 14 -9.0453 0.1994 12.0484 -0.7394 -0.6732 -0.0043 0.8760 0.7802
 14 -7.7277 -0.6211 8.3074 -0.1918 -0.9596 0.2059 0.8937 0.7347
charger_material_0.bmp
 14 -7.7277 -0.6211 8.3074 -0.1918 -0.9596 0.2059 0.8937 0.7347
 14 -9.0453 0.1994 12.0484 -0.7394 -0.6732 -0.0043 0.8760 0.7802
 14 -9.1526 0.2208 8.2777 -0.7845 -0.6056 0.1330 0.8760 0.7347
charger_material_0.bmp
 14 -9.0453 0.1994 12.0484 -0.7394 -0.6732 -0.0043 0.8760 0.7802
 14 -9.8681 1.5826 11.8774 -0.9729 -0.2309 0.0092 0.8583 0.7762
 14 -9.1526 0.2208 8.2777 -0.7845 -0.6056 0.1330 0.8760 0.7347
charger_material_0.bmp
 14 -9.1526 0.2208 8.2777 -0.7845 -0.6056 0.1330 0.8760 0.7347
 14 -9.8681 1.5826 11.8774 -0.9729 -0.2309 0.0092 0.8583 0.7762
 14 -9.6414 1.4969 8.0326 -0.9971 -0.0570 0.0513 0.8622 0.7307
charger_material_0.bmp
 14 -9.8681 1.5826 11.8774 -0.9729 -0.2309 0.0092 0.8583 0.7762
 14 -9.6793 2.6636 11.9105 -0.9881 0.1536 -0.0058 0.8465 0.7762
 14 -9.6414 1.4969 8.0326 -0.9971 -0.0570 0.0513 0.8622 0.7307
charger_material_0.bmp
 14 -9.6414 1.4969 8.0326 -0.9971 -0.0570 0.0513 0.8622 0.7307
 14 -9.6793 2.6636 11.9105 -0.9881 0.1536 -0.0058 0.8465 0.7762
 14 -9.5740 2.6448 7.9434 -0.9963 0.0863 -0.0063 0.8504 0.7307
charger_material_0.bmp
 14 -9.6793 2.6636 11.9105 -0.9881 0.1536 -0.0058 0.8465 0.7762
 14 -9.4503 3.8416 8.0270 -0.9308 0.3647 0.0244 0.8366 0.7307
 14 -9.5740 2.6448 7.9434 -0.9963 0.0863 -0.0063 0.8504 0.7307
charger_material_0.bmp
 14 -9.5740 2.6448 7.9434 -0.9963 0.0863 -0.0063 0.8504 0.7307
 14 -9.4503 3.8416 8.0270 -0.9308 0.3647 0.0244 0.8366 0.7307
 14 -9.4489 4.0047 4.9918 -0.9453 0.3245 0.0342 0.8386 0.6990
charger_material_0.bmp
 14 -9.4503 3.8416 8.0270 -0.9308 0.3647 0.0244 0.8366 0.7307
 14 -8.6872 4.8706 8.0819 -0.6276 0.7746 0.0781 0.8228 0.7287
 14 -9.4489 4.0047 4.9918 -0.9453 0.3245 0.0342 0.8386 0.6990
charger_material_0.bmp
 14 -9.4489 4.0047 4.9918 -0.9453 0.3245 0.0342 0.8386 0.6990
 14 -8.6872 4.8706 8.0819 -0.6276 0.7746 0.0781 0.8228 0.7287
 14 -8.6490 5.5311 5.0938 -0.3411 0.9229 0.1785 0.8228 0.6990
charger_material_0.bmp
 14 -8.6872 4.8706 8.0819 -0.6276 0.7746 0.0781 0.8228 0.7287
 14 -7.1357 4.9511 8.1313 0.0047 0.9980 0.0628 0.8071 0.7287
 14 -8.6490 5.5311 5.0938 -0.3411 0.9229 0.1785 0.8228 0.6990
charger_material_0.bmp
 14 -8.6490 5.5311 5.0938 -0.3411 0.9229 0.1785 0.8228 0.6990
 14 -7.1357 4.9511 8.1313 0.0047 0.9980 0.0628 0.8071 0.7287
 14 -7.0585 5.4403 5.1389 0.1206 0.9790 0.1646 0.8071 0.6950
charger_material_0.bmp
 14 -7.1357 4.9511 8.1313 0.0047 0.9980 0.0628 0.8071 0.7287
 14 -5.3517 5.0269 5.5894 0.3140 0.9415 0.1225 0.7854 0.6990
 14 -7.0585 5.4403 5.1389 0.1206 0.9790 0.1646 0.8071 0.6950
charger_material_0.bmp
 13 10.3450 -3.0948 -1.0408 0.6662 -0.7394 0.0972 0.7579 0.3881
 13 10.3015 -3.0703 -0.5708 0.6193 -0.6970 0.3615 0.7598 0.3941
 13 10.1017 -3.5500 -1.0908 0.7608 -0.6487 0.0206 0.7500 0.3881
charger_material_0.bmp
 13 10.1017 -3.5500 -1.0908 0.7608 -0.6487 0.0206 0.7500 0.3881
 13 10.3015 -3.0703 -0.5708 0.6193 -0.6970 0.3615 0.7598 0.3941
 13 10.0771 -3.5936 -0.5708 0.6159 -0.7549 0.2253 0.7520 0.3960
charger_material_0.bmp
 13 10.3015 -3.0703 -0.5708 0.6193 -0.6970 0.3615 0.7598 0.3941
 13 9.6866 -3.3822 0.0492 0.3706 -0.5578 0.7427 0.7539 0.4040
 13 10.0771 -3.5936 -0.5708 0.6159 -0.7549 0.2253 0.7520 0.3960
charger_material_0.bmp
 13 10.0771 -3.5936 -0.5708 0.6159 -0.7549 0.2253 0.7520 0.3960
 13 9.6866 -3.3822 0.0492 0.3706 -0.5578 0.7427 0.7539 0.4040
 13 9.5537 -3.8331 -0.5208 -0.1120 -0.9558 0.2720 0.7480 0.3980
charger_material_0.bmp
 13 9.6866 -3.3822 0.0492 0.3706 -0.5578 0.7427 0.7539 0.4040
 13 9.1322 -3.3837 -0.0708 0.3318 -0.6900 0.6433 0.7461 0.4079
 13 9.5537 -3.8331 -0.5208 -0.1120 -0.9558 0.2720 0.7480 0.3980
charger_material_0.bmp
 13 9.5537 -3.8331 -0.5208 -0.1120 -0.9558 0.2720 0.7480 0.3980
 13 9.1322 -3.3837 -0.0708 0.3318 -0.6900 0.6433 0.7461 0.4079
 13 9.0856 -3.4906 -0.5208 0.3938 -0.9191 -0.0166 0.7421 0.4040
charger_material_0.bmp
 13 9.1322 -3.3837 -0.0708 0.3318 -0.6900 0.6433 0.7461 0.4079
 13 8.7608 -4.0170 -0.0808 0.6261 -0.6609 0.4137 0.7382 0.4119
 13 9.0856 -3.4906 -0.5208 0.3938 -0.9191 -0.0166 0.7421 0.4040
charger_material_0.bmp
 13 9.0856 -3.4906 -0.5208 0.3938 -0.9191 -0.0166 0.7421 0.4040
 13 8.7608 -4.0170 -0.0808 0.6261 -0.6609 0.4137 0.7382 0.4119
 13 8.7392 -4.1609 -0.5708 0.5261 -0.8473 0.0733 0.7343 0.4059
charger_material_0.bmp
 13 8.7608 -4.0170 -0.0808 0.6261 -0.6609 0.4137 0.7382 0.4119
 13 8.1476 -4.1875 -0.0808 -0.1103 -0.8392 0.5325 0.7323 0.4158
 13 8.7392 -4.1609 -0.5708 0.5261 -0.8473 0.0733 0.7343 0.4059
charger_material_0.bmp
 13 8.7392 -4.1609 -0.5708 0.5261 -0.8473 0.0733 0.7343 0.4059
 13 8.1476 -4.1875 -0.0808 -0.1103 -0.8392 0.5325 0.7323 0.4158
 13 8.1411 -4.3699 -0.5708 -0.3441 -0.9339 0.0973 0.7283 0.4099
charger_material_0.bmp
 13 8.1476 -4.1875 -0.0808 -0.1103 -0.8392 0.5325 0.7323 0.4158
 13 7.8925 -4.0089 -0.2408 0.1599 -0.9099 0.3829 0.7283 0.4158
 13 8.1411 -4.3699 -0.5708 -0.3441 -0.9339 0.0973 0.7283 0.4099
charger_material_0.bmp
 13 8.1411 -4.3699 -0.5708 -0.3441 -0.9339 0.0973 0.7283 0.4099
 13 7.8925 -4.0089 -0.2408 0.1599 -0.9099 0.3829 0.7283 0.4158
 13 7.8442 -4.0253 -0.9808 0.1760 -0.9783 -0.1092 0.7205 0.4079
charger_material_0.bmp
 13 7.8925 -4.0089 -0.2408 0.1599 -0.9099 0.3829 0.7283 0.4158
 13 7.7371 -4.4426 -0.3408 0.8851 -0.4561 0.0930 0.7224 0.4178
 13 7.8442 -4.0253 -0.9808 0.1760 -0.9783 -0.1092 0.7205 0.4079
charger_material_0.bmp
 13 7.8442 -4.0253 -0.9808 0.1760 -0.9783 -0.1092 0.7205 0.4079
 13 7.7371 -4.4426 -0.3408 0.8851 -0.4561 0.0930 0.7224 0.4178
 13 7.6897 -4.3882 -0.9808 0.8661 -0.4815 -0.1344 0.7165 0.4099
charger_material_0.bmp
 13 7.7371 -4.4426 -0.3408 0.8851 -0.4561 0.0930 0.7224 0.4178
 13 7.4865 -4.9189 -0.4208 0.5872 -0.7937 0.1589 0.7146 0.4198
 13 7.6897 -4.3882 -0.9808 0.8661 -0.4815 -0.1344 0.7165 0.4099
charger_material_0.bmp
 13 7.6897 -4.3882 -0.9808 0.8661 -0.4815 -0.1344 0.7165 0.4099
 13 7.4865 -4.9189 -0.4208 0.5872 -0.7937 0.1589 0.7146 0.4198
 13 7.4141 -4.8275 -0.9708 0.2477 -0.9552 -0.1618 0.7106 0.4139
charger_material_0.bmp
 13 7.4865 -4.9189 -0.4208 0.5872 -0.7937 0.1589 0.7146 0.4198
 13 6.6997 -4.8398 -0.3408 -0.3992 -0.8741 0.2767 0.7106 0.4257
 13 7.4141 -4.8275 -0.9708 0.2477 -0.9552 -0.1618 0.7106 0.4139
charger_material_0.bmp
 13 7.4141 -4.8275 -0.9708 0.2477 -0.9552 -0.1618 0.7106 0.4139
 13 6.6997 -4.8398 -0.3408 -0.3992 -0.8741 0.2767 0.7106 0.4257
 13 6.6161 -4.7397 -0.9108 -0.4554 -0.8867 -0.0803 0.7047 0.4218
charger_material_0.bmp
 13 6.6997 -4.8398 -0.3408 -0.3992 -0.8741 0.2767 0.7106 0.4257
 13 6.3928 -4.4965 -0.7708 -0.8797 -0.4616 0.1142 0.7028 0.4257
 13 6.6161 -4.7397 -0.9108 -0.4554 -0.8867 -0.0803 0.7047 0.4218
charger_material_0.bmp
 11 4.6170 6.1525 7.6110 -0.6503 0.7595 0.0179 0.9705 0.0436
 11 6.0759 6.7235 10.5961 -0.2046 0.9713 0.1215 0.9449 0.0713
 11 6.4437 7.1226 7.5730 -0.2046 0.9713 0.1215 0.9488 0.0337
charger_material_0.bmp
 11 6.4437 7.1226 7.5730 -0.2046 0.9713 0.1215 0.9488 0.0337
 11 6.0759 6.7235 10.5961 -0.2046 0.9713 0.1215 0.9449 0.0713
 11 8.2801 6.9978 7.5950 0.1952 0.9701 0.1444 0.9232 0.0277
charger_material_0.bmp
 11 6.0759 6.7235 10.5961 -0.2046 0.9713 0.1215 0.9449 0.0713
 11 8.2192 6.4743 11.1066 0.2339 0.9601 0.1535 0.9154 0.0733
 11 8.2801 6.9978 7.5950 0.1952 0.9701 0.1444 0.9232 0.0277
charger_material_0.bmp
 11 8.2801 6.9978 7.5950 0.1952 0.9701 0.1444 0.9232 0.0277
 11 8.2192 6.4743 11.1066 0.2339 0.9601 0.1535 0.9154 0.0733
 11 10.0229 6.1406 7.5800 0.5270 0.8430 0.1079 0.8976 0.0238
charger_material_0.bmp
 11 8.2192 6.4743 11.1066 0.2339 0.9601 0.1535 0.9154 0.0733
 11 10.1779 5.6212 11.2536 0.6444 0.7511 0.1436 0.8898 0.0713
 11 10.0229 6.1406 7.5800 0.5270 0.8430 0.1079 0.8976 0.0238
charger_material_0.bmp
 11 10.0229 6.1406 7.5800 0.5270 0.8430 0.1079 0.8976 0.0238
 11 10.1779 5.6212 11.2536 0.6444 0.7511 0.1436 0.8898 0.0713
 11 11.4314 4.6360 7.6276 0.8908 0.4456 0.0886 0.8701 0.0257
charger_material_0.bmp
 11 10.1779 5.6212 11.2536 0.6444 0.7511 0.1436 0.8898 0.0713
 11 11.2710 4.0776 10.9135 0.9694 0.2210 0.1073 0.8642 0.0673
 11 11.4314 4.6360 7.6276 0.8908 0.4456 0.0886 0.8701 0.0257
charger_material_0.bmp
 11 11.4314 4.6360 7.6276 0.8908 0.4456 0.0886 0.8701 0.0257
 11 11.2710 4.0776 10.9135 0.9694 0.2210 0.1073 0.8642 0.0673
 11 11.5201 2.3956 7.7580 0.9917 -0.1088 0.0692 0.8366 0.0277
charger_material_0.bmp
 11 11.2710 4.0776 10.9135 0.9694 0.2210 0.1073 0.8642 0.0673
 11 11.2081 1.8789 10.5089 0.9793 -0.1937 0.0587 0.8346 0.0653
 11 11.5201 2.3956 7.7580 0.9917 -0.1088 0.0692 0.8366 0.0277
charger_material_0.bmp
 11 11.5201 2.3956 7.7580 0.9917 -0.1088 0.0692 0.8366 0.0277
 11 11.2081 1.8789 10.5089 0.9793 -0.1937 0.0587 0.8346 0.0653
 11 10.7924 0.2498 7.9158 0.8745 -0.4768 0.0891 0.8031 0.0356
charger_material_0.bmp
 11 11.2081 1.8789 10.5089 0.9793 -0.1937 0.0587 0.8346 0.0653
 11 10.3935 -0.2373 10.4095 0.8439 -0.5364 -0.0135 0.8031 0.0713
 11 10.7924 0.2498 7.9158 0.8745 -0.4768 0.0891 0.8031 0.0356
charger_material_0.bmp
 11 10.7924 0.2498 7.9158 0.8745 -0.4768 0.0891 0.8031 0.0356
 11 10.3935 -0.2373 10.4095 0.8439 -0.5364 -0.0135 0.8031 0.0713
 11 9.2146 -1.4735 9.6452 0.5983 -0.7972 0.0805 0.7795 0.0673
charger_material_0.bmp
 11 10.3935 -0.2373 10.4095 0.8439 -0.5364 -0.0135 0.8031 0.0713
 11 8.9952 -1.9076 12.4754 0.5691 -0.8039 -0.1728 0.7815 0.1050
 11 9.2146 -1.4735 9.6452 0.5983 -0.7972 0.0805 0.7795 0.0673
charger_material_0.bmp
 11 9.2146 -1.4735 9.6452 0.5983 -0.7972 0.0805 0.7795 0.0673
 11 8.9952 -1.9076 12.4754 0.5691 -0.8039 -0.1728 0.7815 0.1050
 11 7.6340 -1.9304 9.3838 -0.0316 -0.9971 0.0698 0.7579 0.0673
charger_material_0.bmp
 11 8.9952 -1.9076 12.4754 0.5691 -0.8039 -0.1728 0.7815 0.1050
 11 7.1487 -2.4459 12.2707 -0.0374 -0.9285 -0.3696 0.7579 0.1069
 11 7.6340 -1.9304 9.3838 -0.0316 -0.9971 0.0698 0.7579 0.0673
charger_material_0.bmp
 11 7.6340 -1.9304 9.3838 -0.0316 -0.9971 0.0698 0.7579 0.0673
 11 7.1487 -2.4459 12.2707 -0.0374 -0.9285 -0.3696 0.7579 0.1069
 11 5.7991 -1.2218 9.5341 -0.5750 -0.8062 -0.1395 0.7323 0.0713
charger_material_0.bmp
 11 7.1487 -2.4459 12.2707 -0.0374 -0.9285 -0.3696 0.7579 0.1069
 11 5.5220 -1.7965 12.0182 -0.5838 -0.7358 -0.3431 0.7343 0.1050
 11 5.7991 -1.2218 9.5341 -0.5750 -0.8062 -0.1395 0.7323 0.0713
charger_material_0.bmp
 11 5.7991 -1.2218 9.5341 -0.5750 -0.8062 -0.1395 0.7323 0.0713
 11 5.5220 -1.7965 12.0182 -0.5838 -0.7358 -0.3431 0.7343 0.1050
 11 4.5192 -0.0367 10.0664 -0.8133 -0.5439 -0.2066 0.7106 0.0792
charger_material_0.bmp
 11 5.5220 -1.7965 12.0182 -0.5838 -0.7358 -0.3431 0.7343 0.1050
 11 4.1379 -0.5208 12.3699 -0.8506 -0.4477 -0.2758 0.7106 0.1089
 11 4.5192 -0.0367 10.0664 -0.8133 -0.5439 -0.2066 0.7106 0.0792
charger_material_0.bmp
 15 -8.8133 -2.9471 0.2277 -0.8284 -0.1585 0.5373 0.0984 0.5050
 15 -8.1230 -3.2991 0.7377 -0.3002 -0.1104 0.9475 0.0866 0.5069
 15 -8.3618 -1.9571 0.9677 -0.5004 -0.2679 0.8233 0.0925 0.4871
charger_material_0.bmp
 15 -8.3618 -1.9571 0.9677 -0.5004 -0.2679 0.8233 0.0925 0.4871
 15 -8.1230 -3.2991 0.7377 -0.3002 -0.1104 0.9475 0.0866 0.5069
 15 -7.7103 -2.1427 0.9877 -0.0477 -0.3231 0.9452 0.0827 0.4891
charger_material_0.bmp
 15 -8.1230 -3.2991 0.7377 -0.3002 -0.1104 0.9475 0.0866 0.5069
 15 -6.5398 -3.4547 0.7077 0.1984 -0.1075 0.9742 0.0669 0.5069
 15 -7.7103 -2.1427 0.9877 -0.0477 -0.3231 0.9452 0.0827 0.4891
charger_material_0.bmp
 15 -7.7103 -2.1427 0.9877 -0.0477 -0.3231 0.9452 0.0827 0.4891
 15 -6.5398 -3.4547 0.7077 0.1984 -0.1075 0.9742 0.0669 0.5069
 15 -6.7752 -2.1635 0.9677 0.0801 -0.3277 0.9414 0.0709 0.4871
charger_material_0.bmp
 15 -6.5398 -3.4547 0.7077 0.1984 -0.1075 0.9742 0.0669 0.5069
 15 -6.1182 -1.9969 0.9177 0.5384 -0.2635 0.8004 0.0610 0.4851
 15 -6.7752 -2.1635 0.9677 0.0801 -0.3277 0.9414 0.0709 0.4871
charger_material_0.bmp
 15 -6.7752 -2.1635 0.9677 0.0801 -0.3277 0.9414 0.0709 0.4871
 15 -6.1182 -1.9969 0.9177 0.5384 -0.2635 0.8004 0.0610 0.4851
 15 -6.7809 -0.3476 1.9277 0.1448 -0.4882 0.8606 0.0728 0.4574
charger_material_0.bmp
 15 -6.1182 -1.9969 0.9177 0.5384 -0.2635 0.8004 0.0610 0.4851
 15 -6.0424 -0.2521 1.6477 0.7937 -0.2551 0.5523 0.0630 0.4574
 15 -6.7809 -0.3476 1.9277 0.1448 -0.4882 0.8606 0.0728 0.4574
charger_material_0.bmp
 15 -6.7809 -0.3476 1.9277 0.1448 -0.4882 0.8606 0.0728 0.4574
 15 -6.0424 -0.2521 1.6477 0.7937 -0.2551 0.5523 0.0630 0.4574
 15 -5.9830 1.2124 2.5877 0.7114 0.0176 0.7026 0.0610 0.4317
charger_material_0.bmp
 15 -6.0424 -0.2521 1.6477 0.7937 -0.2551 0.5523 0.0630 0.4574
 15 -5.6923 1.0436 0.7977 0.9885 -0.1167 0.0960 0.0453 0.4416
 15 -5.9830 1.2124 2.5877 0.7114 0.0176 0.7026 0.0610 0.4317
charger_material_0.bmp
 15 -5.9830 1.2124 2.5877 0.7114 0.0176 0.7026 0.0610 0.4317
 15 -5.6923 1.0436 0.7977 0.9885 -0.1167 0.0960 0.0453 0.4416
 15 -5.5276 2.2322 1.6877 0.7554 0.0650 0.6521 0.0512 0.4218
charger_material_0.bmp
 15 -5.6923 1.0436 0.7977 0.9885 -0.1167 0.0960 0.0453 0.4416
 15 -5.5133 2.1094 0.6977 0.9901 -0.1400 0.0081 0.0394 0.4277
 15 -5.5276 2.2322 1.6877 0.7554 0.0650 0.6521 0.0512 0.4218
charger_material_0.bmp
 15 -5.5276 2.2322 1.6877 0.7554 0.0650 0.6521 0.0512 0.4218
 15 -5.5133 2.1094 0.6977 0.9901 -0.1400 0.0081 0.0394 0.4277
 15 -5.4042 3.3355 1.7277 0.9134 -0.0952 0.3958 0.0472 0.4079
charger_material_0.bmp
 15 -5.5133 2.1094 0.6977 0.9901 -0.1400 0.0081 0.0394 0.4277
 15 -5.3353 3.4778 0.6277 0.9997 0.0232 0.0052 0.0335 0.4079
 15 -5.4042 3.3355 1.7277 0.9134 -0.0952 0.3958 0.0472 0.4079
charger_material_0.bmp
 15 -5.4042 3.3355 1.7277 0.9134 -0.0952 0.3958 0.0472 0.4079
 15 -5.3353 3.4778 0.6277 0.9997 0.0232 0.0052 0.0335 0.4079
 15 -5.5978 4.7927 0.9177 0.8891 0.4494 0.0863 0.0354 0.3901
charger_material_0.bmp
 15 -5.3353 3.4778 0.6277 0.9997 0.0232 0.0052 0.0335 0.4079
 15 -5.6082 4.9453 -0.5423 0.8561 0.4974 -0.1404 0.0157 0.3921
 15 -5.5978 4.7927 0.9177 0.8891 0.4494 0.0863 0.0354 0.3901
charger_material_0.bmp
 15 -5.5978 4.7927 0.9177 0.8891 0.4494 0.0863 0.0354 0.3901
 15 -5.6082 4.9453 -0.5423 0.8561 0.4974 -0.1404 0.0157 0.3921
 15 -6.2474 5.6134 -0.2723 0.6908 0.7185 -0.0811 0.0177 0.3802
charger_material_0.bmp
 15 -5.6082 4.9453 -0.5423 0.8561 0.4974 -0.1404 0.0157 0.3921
 15 -6.3559 5.2443 -1.1123 0.5405 0.7777 -0.3210 0.0098 0.3842
 15 -6.2474 5.6134 -0.2723 0.6908 0.7185 -0.0811 0.0177 0.3802
charger_material_0.bmp
 15 -7.8217 5.0619 -1.1622 0.0323 0.3561 -0.9339 0.3819 0.9327
 15 -7.2410 3.8670 -1.6423 -0.0271 0.1802 -0.9833 0.3583 0.9406
 15 -8.3742 4.2262 -1.4622 -0.0880 0.1869 -0.9784 0.3681 0.9248
charger_material_0.bmp
 15 -8.3742 4.2262 -1.4622 -0.0880 0.1869 -0.9784 0.3681 0.9248
 15 -7.2410 3.8670 -1.6423 -0.0271 0.1802 -0.9833 0.3583 0.9406
 15 -8.5191 3.0349 -1.4622 -0.1806 0.0098 -0.9835 0.3484 0.9228
charger_material_0.bmp
 15 -7.2410 3.8670 -1.6423 -0.0271 0.1802 -0.9833 0.3583 0.9406
 15 -7.6903 2.5842 -1.6323 -0.0728 -0.0639 -0.9953 0.3425 0.9366
 15 -8.5191 3.0349 -1.4622 -0.1806 0.0098 -0.9835 0.3484 0.9228
charger_material_0.bmp
 15 -8.5191 3.0349 -1.4622 -0.1806 0.0098 -0.9835 0.3484 0.9228
 15 -7.6903 2.5842 -1.6323 -0.0728 -0.0639 -0.9953 0.3425 0.9366
 15 -8.5847 1.8333 -1.4023 -0.1547 -0.0489 -0.9868 0.3327 0.9228
charger_material_0.bmp
 15 -7.6903 2.5842 -1.6323 -0.0728 -0.0639 -0.9953 0.3425 0.9366
 15 -7.7917 1.6495 -1.4723 -0.0330 -0.0349 -0.9988 0.3287 0.9366
 15 -8.5847 1.8333 -1.4023 -0.1547 -0.0489 -0.9868 0.3327 0.9228
charger_material_0.bmp
 15 -8.5847 1.8333 -1.4023 -0.1547 -0.0489 -0.9868 0.3327 0.9228
 15 -7.7917 1.6495 -1.4723 -0.0330 -0.0349 -0.9988 0.3287 0.9366
 15 -8.7955 0.6002 -1.4023 -0.1545 0.0629 -0.9860 0.3110 0.9208
charger_material_0.bmp
 15 -7.7917 1.6495 -1.4723 -0.0330 -0.0349 -0.9988 0.3287 0.9366
 15 -7.9154 0.0017 -1.6023 -0.0532 0.0676 -0.9963 0.3031 0.9366
 15 -8.7955 0.6002 -1.4023 -0.1545 0.0629 -0.9860 0.3110 0.9208
charger_material_0.bmp
 15 -8.7955 0.6002 -1.4023 -0.1545 0.0629 -0.9860 0.3110 0.9208
 15 -7.9154 0.0017 -1.6023 -0.0532 0.0676 -0.9963 0.3031 0.9366
 15 -9.1468 -1.1692 -1.4723 -0.1806 0.0098 -0.9835 0.2854 0.9188
charger_material_0.bmp
 15 -7.9154 0.0017 -1.6023 -0.0532 0.0676 -0.9963 0.3031 0.9366
 15 -8.2097 -1.7954 -1.6023 -0.0728 -0.0639 -0.9953 0.2776 0.9347
 15 -9.1468 -1.1692 -1.4723 -0.1806 0.0098 -0.9835 0.2854 0.9188
charger_material_0.bmp
 15 -9.1468 -1.1692 -1.4723 -0.1806 0.0098 -0.9835 0.2854 0.9188
 15 -8.2097 -1.7954 -1.6023 -0.0728 -0.0639 -0.9953 0.2776 0.9347
 16 -9.0375 -3.0432 -1.4108 -0.1182 -0.1388 -0.9832 0.2579 0.9228
charger_material_0.bmp
 15 -8.2097 -1.7954 -1.6023 -0.0728 -0.0639 -0.9953 0.2776 0.9347
 16 -8.1714 -2.9743 -1.5008 -0.0530 -0.1991 -0.9785 0.2598 0.9366
 16 -9.0375 -3.0432 -1.4108 -0.1182 -0.1388 -0.9832 0.2579 0.9228
charger_material_0.bmp
 16 -9.0375 -3.0432 -1.4108 -0.1182 -0.1388 -0.9832 0.2579 0.9228
 16 -8.1714 -2.9743 -1.5008 -0.0530 -0.1991 -0.9785 0.2598 0.9366
 16 -8.6142 -4.4395 -1.0408 -0.0448 -0.3769 -0.9252 0.2362 0.9307
charger_material_0.bmp
 16 -8.1714 -2.9743 -1.5008 -0.0530 -0.1991 -0.9785 0.2598 0.9366
 16 -7.9456 -4.1836 -1.1708 -0.0021 -0.3951 -0.9187 0.2402 0.9426
 16 -8.6142 -4.4395 -1.0408 -0.0448 -0.3769 -0.9252 0.2362 0.9307
charger_material_0.bmp
 16 -8.6142 -4.4395 -1.0408 -0.0448 -0.3769 -0.9252 0.2362 0.9307
 16 -7.9456 -4.1836 -1.1708 -0.0021 -0.3951 -0.9187 0.2402 0.9426
 16 -7.8267 -4.9755 -0.6308 0.0186 -0.5581 -0.8296 0.2264 0.9446
charger_material_0.bmp
 16 -7.9456 -4.1836 -1.1708 -0.0021 -0.3951 -0.9187 0.2402 0.9426
 16 -6.9087 -4.1975 -1.1408 0.0548 -0.4386 -0.8970 0.2421 0.9584
 16 -7.8267 -4.9755 -0.6308 0.0186 -0.5581 -0.8296 0.2264 0.9446
charger_material_0.bmp
 16 -7.8267 -4.9755 -0.6308 0.0186 -0.5581 -0.8296 0.2264 0.9446
 16 -6.9087 -4.1975 -1.1408 0.0548 -0.4386 -0.8970 0.2421 0.9584
 16 -7.1037 -4.9990 -0.6108 0.0186 -0.5581 -0.8296 0.2283 0.9564
charger_material_0.bmp
 16 -6.9087 -4.1975 -1.1408 0.0548 -0.4386 -0.8970 0.2421 0.9584
 16 -6.3360 -4.5241 -0.9308 0.0548 -0.4386 -0.8970 0.2362 0.9663
 16 -7.1037 -4.9990 -0.6108 0.0186 -0.5581 -0.8296 0.2283 0.9564
charger_material_0.bmp
 15 -8.0651 1.7960 1.9677 -0.4972 0.2680 0.8252 0.2795 0.0198
 15 -8.0380 2.0042 2.5777 -0.8451 -0.5157 0.1411 0.2776 0.0277
 15 -8.3511 2.3878 1.8278 -0.8552 -0.0698 0.5135 0.2756 0.0158
charger_material_0.bmp
 15 -8.3511 2.3878 1.8278 -0.8552 -0.0698 0.5135 0.2756 0.0158
 15 -8.0380 2.0042 2.5777 -0.8451 -0.5157 0.1411 0.2776 0.0277
 15 -8.3486 2.6396 2.4878 -0.9617 -0.2438 0.1254 0.2717 0.0257
charger_material_0.bmp
 15 -8.0380 2.0042 2.5777 -0.8451 -0.5157 0.1411 0.2776 0.0277
 15 -8.1062 2.2551 3.2377 -0.9192 -0.3900 0.0551 0.2756 0.0376
 15 -8.3486 2.6396 2.4878 -0.9617 -0.2438 0.1254 0.2717 0.0257
charger_material_0.bmp
 15 -8.3486 2.6396 2.4878 -0.9617 -0.2438 0.1254 0.2717 0.0257
 15 -8.1062 2.2551 3.2377 -0.9192 -0.3900 0.0551 0.2756 0.0376
 15 -8.2418 2.9181 3.2578 -0.9960 0.0362 0.0815 0.2697 0.0356
charger_material_0.bmp
 15 -8.1062 2.2551 3.2377 -0.9192 -0.3900 0.0551 0.2756 0.0376
 15 -8.2719 2.8414 4.3978 -0.9983 -0.0500 -0.0288 0.2697 0.0515
 15 -8.2418 2.9181 3.2578 -0.9960 0.0362 0.0815 0.2697 0.0356
charger_material_0.bmp
 15 -8.2418 2.9181 3.2578 -0.9960 0.0362 0.0815 0.2697 0.0356
 15 -8.2719 2.8414 4.3978 -0.9983 -0.0500 -0.0288 0.2697 0.0515
 15 -8.1109 3.5364 4.2878 -0.9068 0.4198 -0.0398 0.2618 0.0495
charger_material_0.bmp
 15 -8.2719 2.8414 4.3978 -0.9983 -0.0500 -0.0288 0.2697 0.0515
 14 -8.2205 3.5162 5.3759 -0.9035 0.4238 -0.0636 0.2618 0.0634
 15 -8.1109 3.5364 4.2878 -0.9068 0.4198 -0.0398 0.2618 0.0495
charger_material_0.bmp
 15 -8.1109 3.5364 4.2878 -0.9068 0.4198 -0.0398 0.2618 0.0495
 14 -8.2205 3.5162 5.3759 -0.9035 0.4238 -0.0636 0.2618 0.0634
 15 -7.5859 4.0833 4.2878 -0.6397 0.7683 -0.0246 0.2539 0.0495
charger_material_0.bmp
 14 -8.2205 3.5162 5.3759 -0.9035 0.4238 -0.0636 0.2618 0.0634
 14 -7.6876 4.1221 5.4613 -0.5915 0.8033 -0.0692 0.2539 0.0653
 15 -7.5859 4.0833 4.2878 -0.6397 0.7683 -0.0246 0.2539 0.0495
charger_material_0.bmp
 15 -7.5859 4.0833 4.2878 -0.6397 0.7683 -0.0246 0.2539 0.0495
 14 -7.6876 4.1221 5.4613 -0.5915 0.8033 -0.0692 0.2539 0.0653
 15 -6.9376 4.4930 4.3277 -0.2371 0.9713 -0.0179 0.2461 0.0475
charger_material_0.bmp
 14 -7.6876 4.1221 5.4613 -0.5915 0.8033 -0.0692 0.2539 0.0653
 14 -7.0193 4.5300 5.5001 -0.0643 0.9979 -0.0083 0.2461 0.0634
 15 -6.9376 4.4930 4.3277 -0.2371 0.9713 -0.0179 0.2461 0.0475
charger_material_0.bmp
 15 -6.9376 4.4930 4.3277 -0.2371 0.9713 -0.0179 0.2461 0.0475
 14 -7.0193 4.5300 5.5001 -0.0643 0.9979 -0.0083 0.2461 0.0634
 15 -6.1900 4.4260 4.4377 0.5038 0.8638 -0.0073 0.2382 0.0495
charger_material_0.bmp
 14 -7.0193 4.5300 5.5001 -0.0643 0.9979 -0.0083 0.2461 0.0634
 14 -6.0000 4.2986 5.7830 0.6480 0.7613 -0.0231 0.2382 0.0693
 15 -6.1900 4.4260 4.4377 0.5038 0.8638 -0.0073 0.2382 0.0495
charger_material_0.bmp
 15 -6.1900 4.4260 4.4377 0.5038 0.8638 -0.0073 0.2382 0.0495
 14 -6.0000 4.2986 5.7830 0.6480 0.7613 -0.0231 0.2382 0.0693
 15 -5.7786 3.8683 4.5077 0.9155 0.4004 -0.0397 0.2323 0.0515
charger_material_0.bmp
 14 -6.0000 4.2986 5.7830 0.6480 0.7613 -0.0231 0.2382 0.0693
 14 -5.5501 3.6932 5.9007 0.9270 0.3586 -0.1102 0.2323 0.0713
 15 -5.7786 3.8683 4.5077 0.9155 0.4004 -0.0397 0.2323 0.0515
charger_material_0.bmp
 15 -5.7786 3.8683 4.5077 0.9155 0.4004 -0.0397 0.2323 0.0515
 14 -5.5501 3.6932 5.9007 0.9270 0.3586 -0.1102 0.2323 0.0713
 15 -5.6171 3.1716 4.5677 0.9674 0.2347 -0.0951 0.2244 0.0554
charger_material_0.bmp
 14 -5.5501 3.6932 5.9007 0.9270 0.3586 -0.1102 0.2323 0.0713
 14 -5.3324 2.9411 6.0118 0.9561 0.2570 -0.1405 0.2244 0.0752
 15 -5.6171 3.1716 4.5677 0.9674 0.2347 -0.0951 0.2244 0.0554
charger_material_0.bmp
 13 11.1652 -1.1830 -1.2908 0.2829 -0.0489 -0.9579 0.6634 0.4356
 12 10.3456 0.8523 -1.5724 0.1391 0.0238 -0.9900 0.6772 0.4139
 12 11.1626 0.9284 -1.4024 0.1901 0.0251 -0.9814 0.6831 0.4218
charger_material_0.bmp
 12 11.1626 0.9284 -1.4024 0.1901 0.0251 -0.9814 0.6831 0.4218
 12 10.3456 0.8523 -1.5724 0.1391 0.0238 -0.9900 0.6772 0.4139
 12 10.1468 3.3879 -1.3224 0.2611 0.1206 -0.9578 0.7028 0.3941
charger_material_0.bmp
 12 10.3456 0.8523 -1.5724 0.1391 0.0238 -0.9900 0.6772 0.4139
 12 9.5441 3.3700 -1.5224 0.1522 0.0635 -0.9863 0.6988 0.3881
 12 10.1468 3.3879 -1.3224 0.2611 0.1206 -0.9578 0.7028 0.3941
charger_material_0.bmp
 12 10.1468 3.3879 -1.3224 0.2611 0.1206 -0.9578 0.7028 0.3941
 12 9.5441 3.3700 -1.5224 0.1522 0.0635 -0.9863 0.6988 0.3881
 12 9.6435 5.5510 -1.1624 0.3962 0.2492 -0.8837 0.7224 0.3743
charger_material_0.bmp
 12 9.5441 3.3700 -1.5224 0.1522 0.0635 -0.9863 0.6988 0.3881
 12 9.0735 5.4365 -1.4924 0.1841 0.2113 -0.9599 0.7165 0.3683
 12 9.6435 5.5510 -1.1624 0.3962 0.2492 -0.8837 0.7224 0.3743
charger_material_0.bmp
 12 9.6435 5.5510 -1.1624 0.3962 0.2492 -0.8837 0.7224 0.3743
 12 9.0735 5.4365 -1.4924 0.1841 0.2113 -0.9599 0.7165 0.3683
 12 8.8394 6.6162 -0.9124 0.3402 0.5610 -0.7547 0.7283 0.3604
charger_material_0.bmp
 12 9.0735 5.4365 -1.4924 0.1841 0.2113 -0.9599 0.7165 0.3683
 12 8.3379 6.4400 -1.2723 0.1093 0.4269 -0.8977 0.7205 0.3564
 12 8.8394 6.6162 -0.9124 0.3402 0.5610 -0.7547 0.7283 0.3604
charger_material_0.bmp
 12 8.8394 6.6162 -0.9124 0.3402 0.5610 -0.7547 0.7283 0.3604
 12 8.3379 6.4400 -1.2723 0.1093 0.4269 -0.8977 0.7205 0.3564
 12 7.6599 7.0779 -0.8023 0.0297 0.6696 -0.7422 0.7244 0.3446
charger_material_0.bmp
 12 8.3379 6.4400 -1.2723 0.1093 0.4269 -0.8977 0.7205 0.3564
 12 7.0070 6.4383 -1.2723 -0.0905 0.4202 -0.9029 0.7126 0.3426
 12 7.6599 7.0779 -0.8023 0.0297 0.6696 -0.7422 0.7244 0.3446
charger_material_0.bmp
 12 7.6599 7.0779 -0.8023 0.0297 0.6696 -0.7422 0.7244 0.3446
 12 7.0070 6.4383 -1.2723 -0.0905 0.4202 -0.9029 0.7126 0.3426
 12 6.2790 6.9184 -0.7023 -0.2583 0.6265 -0.7354 0.7126 0.3287
charger_material_0.bmp
 12 7.0070 6.4383 -1.2723 -0.0905 0.4202 -0.9029 0.7126 0.3426
 12 6.1977 6.3027 -1.1823 -0.2903 0.3109 -0.9050 0.7047 0.3347
 12 6.2790 6.9184 -0.7023 -0.2583 0.6265 -0.7354 0.7126 0.3287
charger_material_0.bmp
 12 6.2790 6.9184 -0.7023 -0.2583 0.6265 -0.7354 0.7126 0.3287
 12 6.1977 6.3027 -1.1823 -0.2903 0.3109 -0.9050 0.7047 0.3347
 12 5.4575 6.2568 -0.7323 -0.5686 0.2758 -0.7750 0.7008 0.3267
charger_material_0.bmp
 12 6.1977 6.3027 -1.1823 -0.2903 0.3109 -0.9050 0.7047 0.3347
 12 5.9325 4.7757 -1.2823 -0.4173 0.0478 -0.9075 0.6890 0.3426
 12 5.4575 6.2568 -0.7323 -0.5686 0.2758 -0.7750 0.7008 0.3267
charger_material_0.bmp
 12 5.4575 6.2568 -0.7323 -0.5686 0.2758 -0.7750 0.7008 0.3267
 12 5.9325 4.7757 -1.2823 -0.4173 0.0478 -0.9075 0.6890 0.3426
 12 5.3276 4.6970 -0.7723 -0.6361 -0.0067 -0.7715 0.6831 0.3347
charger_material_0.bmp
 12 5.9325 4.7757 -1.2823 -0.4173 0.0478 -0.9075 0.6890 0.3426
 12 6.0890 3.2633 -1.2923 -0.3812 -0.0284 -0.9240 0.6732 0.3545
 12 5.3276 4.6970 -0.7723 -0.6361 -0.0067 -0.7715 0.6831 0.3347
charger_material_0.bmp
 12 5.3276 4.6970 -0.7723 -0.6361 -0.0067 -0.7715 0.6831 0.3347
 12 6.0890 3.2633 -1.2923 -0.3812 -0.0284 -0.9240 0.6732 0.3545
 12 5.3276 3.2247 -0.7223 -0.5922 -0.0950 -0.8002 0.6673 0.3446
charger_material_0.bmp
 12 6.0890 3.2633 -1.2923 -0.3812 -0.0284 -0.9240 0.6732 0.3545
 12 5.2202 1.8796 -0.3822 -0.6564 0.0535 -0.7525 0.6516 0.3505
 12 5.3276 3.2247 -0.7223 -0.5922 -0.0950 -0.8002 0.6673 0.3446
charger_material_0.bmp
 12 9.6435 5.5510 -1.1624 0.8150 0.4354 -0.3824 0.8720 0.3723
 12 8.8394 6.6162 -0.9124 0.5853 0.6907 -0.4247 0.8917 0.3723
 12 9.9535 5.5712 -0.4724 0.8651 0.4094 -0.2897 0.8720 0.3822
charger_material_0.bmp
 12 9.9535 5.5712 -0.4724 0.8651 0.4094 -0.2897 0.8720 0.3822
 12 8.8394 6.6162 -0.9124 0.5853 0.6907 -0.4247 0.8917 0.3723
 12 9.0442 6.8244 -0.3624 0.5967 0.7348 -0.3225 0.8917 0.3802
charger_material_0.bmp
 12 8.8394 6.6162 -0.9124 0.5853 0.6907 -0.4247 0.8917 0.3723
 12 7.6599 7.0779 -0.8023 0.0899 0.8476 -0.5229 0.9094 0.3723
 12 9.0442 6.8244 -0.3624 0.5967 0.7348 -0.3225 0.8917 0.3802
charger_material_0.bmp
 12 9.0442 6.8244 -0.3624 0.5967 0.7348 -0.3225 0.8917 0.3802
 12 7.6599 7.0779 -0.8023 0.0899 0.8476 -0.5229 0.9094 0.3723
 12 7.8179 7.4917 -0.1623 0.2084 0.9231 -0.3232 0.9094 0.3822
charger_material_0.bmp
 12 7.6599 7.0779 -0.8023 0.0899 0.8476 -0.5229 0.9094 0.3723
 12 6.4641 7.3559 -0.0323 -0.3728 0.8908 -0.2598 0.9272 0.3822
 12 7.8179 7.4917 -0.1623 0.2084 0.9231 -0.3232 0.9094 0.3822
charger_material_0.bmp
 12 7.8179 7.4917 -0.1623 0.2084 0.9231 -0.3232 0.9094 0.3822
 12 6.4641 7.3559 -0.0323 -0.3728 0.8908 -0.2598 0.9272 0.3822
 12 7.7800 7.6280 0.6277 0.1789 0.9839 0.0024 0.9114 0.3921
charger_material_0.bmp
 12 6.4641 7.3559 -0.0323 -0.3728 0.8908 -0.2598 0.9272 0.3822
 12 6.3870 7.4064 0.7577 -0.3774 0.9202 0.1043 0.9272 0.3921
 12 7.7800 7.6280 0.6277 0.1789 0.9839 0.0024 0.9114 0.3921
charger_material_0.bmp
 12 7.7800 7.6280 0.6277 0.1789 0.9839 0.0024 0.9114 0.3921
 12 6.3870 7.4064 0.7577 -0.3774 0.9202 0.1043 0.9272 0.3921
 12 7.8955 7.3606 2.1977 0.1658 0.9705 0.1748 0.9114 0.4119
charger_material_0.bmp
 12 6.3870 7.4064 0.7577 -0.3774 0.9202 0.1043 0.9272 0.3921
 12 6.7792 7.1045 2.4777 -0.4778 0.8407 0.2549 0.9252 0.4139
 12 7.8955 7.3606 2.1977 0.1658 0.9705 0.1748 0.9114 0.4119
charger_material_0.bmp
 12 7.8955 7.3606 2.1977 0.1658 0.9705 0.1748 0.9114 0.4119
 12 6.7792 7.1045 2.4777 -0.4778 0.8407 0.2549 0.9252 0.4139
 12 7.8027 6.8343 5.0377 0.0596 0.9910 0.1197 0.9134 0.4495
charger_material_0.bmp
 12 6.7792 7.1045 2.4777 -0.4778 0.8407 0.2549 0.9252 0.4139
 12 7.1672 6.6810 5.0677 -0.5019 0.8619 0.0718 0.9213 0.4495
 12 7.8027 6.8343 5.0377 0.0596 0.9910 0.1197 0.9134 0.4495
charger_material_0.bmp
 12 7.8027 6.8343 5.0377 0.0596 0.9910 0.1197 0.9134 0.4495
 12 7.1672 6.6810 5.0677 -0.5019 0.8619 0.0718 0.9213 0.4495
 11 6.7761 6.6052 7.4799 -0.3615 0.9322 -0.0162 0.9252 0.4812
charger_material_0.bmp
 12 7.1672 6.6810 5.0677 -0.5019 0.8619 0.0718 0.9213 0.4495
 12 5.6475 5.4950 4.8477 -0.7027 0.7100 -0.0463 0.9469 0.4495
 11 6.7761 6.6052 7.4799 -0.3615 0.9322 -0.0162 0.9252 0.4812
charger_material_0.bmp
 11 6.7761 6.6052 7.4799 -0.3615 0.9322 -0.0162 0.9252 0.4812
 12 5.6475 5.4950 4.8477 -0.7027 0.7100 -0.0463 0.9469 0.4495
 11 5.2352 5.4228 7.4779 -0.8750 0.4775 -0.0792 0.9488 0.4832
charger_material_0.bmp
 12 5.6475 5.4950 4.8477 -0.7027 0.7100 -0.0463 0.9469 0.4495
 12 5.1035 4.6376 4.4777 -0.9174 0.3980 -0.0038 0.9606 0.4455
 11 5.2352 5.4228 7.4779 -0.8750 0.4775 -0.0792 0.9488 0.4832
charger_material_0.bmp
 11 5.2352 5.4228 7.4779 -0.8750 0.4775 -0.0792 0.9488 0.4832
 12 5.1035 4.6376 4.4777 -0.9174 0.3980 -0.0038 0.9606 0.4455
 12 4.9947 3.8470 4.8577 -0.9762 0.2170 -0.0038 0.9705 0.4515
charger_material_0.bmp
 12 5.1035 4.6376 4.4777 -0.9174 0.3980 -0.0038 0.9606 0.4455
 12 4.8995 4.2682 3.0478 -0.9195 0.3892 -0.0557 0.9685 0.4277
 12 4.9947 3.8470 4.8577 -0.9762 0.2170 -0.0038 0.9705 0.4515
charger_material_0.bmp
 11 7.1487 -2.4459 12.2707 -0.0374 -0.9285 -0.3696 0.7579 0.1069
 11 8.9952 -1.9076 12.4754 0.5691 -0.8039 -0.1728 0.7815 0.1050
 11 8.7978 -2.9826 14.7745 0.5399 -0.8084 -0.2343 0.7815 0.1505
charger_material_0.bmp
 11 8.7978 -2.9826 14.7745 0.5399 -0.8084 -0.2343 0.7815 0.1505
 11 8.9952 -1.9076 12.4754 0.5691 -0.8039 -0.1728 0.7815 0.1050
 11 10.0649 -1.5596 15.3370 0.8442 -0.5305 -0.0763 0.8051 0.1525
charger_material_0.bmp
 11 8.9952 -1.9076 12.4754 0.5691 -0.8039 -0.1728 0.7815 0.1050
 11 10.1807 -0.7581 12.9567 0.8781 -0.4775 -0.0313 0.8051 0.1050
 11 10.0649 -1.5596 15.3370 0.8442 -0.5305 -0.0763 0.8051 0.1525
charger_material_0.bmp
 11 10.0649 -1.5596 15.3370 0.8442 -0.5305 -0.0763 0.8051 0.1525
 11 10.1807 -0.7581 12.9567 0.8781 -0.4775 -0.0313 0.8051 0.1050
 11 10.6287 0.6859 15.7528 0.9857 -0.1500 0.0762 0.8346 0.1525
charger_material_0.bmp
 11 10.1807 -0.7581 12.9567 0.8781 -0.4775 -0.0313 0.8051 0.1050
 11 11.0281 1.3156 13.2461 0.9784 -0.1839 0.0940 0.8327 0.1030
 11 10.6287 0.6859 15.7528 0.9857 -0.1500 0.0762 0.8346 0.1525
charger_material_0.bmp
 11 10.6287 0.6859 15.7528 0.9857 -0.1500 0.0762 0.8346 0.1525
 11 11.0281 1.3156 13.2461 0.9784 -0.1839 0.0940 0.8327 0.1030
 11 10.3365 2.7993 15.9828 0.9281 0.2634 0.2632 0.8642 0.1525
charger_material_0.bmp
 11 11.0281 1.3156 13.2461 0.9784 -0.1839 0.0940 0.8327 0.1030
 11 11.0780 3.6784 13.4570 0.9213 0.3093 0.2359 0.8642 0.0990
 11 10.3365 2.7993 15.9828 0.9281 0.2634 0.2632 0.8642 0.1525
charger_material_0.bmp
 11 10.3365 2.7993 15.9828 0.9281 0.2634 0.2632 0.8642 0.1525
 11 11.0780 3.6784 13.4570 0.9213 0.3093 0.2359 0.8642 0.0990
 11 9.2190 4.2778 15.9385 0.6424 0.6759 0.3612 0.8898 0.1505
charger_material_0.bmp
 11 11.0780 3.6784 13.4570 0.9213 0.3093 0.2359 0.8642 0.0990
 11 9.9977 5.2520 13.5490 0.5508 0.7577 0.3501 0.8878 0.1010
 11 9.2190 4.2778 15.9385 0.6424 0.6759 0.3612 0.8898 0.1505
charger_material_0.bmp
 11 9.2190 4.2778 15.9385 0.6424 0.6759 0.3612 0.8898 0.1505
 11 9.9977 5.2520 13.5490 0.5508 0.7577 0.3501 0.8878 0.1010
 11 7.7213 5.0184 15.6988 0.2777 0.9045 0.3236 0.9134 0.1485
charger_material_0.bmp
 11 9.9977 5.2520 13.5490 0.5508 0.7577 0.3501 0.8878 0.1010
 11 7.9494 6.1555 13.3899 0.1971 0.9305 0.3087 0.9154 0.1010
 11 7.7213 5.0184 15.6988 0.2777 0.9045 0.3236 0.9134 0.1485
charger_material_0.bmp
 11 7.7213 5.0184 15.6988 0.2777 0.9045 0.3236 0.9134 0.1485
 11 7.9494 6.1555 13.3899 0.1971 0.9305 0.3087 0.9154 0.1010
 11 5.9346 5.1797 15.4633 -0.1496 0.9470 0.2843 0.9390 0.1485
charger_material_0.bmp
 11 7.9494 6.1555 13.3899 0.1971 0.9305 0.3087 0.9154 0.1010
 11 5.8251 6.2426 13.2256 -0.2130 0.9470 0.2404 0.9429 0.1030
 11 5.9346 5.1797 15.4633 -0.1496 0.9470 0.2843 0.9390 0.1485
charger_material_0.bmp
 11 5.9346 5.1797 15.4633 -0.1496 0.9470 0.2843 0.9390 0.1485
 11 5.8251 6.2426 13.2256 -0.2130 0.9470 0.2404 0.9429 0.1030
 11 4.0262 5.3672 13.0652 -0.7263 0.6639 0.1780 0.9665 0.1050
charger_material_0.bmp
 11 5.8251 6.2426 13.2256 -0.2130 0.9470 0.2404 0.9429 0.1030
 11 4.3361 5.8637 10.2307 -0.7360 0.6766 0.0234 0.9665 0.0733
 11 4.0262 5.3672 13.0652 -0.7263 0.6639 0.1780 0.9665 0.1050
charger_material_0.bmp
 11 4.0262 5.3672 13.0652 -0.7263 0.6639 0.1780 0.9665 0.1050
 11 4.3361 5.8637 10.2307 -0.7360 0.6766 0.0234 0.9665 0.0733
 11 3.4675 3.8066 10.3864 -0.9236 0.3795 -0.0537 0.9921 0.0812
charger_material_0.bmp
 11 4.3361 5.8637 10.2307 -0.7360 0.6766 0.0234 0.9665 0.0733
 11 3.7697 4.1278 7.7524 -0.9236 0.3795 -0.0537 0.9921 0.0495
 11 3.4675 3.8066 10.3864 -0.9236 0.3795 -0.0537 0.9921 0.0812
charger_material_0.bmp
 11 10.0325 2.4325 19.8351 0.9062 0.4203 0.0462 0.8622 0.2040
 11 10.4355 0.1432 19.8265 0.9971 -0.0431 0.0633 0.8327 0.2040
 11 10.5465 0.2931 18.5095 0.9995 0.0246 0.0178 0.8346 0.1881
charger_material_0.bmp
 11 10.5465 0.2931 18.5095 0.9995 0.0246 0.0178 0.8346 0.1881
 11 10.4355 0.1432 19.8265 0.9971 -0.0431 0.0633 0.8327 0.2040
 11 9.9895 -2.0477 18.1334 0.9125 -0.4074 -0.0376 0.8051 0.1861
charger_material_0.bmp
 11 10.4355 0.1432 19.8265 0.9971 -0.0431 0.0633 0.8327 0.2040
 11 9.7898 -2.2971 19.7639 0.8341 -0.5504 0.0376 0.8031 0.2059
 11 9.9895 -2.0477 18.1334 0.9125 -0.4074 -0.0376 0.8051 0.1861
charger_material_0.bmp
 11 9.9895 -2.0477 18.1334 0.9125 -0.4074 -0.0376 0.8051 0.1861
 11 9.7898 -2.2971 19.7639 0.8341 -0.5504 0.0376 0.8031 0.2059
 11 8.4558 -3.4650 17.7393 0.5739 -0.8140 -0.0896 0.7815 0.1861
charger_material_0.bmp
 11 9.7898 -2.2971 19.7639 0.8341 -0.5504 0.0376 0.8031 0.2059
 11 8.1627 -3.9051 19.5201 0.4332 -0.9006 -0.0366 0.7795 0.2059
 11 8.4558 -3.4650 17.7393 0.5739 -0.8140 -0.0896 0.7815 0.1861
charger_material_0.bmp
 11 8.4558 -3.4650 17.7393 0.5739 -0.8140 -0.0896 0.7815 0.1861
 11 8.1627 -3.9051 19.5201 0.4332 -0.9006 -0.0366 0.7795 0.2059
 11 6.4357 -4.1892 17.4658 0.0483 -0.9913 -0.1227 0.7579 0.1861
charger_material_0.bmp
 11 8.1627 -3.9051 19.5201 0.4332 -0.9006 -0.0366 0.7795 0.2059
 11 6.2247 -4.4232 19.2185 0.0073 -0.9981 -0.0613 0.7579 0.2040
 11 6.4357 -4.1892 17.4658 0.0483 -0.9913 -0.1227 0.7579 0.1861
charger_material_0.bmp
 11 6.4357 -4.1892 17.4658 0.0483 -0.9913 -0.1227 0.7579 0.1861
 11 6.2247 -4.4232 19.2185 0.0073 -0.9981 -0.0613 0.7579 0.2040
 11 4.5145 -3.9414 19.0087 -0.4488 -0.8856 -0.1200 0.7382 0.2040
charger_material_0.bmp
 11 6.2247 -4.4232 19.2185 0.0073 -0.9981 -0.0613 0.7579 0.2040
 10 5.8741 -4.3895 22.1461 -0.0014 -0.9996 0.0290 0.7579 0.2277
 11 4.5145 -3.9414 19.0087 -0.4488 -0.8856 -0.1200 0.7382 0.2040
charger_material_0.bmp
 11 4.5145 -3.9414 19.0087 -0.4488 -0.8856 -0.1200 0.7382 0.2040
 10 5.8741 -4.3895 22.1461 -0.0014 -0.9996 0.0290 0.7579 0.2277
 10 4.0939 -3.9899 21.9381 -0.4367 -0.8989 -0.0365 0.7382 0.2257
charger_material_0.bmp
 10 5.8741 -4.3895 22.1461 -0.0014 -0.9996 0.0290 0.7579 0.2277
 10 5.6393 -4.1525 24.6744 -0.0288 -0.9955 0.0898 0.7598 0.2515
 10 4.0939 -3.9899 21.9381 -0.4367 -0.8989 -0.0365 0.7382 0.2257
charger_material_0.bmp
 10 4.0939 -3.9899 21.9381 -0.4367 -0.8989 -0.0365 0.7382 0.2257
 10 5.6393 -4.1525 24.6744 -0.0288 -0.9955 0.0898 0.7598 0.2515
 10 3.7898 -3.9036 24.4622 -0.4556 -0.8875 0.0689 0.7382 0.2495
charger_material_0.bmp
 10 5.6393 -4.1525 24.6744 -0.0288 -0.9955 0.0898 0.7598 0.2515
 10 3.7115 -3.4912 26.8092 -0.4179 -0.9043 0.0868 0.7402 0.2752
 10 3.7898 -3.9036 24.4622 -0.4556 -0.8875 0.0689 0.7382 0.2495
charger_material_0.bmp
 10 3.7898 -3.9036 24.4622 -0.4556 -0.8875 0.0689 0.7382 0.2495
 10 3.7115 -3.4912 26.8092 -0.4179 -0.9043 0.0868 0.7402 0.2752
 10 2.1364 -2.3207 25.9727 -0.7894 -0.6122 0.0455 0.7165 0.2673
charger_material_0.bmp
 10 3.7115 -3.4912 26.8092 -0.4179 -0.9043 0.0868 0.7402 0.2752
 10 2.2247 -2.2490 27.8392 -0.7930 -0.5960 -0.1267 0.7185 0.2891
 10 2.1364 -2.3207 25.9727 -0.7894 -0.6122 0.0455 0.7165 0.2673
charger_material_0.bmp
 13 4.7687 -4.6473 0.5692 -0.5767 -0.5896 0.5654 0.7028 0.4574
 12 4.8594 -3.5624 1.2578 -0.6470 -0.2030 0.7350 0.7146 0.4634
 13 4.2595 -3.5236 0.2192 -0.9544 -0.0734 0.2894 0.7028 0.4693
charger_material_0.bmp
 13 4.2595 -3.5236 0.2192 -0.9544 -0.0734 0.2894 0.7028 0.4693
 12 4.8594 -3.5624 1.2578 -0.6470 -0.2030 0.7350 0.7146 0.4634
 13 4.4659 -2.3975 0.4492 -0.9496 -0.0054 0.3133 0.7126 0.4812
charger_material_0.bmp
 12 4.8594 -3.5624 1.2578 -0.6470 -0.2030 0.7350 0.7146 0.4634
 12 4.9340 -2.3527 1.5078 -0.7842 -0.1725 0.5961 0.7264 0.4752
 13 4.4659 -2.3975 0.4492 -0.9496 -0.0054 0.3133 0.7126 0.4812
charger_material_0.bmp
 13 4.4659 -2.3975 0.4492 -0.9496 -0.0054 0.3133 0.7126 0.4812
 12 4.9340 -2.3527 1.5078 -0.7842 -0.1725 0.5961 0.7264 0.4752
 12 4.8095 -0.5436 1.4778 -0.9693 0.0420 0.2422 0.7303 0.4970
charger_material_0.bmp
 12 4.9340 -2.3527 1.5078 -0.7842 -0.1725 0.5961 0.7264 0.4752
 12 5.1334 -1.5603 2.2178 -0.6238 -0.4209 0.6586 0.7382 0.4812
 12 4.8095 -0.5436 1.4778 -0.9693 0.0420 0.2422 0.7303 0.4970
charger_material_0.bmp
 12 4.8095 -0.5436 1.4778 -0.9693 0.0420 0.2422 0.7303 0.4970
 12 5.1334 -1.5603 2.2178 -0.6238 -0.4209 0.6586 0.7382 0.4812
 12 4.9787 1.3339 3.0478 -0.9605 -0.1704 0.2202 0.7520 0.5188
charger_material_0.bmp
 12 5.1334 -1.5603 2.2178 -0.6238 -0.4209 0.6586 0.7382 0.4812
 12 5.4827 -0.2140 3.4078 -0.6697 -0.5266 0.5236 0.7579 0.4970
 12 4.9787 1.3339 3.0478 -0.9605 -0.1704 0.2202 0.7520 0.5188
charger_material_0.bmp
 12 4.9787 1.3339 3.0478 -0.9605 -0.1704 0.2202 0.7520 0.5188
 12 5.4827 -0.2140 3.4078 -0.6697 -0.5266 0.5236 0.7579 0.4970
 12 5.8141 0.7266 5.2077 -0.7800 -0.6188 0.0936 0.7835 0.5109
charger_material_0.bmp
 12 5.4827 -0.2140 3.4078 -0.6697 -0.5266 0.5236 0.7579 0.4970
 12 6.8525 0.1861 5.2977 -0.4181 -0.8821 0.2170 0.7894 0.4970
 12 5.8141 0.7266 5.2077 -0.7800 -0.6188 0.0936 0.7835 0.5109
charger_material_0.bmp
 12 5.8141 0.7266 5.2077 -0.7800 -0.6188 0.0936 0.7835 0.5109
 12 6.8525 0.1861 5.2977 -0.4181 -0.8821 0.2170 0.7894 0.4970
 11 6.5031 -0.1997 7.4066 -0.4258 -0.8828 -0.1985 0.8091 0.5089
charger_material_0.bmp
 12 6.8525 0.1861 5.2977 -0.4181 -0.8821 0.2170 0.7894 0.4970
 12 7.7944 -0.1552 5.3477 -0.1769 -0.9778 0.1122 0.7972 0.4871
 11 6.5031 -0.1997 7.4066 -0.4258 -0.8828 -0.1985 0.8091 0.5089
charger_material_0.bmp
 11 6.5031 -0.1997 7.4066 -0.4258 -0.8828 -0.1985 0.8091 0.5089
 12 7.7944 -0.1552 5.3477 -0.1769 -0.9778 0.1122 0.7972 0.4871
 11 7.7382 -0.6425 7.6483 -0.0728 -0.9779 -0.1962 0.8150 0.5030
charger_material_0.bmp
 12 7.7944 -0.1552 5.3477 -0.1769 -0.9778 0.1122 0.7972 0.4871
 12 8.8649 -0.1672 5.3477 0.4139 -0.9067 0.0807 0.8071 0.4772
 11 7.7382 -0.6425 7.6483 -0.0728 -0.9779 -0.1962 0.8150 0.5030
charger_material_0.bmp
 11 7.7382 -0.6425 7.6483 -0.0728 -0.9779 -0.1962 0.8150 0.5030
 12 8.8649 -0.1672 5.3477 0.4139 -0.9067 0.0807 0.8071 0.4772
 11 9.0934 -0.5234 7.7568 0.4543 -0.8738 -0.1738 0.8228 0.4970
charger_material_0.bmp
 12 8.8649 -0.1672 5.3477 0.4139 -0.9067 0.0807 0.8071 0.4772
 11 10.1554 0.7164 7.7218 0.7863 -0.6045 -0.1273 0.8346 0.4911
 11 9.0934 -0.5234 7.7568 0.4543 -0.8738 -0.1738 0.8228 0.4970
charger_material_0.bmp
 14 -3.5899 2.4177 12.0698 0.9542 0.2990 0.0043 0.7539 0.7782
 14 -3.8383 3.7195 12.2508 0.8903 0.4511 0.0622 0.7677 0.7802
 14 -3.8217 2.2384 15.4377 0.9412 0.3214 -0.1042 0.7539 0.8218
charger_material_0.bmp
 14 -3.8217 2.2384 15.4377 0.9412 0.3214 -0.1042 0.7539 0.8218
 14 -3.8383 3.7195 12.2508 0.8903 0.4511 0.0622 0.7677 0.7802
 14 -4.2362 3.3603 15.4604 0.8449 0.5322 -0.0540 0.7677 0.8218
charger_material_0.bmp
 14 -3.8383 3.7195 12.2508 0.8903 0.4511 0.0622 0.7677 0.7802
 14 -5.0840 4.5113 15.4658 0.6041 0.7906 0.1001 0.7835 0.8218
 14 -4.2362 3.3603 15.4604 0.8449 0.5322 -0.0540 0.7677 0.8218
charger_material_0.bmp
 14 -4.2362 3.3603 15.4604 0.8449 0.5322 -0.0540 0.7677 0.8218
 14 -5.0840 4.5113 15.4658 0.6041 0.7906 0.1001 0.7835 0.8218
 14 -4.9150 4.3867 16.6490 0.5111 0.8531 -0.1047 0.7835 0.8356
charger_material_0.bmp
 14 -5.0840 4.5113 15.4658 0.6041 0.7906 0.1001 0.7835 0.8218
 14 -6.2574 4.8667 16.7699 0.1015 0.9900 0.0982 0.7992 0.8356
 14 -4.9150 4.3867 16.6490 0.5111 0.8531 -0.1047 0.7835 0.8356
charger_material_0.bmp
 14 -4.9150 4.3867 16.6490 0.5111 0.8531 -0.1047 0.7835 0.8356
 14 -6.2574 4.8667 16.7699 0.1015 0.9900 0.0982 0.7992 0.8356
 14 -6.1159 4.8172 18.0861 0.0585 0.9947 -0.0840 0.7992 0.8515
charger_material_0.bmp
 14 -6.2574 4.8667 16.7699 0.1015 0.9900 0.0982 0.7992 0.8356
 14 -7.4254 4.5564 18.1646 -0.4209 0.9071 -0.0064 0.8150 0.8515
 14 -6.1159 4.8172 18.0861 0.0585 0.9947 -0.0840 0.7992 0.8515
charger_material_0.bmp
 14 -6.1159 4.8172 18.0861 0.0585 0.9947 -0.0840 0.7992 0.8515
 14 -7.4254 4.5564 18.1646 -0.4209 0.9071 -0.0064 0.8150 0.8515
 14 -7.3626 4.7754 19.2678 -0.3949 0.9160 -0.0712 0.8130 0.8653
charger_material_0.bmp
 14 -7.4254 4.5564 18.1646 -0.4209 0.9071 -0.0064 0.8150 0.8515
 14 -8.4618 3.8593 19.1563 -0.7543 0.6541 -0.0555 0.8287 0.8614
 14 -7.3626 4.7754 19.2678 -0.3949 0.9160 -0.0712 0.8130 0.8653
charger_material_0.bmp
 14 -7.3626 4.7754 19.2678 -0.3949 0.9160 -0.0712 0.8130 0.8653
 14 -8.4618 3.8593 19.1563 -0.7543 0.6541 -0.0555 0.8287 0.8614
  9 -8.4406 3.9812 21.6589 -0.7221 0.6916 -0.0126 0.8287 0.8851
charger_material_0.bmp
 14 -8.4618 3.8593 19.1563 -0.7543 0.6541 -0.0555 0.8287 0.8614
  9 -9.5072 2.3487 21.6094 -0.9517 0.3057 0.0278 0.8484 0.8832
  9 -8.4406 3.9812 21.6589 -0.7221 0.6916 -0.0126 0.8287 0.8851
charger_material_0.bmp
  9 -8.4406 3.9812 21.6589 -0.7221 0.6916 -0.0126 0.8287 0.8851
  9 -9.5072 2.3487 21.6094 -0.9517 0.3057 0.0278 0.8484 0.8832
  9 -9.2343 2.4595 24.5575 -0.9517 0.3057 0.0278 0.8484 0.9129
charger_material_0.bmp
  9 -9.5072 2.3487 21.6094 -0.9517 0.3057 0.0278 0.8484 0.8832
  9 -9.4080 0.7389 24.5029 -0.9806 -0.1824 0.0722 0.8661 0.9109
  9 -9.2343 2.4595 24.5575 -0.9517 0.3057 0.0278 0.8484 0.9129
charger_material_0.bmp
  9 -9.2343 2.4595 24.5575 -0.9517 0.3057 0.0278 0.8484 0.9129
  9 -9.4080 0.7389 24.5029 -0.9806 -0.1824 0.0722 0.8661 0.9109
  9 -9.3322 0.8066 28.0371 -0.9860 -0.1644 0.0293 0.8701 0.9465
charger_material_0.bmp
  9 -9.4080 0.7389 24.5029 -0.9806 -0.1824 0.0722 0.8661 0.9109
  9 -8.5176 -1.0817 27.4913 -0.8232 -0.5662 0.0422 0.8878 0.9406
  9 -9.3322 0.8066 28.0371 -0.9860 -0.1644 0.0293 0.8701 0.9465
charger_material_0.bmp
 10 2.2247 -2.2490 27.8392 -0.7930 -0.5960 -0.1267 0.7185 0.2891
 10 3.7115 -3.4912 26.8092 -0.4179 -0.9043 0.0868 0.7402 0.2752
 10 3.7172 -3.3297 28.9126 -0.4179 -0.9043 0.0868 0.7421 0.3010
charger_material_0.bmp
 10 3.7172 -3.3297 28.9126 -0.4179 -0.9043 0.0868 0.7421 0.3010
 10 3.7115 -3.4912 26.8092 -0.4179 -0.9043 0.0868 0.7402 0.2752
 10 5.5029 -3.9152 27.3327 -0.0025 -0.9922 0.1246 0.7618 0.2792
charger_material_0.bmp
 10 3.7115 -3.4912 26.8092 -0.4179 -0.9043 0.0868 0.7402 0.2752
 10 5.6393 -4.1525 24.6744 -0.0288 -0.9955 0.0898 0.7598 0.2515
 10 5.5029 -3.9152 27.3327 -0.0025 -0.9922 0.1246 0.7618 0.2792
charger_material_0.bmp
 10 5.5029 -3.9152 27.3327 -0.0025 -0.9922 0.1246 0.7618 0.2792
 10 5.6393 -4.1525 24.6744 -0.0288 -0.9955 0.0898 0.7598 0.2515
 10 7.5215 -3.7790 25.2619 0.4470 -0.8836 0.1392 0.7795 0.2554
charger_material_0.bmp
 10 5.6393 -4.1525 24.6744 -0.0288 -0.9955 0.0898 0.7598 0.2515
 10 7.7842 -3.9506 22.4286 0.4623 -0.8833 0.0775 0.7795 0.2277
 10 7.5215 -3.7790 25.2619 0.4470 -0.8836 0.1392 0.7795 0.2554
charger_material_0.bmp
 10 7.5215 -3.7790 25.2619 0.4470 -0.8836 0.1392 0.7795 0.2554
 10 7.7842 -3.9506 22.4286 0.4623 -0.8833 0.0775 0.7795 0.2277
 10 9.3712 -2.4512 22.7857 0.7961 -0.5986 0.0894 0.8031 0.2297
charger_material_0.bmp
 10 7.7842 -3.9506 22.4286 0.4623 -0.8833 0.0775 0.7795 0.2277
 11 9.7898 -2.2971 19.7639 0.8341 -0.5504 0.0376 0.8031 0.2059
 10 9.3712 -2.4512 22.7857 0.7961 -0.5986 0.0894 0.8031 0.2297
charger_material_0.bmp
 10 9.3712 -2.4512 22.7857 0.7961 -0.5986 0.0894 0.8031 0.2297
 11 9.7898 -2.2971 19.7639 0.8341 -0.5504 0.0376 0.8031 0.2059
 10 10.2776 -0.0702 22.8564 0.9819 -0.1734 0.0761 0.8307 0.2297
charger_material_0.bmp
 11 9.7898 -2.2971 19.7639 0.8341 -0.5504 0.0376 0.8031 0.2059
 11 10.4355 0.1432 19.8265 0.9971 -0.0431 0.0633 0.8327 0.2040
 10 10.2776 -0.0702 22.8564 0.9819 -0.1734 0.0761 0.8307 0.2297
charger_material_0.bmp
 10 10.2776 -0.0702 22.8564 0.9819 -0.1734 0.0761 0.8307 0.2297
 11 10.4355 0.1432 19.8265 0.9971 -0.0431 0.0633 0.8327 0.2040
 10 9.8935 2.4800 22.8639 0.9358 0.3495 0.0458 0.8602 0.2297
charger_material_0.bmp
 11 10.4355 0.1432 19.8265 0.9971 -0.0431 0.0633 0.8327 0.2040
 11 10.0325 2.4325 19.8351 0.9062 0.4203 0.0462 0.8622 0.2040
 10 9.8935 2.4800 22.8639 0.9358 0.3495 0.0458 0.8602 0.2297
charger_material_0.bmp
 10 9.8935 2.4800 22.8639 0.9358 0.3495 0.0458 0.8602 0.2297
 11 10.0325 2.4325 19.8351 0.9062 0.4203 0.0462 0.8622 0.2040
 10 8.4378 4.5357 22.4296 0.6629 0.7487 -0.0071 0.8917 0.2277
charger_material_0.bmp
 11 10.0325 2.4325 19.8351 0.9062 0.4203 0.0462 0.8622 0.2040
 11 8.7291 4.3027 19.6089 0.6335 0.7726 -0.0427 0.8917 0.2020
 10 8.4378 4.5357 22.4296 0.6629 0.7487 -0.0071 0.8917 0.2277
charger_material_0.bmp
 10 8.4378 4.5357 22.4296 0.6629 0.7487 -0.0071 0.8917 0.2277
 11 8.7291 4.3027 19.6089 0.6335 0.7726 -0.0427 0.8917 0.2020
 11 7.1806 5.1502 19.4787 0.2456 0.9659 -0.0816 0.9134 0.2020
charger_material_0.bmp
 15 -5.7044 4.8267 -1.1723 0.1363 0.3139 -0.9396 0.3780 0.9604
 15 -5.5121 3.5916 -1.5223 0.1282 0.0177 -0.9916 0.3602 0.9683
 15 -6.5180 3.8435 -1.6223 0.0784 0.1666 -0.9829 0.3583 0.9525
charger_material_0.bmp
 15 -6.5180 3.8435 -1.6223 0.0784 0.1666 -0.9829 0.3583 0.9525
 15 -5.5121 3.5916 -1.5223 0.1282 0.0177 -0.9916 0.3602 0.9683
 15 -6.6982 2.3039 -1.5023 0.0966 -0.1052 -0.9898 0.3386 0.9525
charger_material_0.bmp
 15 -5.5121 3.5916 -1.5223 0.1282 0.0177 -0.9916 0.3602 0.9683
 15 -5.7733 1.9718 -1.2723 0.1876 -0.1193 -0.9750 0.3346 0.9663
 15 -6.6982 2.3039 -1.5023 0.0966 -0.1052 -0.9898 0.3386 0.9525
charger_material_0.bmp
 15 -6.6982 2.3039 -1.5023 0.0966 -0.1052 -0.9898 0.3386 0.9525
 15 -5.7733 1.9718 -1.2723 0.1876 -0.1193 -0.9750 0.3346 0.9663
 15 -6.7810 1.1247 -1.3923 0.1282 0.0177 -0.9916 0.3209 0.9525
charger_material_0.bmp
 15 -5.7733 1.9718 -1.2723 0.1876 -0.1193 -0.9750 0.3346 0.9663
 15 -5.9687 1.0896 -1.2323 0.2309 0.0739 -0.9702 0.3228 0.9663
 15 -6.7810 1.1247 -1.3923 0.1282 0.0177 -0.9916 0.3209 0.9525
charger_material_0.bmp
 15 -6.7810 1.1247 -1.3923 0.1282 0.0177 -0.9916 0.3209 0.9525
 15 -5.9687 1.0896 -1.2323 0.2309 0.0739 -0.9702 0.3228 0.9663
 15 -6.7315 -0.1221 -1.5823 0.1172 0.0820 -0.9897 0.3031 0.9545
charger_material_0.bmp
 15 -5.9687 1.0896 -1.2323 0.2309 0.0739 -0.9702 0.3228 0.9663
 15 -5.8632 -0.1141 -1.3823 0.2309 0.0739 -0.9702 0.3031 0.9683
 15 -6.7315 -0.1221 -1.5823 0.1172 0.0820 -0.9897 0.3031 0.9545
charger_material_0.bmp
 15 -6.7315 -0.1221 -1.5823 0.1172 0.0820 -0.9897 0.3031 0.9545
 15 -5.8632 -0.1141 -1.3823 0.2309 0.0739 -0.9702 0.3031 0.9683
 15 -6.3437 -1.9474 -1.5723 0.1406 -0.0300 -0.9896 0.2756 0.9624
charger_material_0.bmp
 15 -5.8632 -0.1141 -1.3823 0.2309 0.0739 -0.9702 0.3031 0.9683
 15 -5.3934 -2.1618 -1.3423 0.2322 -0.0901 -0.9685 0.2736 0.9782
 15 -6.3437 -1.9474 -1.5723 0.1406 -0.0300 -0.9896 0.2756 0.9624
charger_material_0.bmp
 15 -6.3437 -1.9474 -1.5723 0.1406 -0.0300 -0.9896 0.2756 0.9624
 15 -5.3934 -2.1618 -1.3423 0.2322 -0.0901 -0.9685 0.2736 0.9782
 16 -6.5904 -3.0691 -1.4708 0.0902 -0.1942 -0.9768 0.2598 0.9604
charger_material_0.bmp
 15 -5.3934 -2.1618 -1.3423 0.2322 -0.0901 -0.9685 0.2736 0.9782
 16 -5.6840 -3.6207 -1.1508 0.1755 -0.2737 -0.9457 0.2520 0.9762
 16 -6.5904 -3.0691 -1.4708 0.0902 -0.1942 -0.9768 0.2598 0.9604
charger_material_0.bmp
 16 -6.5904 -3.0691 -1.4708 0.0902 -0.1942 -0.9768 0.2598 0.9604
 16 -5.6840 -3.6207 -1.1508 0.1755 -0.2737 -0.9457 0.2520 0.9762
 16 -6.9087 -4.1975 -1.1408 0.0548 -0.4386 -0.8970 0.2421 0.9584
charger_material_0.bmp
 16 -5.6840 -3.6207 -1.1508 0.1755 -0.2737 -0.9457 0.2520 0.9762
 16 -6.3360 -4.5241 -0.9308 0.0548 -0.4386 -0.8970 0.2362 0.9663
 16 -6.9087 -4.1975 -1.1408 0.0548 -0.4386 -0.8970 0.2421 0.9584
charger_material_0.bmp
 13 10.6124 -2.9794 -1.0908 0.1316 -0.5627 -0.8161 0.6398 0.4436
 13 10.5452 -2.6957 -1.3008 0.1989 -0.3910 -0.8986 0.6437 0.4396
 13 10.9440 -2.8152 -1.1408 0.2495 -0.4147 -0.8751 0.6457 0.4455
charger_material_0.bmp
 13 10.9440 -2.8152 -1.1408 0.2495 -0.4147 -0.8751 0.6457 0.4455
 13 10.5452 -2.6957 -1.3008 0.1989 -0.3910 -0.8986 0.6437 0.4396
 13 11.0795 -2.3841 -1.2108 0.3413 -0.2217 -0.9134 0.6496 0.4436
charger_material_0.bmp
 13 10.5452 -2.6957 -1.3008 0.1989 -0.3910 -0.8986 0.6437 0.4396
 13 10.6897 -2.3340 -1.3808 0.2210 -0.1560 -0.9627 0.6476 0.4376
 13 11.0795 -2.3841 -1.2108 0.3413 -0.2217 -0.9134 0.6496 0.4436
charger_material_0.bmp
 13 11.0795 -2.3841 -1.2108 0.3413 -0.2217 -0.9134 0.6496 0.4436
 13 10.6897 -2.3340 -1.3808 0.2210 -0.1560 -0.9627 0.6476 0.4376
 13 11.1652 -1.1830 -1.2908 0.2829 -0.0489 -0.9579 0.6634 0.4356
charger_material_0.bmp
 13 10.6897 -2.3340 -1.3808 0.2210 -0.1560 -0.9627 0.6476 0.4376
 13 10.2556 -1.0896 -1.5608 0.0679 -0.0484 -0.9965 0.6575 0.4238
 13 11.1652 -1.1830 -1.2908 0.2829 -0.0489 -0.9579 0.6634 0.4356
charger_material_0.bmp
 13 11.1652 -1.1830 -1.2908 0.2829 -0.0489 -0.9579 0.6634 0.4356
 13 10.2556 -1.0896 -1.5608 0.0679 -0.0484 -0.9965 0.6575 0.4238
 12 10.3456 0.8523 -1.5724 0.1391 0.0238 -0.9900 0.6772 0.4139
charger_material_0.bmp
 13 10.2556 -1.0896 -1.5608 0.0679 -0.0484 -0.9965 0.6575 0.4238
 12 8.0058 0.6992 -1.4123 -0.0673 -0.0024 -0.9977 0.6594 0.3901
 12 10.3456 0.8523 -1.5724 0.1391 0.0238 -0.9900 0.6772 0.4139
charger_material_0.bmp
 12 10.3456 0.8523 -1.5724 0.1391 0.0238 -0.9900 0.6772 0.4139
 12 8.0058 0.6992 -1.4123 -0.0673 -0.0024 -0.9977 0.6594 0.3901
 12 9.5441 3.3700 -1.5224 0.1522 0.0635 -0.9863 0.6988 0.3881
charger_material_0.bmp
 12 8.0058 0.6992 -1.4123 -0.0673 -0.0024 -0.9977 0.6594 0.3901
 12 7.7622 3.2692 -1.4023 -0.0673 -0.0024 -0.9977 0.6850 0.3703
 12 9.5441 3.3700 -1.5224 0.1522 0.0635 -0.9863 0.6988 0.3881
charger_material_0.bmp
 12 9.5441 3.3700 -1.5224 0.1522 0.0635 -0.9863 0.6988 0.3881
 12 7.7622 3.2692 -1.4023 -0.0673 -0.0024 -0.9977 0.6850 0.3703
 12 9.0735 5.4365 -1.4924 0.1841 0.2113 -0.9599 0.7165 0.3683
charger_material_0.bmp
 12 7.7622 3.2692 -1.4023 -0.0673 -0.0024 -0.9977 0.6850 0.3703
 12 7.5049 5.0913 -1.3823 -0.0715 0.0486 -0.9963 0.7028 0.3564
 12 9.0735 5.4365 -1.4924 0.1841 0.2113 -0.9599 0.7165 0.3683
charger_material_0.bmp
 12 9.0735 5.4365 -1.4924 0.1841 0.2113 -0.9599 0.7165 0.3683
 12 7.5049 5.0913 -1.3823 -0.0715 0.0486 -0.9963 0.7028 0.3564
 12 8.3379 6.4400 -1.2723 0.1093 0.4269 -0.8977 0.7205 0.3564
charger_material_0.bmp
 12 7.5049 5.0913 -1.3823 -0.0715 0.0486 -0.9963 0.7028 0.3564
 12 7.0070 6.4383 -1.2723 -0.0905 0.4202 -0.9029 0.7126 0.3426
 12 8.3379 6.4400 -1.2723 0.1093 0.4269 -0.8977 0.7205 0.3564
charger_material_0.bmp
 14 -2.9925 2.0494 17.5741 0.9025 0.4038 -0.1495 0.7539 0.8475
 14 -3.6225 3.4991 17.7475 0.8441 0.5252 -0.1080 0.7697 0.8495
 14 -3.0122 1.9686 18.6686 0.9270 0.3586 -0.1102 0.7539 0.8614
charger_material_0.bmp
 14 -3.0122 1.9686 18.6686 0.9270 0.3586 -0.1102 0.7539 0.8614
 14 -3.6225 3.4991 17.7475 0.8441 0.5252 -0.1080 0.7697 0.8495
 14 -3.5249 3.4987 18.9118 0.8330 0.5214 -0.1851 0.7697 0.8634
charger_material_0.bmp
 14 -3.6225 3.4991 17.7475 0.8441 0.5252 -0.1080 0.7697 0.8495
 14 -4.6820 4.5298 17.8588 0.5335 0.8360 -0.1285 0.7835 0.8515
 14 -3.5249 3.4987 18.9118 0.8330 0.5214 -0.1851 0.7697 0.8634
charger_material_0.bmp
 14 -3.5249 3.4987 18.9118 0.8330 0.5214 -0.1851 0.7697 0.8634
 14 -4.6820 4.5298 17.8588 0.5335 0.8360 -0.1285 0.7835 0.8515
 14 -4.5664 4.5694 19.1073 0.4051 0.8990 -0.1666 0.7835 0.8653
charger_material_0.bmp
 14 -4.6820 4.5298 17.8588 0.5335 0.8360 -0.1285 0.7835 0.8515
 14 -6.1159 4.8172 18.0861 0.0585 0.9947 -0.0840 0.7992 0.8515
 14 -4.5664 4.5694 19.1073 0.4051 0.8990 -0.1666 0.7835 0.8653
charger_material_0.bmp
 14 -4.5664 4.5694 19.1073 0.4051 0.8990 -0.1666 0.7835 0.8653
 14 -6.1159 4.8172 18.0861 0.0585 0.9947 -0.0840 0.7992 0.8515
 14 -5.9084 4.9577 19.2373 0.0585 0.9947 -0.0840 0.7992 0.8653
charger_material_0.bmp
 14 -6.1159 4.8172 18.0861 0.0585 0.9947 -0.0840 0.7992 0.8515
 14 -7.3626 4.7754 19.2678 -0.3949 0.9160 -0.0712 0.8130 0.8653
 14 -5.9084 4.9577 19.2373 0.0585 0.9947 -0.0840 0.7992 0.8653
charger_material_0.bmp
 14 -5.9084 4.9577 19.2373 0.0585 0.9947 -0.0840 0.7992 0.8653
 14 -7.3626 4.7754 19.2678 -0.3949 0.9160 -0.0712 0.8130 0.8653
  9 -7.1143 4.8861 21.5122 -0.3166 0.9476 -0.0423 0.8130 0.8851
charger_material_0.bmp
 14 -7.3626 4.7754 19.2678 -0.3949 0.9160 -0.0712 0.8130 0.8653
  9 -8.4406 3.9812 21.6589 -0.7221 0.6916 -0.0126 0.8287 0.8851
  9 -7.1143 4.8861 21.5122 -0.3166 0.9476 -0.0423 0.8130 0.8851
charger_material_0.bmp
  9 -7.1143 4.8861 21.5122 -0.3166 0.9476 -0.0423 0.8130 0.8851
  9 -8.4406 3.9812 21.6589 -0.7221 0.6916 -0.0126 0.8287 0.8851
  9 -6.9256 5.2442 24.2968 -0.4028 0.9049 -0.1378 0.8130 0.9149
charger_material_0.bmp
  9 -8.4406 3.9812 21.6589 -0.7221 0.6916 -0.0126 0.8287 0.8851
  9 -8.3303 4.2897 24.5758 -0.7380 0.6689 -0.0895 0.8307 0.9149
  9 -6.9256 5.2442 24.2968 -0.4028 0.9049 -0.1378 0.8130 0.9149
charger_material_0.bmp
  9 -6.9256 5.2442 24.2968 -0.4028 0.9049 -0.1378 0.8130 0.9149
  9 -8.3303 4.2897 24.5758 -0.7380 0.6689 -0.0895 0.8307 0.9149
  9 -6.8377 6.0356 27.5995 -0.4340 0.8807 -0.1896 0.8150 0.9505
charger_material_0.bmp
  9 -8.3303 4.2897 24.5758 -0.7380 0.6689 -0.0895 0.8307 0.9149
  9 -8.4431 4.7985 28.1116 -0.6389 0.7585 -0.1284 0.8327 0.9505
  9 -6.8377 6.0356 27.5995 -0.4340 0.8807 -0.1896 0.8150 0.9505
charger_material_0.bmp
 14 -2.9925 2.0494 17.5741 0.9923 -0.0336 -0.1191 0.9587 0.8475
 14 -3.2210 0.3600 16.4894 0.9488 -0.2289 -0.2176 0.9409 0.8356
 14 -3.2946 2.0447 16.4784 0.9503 0.1166 -0.2886 0.9587 0.8356
charger_material_0.bmp
 14 -3.2946 2.0447 16.4784 0.9503 0.1166 -0.2886 0.9587 0.8356
 14 -3.2210 0.3600 16.4894 0.9488 -0.2289 -0.2176 0.9409 0.8356
 14 -3.5205 0.7459 15.0769 0.9638 -0.1795 -0.1972 0.9429 0.8198
charger_material_0.bmp
 14 -3.2210 0.3600 16.4894 0.9488 -0.2289 -0.2176 0.9409 0.8356
 14 -4.2204 -1.0130 16.3941 0.6871 -0.6968 -0.2060 0.9252 0.8356
 14 -3.5205 0.7459 15.0769 0.9638 -0.1795 -0.1972 0.9429 0.8198
charger_material_0.bmp
 14 -3.5205 0.7459 15.0769 0.9638 -0.1795 -0.1972 0.9429 0.8198
 14 -4.2204 -1.0130 16.3941 0.6871 -0.6968 -0.2060 0.9252 0.8356
 14 -4.4032 -0.8176 14.6240 0.6537 -0.7195 -0.2345 0.9252 0.8178
charger_material_0.bmp
 14 -4.2204 -1.0130 16.3941 0.6871 -0.6968 -0.2060 0.9252 0.8356
 14 -5.6031 -1.6855 16.1359 0.1870 -0.9703 -0.1533 0.9114 0.8317
 14 -4.4032 -0.8176 14.6240 0.6537 -0.7195 -0.2345 0.9252 0.8178
charger_material_0.bmp
 14 -4.4032 -0.8176 14.6240 0.6537 -0.7195 -0.2345 0.9252 0.8178
 14 -5.6031 -1.6855 16.1359 0.1870 -0.9703 -0.1533 0.9114 0.8317
 14 -5.8503 -1.5201 14.5400 0.1347 -0.9709 -0.1979 0.9114 0.8158
charger_material_0.bmp
 14 -5.6031 -1.6855 16.1359 0.1870 -0.9703 -0.1533 0.9114 0.8317
 14 -7.5413 -1.5565 16.2386 -0.3988 -0.9115 -0.1005 0.8937 0.8317
 14 -5.8503 -1.5201 14.5400 0.1347 -0.9709 -0.1979 0.9114 0.8158
charger_material_0.bmp
 14 -5.8503 -1.5201 14.5400 0.1347 -0.9709 -0.1979 0.9114 0.8158
 14 -7.5413 -1.5565 16.2386 -0.3988 -0.9115 -0.1005 0.8937 0.8317
 14 -7.6523 -1.3572 14.5938 -0.4931 -0.8642 -0.1001 0.8937 0.8139
charger_material_0.bmp
 14 -7.5413 -1.5565 16.2386 -0.3988 -0.9115 -0.1005 0.8937 0.8317
 14 -8.7370 -0.3774 16.3906 -0.8168 -0.5734 -0.0635 0.8760 0.8317
 14 -7.6523 -1.3572 14.5938 -0.4931 -0.8642 -0.1001 0.8937 0.8139
charger_material_0.bmp
 14 -7.6523 -1.3572 14.5938 -0.4931 -0.8642 -0.1001 0.8937 0.8139
 14 -8.7370 -0.3774 16.3906 -0.8168 -0.5734 -0.0635 0.8760 0.8317
 14 -8.7953 -0.1588 14.6624 -0.7698 -0.6367 -0.0445 0.8760 0.8139
charger_material_0.bmp
 14 -8.7370 -0.3774 16.3906 -0.8168 -0.5734 -0.0635 0.8760 0.8317
 14 -9.6380 1.2703 15.0350 -0.9544 -0.2961 0.0367 0.8602 0.8158
 14 -8.7953 -0.1588 14.6624 -0.7698 -0.6367 -0.0445 0.8760 0.8139
charger_material_0.bmp
 14 -8.7953 -0.1588 14.6624 -0.7698 -0.6367 -0.0445 0.8760 0.8139
 14 -9.6380 1.2703 15.0350 -0.9544 -0.2961 0.0367 0.8602 0.8158
 14 -9.0453 0.1994 12.0484 -0.7394 -0.6732 -0.0043 0.8760 0.7802
charger_material_0.bmp
 14 -9.6380 1.2703 15.0350 -0.9544 -0.2961 0.0367 0.8602 0.8158
 14 -9.8681 1.5826 11.8774 -0.9729 -0.2309 0.0092 0.8583 0.7762
 14 -9.0453 0.1994 12.0484 -0.7394 -0.6732 -0.0043 0.8760 0.7802
charger_material_0.bmp
 15 -5.9687 1.0896 -1.2323 0.9500 -0.0253 -0.3113 0.0157 0.4475
 15 -5.5954 -0.1489 -0.7523 0.9814 0.1352 -0.1365 0.0276 0.4653
 15 -5.8632 -0.1141 -1.3823 0.9081 0.1617 -0.3863 0.0177 0.4673
charger_material_0.bmp
 15 -5.8632 -0.1141 -1.3823 0.9081 0.1617 -0.3863 0.0177 0.4673
 15 -5.5954 -0.1489 -0.7523 0.9814 0.1352 -0.1365 0.0276 0.4653
 15 -5.3934 -2.1618 -1.3423 0.9769 0.0432 -0.2093 0.0276 0.4990
charger_material_0.bmp
 15 -5.5954 -0.1489 -0.7523 0.9814 0.1352 -0.1365 0.0276 0.4653
 15 -5.3314 -2.1497 -0.7623 0.9885 -0.1167 0.0960 0.0374 0.4950
 15 -5.3934 -2.1618 -1.3423 0.9769 0.0432 -0.2093 0.0276 0.4990
charger_material_0.bmp
 15 -5.3934 -2.1618 -1.3423 0.9769 0.0432 -0.2093 0.0276 0.4990
 15 -5.3314 -2.1497 -0.7623 0.9885 -0.1167 0.0960 0.0374 0.4950
 16 -5.6840 -3.6207 -1.1508 0.9394 -0.3377 -0.0591 0.0394 0.5188
charger_material_0.bmp
 15 -5.3314 -2.1497 -0.7623 0.9885 -0.1167 0.0960 0.0374 0.4950
 16 -5.6715 -3.6021 -0.6908 0.9150 -0.3876 0.1117 0.0453 0.5149
 16 -5.6840 -3.6207 -1.1508 0.9394 -0.3377 -0.0591 0.0394 0.5188
charger_material_0.bmp
 16 -5.6840 -3.6207 -1.1508 0.9394 -0.3377 -0.0591 0.0394 0.5188
 16 -5.6715 -3.6021 -0.6908 0.9150 -0.3876 0.1117 0.0453 0.5149
 16 -6.3360 -4.5241 -0.9308 0.7227 -0.6796 -0.1258 0.0531 0.5327
charger_material_0.bmp
 16 -5.6715 -3.6021 -0.6908 0.9150 -0.3876 0.1117 0.0453 0.5149
 16 -6.2360 -4.6077 -0.3908 0.7201 -0.6798 0.1389 0.0591 0.5267
 16 -6.3360 -4.5241 -0.9308 0.7227 -0.6796 -0.1258 0.0531 0.5327
charger_material_0.bmp
 16 -6.3360 -4.5241 -0.9308 0.7227 -0.6796 -0.1258 0.0531 0.5327
 16 -6.2360 -4.6077 -0.3908 0.7201 -0.6798 0.1389 0.0591 0.5267
 16 -7.1037 -4.9990 -0.6108 0.2889 -0.9553 -0.0621 0.0689 0.5366
charger_material_0.bmp
 16 -6.2360 -4.6077 -0.3908 0.7201 -0.6798 0.1389 0.0591 0.5267
 16 -7.0516 -4.9856 -0.0908 0.1711 -0.9342 0.3130 0.0709 0.5287
 16 -7.1037 -4.9990 -0.6108 0.2889 -0.9553 -0.0621 0.0689 0.5366
charger_material_0.bmp
 16 -7.1037 -4.9990 -0.6108 0.2889 -0.9553 -0.0621 0.0689 0.5366
 16 -7.0516 -4.9856 -0.0908 0.1711 -0.9342 0.3130 0.0709 0.5287
 16 -7.8267 -4.9755 -0.6308 -0.2984 -0.9543 -0.0174 0.0807 0.5386
charger_material_0.bmp
 16 -7.0516 -4.9856 -0.0908 0.1711 -0.9342 0.3130 0.0709 0.5287
 16 -7.9643 -4.9476 -0.1808 -0.4101 -0.8614 0.2997 0.0807 0.5307
 16 -7.8267 -4.9755 -0.6308 -0.2984 -0.9543 -0.0174 0.0807 0.5386
charger_material_0.bmp
 16 -7.8267 -4.9755 -0.6308 -0.2984 -0.9543 -0.0174 0.0807 0.5386
 16 -7.9643 -4.9476 -0.1808 -0.4101 -0.8614 0.2997 0.0807 0.5307
 16 -8.6883 -4.3895 -0.5308 -0.8134 -0.5604 0.1560 0.0945 0.5287
charger_material_0.bmp
 15 -7.7103 -2.1427 0.9877 -0.0477 -0.3231 0.9452 0.0827 0.4891
 15 -7.5992 -0.2815 1.8877 -0.2225 -0.4309 0.8745 0.0846 0.4574
 15 -8.3618 -1.9571 0.9677 -0.5004 -0.2679 0.8233 0.0925 0.4871
charger_material_0.bmp
 15 -8.3618 -1.9571 0.9677 -0.5004 -0.2679 0.8233 0.0925 0.4871
 15 -7.5992 -0.2815 1.8877 -0.2225 -0.4309 0.8745 0.0846 0.4574
 15 -8.3326 -0.1054 1.6677 -0.7686 -0.2375 0.5941 0.0945 0.4574
charger_material_0.bmp
 15 -7.5992 -0.2815 1.8877 -0.2225 -0.4309 0.8745 0.0846 0.4574
 15 -7.6269 1.3658 2.9177 -0.2110 0.0583 0.9757 0.0866 0.4317
 15 -8.3326 -0.1054 1.6677 -0.7686 -0.2375 0.5941 0.0945 0.4574
charger_material_0.bmp
 15 -8.3326 -0.1054 1.6677 -0.7686 -0.2375 0.5941 0.0945 0.4574
 15 -7.6269 1.3658 2.9177 -0.2110 0.0583 0.9757 0.0866 0.4317
 15 -8.7113 1.7893 2.2578 -0.7807 0.1163 0.6140 0.1004 0.4317
charger_material_0.bmp
 15 -7.6269 1.3658 2.9177 -0.2110 0.0583 0.9757 0.0866 0.4317
 15 -8.4825 1.9209 2.2677 -0.2744 0.4955 0.8242 0.0984 0.4277
 15 -8.7113 1.7893 2.2578 -0.7807 0.1163 0.6140 0.1004 0.4317
charger_material_0.bmp
 15 -8.7113 1.7893 2.2578 -0.7807 0.1163 0.6140 0.1004 0.4317
 15 -8.4825 1.9209 2.2677 -0.2744 0.4955 0.8242 0.0984 0.4277
 15 -8.6354 3.0702 1.5778 -0.8248 0.3305 0.4587 0.1161 0.4119
charger_material_0.bmp
 15 -8.4825 1.9209 2.2677 -0.2744 0.4955 0.8242 0.0984 0.4277
 15 -8.4358 3.0543 1.6678 -0.3726 0.1774 0.9109 0.1122 0.4119
 15 -8.6354 3.0702 1.5778 -0.8248 0.3305 0.4587 0.1161 0.4119
charger_material_0.bmp
 15 -8.6354 3.0702 1.5778 -0.8248 0.3305 0.4587 0.1161 0.4119
 15 -8.4358 3.0543 1.6678 -0.3726 0.1774 0.9109 0.1122 0.4119
 15 -8.1981 3.9512 1.7178 -0.8151 0.2091 0.5403 0.1161 0.3980
charger_material_0.bmp
 15 -8.4358 3.0543 1.6678 -0.3726 0.1774 0.9109 0.1122 0.4119
 15 -8.0101 3.8460 1.7978 -0.5226 -0.3812 0.7626 0.1122 0.3980
 15 -8.1981 3.9512 1.7178 -0.8151 0.2091 0.5403 0.1161 0.3980
charger_material_0.bmp
 15 -8.1981 3.9512 1.7178 -0.8151 0.2091 0.5403 0.1161 0.3980
 15 -8.0101 3.8460 1.7978 -0.5226 -0.3812 0.7626 0.1122 0.3980
 15 -7.8073 4.4751 2.5578 -0.7643 0.0686 0.6413 0.1083 0.3861
charger_material_0.bmp
 15 -8.0101 3.8460 1.7978 -0.5226 -0.3812 0.7626 0.1122 0.3980
 15 -7.6382 4.3018 2.5678 -0.4717 -0.4393 0.7646 0.1043 0.3881
 15 -7.8073 4.4751 2.5578 -0.7643 0.0686 0.6413 0.1083 0.3861
charger_material_0.bmp
 15 -7.8073 4.4751 2.5578 -0.7643 0.0686 0.6413 0.1083 0.3861
 15 -7.6382 4.3018 2.5678 -0.4717 -0.4393 0.7646 0.1043 0.3881
 15 -7.1494 4.5710 2.8478 -0.2604 -0.1641 0.9514 0.1004 0.3802
charger_material_0.bmp
 13 5.1601 -5.0199 -0.6708 -0.2993 -0.9488 -0.1011 0.6890 0.4475
 13 4.5579 -4.6545 -0.0008 -0.7911 -0.5991 0.1240 0.6969 0.4574
 13 4.5294 -4.6683 -0.5908 -0.7768 -0.6290 0.0292 0.6890 0.4574
charger_material_0.bmp
 13 4.5294 -4.6683 -0.5908 -0.7768 -0.6290 0.0292 0.6890 0.4574
 13 4.5579 -4.6545 -0.0008 -0.7911 -0.5991 0.1240 0.6969 0.4574
 13 4.1741 -3.5650 -0.5008 -0.9862 -0.1376 0.0921 0.6949 0.4733
charger_material_0.bmp
 13 4.5579 -4.6545 -0.0008 -0.7911 -0.5991 0.1240 0.6969 0.4574
 13 4.2595 -3.5236 0.2192 -0.9544 -0.0734 0.2894 0.7028 0.4693
 13 4.1741 -3.5650 -0.5008 -0.9862 -0.1376 0.0921 0.6949 0.4733
charger_material_0.bmp
 13 4.1741 -3.5650 -0.5008 -0.9862 -0.1376 0.0921 0.6949 0.4733
 13 4.2595 -3.5236 0.2192 -0.9544 -0.0734 0.2894 0.7028 0.4693
 13 4.3905 -2.4376 -0.4508 -0.9945 0.0571 0.0877 0.7028 0.4851
charger_material_0.bmp
 13 4.2595 -3.5236 0.2192 -0.9544 -0.0734 0.2894 0.7028 0.4693
 13 4.4659 -2.3975 0.4492 -0.9496 -0.0054 0.3133 0.7126 0.4812
 13 4.3905 -2.4376 -0.4508 -0.9945 0.0571 0.0877 0.7028 0.4851
charger_material_0.bmp
 13 4.3905 -2.4376 -0.4508 -0.9945 0.0571 0.0877 0.7028 0.4851
 13 4.4659 -2.3975 0.4492 -0.9496 -0.0054 0.3133 0.7126 0.4812
 13 4.1758 -0.9428 -0.4808 -0.9721 0.0916 0.2158 0.7067 0.4990
charger_material_0.bmp
 13 4.4659 -2.3975 0.4492 -0.9496 -0.0054 0.3133 0.7126 0.4812
 12 4.8095 -0.5436 1.4778 -0.9693 0.0420 0.2422 0.7303 0.4970
 13 4.1758 -0.9428 -0.4808 -0.9721 0.0916 0.2158 0.7067 0.4990
charger_material_0.bmp
 13 4.1758 -0.9428 -0.4808 -0.9721 0.0916 0.2158 0.7067 0.4990
 12 4.8095 -0.5436 1.4778 -0.9693 0.0420 0.2422 0.7303 0.4970
 12 4.7240 0.4234 -0.5122 -0.9585 0.2669 0.1005 0.7087 0.5129
charger_material_0.bmp
 12 4.8095 -0.5436 1.4778 -0.9693 0.0420 0.2422 0.7303 0.4970
 12 4.8915 0.9192 1.3378 -0.9983 0.0536 -0.0212 0.7303 0.5149
 12 4.7240 0.4234 -0.5122 -0.9585 0.2669 0.1005 0.7087 0.5129
charger_material_0.bmp
 12 4.7240 0.4234 -0.5122 -0.9585 0.2669 0.1005 0.7087 0.5129
 12 4.8915 0.9192 1.3378 -0.9983 0.0536 -0.0212 0.7303 0.5149
 12 5.2202 1.8796 -0.3822 -0.9826 0.0954 -0.1595 0.7126 0.5287
charger_material_0.bmp
 12 4.8915 0.9192 1.3378 -0.9983 0.0536 -0.0212 0.7303 0.5149
 12 5.1152 3.5400 0.0977 -0.9878 0.0073 -0.1555 0.7185 0.5485
 12 5.2202 1.8796 -0.3822 -0.9826 0.0954 -0.1595 0.7126 0.5287
charger_material_0.bmp
 12 5.2202 1.8796 -0.3822 -0.9826 0.0954 -0.1595 0.7126 0.5287
 12 5.1152 3.5400 0.0977 -0.9878 0.0073 -0.1555 0.7185 0.5485
 12 5.3276 3.2247 -0.7223 -0.9668 -0.0166 -0.2551 0.7087 0.5446
charger_material_0.bmp
 12 7.8887 -1.8876 1.9377 0.2354 -0.7880 0.5690 0.7618 0.4475
 12 9.0678 -0.7963 3.3977 0.4266 -0.8248 0.3710 0.7913 0.4535
 12 7.8704 -0.9723 3.4477 0.0365 -0.8909 0.4527 0.7776 0.4653
charger_material_0.bmp
 12 7.8704 -0.9723 3.4477 0.0365 -0.8909 0.4527 0.7776 0.4653
 12 9.0678 -0.7963 3.3977 0.4266 -0.8248 0.3710 0.7913 0.4535
 12 8.8649 -0.1672 5.3477 0.4139 -0.9067 0.0807 0.8071 0.4772
charger_material_0.bmp
 12 9.0678 -0.7963 3.3977 0.4266 -0.8248 0.3710 0.7913 0.4535
 12 10.1032 0.2359 3.1976 0.8173 -0.5254 0.2366 0.8091 0.4436
 12 8.8649 -0.1672 5.3477 0.4139 -0.9067 0.0807 0.8071 0.4772
charger_material_0.bmp
 12 8.8649 -0.1672 5.3477 0.4139 -0.9067 0.0807 0.8071 0.4772
 12 10.1032 0.2359 3.1976 0.8173 -0.5254 0.2366 0.8091 0.4436
 12 9.8624 0.7693 5.3076 0.8316 -0.5546 0.0293 0.8228 0.4693
charger_material_0.bmp
 12 10.1032 0.2359 3.1976 0.8173 -0.5254 0.2366 0.8091 0.4436
 12 10.6015 2.2974 4.9976 0.9449 -0.3196 0.0717 0.8406 0.4594
 12 9.8624 0.7693 5.3076 0.8316 -0.5546 0.0293 0.8228 0.4693
charger_material_0.bmp
 12 9.8624 0.7693 5.3076 0.8316 -0.5546 0.0293 0.8228 0.4693
 12 10.6015 2.2974 4.9976 0.9449 -0.3196 0.0717 0.8406 0.4594
 11 10.9043 2.3674 7.5766 0.9735 -0.2242 -0.0450 0.8504 0.4851
charger_material_0.bmp
 12 10.6015 2.2974 4.9976 0.9449 -0.3196 0.0717 0.8406 0.4594
 12 10.9378 3.9749 5.1376 0.9585 0.2582 0.1211 0.8622 0.4554
 11 10.9043 2.3674 7.5766 0.9735 -0.2242 -0.0450 0.8504 0.4851
charger_material_0.bmp
 11 10.9043 2.3674 7.5766 0.9735 -0.2242 -0.0450 0.8504 0.4851
 12 10.9378 3.9749 5.1376 0.9585 0.2582 0.1211 0.8622 0.4554
 11 10.5770 4.1582 7.5518 0.8515 0.5241 0.0186 0.8701 0.4832
charger_material_0.bmp
 12 10.9378 3.9749 5.1376 0.9585 0.2582 0.1211 0.8622 0.4554
 12 9.2832 5.4537 5.2176 0.6864 0.7241 0.0671 0.8878 0.4535
 11 10.5770 4.1582 7.5518 0.8515 0.5241 0.0186 0.8701 0.4832
charger_material_0.bmp
 11 10.5770 4.1582 7.5518 0.8515 0.5241 0.0186 0.8701 0.4832
 12 9.2832 5.4537 5.2176 0.6864 0.7241 0.0671 0.8878 0.4535
 11 9.5922 5.4897 7.4917 0.6927 0.7130 -0.1085 0.8878 0.4812
charger_material_0.bmp
 12 9.2832 5.4537 5.2176 0.6864 0.7241 0.0671 0.8878 0.4535
 11 8.0556 6.5496 7.4390 0.4796 0.8762 0.0486 0.9094 0.4792
 11 9.5922 5.4897 7.4917 0.6927 0.7130 -0.1085 0.8878 0.4812
charger_material_0.bmp
 13 6.6161 -4.7397 -0.9108 -0.4477 -0.4229 -0.7879 0.5945 0.4119
 13 6.5856 -4.3504 -1.1108 -0.5214 -0.2962 -0.8003 0.5984 0.4079
 13 7.4141 -4.8275 -0.9708 0.1547 -0.4393 -0.8849 0.5984 0.4198
charger_material_0.bmp
 13 7.4141 -4.8275 -0.9708 0.1547 -0.4393 -0.8849 0.5984 0.4198
 13 6.5856 -4.3504 -1.1108 -0.5214 -0.2962 -0.8003 0.5984 0.4079
 13 7.4427 -4.3498 -1.1908 0.3010 -0.2841 -0.9103 0.6043 0.4158
charger_material_0.bmp
 13 6.5856 -4.3504 -1.1108 -0.5214 -0.2962 -0.8003 0.5984 0.4079
 13 6.3866 -3.7510 -1.1608 -0.1923 -0.2516 -0.9485 0.6043 0.4020
 13 7.4427 -4.3498 -1.1908 0.3010 -0.2841 -0.9103 0.6043 0.4158
charger_material_0.bmp
 13 7.4427 -4.3498 -1.1908 0.3010 -0.2841 -0.9103 0.6043 0.4158
 13 6.3866 -3.7510 -1.1608 -0.1923 -0.2516 -0.9485 0.6043 0.4020
 13 7.7050 -3.7308 -1.2208 -0.0256 -0.2308 -0.9727 0.6122 0.4158
charger_material_0.bmp
 13 6.3866 -3.7510 -1.1608 -0.1923 -0.2516 -0.9485 0.6043 0.4020
 13 7.8094 -2.2852 -1.5108 -0.0286 -0.0896 -0.9956 0.6280 0.4079
 13 7.7050 -3.7308 -1.2208 -0.0256 -0.2308 -0.9727 0.6122 0.4158
charger_material_0.bmp
 13 7.7050 -3.7308 -1.2208 -0.0256 -0.2308 -0.9727 0.6122 0.4158
 13 7.8094 -2.2852 -1.5108 -0.0286 -0.0896 -0.9956 0.6280 0.4079
 13 9.0382 -3.2044 -1.2808 0.0305 -0.2709 -0.9621 0.6260 0.4277
charger_material_0.bmp
 13 7.8094 -2.2852 -1.5108 -0.0286 -0.0896 -0.9956 0.6280 0.4079
 13 10.1314 -2.3058 -1.4108 0.0344 -0.1138 -0.9929 0.6437 0.4317
 13 9.0382 -3.2044 -1.2808 0.0305 -0.2709 -0.9621 0.6260 0.4277
charger_material_0.bmp
 13 9.0382 -3.2044 -1.2808 0.0305 -0.2709 -0.9621 0.6260 0.4277
 13 10.1314 -2.3058 -1.4108 0.0344 -0.1138 -0.9929 0.6437 0.4317
 13 10.1278 -2.8206 -1.3408 0.2034 -0.1908 -0.9603 0.6378 0.4356
charger_material_0.bmp
 13 10.1314 -2.3058 -1.4108 0.0344 -0.1138 -0.9929 0.6437 0.4317
 13 10.5452 -2.6957 -1.3008 0.1989 -0.3910 -0.8986 0.6437 0.4396
 13 10.1278 -2.8206 -1.3408 0.2034 -0.1908 -0.9603 0.6378 0.4356
charger_material_0.bmp
 13 10.1278 -2.8206 -1.3408 0.2034 -0.1908 -0.9603 0.6378 0.4356
 13 10.5452 -2.6957 -1.3008 0.1989 -0.3910 -0.8986 0.6437 0.4396
 13 10.3450 -3.0948 -1.0408 0.5242 -0.4645 -0.7138 0.6378 0.4416
charger_material_0.bmp
 13 10.5452 -2.6957 -1.3008 0.1989 -0.3910 -0.8986 0.6437 0.4396
 13 10.6124 -2.9794 -1.0908 0.1316 -0.5627 -0.8161 0.6398 0.4436
 13 10.3450 -3.0948 -1.0408 0.5242 -0.4645 -0.7138 0.6378 0.4416
charger_material_0.bmp
 10 1.5498 2.4532 23.7139 -0.8717 0.4518 -0.1898 0.9921 0.2436
 10 2.5670 4.3827 23.9124 -0.7366 0.6421 -0.2124 0.9665 0.2475
 10 3.0113 4.1041 21.6186 -0.7637 0.6173 -0.1891 0.9665 0.2218
charger_material_0.bmp
 10 3.0113 4.1041 21.6186 -0.7637 0.6173 -0.1891 0.9665 0.2218
 10 2.5670 4.3827 23.9124 -0.7366 0.6421 -0.2124 0.9665 0.2475
 10 4.7487 5.2746 21.8856 -0.3902 0.9031 -0.1794 0.9409 0.2238
charger_material_0.bmp
 10 2.5670 4.3827 23.9124 -0.7366 0.6421 -0.2124 0.9665 0.2475
 10 4.2893 5.6977 24.2267 -0.3303 0.9282 -0.1715 0.9409 0.2495
 10 4.7487 5.2746 21.8856 -0.3902 0.9031 -0.1794 0.9409 0.2238
charger_material_0.bmp
 10 4.7487 5.2746 21.8856 -0.3902 0.9031 -0.1794 0.9409 0.2238
 10 4.2893 5.6977 24.2267 -0.3303 0.9282 -0.1715 0.9409 0.2495
 10 6.7026 5.4605 22.1425 0.1288 0.9853 -0.1122 0.9154 0.2257
charger_material_0.bmp
 10 4.2893 5.6977 24.2267 -0.3303 0.9282 -0.1715 0.9409 0.2495
 10 6.3614 5.8440 24.6186 0.2257 0.9707 -0.0823 0.9154 0.2515
 10 6.7026 5.4605 22.1425 0.1288 0.9853 -0.1122 0.9154 0.2257
charger_material_0.bmp
 10 6.7026 5.4605 22.1425 0.1288 0.9853 -0.1122 0.9154 0.2257
 10 6.3614 5.8440 24.6186 0.2257 0.9707 -0.0823 0.9154 0.2515
 10 8.4378 4.5357 22.4296 0.6629 0.7487 -0.0071 0.8917 0.2277
charger_material_0.bmp
 10 6.3614 5.8440 24.6186 0.2257 0.9707 -0.0823 0.9154 0.2515
 10 8.2850 4.7786 25.1564 0.6629 0.7487 -0.0071 0.8898 0.2554
 10 8.4378 4.5357 22.4296 0.6629 0.7487 -0.0071 0.8917 0.2277
charger_material_0.bmp
 10 8.4378 4.5357 22.4296 0.6629 0.7487 -0.0071 0.8917 0.2277
 10 8.2850 4.7786 25.1564 0.6629 0.7487 -0.0071 0.8898 0.2554
 10 9.8935 2.4800 22.8639 0.9358 0.3495 0.0458 0.8602 0.2297
charger_material_0.bmp
 10 8.2850 4.7786 25.1564 0.6629 0.7487 -0.0071 0.8898 0.2554
 10 9.7546 2.6372 25.7704 0.9358 0.3495 0.0458 0.8602 0.2594
 10 9.8935 2.4800 22.8639 0.9358 0.3495 0.0458 0.8602 0.2297
charger_material_0.bmp
 10 9.8935 2.4800 22.8639 0.9358 0.3495 0.0458 0.8602 0.2297
 10 9.7546 2.6372 25.7704 0.9358 0.3495 0.0458 0.8602 0.2594
 10 10.0483 0.0485 25.6568 0.9930 -0.0656 0.0983 0.8307 0.2574
charger_material_0.bmp
 10 9.7546 2.6372 25.7704 0.9358 0.3495 0.0458 0.8602 0.2594
 10 9.6798 0.2804 28.9792 0.9891 0.1062 0.1019 0.8307 0.2931
 10 10.0483 0.0485 25.6568 0.9930 -0.0656 0.0983 0.8307 0.2574
charger_material_0.bmp
 15 -5.8243 3.9045 3.2777 0.8657 0.4999 0.0243 0.2323 0.0356
 15 -6.3432 4.5670 2.7577 0.4906 0.4145 0.7665 0.2402 0.0257
 15 -6.3026 4.4911 3.2677 0.3590 0.9324 0.0412 0.2402 0.0337
charger_material_0.bmp
 15 -6.3026 4.4911 3.2677 0.3590 0.9324 0.0412 0.2402 0.0337
 15 -6.3432 4.5670 2.7577 0.4906 0.4145 0.7665 0.2402 0.0257
 15 -6.9799 4.4784 3.2677 -0.3363 0.9413 0.0288 0.2480 0.0337
charger_material_0.bmp
 15 -6.3432 4.5670 2.7577 0.4906 0.4145 0.7665 0.2402 0.0257
 15 -6.9760 4.5081 2.6777 -0.3693 -0.3294 0.8690 0.2480 0.0257
 15 -6.9799 4.4784 3.2677 -0.3363 0.9413 0.0288 0.2480 0.0337
charger_material_0.bmp
 15 -6.9799 4.4784 3.2677 -0.3363 0.9413 0.0288 0.2480 0.0337
 15 -6.9760 4.5081 2.6777 -0.3693 -0.3294 0.8690 0.2480 0.0257
 15 -7.4807 4.0393 3.2178 -0.6397 0.7683 -0.0246 0.2539 0.0337
charger_material_0.bmp
 15 -6.9760 4.5081 2.6777 -0.3693 -0.3294 0.8690 0.2480 0.0257
 15 -7.3002 4.1873 2.1478 -0.7054 -0.1601 0.6905 0.2539 0.0198
 15 -7.4807 4.0393 3.2178 -0.6397 0.7683 -0.0246 0.2539 0.0337
charger_material_0.bmp
 15 -7.4807 4.0393 3.2178 -0.6397 0.7683 -0.0246 0.2539 0.0337
 15 -7.3002 4.1873 2.1478 -0.7054 -0.1601 0.6905 0.2539 0.0198
 15 -8.0760 3.5722 2.5478 -0.7663 0.6414 -0.0370 0.2618 0.0257
charger_material_0.bmp
 15 -7.3002 4.1873 2.1478 -0.7054 -0.1601 0.6905 0.2539 0.0198
 15 -7.8894 3.6891 1.5378 -0.0218 -0.2835 0.9587 0.2618 0.0119
 15 -8.0760 3.5722 2.5478 -0.7663 0.6414 -0.0370 0.2618 0.0257
charger_material_0.bmp
 15 -8.0760 3.5722 2.5478 -0.7663 0.6414 -0.0370 0.2618 0.0257
 15 -7.8894 3.6891 1.5378 -0.0218 -0.2835 0.9587 0.2618 0.0119
 15 -8.2810 3.0039 1.4278 -0.2269 0.5922 0.7732 0.2677 0.0099
charger_material_0.bmp
 15 -7.8894 3.6891 1.5378 -0.0218 -0.2835 0.9587 0.2618 0.0119
 15 -8.4358 3.0543 1.6678 0.7712 -0.2504 0.5852 0.2697 0.0099
 15 -8.2810 3.0039 1.4278 -0.2269 0.5922 0.7732 0.2677 0.0099
charger_material_0.bmp
 15 -8.2810 3.0039 1.4278 -0.2269 0.5922 0.7732 0.2677 0.0099
 15 -8.4358 3.0543 1.6678 0.7712 -0.2504 0.5852 0.2697 0.0099
 15 -8.4825 1.9209 2.2677 0.7315 0.4888 0.4755 0.2835 0.0158
charger_material_0.bmp
 14 -8.0900 2.0053 5.7771 -0.8986 -0.4310 -0.0819 0.2736 0.0713
 15 -7.6657 1.5322 4.5977 -0.7044 -0.6980 -0.1290 0.2815 0.0574
 14 -7.7298 1.2425 6.1267 -0.6966 -0.6977 -0.1669 0.2815 0.0772
charger_material_0.bmp
 14 -7.7298 1.2425 6.1267 -0.6966 -0.6977 -0.1669 0.2815 0.0772
 15 -7.6657 1.5322 4.5977 -0.7044 -0.6980 -0.1290 0.2815 0.0574
 15 -7.1840 1.1267 4.6277 -0.2123 -0.9510 -0.2249 0.2874 0.0594
charger_material_0.bmp
 15 -7.6657 1.5322 4.5977 -0.7044 -0.6980 -0.1290 0.2815 0.0574
 15 -7.1811 1.4591 3.3277 -0.2432 -0.9689 -0.0454 0.2894 0.0396
 15 -7.1840 1.1267 4.6277 -0.2123 -0.9510 -0.2249 0.2874 0.0594
charger_material_0.bmp
 15 -7.1840 1.1267 4.6277 -0.2123 -0.9510 -0.2249 0.2874 0.0594
 15 -7.1811 1.4591 3.3277 -0.2432 -0.9689 -0.0454 0.2894 0.0396
 15 -6.4603 1.4964 3.3477 0.3828 -0.9219 -0.0600 0.2953 0.0416
charger_material_0.bmp
 15 -7.1811 1.4591 3.3277 -0.2432 -0.9689 -0.0454 0.2894 0.0396
 15 -6.4892 1.4296 2.7777 0.2562 -0.9556 0.1458 0.2953 0.0337
 15 -6.4603 1.4964 3.3477 0.3828 -0.9219 -0.0600 0.2953 0.0416
charger_material_0.bmp
 15 -6.4603 1.4964 3.3477 0.3828 -0.9219 -0.0600 0.2953 0.0416
 15 -6.4892 1.4296 2.7777 0.2562 -0.9556 0.1458 0.2953 0.0337
 15 -5.8771 1.7936 2.7377 0.7552 -0.6504 0.0822 0.3012 0.0317
charger_material_0.bmp
 15 -6.4892 1.4296 2.7777 0.2562 -0.9556 0.1458 0.2953 0.0337
 15 -6.0533 1.5241 2.4377 0.8542 -0.5175 0.0510 0.2972 0.0277
 15 -5.8771 1.7936 2.7377 0.7552 -0.6504 0.0822 0.3012 0.0317
charger_material_0.bmp
 15 -5.8771 1.7936 2.7377 0.7552 -0.6504 0.0822 0.3012 0.0317
 15 -6.0533 1.5241 2.4377 0.8542 -0.5175 0.0510 0.2972 0.0277
 15 -5.7049 2.4973 2.4977 0.9785 -0.1976 -0.0584 0.3091 0.0277
charger_material_0.bmp
 15 -6.0533 1.5241 2.4377 0.8542 -0.5175 0.0510 0.2972 0.0277
 15 -5.7928 2.2869 1.7777 0.9640 -0.2599 -0.0555 0.3051 0.0178
 15 -5.7049 2.4973 2.4977 0.9785 -0.1976 -0.0584 0.3091 0.0277
charger_material_0.bmp
 15 -5.7049 2.4973 2.4977 0.9785 -0.1976 -0.0584 0.3091 0.0277
 15 -5.7928 2.2869 1.7777 0.9640 -0.2599 -0.0555 0.3051 0.0178
 15 -5.6090 3.3117 1.7677 0.9884 -0.1470 -0.0376 0.3169 0.0158
charger_material_0.bmp
 13 7.8442 -4.0253 -0.9808 0.0150 -0.6081 -0.7937 0.6102 0.4198
 13 8.0852 -4.0948 -1.2208 -0.2436 -0.5638 -0.7892 0.6122 0.4238
 13 8.1295 -4.2806 -1.0608 -0.2875 -0.6470 -0.7062 0.6102 0.4257
charger_material_0.bmp
 13 8.1295 -4.2806 -1.0608 -0.2875 -0.6470 -0.7062 0.6102 0.4257
 13 8.0852 -4.0948 -1.2208 -0.2436 -0.5638 -0.7892 0.6122 0.4238
 13 8.6943 -4.1264 -1.1208 0.3334 -0.5600 -0.7584 0.6161 0.4297
charger_material_0.bmp
 13 8.0852 -4.0948 -1.2208 -0.2436 -0.5638 -0.7892 0.6122 0.4238
 13 8.6858 -3.9057 -1.2808 0.3427 -0.3188 -0.8837 0.6181 0.4277
 13 8.6943 -4.1264 -1.1208 0.3334 -0.5600 -0.7584 0.6161 0.4297
charger_material_0.bmp
 13 8.6943 -4.1264 -1.1208 0.3334 -0.5600 -0.7584 0.6161 0.4297
 13 8.6858 -3.9057 -1.2808 0.3427 -0.3188 -0.8837 0.6181 0.4277
 13 9.0985 -3.3579 -1.0608 0.1459 -0.7333 -0.6641 0.6260 0.4297
charger_material_0.bmp
 13 8.6858 -3.9057 -1.2808 0.3427 -0.3188 -0.8837 0.6181 0.4277
 13 9.0382 -3.2044 -1.2808 0.0305 -0.2709 -0.9621 0.6260 0.4277
 13 9.0985 -3.3579 -1.0608 0.1459 -0.7333 -0.6641 0.6260 0.4297
charger_material_0.bmp
 13 9.0985 -3.3579 -1.0608 0.1459 -0.7333 -0.6641 0.6260 0.4297
 13 9.0382 -3.2044 -1.2808 0.0305 -0.2709 -0.9621 0.6260 0.4277
 13 9.5598 -3.5701 -1.3108 -0.1088 -0.5699 -0.8145 0.6280 0.4356
charger_material_0.bmp
 13 9.0382 -3.2044 -1.2808 0.0305 -0.2709 -0.9621 0.6260 0.4277
 13 10.1278 -2.8206 -1.3408 0.2034 -0.1908 -0.9603 0.6378 0.4356
 13 9.5598 -3.5701 -1.3108 -0.1088 -0.5699 -0.8145 0.6280 0.4356
charger_material_0.bmp
 13 9.5598 -3.5701 -1.3108 -0.1088 -0.5699 -0.8145 0.6280 0.4356
 13 10.1278 -2.8206 -1.3408 0.2034 -0.1908 -0.9603 0.6378 0.4356
 13 10.0871 -3.3603 -1.3108 0.5352 -0.3627 -0.7629 0.6319 0.4396
charger_material_0.bmp
 13 10.1278 -2.8206 -1.3408 0.2034 -0.1908 -0.9603 0.6378 0.4356
 13 10.3450 -3.0948 -1.0408 0.5242 -0.4645 -0.7138 0.6378 0.4416
 13 10.0871 -3.3603 -1.3108 0.5352 -0.3627 -0.7629 0.6319 0.4396
charger_material_0.bmp
 13 10.0871 -3.3603 -1.3108 0.5352 -0.3627 -0.7629 0.6319 0.4396
 13 10.3450 -3.0948 -1.0408 0.5242 -0.4645 -0.7138 0.6378 0.4416
 13 10.1017 -3.5500 -1.0908 0.4858 -0.6399 -0.5954 0.6299 0.4416
charger_material_0.bmp
 15 -9.2731 -1.1326 -0.8623 -0.9951 0.0954 0.0244 0.1260 0.4871
 15 -8.9218 0.4049 -0.6823 -0.9774 0.1894 -0.0941 0.1339 0.4594
 15 -9.1468 -1.1692 -1.4723 -0.9873 0.0640 -0.1452 0.1339 0.4931
charger_material_0.bmp
 15 -9.1468 -1.1692 -1.4723 -0.9873 0.0640 -0.1452 0.1339 0.4931
 15 -8.9218 0.4049 -0.6823 -0.9774 0.1894 -0.0941 0.1339 0.4594
 15 -8.7955 0.6002 -1.4023 -0.9774 0.1894 -0.0941 0.1437 0.4634
charger_material_0.bmp
 15 -8.9218 0.4049 -0.6823 -0.9774 0.1894 -0.0941 0.1339 0.4594
 15 -8.6329 1.8497 -0.6422 -0.9845 0.1439 -0.1004 0.1398 0.4356
 15 -8.7955 0.6002 -1.4023 -0.9774 0.1894 -0.0941 0.1437 0.4634
charger_material_0.bmp
 15 -8.7955 0.6002 -1.4023 -0.9774 0.1894 -0.0941 0.1437 0.4634
 15 -8.6329 1.8497 -0.6422 -0.9845 0.1439 -0.1004 0.1398 0.4356
 15 -8.5847 1.8333 -1.4023 -0.9926 0.1173 -0.0316 0.1535 0.4396
charger_material_0.bmp
 15 -8.6329 1.8497 -0.6422 -0.9845 0.1439 -0.1004 0.1398 0.4356
 15 -8.4893 3.0310 -0.6622 -0.9877 0.1543 -0.0239 0.1457 0.4198
 15 -8.5847 1.8333 -1.4023 -0.9926 0.1173 -0.0316 0.1535 0.4396
charger_material_0.bmp
 15 -8.5847 1.8333 -1.4023 -0.9926 0.1173 -0.0316 0.1535 0.4396
 15 -8.4893 3.0310 -0.6622 -0.9877 0.1543 -0.0239 0.1457 0.4198
 15 -8.5191 3.0349 -1.4622 -0.9951 0.0954 0.0244 0.1575 0.4218
charger_material_0.bmp
 15 -8.4893 3.0310 -0.6622 -0.9877 0.1543 -0.0239 0.1457 0.4198
 15 -8.3617 4.2447 -0.6322 -0.9502 0.3059 0.0595 0.1476 0.3980
 15 -8.5191 3.0349 -1.4622 -0.9951 0.0954 0.0244 0.1575 0.4218
charger_material_0.bmp
 15 -8.5191 3.0349 -1.4622 -0.9951 0.0954 0.0244 0.1575 0.4218
 15 -8.3617 4.2447 -0.6322 -0.9502 0.3059 0.0595 0.1476 0.3980
 15 -8.3742 4.2262 -1.4622 -0.9392 0.3432 0.0102 0.1614 0.4000
charger_material_0.bmp
 15 -8.3617 4.2447 -0.6322 -0.9502 0.3059 0.0595 0.1476 0.3980
 15 -7.8217 5.0619 -1.1622 -0.7163 0.6914 -0.0942 0.1575 0.3782
 15 -8.3742 4.2262 -1.4622 -0.9392 0.3432 0.0102 0.1614 0.4000
charger_material_0.bmp
 15 -7.7103 -2.1427 0.9877 -0.0477 -0.3231 0.9452 0.0827 0.4891
 15 -6.7809 -0.3476 1.9277 0.1448 -0.4882 0.8606 0.0728 0.4574
 15 -7.5992 -0.2815 1.8877 -0.2225 -0.4309 0.8745 0.0846 0.4574
charger_material_0.bmp
 15 -7.5992 -0.2815 1.8877 -0.2225 -0.4309 0.8745 0.0846 0.4574
 15 -6.7809 -0.3476 1.9277 0.1448 -0.4882 0.8606 0.0728 0.4574
 15 -7.6269 1.3658 2.9177 -0.2110 0.0583 0.9757 0.0866 0.4317
charger_material_0.bmp
 15 -6.7809 -0.3476 1.9277 0.1448 -0.4882 0.8606 0.0728 0.4574
 15 -6.4589 1.2744 2.8977 0.2920 0.0549 0.9548 0.0748 0.4317
 15 -7.6269 1.3658 2.9177 -0.2110 0.0583 0.9757 0.0866 0.4317
charger_material_0.bmp
 15 -7.6269 1.3658 2.9177 -0.2110 0.0583 0.9757 0.0866 0.4317
 15 -6.4589 1.2744 2.8977 0.2920 0.0549 0.9548 0.0748 0.4317
 15 -6.4892 1.4296 2.7777 0.2788 0.5790 0.7662 0.0748 0.4277
charger_material_0.bmp
 15 -6.4589 1.2744 2.8977 0.2920 0.0549 0.9548 0.0748 0.4317
 15 -5.9830 1.2124 2.5877 0.7114 0.0176 0.7026 0.0610 0.4317
 15 -6.4892 1.4296 2.7777 0.2788 0.5790 0.7662 0.0748 0.4277
charger_material_0.bmp
 15 -6.4892 1.4296 2.7777 0.2788 0.5790 0.7662 0.0748 0.4277
 15 -5.9830 1.2124 2.5877 0.7114 0.0176 0.7026 0.0610 0.4317
 15 -6.0533 1.5241 2.4377 0.4241 0.4969 0.7571 0.0630 0.4277
charger_material_0.bmp
 15 -5.9830 1.2124 2.5877 0.7114 0.0176 0.7026 0.0610 0.4317
 15 -5.5276 2.2322 1.6877 0.7554 0.0650 0.6521 0.0512 0.4218
 15 -6.0533 1.5241 2.4377 0.4241 0.4969 0.7571 0.0630 0.4277
charger_material_0.bmp
 15 -6.0533 1.5241 2.4377 0.4241 0.4969 0.7571 0.0630 0.4277
 15 -5.5276 2.2322 1.6877 0.7554 0.0650 0.6521 0.0512 0.4218
 15 -5.7928 2.2869 1.7777 0.3557 0.2516 0.9001 0.0531 0.4198
charger_material_0.bmp
 15 -5.5276 2.2322 1.6877 0.7554 0.0650 0.6521 0.0512 0.4218
 15 -5.6090 3.3117 1.7677 0.2855 -0.2749 0.9181 0.0492 0.4079
 15 -5.7928 2.2869 1.7777 0.3557 0.2516 0.9001 0.0531 0.4198
charger_material_0.bmp
 15 -8.7523 1.7846 0.4278 -0.9977 0.0510 0.0441 0.1260 0.4317
 15 -8.6354 3.0702 1.5778 -0.8248 0.3305 0.4587 0.1161 0.4119
 15 -8.6691 3.0443 0.4278 -0.9774 0.1894 -0.0941 0.1280 0.4178
charger_material_0.bmp
 15 -8.6691 3.0443 0.4278 -0.9774 0.1894 -0.0941 0.1280 0.4178
 15 -8.6354 3.0702 1.5778 -0.8248 0.3305 0.4587 0.1161 0.4119
 15 -8.1952 4.0516 0.4278 -0.9176 0.3905 0.0738 0.1319 0.3980
charger_material_0.bmp
 15 -8.6354 3.0702 1.5778 -0.8248 0.3305 0.4587 0.1161 0.4119
 15 -8.1981 3.9512 1.7178 -0.8151 0.2091 0.5403 0.1161 0.3980
 15 -8.1952 4.0516 0.4278 -0.9176 0.3905 0.0738 0.1319 0.3980
charger_material_0.bmp
 15 -8.1952 4.0516 0.4278 -0.9176 0.3905 0.0738 0.1319 0.3980
 15 -8.1981 3.9512 1.7178 -0.8151 0.2091 0.5403 0.1161 0.3980
 15 -7.6862 4.8627 1.0178 -0.8291 0.5428 0.1341 0.1220 0.3802
charger_material_0.bmp
 15 -8.1981 3.9512 1.7178 -0.8151 0.2091 0.5403 0.1161 0.3980
 15 -7.8073 4.4751 2.5578 -0.7643 0.0686 0.6413 0.1083 0.3861
 15 -7.6862 4.8627 1.0178 -0.8291 0.5428 0.1341 0.1220 0.3802
charger_material_0.bmp
 15 -7.6862 4.8627 1.0178 -0.8291 0.5428 0.1341 0.1220 0.3802
 15 -7.8073 4.4751 2.5578 -0.7643 0.0686 0.6413 0.1083 0.3861
 15 -7.1786 5.4320 1.1678 -0.4064 0.8852 0.2266 0.1201 0.3723
charger_material_0.bmp
 15 -7.8073 4.4751 2.5578 -0.7643 0.0686 0.6413 0.1083 0.3861
 15 -7.2236 4.8529 2.8578 -0.2942 0.3784 0.8777 0.1043 0.3782
 15 -7.1786 5.4320 1.1678 -0.4064 0.8852 0.2266 0.1201 0.3723
charger_material_0.bmp
 15 -7.1786 5.4320 1.1678 -0.4064 0.8852 0.2266 0.1201 0.3723
 15 -7.2236 4.8529 2.8578 -0.2942 0.3784 0.8777 0.1043 0.3782
 15 -6.3312 4.9688 2.8877 -0.0162 0.7745 0.6324 0.1004 0.3663
charger_material_0.bmp
 15 -7.2236 4.8529 2.8578 -0.2942 0.3784 0.8777 0.1043 0.3782
 15 -6.4850 4.7165 2.8777 -0.0266 -0.0323 0.9991 0.0965 0.3703
 15 -6.3312 4.9688 2.8877 -0.0162 0.7745 0.6324 0.1004 0.3663
charger_material_0.bmp
 14 -7.1358 0.7750 6.1670 -0.2910 -0.9322 -0.2153 0.2874 0.0792
 15 -7.1840 1.1267 4.6277 -0.2123 -0.9510 -0.2249 0.2874 0.0594
 14 -6.2830 0.8235 6.1553 0.3075 -0.9176 -0.2519 0.2953 0.0792
charger_material_0.bmp
 14 -6.2830 0.8235 6.1553 0.3075 -0.9176 -0.2519 0.2953 0.0792
 15 -7.1840 1.1267 4.6277 -0.2123 -0.9510 -0.2249 0.2874 0.0594
 15 -6.3623 1.2416 4.6077 0.4615 -0.8601 -0.2176 0.2953 0.0594
charger_material_0.bmp
 15 -7.1840 1.1267 4.6277 -0.2123 -0.9510 -0.2249 0.2874 0.0594
 15 -6.4603 1.4964 3.3477 0.3828 -0.9219 -0.0600 0.2953 0.0416
 15 -6.3623 1.2416 4.6077 0.4615 -0.8601 -0.2176 0.2953 0.0594
charger_material_0.bmp
 15 -6.3623 1.2416 4.6077 0.4615 -0.8601 -0.2176 0.2953 0.0594
 15 -6.4603 1.4964 3.3477 0.3828 -0.9219 -0.0600 0.2953 0.0416
 15 -5.6835 1.8088 4.5977 0.8344 -0.5271 -0.1609 0.3031 0.0574
charger_material_0.bmp
 15 -6.4603 1.4964 3.3477 0.3828 -0.9219 -0.0600 0.2953 0.0416
 15 -5.7918 1.9842 3.2977 0.8952 -0.4434 -0.0440 0.3031 0.0396
 15 -5.6835 1.8088 4.5977 0.8344 -0.5271 -0.1609 0.3031 0.0574
charger_material_0.bmp
 15 -5.6835 1.8088 4.5977 0.8344 -0.5271 -0.1609 0.3031 0.0574
 15 -5.7918 1.9842 3.2977 0.8952 -0.4434 -0.0440 0.3031 0.0396
 15 -5.5608 2.5189 4.5777 0.9887 -0.0820 -0.1257 0.3110 0.0554
charger_material_0.bmp
 15 -5.7918 1.9842 3.2977 0.8952 -0.4434 -0.0440 0.3031 0.0396
 15 -5.6510 2.6012 3.3077 0.9948 -0.0866 -0.0537 0.3110 0.0376
 15 -5.5608 2.5189 4.5777 0.9887 -0.0820 -0.1257 0.3110 0.0554
charger_material_0.bmp
 15 -5.5608 2.5189 4.5777 0.9887 -0.0820 -0.1257 0.3110 0.0554
 15 -5.6510 2.6012 3.3077 0.9948 -0.0866 -0.0537 0.3110 0.0376
 15 -5.6171 3.1716 4.5677 0.9954 0.0358 -0.0891 0.3169 0.0554
charger_material_0.bmp
 15 -5.6510 2.6012 3.3077 0.9948 -0.0866 -0.0537 0.3110 0.0376
 15 -5.6430 3.2052 3.2977 0.9987 -0.0466 -0.0188 0.3169 0.0376
 15 -5.6171 3.1716 4.5677 0.9954 0.0358 -0.0891 0.3169 0.0554
charger_material_0.bmp
 12 7.9087 -2.6614 1.1977 0.2732 -0.4814 0.8328 0.7500 0.4356
 12 6.5716 -2.9262 1.3577 0.2405 -0.4524 0.8588 0.7343 0.4495
 13 7.3110 -3.5703 0.9892 0.2320 -0.5972 0.7679 0.7343 0.4356
charger_material_0.bmp
 13 7.3110 -3.5703 0.9892 0.2320 -0.5972 0.7679 0.7343 0.4356
 12 6.5716 -2.9262 1.3577 0.2405 -0.4524 0.8588 0.7343 0.4495
 13 6.7005 -3.5287 0.9392 0.1394 -0.6754 0.7242 0.7283 0.4436
charger_material_0.bmp
 12 6.5716 -2.9262 1.3577 0.2405 -0.4524 0.8588 0.7343 0.4495
 13 6.2546 -3.8993 0.9792 0.4982 -0.5503 0.6700 0.7224 0.4455
 13 6.7005 -3.5287 0.9392 0.1394 -0.6754 0.7242 0.7283 0.4436
charger_material_0.bmp
 13 6.7005 -3.5287 0.9392 0.1394 -0.6754 0.7242 0.7283 0.4436
 13 6.2546 -3.8993 0.9792 0.4982 -0.5503 0.6700 0.7224 0.4455
 13 6.5896 -3.9162 0.4092 0.1822 -0.7664 0.6160 0.7205 0.4376
charger_material_0.bmp
 13 6.2546 -3.8993 0.9792 0.4982 -0.5503 0.6700 0.7224 0.4455
 13 5.9970 -4.7093 0.2392 0.5998 -0.7224 0.3441 0.7067 0.4436
 13 6.5896 -3.9162 0.4092 0.1822 -0.7664 0.6160 0.7205 0.4376
charger_material_0.bmp
 13 6.5896 -3.9162 0.4092 0.1822 -0.7664 0.6160 0.7205 0.4376
 13 5.9970 -4.7093 0.2392 0.5998 -0.7224 0.3441 0.7067 0.4436
 13 6.4783 -4.2232 -0.2008 -0.0762 -0.8566 0.5104 0.7106 0.4337
charger_material_0.bmp
 13 5.9970 -4.7093 0.2392 0.5998 -0.7224 0.3441 0.7067 0.4436
 13 6.0314 -4.8965 -0.2508 0.6521 -0.7573 -0.0361 0.7008 0.4396
 13 6.4783 -4.2232 -0.2008 -0.0762 -0.8566 0.5104 0.7106 0.4337
charger_material_0.bmp
 13 6.4783 -4.2232 -0.2008 -0.0762 -0.8566 0.5104 0.7106 0.4337
 13 6.0314 -4.8965 -0.2508 0.6521 -0.7573 -0.0361 0.7008 0.4396
 13 6.3727 -4.1865 -0.6708 -0.2637 -0.9608 -0.0860 0.7028 0.4297
charger_material_0.bmp
 13 6.0314 -4.8965 -0.2508 0.6521 -0.7573 -0.0361 0.7008 0.4396
 13 5.8995 -4.8128 -0.6508 0.4497 -0.8510 -0.2713 0.6969 0.4376
 13 6.3727 -4.1865 -0.6708 -0.2637 -0.9608 -0.0860 0.7028 0.4297
charger_material_0.bmp
 13 4.1741 -3.5650 -0.5008 -0.5323 0.0331 -0.8459 0.5906 0.3723
 13 4.3905 -2.4376 -0.4508 -0.5854 -0.0030 -0.8108 0.6043 0.3683
 13 5.2937 -3.7218 -1.1508 -0.2278 -0.1879 -0.9554 0.5984 0.3881
charger_material_0.bmp
 13 5.2937 -3.7218 -1.1508 -0.2278 -0.1879 -0.9554 0.5984 0.3881
 13 4.3905 -2.4376 -0.4508 -0.5854 -0.0030 -0.8108 0.6043 0.3683
 13 5.4692 -2.3578 -1.2308 -0.2708 -0.0227 -0.9624 0.6142 0.3822
charger_material_0.bmp
 13 4.3905 -2.4376 -0.4508 -0.5854 -0.0030 -0.8108 0.6043 0.3683
 13 5.3243 -0.9346 -1.2208 -0.4265 0.0384 -0.9037 0.6260 0.3723
 13 5.4692 -2.3578 -1.2308 -0.2708 -0.0227 -0.9624 0.6142 0.3822
charger_material_0.bmp
 13 5.4692 -2.3578 -1.2308 -0.2708 -0.0227 -0.9624 0.6142 0.3822
 13 5.3243 -0.9346 -1.2208 -0.4265 0.0384 -0.9037 0.6260 0.3723
 13 7.7309 -0.9845 -1.3908 -0.0600 0.0093 -0.9982 0.6417 0.3980
charger_material_0.bmp
 13 5.3243 -0.9346 -1.2208 -0.4265 0.0384 -0.9037 0.6260 0.3723
 12 5.8445 0.5692 -1.2723 -0.3734 0.0897 -0.9233 0.6437 0.3683
 13 7.7309 -0.9845 -1.3908 -0.0600 0.0093 -0.9982 0.6417 0.3980
charger_material_0.bmp
 13 7.7309 -0.9845 -1.3908 -0.0600 0.0093 -0.9982 0.6417 0.3980
 12 5.8445 0.5692 -1.2723 -0.3734 0.0897 -0.9233 0.6437 0.3683
 12 8.0058 0.6992 -1.4123 -0.0673 -0.0024 -0.9977 0.6594 0.3901
charger_material_0.bmp
 12 5.8445 0.5692 -1.2723 -0.3734 0.0897 -0.9233 0.6437 0.3683
 12 6.0890 3.2633 -1.2923 -0.3812 -0.0284 -0.9240 0.6732 0.3545
 12 8.0058 0.6992 -1.4123 -0.0673 -0.0024 -0.9977 0.6594 0.3901
charger_material_0.bmp
 12 8.0058 0.6992 -1.4123 -0.0673 -0.0024 -0.9977 0.6594 0.3901
 12 6.0890 3.2633 -1.2923 -0.3812 -0.0284 -0.9240 0.6732 0.3545
 12 7.7622 3.2692 -1.4023 -0.0673 -0.0024 -0.9977 0.6850 0.3703
charger_material_0.bmp
 12 6.0890 3.2633 -1.2923 -0.3812 -0.0284 -0.9240 0.6732 0.3545
 12 7.5049 5.0913 -1.3823 -0.0715 0.0486 -0.9963 0.7028 0.3564
 12 7.7622 3.2692 -1.4023 -0.0673 -0.0024 -0.9977 0.6850 0.3703
charger_material_0.bmp
 14 -9.4809 -0.7631 5.8617 0.2316 -0.0703 -0.9703 0.8799 0.7109
 14 -7.1358 0.7750 6.1670 0.0320 0.0681 -0.9972 0.8976 0.6871
 14 -7.8064 -1.5796 5.9829 0.0320 0.0681 -0.9972 0.8937 0.7129
charger_material_0.bmp
 14 -7.8064 -1.5796 5.9829 0.0320 0.0681 -0.9972 0.8937 0.7129
 14 -7.1358 0.7750 6.1670 0.0320 0.0681 -0.9972 0.8976 0.6871
 14 -6.0261 -0.9223 5.9802 -0.0519 0.0885 -0.9947 0.9114 0.7089
charger_material_0.bmp
 14 -7.1358 0.7750 6.1670 0.0320 0.0681 -0.9972 0.8976 0.6871
 14 -6.2830 0.8235 6.1553 -0.0519 0.0885 -0.9947 0.9154 0.6891
 14 -6.0261 -0.9223 5.9802 -0.0519 0.0885 -0.9947 0.9114 0.7089
charger_material_0.bmp
 14 -6.0261 -0.9223 5.9802 -0.0519 0.0885 -0.9947 0.9114 0.7089
 14 -6.2830 0.8235 6.1553 -0.0519 0.0885 -0.9947 0.9154 0.6891
 14 -4.5493 0.0771 5.9356 -0.1013 0.0663 -0.9926 0.9272 0.7089
charger_material_0.bmp
 14 -6.2830 0.8235 6.1553 -0.0519 0.0885 -0.9947 0.9154 0.6891
 14 -5.5484 1.6004 6.1317 -0.1111 0.0269 -0.9934 0.9350 0.6891
 14 -4.5493 0.0771 5.9356 -0.1013 0.0663 -0.9926 0.9272 0.7089
charger_material_0.bmp
 14 -4.5493 0.0771 5.9356 -0.1013 0.0663 -0.9926 0.9272 0.7089
 14 -5.5484 1.6004 6.1317 -0.1111 0.0269 -0.9934 0.9350 0.6891
 14 -3.5435 1.3565 5.8875 -0.1218 -0.0107 -0.9925 0.9449 0.7069
charger_material_0.bmp
 14 -5.5484 1.6004 6.1317 -0.1111 0.0269 -0.9934 0.9350 0.6891
 14 -5.3396 2.2889 6.0748 -0.1267 -0.0534 -0.9905 0.9469 0.6891
 14 -3.5435 1.3565 5.8875 -0.1218 -0.0107 -0.9925 0.9449 0.7069
charger_material_0.bmp
 14 -3.5435 1.3565 5.8875 -0.1218 -0.0107 -0.9925 0.9449 0.7069
 14 -5.3396 2.2889 6.0748 -0.1267 -0.0534 -0.9905 0.9469 0.6891
 14 -3.3659 2.6651 5.7875 -0.1267 -0.0534 -0.9905 0.9567 0.7050
charger_material_0.bmp
 14 -5.3396 2.2889 6.0748 -0.1267 -0.0534 -0.9905 0.9469 0.6891
 14 -5.3324 2.9411 6.0118 -0.1267 -0.0534 -0.9905 0.9567 0.6911
 14 -3.3659 2.6651 5.7875 -0.1267 -0.0534 -0.9905 0.9567 0.7050
charger_material_0.bmp
 10 9.7546 2.6372 25.7704 0.9358 0.3495 0.0458 0.8602 0.2594
 10 8.2850 4.7786 25.1564 0.6629 0.7487 -0.0071 0.8898 0.2554
 10 7.9933 5.0670 28.1891 0.6629 0.7487 -0.0071 0.8878 0.2891
charger_material_0.bmp
 10 7.9933 5.0670 28.1891 0.6629 0.7487 -0.0071 0.8878 0.2891
 10 8.2850 4.7786 25.1564 0.6629 0.7487 -0.0071 0.8898 0.2554
 10 5.6628 6.1416 27.3810 0.2902 0.9557 -0.0503 0.9173 0.2832
charger_material_0.bmp
 10 8.2850 4.7786 25.1564 0.6629 0.7487 -0.0071 0.8898 0.2554
 10 6.3614 5.8440 24.6186 0.2257 0.9707 -0.0823 0.9154 0.2515
 10 5.6628 6.1416 27.3810 0.2902 0.9557 -0.0503 0.9173 0.2832
charger_material_0.bmp
 10 5.6628 6.1416 27.3810 0.2902 0.9557 -0.0503 0.9173 0.2832
 10 6.3614 5.8440 24.6186 0.2257 0.9707 -0.0823 0.9154 0.2515
 10 3.7349 5.9240 26.7362 -0.3303 0.9282 -0.1715 0.9409 0.2772
charger_material_0.bmp
 10 6.3614 5.8440 24.6186 0.2257 0.9707 -0.0823 0.9154 0.2515
 10 4.2893 5.6977 24.2267 -0.3303 0.9282 -0.1715 0.9409 0.2495
 10 3.7349 5.9240 26.7362 -0.3303 0.9282 -0.1715 0.9409 0.2772
charger_material_0.bmp
 10 3.7349 5.9240 26.7362 -0.3303 0.9282 -0.1715 0.9409 0.2772
 10 4.2893 5.6977 24.2267 -0.3303 0.9282 -0.1715 0.9409 0.2495
 10 2.1317 4.5736 26.1135 -0.7637 0.6173 -0.1891 0.9665 0.2713
charger_material_0.bmp
 10 4.2893 5.6977 24.2267 -0.3303 0.9282 -0.1715 0.9409 0.2495
 10 2.5670 4.3827 23.9124 -0.7366 0.6421 -0.2124 0.9665 0.2475
 10 2.1317 4.5736 26.1135 -0.7637 0.6173 -0.1891 0.9665 0.2713
charger_material_0.bmp
 10 2.1317 4.5736 26.1135 -0.7637 0.6173 -0.1891 0.9665 0.2713
 10 2.5670 4.3827 23.9124 -0.7366 0.6421 -0.2124 0.9665 0.2475
 10 1.2557 2.4955 25.6984 -0.8947 0.4184 -0.1563 0.9921 0.2634
charger_material_0.bmp
 10 2.5670 4.3827 23.9124 -0.7366 0.6421 -0.2124 0.9665 0.2475
 10 1.5498 2.4532 23.7139 -0.8717 0.4518 -0.1898 0.9921 0.2436
 10 1.2557 2.4955 25.6984 -0.8947 0.4184 -0.1563 0.9921 0.2634
charger_material_0.bmp
  9 -9.7023 0.6245 21.7585 -0.9738 -0.2245 0.0355 0.8642 0.8851
  9 -8.9531 -1.0867 21.9096 -0.7249 -0.6887 0.0130 0.8799 0.8871
  9 -9.4080 0.7389 24.5029 -0.9806 -0.1824 0.0722 0.8661 0.9109
charger_material_0.bmp
  9 -9.4080 0.7389 24.5029 -0.9806 -0.1824 0.0722 0.8661 0.9109
  9 -8.9531 -1.0867 21.9096 -0.7249 -0.6887 0.0130 0.8799 0.8871
  9 -8.7069 -1.0682 24.4648 -0.7063 -0.7062 0.0483 0.8839 0.9109
charger_material_0.bmp
  9 -8.9531 -1.0867 21.9096 -0.7249 -0.6887 0.0130 0.8799 0.8871
  9 -7.0869 -1.9766 24.2175 -0.2724 -0.9620 -0.0199 0.9016 0.9089
  9 -8.7069 -1.0682 24.4648 -0.7063 -0.7062 0.0483 0.8839 0.9109
charger_material_0.bmp
  9 -8.7069 -1.0682 24.4648 -0.7063 -0.7062 0.0483 0.8839 0.9109
  9 -7.0869 -1.9766 24.2175 -0.2724 -0.9620 -0.0199 0.9016 0.9089
  9 -6.9780 -2.0256 26.8111 -0.2724 -0.9620 -0.0199 0.9055 0.9347
charger_material_0.bmp
  9 -7.0869 -1.9766 24.2175 -0.2724 -0.9620 -0.0199 0.9016 0.9089
  9 -5.0595 -2.0051 26.3795 0.2800 -0.9593 -0.0377 0.9232 0.9327
  9 -6.9780 -2.0256 26.8111 -0.2724 -0.9620 -0.0199 0.9055 0.9347
charger_material_0.bmp
  9 -6.9780 -2.0256 26.8111 -0.2724 -0.9620 -0.0199 0.9055 0.9347
  9 -5.0595 -2.0051 26.3795 0.2800 -0.9593 -0.0377 0.9232 0.9327
  9 -4.9268 -2.1349 28.4737 0.2576 -0.9401 -0.2234 0.9291 0.9584
charger_material_0.bmp
  9 -5.0595 -2.0051 26.3795 0.2800 -0.9593 -0.0377 0.9232 0.9327
  9 -3.1721 -0.8786 27.9461 0.7680 -0.5987 -0.2273 0.9488 0.9505
  9 -4.9268 -2.1349 28.4737 0.2576 -0.9401 -0.2234 0.9291 0.9584
charger_material_0.bmp
  9 -4.9268 -2.1349 28.4737 0.2576 -0.9401 -0.2234 0.9291 0.9584
  9 -3.1721 -0.8786 27.9461 0.7680 -0.5987 -0.2273 0.9488 0.9505
  9 -2.8210 -1.0993 29.0399 0.6015 -0.7318 -0.3204 0.9547 0.9663
charger_material_0.bmp
  9 -3.1721 -0.8786 27.9461 0.7680 -0.5987 -0.2273 0.9488 0.9505
  9 -1.8438 0.6807 28.4409 0.8489 -0.3827 -0.3645 0.9724 0.9545
  9 -2.8210 -1.0993 29.0399 0.6015 -0.7318 -0.3204 0.9547 0.9663
charger_material_0.bmp
 10 2.1364 -2.3207 25.9727 -0.7894 -0.6122 0.0455 0.7165 0.2673
 10 2.0219 -2.4257 24.0663 -0.8240 -0.5656 -0.0342 0.7146 0.2475
 10 3.7898 -3.9036 24.4622 -0.4556 -0.8875 0.0689 0.7382 0.2495
charger_material_0.bmp
 10 3.7898 -3.9036 24.4622 -0.4556 -0.8875 0.0689 0.7382 0.2495
 10 2.0219 -2.4257 24.0663 -0.8240 -0.5656 -0.0342 0.7146 0.2475
 10 4.0939 -3.9899 21.9381 -0.4367 -0.8989 -0.0365 0.7382 0.2257
charger_material_0.bmp
 10 2.0219 -2.4257 24.0663 -0.8240 -0.5656 -0.0342 0.7146 0.2475
 10 2.3343 -2.3619 21.6617 -0.8384 -0.5249 -0.1465 0.7126 0.2257
 10 4.0939 -3.9899 21.9381 -0.4367 -0.8989 -0.0365 0.7382 0.2257
charger_material_0.bmp
 10 4.0939 -3.9899 21.9381 -0.4367 -0.8989 -0.0365 0.7382 0.2257
 10 2.3343 -2.3619 21.6617 -0.8384 -0.5249 -0.1465 0.7126 0.2257
 11 4.5145 -3.9414 19.0087 -0.4488 -0.8856 -0.1200 0.7382 0.2040
charger_material_0.bmp
 10 2.3343 -2.3619 21.6617 -0.8384 -0.5249 -0.1465 0.7126 0.2257
 11 2.8558 -2.1730 18.8286 -0.8471 -0.4856 -0.2160 0.7126 0.2040
 11 4.5145 -3.9414 19.0087 -0.4488 -0.8856 -0.1200 0.7382 0.2040
charger_material_0.bmp
 11 4.5145 -3.9414 19.0087 -0.4488 -0.8856 -0.1200 0.7382 0.2040
 11 2.8558 -2.1730 18.8286 -0.8471 -0.4856 -0.2160 0.7126 0.2040
 11 4.7160 -3.7372 17.2515 -0.5299 -0.8216 -0.2100 0.7382 0.1861
charger_material_0.bmp
 11 2.8558 -2.1730 18.8286 -0.8471 -0.4856 -0.2160 0.7126 0.2040
 11 3.2213 -1.8768 17.2494 -0.8506 -0.4477 -0.2758 0.7106 0.1861
 11 4.7160 -3.7372 17.2515 -0.5299 -0.8216 -0.2100 0.7382 0.1861
charger_material_0.bmp
 11 4.7160 -3.7372 17.2515 -0.5299 -0.8216 -0.2100 0.7382 0.1861
 11 3.2213 -1.8768 17.2494 -0.8506 -0.4477 -0.2758 0.7106 0.1861
 11 4.9071 -3.2603 15.4860 -0.5847 -0.7563 -0.2935 0.7362 0.1663
charger_material_0.bmp
 11 3.2213 -1.8768 17.2494 -0.8506 -0.4477 -0.2758 0.7106 0.1861
 11 3.5933 -1.5214 15.5970 -0.8708 -0.4098 -0.2717 0.7106 0.1663
 11 4.9071 -3.2603 15.4860 -0.5847 -0.7563 -0.2935 0.7362 0.1663
charger_material_0.bmp
 15 -7.2410 3.8670 -1.6423 -0.0271 0.1802 -0.9833 0.3583 0.9406
 15 -6.6982 2.3039 -1.5023 0.0966 -0.1052 -0.9898 0.3386 0.9525
 15 -7.6903 2.5842 -1.6323 -0.0728 -0.0639 -0.9953 0.3425 0.9366
charger_material_0.bmp
 15 -7.6903 2.5842 -1.6323 -0.0728 -0.0639 -0.9953 0.3425 0.9366
 15 -6.6982 2.3039 -1.5023 0.0966 -0.1052 -0.9898 0.3386 0.9525
 15 -7.7917 1.6495 -1.4723 -0.0330 -0.0349 -0.9988 0.3287 0.9366
charger_material_0.bmp
 15 -6.6982 2.3039 -1.5023 0.0966 -0.1052 -0.9898 0.3386 0.9525
 15 -6.7810 1.1247 -1.3923 0.1282 0.0177 -0.9916 0.3209 0.9525
 15 -7.7917 1.6495 -1.4723 -0.0330 -0.0349 -0.9988 0.3287 0.9366
charger_material_0.bmp
 15 -7.7917 1.6495 -1.4723 -0.0330 -0.0349 -0.9988 0.3287 0.9366
 15 -6.7810 1.1247 -1.3923 0.1282 0.0177 -0.9916 0.3209 0.9525
 15 -7.9154 0.0017 -1.6023 -0.0532 0.0676 -0.9963 0.3031 0.9366
charger_material_0.bmp
 15 -6.7810 1.1247 -1.3923 0.1282 0.0177 -0.9916 0.3209 0.9525
 15 -6.7315 -0.1221 -1.5823 0.1172 0.0820 -0.9897 0.3031 0.9545
 15 -7.9154 0.0017 -1.6023 -0.0532 0.0676 -0.9963 0.3031 0.9366
charger_material_0.bmp
 15 -7.9154 0.0017 -1.6023 -0.0532 0.0676 -0.9963 0.3031 0.9366
 15 -6.7315 -0.1221 -1.5823 0.1172 0.0820 -0.9897 0.3031 0.9545
 15 -8.2097 -1.7954 -1.6023 -0.0728 -0.0639 -0.9953 0.2776 0.9347
charger_material_0.bmp
 15 -6.7315 -0.1221 -1.5823 0.1172 0.0820 -0.9897 0.3031 0.9545
 15 -6.3437 -1.9474 -1.5723 0.1406 -0.0300 -0.9896 0.2756 0.9624
 15 -8.2097 -1.7954 -1.6023 -0.0728 -0.0639 -0.9953 0.2776 0.9347
charger_material_0.bmp
 15 -8.2097 -1.7954 -1.6023 -0.0728 -0.0639 -0.9953 0.2776 0.9347
 15 -6.3437 -1.9474 -1.5723 0.1406 -0.0300 -0.9896 0.2756 0.9624
 16 -6.5904 -3.0691 -1.4708 0.0902 -0.1942 -0.9768 0.2598 0.9604
charger_material_0.bmp
 13 5.8995 -4.8128 -0.6508 0.2538 -0.3775 -0.8906 0.5866 0.4000
 13 5.2937 -3.7218 -1.1508 -0.2278 -0.1879 -0.9554 0.5984 0.3881
 13 6.3727 -4.1865 -0.6708 -0.4734 -0.3979 -0.7858 0.5965 0.4040
charger_material_0.bmp
 13 6.3727 -4.1865 -0.6708 -0.4734 -0.3979 -0.7858 0.5965 0.4040
 13 5.2937 -3.7218 -1.1508 -0.2278 -0.1879 -0.9554 0.5984 0.3881
 13 6.3866 -3.7510 -1.1608 -0.1923 -0.2516 -0.9485 0.6043 0.4020
charger_material_0.bmp
 13 5.2937 -3.7218 -1.1508 -0.2278 -0.1879 -0.9554 0.5984 0.3881
 13 5.4692 -2.3578 -1.2308 -0.2708 -0.0227 -0.9624 0.6142 0.3822
 13 6.3866 -3.7510 -1.1608 -0.1923 -0.2516 -0.9485 0.6043 0.4020
charger_material_0.bmp
 13 6.3866 -3.7510 -1.1608 -0.1923 -0.2516 -0.9485 0.6043 0.4020
 13 5.4692 -2.3578 -1.2308 -0.2708 -0.0227 -0.9624 0.6142 0.3822
 13 7.8094 -2.2852 -1.5108 -0.0286 -0.0896 -0.9956 0.6280 0.4079
charger_material_0.bmp
 13 5.4692 -2.3578 -1.2308 -0.2708 -0.0227 -0.9624 0.6142 0.3822
 13 7.7309 -0.9845 -1.3908 -0.0600 0.0093 -0.9982 0.6417 0.3980
 13 7.8094 -2.2852 -1.5108 -0.0286 -0.0896 -0.9956 0.6280 0.4079
charger_material_0.bmp
 13 7.8094 -2.2852 -1.5108 -0.0286 -0.0896 -0.9956 0.6280 0.4079
 13 7.7309 -0.9845 -1.3908 -0.0600 0.0093 -0.9982 0.6417 0.3980
 13 10.1314 -2.3058 -1.4108 0.0344 -0.1138 -0.9929 0.6437 0.4317
charger_material_0.bmp
 13 7.7309 -0.9845 -1.3908 -0.0600 0.0093 -0.9982 0.6417 0.3980
 13 10.2556 -1.0896 -1.5608 0.0679 -0.0484 -0.9965 0.6575 0.4238
 13 10.1314 -2.3058 -1.4108 0.0344 -0.1138 -0.9929 0.6437 0.4317
charger_material_0.bmp
 13 10.1314 -2.3058 -1.4108 0.0344 -0.1138 -0.9929 0.6437 0.4317
 13 10.2556 -1.0896 -1.5608 0.0679 -0.0484 -0.9965 0.6575 0.4238
 13 10.6897 -2.3340 -1.3808 0.2210 -0.1560 -0.9627 0.6476 0.4376
charger_material_0.bmp
 13 10.3120 -2.6857 -0.2308 0.4706 -0.5114 0.7190 0.7638 0.4000
 13 10.1276 -2.2761 0.1192 0.4557 -0.3731 0.8082 0.7677 0.4059
 13 9.6519 -2.6506 0.3392 0.4241 -0.3681 0.8274 0.7618 0.4119
charger_material_0.bmp
 13 9.6519 -2.6506 0.3392 0.4241 -0.3681 0.8274 0.7618 0.4119
 13 10.1276 -2.2761 0.1192 0.4557 -0.3731 0.8082 0.7677 0.4059
 13 9.3572 -2.0133 0.7792 0.5032 -0.4929 0.7098 0.7677 0.4198
charger_material_0.bmp
 13 10.1276 -2.2761 0.1192 0.4557 -0.3731 0.8082 0.7677 0.4059
 13 10.7474 -1.2273 0.1692 0.6641 -0.2338 0.7102 0.7854 0.4040
 13 9.3572 -2.0133 0.7792 0.5032 -0.4929 0.7098 0.7677 0.4198
charger_material_0.bmp
 13 9.3572 -2.0133 0.7792 0.5032 -0.4929 0.7098 0.7677 0.4198
 13 10.7474 -1.2273 0.1692 0.6641 -0.2338 0.7102 0.7854 0.4040
 12 10.4975 -0.2372 1.0876 0.8256 -0.3976 0.4004 0.7972 0.4158
charger_material_0.bmp
 13 10.7474 -1.2273 0.1692 0.6641 -0.2338 0.7102 0.7854 0.4040
 12 11.1485 1.0375 0.1876 0.9640 0.0105 0.2659 0.8130 0.4000
 12 10.4975 -0.2372 1.0876 0.8256 -0.3976 0.4004 0.7972 0.4158
charger_material_0.bmp
 12 10.4975 -0.2372 1.0876 0.8256 -0.3976 0.4004 0.7972 0.4158
 12 11.1485 1.0375 0.1876 0.9640 0.0105 0.2659 0.8130 0.4000
 12 10.7039 1.8973 2.5976 0.9776 -0.2015 0.0610 0.8287 0.4297
charger_material_0.bmp
 12 11.1485 1.0375 0.1876 0.9640 0.0105 0.2659 0.8130 0.4000
 12 10.6250 3.5106 0.2176 0.9746 0.2192 -0.0454 0.8465 0.3941
 12 10.7039 1.8973 2.5976 0.9776 -0.2015 0.0610 0.8287 0.4297
charger_material_0.bmp
 12 10.7039 1.8973 2.5976 0.9776 -0.2015 0.0610 0.8287 0.4297
 12 10.6250 3.5106 0.2176 0.9746 0.2192 -0.0454 0.8465 0.3941
 12 10.6013 3.5378 1.5376 0.9601 0.1866 -0.2085 0.8484 0.4119
charger_material_0.bmp
 12 5.8135 5.7687 2.5477 -0.8647 0.4897 0.1119 0.9469 0.4178
 12 6.7792 7.1045 2.4777 -0.4778 0.8407 0.2549 0.9252 0.4139
 12 5.4140 6.5134 0.6877 -0.8584 0.4863 0.1631 0.9429 0.3921
charger_material_0.bmp
 12 5.8135 5.7687 2.5477 -0.8647 0.4897 0.1119 0.9469 0.4178
 12 7.1672 6.6810 5.0677 -0.5019 0.8619 0.0718 0.9213 0.4495
 12 6.7792 7.1045 2.4777 -0.4778 0.8407 0.2549 0.9252 0.4139
charger_material_0.bmp
 12 5.8135 5.7687 2.5477 -0.8647 0.4897 0.1119 0.9469 0.4178
 12 5.6475 5.4950 4.8477 -0.7027 0.7100 -0.0463 0.9469 0.4495
 12 7.1672 6.6810 5.0677 -0.5019 0.8619 0.0718 0.9213 0.4495
charger_material_0.bmp
 12 5.8135 5.7687 2.5477 -0.8647 0.4897 0.1119 0.9469 0.4178
 12 5.1035 4.6376 4.4777 -0.9174 0.3980 -0.0038 0.9606 0.4455
 12 5.6475 5.4950 4.8477 -0.7027 0.7100 -0.0463 0.9469 0.4495
charger_material_0.bmp
 12 5.8135 5.7687 2.5477 -0.8647 0.4897 0.1119 0.9469 0.4178
 12 4.8995 4.2682 3.0478 -0.9195 0.3892 -0.0557 0.9685 0.4277
 12 5.1035 4.6376 4.4777 -0.9174 0.3980 -0.0038 0.9606 0.4455
charger_material_0.bmp
 12 5.8135 5.7687 2.5477 -0.8647 0.4897 0.1119 0.9469 0.4178
 12 5.1174 3.6008 1.1277 -0.9678 0.2513 -0.0111 0.9783 0.4020
 12 4.8995 4.2682 3.0478 -0.9195 0.3892 -0.0557 0.9685 0.4277
charger_material_0.bmp
 12 5.8135 5.7687 2.5477 -0.8647 0.4897 0.1119 0.9469 0.4178
 12 5.2803 4.9833 0.8877 -0.9774 0.1023 0.1850 0.9606 0.3960
 12 5.1174 3.6008 1.1277 -0.9678 0.2513 -0.0111 0.9783 0.4020
charger_material_0.bmp
 12 5.8135 5.7687 2.5477 -0.8647 0.4897 0.1119 0.9469 0.4178
 12 5.4140 6.5134 0.6877 -0.8584 0.4863 0.1631 0.9429 0.3921
 12 5.2803 4.9833 0.8877 -0.9774 0.1023 0.1850 0.9606 0.3960
charger_material_0.bmp
 14 -5.9084 4.9577 19.2373 0.0585 0.9947 -0.0840 0.7992 0.8653
  9 -5.6509 5.0777 21.4716 -0.0206 0.9910 -0.1326 0.7992 0.8871
 14 -4.5664 4.5694 19.1073 0.4051 0.8990 -0.1666 0.7835 0.8653
charger_material_0.bmp
 14 -4.5664 4.5694 19.1073 0.4051 0.8990 -0.1666 0.7835 0.8653
  9 -5.6509 5.0777 21.4716 -0.0206 0.9910 -0.1326 0.7992 0.8871
  9 -4.0809 4.9176 21.2987 0.3340 0.9073 -0.2555 0.7815 0.8871
charger_material_0.bmp
  9 -5.6509 5.0777 21.4716 -0.0206 0.9910 -0.1326 0.7992 0.8871
  9 -5.2791 5.6882 24.2689 -0.0493 0.9733 -0.2243 0.7972 0.9168
  9 -4.0809 4.9176 21.2987 0.3340 0.9073 -0.2555 0.7815 0.8871
charger_material_0.bmp
  9 -4.0809 4.9176 21.2987 0.3340 0.9073 -0.2555 0.7815 0.8871
  9 -5.2791 5.6882 24.2689 -0.0493 0.9733 -0.2243 0.7972 0.9168
  9 -3.4267 5.4125 23.8980 0.3340 0.9073 -0.2555 0.7776 0.9149
charger_material_0.bmp
  9 -5.2791 5.6882 24.2689 -0.0493 0.9733 -0.2243 0.7972 0.9168
  9 -2.6466 6.0012 26.6592 0.2978 0.9225 -0.2455 0.7736 0.9446
  9 -3.4267 5.4125 23.8980 0.3340 0.9073 -0.2555 0.7776 0.9149
charger_material_0.bmp
  9 -3.4267 5.4125 23.8980 0.3340 0.9073 -0.2555 0.7776 0.9149
  9 -2.6466 6.0012 26.6592 0.2978 0.9225 -0.2455 0.7736 0.9446
  9 -1.1604 4.8720 26.1704 0.8539 0.4209 -0.3060 0.7559 0.9386
charger_material_0.bmp
  9 -2.6466 6.0012 26.6592 0.2978 0.9225 -0.2455 0.7736 0.9446
  9 -0.5657 5.0463 28.9021 0.8631 0.3031 -0.4039 0.7500 0.9663
  9 -1.1604 4.8720 26.1704 0.8539 0.4209 -0.3060 0.7559 0.9386
charger_material_0.bmp
  9 -1.1604 4.8720 26.1704 0.8539 0.4209 -0.3060 0.7559 0.9386
  9 -0.5657 5.0463 28.9021 0.8631 0.3031 -0.4039 0.7500 0.9663
  9 -1.0111 2.5878 27.6836 0.9628 -0.0852 -0.2563 0.7303 0.9465
charger_material_0.bmp
 11 3.7697 4.1278 7.7524 -0.9236 0.3795 -0.0537 0.9921 0.0495
 11 4.3361 5.8637 10.2307 -0.7360 0.6766 0.0234 0.9665 0.0733
 11 4.6170 6.1525 7.6110 -0.6503 0.7595 0.0179 0.9705 0.0436
charger_material_0.bmp
 11 4.6170 6.1525 7.6110 -0.6503 0.7595 0.0179 0.9705 0.0436
 11 4.3361 5.8637 10.2307 -0.7360 0.6766 0.0234 0.9665 0.0733
 11 6.0759 6.7235 10.5961 -0.2046 0.9713 0.1215 0.9449 0.0713
charger_material_0.bmp
 11 4.3361 5.8637 10.2307 -0.7360 0.6766 0.0234 0.9665 0.0733
 11 5.8251 6.2426 13.2256 -0.2130 0.9470 0.2404 0.9429 0.1030
 11 6.0759 6.7235 10.5961 -0.2046 0.9713 0.1215 0.9449 0.0713
charger_material_0.bmp
 11 6.0759 6.7235 10.5961 -0.2046 0.9713 0.1215 0.9449 0.0713
 11 5.8251 6.2426 13.2256 -0.2130 0.9470 0.2404 0.9429 0.1030
 11 8.2192 6.4743 11.1066 0.2339 0.9601 0.1535 0.9154 0.0733
charger_material_0.bmp
 11 5.8251 6.2426 13.2256 -0.2130 0.9470 0.2404 0.9429 0.1030
 11 7.9494 6.1555 13.3899 0.1971 0.9305 0.3087 0.9154 0.1010
 11 8.2192 6.4743 11.1066 0.2339 0.9601 0.1535 0.9154 0.0733
charger_material_0.bmp
 11 8.2192 6.4743 11.1066 0.2339 0.9601 0.1535 0.9154 0.0733
 11 7.9494 6.1555 13.3899 0.1971 0.9305 0.3087 0.9154 0.1010
 11 10.1779 5.6212 11.2536 0.6444 0.7511 0.1436 0.8898 0.0713
charger_material_0.bmp
 11 7.9494 6.1555 13.3899 0.1971 0.9305 0.3087 0.9154 0.1010
 11 9.9977 5.2520 13.5490 0.5508 0.7577 0.3501 0.8878 0.1010
 11 10.1779 5.6212 11.2536 0.6444 0.7511 0.1436 0.8898 0.0713
charger_material_0.bmp
 11 10.1779 5.6212 11.2536 0.6444 0.7511 0.1436 0.8898 0.0713
 11 9.9977 5.2520 13.5490 0.5508 0.7577 0.3501 0.8878 0.1010
 11 11.0780 3.6784 13.4570 0.9213 0.3093 0.2359 0.8642 0.0990
charger_material_0.bmp
 10 1.1815 2.5769 27.8009 -0.9793 -0.0486 -0.1965 0.6575 0.2851
 10 1.2557 2.4955 25.6984 -0.9951 -0.0309 -0.0942 0.6575 0.2634
 10 1.2673 -0.5088 27.2452 -0.9661 -0.2429 -0.0876 0.6949 0.2851
charger_material_0.bmp
 10 1.2673 -0.5088 27.2452 -0.9661 -0.2429 -0.0876 0.6949 0.2851
 10 1.2557 2.4955 25.6984 -0.9951 -0.0309 -0.0942 0.6575 0.2634
 10 1.3363 -0.5791 25.5242 -0.9809 -0.1897 -0.0429 0.6929 0.2634
charger_material_0.bmp
 10 1.2557 2.4955 25.6984 -0.9951 -0.0309 -0.0942 0.6575 0.2634
 10 1.5498 2.4532 23.7139 -0.9905 0.0198 -0.1361 0.6575 0.2436
 10 1.3363 -0.5791 25.5242 -0.9809 -0.1897 -0.0429 0.6929 0.2634
charger_material_0.bmp
 10 1.3363 -0.5791 25.5242 -0.9809 -0.1897 -0.0429 0.6929 0.2634
 10 1.5498 2.4532 23.7139 -0.9905 0.0198 -0.1361 0.6575 0.2436
 10 1.4441 -0.4573 23.7004 -0.9853 -0.1185 -0.1233 0.6909 0.2455
charger_material_0.bmp
 10 1.5498 2.4532 23.7139 -0.9905 0.0198 -0.1361 0.6575 0.2436
 10 2.0197 2.2584 21.4660 -0.9814 0.1011 -0.1630 0.6575 0.2198
 10 1.4441 -0.4573 23.7004 -0.9853 -0.1185 -0.1233 0.6909 0.2455
charger_material_0.bmp
 10 1.4441 -0.4573 23.7004 -0.9853 -0.1185 -0.1233 0.6909 0.2455
 10 2.0197 2.2584 21.4660 -0.9814 0.1011 -0.1630 0.6575 0.2198
 10 1.7394 -0.2873 21.3662 -0.9776 -0.1326 -0.1632 0.6890 0.2218
charger_material_0.bmp
 10 2.0197 2.2584 21.4660 -0.9814 0.1011 -0.1630 0.6575 0.2198
 11 2.2377 0.0790 18.4488 -0.9702 -0.0567 -0.2354 0.6870 0.1980
 10 1.7394 -0.2873 21.3662 -0.9776 -0.1326 -0.1632 0.6890 0.2218
charger_material_0.bmp
 12 4.8594 -3.5624 1.2578 -0.6470 -0.2030 0.7350 0.7146 0.4634
 12 5.7292 -2.8845 1.7378 -0.0006 -0.3925 0.9197 0.7303 0.4614
 12 4.9340 -2.3527 1.5078 -0.7842 -0.1725 0.5961 0.7264 0.4752
charger_material_0.bmp
 12 4.9340 -2.3527 1.5078 -0.7842 -0.1725 0.5961 0.7264 0.4752
 12 5.7292 -2.8845 1.7378 -0.0006 -0.3925 0.9197 0.7303 0.4614
 12 5.1334 -1.5603 2.2178 -0.6238 -0.4209 0.6586 0.7382 0.4812
charger_material_0.bmp
 12 5.7292 -2.8845 1.7378 -0.0006 -0.3925 0.9197 0.7303 0.4614
 12 6.5207 -1.9143 1.9977 0.0828 -0.6671 0.7404 0.7480 0.4614
 12 5.1334 -1.5603 2.2178 -0.6238 -0.4209 0.6586 0.7382 0.4812
charger_material_0.bmp
 12 5.1334 -1.5603 2.2178 -0.6238 -0.4209 0.6586 0.7382 0.4812
 12 6.5207 -1.9143 1.9977 0.0828 -0.6671 0.7404 0.7480 0.4614
 12 6.5836 -0.8472 3.5277 -0.2310 -0.7974 0.5575 0.7677 0.4812
charger_material_0.bmp
 12 6.5207 -1.9143 1.9977 0.0828 -0.6671 0.7404 0.7480 0.4614
 12 7.8704 -0.9723 3.4477 0.0365 -0.8909 0.4527 0.7776 0.4653
 12 6.5836 -0.8472 3.5277 -0.2310 -0.7974 0.5575 0.7677 0.4812
charger_material_0.bmp
 12 6.5836 -0.8472 3.5277 -0.2310 -0.7974 0.5575 0.7677 0.4812
 12 7.8704 -0.9723 3.4477 0.0365 -0.8909 0.4527 0.7776 0.4653
 12 7.7944 -0.1552 5.3477 -0.1769 -0.9778 0.1122 0.7972 0.4871
charger_material_0.bmp
 12 7.8704 -0.9723 3.4477 0.0365 -0.8909 0.4527 0.7776 0.4653
 12 8.8649 -0.1672 5.3477 0.4139 -0.9067 0.0807 0.8071 0.4772
 12 7.7944 -0.1552 5.3477 -0.1769 -0.9778 0.1122 0.7972 0.4871
charger_material_0.bmp
 12 5.1868 2.1375 5.1178 -0.9664 -0.2570 -0.0025 0.7776 0.5307
 12 4.9787 1.3339 3.0478 -0.9605 -0.1704 0.2202 0.7520 0.5188
 12 5.8141 0.7266 5.2077 -0.7800 -0.6188 0.0936 0.7835 0.5109
charger_material_0.bmp
 12 5.1868 2.1375 5.1178 -0.9664 -0.2570 -0.0025 0.7776 0.5307
 12 4.7700 2.6278 3.0578 -0.9982 -0.0438 0.0405 0.7520 0.5347
 12 4.9787 1.3339 3.0478 -0.9605 -0.1704 0.2202 0.7520 0.5188
charger_material_0.bmp
 12 5.1868 2.1375 5.1178 -0.9664 -0.2570 -0.0025 0.7776 0.5307
 12 4.9947 3.8470 4.8577 -0.9982 -0.0438 0.0405 0.7717 0.5505
 12 4.7700 2.6278 3.0578 -0.9982 -0.0438 0.0405 0.7520 0.5347
charger_material_0.bmp
 12 5.1868 2.1375 5.1178 -0.9664 -0.2570 -0.0025 0.7776 0.5307
 11 4.6157 3.7724 7.6352 -0.9805 -0.1297 -0.1477 0.8012 0.5564
 12 4.9947 3.8470 4.8577 -0.9982 -0.0438 0.0405 0.7717 0.5505
charger_material_0.bmp
 12 5.1868 2.1375 5.1178 -0.9664 -0.2570 -0.0025 0.7776 0.5307
 11 4.8358 2.0144 7.6238 -0.9471 -0.2754 -0.1646 0.8051 0.5366
 11 4.6157 3.7724 7.6352 -0.9805 -0.1297 -0.1477 0.8012 0.5564
charger_material_0.bmp
 12 5.1868 2.1375 5.1178 -0.9664 -0.2570 -0.0025 0.7776 0.5307
 11 5.4916 0.6636 7.5501 -0.8281 -0.5418 -0.1442 0.8071 0.5208
 11 4.8358 2.0144 7.6238 -0.9471 -0.2754 -0.1646 0.8051 0.5366
charger_material_0.bmp
 12 5.1868 2.1375 5.1178 -0.9664 -0.2570 -0.0025 0.7776 0.5307
 12 5.8141 0.7266 5.2077 -0.7800 -0.6188 0.0936 0.7835 0.5109
 11 5.4916 0.6636 7.5501 -0.8281 -0.5418 -0.1442 0.8071 0.5208
charger_material_0.bmp
 13 9.1322 -3.3837 -0.0708 0.3318 -0.6900 0.6433 0.7461 0.4079
 13 8.5384 -3.7030 0.2792 0.2888 -0.6164 0.7326 0.7402 0.4178
 13 8.7608 -4.0170 -0.0808 0.6261 -0.6609 0.4137 0.7382 0.4119
charger_material_0.bmp
 13 8.7608 -4.0170 -0.0808 0.6261 -0.6609 0.4137 0.7382 0.4119
 13 8.5384 -3.7030 0.2792 0.2888 -0.6164 0.7326 0.7402 0.4178
 13 8.1476 -4.1875 -0.0808 -0.1103 -0.8392 0.5325 0.7323 0.4158
charger_material_0.bmp
 13 8.5384 -3.7030 0.2792 0.2888 -0.6164 0.7326 0.7402 0.4178
 13 7.9270 -3.7321 0.2292 0.2674 -0.7260 0.6336 0.7343 0.4218
 13 8.1476 -4.1875 -0.0808 -0.1103 -0.8392 0.5325 0.7323 0.4158
charger_material_0.bmp
 13 8.1476 -4.1875 -0.0808 -0.1103 -0.8392 0.5325 0.7323 0.4158
 13 7.9270 -3.7321 0.2292 0.2674 -0.7260 0.6336 0.7343 0.4218
 13 7.8925 -4.0089 -0.2408 0.1599 -0.9099 0.3829 0.7283 0.4158
charger_material_0.bmp
 13 7.9270 -3.7321 0.2292 0.2674 -0.7260 0.6336 0.7343 0.4218
 13 7.5539 -4.5068 -0.0008 0.4968 -0.6408 0.5853 0.7224 0.4218
 13 7.8925 -4.0089 -0.2408 0.1599 -0.9099 0.3829 0.7283 0.4158
charger_material_0.bmp
 13 7.8925 -4.0089 -0.2408 0.1599 -0.9099 0.3829 0.7283 0.4158
 13 7.5539 -4.5068 -0.0008 0.4968 -0.6408 0.5853 0.7224 0.4218
 13 7.7371 -4.4426 -0.3408 0.8851 -0.4561 0.0930 0.7224 0.4178
charger_material_0.bmp
 13 7.5539 -4.5068 -0.0008 0.4968 -0.6408 0.5853 0.7224 0.4218
 13 7.4865 -4.9189 -0.4208 0.5872 -0.7937 0.1589 0.7146 0.4198
 13 7.7371 -4.4426 -0.3408 0.8851 -0.4561 0.0930 0.7224 0.4178
charger_material_0.bmp
 12 7.6599 7.0779 -0.8023 0.0899 0.8476 -0.5229 0.9094 0.3723
 12 6.2790 6.9184 -0.7023 -0.4658 0.7976 -0.3832 0.9311 0.3723
 12 6.4641 7.3559 -0.0323 -0.3728 0.8908 -0.2598 0.9272 0.3822
charger_material_0.bmp
 12 6.4641 7.3559 -0.0323 -0.3728 0.8908 -0.2598 0.9272 0.3822
 12 6.2790 6.9184 -0.7023 -0.4658 0.7976 -0.3832 0.9311 0.3723
 12 5.3808 6.4586 -0.0023 -0.8149 0.5574 -0.1590 0.9449 0.3822
charger_material_0.bmp
 12 6.2790 6.9184 -0.7023 -0.4658 0.7976 -0.3832 0.9311 0.3723
 12 5.4575 6.2568 -0.7323 -0.8930 0.3597 -0.2705 0.9469 0.3743
 12 5.3808 6.4586 -0.0023 -0.8149 0.5574 -0.1590 0.9449 0.3822
charger_material_0.bmp
 12 5.3808 6.4586 -0.0023 -0.8149 0.5574 -0.1590 0.9449 0.3822
 12 5.4575 6.2568 -0.7323 -0.8930 0.3597 -0.2705 0.9469 0.3743
 12 5.0880 4.9886 0.0277 -0.9947 0.0928 -0.0443 0.9626 0.3861
charger_material_0.bmp
 12 5.4575 6.2568 -0.7323 -0.8930 0.3597 -0.2705 0.9469 0.3743
 12 5.3276 4.6970 -0.7723 -0.9595 0.0199 -0.2809 0.9685 0.3743
 12 5.0880 4.9886 0.0277 -0.9947 0.0928 -0.0443 0.9626 0.3861
charger_material_0.bmp
 12 5.0880 4.9886 0.0277 -0.9947 0.0928 -0.0443 0.9626 0.3861
 12 5.3276 4.6970 -0.7723 -0.9595 0.0199 -0.2809 0.9685 0.3743
 12 5.1152 3.5400 0.0977 -0.9966 0.0256 -0.0787 0.9823 0.3881
charger_material_0.bmp
 12 5.3276 4.6970 -0.7723 -0.9595 0.0199 -0.2809 0.9685 0.3743
 12 5.3276 3.2247 -0.7223 -0.9668 -0.0166 -0.2551 0.9882 0.3782
 12 5.1152 3.5400 0.0977 -0.9966 0.0256 -0.0787 0.9823 0.3881
charger_material_0.bmp
 12 7.8179 7.4917 -0.1623 0.2084 0.9231 -0.3232 0.9094 0.3822
 12 9.1258 6.8955 0.3276 0.6302 0.7752 -0.0434 0.8917 0.3901
 12 9.0442 6.8244 -0.3624 0.5967 0.7348 -0.3225 0.8917 0.3802
charger_material_0.bmp
 12 9.0442 6.8244 -0.3624 0.5967 0.7348 -0.3225 0.8917 0.3802
 12 9.1258 6.8955 0.3276 0.6302 0.7752 -0.0434 0.8917 0.3901
 12 10.0255 5.5604 0.3276 0.8889 0.4581 -0.0031 0.8720 0.3921
charger_material_0.bmp
 12 9.1258 6.8955 0.3276 0.6302 0.7752 -0.0434 0.8917 0.3901
 12 8.9537 6.8227 1.8876 0.6632 0.7369 0.1305 0.8957 0.4099
 12 10.0255 5.5604 0.3276 0.8889 0.4581 -0.0031 0.8720 0.3921
charger_material_0.bmp
 12 10.0255 5.5604 0.3276 0.8889 0.4581 -0.0031 0.8720 0.3921
 12 8.9537 6.8227 1.8876 0.6632 0.7369 0.1305 0.8957 0.4099
 12 9.9682 5.3815 1.9776 0.8149 0.5791 0.0245 0.8740 0.4139
charger_material_0.bmp
 12 8.9537 6.8227 1.8876 0.6632 0.7369 0.1305 0.8957 0.4099
 12 8.4183 6.5211 5.0077 0.6317 0.7625 0.1399 0.9035 0.4495
 12 9.9682 5.3815 1.9776 0.8149 0.5791 0.0245 0.8740 0.4139
charger_material_0.bmp
 12 9.9682 5.3815 1.9776 0.8149 0.5791 0.0245 0.8740 0.4139
 12 8.4183 6.5211 5.0077 0.6317 0.7625 0.1399 0.9035 0.4495
 12 9.2832 5.4537 5.2176 0.6864 0.7241 0.0671 0.8878 0.4535
charger_material_0.bmp
 12 8.4183 6.5211 5.0077 0.6317 0.7625 0.1399 0.9035 0.4495
 11 8.0556 6.5496 7.4390 0.4796 0.8762 0.0486 0.9094 0.4792
 12 9.2832 5.4537 5.2176 0.6864 0.7241 0.0671 0.8878 0.4535
charger_material_0.bmp
 12 7.8179 7.4917 -0.1623 0.2084 0.9231 -0.3232 0.9094 0.3822
 12 7.7800 7.6280 0.6277 0.1789 0.9839 0.0024 0.9114 0.3921
 12 9.1258 6.8955 0.3276 0.6302 0.7752 -0.0434 0.8917 0.3901
charger_material_0.bmp
 12 9.1258 6.8955 0.3276 0.6302 0.7752 -0.0434 0.8917 0.3901
 12 7.7800 7.6280 0.6277 0.1789 0.9839 0.0024 0.9114 0.3921
 12 8.9537 6.8227 1.8876 0.6632 0.7369 0.1305 0.8957 0.4099
charger_material_0.bmp
 12 7.7800 7.6280 0.6277 0.1789 0.9839 0.0024 0.9114 0.3921
 12 7.8955 7.3606 2.1977 0.1658 0.9705 0.1748 0.9114 0.4119
 12 8.9537 6.8227 1.8876 0.6632 0.7369 0.1305 0.8957 0.4099
charger_material_0.bmp
 12 8.9537 6.8227 1.8876 0.6632 0.7369 0.1305 0.8957 0.4099
 12 7.8955 7.3606 2.1977 0.1658 0.9705 0.1748 0.9114 0.4119
 12 8.4183 6.5211 5.0077 0.6317 0.7625 0.1399 0.9035 0.4495
charger_material_0.bmp
 12 7.8955 7.3606 2.1977 0.1658 0.9705 0.1748 0.9114 0.4119
 12 7.8027 6.8343 5.0377 0.0596 0.9910 0.1197 0.9134 0.4495
 12 8.4183 6.5211 5.0077 0.6317 0.7625 0.1399 0.9035 0.4495
charger_material_0.bmp
 12 8.4183 6.5211 5.0077 0.6317 0.7625 0.1399 0.9035 0.4495
 12 7.8027 6.8343 5.0377 0.0596 0.9910 0.1197 0.9134 0.4495
 11 8.0556 6.5496 7.4390 0.4796 0.8762 0.0486 0.9094 0.4792
charger_material_0.bmp
 12 7.8027 6.8343 5.0377 0.0596 0.9910 0.1197 0.9134 0.4495
 11 6.7761 6.6052 7.4799 -0.3615 0.9322 -0.0162 0.9252 0.4812
 11 8.0556 6.5496 7.4390 0.4796 0.8762 0.0486 0.9094 0.4792
charger_material_0.bmp
 11 10.1554 0.7164 7.7218 0.1728 -0.1656 -0.9709 0.8031 0.0218
 11 10.9043 2.3674 7.5766 0.2444 -0.0951 -0.9650 0.8346 0.0178
 11 10.7924 0.2498 7.9158 0.1677 -0.0951 -0.9812 0.8031 0.0356
charger_material_0.bmp
 11 10.7924 0.2498 7.9158 0.1677 -0.0951 -0.9812 0.8031 0.0356
 11 10.9043 2.3674 7.5766 0.2444 -0.0951 -0.9650 0.8346 0.0178
 11 11.5201 2.3956 7.7580 0.2238 -0.0568 -0.9730 0.8366 0.0277
charger_material_0.bmp
 11 10.9043 2.3674 7.5766 0.2444 -0.0951 -0.9650 0.8346 0.0178
 11 10.5770 4.1582 7.5518 0.1573 0.0023 -0.9875 0.8661 0.0119
 11 11.5201 2.3956 7.7580 0.2238 -0.0568 -0.9730 0.8366 0.0277
charger_material_0.bmp
 11 11.5201 2.3956 7.7580 0.2238 -0.0568 -0.9730 0.8366 0.0277
 11 10.5770 4.1582 7.5518 0.1573 0.0023 -0.9875 0.8661 0.0119
 11 11.4314 4.6360 7.6276 0.0937 0.0238 -0.9953 0.8701 0.0257
charger_material_0.bmp
 11 10.5770 4.1582 7.5518 0.1573 0.0023 -0.9875 0.8661 0.0119
 11 9.5922 5.4897 7.4917 0.0755 0.0904 -0.9930 0.8957 0.0119
 11 11.4314 4.6360 7.6276 0.0937 0.0238 -0.9953 0.8701 0.0257
charger_material_0.bmp
 11 11.4314 4.6360 7.6276 0.0937 0.0238 -0.9953 0.8701 0.0257
 11 9.5922 5.4897 7.4917 0.0755 0.0904 -0.9930 0.8957 0.0119
 11 10.0229 6.1406 7.5800 0.0755 0.0904 -0.9930 0.8976 0.0238
charger_material_0.bmp
 11 9.5922 5.4897 7.4917 0.0755 0.0904 -0.9930 0.8957 0.0119
 11 8.2801 6.9978 7.5950 0.0627 0.2180 -0.9739 0.9232 0.0277
 11 10.0229 6.1406 7.5800 0.0755 0.0904 -0.9930 0.8976 0.0238
charger_material_0.bmp
 14 -7.8064 -1.5796 5.9829 -0.0653 -0.9212 0.3836 0.8937 0.7129
 14 -6.0261 -0.9223 5.9802 0.3785 -0.8700 0.3160 0.9114 0.7089
 14 -7.7277 -0.6211 8.3074 -0.1918 -0.9596 0.2059 0.8937 0.7347
charger_material_0.bmp
 14 -7.7277 -0.6211 8.3074 -0.1918 -0.9596 0.2059 0.8937 0.7347
 14 -6.0261 -0.9223 5.9802 0.3785 -0.8700 0.3160 0.9114 0.7089
 14 -5.9476 -0.0953 8.3090 0.4280 -0.9020 0.0562 0.9154 0.7347
charger_material_0.bmp
 14 -6.0261 -0.9223 5.9802 0.3785 -0.8700 0.3160 0.9114 0.7089
 14 -4.5493 0.0771 5.9356 0.6456 -0.7222 0.2483 0.9272 0.7089
 14 -5.9476 -0.0953 8.3090 0.4280 -0.9020 0.0562 0.9154 0.7347
charger_material_0.bmp
 14 -5.9476 -0.0953 8.3090 0.4280 -0.9020 0.0562 0.9154 0.7347
 14 -4.5493 0.0771 5.9356 0.6456 -0.7222 0.2483 0.9272 0.7089
 14 -4.9350 0.5324 8.1506 0.6244 -0.7766 0.0840 0.9291 0.7327
charger_material_0.bmp
 14 -4.5493 0.0771 5.9356 0.6456 -0.7222 0.2483 0.9272 0.7089
 14 -4.0213 1.4333 7.9942 0.8521 -0.5177 0.0766 0.9429 0.7287
 14 -4.9350 0.5324 8.1506 0.6244 -0.7766 0.0840 0.9291 0.7327
charger_material_0.bmp
 14 -4.9350 0.5324 8.1506 0.6244 -0.7766 0.0840 0.9291 0.7327
 14 -4.0213 1.4333 7.9942 0.8521 -0.5177 0.0766 0.9429 0.7287
 14 -4.6959 0.2570 11.8379 0.6567 -0.7333 -0.1759 0.9291 0.7782
charger_material_0.bmp
 14 -4.0213 1.4333 7.9942 0.8521 -0.5177 0.0766 0.9429 0.7287
 14 -3.8827 1.2185 12.1127 0.8985 -0.4209 -0.1248 0.9429 0.7802
 14 -4.6959 0.2570 11.8379 0.6567 -0.7333 -0.1759 0.9291 0.7782
charger_material_0.bmp
 14 -9.5096 1.0467 16.5436 -0.9729 -0.2309 0.0092 0.8602 0.8317
 14 -9.5493 2.3408 16.5933 -0.9714 0.1643 0.1713 0.8465 0.8317
 14 -9.6380 1.2703 15.0350 -0.9544 -0.2961 0.0367 0.8602 0.8158
charger_material_0.bmp
 14 -9.6380 1.2703 15.0350 -0.9544 -0.2961 0.0367 0.8602 0.8158
 14 -9.5493 2.3408 16.5933 -0.9714 0.1643 0.1713 0.8465 0.8317
 14 -9.8596 2.4817 15.2936 -0.9854 0.1541 0.0723 0.8465 0.8178
charger_material_0.bmp
 14 -9.5493 2.3408 16.5933 -0.9714 0.1643 0.1713 0.8465 0.8317
 14 -9.2701 3.8081 15.4108 -0.8182 0.5549 0.1504 0.8327 0.8178
 14 -9.8596 2.4817 15.2936 -0.9854 0.1541 0.0723 0.8465 0.8178
charger_material_0.bmp
 14 -9.8596 2.4817 15.2936 -0.9854 0.1541 0.0723 0.8465 0.8178
 14 -9.2701 3.8081 15.4108 -0.8182 0.5549 0.1504 0.8327 0.8178
 14 -9.2225 3.7921 12.0158 -0.8719 0.4894 0.0173 0.8346 0.7782
charger_material_0.bmp
 14 -9.2701 3.8081 15.4108 -0.8182 0.5549 0.1504 0.8327 0.8178
 14 -8.3777 4.9498 12.0789 -0.4921 0.8703 0.0184 0.8209 0.7782
 14 -9.2225 3.7921 12.0158 -0.8719 0.4894 0.0173 0.8346 0.7782
charger_material_0.bmp
 14 -9.2225 3.7921 12.0158 -0.8719 0.4894 0.0173 0.8346 0.7782
 14 -8.3777 4.9498 12.0789 -0.4921 0.8703 0.0184 0.8209 0.7782
 14 -8.6872 4.8706 8.0819 -0.6276 0.7746 0.0781 0.8228 0.7287
charger_material_0.bmp
 14 -8.3777 4.9498 12.0789 -0.4921 0.8703 0.0184 0.8209 0.7782
 14 -7.1357 4.9511 8.1313 0.0047 0.9980 0.0628 0.8071 0.7287
 14 -8.6872 4.8706 8.0819 -0.6276 0.7746 0.0781 0.8228 0.7287
charger_material_0.bmp
 14 -3.9091 3.4495 16.6045 0.8020 0.5383 -0.2587 0.7697 0.8356
 14 -4.6820 4.5298 17.8588 0.5335 0.8360 -0.1285 0.7835 0.8515
 14 -3.6225 3.4991 17.7475 0.8441 0.5252 -0.1080 0.7697 0.8495
charger_material_0.bmp
 14 -3.9091 3.4495 16.6045 0.8020 0.5383 -0.2587 0.7697 0.8356
 14 -4.9150 4.3867 16.6490 0.5111 0.8531 -0.1047 0.7835 0.8356
 14 -4.6820 4.5298 17.8588 0.5335 0.8360 -0.1285 0.7835 0.8515
charger_material_0.bmp
 14 -3.9091 3.4495 16.6045 0.8020 0.5383 -0.2587 0.7697 0.8356
 14 -4.2362 3.3603 15.4604 0.8449 0.5322 -0.0540 0.7677 0.8218
 14 -4.9150 4.3867 16.6490 0.5111 0.8531 -0.1047 0.7835 0.8356
charger_material_0.bmp
 14 -3.9091 3.4495 16.6045 0.8020 0.5383 -0.2587 0.7697 0.8356
 14 -3.8217 2.2384 15.4377 0.9412 0.3214 -0.1042 0.7539 0.8218
 14 -4.2362 3.3603 15.4604 0.8449 0.5322 -0.0540 0.7677 0.8218
charger_material_0.bmp
 14 -3.9091 3.4495 16.6045 0.8020 0.5383 -0.2587 0.7697 0.8356
 14 -3.2946 2.0447 16.4784 0.8661 0.4008 -0.2989 0.7539 0.8356
 14 -3.8217 2.2384 15.4377 0.9412 0.3214 -0.1042 0.7539 0.8218
charger_material_0.bmp
 14 -3.9091 3.4495 16.6045 0.8020 0.5383 -0.2587 0.7697 0.8356
 14 -2.9925 2.0494 17.5741 0.9025 0.4038 -0.1495 0.7539 0.8475
 14 -3.2946 2.0447 16.4784 0.8661 0.4008 -0.2989 0.7539 0.8356
charger_material_0.bmp
 14 -3.9091 3.4495 16.6045 0.8020 0.5383 -0.2587 0.7697 0.8356
 14 -3.6225 3.4991 17.7475 0.8441 0.5252 -0.1080 0.7697 0.8495
 14 -2.9925 2.0494 17.5741 0.9025 0.4038 -0.1495 0.7539 0.8475
charger_material_0.bmp
 14 -7.6876 4.1221 5.4613 0.1936 -0.1939 -0.9617 0.8228 0.6812
 14 -7.0585 5.4403 5.1389 0.1433 -0.3322 -0.9323 0.8071 0.6950
 14 -7.0193 4.5300 5.5001 0.2034 -0.3504 -0.9142 0.8071 0.6851
charger_material_0.bmp
 14 -7.0193 4.5300 5.5001 0.2034 -0.3504 -0.9142 0.8071 0.6851
 14 -7.0585 5.4403 5.1389 0.1433 -0.3322 -0.9323 0.8071 0.6950
 14 -6.0000 4.2986 5.7830 0.0978 -0.3184 -0.9429 0.7854 0.6871
charger_material_0.bmp
 14 -7.0585 5.4403 5.1389 0.1433 -0.3322 -0.9323 0.8071 0.6950
 14 -5.3517 5.0269 5.5894 -0.0082 -0.2695 -0.9630 0.7854 0.6990
 14 -6.0000 4.2986 5.7830 0.0978 -0.3184 -0.9429 0.7854 0.6871
charger_material_0.bmp
 14 -6.0000 4.2986 5.7830 0.0978 -0.3184 -0.9429 0.7854 0.6871
 14 -5.3517 5.0269 5.5894 -0.0082 -0.2695 -0.9630 0.7854 0.6990
 14 -5.5501 3.6932 5.9007 -0.1074 -0.2015 -0.9736 0.7697 0.6871
charger_material_0.bmp
 14 -5.3517 5.0269 5.5894 -0.0082 -0.2695 -0.9630 0.7854 0.6990
 14 -4.1366 3.9639 5.6419 -0.1397 -0.1833 -0.9731 0.7677 0.7030
 14 -5.5501 3.6932 5.9007 -0.1074 -0.2015 -0.9736 0.7697 0.6871
charger_material_0.bmp
 14 -5.5501 3.6932 5.9007 -0.1074 -0.2015 -0.9736 0.7697 0.6871
 14 -4.1366 3.9639 5.6419 -0.1397 -0.1833 -0.9731 0.7677 0.7030
 14 -5.3324 2.9411 6.0118 -0.1397 -0.1833 -0.9731 0.7539 0.6911
charger_material_0.bmp
 14 -4.1366 3.9639 5.6419 -0.1397 -0.1833 -0.9731 0.7677 0.7030
 14 -3.3659 2.6651 5.7875 -0.1397 -0.1833 -0.9731 0.7539 0.7050
 14 -5.3324 2.9411 6.0118 -0.1397 -0.1833 -0.9731 0.7539 0.6911
charger_material_0.bmp
  9 -2.0773 0.7916 27.1032 0.8573 -0.4903 -0.1569 0.9665 0.9386
  9 -3.3350 -1.0076 25.7550 0.7106 -0.6982 -0.0867 0.9409 0.9248
  9 -2.3758 0.7542 25.1792 0.8856 -0.4411 -0.1455 0.9587 0.9168
charger_material_0.bmp
  9 -2.3758 0.7542 25.1792 0.8856 -0.4411 -0.1455 0.9587 0.9168
  9 -3.3350 -1.0076 25.7550 0.7106 -0.6982 -0.0867 0.9409 0.9248
  9 -3.7029 -0.8487 23.2873 0.7545 -0.6532 -0.0644 0.9350 0.8990
charger_material_0.bmp
  9 -3.3350 -1.0076 25.7550 0.7106 -0.6982 -0.0867 0.9409 0.9248
  9 -5.2106 -2.0191 23.8756 0.2800 -0.9593 -0.0377 0.9193 0.9050
  9 -3.7029 -0.8487 23.2873 0.7545 -0.6532 -0.0644 0.9350 0.8990
charger_material_0.bmp
  9 -3.7029 -0.8487 23.2873 0.7545 -0.6532 -0.0644 0.9350 0.8990
  9 -5.2106 -2.0191 23.8756 0.2800 -0.9593 -0.0377 0.9193 0.9050
  9 -5.3731 -2.0856 21.4677 0.2506 -0.9681 0.0010 0.9154 0.8832
charger_material_0.bmp
  9 -5.2106 -2.0191 23.8756 0.2800 -0.9593 -0.0377 0.9193 0.9050
  9 -7.2019 -1.9054 21.7738 -0.2724 -0.9620 -0.0199 0.8976 0.8851
  9 -5.3731 -2.0856 21.4677 0.2506 -0.9681 0.0010 0.9154 0.8832
charger_material_0.bmp
  9 -5.3731 -2.0856 21.4677 0.2506 -0.9681 0.0010 0.9154 0.8832
  9 -7.2019 -1.9054 21.7738 -0.2724 -0.9620 -0.0199 0.8976 0.8851
 14 -7.3340 -1.8733 18.9324 -0.2673 -0.9626 -0.0443 0.8957 0.8614
charger_material_0.bmp
  9 -7.2019 -1.9054 21.7738 -0.2724 -0.9620 -0.0199 0.8976 0.8851
 14 -8.8297 -0.8806 18.9983 -0.7081 -0.7024 -0.0722 0.8799 0.8614
 14 -7.3340 -1.8733 18.9324 -0.2673 -0.9626 -0.0443 0.8957 0.8614
charger_material_0.bmp
  9 -1.0111 2.5878 27.6836 0.9628 -0.0852 -0.2563 0.7303 0.9465
  9 -1.5915 2.4825 25.4285 0.9623 -0.0474 -0.2679 0.7382 0.9208
  9 -1.1604 4.8720 26.1704 0.8539 0.4209 -0.3060 0.7559 0.9386
charger_material_0.bmp
  9 -1.1604 4.8720 26.1704 0.8539 0.4209 -0.3060 0.7559 0.9386
  9 -1.5915 2.4825 25.4285 0.9623 -0.0474 -0.2679 0.7382 0.9208
  9 -2.0683 4.3942 23.5429 0.8329 0.4377 -0.3386 0.7618 0.9109
charger_material_0.bmp
  9 -1.5915 2.4825 25.4285 0.9623 -0.0474 -0.2679 0.7382 0.9208
  9 -2.1160 2.3836 23.1274 0.9615 0.1019 -0.2552 0.7480 0.8990
  9 -2.0683 4.3942 23.5429 0.8329 0.4377 -0.3386 0.7618 0.9109
charger_material_0.bmp
  9 -2.0683 4.3942 23.5429 0.8329 0.4377 -0.3386 0.7618 0.9109
  9 -2.1160 2.3836 23.1274 0.9615 0.1019 -0.2552 0.7480 0.8990
  9 -2.9342 3.9268 21.0417 0.8204 0.4788 -0.3125 0.7677 0.8851
charger_material_0.bmp
  9 -2.1160 2.3836 23.1274 0.9615 0.1019 -0.2552 0.7480 0.8990
  9 -2.5669 2.3265 20.9672 0.9303 0.2692 -0.2492 0.7520 0.8812
  9 -2.9342 3.9268 21.0417 0.8204 0.4788 -0.3125 0.7677 0.8851
charger_material_0.bmp
  9 -2.9342 3.9268 21.0417 0.8204 0.4788 -0.3125 0.7677 0.8851
  9 -2.5669 2.3265 20.9672 0.9303 0.2692 -0.2492 0.7520 0.8812
 14 -3.5249 3.4987 18.9118 0.8330 0.5214 -0.1851 0.7697 0.8634
charger_material_0.bmp
  9 -2.5669 2.3265 20.9672 0.9303 0.2692 -0.2492 0.7520 0.8812
 14 -3.0122 1.9686 18.6686 0.9270 0.3586 -0.1102 0.7539 0.8614
 14 -3.5249 3.4987 18.9118 0.8330 0.5214 -0.1851 0.7697 0.8634
charger_material_0.bmp
 11 8.9952 -1.9076 12.4754 0.5691 -0.8039 -0.1728 0.7815 0.1050
 11 10.3935 -0.2373 10.4095 0.8439 -0.5364 -0.0135 0.8031 0.0713
 11 10.1807 -0.7581 12.9567 0.8781 -0.4775 -0.0313 0.8051 0.1050
charger_material_0.bmp
 11 10.1807 -0.7581 12.9567 0.8781 -0.4775 -0.0313 0.8051 0.1050
 11 10.3935 -0.2373 10.4095 0.8439 -0.5364 -0.0135 0.8031 0.0713
 11 11.0281 1.3156 13.2461 0.9784 -0.1839 0.0940 0.8327 0.1030
charger_material_0.bmp
 11 10.3935 -0.2373 10.4095 0.8439 -0.5364 -0.0135 0.8031 0.0713
 11 11.2081 1.8789 10.5089 0.9793 -0.1937 0.0587 0.8346 0.0653
 11 11.0281 1.3156 13.2461 0.9784 -0.1839 0.0940 0.8327 0.1030
charger_material_0.bmp
 11 11.0281 1.3156 13.2461 0.9784 -0.1839 0.0940 0.8327 0.1030
 11 11.2081 1.8789 10.5089 0.9793 -0.1937 0.0587 0.8346 0.0653
 11 11.0780 3.6784 13.4570 0.9213 0.3093 0.2359 0.8642 0.0990
charger_material_0.bmp
 11 11.2081 1.8789 10.5089 0.9793 -0.1937 0.0587 0.8346 0.0653
 11 11.2710 4.0776 10.9135 0.9694 0.2210 0.1073 0.8642 0.0673
 11 11.0780 3.6784 13.4570 0.9213 0.3093 0.2359 0.8642 0.0990
charger_material_0.bmp
 11 11.0780 3.6784 13.4570 0.9213 0.3093 0.2359 0.8642 0.0990
 11 11.2710 4.0776 10.9135 0.9694 0.2210 0.1073 0.8642 0.0673
 11 10.1779 5.6212 11.2536 0.6444 0.7511 0.1436 0.8898 0.0713
charger_material_0.bmp
 11 2.7860 2.5183 17.5009 -0.8258 0.5543 -0.1043 0.9921 0.1822
 11 3.7774 4.0486 17.8892 -0.6454 0.7571 -0.1009 0.9665 0.1861
 11 3.9090 4.0486 16.8999 -0.7148 0.6991 -0.0182 0.9685 0.1723
charger_material_0.bmp
 11 3.9090 4.0486 16.8999 -0.7148 0.6991 -0.0182 0.9685 0.1723
 11 3.7774 4.0486 17.8892 -0.6454 0.7571 -0.1009 0.9665 0.1861
 11 5.7241 5.0276 17.2058 -0.2774 0.9603 0.0287 0.9390 0.1723
charger_material_0.bmp
 11 3.7774 4.0486 17.8892 -0.6454 0.7571 -0.1009 0.9665 0.1861
 11 5.5536 5.0286 18.1816 -0.1307 0.9867 -0.0965 0.9390 0.1861
 11 5.7241 5.0276 17.2058 -0.2774 0.9603 0.0287 0.9390 0.1723
charger_material_0.bmp
 11 5.7241 5.0276 17.2058 -0.2774 0.9603 0.0287 0.9390 0.1723
 11 5.5536 5.0286 18.1816 -0.1307 0.9867 -0.0965 0.9390 0.1861
 11 7.2866 4.8382 17.4780 0.2583 0.9660 0.0089 0.9154 0.1743
charger_material_0.bmp
 11 5.5536 5.0286 18.1816 -0.1307 0.9867 -0.0965 0.9390 0.1861
 11 7.2650 4.9812 18.4645 0.3162 0.9403 -0.1259 0.9134 0.1881
 11 7.2866 4.8382 17.4780 0.2583 0.9660 0.0089 0.9154 0.1743
charger_material_0.bmp
 11 7.2866 4.8382 17.4780 0.2583 0.9660 0.0089 0.9154 0.1743
 11 7.2650 4.9812 18.4645 0.3162 0.9403 -0.1259 0.9134 0.1881
 11 8.8273 4.1287 18.5549 0.6787 0.7321 -0.0593 0.8898 0.1881
charger_material_0.bmp
 15 -7.1239 5.6972 -0.2222 -0.1374 0.9833 -0.1194 0.1398 0.3683
 15 -7.8183 5.2430 -0.2822 -0.7315 0.6811 0.0331 0.1437 0.3802
 15 -7.1786 5.4320 1.1678 -0.4064 0.8852 0.2266 0.1201 0.3723
charger_material_0.bmp
 15 -7.1239 5.6972 -0.2222 -0.1374 0.9833 -0.1194 0.1398 0.3683
 15 -7.2238 5.3169 -1.0422 -0.2775 0.9068 -0.3174 0.1555 0.3703
 15 -7.8183 5.2430 -0.2822 -0.7315 0.6811 0.0331 0.1437 0.3802
charger_material_0.bmp
 15 -7.1239 5.6972 -0.2222 -0.1374 0.9833 -0.1194 0.1398 0.3683
 15 -6.3559 5.2443 -1.1123 0.0577 0.9063 -0.4187 0.1555 0.3545
 15 -7.2238 5.3169 -1.0422 -0.2775 0.9068 -0.3174 0.1555 0.3703
charger_material_0.bmp
 15 -7.1239 5.6972 -0.2222 -0.1374 0.9833 -0.1194 0.1398 0.3683
 15 -6.2474 5.6134 -0.2723 0.0899 0.9880 -0.1256 0.1378 0.3545
 15 -6.3559 5.2443 -1.1123 0.0577 0.9063 -0.4187 0.1555 0.3545
charger_material_0.bmp
 15 -7.1239 5.6972 -0.2222 -0.1374 0.9833 -0.1194 0.1398 0.3683
 15 -6.1805 5.3525 1.1377 0.0895 0.9764 0.1967 0.1161 0.3584
 15 -6.2474 5.6134 -0.2723 0.0899 0.9880 -0.1256 0.1378 0.3545
charger_material_0.bmp
 15 -7.1239 5.6972 -0.2222 -0.1374 0.9833 -0.1194 0.1398 0.3683
 15 -7.1786 5.4320 1.1678 -0.4064 0.8852 0.2266 0.1201 0.3723
 15 -6.1805 5.3525 1.1377 0.0895 0.9764 0.1967 0.1161 0.3584
charger_material_0.bmp
 15 -5.6145 4.4318 2.4177 0.7345 0.0421 0.6773 0.0512 0.3921
 15 -5.6090 3.3117 1.7677 0.2855 -0.2749 0.9181 0.0492 0.4079
 15 -5.4042 3.3355 1.7277 0.9134 -0.0952 0.3958 0.0472 0.4079
charger_material_0.bmp
 15 -5.6145 4.4318 2.4177 0.7345 0.0421 0.6773 0.0512 0.3921
 15 -5.8744 4.2942 2.4477 0.3471 -0.3861 0.8547 0.0551 0.3941
 15 -5.6090 3.3117 1.7677 0.2855 -0.2749 0.9181 0.0492 0.4079
charger_material_0.bmp
 15 -5.6145 4.4318 2.4177 0.7345 0.0421 0.6773 0.0512 0.3921
 15 -6.3312 4.9688 2.8877 0.5783 0.0112 0.8158 0.0531 0.3822
 15 -5.8744 4.2942 2.4477 0.3471 -0.3861 0.8547 0.0551 0.3941
charger_material_0.bmp
 15 -5.6145 4.4318 2.4177 0.7345 0.0421 0.6773 0.0512 0.3921
 15 -6.1805 5.3525 1.1377 0.7014 0.6935 0.1646 0.0374 0.3802
 15 -6.3312 4.9688 2.8877 0.5783 0.0112 0.8158 0.0531 0.3822
charger_material_0.bmp
 15 -5.6145 4.4318 2.4177 0.7345 0.0421 0.6773 0.0512 0.3921
 15 -5.5978 4.7927 0.9177 0.8891 0.4494 0.0863 0.0354 0.3901
 15 -6.1805 5.3525 1.1377 0.7014 0.6935 0.1646 0.0374 0.3802
charger_material_0.bmp
 15 -5.6145 4.4318 2.4177 0.7345 0.0421 0.6773 0.0512 0.3921
 15 -5.4042 3.3355 1.7277 0.9134 -0.0952 0.3958 0.0472 0.4079
 15 -5.5978 4.7927 0.9177 0.8891 0.4494 0.0863 0.0354 0.3901
charger_material_0.bmp
 15 -6.3559 5.2443 -1.1123 0.5405 0.7777 -0.3210 0.0098 0.3842
 15 -5.6082 4.9453 -0.5423 0.8561 0.4974 -0.1404 0.0157 0.3921
 15 -5.7044 4.8267 -1.1723 0.8784 0.4325 -0.2034 0.0098 0.3921
charger_material_0.bmp
 15 -5.7044 4.8267 -1.1723 0.8784 0.4325 -0.2034 0.0098 0.3921
 15 -5.6082 4.9453 -0.5423 0.8561 0.4974 -0.1404 0.0157 0.3921
 15 -5.3970 3.5464 -0.7823 0.9906 0.0045 -0.1367 0.0157 0.4099
charger_material_0.bmp
 15 -5.6082 4.9453 -0.5423 0.8561 0.4974 -0.1404 0.0157 0.3921
 15 -5.3353 3.4778 0.6277 0.9997 0.0232 0.0052 0.0335 0.4079
 15 -5.3970 3.5464 -0.7823 0.9906 0.0045 -0.1367 0.0157 0.4099
charger_material_0.bmp
 15 -5.3970 3.5464 -0.7823 0.9906 0.0045 -0.1367 0.0157 0.4099
 15 -5.3353 3.4778 0.6277 0.9997 0.0232 0.0052 0.0335 0.4079
 15 -5.5900 1.9076 -0.5823 0.9747 -0.1697 -0.1454 0.0236 0.4337
charger_material_0.bmp
 15 -5.3353 3.4778 0.6277 0.9997 0.0232 0.0052 0.0335 0.4079
 15 -5.5133 2.1094 0.6977 0.9901 -0.1400 0.0081 0.0394 0.4277
 15 -5.5900 1.9076 -0.5823 0.9747 -0.1697 -0.1454 0.0236 0.4337
charger_material_0.bmp
 15 -5.5900 1.9076 -0.5823 0.9747 -0.1697 -0.1454 0.0236 0.4337
 15 -5.5133 2.1094 0.6977 0.9901 -0.1400 0.0081 0.0394 0.4277
 15 -5.6923 1.0436 0.7977 0.9885 -0.1167 0.0960 0.0453 0.4416
charger_material_0.bmp
 14 -8.2696 2.7220 5.5368 -0.9872 -0.1583 -0.0206 0.2677 0.0673
 15 -8.0695 2.1495 4.4877 -0.9041 -0.4255 -0.0399 0.2756 0.0535
 14 -8.0900 2.0053 5.7771 -0.8986 -0.4310 -0.0819 0.2736 0.0713
charger_material_0.bmp
 14 -8.0900 2.0053 5.7771 -0.8986 -0.4310 -0.0819 0.2736 0.0713
 15 -8.0695 2.1495 4.4877 -0.9041 -0.4255 -0.0399 0.2756 0.0535
 15 -7.6657 1.5322 4.5977 -0.7044 -0.6980 -0.1290 0.2815 0.0574
charger_material_0.bmp
 15 -8.0695 2.1495 4.4877 -0.9041 -0.4255 -0.0399 0.2756 0.0535
 15 -7.7119 1.7198 3.3377 -0.6940 -0.7190 0.0382 0.2815 0.0396
 15 -7.6657 1.5322 4.5977 -0.7044 -0.6980 -0.1290 0.2815 0.0574
charger_material_0.bmp
 15 -7.6657 1.5322 4.5977 -0.7044 -0.6980 -0.1290 0.2815 0.0574
 15 -7.7119 1.7198 3.3377 -0.6940 -0.7190 0.0382 0.2815 0.0396
 15 -7.1811 1.4591 3.3277 -0.2432 -0.9689 -0.0454 0.2894 0.0396
charger_material_0.bmp
 15 -7.7119 1.7198 3.3377 -0.6940 -0.7190 0.0382 0.2815 0.0396
 15 -7.5851 1.5318 2.7977 -0.5915 -0.7789 0.2086 0.2854 0.0317
 15 -7.1811 1.4591 3.3277 -0.2432 -0.9689 -0.0454 0.2894 0.0396
charger_material_0.bmp
 15 -7.1811 1.4591 3.3277 -0.2432 -0.9689 -0.0454 0.2894 0.0396
 15 -7.5851 1.5318 2.7977 -0.5915 -0.7789 0.2086 0.2854 0.0317
 15 -6.4892 1.4296 2.7777 0.2562 -0.9556 0.1458 0.2953 0.0337
charger_material_0.bmp
 13 10.3120 -2.6857 -0.2308 0.4706 -0.5114 0.7190 0.7638 0.4000
 13 10.7742 -2.5953 -0.2308 0.3689 -0.5296 0.7639 0.7677 0.3960
 13 10.1276 -2.2761 0.1192 0.4557 -0.3731 0.8082 0.7677 0.4059
charger_material_0.bmp
 13 10.1276 -2.2761 0.1192 0.4557 -0.3731 0.8082 0.7677 0.4059
 13 10.7742 -2.5953 -0.2308 0.3689 -0.5296 0.7639 0.7677 0.3960
 13 10.7474 -1.2273 0.1692 0.6641 -0.2338 0.7102 0.7854 0.4040
charger_material_0.bmp
 13 10.7742 -2.5953 -0.2308 0.3689 -0.5296 0.7639 0.7677 0.3960
 13 11.1588 -2.3738 -0.4508 0.8351 -0.2203 0.5042 0.7717 0.3921
 13 10.7474 -1.2273 0.1692 0.6641 -0.2338 0.7102 0.7854 0.4040
charger_material_0.bmp
 13 10.7474 -1.2273 0.1692 0.6641 -0.2338 0.7102 0.7854 0.4040
 13 11.1588 -2.3738 -0.4508 0.8351 -0.2203 0.5042 0.7717 0.3921
 13 11.0527 -1.2481 -0.2108 0.8830 -0.0631 0.4651 0.7854 0.3960
charger_material_0.bmp
 13 11.1588 -2.3738 -0.4508 0.8351 -0.2203 0.5042 0.7717 0.3921
 13 11.2609 -1.2210 -0.6508 0.9886 -0.0230 0.1488 0.7854 0.3901
 13 11.0527 -1.2481 -0.2108 0.8830 -0.0631 0.4651 0.7854 0.3960
charger_material_0.bmp
 13 11.0527 -1.2481 -0.2108 0.8830 -0.0631 0.4651 0.7854 0.3960
 13 11.2609 -1.2210 -0.6508 0.9886 -0.0230 0.1488 0.7854 0.3901
 12 11.3885 0.8973 -0.6324 0.9967 0.0715 0.0378 0.8110 0.3881
charger_material_0.bmp
 13 10.3450 -3.0948 -1.0408 0.6662 -0.7394 0.0972 0.7579 0.3881
 13 10.6124 -2.9794 -1.0908 0.3938 -0.9191 -0.0166 0.7598 0.3861
 13 10.3015 -3.0703 -0.5708 0.6193 -0.6970 0.3615 0.7598 0.3941
charger_material_0.bmp
 13 10.3015 -3.0703 -0.5708 0.6193 -0.6970 0.3615 0.7598 0.3941
 13 10.6124 -2.9794 -1.0908 0.3938 -0.9191 -0.0166 0.7598 0.3861
 13 10.9702 -2.8622 -0.6108 0.6159 -0.7549 0.2253 0.7657 0.3901
charger_material_0.bmp
 13 10.6124 -2.9794 -1.0908 0.3938 -0.9191 -0.0166 0.7598 0.3861
 13 10.9440 -2.8152 -1.1408 0.7527 -0.6258 -0.2046 0.7657 0.3822
 13 10.9702 -2.8622 -0.6108 0.6159 -0.7549 0.2253 0.7657 0.3901
charger_material_0.bmp
 13 10.9702 -2.8622 -0.6108 0.6159 -0.7549 0.2253 0.7657 0.3901
 13 10.9440 -2.8152 -1.1408 0.7527 -0.6258 -0.2046 0.7657 0.3822
 13 11.2605 -2.3808 -0.8008 0.9622 -0.2536 -0.0997 0.7717 0.3861
charger_material_0.bmp
 13 10.9440 -2.8152 -1.1408 0.7527 -0.6258 -0.2046 0.7657 0.3822
 13 11.0795 -2.3841 -1.2108 0.8930 -0.2183 -0.3936 0.7717 0.3802
 13 11.2605 -2.3808 -0.8008 0.9622 -0.2536 -0.0997 0.7717 0.3861
charger_material_0.bmp
 13 11.2605 -2.3808 -0.8008 0.9622 -0.2536 -0.0997 0.7717 0.3861
 13 11.0795 -2.3841 -1.2108 0.8930 -0.2183 -0.3936 0.7717 0.3802
 13 11.1652 -1.1830 -1.2908 0.9703 -0.0357 -0.2391 0.7854 0.3822
charger_material_0.bmp
 13 7.8442 -4.0253 -0.9808 0.1760 -0.9783 -0.1092 0.7205 0.4079
 13 8.1295 -4.2806 -1.0608 -0.0430 -0.9902 -0.1332 0.7244 0.4040
 13 8.1411 -4.3699 -0.5708 -0.3441 -0.9339 0.0973 0.7283 0.4099
charger_material_0.bmp
 13 8.1411 -4.3699 -0.5708 -0.3441 -0.9339 0.0973 0.7283 0.4099
 13 8.1295 -4.2806 -1.0608 -0.0430 -0.9902 -0.1332 0.7244 0.4040
 13 8.7392 -4.1609 -0.5708 0.5261 -0.8473 0.0733 0.7343 0.4059
charger_material_0.bmp
 13 8.1295 -4.2806 -1.0608 -0.0430 -0.9902 -0.1332 0.7244 0.4040
 13 8.6943 -4.1264 -1.1208 0.7375 -0.6701 -0.0834 0.7303 0.4000
 13 8.7392 -4.1609 -0.5708 0.5261 -0.8473 0.0733 0.7343 0.4059
charger_material_0.bmp
 13 8.7392 -4.1609 -0.5708 0.5261 -0.8473 0.0733 0.7343 0.4059
 13 8.6943 -4.1264 -1.1208 0.7375 -0.6701 -0.0834 0.7303 0.4000
 13 9.0856 -3.4906 -0.5208 0.3938 -0.9191 -0.0166 0.7421 0.4040
charger_material_0.bmp
 13 8.6943 -4.1264 -1.1208 0.7375 -0.6701 -0.0834 0.7303 0.4000
 13 9.0985 -3.3579 -1.0608 0.2176 -0.9549 -0.2019 0.7382 0.3960
 13 9.0856 -3.4906 -0.5208 0.3938 -0.9191 -0.0166 0.7421 0.4040
charger_material_0.bmp
 13 9.0856 -3.4906 -0.5208 0.3938 -0.9191 -0.0166 0.7421 0.4040
 13 9.0985 -3.3579 -1.0608 0.2176 -0.9549 -0.2019 0.7382 0.3960
 13 9.5718 -3.7400 -1.1108 -0.1317 -0.9813 -0.1403 0.7441 0.3921
charger_material_0.bmp
 14 -7.0585 5.4403 5.1389 0.1433 -0.3322 -0.9323 0.8071 0.6950
 14 -7.6876 4.1221 5.4613 0.1936 -0.1939 -0.9617 0.8228 0.6812
 14 -8.6490 5.5311 5.0938 0.1379 -0.1631 -0.9769 0.8228 0.6990
charger_material_0.bmp
 14 -8.6490 5.5311 5.0938 0.1379 -0.1631 -0.9769 0.8228 0.6990
 14 -7.6876 4.1221 5.4613 0.1936 -0.1939 -0.9617 0.8228 0.6812
 14 -9.4489 4.0047 4.9918 0.2791 -0.0453 -0.9592 0.8386 0.6990
charger_material_0.bmp
 14 -7.6876 4.1221 5.4613 0.1936 -0.1939 -0.9617 0.8228 0.6812
 14 -8.2205 3.5162 5.3759 0.3439 -0.0808 -0.9355 0.8386 0.6832
 14 -9.4489 4.0047 4.9918 0.2791 -0.0453 -0.9592 0.8386 0.6990
charger_material_0.bmp
 14 -9.4489 4.0047 4.9918 0.2791 -0.0453 -0.9592 0.8386 0.6990
 14 -8.2205 3.5162 5.3759 0.3439 -0.0808 -0.9355 0.8386 0.6832
 14 -9.6164 2.4992 4.8849 0.4196 -0.1162 -0.9003 0.8543 0.6990
charger_material_0.bmp
 14 -8.2205 3.5162 5.3759 0.3439 -0.0808 -0.9355 0.8386 0.6832
 14 -8.2696 2.7220 5.5368 0.4493 -0.1749 -0.8761 0.8543 0.6812
 14 -9.6164 2.4992 4.8849 0.4196 -0.1162 -0.9003 0.8543 0.6990
charger_material_0.bmp
 14 -9.6164 2.4992 4.8849 0.4196 -0.1162 -0.9003 0.8543 0.6990
 14 -8.2696 2.7220 5.5368 0.4493 -0.1749 -0.8761 0.8543 0.6812
 14 -8.0900 2.0053 5.7771 0.4493 -0.1749 -0.8761 0.8701 0.6832
charger_material_0.bmp
 10 3.0113 4.1041 21.6186 -0.7637 0.6173 -0.1891 0.9665 0.2218
 10 4.7487 5.2746 21.8856 -0.3902 0.9031 -0.1794 0.9409 0.2238
 11 3.6045 4.0261 18.8923 -0.6541 0.7438 -0.1371 0.9665 0.1980
charger_material_0.bmp
 11 3.6045 4.0261 18.8923 -0.6541 0.7438 -0.1371 0.9665 0.1980
 10 4.7487 5.2746 21.8856 -0.3902 0.9031 -0.1794 0.9409 0.2238
 11 5.2892 5.0641 19.1934 -0.2762 0.9548 -0.1098 0.9409 0.2000
charger_material_0.bmp
 10 4.7487 5.2746 21.8856 -0.3902 0.9031 -0.1794 0.9409 0.2238
 10 6.7026 5.4605 22.1425 0.1288 0.9853 -0.1122 0.9154 0.2257
 11 5.2892 5.0641 19.1934 -0.2762 0.9548 -0.1098 0.9409 0.2000
charger_material_0.bmp
 11 5.2892 5.0641 19.1934 -0.2762 0.9548 -0.1098 0.9409 0.2000
 10 6.7026 5.4605 22.1425 0.1288 0.9853 -0.1122 0.9154 0.2257
 11 7.1806 5.1502 19.4787 0.2456 0.9659 -0.0816 0.9134 0.2020
charger_material_0.bmp
 10 6.7026 5.4605 22.1425 0.1288 0.9853 -0.1122 0.9154 0.2257
 10 8.4378 4.5357 22.4296 0.6629 0.7487 -0.0071 0.8917 0.2277
 11 7.1806 5.1502 19.4787 0.2456 0.9659 -0.0816 0.9134 0.2020
charger_material_0.bmp
 11 9.4294 -2.1377 7.5712 0.4622 -0.8241 0.3274 0.7697 0.0436
 11 7.6340 -1.9304 9.3838 -0.0316 -0.9971 0.0698 0.7579 0.0673
 11 7.8764 -2.6410 7.4484 -0.1542 -0.9347 0.3203 0.7579 0.0475
charger_material_0.bmp
 11 7.8764 -2.6410 7.4484 -0.1542 -0.9347 0.3203 0.7579 0.0475
 11 7.6340 -1.9304 9.3838 -0.0316 -0.9971 0.0698 0.7579 0.0673
 11 5.6302 -1.1692 7.2288 -0.6070 -0.7887 0.0980 0.7303 0.0455
charger_material_0.bmp
 11 7.6340 -1.9304 9.3838 -0.0316 -0.9971 0.0698 0.7579 0.0673
 11 5.7991 -1.2218 9.5341 -0.5750 -0.8062 -0.1395 0.7323 0.0713
 11 5.6302 -1.1692 7.2288 -0.6070 -0.7887 0.0980 0.7303 0.0455
charger_material_0.bmp
 11 5.6302 -1.1692 7.2288 -0.6070 -0.7887 0.0980 0.7303 0.0455
 11 5.7991 -1.2218 9.5341 -0.5750 -0.8062 -0.1395 0.7323 0.0713
 11 4.7697 0.2555 7.6669 -0.8485 -0.5201 -0.0977 0.7087 0.0475
charger_material_0.bmp
 11 5.7991 -1.2218 9.5341 -0.5750 -0.8062 -0.1395 0.7323 0.0713
 11 4.5192 -0.0367 10.0664 -0.8133 -0.5439 -0.2066 0.7106 0.0792
 11 4.7697 0.2555 7.6669 -0.8485 -0.5201 -0.0977 0.7087 0.0475
charger_material_0.bmp
 15 -7.1494 4.5710 2.8478 0.1567 -0.8637 0.4791 0.2480 0.0238
 15 -7.6382 4.3018 2.5678 0.2048 -0.8750 0.4388 0.2500 0.0158
 15 -6.9760 4.5081 2.6777 -0.3693 -0.3294 0.8690 0.2480 0.0257
charger_material_0.bmp
 15 -6.9760 4.5081 2.6777 -0.3693 -0.3294 0.8690 0.2480 0.0257
 15 -7.6382 4.3018 2.5678 0.2048 -0.8750 0.4388 0.2500 0.0158
 15 -7.3002 4.1873 2.1478 -0.7054 -0.1601 0.6905 0.2539 0.0198
charger_material_0.bmp
 15 -7.6382 4.3018 2.5678 0.2048 -0.8750 0.4388 0.2500 0.0158
 15 -8.0101 3.8460 1.7978 0.3603 -0.7581 0.5435 0.2579 0.0099
 15 -7.3002 4.1873 2.1478 -0.7054 -0.1601 0.6905 0.2539 0.0198
charger_material_0.bmp
 15 -7.3002 4.1873 2.1478 -0.7054 -0.1601 0.6905 0.2539 0.0198
 15 -8.0101 3.8460 1.7978 0.3603 -0.7581 0.5435 0.2579 0.0099
 15 -7.8894 3.6891 1.5378 -0.0218 -0.2835 0.9587 0.2618 0.0119
charger_material_0.bmp
 15 -8.0101 3.8460 1.7978 0.3603 -0.7581 0.5435 0.2579 0.0099
 15 -8.4358 3.0543 1.6678 0.7712 -0.2504 0.5852 0.2697 0.0099
 15 -7.8894 3.6891 1.5378 -0.0218 -0.2835 0.9587 0.2618 0.0119
charger_material_0.bmp
 15 -6.4850 4.7165 2.8777 0.1467 -0.6908 0.7080 0.2421 0.0257
 15 -6.3432 4.5670 2.7577 0.4906 0.4145 0.7665 0.2402 0.0257
 15 -5.8744 4.2942 2.4477 0.0848 -0.6892 0.7196 0.2362 0.0218
charger_material_0.bmp
 15 -5.8744 4.2942 2.4477 0.0848 -0.6892 0.7196 0.2362 0.0218
 15 -6.3432 4.5670 2.7577 0.4906 0.4145 0.7665 0.2402 0.0257
 15 -5.9913 4.2489 2.3377 0.9442 0.2429 0.2226 0.2343 0.0238
charger_material_0.bmp
 15 -6.3432 4.5670 2.7577 0.4906 0.4145 0.7665 0.2402 0.0257
 15 -5.8243 3.9045 3.2777 0.8657 0.4999 0.0243 0.2323 0.0356
 15 -5.9913 4.2489 2.3377 0.9442 0.2429 0.2226 0.2343 0.0238
charger_material_0.bmp
 15 -5.9913 4.2489 2.3377 0.9442 0.2429 0.2226 0.2343 0.0238
 15 -5.8243 3.9045 3.2777 0.8657 0.4999 0.0243 0.2323 0.0356
 15 -5.6025 3.3613 2.3977 0.9358 0.3521 0.0154 0.2244 0.0257
charger_material_0.bmp
 15 -5.8243 3.9045 3.2777 0.8657 0.4999 0.0243 0.2323 0.0356
 15 -5.6430 3.2052 3.2977 0.9702 0.2416 0.0161 0.2244 0.0376
 15 -5.6025 3.3613 2.3977 0.9358 0.3521 0.0154 0.2244 0.0257
charger_material_0.bmp
 15 -7.5859 4.0833 4.2878 -0.6397 0.7683 -0.0246 0.2539 0.0495
 15 -8.0734 3.5920 3.2078 -0.8281 0.5604 0.0138 0.2618 0.0356
 15 -8.1109 3.5364 4.2878 -0.9068 0.4198 -0.0398 0.2618 0.0495
charger_material_0.bmp
 15 -8.1109 3.5364 4.2878 -0.9068 0.4198 -0.0398 0.2618 0.0495
 15 -8.0734 3.5920 3.2078 -0.8281 0.5604 0.0138 0.2618 0.0356
 15 -8.2418 2.9181 3.2578 -0.9960 0.0362 0.0815 0.2697 0.0356
charger_material_0.bmp
 15 -8.0734 3.5920 3.2078 -0.8281 0.5604 0.0138 0.2618 0.0356
 15 -8.3802 3.0168 2.4278 -0.9823 0.1845 0.0326 0.2697 0.0238
 15 -8.2418 2.9181 3.2578 -0.9960 0.0362 0.0815 0.2697 0.0356
charger_material_0.bmp
 15 -8.2418 2.9181 3.2578 -0.9960 0.0362 0.0815 0.2697 0.0356
 15 -8.3802 3.0168 2.4278 -0.9823 0.1845 0.0326 0.2697 0.0238
 15 -8.3486 2.6396 2.4878 -0.9617 -0.2438 0.1254 0.2717 0.0257
charger_material_0.bmp
 15 -8.3802 3.0168 2.4278 -0.9823 0.1845 0.0326 0.2697 0.0238
 15 -8.3511 2.3878 1.8278 -0.8552 -0.0698 0.5135 0.2756 0.0158
 15 -8.3486 2.6396 2.4878 -0.9617 -0.2438 0.1254 0.2717 0.0257
charger_material_0.bmp
 14 -5.3324 2.9411 6.0118 0.9864 0.0220 -0.1627 0.3169 0.0752
 14 -5.3396 2.2889 6.0748 0.9746 -0.1662 -0.1501 0.3110 0.0772
 15 -5.5608 2.5189 4.5777 0.9887 -0.0820 -0.1257 0.3110 0.0554
charger_material_0.bmp
 15 -5.5608 2.5189 4.5777 0.9887 -0.0820 -0.1257 0.3110 0.0554
 14 -5.3396 2.2889 6.0748 0.9746 -0.1662 -0.1501 0.3110 0.0772
 15 -5.6835 1.8088 4.5977 0.8344 -0.5271 -0.1609 0.3031 0.0574
charger_material_0.bmp
 14 -5.3396 2.2889 6.0748 0.9746 -0.1662 -0.1501 0.3110 0.0772
 14 -5.5484 1.6004 6.1317 0.7846 -0.5951 -0.1740 0.3051 0.0772
 15 -5.6835 1.8088 4.5977 0.8344 -0.5271 -0.1609 0.3031 0.0574
charger_material_0.bmp
 15 -5.6835 1.8088 4.5977 0.8344 -0.5271 -0.1609 0.3031 0.0574
 14 -5.5484 1.6004 6.1317 0.7846 -0.5951 -0.1740 0.3051 0.0772
 15 -6.3623 1.2416 4.6077 0.4615 -0.8601 -0.2176 0.2953 0.0594
charger_material_0.bmp
 14 -5.5484 1.6004 6.1317 0.7846 -0.5951 -0.1740 0.3051 0.0772
 14 -6.2830 0.8235 6.1553 0.3075 -0.9176 -0.2519 0.2953 0.0792
 15 -6.3623 1.2416 4.6077 0.4615 -0.8601 -0.2176 0.2953 0.0594
charger_material_0.bmp
 15 -5.7049 2.4973 2.4977 0.9785 -0.1976 -0.0584 0.3091 0.0277
 15 -5.7918 1.9842 3.2977 0.8952 -0.4434 -0.0440 0.3031 0.0396
 15 -5.8771 1.7936 2.7377 0.7552 -0.6504 0.0822 0.3012 0.0317
charger_material_0.bmp
 15 -5.7049 2.4973 2.4977 0.9785 -0.1976 -0.0584 0.3091 0.0277
 15 -5.6510 2.6012 3.3077 0.9948 -0.0866 -0.0537 0.3110 0.0376
 15 -5.7918 1.9842 3.2977 0.8952 -0.4434 -0.0440 0.3031 0.0396
charger_material_0.bmp
 15 -5.7049 2.4973 2.4977 0.9785 -0.1976 -0.0584 0.3091 0.0277
 15 -5.6430 3.2052 3.2977 0.9987 -0.0466 -0.0188 0.3169 0.0376
 15 -5.6510 2.6012 3.3077 0.9948 -0.0866 -0.0537 0.3110 0.0376
charger_material_0.bmp
 15 -5.7049 2.4973 2.4977 0.9785 -0.1976 -0.0584 0.3091 0.0277
 15 -5.6025 3.3613 2.3977 0.9901 -0.1400 0.0081 0.3169 0.0257
 15 -5.6430 3.2052 3.2977 0.9987 -0.0466 -0.0188 0.3169 0.0376
charger_material_0.bmp
 15 -5.7049 2.4973 2.4977 0.9785 -0.1976 -0.0584 0.3091 0.0277
 15 -5.6090 3.3117 1.7677 0.9884 -0.1470 -0.0376 0.3169 0.0158
 15 -5.6025 3.3613 2.3977 0.9901 -0.1400 0.0081 0.3169 0.0257
charger_material_0.bmp
 13 6.5032 -4.4922 -0.2408 -0.8897 -0.2878 0.3543 0.7106 0.4297
 13 6.8119 -4.4621 0.1792 -0.4268 -0.5751 0.6980 0.7165 0.4297
 13 6.4783 -4.2232 -0.2008 -0.0762 -0.8566 0.5104 0.7106 0.4337
charger_material_0.bmp
 13 6.4783 -4.2232 -0.2008 -0.0762 -0.8566 0.5104 0.7106 0.4337
 13 6.8119 -4.4621 0.1792 -0.4268 -0.5751 0.6980 0.7165 0.4297
 13 6.5896 -3.9162 0.4092 0.1822 -0.7664 0.6160 0.7205 0.4376
charger_material_0.bmp
 13 6.8119 -4.4621 0.1792 -0.4268 -0.5751 0.6980 0.7165 0.4297
 13 7.2440 -4.0630 0.4792 0.1129 -0.6578 0.7446 0.7264 0.4317
 13 6.5896 -3.9162 0.4092 0.1822 -0.7664 0.6160 0.7205 0.4376
charger_material_0.bmp
 13 6.5896 -3.9162 0.4092 0.1822 -0.7664 0.6160 0.7205 0.4376
 13 7.2440 -4.0630 0.4792 0.1129 -0.6578 0.7446 0.7264 0.4317
 13 6.7005 -3.5287 0.9392 0.1394 -0.6754 0.7242 0.7283 0.4436
charger_material_0.bmp
 13 7.2440 -4.0630 0.4792 0.1129 -0.6578 0.7446 0.7264 0.4317
 13 7.3110 -3.5703 0.9892 0.2320 -0.5972 0.7679 0.7343 0.4356
 13 6.7005 -3.5287 0.9392 0.1394 -0.6754 0.7242 0.7283 0.4436
charger_material_0.bmp
 13 7.9270 -3.7321 0.2292 0.2674 -0.7260 0.6336 0.7343 0.4218
 13 8.5384 -3.7030 0.2792 0.2888 -0.6164 0.7326 0.7402 0.4178
 13 7.9561 -3.3351 0.7792 0.2888 -0.6164 0.7326 0.7402 0.4297
charger_material_0.bmp
 13 7.9561 -3.3351 0.7792 0.2888 -0.6164 0.7326 0.7402 0.4297
 13 8.5384 -3.7030 0.2792 0.2888 -0.6164 0.7326 0.7402 0.4178
 13 8.5554 -3.1361 0.7192 0.5032 -0.4929 0.7098 0.7480 0.4238
charger_material_0.bmp
 13 8.5384 -3.7030 0.2792 0.2888 -0.6164 0.7326 0.7402 0.4178
 13 9.1322 -3.3837 -0.0708 0.3318 -0.6900 0.6433 0.7461 0.4079
 13 8.5554 -3.1361 0.7192 0.5032 -0.4929 0.7098 0.7480 0.4238
charger_material_0.bmp
 13 8.5554 -3.1361 0.7192 0.5032 -0.4929 0.7098 0.7480 0.4238
 13 9.1322 -3.3837 -0.0708 0.3318 -0.6900 0.6433 0.7461 0.4079
 13 9.1401 -2.7474 0.3692 0.2982 -0.5109 0.8062 0.7559 0.4158
charger_material_0.bmp
 13 9.1322 -3.3837 -0.0708 0.3318 -0.6900 0.6433 0.7461 0.4079
 13 9.6866 -3.3822 0.0492 0.3706 -0.5578 0.7427 0.7539 0.4040
 13 9.1401 -2.7474 0.3692 0.2982 -0.5109 0.8062 0.7559 0.4158
charger_material_0.bmp
 13 7.4141 -4.8275 -0.9708 0.1547 -0.4393 -0.8849 0.5984 0.4198
 13 7.4427 -4.3498 -1.1908 0.3010 -0.2841 -0.9103 0.6043 0.4158
 13 7.6897 -4.3882 -0.9808 0.6237 -0.3499 -0.6990 0.6043 0.4198
charger_material_0.bmp
 13 7.6897 -4.3882 -0.9808 0.6237 -0.3499 -0.6990 0.6043 0.4198
 13 7.4427 -4.3498 -1.1908 0.3010 -0.2841 -0.9103 0.6043 0.4158
 13 7.8442 -4.0253 -0.9808 0.0150 -0.6081 -0.7937 0.6102 0.4198
charger_material_0.bmp
 13 7.4427 -4.3498 -1.1908 0.3010 -0.2841 -0.9103 0.6043 0.4158
 13 7.7050 -3.7308 -1.2208 -0.0256 -0.2308 -0.9727 0.6122 0.4158
 13 7.8442 -4.0253 -0.9808 0.0150 -0.6081 -0.7937 0.6102 0.4198
charger_material_0.bmp
 13 7.8442 -4.0253 -0.9808 0.0150 -0.6081 -0.7937 0.6102 0.4198
 13 7.7050 -3.7308 -1.2208 -0.0256 -0.2308 -0.9727 0.6122 0.4158
 13 8.0852 -4.0948 -1.2208 -0.2436 -0.5638 -0.7892 0.6122 0.4238
charger_material_0.bmp
 13 7.7050 -3.7308 -1.2208 -0.0256 -0.2308 -0.9727 0.6122 0.4158
 13 8.6858 -3.9057 -1.2808 0.3427 -0.3188 -0.8837 0.6181 0.4277
 13 8.0852 -4.0948 -1.2208 -0.2436 -0.5638 -0.7892 0.6122 0.4238
charger_material_0.bmp
 12 6.0890 3.2633 -1.2923 -0.3812 -0.0284 -0.9240 0.6732 0.3545
 12 5.8445 0.5692 -1.2723 -0.3734 0.0897 -0.9233 0.6437 0.3683
 12 5.2202 1.8796 -0.3822 -0.6564 0.0535 -0.7525 0.6516 0.3505
charger_material_0.bmp
 12 5.2202 1.8796 -0.3822 -0.6564 0.0535 -0.7525 0.6516 0.3505
 12 5.8445 0.5692 -1.2723 -0.3734 0.0897 -0.9233 0.6437 0.3683
 12 4.7240 0.4234 -0.5122 -0.5639 0.2170 -0.7969 0.6339 0.3564
charger_material_0.bmp
 12 5.8445 0.5692 -1.2723 -0.3734 0.0897 -0.9233 0.6437 0.3683
 13 5.3243 -0.9346 -1.2208 -0.4265 0.0384 -0.9037 0.6260 0.3723
 12 4.7240 0.4234 -0.5122 -0.5639 0.2170 -0.7969 0.6339 0.3564
charger_material_0.bmp
 12 4.7240 0.4234 -0.5122 -0.5639 0.2170 -0.7969 0.6339 0.3564
 13 5.3243 -0.9346 -1.2208 -0.4265 0.0384 -0.9037 0.6260 0.3723
 13 4.1758 -0.9428 -0.4808 -0.5750 0.0458 -0.8169 0.6201 0.3584
charger_material_0.bmp
 13 5.3243 -0.9346 -1.2208 -0.4265 0.0384 -0.9037 0.6260 0.3723
 13 4.3905 -2.4376 -0.4508 -0.5854 -0.0030 -0.8108 0.6043 0.3683
 13 4.1758 -0.9428 -0.4808 -0.5750 0.0458 -0.8169 0.6201 0.3584
charger_material_0.bmp
 12 5.4140 6.5134 0.6877 -0.8584 0.4863 0.1631 0.9429 0.3921
 12 5.0880 4.9886 0.0277 -0.9947 0.0928 -0.0443 0.9626 0.3861
 12 5.2803 4.9833 0.8877 -0.9774 0.1023 0.1850 0.9606 0.3960
charger_material_0.bmp
 12 5.4140 6.5134 0.6877 -0.8584 0.4863 0.1631 0.9429 0.3921
 12 5.3808 6.4586 -0.0023 -0.8149 0.5574 -0.1590 0.9449 0.3822
 12 5.0880 4.9886 0.0277 -0.9947 0.0928 -0.0443 0.9626 0.3861
charger_material_0.bmp
 12 5.4140 6.5134 0.6877 -0.8584 0.4863 0.1631 0.9429 0.3921
 12 6.4641 7.3559 -0.0323 -0.3728 0.8908 -0.2598 0.9272 0.3822
 12 5.3808 6.4586 -0.0023 -0.8149 0.5574 -0.1590 0.9449 0.3822
charger_material_0.bmp
 12 5.4140 6.5134 0.6877 -0.8584 0.4863 0.1631 0.9429 0.3921
 12 6.3870 7.4064 0.7577 -0.3774 0.9202 0.1043 0.9272 0.3921
 12 6.4641 7.3559 -0.0323 -0.3728 0.8908 -0.2598 0.9272 0.3822
charger_material_0.bmp
 12 5.4140 6.5134 0.6877 -0.8584 0.4863 0.1631 0.9429 0.3921
 12 6.7792 7.1045 2.4777 -0.4778 0.8407 0.2549 0.9252 0.4139
 12 6.3870 7.4064 0.7577 -0.3774 0.9202 0.1043 0.9272 0.3921
charger_material_0.bmp
 12 11.0248 3.6937 2.6476 0.9693 0.1768 -0.1707 0.8524 0.4257
 12 10.6013 3.5378 1.5376 0.9601 0.1866 -0.2085 0.8484 0.4119
 12 10.6694 4.5652 2.9476 0.8739 0.4500 -0.1837 0.8642 0.4277
charger_material_0.bmp
 12 11.0248 3.6937 2.6476 0.9693 0.1768 -0.1707 0.8524 0.4257
 12 11.0590 2.8108 2.8376 0.9715 -0.1546 -0.1796 0.8406 0.4317
 12 10.6013 3.5378 1.5376 0.9601 0.1866 -0.2085 0.8484 0.4119
charger_material_0.bmp
 12 11.0248 3.6937 2.6476 0.9693 0.1768 -0.1707 0.8524 0.4257
 12 11.0501 3.1121 4.0176 0.9832 -0.1592 0.0895 0.8484 0.4436
 12 11.0590 2.8108 2.8376 0.9715 -0.1546 -0.1796 0.8406 0.4317
charger_material_0.bmp
 12 11.0248 3.6937 2.6476 0.9693 0.1768 -0.1707 0.8524 0.4257
 12 11.0637 3.8601 4.0876 0.9695 0.2451 0.0017 0.8563 0.4436
 12 11.0501 3.1121 4.0176 0.9832 -0.1592 0.0895 0.8484 0.4436
charger_material_0.bmp
 12 11.0248 3.6937 2.6476 0.9693 0.1768 -0.1707 0.8524 0.4257
 12 10.6694 4.5652 2.9476 0.8739 0.4500 -0.1837 0.8642 0.4277
 12 11.0637 3.8601 4.0876 0.9695 0.2451 0.0017 0.8563 0.4436
charger_material_0.bmp
 11 8.0556 6.5496 7.4390 0.0896 0.2795 -0.9559 0.9272 0.0198
 11 6.7761 6.6052 7.4799 -0.0257 0.2174 -0.9757 0.9488 0.0257
 11 8.2801 6.9978 7.5950 0.0627 0.2180 -0.9739 0.9232 0.0277
charger_material_0.bmp
 11 8.2801 6.9978 7.5950 0.0627 0.2180 -0.9739 0.9232 0.0277
 11 6.7761 6.6052 7.4799 -0.0257 0.2174 -0.9757 0.9488 0.0257
 11 6.4437 7.1226 7.5730 -0.0477 0.1451 -0.9883 0.9488 0.0337
charger_material_0.bmp
 11 6.7761 6.6052 7.4799 -0.0257 0.2174 -0.9757 0.9488 0.0257
 11 5.2352 5.4228 7.4779 -0.1298 0.0505 -0.9903 0.9744 0.0356
 11 6.4437 7.1226 7.5730 -0.0477 0.1451 -0.9883 0.9488 0.0337
charger_material_0.bmp
 11 6.4437 7.1226 7.5730 -0.0477 0.1451 -0.9883 0.9488 0.0337
 11 5.2352 5.4228 7.4779 -0.1298 0.0505 -0.9903 0.9744 0.0356
 11 4.6170 6.1525 7.6110 -0.1298 0.0505 -0.9903 0.9705 0.0436
charger_material_0.bmp
 11 5.2352 5.4228 7.4779 -0.1298 0.0505 -0.9903 0.9744 0.0356
 11 3.7697 4.1278 7.7524 -0.1722 -0.0161 -0.9849 0.9921 0.0495
 11 4.6170 6.1525 7.6110 -0.1298 0.0505 -0.9903 0.9705 0.0436
charger_material_0.bmp
 11 5.4916 0.6636 7.5501 -0.1722 -0.0161 -0.9849 0.7087 0.0337
 11 6.5031 -0.1997 7.4066 -0.0147 0.0809 -0.9966 0.7323 0.0277
 11 4.7697 0.2555 7.6669 -0.1298 0.0505 -0.9903 0.7087 0.0475
charger_material_0.bmp
 11 4.7697 0.2555 7.6669 -0.1298 0.0505 -0.9903 0.7087 0.0475
 11 6.5031 -0.1997 7.4066 -0.0147 0.0809 -0.9966 0.7323 0.0277
 11 5.6302 -1.1692 7.2288 0.0925 0.1217 -0.9883 0.7303 0.0455
charger_material_0.bmp
 11 6.5031 -0.1997 7.4066 -0.0147 0.0809 -0.9966 0.7323 0.0277
 11 7.7382 -0.6425 7.6483 0.1188 0.0850 -0.9893 0.7520 0.0257
 11 5.6302 -1.1692 7.2288 0.0925 0.1217 -0.9883 0.7303 0.0455
charger_material_0.bmp
 11 5.6302 -1.1692 7.2288 0.0925 0.1217 -0.9883 0.7303 0.0455
 11 7.7382 -0.6425 7.6483 0.1188 0.0850 -0.9893 0.7520 0.0257
 11 7.8764 -2.6410 7.4484 0.0925 0.1217 -0.9883 0.7579 0.0475
charger_material_0.bmp
 11 7.7382 -0.6425 7.6483 0.1188 0.0850 -0.9893 0.7520 0.0257
 11 9.4294 -2.1377 7.5712 0.0755 0.0904 -0.9930 0.7697 0.0436
 11 7.8764 -2.6410 7.4484 0.0925 0.1217 -0.9883 0.7579 0.0475
charger_material_0.bmp
  9 -1.1604 4.8720 26.1704 0.8539 0.4209 -0.3060 0.7559 0.9386
  9 -2.0683 4.3942 23.5429 0.8329 0.4377 -0.3386 0.7618 0.9109
  9 -3.4267 5.4125 23.8980 0.3340 0.9073 -0.2555 0.7776 0.9149
charger_material_0.bmp
  9 -3.4267 5.4125 23.8980 0.3340 0.9073 -0.2555 0.7776 0.9149
  9 -2.0683 4.3942 23.5429 0.8329 0.4377 -0.3386 0.7618 0.9109
  9 -4.0809 4.9176 21.2987 0.3340 0.9073 -0.2555 0.7815 0.8871
charger_material_0.bmp
  9 -2.0683 4.3942 23.5429 0.8329 0.4377 -0.3386 0.7618 0.9109
  9 -2.9342 3.9268 21.0417 0.8204 0.4788 -0.3125 0.7677 0.8851
  9 -4.0809 4.9176 21.2987 0.3340 0.9073 -0.2555 0.7815 0.8871
charger_material_0.bmp
  9 -4.0809 4.9176 21.2987 0.3340 0.9073 -0.2555 0.7815 0.8871
  9 -2.9342 3.9268 21.0417 0.8204 0.4788 -0.3125 0.7677 0.8851
 14 -4.5664 4.5694 19.1073 0.4051 0.8990 -0.1666 0.7835 0.8653
charger_material_0.bmp
  9 -2.9342 3.9268 21.0417 0.8204 0.4788 -0.3125 0.7677 0.8851
 14 -3.5249 3.4987 18.9118 0.8330 0.5214 -0.1851 0.7697 0.8634
 14 -4.5664 4.5694 19.1073 0.4051 0.8990 -0.1666 0.7835 0.8653
charger_material_0.bmp
  9 -4.6958 6.4686 27.1738 0.0247 0.9720 -0.2338 0.7933 0.9485
  9 -5.2791 5.6882 24.2689 -0.0493 0.9733 -0.2243 0.7972 0.9168
  9 -6.8377 6.0356 27.5995 -0.4340 0.8807 -0.1896 0.8150 0.9505
charger_material_0.bmp
  9 -6.8377 6.0356 27.5995 -0.4340 0.8807 -0.1896 0.8150 0.9505
  9 -5.2791 5.6882 24.2689 -0.0493 0.9733 -0.2243 0.7972 0.9168
  9 -6.9256 5.2442 24.2968 -0.4028 0.9049 -0.1378 0.8130 0.9149
charger_material_0.bmp
  9 -5.2791 5.6882 24.2689 -0.0493 0.9733 -0.2243 0.7972 0.9168
  9 -5.6509 5.0777 21.4716 -0.0206 0.9910 -0.1326 0.7992 0.8871
  9 -6.9256 5.2442 24.2968 -0.4028 0.9049 -0.1378 0.8130 0.9149
charger_material_0.bmp
  9 -6.9256 5.2442 24.2968 -0.4028 0.9049 -0.1378 0.8130 0.9149
  9 -5.6509 5.0777 21.4716 -0.0206 0.9910 -0.1326 0.7992 0.8871
  9 -7.1143 4.8861 21.5122 -0.3166 0.9476 -0.0423 0.8130 0.8851
charger_material_0.bmp
  9 -5.6509 5.0777 21.4716 -0.0206 0.9910 -0.1326 0.7992 0.8871
 14 -5.9084 4.9577 19.2373 0.0585 0.9947 -0.0840 0.7992 0.8653
  9 -7.1143 4.8861 21.5122 -0.3166 0.9476 -0.0423 0.8130 0.8851
charger_material_0.bmp
 10 9.1917 -2.3323 25.5907 0.8404 -0.5264 0.1288 0.8031 0.2574
 10 10.0483 0.0485 25.6568 0.9930 -0.0656 0.0983 0.8307 0.2574
 10 8.8528 -1.6491 28.7882 0.9256 -0.3386 0.1691 0.8091 0.2911
charger_material_0.bmp
 10 9.1917 -2.3323 25.5907 0.8404 -0.5264 0.1288 0.8031 0.2574
 10 10.2776 -0.0702 22.8564 0.9819 -0.1734 0.0761 0.8307 0.2297
 10 10.0483 0.0485 25.6568 0.9930 -0.0656 0.0983 0.8307 0.2574
charger_material_0.bmp
 10 9.1917 -2.3323 25.5907 0.8404 -0.5264 0.1288 0.8031 0.2574
 10 9.3712 -2.4512 22.7857 0.7961 -0.5986 0.0894 0.8031 0.2297
 10 10.2776 -0.0702 22.8564 0.9819 -0.1734 0.0761 0.8307 0.2297
charger_material_0.bmp
 10 9.1917 -2.3323 25.5907 0.8404 -0.5264 0.1288 0.8031 0.2574
 10 7.5215 -3.7790 25.2619 0.4470 -0.8836 0.1392 0.7795 0.2554
 10 9.3712 -2.4512 22.7857 0.7961 -0.5986 0.0894 0.8031 0.2297
charger_material_0.bmp
 10 9.1917 -2.3323 25.5907 0.8404 -0.5264 0.1288 0.8031 0.2574
 10 7.3289 -3.0988 28.1810 0.4693 -0.8531 0.2279 0.7854 0.2871
 10 7.5215 -3.7790 25.2619 0.4470 -0.8836 0.1392 0.7795 0.2554
charger_material_0.bmp
 11 3.4675 3.8066 10.3864 -0.9236 0.3795 -0.0537 0.9921 0.0812
 11 3.2090 3.4937 12.8737 -0.9131 0.3962 0.0967 0.9921 0.1089
 11 4.0262 5.3672 13.0652 -0.7263 0.6639 0.1780 0.9665 0.1050
charger_material_0.bmp
 11 4.0262 5.3672 13.0652 -0.7263 0.6639 0.1780 0.9665 0.1050
 11 3.2090 3.4937 12.8737 -0.9131 0.3962 0.0967 0.9921 0.1089
 11 4.0680 4.4313 15.1605 -0.7302 0.6705 0.1314 0.9665 0.1485
charger_material_0.bmp
 11 3.2090 3.4937 12.8737 -0.9131 0.3962 0.0967 0.9921 0.1089
 11 3.2059 2.7900 14.7907 -0.8920 0.4503 0.0400 0.9921 0.1485
 11 4.0680 4.4313 15.1605 -0.7302 0.6705 0.1314 0.9665 0.1485
charger_material_0.bmp
 11 4.0680 4.4313 15.1605 -0.7302 0.6705 0.1314 0.9665 0.1485
 11 3.2059 2.7900 14.7907 -0.8920 0.4503 0.0400 0.9921 0.1485
 11 2.9567 2.5813 16.4115 -0.8541 0.5181 -0.0467 0.9921 0.1683
charger_material_0.bmp
 11 2.9567 2.5813 16.4115 -0.9789 0.0854 -0.1857 0.6575 0.1683
 11 2.5345 0.3266 17.1810 -0.9702 -0.0567 -0.2354 0.6850 0.1822
 11 2.7860 2.5183 17.5009 -0.9795 0.1213 -0.1606 0.6575 0.1822
charger_material_0.bmp
 11 2.7860 2.5183 17.5009 -0.9795 0.1213 -0.1606 0.6575 0.1822
 11 2.5345 0.3266 17.1810 -0.9702 -0.0567 -0.2354 0.6850 0.1822
 11 2.5932 2.4218 18.6145 -0.9795 0.1213 -0.1606 0.6575 0.1960
charger_material_0.bmp
 11 2.5345 0.3266 17.1810 -0.9702 -0.0567 -0.2354 0.6850 0.1822
 11 2.2377 0.0790 18.4488 -0.9702 -0.0567 -0.2354 0.6870 0.1980
 11 2.5932 2.4218 18.6145 -0.9795 0.1213 -0.1606 0.6575 0.1960
charger_material_0.bmp
 11 2.5932 2.4218 18.6145 -0.9795 0.1213 -0.1606 0.6575 0.1960
 11 2.2377 0.0790 18.4488 -0.9702 -0.0567 -0.2354 0.6870 0.1980
 10 2.0197 2.2584 21.4660 -0.9814 0.1011 -0.1630 0.6575 0.2198
charger_material_0.bmp
 11 7.2866 4.8382 17.4780 0.2583 0.9660 0.0089 0.9154 0.1743
 11 8.8273 4.1287 18.5549 0.6787 0.7321 -0.0593 0.8898 0.1881
 11 8.8560 3.9820 17.5990 0.6006 0.7921 0.1084 0.8898 0.1743
charger_material_0.bmp
 11 8.8560 3.9820 17.5990 0.6006 0.7921 0.1084 0.8898 0.1743
 11 8.8273 4.1287 18.5549 0.6787 0.7321 -0.0593 0.8898 0.1881
 11 9.9641 2.5476 17.5264 0.8673 0.4864 0.1058 0.8642 0.1743
charger_material_0.bmp
 11 8.8273 4.1287 18.5549 0.6787 0.7321 -0.0593 0.8898 0.1881
 11 10.0922 2.4628 18.7518 0.9248 0.3804 -0.0074 0.8622 0.1901
 11 9.9641 2.5476 17.5264 0.8673 0.4864 0.1058 0.8642 0.1743
charger_material_0.bmp
 11 9.9641 2.5476 17.5264 0.8673 0.4864 0.1058 0.8642 0.1743
 11 10.0922 2.4628 18.7518 0.9248 0.3804 -0.0074 0.8622 0.1901
 11 10.4609 0.4932 17.2515 0.9995 0.0246 0.0178 0.8346 0.1723
charger_material_0.bmp
 16 -9.0945 -3.0156 -0.7808 -0.9821 -0.1825 0.0464 0.1102 0.5129
 16 -8.6142 -4.4395 -1.0408 -0.8514 -0.5197 -0.0708 0.0984 0.5347
 16 -8.6883 -4.3895 -0.5308 -0.8134 -0.5604 0.1560 0.0945 0.5287
charger_material_0.bmp
 16 -9.0945 -3.0156 -0.7808 -0.9821 -0.1825 0.0464 0.1102 0.5129
 16 -9.0375 -3.0432 -1.4108 -0.9730 -0.1982 -0.1187 0.1181 0.5188
 16 -8.6142 -4.4395 -1.0408 -0.8514 -0.5197 -0.0708 0.0984 0.5347
charger_material_0.bmp
 16 -9.0945 -3.0156 -0.7808 -0.9821 -0.1825 0.0464 0.1102 0.5129
 15 -9.1468 -1.1692 -1.4723 -0.9873 0.0640 -0.1452 0.1339 0.4931
 16 -9.0375 -3.0432 -1.4108 -0.9730 -0.1982 -0.1187 0.1181 0.5188
charger_material_0.bmp
 16 -9.0945 -3.0156 -0.7808 -0.9821 -0.1825 0.0464 0.1102 0.5129
 15 -9.2731 -1.1326 -0.8623 -0.9951 0.0954 0.0244 0.1260 0.4871
 15 -9.1468 -1.1692 -1.4723 -0.9873 0.0640 -0.1452 0.1339 0.4931
charger_material_0.bmp
 16 -7.0516 -4.9856 -0.0908 0.1711 -0.9342 0.3130 0.0709 0.5287
 16 -6.2360 -4.6077 -0.3908 0.7201 -0.6798 0.1389 0.0591 0.5267
 15 -6.4632 -4.2613 0.6177 0.6037 -0.4342 0.6686 0.0669 0.5168
charger_material_0.bmp
 15 -6.4632 -4.2613 0.6177 0.6037 -0.4342 0.6686 0.0669 0.5168
 16 -6.2360 -4.6077 -0.3908 0.7201 -0.6798 0.1389 0.0591 0.5267
 15 -6.0729 -3.3541 0.4277 0.7937 -0.2551 0.5523 0.0591 0.5069
charger_material_0.bmp
 16 -6.2360 -4.6077 -0.3908 0.7201 -0.6798 0.1389 0.0591 0.5267
 16 -5.6715 -3.6021 -0.6908 0.9150 -0.3876 0.1117 0.0453 0.5149
 15 -6.0729 -3.3541 0.4277 0.7937 -0.2551 0.5523 0.0591 0.5069
charger_material_0.bmp
 15 -6.0729 -3.3541 0.4277 0.7937 -0.2551 0.5523 0.0591 0.5069
 16 -5.6715 -3.6021 -0.6908 0.9150 -0.3876 0.1117 0.0453 0.5149
 15 -5.3314 -2.1497 -0.7623 0.9885 -0.1167 0.0960 0.0374 0.4950
charger_material_0.bmp
 15 -8.3326 -0.1054 1.6677 -0.7686 -0.2375 0.5941 0.0945 0.4574
 15 -9.0811 -1.4400 0.1477 -0.9173 -0.0790 0.3902 0.1102 0.4851
 15 -8.3618 -1.9571 0.9677 -0.5004 -0.2679 0.8233 0.0925 0.4871
charger_material_0.bmp
 15 -8.3326 -0.1054 1.6677 -0.7686 -0.2375 0.5941 0.0945 0.4574
 15 -8.8989 0.2708 0.3177 -0.9703 0.0907 0.2244 0.1181 0.4574
 15 -9.0811 -1.4400 0.1477 -0.9173 -0.0790 0.3902 0.1102 0.4851
charger_material_0.bmp
 15 -8.3326 -0.1054 1.6677 -0.7686 -0.2375 0.5941 0.0945 0.4574
 15 -8.7523 1.7846 0.4278 -0.9977 0.0510 0.0441 0.1260 0.4317
 15 -8.8989 0.2708 0.3177 -0.9703 0.0907 0.2244 0.1181 0.4574
charger_material_0.bmp
 15 -8.3326 -0.1054 1.6677 -0.7686 -0.2375 0.5941 0.0945 0.4574
 15 -8.7113 1.7893 2.2578 -0.7807 0.1163 0.6140 0.1004 0.4317
 15 -8.7523 1.7846 0.4278 -0.9977 0.0510 0.0441 0.1260 0.4317
charger_material_0.bmp
 15 -5.5900 1.9076 -0.5823 0.9747 -0.1697 -0.1454 0.0236 0.4337
 15 -5.6923 1.0436 0.7977 0.9885 -0.1167 0.0960 0.0453 0.4416
 15 -5.7743 1.0341 -0.5823 0.9906 0.0045 -0.1367 0.0256 0.4475
charger_material_0.bmp
 15 -5.7743 1.0341 -0.5823 0.9906 0.0045 -0.1367 0.0256 0.4475
 15 -5.6923 1.0436 0.7977 0.9885 -0.1167 0.0960 0.0453 0.4416
 15 -5.6088 -0.0968 0.5277 0.9716 0.0026 0.2365 0.0453 0.4594
charger_material_0.bmp
 15 -5.6923 1.0436 0.7977 0.9885 -0.1167 0.0960 0.0453 0.4416
 15 -6.0424 -0.2521 1.6477 0.7937 -0.2551 0.5523 0.0630 0.4574
 15 -5.6088 -0.0968 0.5277 0.9716 0.0026 0.2365 0.0453 0.4594
charger_material_0.bmp
 15 -5.6088 -0.0968 0.5277 0.9716 0.0026 0.2365 0.0453 0.4594
 15 -6.0424 -0.2521 1.6477 0.7937 -0.2551 0.5523 0.0630 0.4574
 15 -6.1182 -1.9969 0.9177 0.5384 -0.2635 0.8004 0.0610 0.4851
charger_material_0.bmp
 15 -7.2410 3.8670 -1.6423 -0.0271 0.1802 -0.9833 0.3583 0.9406
 15 -6.5180 3.8435 -1.6223 0.0784 0.1666 -0.9829 0.3583 0.9525
 15 -6.6982 2.3039 -1.5023 0.0966 -0.1052 -0.9898 0.3386 0.9525
charger_material_0.bmp
 15 -7.2410 3.8670 -1.6423 -0.0271 0.1802 -0.9833 0.3583 0.9406
 15 -6.3559 5.2443 -1.1123 0.0323 0.3561 -0.9339 0.3839 0.9525
 15 -6.5180 3.8435 -1.6223 0.0784 0.1666 -0.9829 0.3583 0.9525
charger_material_0.bmp
 15 -7.2410 3.8670 -1.6423 -0.0271 0.1802 -0.9833 0.3583 0.9406
 15 -7.2238 5.3169 -1.0422 -0.0018 0.3811 -0.9245 0.3839 0.9386
 15 -6.3559 5.2443 -1.1123 0.0323 0.3561 -0.9339 0.3839 0.9525
charger_material_0.bmp
 15 -7.2410 3.8670 -1.6423 -0.0271 0.1802 -0.9833 0.3583 0.9406
 15 -7.8217 5.0619 -1.1622 0.0323 0.3561 -0.9339 0.3819 0.9327
 15 -7.2238 5.3169 -1.0422 -0.0018 0.3811 -0.9245 0.3839 0.9386
charger_material_0.bmp
 13 5.2475 -5.1497 -0.1008 -0.0281 -0.9932 0.1130 0.6969 0.4475
 13 5.9970 -4.7093 0.2392 0.5998 -0.7224 0.3441 0.7067 0.4436
 13 5.3951 -4.8885 0.5692 0.1593 -0.7863 0.5970 0.7067 0.4495
charger_material_0.bmp
 13 5.2475 -5.1497 -0.1008 -0.0281 -0.9932 0.1130 0.6969 0.4475
 13 6.0314 -4.8965 -0.2508 0.6521 -0.7573 -0.0361 0.7008 0.4396
 13 5.9970 -4.7093 0.2392 0.5998 -0.7224 0.3441 0.7067 0.4436
charger_material_0.bmp
 13 5.2475 -5.1497 -0.1008 -0.0281 -0.9932 0.1130 0.6969 0.4475
 13 5.8995 -4.8128 -0.6508 0.4497 -0.8510 -0.2713 0.6969 0.4376
 13 6.0314 -4.8965 -0.2508 0.6521 -0.7573 -0.0361 0.7008 0.4396
charger_material_0.bmp
 13 5.2475 -5.1497 -0.1008 -0.0281 -0.9932 0.1130 0.6969 0.4475
 13 5.1601 -5.0199 -0.6708 -0.2993 -0.9488 -0.1011 0.6890 0.4475
 13 5.8995 -4.8128 -0.6508 0.4497 -0.8510 -0.2713 0.6969 0.4376
charger_material_0.bmp
 12 4.7700 2.6278 3.0578 -0.9982 -0.0438 0.0405 0.7520 0.5347
 12 4.8915 0.9192 1.3378 -0.9983 0.0536 -0.0212 0.7303 0.5149
 12 4.9787 1.3339 3.0478 -0.9605 -0.1704 0.2202 0.7520 0.5188
charger_material_0.bmp
 12 4.7700 2.6278 3.0578 -0.9982 -0.0438 0.0405 0.7520 0.5347
 12 5.1174 3.6008 1.1277 -0.9936 0.0643 -0.0931 0.7303 0.5465
 12 4.8915 0.9192 1.3378 -0.9983 0.0536 -0.0212 0.7303 0.5149
charger_material_0.bmp
 12 4.7700 2.6278 3.0578 -0.9982 -0.0438 0.0405 0.7520 0.5347
 12 4.8995 4.2682 3.0478 -0.9983 0.0536 -0.0212 0.7520 0.5545
 12 5.1174 3.6008 1.1277 -0.9936 0.0643 -0.0931 0.7303 0.5465
charger_material_0.bmp
 12 4.7700 2.6278 3.0578 -0.9982 -0.0438 0.0405 0.7520 0.5347
 12 4.9947 3.8470 4.8577 -0.9982 -0.0438 0.0405 0.7717 0.5505
 12 4.8995 4.2682 3.0478 -0.9983 0.0536 -0.0212 0.7520 0.5545
charger_material_0.bmp
 13 4.1741 -3.5650 -0.5008 -0.5323 0.0331 -0.8459 0.5906 0.3723
 13 5.2937 -3.7218 -1.1508 -0.2278 -0.1879 -0.9554 0.5984 0.3881
 13 4.5294 -4.6683 -0.5908 -0.4993 -0.2620 -0.8259 0.5807 0.3842
charger_material_0.bmp
 13 4.5294 -4.6683 -0.5908 -0.4993 -0.2620 -0.8259 0.5807 0.3842
 13 5.2937 -3.7218 -1.1508 -0.2278 -0.1879 -0.9554 0.5984 0.3881
 13 5.1201 -4.7125 -0.9108 -0.1265 -0.4284 -0.8947 0.5846 0.3901
charger_material_0.bmp
 13 5.2937 -3.7218 -1.1508 -0.2278 -0.1879 -0.9554 0.5984 0.3881
 13 5.8995 -4.8128 -0.6508 0.2538 -0.3775 -0.8906 0.5866 0.4000
 13 5.1201 -4.7125 -0.9108 -0.1265 -0.4284 -0.8947 0.5846 0.3901
charger_material_0.bmp
 13 5.1201 -4.7125 -0.9108 -0.1265 -0.4284 -0.8947 0.5846 0.3901
 13 5.8995 -4.8128 -0.6508 0.2538 -0.3775 -0.8906 0.5866 0.4000
 13 5.1601 -5.0199 -0.6708 -0.1303 -0.6166 -0.7764 0.5807 0.3921
charger_material_0.bmp
 12 11.1485 1.0375 0.1876 0.9640 0.0105 0.2659 0.8130 0.4000
 12 10.5124 3.4455 -0.5824 0.9339 0.2891 -0.2105 0.8445 0.3842
 12 10.6250 3.5106 0.2176 0.9746 0.2192 -0.0454 0.8465 0.3941
charger_material_0.bmp
 12 11.1485 1.0375 0.1876 0.9640 0.0105 0.2659 0.8130 0.4000
 12 11.3885 0.8973 -0.6324 0.9967 0.0715 0.0378 0.8110 0.3881
 12 10.5124 3.4455 -0.5824 0.9339 0.2891 -0.2105 0.8445 0.3842
charger_material_0.bmp
 12 11.1485 1.0375 0.1876 0.9640 0.0105 0.2659 0.8130 0.4000
 13 11.0527 -1.2481 -0.2108 0.8830 -0.0631 0.4651 0.7854 0.3960
 12 11.3885 0.8973 -0.6324 0.9967 0.0715 0.0378 0.8110 0.3881
charger_material_0.bmp
 12 11.1485 1.0375 0.1876 0.9640 0.0105 0.2659 0.8130 0.4000
 13 10.7474 -1.2273 0.1692 0.6641 -0.2338 0.7102 0.7854 0.4040
 13 11.0527 -1.2481 -0.2108 0.8830 -0.0631 0.4651 0.7854 0.3960
charger_material_0.bmp
 14 -9.6793 2.6636 11.9105 -0.9881 0.1536 -0.0058 0.8465 0.7762
 14 -9.2225 3.7921 12.0158 -0.8719 0.4894 0.0173 0.8346 0.7782
 14 -9.4503 3.8416 8.0270 -0.9308 0.3647 0.0244 0.8366 0.7307
charger_material_0.bmp
 14 -9.6793 2.6636 11.9105 -0.9881 0.1536 -0.0058 0.8465 0.7762
 14 -9.8596 2.4817 15.2936 -0.9854 0.1541 0.0723 0.8465 0.8178
 14 -9.2225 3.7921 12.0158 -0.8719 0.4894 0.0173 0.8346 0.7782
charger_material_0.bmp
 14 -9.6793 2.6636 11.9105 -0.9881 0.1536 -0.0058 0.8465 0.7762
 14 -9.6380 1.2703 15.0350 -0.9544 -0.2961 0.0367 0.8602 0.8158
 14 -9.8596 2.4817 15.2936 -0.9854 0.1541 0.0723 0.8465 0.8178
charger_material_0.bmp
 14 -9.6793 2.6636 11.9105 -0.9881 0.1536 -0.0058 0.8465 0.7762
 14 -9.8681 1.5826 11.8774 -0.9729 -0.2309 0.0092 0.8583 0.7762
 14 -9.6380 1.2703 15.0350 -0.9544 -0.2961 0.0367 0.8602 0.8158
charger_material_0.bmp
 14 -9.4809 -0.7631 5.8617 -0.7536 -0.5799 0.3095 0.8799 0.7109
 14 -9.6414 1.4969 8.0326 -0.9971 -0.0570 0.0513 0.8622 0.7307
 14 -10.0065 0.8515 4.9834 -0.9931 0.0009 0.1173 0.8681 0.7050
charger_material_0.bmp
 14 -10.0065 0.8515 4.9834 -0.9931 0.0009 0.1173 0.8681 0.7050
 14 -9.6414 1.4969 8.0326 -0.9971 -0.0570 0.0513 0.8622 0.7307
 14 -9.6164 2.4992 4.8849 -0.9907 0.1331 0.0284 0.8543 0.6990
charger_material_0.bmp
 14 -9.6414 1.4969 8.0326 -0.9971 -0.0570 0.0513 0.8622 0.7307
 14 -9.5740 2.6448 7.9434 -0.9963 0.0863 -0.0063 0.8504 0.7307
 14 -9.6164 2.4992 4.8849 -0.9907 0.1331 0.0284 0.8543 0.6990
charger_material_0.bmp
 14 -9.6164 2.4992 4.8849 -0.9907 0.1331 0.0284 0.8543 0.6990
 14 -9.5740 2.6448 7.9434 -0.9963 0.0863 -0.0063 0.8504 0.7307
 14 -9.4489 4.0047 4.9918 -0.9453 0.3245 0.0342 0.8386 0.6990
charger_material_0.bmp
 14 -8.7953 -0.1588 14.6624 -0.7698 -0.6367 -0.0445 0.8760 0.8139
 14 -7.6316 -0.9419 11.9720 -0.2318 -0.9616 -0.1471 0.8937 0.7802
 14 -7.6523 -1.3572 14.5938 -0.4931 -0.8642 -0.1001 0.8937 0.8139
charger_material_0.bmp
 14 -7.6523 -1.3572 14.5938 -0.4931 -0.8642 -0.1001 0.8937 0.8139
 14 -7.6316 -0.9419 11.9720 -0.2318 -0.9616 -0.1471 0.8937 0.7802
 14 -5.8503 -1.5201 14.5400 0.1347 -0.9709 -0.1979 0.9114 0.8158
charger_material_0.bmp
 14 -7.6316 -0.9419 11.9720 -0.2318 -0.9616 -0.1471 0.8937 0.7802
 14 -5.8319 -0.6183 11.9775 0.3893 -0.8845 -0.2572 0.9134 0.7822
 14 -5.8503 -1.5201 14.5400 0.1347 -0.9709 -0.1979 0.9114 0.8158
charger_material_0.bmp
 14 -5.8503 -1.5201 14.5400 0.1347 -0.9709 -0.1979 0.9114 0.8158
 14 -5.8319 -0.6183 11.9775 0.3893 -0.8845 -0.2572 0.9134 0.7822
 14 -4.4032 -0.8176 14.6240 0.6537 -0.7195 -0.2345 0.9252 0.8178
charger_material_0.bmp
 14 -4.0213 1.4333 7.9942 0.8521 -0.5177 0.0766 0.9429 0.7287
 14 -3.5335 2.5572 8.2175 0.9430 -0.3327 -0.0003 0.9567 0.7307
 14 -3.8827 1.2185 12.1127 0.8985 -0.4209 -0.1248 0.9429 0.7802
charger_material_0.bmp
 14 -4.0213 1.4333 7.9942 0.8521 -0.5177 0.0766 0.9429 0.7287
 14 -3.3659 2.6651 5.7875 0.9569 -0.2566 0.1361 0.9567 0.7050
 14 -3.5335 2.5572 8.2175 0.9430 -0.3327 -0.0003 0.9567 0.7307
charger_material_0.bmp
 14 -4.0213 1.4333 7.9942 0.8521 -0.5177 0.0766 0.9429 0.7287
 14 -3.5435 1.3565 5.8875 0.9033 -0.3693 0.2185 0.9449 0.7069
 14 -3.3659 2.6651 5.7875 0.9569 -0.2566 0.1361 0.9567 0.7050
charger_material_0.bmp
 14 -4.0213 1.4333 7.9942 0.8521 -0.5177 0.0766 0.9429 0.7287
 14 -4.5493 0.0771 5.9356 0.6456 -0.7222 0.2483 0.9272 0.7089
 14 -3.5435 1.3565 5.8875 0.9033 -0.3693 0.2185 0.9449 0.7069
charger_material_0.bmp
 11 4.9071 -3.2603 15.4860 -0.5847 -0.7563 -0.2935 0.7362 0.1663
 11 6.5959 -4.0583 15.7262 0.0394 -0.9835 -0.1765 0.7579 0.1663
 11 4.7160 -3.7372 17.2515 -0.5299 -0.8216 -0.2100 0.7382 0.1861
charger_material_0.bmp
 11 4.7160 -3.7372 17.2515 -0.5299 -0.8216 -0.2100 0.7382 0.1861
 11 6.5959 -4.0583 15.7262 0.0394 -0.9835 -0.1765 0.7579 0.1663
 11 6.4357 -4.1892 17.4658 0.0483 -0.9913 -0.1227 0.7579 0.1861
charger_material_0.bmp
 11 6.5959 -4.0583 15.7262 0.0394 -0.9835 -0.1765 0.7579 0.1663
 11 8.4558 -3.4650 17.7393 0.5739 -0.8140 -0.0896 0.7815 0.1861
 11 6.4357 -4.1892 17.4658 0.0483 -0.9913 -0.1227 0.7579 0.1861
charger_material_0.bmp
 10 3.7349 5.9240 26.7362 -0.3303 0.9282 -0.1715 0.9409 0.2772
 10 2.1317 4.5736 26.1135 -0.7637 0.6173 -0.1891 0.9665 0.2713
 10 1.5023 4.9141 28.6672 -0.8080 0.4947 -0.3200 0.9646 0.3010
charger_material_0.bmp
 10 1.5023 4.9141 28.6672 -0.8080 0.4947 -0.3200 0.9646 0.3010
 10 2.1317 4.5736 26.1135 -0.7637 0.6173 -0.1891 0.9665 0.2713
 10 1.1815 2.5769 27.8009 -0.8717 0.4518 -0.1898 0.9921 0.2851
charger_material_0.bmp
 10 2.1317 4.5736 26.1135 -0.7637 0.6173 -0.1891 0.9665 0.2713
 10 1.2557 2.4955 25.6984 -0.8947 0.4184 -0.1563 0.9921 0.2634
 10 1.1815 2.5769 27.8009 -0.8717 0.4518 -0.1898 0.9921 0.2851
charger_material_0.bmp
 11 4.7697 0.2555 7.6669 -0.1298 0.0505 -0.9903 0.7087 0.0475
 11 3.9396 1.9839 7.7603 -0.1722 -0.0161 -0.9849 0.6831 0.0495
 11 4.8358 2.0144 7.6238 -0.1722 -0.0161 -0.9849 0.6850 0.0376
charger_material_0.bmp
 11 4.8358 2.0144 7.6238 -0.1722 -0.0161 -0.9849 0.6850 0.0376
 11 3.9396 1.9839 7.7603 -0.1722 -0.0161 -0.9849 0.6831 0.0495
 11 4.6157 3.7724 7.6352 -0.1722 -0.0161 -0.9849 0.6575 0.0436
charger_material_0.bmp
 11 3.9396 1.9839 7.7603 -0.1722 -0.0161 -0.9849 0.6831 0.0495
 11 3.7697 4.1278 7.7524 -0.1489 -0.0430 -0.9879 0.6575 0.0495
 11 4.6157 3.7724 7.6352 -0.1722 -0.0161 -0.9849 0.6575 0.0436
charger_material_0.bmp
 11 7.7382 -0.6425 7.6483 0.1188 0.0850 -0.9893 0.7520 0.0257
 11 9.0934 -0.5234 7.7568 0.0937 0.0238 -0.9953 0.7756 0.0257
 11 9.4294 -2.1377 7.5712 0.0755 0.0904 -0.9930 0.7697 0.0436
charger_material_0.bmp
 11 9.4294 -2.1377 7.5712 0.0755 0.0904 -0.9930 0.7697 0.0436
 11 9.0934 -0.5234 7.7568 0.0937 0.0238 -0.9953 0.7756 0.0257
 11 10.7924 0.2498 7.9158 0.1677 -0.0951 -0.9812 0.8031 0.0356
charger_material_0.bmp
 11 9.0934 -0.5234 7.7568 0.0937 0.0238 -0.9953 0.7756 0.0257
 11 10.1554 0.7164 7.7218 0.1728 -0.1656 -0.9709 0.8031 0.0218
 11 10.7924 0.2498 7.9158 0.1677 -0.0951 -0.9812 0.8031 0.0356
charger_material_0.bmp
 15 -8.3922 -4.0507 0.5677 -0.6786 -0.3453 0.6483 0.0866 0.5168
 15 -7.9062 -4.3459 0.7677 -0.2225 -0.4309 0.8745 0.0807 0.5188
 15 -8.1230 -3.2991 0.7377 -0.3002 -0.1104 0.9475 0.0866 0.5069
charger_material_0.bmp
 15 -8.1230 -3.2991 0.7377 -0.3002 -0.1104 0.9475 0.0866 0.5069
 15 -7.9062 -4.3459 0.7677 -0.2225 -0.4309 0.8745 0.0807 0.5188
 15 -6.5398 -3.4547 0.7077 0.1984 -0.1075 0.9742 0.0669 0.5069
charger_material_0.bmp
 15 -7.9062 -4.3459 0.7677 -0.2225 -0.4309 0.8745 0.0807 0.5188
 15 -6.9616 -4.4486 0.7877 0.1980 -0.4569 0.8672 0.0709 0.5188
 15 -6.5398 -3.4547 0.7077 0.1984 -0.1075 0.9742 0.0669 0.5069
charger_material_0.bmp
 15 -8.2097 -1.7954 -1.6023 -0.0728 -0.0639 -0.9953 0.2776 0.9347
 16 -6.5904 -3.0691 -1.4708 0.0902 -0.1942 -0.9768 0.2598 0.9604
 16 -8.1714 -2.9743 -1.5008 -0.0530 -0.1991 -0.9785 0.2598 0.9366
charger_material_0.bmp
 16 -8.1714 -2.9743 -1.5008 -0.0530 -0.1991 -0.9785 0.2598 0.9366
 16 -6.5904 -3.0691 -1.4708 0.0902 -0.1942 -0.9768 0.2598 0.9604
 16 -7.9456 -4.1836 -1.1708 -0.0021 -0.3951 -0.9187 0.2402 0.9426
charger_material_0.bmp
 16 -6.5904 -3.0691 -1.4708 0.0902 -0.1942 -0.9768 0.2598 0.9604
 16 -6.9087 -4.1975 -1.1408 0.0548 -0.4386 -0.8970 0.2421 0.9584
 16 -7.9456 -4.1836 -1.1708 -0.0021 -0.3951 -0.9187 0.2402 0.9426
charger_material_0.bmp
 12 5.1334 -1.5603 2.2178 -0.6238 -0.4209 0.6586 0.7382 0.4812
 12 6.5836 -0.8472 3.5277 -0.2310 -0.7974 0.5575 0.7677 0.4812
 12 5.4827 -0.2140 3.4078 -0.6697 -0.5266 0.5236 0.7579 0.4970
charger_material_0.bmp
 12 5.4827 -0.2140 3.4078 -0.6697 -0.5266 0.5236 0.7579 0.4970
 12 6.5836 -0.8472 3.5277 -0.2310 -0.7974 0.5575 0.7677 0.4812
 12 6.8525 0.1861 5.2977 -0.4181 -0.8821 0.2170 0.7894 0.4970
charger_material_0.bmp
 12 6.5836 -0.8472 3.5277 -0.2310 -0.7974 0.5575 0.7677 0.4812
 12 7.7944 -0.1552 5.3477 -0.1769 -0.9778 0.1122 0.7972 0.4871
 12 6.8525 0.1861 5.2977 -0.4181 -0.8821 0.2170 0.7894 0.4970
charger_material_0.bmp
 13 6.3866 -3.7510 -1.1608 -0.1923 -0.2516 -0.9485 0.6043 0.4020
 13 6.5856 -4.3504 -1.1108 -0.5214 -0.2962 -0.8003 0.5984 0.4079
 13 6.3727 -4.1865 -0.6708 -0.4734 -0.3979 -0.7858 0.5965 0.4040
charger_material_0.bmp
 13 6.3727 -4.1865 -0.6708 -0.4734 -0.3979 -0.7858 0.5965 0.4040
 13 6.5856 -4.3504 -1.1108 -0.5214 -0.2962 -0.8003 0.5984 0.4079
 13 6.3928 -4.4965 -0.7708 -0.8204 -0.1334 -0.5560 0.5945 0.4059
charger_material_0.bmp
 13 6.5856 -4.3504 -1.1108 -0.5214 -0.2962 -0.8003 0.5984 0.4079
 13 6.6161 -4.7397 -0.9108 -0.4477 -0.4229 -0.7879 0.5945 0.4119
 13 6.3928 -4.4965 -0.7708 -0.8204 -0.1334 -0.5560 0.5945 0.4059
charger_material_0.bmp
 13 9.0985 -3.3579 -1.0608 0.1459 -0.7333 -0.6641 0.6260 0.4297
 13 9.5598 -3.5701 -1.3108 -0.1088 -0.5699 -0.8145 0.6280 0.4356
 13 9.5718 -3.7400 -1.1108 -0.1585 -0.7628 -0.6269 0.6260 0.4376
charger_material_0.bmp
 13 9.5718 -3.7400 -1.1108 -0.1585 -0.7628 -0.6269 0.6260 0.4376
 13 9.5598 -3.5701 -1.3108 -0.1088 -0.5699 -0.8145 0.6280 0.4356
 13 10.1017 -3.5500 -1.0908 0.4858 -0.6399 -0.5954 0.6299 0.4416
charger_material_0.bmp
 13 9.5598 -3.5701 -1.3108 -0.1088 -0.5699 -0.8145 0.6280 0.4356
 13 10.0871 -3.3603 -1.3108 0.5352 -0.3627 -0.7629 0.6319 0.4396
 13 10.1017 -3.5500 -1.0908 0.4858 -0.6399 -0.5954 0.6299 0.4416
charger_material_0.bmp
 12 7.0070 6.4383 -1.2723 -0.0905 0.4202 -0.9029 0.7126 0.3426
 12 7.5049 5.0913 -1.3823 -0.0715 0.0486 -0.9963 0.7028 0.3564
 12 6.1977 6.3027 -1.1823 -0.2903 0.3109 -0.9050 0.7047 0.3347
charger_material_0.bmp
 12 6.1977 6.3027 -1.1823 -0.2903 0.3109 -0.9050 0.7047 0.3347
 12 7.5049 5.0913 -1.3823 -0.0715 0.0486 -0.9963 0.7028 0.3564
 12 5.9325 4.7757 -1.2823 -0.4173 0.0478 -0.9075 0.6890 0.3426
charger_material_0.bmp
 12 7.5049 5.0913 -1.3823 -0.0715 0.0486 -0.9963 0.7028 0.3564
 12 6.0890 3.2633 -1.2923 -0.3812 -0.0284 -0.9240 0.6732 0.3545
 12 5.9325 4.7757 -1.2823 -0.4173 0.0478 -0.9075 0.6890 0.3426
charger_material_0.bmp
 13 9.0856 -3.4906 -0.5208 0.3938 -0.9191 -0.0166 0.7421 0.4040
 13 9.5718 -3.7400 -1.1108 -0.1317 -0.9813 -0.1403 0.7441 0.3921
 13 9.5537 -3.8331 -0.5208 -0.1120 -0.9558 0.2720 0.7480 0.3980
charger_material_0.bmp
 13 9.5537 -3.8331 -0.5208 -0.1120 -0.9558 0.2720 0.7480 0.3980
 13 9.5718 -3.7400 -1.1108 -0.1317 -0.9813 -0.1403 0.7441 0.3921
 13 10.0771 -3.5936 -0.5708 0.6159 -0.7549 0.2253 0.7520 0.3960
charger_material_0.bmp
 13 9.5718 -3.7400 -1.1108 -0.1317 -0.9813 -0.1403 0.7441 0.3921
 13 10.1017 -3.5500 -1.0908 0.7608 -0.6487 0.0206 0.7500 0.3881
 13 10.0771 -3.5936 -0.5708 0.6159 -0.7549 0.2253 0.7520 0.3960
charger_material_0.bmp
 11 9.7898 -2.2971 19.7639 0.8341 -0.5504 0.0376 0.8031 0.2059
 10 7.7842 -3.9506 22.4286 0.4623 -0.8833 0.0775 0.7795 0.2277
 11 8.1627 -3.9051 19.5201 0.4332 -0.9006 -0.0366 0.7795 0.2059
charger_material_0.bmp
 11 8.1627 -3.9051 19.5201 0.4332 -0.9006 -0.0366 0.7795 0.2059
 10 7.7842 -3.9506 22.4286 0.4623 -0.8833 0.0775 0.7795 0.2277
 10 5.8741 -4.3895 22.1461 -0.0014 -0.9996 0.0290 0.7579 0.2277
charger_material_0.bmp
 10 7.7842 -3.9506 22.4286 0.4623 -0.8833 0.0775 0.7795 0.2277
 10 5.6393 -4.1525 24.6744 -0.0288 -0.9955 0.0898 0.7598 0.2515
 10 5.8741 -4.3895 22.1461 -0.0014 -0.9996 0.0290 0.7579 0.2277
charger_material_0.bmp
 14 -9.6414 1.4969 8.0326 -0.9971 -0.0570 0.0513 0.8622 0.7307
 14 -9.4809 -0.7631 5.8617 -0.7536 -0.5799 0.3095 0.8799 0.7109
 14 -9.1526 0.2208 8.2777 -0.7845 -0.6056 0.1330 0.8760 0.7347
charger_material_0.bmp
 14 -9.1526 0.2208 8.2777 -0.7845 -0.6056 0.1330 0.8760 0.7347
 14 -9.4809 -0.7631 5.8617 -0.7536 -0.5799 0.3095 0.8799 0.7109
 14 -7.7277 -0.6211 8.3074 -0.1918 -0.9596 0.2059 0.8937 0.7347
charger_material_0.bmp
 14 -9.4809 -0.7631 5.8617 -0.7536 -0.5799 0.3095 0.8799 0.7109
 14 -7.8064 -1.5796 5.9829 -0.0653 -0.9212 0.3836 0.8937 0.7129
 14 -7.7277 -0.6211 8.3074 -0.1918 -0.9596 0.2059 0.8937 0.7347
charger_material_0.bmp
 14 -8.0900 2.0053 5.7771 0.4493 -0.1749 -0.8761 0.8701 0.6832
 14 -7.7298 1.2425 6.1267 0.3578 -0.1484 -0.9219 0.8858 0.6851
 14 -10.0065 0.8515 4.9834 0.4673 -0.2097 -0.8589 0.8681 0.7050
charger_material_0.bmp
 14 -10.0065 0.8515 4.9834 0.4673 -0.2097 -0.8589 0.8681 0.7050
 14 -7.7298 1.2425 6.1267 0.3578 -0.1484 -0.9219 0.8858 0.6851
 14 -9.4809 -0.7631 5.8617 0.2316 -0.0703 -0.9703 0.8799 0.7109
charger_material_0.bmp
 14 -7.7298 1.2425 6.1267 0.3578 -0.1484 -0.9219 0.8858 0.6851
 14 -7.1358 0.7750 6.1670 0.0320 0.0681 -0.9972 0.8976 0.6871
 14 -9.4809 -0.7631 5.8617 0.2316 -0.0703 -0.9703 0.8799 0.7109
charger_material_0.bmp
 14 -7.3340 -1.8733 18.9324 -0.2673 -0.9626 -0.0443 0.8957 0.8614
 14 -5.5772 -2.0928 18.9366 0.2696 -0.9618 -0.0482 0.9114 0.8614
  9 -5.3731 -2.0856 21.4677 0.2506 -0.9681 0.0010 0.9154 0.8832
charger_material_0.bmp
  9 -5.3731 -2.0856 21.4677 0.2506 -0.9681 0.0010 0.9154 0.8832
 14 -5.5772 -2.0928 18.9366 0.2696 -0.9618 -0.0482 0.9114 0.8614
  9 -3.7625 -1.0437 21.0215 0.7250 -0.6879 0.0331 0.9311 0.8792
charger_material_0.bmp
 14 -5.5772 -2.0928 18.9366 0.2696 -0.9618 -0.0482 0.9114 0.8614
 14 -3.8415 -1.3145 18.7706 0.6737 -0.7371 -0.0523 0.9291 0.8594
  9 -3.7625 -1.0437 21.0215 0.7250 -0.6879 0.0331 0.9311 0.8792
charger_material_0.bmp
 14 -3.0122 1.9686 18.6686 0.9942 -0.0874 -0.0625 0.9606 0.8614
 14 -3.1283 0.1734 17.6114 0.9442 -0.3108 -0.1089 0.9409 0.8495
 14 -2.9925 2.0494 17.5741 0.9923 -0.0336 -0.1191 0.9587 0.8475
charger_material_0.bmp
 14 -2.9925 2.0494 17.5741 0.9923 -0.0336 -0.1191 0.9587 0.8475
 14 -3.1283 0.1734 17.6114 0.9442 -0.3108 -0.1089 0.9409 0.8495
 14 -3.2210 0.3600 16.4894 0.9488 -0.2289 -0.2176 0.9409 0.8356
charger_material_0.bmp
 14 -3.1283 0.1734 17.6114 0.9442 -0.3108 -0.1089 0.9409 0.8495
 14 -4.2204 -1.0130 16.3941 0.6871 -0.6968 -0.2060 0.9252 0.8356
 14 -3.2210 0.3600 16.4894 0.9488 -0.2289 -0.2176 0.9409 0.8356
charger_material_0.bmp
  9 -6.9780 -2.0256 26.8111 0.0018 -0.9998 -0.0220 0.9055 0.9347
  9 -4.9268 -2.1349 28.4737 0.2576 -0.9401 -0.2234 0.9291 0.9584
  9 -6.7868 -2.0427 29.4246 -0.0831 -0.9929 -0.0852 0.9094 0.9663
charger_material_0.bmp
  9 -6.7868 -2.0427 29.4246 -0.0831 -0.9929 -0.0852 0.9094 0.9663
  9 -4.9268 -2.1349 28.4737 0.2576 -0.9401 -0.2234 0.9291 0.9584
  9 -4.7678 -2.4308 29.8837 0.1341 -0.9617 -0.2390 0.9311 0.9743
charger_material_0.bmp
  9 -4.9268 -2.1349 28.4737 0.2576 -0.9401 -0.2234 0.9291 0.9584
  9 -2.8210 -1.0993 29.0399 0.6015 -0.7318 -0.3204 0.9547 0.9663
  9 -4.7678 -2.4308 29.8837 0.1341 -0.9617 -0.2390 0.9311 0.9743
charger_material_0.bmp
 10 3.7172 -3.3297 28.9126 -0.5298 -0.8350 -0.1484 0.7421 0.3010
 10 2.1122 -2.3274 28.8428 -0.7120 -0.6051 -0.3563 0.7185 0.3030
 10 2.2247 -2.2490 27.8392 -0.7930 -0.5960 -0.1267 0.7185 0.2891
charger_material_0.bmp
 10 2.2247 -2.2490 27.8392 -0.7930 -0.5960 -0.1267 0.7185 0.2891
 10 2.1122 -2.3274 28.8428 -0.7120 -0.6051 -0.3563 0.7185 0.3030
 10 1.2176 -0.4896 28.2164 -0.9672 -0.1124 -0.2280 0.6929 0.2950
charger_material_0.bmp
 11 2.5345 0.3266 17.1810 -0.9702 -0.0567 -0.2354 0.6850 0.1822
 11 2.9567 2.5813 16.4115 -0.9789 0.0854 -0.1857 0.6575 0.1683
 11 2.8909 0.4629 15.9254 -0.9702 -0.0567 -0.2354 0.6850 0.1663
charger_material_0.bmp
 11 2.8909 0.4629 15.9254 -0.9702 -0.0567 -0.2354 0.6850 0.1663
 11 2.9567 2.5813 16.4115 -0.9789 0.0854 -0.1857 0.6575 0.1683
 11 3.2059 2.7900 14.7907 -0.9922 0.0018 -0.1244 0.6575 0.1485
charger_material_0.bmp
 15 -7.1494 4.5710 2.8478 0.1567 -0.8637 0.4791 0.2480 0.0238
 15 -6.9760 4.5081 2.6777 -0.3693 -0.3294 0.8690 0.2480 0.0257
 15 -6.4850 4.7165 2.8777 0.1467 -0.6908 0.7080 0.2421 0.0257
charger_material_0.bmp
 15 -6.4850 4.7165 2.8777 0.1467 -0.6908 0.7080 0.2421 0.0257
 15 -6.9760 4.5081 2.6777 -0.3693 -0.3294 0.8690 0.2480 0.0257
 15 -6.3432 4.5670 2.7577 0.4906 0.4145 0.7665 0.2402 0.0257
charger_material_0.bmp
 15 -6.0729 -3.3541 0.4277 0.7937 -0.2551 0.5523 0.0591 0.5069
 15 -5.3314 -2.1497 -0.7623 0.9885 -0.1167 0.0960 0.0374 0.4950
 15 -5.5836 -1.9959 0.3977 0.9134 -0.0952 0.3958 0.0512 0.4871
charger_material_0.bmp
 15 -5.5836 -1.9959 0.3977 0.9134 -0.0952 0.3958 0.0512 0.4871
 15 -5.3314 -2.1497 -0.7623 0.9885 -0.1167 0.0960 0.0374 0.4950
 15 -5.5954 -0.1489 -0.7523 0.9814 0.1352 -0.1365 0.0276 0.4653
charger_material_0.bmp
 15 -8.1952 4.0516 0.4278 -0.9176 0.3905 0.0738 0.1319 0.3980
 15 -7.6862 4.8627 1.0178 -0.8291 0.5428 0.1341 0.1220 0.3802
 15 -7.8183 5.2430 -0.2822 -0.7315 0.6811 0.0331 0.1437 0.3802
charger_material_0.bmp
 15 -7.8183 5.2430 -0.2822 -0.7315 0.6811 0.0331 0.1437 0.3802
 15 -7.6862 4.8627 1.0178 -0.8291 0.5428 0.1341 0.1220 0.3802
 15 -7.1786 5.4320 1.1678 -0.4064 0.8852 0.2266 0.1201 0.3723
charger_material_0.bmp
 15 -7.8073 4.4751 2.5578 -0.7643 0.0686 0.6413 0.1083 0.3861
 15 -7.1494 4.5710 2.8478 -0.2604 -0.1641 0.9514 0.1004 0.3802
 15 -7.2236 4.8529 2.8578 -0.2942 0.3784 0.8777 0.1043 0.3782
charger_material_0.bmp
 15 -7.2236 4.8529 2.8578 -0.2942 0.3784 0.8777 0.1043 0.3782
 15 -7.1494 4.5710 2.8478 -0.2604 -0.1641 0.9514 0.1004 0.3802
 15 -6.4850 4.7165 2.8777 -0.0266 -0.0323 0.9991 0.0965 0.3703
charger_material_0.bmp
 15 -8.4825 1.9209 2.2677 -0.2744 0.4955 0.8242 0.0984 0.4277
 15 -7.6269 1.3658 2.9177 -0.2110 0.0583 0.9757 0.0866 0.4317
 15 -7.5851 1.5318 2.7977 -0.0616 0.5876 0.8068 0.0866 0.4277
charger_material_0.bmp
 15 -7.5851 1.5318 2.7977 -0.0616 0.5876 0.8068 0.0866 0.4277
 15 -7.6269 1.3658 2.9177 -0.2110 0.0583 0.9757 0.0866 0.4317
 15 -6.4892 1.4296 2.7777 0.2788 0.5790 0.7662 0.0748 0.4277
charger_material_0.bmp
 12 5.7292 -2.8845 1.7378 -0.0006 -0.3925 0.9197 0.7303 0.4614
 12 4.8594 -3.5624 1.2578 -0.6470 -0.2030 0.7350 0.7146 0.4634
 12 5.5521 -3.9261 1.3478 -0.0154 -0.4936 0.8695 0.7185 0.4554
charger_material_0.bmp
 12 5.5521 -3.9261 1.3478 -0.0154 -0.4936 0.8695 0.7185 0.4554
 12 4.8594 -3.5624 1.2578 -0.6470 -0.2030 0.7350 0.7146 0.4634
 13 4.7687 -4.6473 0.5692 -0.5767 -0.5896 0.5654 0.7028 0.4574
charger_material_0.bmp
 12 7.8887 -1.8876 1.9377 0.2354 -0.7880 0.5690 0.7618 0.4475
 12 9.2408 -1.4293 1.7377 0.5870 -0.7041 0.3995 0.7776 0.4337
 12 9.0678 -0.7963 3.3977 0.4266 -0.8248 0.3710 0.7913 0.4535
charger_material_0.bmp
 12 9.0678 -0.7963 3.3977 0.4266 -0.8248 0.3710 0.7913 0.4535
 12 9.2408 -1.4293 1.7377 0.5870 -0.7041 0.3995 0.7776 0.4337
 12 10.1032 0.2359 3.1976 0.8173 -0.5254 0.2366 0.8091 0.4436
charger_material_0.bmp
 12 5.1174 3.6008 1.1277 -0.9678 0.2513 -0.0111 0.9783 0.4020
 12 5.2803 4.9833 0.8877 -0.9774 0.1023 0.1850 0.9606 0.3960
 12 5.1152 3.5400 0.0977 -0.9966 0.0256 -0.0787 0.9823 0.3881
charger_material_0.bmp
 12 5.1152 3.5400 0.0977 -0.9966 0.0256 -0.0787 0.9823 0.3881
 12 5.2803 4.9833 0.8877 -0.9774 0.1023 0.1850 0.9606 0.3960
 12 5.0880 4.9886 0.0277 -0.9947 0.0928 -0.0443 0.9626 0.3861
charger_material_0.bmp
 12 9.9682 5.3815 1.9776 0.8149 0.5791 0.0245 0.8740 0.4139
 12 9.2832 5.4537 5.2176 0.6864 0.7241 0.0671 0.8878 0.4535
 12 10.6561 4.7449 3.9776 0.7863 0.6149 0.0596 0.8681 0.4396
charger_material_0.bmp
 12 10.6561 4.7449 3.9776 0.7863 0.6149 0.0596 0.8681 0.4396
 12 9.2832 5.4537 5.2176 0.6864 0.7241 0.0671 0.8878 0.4535
 12 10.9378 3.9749 5.1376 0.9585 0.2582 0.1211 0.8622 0.4554
charger_material_0.bmp
 12 11.0501 3.1121 4.0176 0.9832 -0.1592 0.0895 0.8484 0.4436
 12 10.7039 1.8973 2.5976 0.9776 -0.2015 0.0610 0.8287 0.4297
 12 11.0590 2.8108 2.8376 0.9715 -0.1546 -0.1796 0.8406 0.4317
charger_material_0.bmp
 12 11.0590 2.8108 2.8376 0.9715 -0.1546 -0.1796 0.8406 0.4317
 12 10.7039 1.8973 2.5976 0.9776 -0.2015 0.0610 0.8287 0.4297
 12 10.6013 3.5378 1.5376 0.9601 0.1866 -0.2085 0.8484 0.4119
charger_material_0.bmp
 11 10.9043 2.3674 7.5766 0.9735 -0.2242 -0.0450 0.8504 0.4851
 11 10.1554 0.7164 7.7218 0.7863 -0.6045 -0.1273 0.8346 0.4911
 12 9.8624 0.7693 5.3076 0.8316 -0.5546 0.0293 0.8228 0.4693
charger_material_0.bmp
 12 9.8624 0.7693 5.3076 0.8316 -0.5546 0.0293 0.8228 0.4693
 11 10.1554 0.7164 7.7218 0.7863 -0.6045 -0.1273 0.8346 0.4911
 12 8.8649 -0.1672 5.3477 0.4139 -0.9067 0.0807 0.8071 0.4772
charger_material_0.bmp
 11 10.7924 0.2498 7.9158 0.8745 -0.4768 0.0891 0.8031 0.0356
 11 9.2146 -1.4735 9.6452 0.5983 -0.7972 0.0805 0.7795 0.0673
 11 9.4294 -2.1377 7.5712 0.4622 -0.8241 0.3274 0.7697 0.0436
charger_material_0.bmp
 11 9.4294 -2.1377 7.5712 0.4622 -0.8241 0.3274 0.7697 0.0436
 11 9.2146 -1.4735 9.6452 0.5983 -0.7972 0.0805 0.7795 0.0673
 11 7.6340 -1.9304 9.3838 -0.0316 -0.9971 0.0698 0.7579 0.0673
charger_material_0.bmp
  9 -6.9780 -2.0256 26.8111 -0.2724 -0.9620 -0.0199 0.9055 0.9347
  9 -8.5176 -1.0817 27.4913 -0.8232 -0.5662 0.0422 0.8878 0.9406
  9 -8.7069 -1.0682 24.4648 -0.7063 -0.7062 0.0483 0.8839 0.9109
charger_material_0.bmp
  9 -8.7069 -1.0682 24.4648 -0.7063 -0.7062 0.0483 0.8839 0.9109
  9 -8.5176 -1.0817 27.4913 -0.8232 -0.5662 0.0422 0.8878 0.9406
  9 -9.4080 0.7389 24.5029 -0.9806 -0.1824 0.0722 0.8661 0.9109
charger_material_0.bmp
  9 -8.4406 3.9812 21.6589 -0.7221 0.6916 -0.0126 0.8287 0.8851
  9 -9.2343 2.4595 24.5575 -0.9517 0.3057 0.0278 0.8484 0.9129
  9 -8.3303 4.2897 24.5758 -0.7380 0.6689 -0.0895 0.8307 0.9149
charger_material_0.bmp
  9 -8.3303 4.2897 24.5758 -0.7380 0.6689 -0.0895 0.8307 0.9149
  9 -9.2343 2.4595 24.5575 -0.9517 0.3057 0.0278 0.8484 0.9129
  9 -9.2770 2.8484 28.0967 -0.8956 0.4418 -0.0519 0.8504 0.9485
charger_material_0.bmp
  9 -5.2791 5.6882 24.2689 -0.0493 0.9733 -0.2243 0.7972 0.9168
  9 -4.6958 6.4686 27.1738 0.0247 0.9720 -0.2338 0.7933 0.9485
  9 -2.6466 6.0012 26.6592 0.2978 0.9225 -0.2455 0.7736 0.9446
charger_material_0.bmp
  9 -2.6466 6.0012 26.6592 0.2978 0.9225 -0.2455 0.7736 0.9446
  9 -4.6958 6.4686 27.1738 0.0247 0.9720 -0.2338 0.7933 0.9485
  9 -2.1225 6.4160 29.2670 0.1664 0.9681 -0.1873 0.7697 0.9723
charger_material_0.bmp
 10 1.1815 2.5769 27.8009 -0.9793 -0.0486 -0.1965 0.6575 0.2851
 10 1.2673 -0.5088 27.2452 -0.9661 -0.2429 -0.0876 0.6949 0.2851
 10 1.2176 -0.4896 28.2164 -0.9672 -0.1124 -0.2280 0.6929 0.2950
charger_material_0.bmp
 11 4.0680 4.4313 15.1605 -0.7302 0.6705 0.1314 0.9665 0.1485
 11 5.9346 5.1797 15.4633 -0.1496 0.9470 0.2843 0.9390 0.1485
 11 4.0262 5.3672 13.0652 -0.7263 0.6639 0.1780 0.9665 0.1050
charger_material_0.bmp
 11 3.7774 4.0486 17.8892 -0.6454 0.7571 -0.1009 0.9665 0.1861
 11 2.7860 2.5183 17.5009 -0.8258 0.5543 -0.1043 0.9921 0.1822
 11 2.5932 2.4218 18.6145 -0.8359 0.5319 -0.1353 0.9921 0.1960
charger_material_0.bmp
 11 4.7160 -3.7372 17.2515 -0.5299 -0.8216 -0.2100 0.7382 0.1861
 11 6.4357 -4.1892 17.4658 0.0483 -0.9913 -0.1227 0.7579 0.1861
 11 4.5145 -3.9414 19.0087 -0.4488 -0.8856 -0.1200 0.7382 0.2040
charger_material_0.bmp
 10 10.2776 -0.0702 22.8564 0.9819 -0.1734 0.0761 0.8307 0.2297
 10 9.8935 2.4800 22.8639 0.9358 0.3495 0.0458 0.8602 0.2297
 10 10.0483 0.0485 25.6568 0.9930 -0.0656 0.0983 0.8307 0.2574
charger_material_0.bmp
 11 4.8358 2.0144 7.6238 -0.1722 -0.0161 -0.9849 0.6850 0.0376
 11 5.4916 0.6636 7.5501 -0.1722 -0.0161 -0.9849 0.7087 0.0337
 11 4.7697 0.2555 7.6669 -0.1298 0.0505 -0.9903 0.7087 0.0475
charger_material_0.bmp
 10 5.5029 -3.9152 27.3327 -0.0025 -0.9922 0.1246 0.7618 0.2792
 10 7.5215 -3.7790 25.2619 0.4470 -0.8836 0.1392 0.7795 0.2554
 10 7.3289 -3.0988 28.1810 0.4693 -0.8531 0.2279 0.7854 0.2871
charger_material_0.bmp
 15 -5.9913 4.2489 2.3377 0.9442 0.2429 0.2226 0.2343 0.0238
 15 -5.6025 3.3613 2.3977 0.9358 0.3521 0.0154 0.2244 0.0257
 15 -5.6090 3.3117 1.7677 0.9155 0.4004 -0.0397 0.2244 0.0158
charger_material_0.bmp
 15 -8.8133 -2.9471 0.2277 -0.8284 -0.1585 0.5373 0.0984 0.5050
 15 -8.3922 -4.0507 0.5677 -0.6786 -0.3453 0.6483 0.0866 0.5168
 15 -8.1230 -3.2991 0.7377 -0.3002 -0.1104 0.9475 0.0866 0.5069
charger_material_0.bmp
 16 -8.6142 -4.4395 -1.0408 -0.8514 -0.5197 -0.0708 0.0984 0.5347
 16 -7.8267 -4.9755 -0.6308 -0.2984 -0.9543 -0.0174 0.0807 0.5386
 16 -8.6883 -4.3895 -0.5308 -0.8134 -0.5604 0.1560 0.0945 0.5287
charger_material_0.bmp
 15 -8.3618 -1.9571 0.9677 -0.5004 -0.2679 0.8233 0.0925 0.4871
 15 -9.0811 -1.4400 0.1477 -0.9173 -0.0790 0.3902 0.1102 0.4851
 15 -8.8133 -2.9471 0.2277 -0.8284 -0.1585 0.5373 0.0984 0.5050
charger_material_0.bmp
 15 -6.7752 -2.1635 0.9677 0.0801 -0.3277 0.9414 0.0709 0.4871
 15 -6.7809 -0.3476 1.9277 0.1448 -0.4882 0.8606 0.0728 0.4574
 15 -7.7103 -2.1427 0.9877 -0.0477 -0.3231 0.9452 0.0827 0.4891
charger_material_0.bmp
 15 -8.7523 1.7846 0.4278 -0.9977 0.0510 0.0441 0.1260 0.4317
 15 -8.7113 1.7893 2.2578 -0.7807 0.1163 0.6140 0.1004 0.4317
 15 -8.6354 3.0702 1.5778 -0.8248 0.3305 0.4587 0.1161 0.4119
charger_material_0.bmp
 15 -6.1805 5.3525 1.1377 0.0895 0.9764 0.1967 0.1161 0.3584
 15 -7.1786 5.4320 1.1678 -0.4064 0.8852 0.2266 0.1201 0.3723
 15 -6.3312 4.9688 2.8877 -0.0162 0.7745 0.6324 0.1004 0.3663
charger_material_0.bmp
 15 -5.9830 1.2124 2.5877 0.7114 0.0176 0.7026 0.0610 0.4317
 15 -6.4589 1.2744 2.8977 0.2920 0.0549 0.9548 0.0748 0.4317
 15 -6.7809 -0.3476 1.9277 0.1448 -0.4882 0.8606 0.0728 0.4574
charger_material_0.bmp
 15 -5.5276 2.2322 1.6877 0.7554 0.0650 0.6521 0.0512 0.4218
 15 -5.4042 3.3355 1.7277 0.9134 -0.0952 0.3958 0.0472 0.4079
 15 -5.6090 3.3117 1.7677 0.2855 -0.2749 0.9181 0.0492 0.4079
charger_material_0.bmp
 15 -6.2474 5.6134 -0.2723 0.6908 0.7185 -0.0811 0.0177 0.3802
 15 -6.1805 5.3525 1.1377 0.7014 0.6935 0.1646 0.0374 0.3802
 15 -5.5978 4.7927 0.9177 0.8891 0.4494 0.0863 0.0354 0.3901
charger_material_0.bmp
 15 -6.4850 4.7165 2.8777 0.4249 -0.2871 0.8585 0.0571 0.3861
 15 -5.8744 4.2942 2.4477 0.3471 -0.3861 0.8547 0.0551 0.3941
 15 -6.3312 4.9688 2.8877 0.5783 0.0112 0.8158 0.0531 0.3822
charger_material_0.bmp
 15 -6.5180 3.8435 -1.6223 0.0784 0.1666 -0.9829 0.3583 0.9525
 15 -6.3559 5.2443 -1.1123 0.0323 0.3561 -0.9339 0.3839 0.9525
 15 -5.7044 4.8267 -1.1723 0.1363 0.3139 -0.9396 0.3780 0.9604
charger_material_0.bmp
 14 -7.1358 0.7750 6.1670 -0.2910 -0.9322 -0.2153 0.2874 0.0792
 14 -7.7298 1.2425 6.1267 -0.6966 -0.6977 -0.1669 0.2815 0.0772
 15 -7.1840 1.1267 4.6277 -0.2123 -0.9510 -0.2249 0.2874 0.0594
charger_material_0.bmp
 15 -5.5608 2.5189 4.5777 0.9887 -0.0820 -0.1257 0.3110 0.0554
 15 -5.6171 3.1716 4.5677 0.9954 0.0358 -0.0891 0.3169 0.0554
 14 -5.3324 2.9411 6.0118 0.9864 0.0220 -0.1627 0.3169 0.0752
charger_material_0.bmp
 15 -5.7918 1.9842 3.2977 0.8952 -0.4434 -0.0440 0.3031 0.0396
 15 -6.4603 1.4964 3.3477 0.3828 -0.9219 -0.0600 0.2953 0.0416
 15 -5.8771 1.7936 2.7377 0.7552 -0.6504 0.0822 0.3012 0.0317
charger_material_0.bmp
 13 4.2595 -3.5236 0.2192 -0.9544 -0.0734 0.2894 0.7028 0.4693
 13 4.5579 -4.6545 -0.0008 -0.7911 -0.5991 0.1240 0.6969 0.4574
 13 4.7687 -4.6473 0.5692 -0.5767 -0.5896 0.5654 0.7028 0.4574
charger_material_0.bmp
 13 6.4783 -4.2232 -0.2008 -0.0762 -0.8566 0.5104 0.7106 0.4337
 13 6.3727 -4.1865 -0.6708 -0.2637 -0.9608 -0.0860 0.7028 0.4297
 13 6.5032 -4.4922 -0.2408 -0.8897 -0.2878 0.3543 0.7106 0.4297
charger_material_0.bmp
 13 7.4865 -4.9189 -0.4208 0.5872 -0.7937 0.1589 0.7146 0.4198
 13 7.5539 -4.5068 -0.0008 0.4968 -0.6408 0.5853 0.7224 0.4218
 13 6.6997 -4.8398 -0.3408 -0.3992 -0.8741 0.2767 0.7106 0.4257
charger_material_0.bmp
 13 5.3951 -4.8885 0.5692 0.1593 -0.7863 0.5970 0.7067 0.4495
 13 5.9970 -4.7093 0.2392 0.5998 -0.7224 0.3441 0.7067 0.4436
 13 6.2546 -3.8993 0.9792 0.4982 -0.5503 0.6700 0.7224 0.4455
charger_material_0.bmp
 12 7.8887 -1.8876 1.9377 0.2354 -0.7880 0.5690 0.7618 0.4475
 12 7.8704 -0.9723 3.4477 0.0365 -0.8909 0.4527 0.7776 0.4653
 12 6.5207 -1.9143 1.9977 0.0828 -0.6671 0.7404 0.7480 0.4614
charger_material_0.bmp
 12 4.8095 -0.5436 1.4778 -0.9693 0.0420 0.2422 0.7303 0.4970
 12 4.9787 1.3339 3.0478 -0.9605 -0.1704 0.2202 0.7520 0.5188
 12 4.8915 0.9192 1.3378 -0.9983 0.0536 -0.0212 0.7303 0.5149
charger_material_0.bmp
 12 5.1174 3.6008 1.1277 -0.9936 0.0643 -0.0931 0.7303 0.5465
 12 5.1152 3.5400 0.0977 -0.9878 0.0073 -0.1555 0.7185 0.5485
 12 4.8915 0.9192 1.3378 -0.9983 0.0536 -0.0212 0.7303 0.5149
charger_material_0.bmp
 11 6.5031 -0.1997 7.4066 -0.4258 -0.8828 -0.1985 0.8091 0.5089
 11 5.4916 0.6636 7.5501 -0.8281 -0.5418 -0.1442 0.8071 0.5208
 12 5.8141 0.7266 5.2077 -0.7800 -0.6188 0.0936 0.7835 0.5109
charger_material_0.bmp
 13 5.1601 -5.0199 -0.6708 -0.1303 -0.6166 -0.7764 0.5807 0.3921
 13 4.5294 -4.6683 -0.5908 -0.4993 -0.2620 -0.8259 0.5807 0.3842
 13 5.1201 -4.7125 -0.9108 -0.1265 -0.4284 -0.8947 0.5846 0.3901
charger_material_0.bmp
 13 9.0382 -3.2044 -1.2808 0.0305 -0.2709 -0.9621 0.6260 0.4277
 13 8.6858 -3.9057 -1.2808 0.3427 -0.3188 -0.8837 0.6181 0.4277
 13 7.7050 -3.7308 -1.2208 -0.0256 -0.2308 -0.9727 0.6122 0.4158
charger_material_0.bmp
 13 10.6897 -2.3340 -1.3808 0.2210 -0.1560 -0.9627 0.6476 0.4376
 13 10.5452 -2.6957 -1.3008 0.1989 -0.3910 -0.8986 0.6437 0.4396
 13 10.1314 -2.3058 -1.4108 0.0344 -0.1138 -0.9929 0.6437 0.4317
charger_material_0.bmp
 13 10.2556 -1.0896 -1.5608 0.0679 -0.0484 -0.9965 0.6575 0.4238
 13 7.7309 -0.9845 -1.3908 -0.0600 0.0093 -0.9982 0.6417 0.3980
 12 8.0058 0.6992 -1.4123 -0.0673 -0.0024 -0.9977 0.6594 0.3901
charger_material_0.bmp
 12 9.6435 5.5510 -1.1624 0.8150 0.4354 -0.3824 0.8720 0.3723
 12 9.9535 5.5712 -0.4724 0.8651 0.4094 -0.2897 0.8720 0.3822
 12 10.1468 3.3879 -1.3224 0.8589 0.2797 -0.4290 0.8445 0.3743
charger_material_0.bmp
 12 10.0255 5.5604 0.3276 0.8889 0.4581 -0.0031 0.8720 0.3921
 12 9.9535 5.5712 -0.4724 0.8651 0.4094 -0.2897 0.8720 0.3822
 12 9.0442 6.8244 -0.3624 0.5967 0.7348 -0.3225 0.8917 0.3802
charger_material_0.bmp
 11 4.6157 3.7724 7.6352 -0.9384 0.3255 -0.1158 0.9705 0.4871
 11 5.2352 5.4228 7.4779 -0.8750 0.4775 -0.0792 0.9488 0.4832
 12 4.9947 3.8470 4.8577 -0.9762 0.2170 -0.0038 0.9705 0.4515
charger_material_0.bmp
 11 8.0556 6.5496 7.4390 0.0896 0.2795 -0.9559 0.9272 0.0198
 11 8.2801 6.9978 7.5950 0.0627 0.2180 -0.9739 0.9232 0.0277
 11 9.5922 5.4897 7.4917 0.0755 0.0904 -0.9930 0.8957 0.0119
charger_material_0.bmp
 11 4.6157 3.7724 7.6352 -0.1489 -0.0430 -0.9879 0.9921 0.0436
 11 3.7697 4.1278 7.7524 -0.1722 -0.0161 -0.9849 0.9921 0.0495
 11 5.2352 5.4228 7.4779 -0.1298 0.0505 -0.9903 0.9744 0.0356
charger_material_0.bmp
 10 5.8741 -4.3895 22.1461 -0.0014 -0.9996 0.0290 0.7579 0.2277
 11 6.2247 -4.4232 19.2185 0.0073 -0.9981 -0.0613 0.7579 0.2040
 11 8.1627 -3.9051 19.5201 0.4332 -0.9006 -0.0366 0.7795 0.2059
charger_material_0.bmp
 14 -5.9476 -0.0953 8.3090 0.4280 -0.9020 0.0562 0.9154 0.7347
 14 -4.9350 0.5324 8.1506 0.6244 -0.7766 0.0840 0.9291 0.7327
 14 -4.6959 0.2570 11.8379 0.6567 -0.7333 -0.1759 0.9291 0.7782
charger_material_0.bmp
 14 -8.7370 -0.3774 16.3906 -0.8168 -0.5734 -0.0635 0.8760 0.8317
 14 -9.5096 1.0467 16.5436 -0.9729 -0.2309 0.0092 0.8602 0.8317
 14 -9.6380 1.2703 15.0350 -0.9544 -0.2961 0.0367 0.8602 0.8158
charger_material_0.bmp
  9 -9.7023 0.6245 21.7585 -0.9738 -0.2245 0.0355 0.8642 0.8851
  9 -9.4080 0.7389 24.5029 -0.9806 -0.1824 0.0722 0.8661 0.9109
  9 -9.5072 2.3487 21.6094 -0.9517 0.3057 0.0278 0.8484 0.8832
charger_material_0.bmp
 14 -6.1159 4.8172 18.0861 0.0585 0.9947 -0.0840 0.7992 0.8515
 14 -4.6820 4.5298 17.8588 0.5335 0.8360 -0.1285 0.7835 0.8515
 14 -4.9150 4.3867 16.6490 0.5111 0.8531 -0.1047 0.7835 0.8356
charger_material_0.bmp
 14 -8.6872 4.8706 8.0819 -0.6276 0.7746 0.0781 0.8228 0.7287
 14 -9.4503 3.8416 8.0270 -0.9308 0.3647 0.0244 0.8366 0.7307
 14 -9.2225 3.7921 12.0158 -0.8719 0.4894 0.0173 0.8346 0.7782
charger_material_0.bmp
 14 -3.5335 2.5572 8.2175 0.8571 0.5095 0.0767 0.7539 0.7307
 14 -3.3659 2.6651 5.7875 0.8571 0.5095 0.0767 0.7539 0.7050
 14 -4.2417 3.7782 8.2084 0.8162 0.5778 -0.0006 0.7697 0.7307
charger_material_0.bmp
 14 -8.0900 2.0053 5.7771 0.4493 -0.1749 -0.8761 0.8701 0.6832
 14 -10.0065 0.8515 4.9834 0.4673 -0.2097 -0.8589 0.8681 0.7050
 14 -9.6164 2.4992 4.8849 0.4196 -0.1162 -0.9003 0.8543 0.6990
charger_material_0.bmp
 14 -8.7953 -0.1588 14.6624 -0.7698 -0.6367 -0.0445 0.8760 0.8139
 14 -9.0453 0.1994 12.0484 -0.7394 -0.6732 -0.0043 0.8760 0.7802
 14 -7.6316 -0.9419 11.9720 -0.2318 -0.9616 -0.1471 0.8937 0.7802
charger_material_0.bmp
  9 -5.3731 -2.0856 21.4677 0.2506 -0.9681 0.0010 0.9154 0.8832
  9 -3.7625 -1.0437 21.0215 0.7250 -0.6879 0.0331 0.9311 0.8792
  9 -3.7029 -0.8487 23.2873 0.7545 -0.6532 -0.0644 0.9350 0.8990
charger_material_0.bmp
 14 -3.8217 2.2384 15.4377 0.9611 0.2229 -0.1632 0.9567 0.8218
 14 -3.2946 2.0447 16.4784 0.9503 0.1166 -0.2886 0.9587 0.8356
 14 -3.5205 0.7459 15.0769 0.9638 -0.1795 -0.1972 0.9429 0.8198
charger_material_0.bmp
 14 -3.5335 2.5572 8.2175 0.9430 -0.3327 -0.0003 0.9567 0.7307
 14 -3.5899 2.4177 12.0698 0.9949 -0.0977 -0.0235 0.9567 0.7782
 14 -3.8827 1.2185 12.1127 0.8985 -0.4209 -0.1248 0.9429 0.7802
end
