version 1
nodes
  0 "Bip01"  -1
  1 "Bip01 Pelvis"   0
  2 "Bip01 Spine"   1
  3 "Bip01 Spine1"   2
  4 "Bip01 Spine2"   3
  5 "Bip01 Neck"   4
  6 "Bip01 R Clavicle"   5
  7 "Bip01 R UpperArm"   6
  8 "Bip01 R Forearm"   7
  9 "Bip01 R Thigh"   1
 10 "Bip01 L Thigh"   1
 11 "Bip01 L Calf"  10
 12 "Bip01 L Foot"  11
 13 "Bip01 L Toe0"  12
 14 "Bip01 R Calf"   9
 15 "Bip01 R Foot"  14
 16 "Bip01 R Toe0"  15
 17 "Bip01 L Clavicle"   5
 18 "Bip01 L UpperArm"  17
end
skeleton
time 0
  0 0.000000 2.236178 38.241291 0.000000 -0.000000 -1.570795
  1 0.000000 0.000000 0.000000 -1.570796 -1.570796 0.000000
  2 4.484989 -0.004008 0.000006 -0.000004 -0.000048 0.000805
  3 5.037136 -0.005101 -0.000238 -0.000005 0.000047 -0.111294
  4 6.388059 -0.005253 -0.000001 -0.000000 0.000000 -0.078408
  5 6.146608 1.394838 0.000001 -0.000001 -0.000002 0.650292
  6 -2.170032 1.352243 -2.953732 0.101359 1.282170 2.587698
  7 5.760270 -0.000012 -0.000009 -0.237756 0.114898 0.008639
  8 10.965153 0.000065 -0.000006 0.000013 0.000002 -0.222439
  9 0.000007 -0.000004 -4.044200 -0.002904 3.049381 -0.081651
 10 -0.000007 0.000007 4.044200 0.002910 -3.049341 -0.081651
 11 17.182070 0.000091 0.000546 0.000004 -0.000045 -0.201767
 12 16.782913 0.000650 -0.000234 -0.124747 -0.092161 0.120042
 13 5.168527 5.004116 -0.000135 0.000023 0.000000 1.570793
 14 17.182070 0.000099 0.000206 -0.000001 -0.000019 -0.201767
 15 16.782906 0.000656 -0.000113 0.124753 0.092146 0.120029
 16 5.168479 5.004167 -0.000064 0.000011 -0.000001 1.570802
 17 -2.170036 1.352229 2.953745 -0.101360 -1.282173 2.587697
 18 5.760273 0.000016 0.000006 0.237755 -0.114900 0.008654
end
triangles
charger_material_0.bmp
  4 1.2200 -5.2411 66.3275 0.7890 -0.3322 0.5169 0.9055 0.6257
  4 1.3700 -5.4589 65.8804 0.8529 -0.3869 0.3506 0.9055 0.6178
  4 1.5500 -5.2163 65.7119 0.9070 -0.2949 0.3005 0.9094 0.6158
charger_material_0.bmp
  4 1.5500 -5.2163 65.7119 0.9070 -0.2949 0.3005 0.9094 0.6158
  4 1.3700 -5.4589 65.8804 0.8529 -0.3869 0.3506 0.9055 0.6178
  4 1.5300 -5.5562 65.3187 0.9078 -0.3701 0.1972 0.9075 0.6099
charger_material_0.bmp
  4 1.3700 -5.4589 65.8804 0.8529 -0.3869 0.3506 0.9055 0.6178
  4 1.3200 -5.8531 65.4162 0.9078 -0.3701 0.1972 0.9016 0.6119
  4 1.5300 -5.5562 65.3187 0.9078 -0.3701 0.1972 0.9075 0.6099
charger_material_0.bmp
  4 1.5300 -5.5562 65.3187 0.9078 -0.3701 0.1972 0.9075 0.6099
  4 1.3200 -5.8531 65.4162 0.9078 -0.3701 0.1972 0.9016 0.6119
  4 1.4600 -5.8024 64.9891 0.8962 -0.4333 0.0953 0.9035 0.6059
charger_material_0.bmp
  4 1.3200 -5.8531 65.4162 0.9078 -0.3701 0.1972 0.9016 0.6119
  4 1.2500 -6.1458 65.0038 0.8567 -0.5157 0.0100 0.8996 0.6059
  4 1.4600 -5.8024 64.9891 0.8962 -0.4333 0.0953 0.9035 0.6059
charger_material_0.bmp
  4 1.4600 -5.8024 64.9891 0.8962 -0.4333 0.0953 0.9035 0.6059
  4 1.2500 -6.1458 65.0038 0.8567 -0.5157 0.0100 0.8996 0.6059
  4 1.3800 -5.9698 64.3797 0.8675 -0.4962 -0.0352 0.9035 0.5980
charger_material_0.bmp
  4 1.2500 -6.1458 65.0038 0.8567 -0.5157 0.0100 0.8996 0.6059
  4 1.0000 -6.4479 64.3285 0.7338 -0.6717 -0.1016 0.8957 0.5980
  4 1.3800 -5.9698 64.3797 0.8675 -0.4962 -0.0352 0.9035 0.5980
charger_material_0.bmp
  4 1.3800 -5.9698 64.3797 0.8675 -0.4962 -0.0352 0.9035 0.5980
  4 1.0000 -6.4479 64.3285 0.7338 -0.6717 -0.1016 0.8957 0.5980
  4 1.1700 -6.1858 63.9424 0.6910 -0.6891 -0.2185 0.8996 0.5921
charger_material_0.bmp
  4 1.0000 -6.4479 64.3285 0.7338 -0.6717 -0.1016 0.8957 0.5980
  4 0.8900 -6.4739 63.9263 0.6847 -0.6646 -0.2990 0.8937 0.5921
  4 1.1700 -6.1858 63.9424 0.6910 -0.6891 -0.2185 0.8996 0.5921
charger_material_0.bmp
  4 1.1700 -6.1858 63.9424 0.6910 -0.6891 -0.2185 0.8996 0.5921
  4 0.8900 -6.4739 63.9263 0.6847 -0.6646 -0.2990 0.8937 0.5921
  4 1.0600 -6.1606 63.7544 0.4717 -0.6567 -0.5884 0.8996 0.5881
charger_material_0.bmp
  4 0.8900 -6.4739 63.9263 0.6847 -0.6646 -0.2990 0.8937 0.5921
  4 0.8300 -6.4156 63.7522 0.6416 -0.5051 -0.5772 0.8937 0.5901
  4 1.0600 -6.1606 63.7544 0.4717 -0.6567 -0.5884 0.8996 0.5881
charger_material_0.bmp
  4 1.0600 -6.1606 63.7544 0.4717 -0.6567 -0.5884 0.8996 0.5881
  4 0.8300 -6.4156 63.7522 0.6416 -0.5051 -0.5772 0.8937 0.5901
  4 0.9000 -6.1008 63.6411 0.3494 -0.4938 -0.7963 0.8976 0.5861
charger_material_0.bmp
  4 0.8300 -6.4156 63.7522 0.6416 -0.5051 -0.5772 0.8937 0.5901
  4 0.7400 -6.3179 63.5706 0.4325 -0.2337 -0.8708 0.8937 0.5861
  4 0.9000 -6.1008 63.6411 0.3494 -0.4938 -0.7963 0.8976 0.5861
charger_material_0.bmp
  4 0.9000 -6.1008 63.6411 0.3494 -0.4938 -0.7963 0.8976 0.5861
  4 0.7400 -6.3179 63.5706 0.4325 -0.2337 -0.8708 0.8937 0.5861
  4 0.7600 -6.0410 63.5279 0.4538 -0.4950 -0.7409 0.8976 0.5842
charger_material_0.bmp
  4 0.7400 -6.3179 63.5706 0.4325 -0.2337 -0.8708 0.8937 0.5861
  4 0.6200 -6.1744 63.5228 0.3960 -0.4648 -0.7919 0.8937 0.5842
  4 0.7600 -6.0410 63.5279 0.4538 -0.4950 -0.7409 0.8976 0.5842
charger_material_0.bmp
  4 0.7600 -6.0410 63.5279 0.4538 -0.4950 -0.7409 0.8976 0.5842
  4 0.6200 -6.1744 63.5228 0.3960 -0.4648 -0.7919 0.8937 0.5842
  4 0.6900 -6.0504 63.4788 0.2315 -0.4733 -0.8500 0.8957 0.5822
charger_material_0.bmp
  4 0.6200 -6.1744 63.5228 0.3960 -0.4648 -0.7919 0.8937 0.5842
  4 0.5700 -6.1604 63.4896 0.2323 -0.3307 -0.9147 0.8937 0.5822
  4 0.6900 -6.0504 63.4788 0.2315 -0.4733 -0.8500 0.8957 0.5822
charger_material_0.bmp
  4 0.6900 -6.0504 63.4788 0.2315 -0.4733 -0.8500 0.8957 0.5822
  4 0.5700 -6.1604 63.4896 0.2323 -0.3307 -0.9147 0.8937 0.5822
  4 0.6500 -6.0093 63.4811 0.4085 -0.4942 -0.7674 0.8957 0.5822
charger_material_0.bmp
  4 0.5700 -6.1604 63.4896 0.2323 -0.3307 -0.9147 0.8937 0.5822
  4 0.5400 -6.1211 63.4821 0.4726 -0.6007 -0.6448 0.8937 0.5822
  4 0.6500 -6.0093 63.4811 0.4085 -0.4942 -0.7674 0.8957 0.5822
charger_material_0.bmp
  4 0.6500 -6.0093 63.4811 0.4085 -0.4942 -0.7674 0.8957 0.5822
  4 0.5400 -6.1211 63.4821 0.4726 -0.6007 -0.6448 0.8937 0.5822
  4 0.6000 -6.0519 63.4180 0.6847 -0.6646 -0.2990 0.8957 0.5822
charger_material_0.bmp
  4 0.5400 -6.1211 63.4821 0.4726 -0.6007 -0.6448 0.8937 0.5822
  4 0.4600 -6.1557 63.4073 0.3917 -0.8481 -0.3568 0.8937 0.5822
  4 0.6000 -6.0519 63.4180 0.6847 -0.6646 -0.2990 0.8957 0.5822
charger_material_0.bmp
  4 0.6000 -6.0519 63.4180 0.6847 -0.6646 -0.2990 0.8957 0.5822
  4 0.4600 -6.1557 63.4073 0.3917 -0.8481 -0.3568 0.8937 0.5822
  4 0.5100 -6.1024 63.3665 0.4876 -0.7558 -0.4371 0.8937 0.5802
charger_material_0.bmp
  4 0.4600 -6.1557 63.4073 0.3917 -0.8481 -0.3568 0.8937 0.5822
  4 0.3500 -6.1273 63.2898 0.2078 -0.8418 -0.4982 0.8917 0.5782
  4 0.5100 -6.1024 63.3665 0.4876 -0.7558 -0.4371 0.8937 0.5802
charger_material_0.bmp
  4 0.5100 -6.1024 63.3665 0.4876 -0.7558 -0.4371 0.8937 0.5802
  4 0.3500 -6.1273 63.2898 0.2078 -0.8418 -0.4982 0.8917 0.5782
  4 0.4200 -6.0600 63.2159 0.3423 -0.6352 -0.6924 0.8937 0.5782
charger_material_0.bmp
  4 0.3500 -6.1273 63.2898 0.2078 -0.8418 -0.4982 0.8917 0.5782
  4 0.2600 -6.0754 63.1883 0.0955 -0.6200 -0.7788 0.8917 0.5762
  4 0.4200 -6.0600 63.2159 0.3423 -0.6352 -0.6924 0.8937 0.5782
charger_material_0.bmp
  4 0.4200 -6.0600 63.2159 0.3423 -0.6352 -0.6924 0.8937 0.5782
  4 0.2600 -6.0754 63.1883 0.0955 -0.6200 -0.7788 0.8917 0.5762
  4 0.4400 -6.0267 63.2299 0.3365 -0.7688 -0.5438 0.8937 0.5782
charger_material_0.bmp
  4 0.2600 -6.0754 63.1883 0.0955 -0.6200 -0.7788 0.8917 0.5762
  4 0.2600 -6.0441 63.1925 -0.0107 -0.9600 -0.2798 0.8917 0.5762
  4 0.4400 -6.0267 63.2299 0.3365 -0.7688 -0.5438 0.8937 0.5782
charger_material_0.bmp
  4 0.4400 -6.0267 63.2299 0.3365 -0.7688 -0.5438 0.8937 0.5782
  4 0.2600 -6.0441 63.1925 -0.0107 -0.9600 -0.2798 0.8917 0.5762
  4 0.4500 -6.0361 63.1808 0.1290 -0.9818 0.1392 0.8937 0.5762
charger_material_0.bmp
  4 0.2600 -6.0441 63.1925 -0.0107 -0.9600 -0.2798 0.8917 0.5762
  4 0.2500 -6.0787 63.1177 0.0488 -0.9641 0.2610 0.8917 0.5762
  4 0.4500 -6.0361 63.1808 0.1290 -0.9818 0.1392 0.8937 0.5762
charger_material_0.bmp
  4 0.4500 -6.0361 63.1808 0.1290 -0.9818 0.1392 0.8937 0.5762
  4 0.2500 -6.0787 63.1177 0.0488 -0.9641 0.2610 0.8917 0.5762
  4 0.2600 -6.0049 62.9712 0.3601 -0.9207 -0.1506 0.8917 0.5743
charger_material_0.bmp
  4 0.2500 -6.0787 63.1177 0.0488 -0.9641 0.2610 0.8917 0.5762
  4 0.0500 -6.0754 63.1883 0.5076 -0.8377 0.2016 0.8878 0.5743
  4 0.2600 -6.0049 62.9712 0.3601 -0.9207 -0.1506 0.8917 0.5743
charger_material_0.bmp
  4 0.2600 -6.0049 62.9712 0.3601 -0.9207 -0.1506 0.8917 0.5743
  4 0.0500 -6.0754 63.1883 0.5076 -0.8377 0.2016 0.8878 0.5743
  4 -0.0500 -6.1723 63.0541 0.6804 -0.7274 0.0890 0.8858 0.5743
charger_material_0.bmp
  4 0.0500 -6.0754 63.1883 0.5076 -0.8377 0.2016 0.8878 0.5743
  4 0.0000 -6.1053 63.2449 0.7726 -0.5453 -0.3252 0.8878 0.5762
  4 -0.0500 -6.1723 63.0541 0.6804 -0.7274 0.0890 0.8858 0.5743
charger_material_0.bmp
  4 -0.0500 -6.1723 63.0541 0.6804 -0.7274 0.0890 0.8858 0.5743
  4 0.0000 -6.1053 63.2449 0.7726 -0.5453 -0.3252 0.8878 0.5762
  4 -0.0700 -6.2363 63.1987 0.7889 -0.4384 -0.4307 0.8858 0.5762
charger_material_0.bmp
  4 0.0000 -6.1053 63.2449 0.7726 -0.5453 -0.3252 0.8878 0.5762
  4 0.0000 -6.2769 63.3592 0.6961 -0.1125 -0.7091 0.8858 0.5782
  4 -0.0700 -6.2363 63.1987 0.7889 -0.4384 -0.4307 0.8858 0.5762
charger_material_0.bmp
  4 -0.0700 -6.2363 63.1987 0.7889 -0.4384 -0.4307 0.8858 0.5762
  4 0.0000 -6.2769 63.3592 0.6961 -0.1125 -0.7091 0.8858 0.5782
  4 -0.0200 -6.5605 63.2607 0.4321 0.0315 -0.9013 0.8839 0.5802
charger_material_0.bmp
  4 0.0000 -6.2769 63.3592 0.6961 -0.1125 -0.7091 0.8858 0.5782
  4 0.1600 -6.5791 63.3762 0.4843 0.0906 -0.8702 0.8858 0.5842
  4 -0.0200 -6.5605 63.2607 0.4321 0.0315 -0.9013 0.8839 0.5802
charger_material_0.bmp
  4 -0.0200 -6.5605 63.2607 0.4321 0.0315 -0.9013 0.8839 0.5802
  4 0.1600 -6.5791 63.3762 0.4843 0.0906 -0.8702 0.8858 0.5842
  4 0.0000 -6.7742 63.2608 0.4355 -0.3751 -0.8183 0.8819 0.5822
charger_material_0.bmp
  4 0.1600 -6.5791 63.3762 0.4843 0.0906 -0.8702 0.8858 0.5842
  4 0.2100 -6.7680 63.4531 0.5043 -0.5496 -0.6660 0.8858 0.5861
  4 0.0000 -6.7742 63.2608 0.4355 -0.3751 -0.8183 0.8819 0.5822
charger_material_0.bmp
  4 0.0000 -6.7742 63.2608 0.4355 -0.3751 -0.8183 0.8819 0.5822
  4 0.2100 -6.7680 63.4531 0.5043 -0.5496 -0.6660 0.8858 0.5861
  4 -0.0400 -6.9130 63.4401 0.2667 -0.8944 -0.3589 0.8819 0.5861
charger_material_0.bmp
  4 0.2100 -6.7680 63.4531 0.5043 -0.5496 -0.6660 0.8858 0.5861
  4 0.2200 -6.8736 63.6463 0.4064 -0.8621 -0.3028 0.8839 0.5881
  4 -0.0400 -6.9130 63.4401 0.2667 -0.8944 -0.3589 0.8819 0.5861
charger_material_0.bmp
  4 -0.0400 -6.9130 63.4401 0.2667 -0.8944 -0.3589 0.8819 0.5861
  4 0.2200 -6.8736 63.6463 0.4064 -0.8621 -0.3028 0.8839 0.5881
  4 -0.0400 -7.0007 63.8335 0.2250 -0.9552 -0.1921 0.8819 0.5901
charger_material_0.bmp
  4 0.2200 -6.8736 63.6463 0.4064 -0.8621 -0.3028 0.8839 0.5881
  4 0.2200 -6.9174 63.9500 0.3601 -0.9207 -0.1506 0.8839 0.5921
  4 -0.0400 -7.0007 63.8335 0.2250 -0.9552 -0.1921 0.8819 0.5901
charger_material_0.bmp
  4 -0.0400 -7.0007 63.8335 0.2250 -0.9552 -0.1921 0.8819 0.5901
  4 0.2200 -6.9174 63.9500 0.3601 -0.9207 -0.1506 0.8839 0.5921
  4 0.0000 -7.1494 64.7070 0.2620 -0.9651 -0.0009 0.8799 0.6020
charger_material_0.bmp
  4 0.2200 -6.9174 63.9500 0.3601 -0.9207 -0.1506 0.8839 0.5921
  4 0.3100 -7.0403 64.7981 0.3468 -0.9379 -0.0072 0.8839 0.6020
  4 0.0000 -7.1494 64.7070 0.2620 -0.9651 -0.0009 0.8799 0.6020
charger_material_0.bmp
  4 0.0000 -7.1494 64.7070 0.2620 -0.9651 -0.0009 0.8799 0.6020
  4 0.3100 -7.0403 64.7981 0.3468 -0.9379 -0.0072 0.8839 0.6020
  4 0.0000 -7.0104 65.4338 0.2532 -0.9291 0.2695 0.8799 0.6099
charger_material_0.bmp
  4 0.3100 -7.0403 64.7981 0.3468 -0.9379 -0.0072 0.8839 0.6020
  4 0.3400 -6.9604 65.3224 0.3476 -0.8911 0.2917 0.8839 0.6079
  4 0.0000 -7.0104 65.4338 0.2532 -0.9291 0.2695 0.8799 0.6099
charger_material_0.bmp
  4 0.0000 -7.0104 65.4338 0.2532 -0.9291 0.2695 0.8799 0.6099
  4 0.3400 -6.9604 65.3224 0.3476 -0.8911 0.2917 0.8839 0.6079
  4 0.2100 -6.8086 65.6905 0.3528 -0.8280 0.4359 0.8819 0.6139
charger_material_0.bmp
  4 0.3400 -6.9604 65.3224 0.3476 -0.8911 0.2917 0.8839 0.6079
  4 0.6800 -6.7841 65.3396 0.4990 -0.8103 0.3072 0.8878 0.6099
  4 0.2100 -6.8086 65.6905 0.3528 -0.8280 0.4359 0.8819 0.6139
charger_material_0.bmp
  4 0.2100 -6.8086 65.6905 0.3528 -0.8280 0.4359 0.8819 0.6139
  4 0.6800 -6.7841 65.3396 0.4990 -0.8103 0.3072 0.8878 0.6099
  4 0.5000 -6.6388 65.7802 0.4026 -0.8040 0.4376 0.8858 0.6158
charger_material_0.bmp
  4 0.6800 -6.7841 65.3396 0.4990 -0.8103 0.3072 0.8878 0.6099
  4 0.9300 -6.5519 65.4887 0.6541 -0.6939 0.3011 0.8917 0.6119
  4 0.5000 -6.6388 65.7802 0.4026 -0.8040 0.4376 0.8858 0.6158
charger_material_0.bmp
  4 0.5000 -6.6388 65.7802 0.4026 -0.8040 0.4376 0.8858 0.6158
  4 0.9300 -6.5519 65.4887 0.6541 -0.6939 0.3011 0.8917 0.6119
  4 0.7800 -6.4375 65.8741 0.5559 -0.6707 0.4911 0.8898 0.6158
charger_material_0.bmp
  4 0.9300 -6.5519 65.4887 0.6541 -0.6939 0.3011 0.8917 0.6119
  4 1.1200 -6.2333 65.6110 0.7740 -0.5347 0.3390 0.8957 0.6139
  4 0.7800 -6.4375 65.8741 0.5559 -0.6707 0.4911 0.8898 0.6158
charger_material_0.bmp
  4 0.7800 -6.4375 65.8741 0.5559 -0.6707 0.4911 0.8898 0.6158
  4 1.1200 -6.2333 65.6110 0.7740 -0.5347 0.3390 0.8957 0.6139
  4 0.9400 -6.1952 65.9703 0.6344 -0.5498 0.5434 0.8937 0.6198
charger_material_0.bmp
  4 1.1200 -6.2333 65.6110 0.7740 -0.5347 0.3390 0.8957 0.6139
  4 1.1800 -5.8401 65.9635 0.8235 -0.3929 0.4093 0.8996 0.6198
  4 0.9400 -6.1952 65.9703 0.6344 -0.5498 0.5434 0.8937 0.6198
charger_material_0.bmp
  4 0.9400 -6.1952 65.9703 0.6344 -0.5498 0.5434 0.8937 0.6198
  4 1.1800 -5.8401 65.9635 0.8235 -0.3929 0.4093 0.8996 0.6198
  4 0.8800 -5.6658 66.4494 0.6571 -0.4272 0.6210 0.8976 0.6277
charger_material_0.bmp
  4 1.1800 -5.8401 65.9635 0.8235 -0.3929 0.4093 0.8996 0.6198
  4 1.2200 -5.2411 66.3275 0.7890 -0.3322 0.5169 0.9055 0.6257
  4 0.8800 -5.6658 66.4494 0.6571 -0.4272 0.6210 0.8976 0.6277
charger_material_0.bmp
  4 0.8800 -5.6658 66.4494 0.6571 -0.4272 0.6210 0.8976 0.6277
  4 1.2200 -5.2411 66.3275 0.7890 -0.3322 0.5169 0.9055 0.6257
  4 0.9400 -5.0116 66.7825 0.6883 -0.3183 0.6518 0.9055 0.6337
charger_material_0.bmp
  4 1.2200 -5.2411 66.3275 0.7890 -0.3322 0.5169 0.9055 0.6257
  4 1.4300 -4.8071 66.2547 0.8216 -0.2795 0.4969 0.9134 0.6257
  4 0.9400 -5.0116 66.7825 0.6883 -0.3183 0.6518 0.9055 0.6337
charger_material_0.bmp
  4 0.9400 -5.0116 66.7825 0.6883 -0.3183 0.6518 0.9055 0.6337
  4 1.4300 -4.8071 66.2547 0.8216 -0.2795 0.4969 0.9134 0.6257
  4 1.2400 -4.4344 66.7129 0.7420 -0.2486 0.6226 0.9154 0.6337
charger_material_0.bmp
  4 1.4300 -4.8071 66.2547 0.8216 -0.2795 0.4969 0.9134 0.6257
  4 1.6100 -4.0642 66.3061 0.8533 -0.2022 0.4806 0.9232 0.6277
  4 1.2400 -4.4344 66.7129 0.7420 -0.2486 0.6226 0.9154 0.6337
charger_material_0.bmp
  4 1.2400 -4.4344 66.7129 0.7420 -0.2486 0.6226 0.9154 0.6337
  4 1.6100 -4.0642 66.3061 0.8533 -0.2022 0.4806 0.9232 0.6277
  4 1.4200 -3.3743 66.8258 0.7660 -0.1261 0.6304 0.9311 0.6356
charger_material_0.bmp
  4 1.6100 -4.0642 66.3061 0.8533 -0.2022 0.4806 0.9232 0.6277
  4 1.7600 -3.9502 66.0502 0.9141 -0.1958 0.3550 0.9252 0.6238
  4 1.4200 -3.3743 66.8258 0.7660 -0.1261 0.6304 0.9311 0.6356
charger_material_0.bmp
  4 1.4200 -3.3743 66.8258 0.7660 -0.1261 0.6304 0.9311 0.6356
  4 1.7600 -3.9502 66.0502 0.9141 -0.1958 0.3550 0.9252 0.6238
  4 1.7900 -2.9143 66.4630 0.8307 -0.0646 0.5530 0.9390 0.6297
charger_material_0.bmp
  4 1.7600 -3.9502 66.0502 0.9141 -0.1958 0.3550 0.9252 0.6238
  4 2.0500 -2.6063 65.9969 0.9560 -0.0612 0.2868 0.9449 0.6238
  4 1.7900 -2.9143 66.4630 0.8307 -0.0646 0.5530 0.9390 0.6297
charger_material_0.bmp
  4 1.7900 -2.9143 66.4630 0.8307 -0.0646 0.5530 0.9390 0.6297
  4 2.0500 -2.6063 65.9969 0.9560 -0.0612 0.2868 0.9449 0.6238
  4 1.7900 -2.0485 66.3585 0.7924 0.2334 0.5636 0.9508 0.6317
charger_material_0.bmp
  4 2.0500 -2.6063 65.9969 0.9560 -0.0612 0.2868 0.9449 0.6238
  4 2.1400 -1.9920 65.4823 0.9774 0.1287 0.1679 0.9547 0.6178
  4 1.7900 -2.0485 66.3585 0.7924 0.2334 0.5636 0.9508 0.6317
charger_material_0.bmp
  4 1.7900 -2.0485 66.3585 0.7924 0.2334 0.5636 0.9508 0.6317
  4 2.1400 -1.9920 65.4823 0.9774 0.1287 0.1679 0.9547 0.6178
  4 1.9200 -1.4852 65.8436 0.8132 0.4343 0.3875 0.9587 0.6257
charger_material_0.bmp
  4 2.1400 -1.9920 65.4823 0.9774 0.1287 0.1679 0.9547 0.6178
  4 1.8600 -1.1137 65.2839 0.7779 0.6258 0.0571 0.9665 0.6198
  4 1.9200 -1.4852 65.8436 0.8132 0.4343 0.3875 0.9587 0.6257
charger_material_0.bmp
  4 1.9200 -1.4852 65.8436 0.8132 0.4343 0.3875 0.9587 0.6257
  4 1.8600 -1.1137 65.2839 0.7779 0.6258 0.0571 0.9665 0.6198
  4 1.4000 -0.7696 65.6457 0.4962 0.8101 0.3122 0.9705 0.6277
charger_material_0.bmp
  4 1.8600 -1.1137 65.2839 0.7779 0.6258 0.0571 0.9665 0.6198
  4 1.1800 -0.6577 65.1662 0.3282 0.9441 -0.0327 0.9764 0.6257
  4 1.4000 -0.7696 65.6457 0.4962 0.8101 0.3122 0.9705 0.6277
charger_material_0.bmp
  4 1.4000 -0.7696 65.6457 0.4962 0.8101 0.3122 0.9705 0.6277
  4 1.1800 -0.6577 65.1662 0.3282 0.9441 -0.0327 0.9764 0.6257
  4 0.5300 -0.6876 65.9151 0.2329 0.8864 0.4002 0.9764 0.6396
charger_material_0.bmp
  4 1.1800 -0.6577 65.1662 0.3282 0.9441 -0.0327 0.9764 0.6257
  4 0.3800 -0.5344 65.4379 0.1803 0.9803 0.0808 0.9823 0.6376
  4 0.5300 -0.6876 65.9151 0.2329 0.8864 0.4002 0.9764 0.6396
charger_material_0.bmp
  4 0.5300 -0.6876 65.9151 0.2329 0.8864 0.4002 0.9764 0.6396
  4 0.3800 -0.5344 65.4379 0.1803 0.9803 0.0808 0.9823 0.6376
  4 -0.4100 -0.4322 65.8663 0.1932 0.9347 0.2985 0.9862 0.6515
charger_material_0.bmp
  4 0.3800 -0.5344 65.4379 0.1803 0.9803 0.0808 0.9823 0.6376
  4 -0.4100 -0.3665 65.5177 0.1803 0.9803 0.0808 0.9902 0.6475
  4 -0.4100 -0.4322 65.8663 0.1932 0.9347 0.2985 0.9862 0.6515
charger_material_0.bmp
 18 33.5198 -0.6819 51.5219 0.0205 0.9940 -0.1070 0.5846 0.0297
 18 33.1236 -0.7382 51.6916 -0.3386 0.5754 -0.7445 0.5827 0.0337
 18 33.1263 -0.7016 51.7640 0.0477 0.9978 0.0468 0.5827 0.0337
charger_material_0.bmp
 18 33.1263 -0.7016 51.7640 0.0477 0.9978 0.0468 0.5827 0.0337
 18 33.1236 -0.7382 51.6916 -0.3386 0.5754 -0.7445 0.5827 0.0337
 18 32.9366 -0.7290 51.7253 -0.2521 0.6581 -0.7094 0.5827 0.0356
charger_material_0.bmp
 18 33.1236 -0.7382 51.6916 -0.3386 0.5754 -0.7445 0.5827 0.0337
 18 32.9455 -0.9587 51.7128 -0.2218 -0.4326 -0.8739 0.5827 0.0376
 18 32.9366 -0.7290 51.7253 -0.2521 0.6581 -0.7094 0.5827 0.0356
charger_material_0.bmp
 18 32.9366 -0.7290 51.7253 -0.2521 0.6581 -0.7094 0.5827 0.0356
 18 32.9455 -0.9587 51.7128 -0.2218 -0.4326 -0.8739 0.5827 0.0376
 18 32.4492 -0.9849 51.8915 -0.1252 -0.4966 -0.8589 0.5787 0.0416
charger_material_0.bmp
 18 32.9455 -0.9587 51.7128 -0.2218 -0.4326 -0.8739 0.5827 0.0376
 18 33.0270 -1.0444 51.8264 0.1117 -0.9734 -0.1999 0.5846 0.0396
 18 32.4492 -0.9849 51.8915 -0.1252 -0.4966 -0.8589 0.5787 0.0416
charger_material_0.bmp
 18 32.4492 -0.9849 51.8915 -0.1252 -0.4966 -0.8589 0.5787 0.0416
 18 33.0270 -1.0444 51.8264 0.1117 -0.9734 -0.1999 0.5846 0.0396
 18 32.5000 -1.1032 52.0599 0.2387 -0.9588 -0.1540 0.5807 0.0436
charger_material_0.bmp
 18 33.0270 -1.0444 51.8264 0.1117 -0.9734 -0.1999 0.5846 0.0396
 18 32.9968 -1.0151 52.0569 0.4904 -0.7043 0.5134 0.5866 0.0416
 18 32.5000 -1.1032 52.0599 0.2387 -0.9588 -0.1540 0.5807 0.0436
charger_material_0.bmp
 18 32.5000 -1.1032 52.0599 0.2387 -0.9588 -0.1540 0.5807 0.0436
 18 32.9968 -1.0151 52.0569 0.4904 -0.7043 0.5134 0.5866 0.0416
 18 32.4329 -1.0773 52.3680 0.7017 -0.1436 0.6979 0.5807 0.0475
charger_material_0.bmp
 18 32.9968 -1.0151 52.0569 0.4904 -0.7043 0.5134 0.5866 0.0416
 18 32.9928 -0.7440 52.0400 0.5430 0.5133 0.6646 0.5886 0.0416
 18 32.4329 -1.0773 52.3680 0.7017 -0.1436 0.6979 0.5807 0.0475
charger_material_0.bmp
 18 32.4329 -1.0773 52.3680 0.7017 -0.1436 0.6979 0.5807 0.0475
 18 32.9928 -0.7440 52.0400 0.5430 0.5133 0.6646 0.5886 0.0416
 18 32.3755 -0.6980 52.3963 0.6921 0.3562 0.6278 0.5866 0.0495
charger_material_0.bmp
 18 32.9928 -0.7440 52.0400 0.5430 0.5133 0.6646 0.5886 0.0416
 18 32.3587 -0.6081 52.1901 0.5081 0.8566 0.0894 0.5886 0.0495
 18 32.3755 -0.6980 52.3963 0.6921 0.3562 0.6278 0.5866 0.0495
charger_material_0.bmp
 18 32.3755 -0.6980 52.3963 0.6921 0.3562 0.6278 0.5866 0.0495
 18 32.3587 -0.6081 52.1901 0.5081 0.8566 0.0894 0.5886 0.0495
 18 32.2886 -0.5561 52.3678 0.9566 0.1421 0.2543 0.5886 0.0515
charger_material_0.bmp
 18 32.3587 -0.6081 52.1901 0.5081 0.8566 0.0894 0.5886 0.0495
 18 32.3143 -0.5469 52.1704 0.9599 -0.1367 -0.2447 0.5906 0.0495
 18 32.2886 -0.5561 52.3678 0.9566 0.1421 0.2543 0.5886 0.0515
charger_material_0.bmp
 18 32.2886 -0.5561 52.3678 0.9566 0.1421 0.2543 0.5886 0.0515
 18 32.3143 -0.5469 52.1704 0.9599 -0.1367 -0.2447 0.5906 0.0495
 18 32.3642 -0.4649 52.3383 0.6970 -0.2502 0.6720 0.5906 0.0515
charger_material_0.bmp
 18 32.3143 -0.5469 52.1704 0.9599 -0.1367 -0.2447 0.5906 0.0495
 18 32.3932 -0.5266 52.1573 0.2387 -0.9588 -0.1540 0.5906 0.0495
 18 32.3642 -0.4649 52.3383 0.6970 -0.2502 0.6720 0.5906 0.0515
charger_material_0.bmp
 18 32.3642 -0.4649 52.3383 0.6970 -0.2502 0.6720 0.5906 0.0515
 18 32.3932 -0.5266 52.1573 0.2387 -0.9588 -0.1540 0.5906 0.0495
 18 32.8201 -0.3532 52.0488 0.7204 -0.4532 0.5250 0.5945 0.0455
charger_material_0.bmp
 18 32.3932 -0.5266 52.1573 0.2387 -0.9588 -0.1540 0.5906 0.0495
 18 32.7444 -0.3863 51.9082 0.1273 -0.9335 -0.3353 0.5945 0.0455
 18 32.8201 -0.3532 52.0488 0.7204 -0.4532 0.5250 0.5945 0.0455
charger_material_0.bmp
 18 32.8201 -0.3532 52.0488 0.7204 -0.4532 0.5250 0.5945 0.0455
 18 32.7444 -0.3863 51.9082 0.1273 -0.9335 -0.3353 0.5945 0.0455
 18 32.8895 -0.3077 51.9267 0.7480 -0.4318 0.5040 0.5965 0.0455
charger_material_0.bmp
 18 32.7444 -0.3863 51.9082 0.1273 -0.9335 -0.3353 0.5945 0.0455
 18 32.8782 -0.3420 51.8051 0.3122 -0.9455 -0.0924 0.5945 0.0436
 18 32.8895 -0.3077 51.9267 0.7480 -0.4318 0.5040 0.5965 0.0455
charger_material_0.bmp
 18 32.8895 -0.3077 51.9267 0.7480 -0.4318 0.5040 0.5965 0.0455
 18 32.8782 -0.3420 51.8051 0.3122 -0.9455 -0.0924 0.5945 0.0436
 18 33.1063 -0.2089 51.7199 0.6001 -0.3834 0.7021 0.5984 0.0396
charger_material_0.bmp
 18 32.8782 -0.3420 51.8051 0.3122 -0.9455 -0.0924 0.5945 0.0436
 18 33.1025 -0.2579 51.6979 0.3113 -0.9488 -0.0541 0.5984 0.0396
 18 33.1063 -0.2089 51.7199 0.6001 -0.3834 0.7021 0.5984 0.0396
charger_material_0.bmp
 18 33.1063 -0.2089 51.7199 0.6001 -0.3834 0.7021 0.5984 0.0396
 18 33.1025 -0.2579 51.6979 0.3113 -0.9488 -0.0541 0.5984 0.0396
 18 33.1851 -0.1886 51.7068 0.5910 -0.4682 0.6569 0.6004 0.0396
charger_material_0.bmp
 18 33.1025 -0.2579 51.6979 0.3113 -0.9488 -0.0541 0.5984 0.0396
 18 33.1727 -0.2252 51.6361 0.2936 -0.9475 -0.1264 0.6004 0.0376
 18 33.1851 -0.1886 51.7068 0.5910 -0.4682 0.6569 0.6004 0.0396
charger_material_0.bmp
 18 33.1851 -0.1886 51.7068 0.5910 -0.4682 0.6569 0.6004 0.0396
 18 33.1727 -0.2252 51.6361 0.2936 -0.9475 -0.1264 0.6004 0.0376
 18 33.4104 -0.1220 51.5478 0.8265 -0.4518 0.3359 0.6024 0.0356
charger_material_0.bmp
 18 33.1727 -0.2252 51.6361 0.2936 -0.9475 -0.1264 0.6004 0.0376
 18 33.4115 -0.1296 51.4964 0.6268 -0.6755 -0.3884 0.6024 0.0356
 18 33.4104 -0.1220 51.5478 0.8265 -0.4518 0.3359 0.6024 0.0356
charger_material_0.bmp
 18 33.4104 -0.1220 51.5478 0.8265 -0.4518 0.3359 0.6024 0.0356
 18 33.4115 -0.1296 51.4964 0.6268 -0.6755 -0.3884 0.6024 0.0356
 18 33.4137 -0.0302 51.5109 0.8563 0.5017 -0.1227 0.6043 0.0376
charger_material_0.bmp
 18 33.4115 -0.1296 51.4964 0.6268 -0.6755 -0.3884 0.6024 0.0356
 18 33.3947 -0.1078 51.4598 0.3947 -0.0812 -0.9152 0.6043 0.0376
 18 33.4137 -0.0302 51.5109 0.8563 0.5017 -0.1227 0.6043 0.0376
charger_material_0.bmp
 18 33.4137 -0.0302 51.5109 0.8563 0.5017 -0.1227 0.6043 0.0376
 18 33.3947 -0.1078 51.4598 0.3947 -0.0812 -0.9152 0.6043 0.0376
 18 33.3789 -0.0189 51.4872 0.0505 0.7082 -0.7042 0.6043 0.0376
charger_material_0.bmp
 18 33.3947 -0.1078 51.4598 0.3947 -0.0812 -0.9152 0.6043 0.0376
 18 33.1304 -0.1593 51.5146 -0.1593 -0.4476 -0.8799 0.6043 0.0416
 18 33.3789 -0.0189 51.4872 0.0505 0.7082 -0.7042 0.6043 0.0376
charger_material_0.bmp
 18 33.3789 -0.0189 51.4872 0.0505 0.7082 -0.7042 0.6043 0.0376
 18 33.1304 -0.1593 51.5146 -0.1593 -0.4476 -0.8799 0.6043 0.0416
 18 33.0834 -0.0501 51.5384 -0.3507 0.5212 -0.7780 0.6024 0.0416
charger_material_0.bmp
 18 33.1304 -0.1593 51.5146 -0.1593 -0.4476 -0.8799 0.6043 0.0416
 18 33.0192 -0.1916 51.5736 -0.3103 -0.5525 -0.7736 0.6043 0.0416
 18 33.0834 -0.0501 51.5384 -0.3507 0.5212 -0.7780 0.6024 0.0416
charger_material_0.bmp
 18 33.0834 -0.0501 51.5384 -0.3507 0.5212 -0.7780 0.6024 0.0416
 18 33.0192 -0.1916 51.5736 -0.3103 -0.5525 -0.7736 0.6043 0.0416
 18 32.9804 -0.0619 51.5867 -0.5165 0.5972 -0.6137 0.6024 0.0416
charger_material_0.bmp
 18 33.0192 -0.1916 51.5736 -0.3103 -0.5525 -0.7736 0.6043 0.0416
 18 32.7712 -0.2801 51.7763 -0.3680 -0.5479 -0.7513 0.6024 0.0475
 18 32.9804 -0.0619 51.5867 -0.5165 0.5972 -0.6137 0.6024 0.0416
charger_material_0.bmp
 18 32.9804 -0.0619 51.5867 -0.5165 0.5972 -0.6137 0.6024 0.0416
 18 32.7712 -0.2801 51.7763 -0.3680 -0.5479 -0.7513 0.6024 0.0475
 18 32.7622 -0.1004 51.7865 -0.5035 0.5165 -0.6926 0.6004 0.0455
charger_material_0.bmp
 18 32.7712 -0.2801 51.7763 -0.3680 -0.5479 -0.7513 0.6024 0.0475
 18 32.6483 -0.3220 51.8267 -0.3355 -0.4180 -0.8443 0.6024 0.0495
 18 32.7622 -0.1004 51.7865 -0.5035 0.5165 -0.6926 0.6004 0.0455
charger_material_0.bmp
 18 32.7622 -0.1004 51.7865 -0.5035 0.5165 -0.6926 0.6004 0.0455
 18 32.6483 -0.3220 51.8267 -0.3355 -0.4180 -0.8443 0.6024 0.0495
 18 32.6161 -0.1314 51.8212 -0.5035 0.5165 -0.6926 0.6004 0.0475
charger_material_0.bmp
 18 32.6483 -0.3220 51.8267 -0.3355 -0.4180 -0.8443 0.6024 0.0495
 18 32.3182 -0.3999 52.0242 -0.0527 -0.4036 -0.9134 0.6024 0.0535
 18 32.6161 -0.1314 51.8212 -0.5035 0.5165 -0.6926 0.6004 0.0475
charger_material_0.bmp
 18 32.6161 -0.1314 51.8212 -0.5035 0.5165 -0.6926 0.6004 0.0475
 18 32.3182 -0.3999 52.0242 -0.0527 -0.4036 -0.9134 0.6024 0.0535
 18 32.2188 -0.2101 52.0408 -0.3076 0.7213 -0.6206 0.5984 0.0535
charger_material_0.bmp
 18 32.3182 -0.3999 52.0242 -0.0527 -0.4036 -0.9134 0.6024 0.0535
 18 31.9789 -0.2201 52.0628 0.0633 0.6450 -0.7616 0.5984 0.0574
 18 32.2188 -0.2101 52.0408 -0.3076 0.7213 -0.6206 0.5984 0.0535
charger_material_0.bmp
 18 32.2188 -0.2101 52.0408 -0.3076 0.7213 -0.6206 0.5984 0.0535
 18 31.9789 -0.2201 52.0628 0.0633 0.6450 -0.7616 0.5984 0.0574
 18 32.2498 -0.1857 52.1585 0.0249 0.9947 0.0994 0.5965 0.0535
charger_material_0.bmp
 18 31.9789 -0.2201 52.0628 0.0633 0.6450 -0.7616 0.5984 0.0574
 18 31.9905 -0.1458 52.1863 0.2126 0.9737 -0.0817 0.5965 0.0574
 18 32.2498 -0.1857 52.1585 0.0249 0.9947 0.0994 0.5965 0.0535
charger_material_0.bmp
 18 32.2498 -0.1857 52.1585 0.0249 0.9947 0.0994 0.5965 0.0535
 18 31.9905 -0.1458 52.1863 0.2126 0.9737 -0.0817 0.5965 0.0574
 18 32.1028 -0.2572 52.4152 0.3610 0.7023 0.6136 0.5925 0.0554
charger_material_0.bmp
 18 31.9905 -0.1458 52.1863 0.2126 0.9737 -0.0817 0.5965 0.0574
 18 31.5678 -0.1438 52.6075 0.2873 0.7238 0.6273 0.5906 0.0614
 18 32.1028 -0.2572 52.4152 0.3610 0.7023 0.6136 0.5925 0.0554
charger_material_0.bmp
 18 32.1028 -0.2572 52.4152 0.3610 0.7023 0.6136 0.5925 0.0554
 18 31.5678 -0.1438 52.6075 0.2873 0.7238 0.6273 0.5906 0.0614
 18 31.6728 -0.5605 52.7316 0.2440 0.2281 0.9426 0.5846 0.0594
charger_material_0.bmp
 18 31.5678 -0.1438 52.6075 0.2873 0.7238 0.6273 0.5906 0.0614
 18 30.1205 -0.2476 53.0335 0.1674 0.4399 0.8823 0.5846 0.0812
 18 31.6728 -0.5605 52.7316 0.2440 0.2281 0.9426 0.5846 0.0594
charger_material_0.bmp
 18 31.6728 -0.5605 52.7316 0.2440 0.2281 0.9426 0.5846 0.0594
 18 30.1205 -0.2476 53.0335 0.1674 0.4399 0.8823 0.5846 0.0812
 18 30.0504 -0.6803 53.0863 0.1618 -0.1130 0.9803 0.5768 0.0812
charger_material_0.bmp
 18 30.1205 -0.2476 53.0335 0.1674 0.4399 0.8823 0.5846 0.0812
 18 29.6356 -0.5816 53.1549 0.0989 -0.0534 0.9937 0.5768 0.0871
 18 30.0504 -0.6803 53.0863 0.1618 -0.1130 0.9803 0.5768 0.0812
charger_material_0.bmp
 18 30.0504 -0.6803 53.0863 0.1618 -0.1130 0.9803 0.5768 0.0812
 18 29.6356 -0.5816 53.1549 0.0989 -0.0534 0.9937 0.5768 0.0871
 18 29.9390 -1.0745 52.9654 -0.0068 -0.5122 0.8588 0.5689 0.0812
charger_material_0.bmp
 18 29.6356 -0.5816 53.1549 0.0989 -0.0534 0.9937 0.5768 0.0871
 18 29.5393 -0.9772 53.0616 -0.0438 -0.5093 0.8595 0.5689 0.0871
 18 29.9390 -1.0745 52.9654 -0.0068 -0.5122 0.8588 0.5689 0.0812
charger_material_0.bmp
 18 29.9390 -1.0745 52.9654 -0.0068 -0.5122 0.8588 0.5689 0.0812
 18 29.5393 -0.9772 53.0616 -0.0438 -0.5093 0.8595 0.5689 0.0871
 18 29.4446 -1.1726 52.7539 -0.2372 -0.8465 0.4766 0.5630 0.0871
charger_material_0.bmp
 18 29.5393 -0.9772 53.0616 -0.0438 -0.5093 0.8595 0.5689 0.0871
 18 28.6852 -0.7633 53.0614 -0.0836 -0.5942 0.8000 0.5689 0.0990
 18 29.4446 -1.1726 52.7539 -0.2372 -0.8465 0.4766 0.5630 0.0871
charger_material_0.bmp
 18 29.4446 -1.1726 52.7539 -0.2372 -0.8465 0.4766 0.5630 0.0871
 18 28.6852 -0.7633 53.0614 -0.0836 -0.5942 0.8000 0.5689 0.0990
 18 28.6405 -0.9413 52.8067 -0.1795 -0.9279 0.3268 0.5630 0.0990
charger_material_0.bmp
 18 28.6852 -0.7633 53.0614 -0.0836 -0.5942 0.8000 0.5689 0.0990
 18 27.7123 -0.7843 52.9593 -0.1412 -0.8460 0.5142 0.5630 0.1188
 18 28.6405 -0.9413 52.8067 -0.1795 -0.9279 0.3268 0.5630 0.0990
charger_material_0.bmp
 18 28.6405 -0.9413 52.8067 -0.1795 -0.9279 0.3268 0.5630 0.0990
 18 27.7123 -0.7843 52.9593 -0.1412 -0.8460 0.5142 0.5630 0.1188
 18 27.6452 -0.7983 52.4113 -0.1513 -0.8467 -0.5101 0.5571 0.1168
charger_material_0.bmp
 18 27.7123 -0.7843 52.9593 -0.1412 -0.8460 0.5142 0.5630 0.1188
 18 26.6606 -0.5849 52.6479 -0.2394 -0.9202 -0.3098 0.5531 0.1347
 18 27.6452 -0.7983 52.4113 -0.1513 -0.8467 -0.5101 0.5571 0.1168
charger_material_0.bmp
 18 27.6452 -0.7983 52.4113 -0.1513 -0.8467 -0.5101 0.5571 0.1168
 18 26.6606 -0.5849 52.6479 -0.2394 -0.9202 -0.3098 0.5531 0.1347
 18 26.7644 -0.2472 52.2693 -0.0811 -0.5154 -0.8531 0.5453 0.1327
charger_material_0.bmp
 18 26.6606 -0.5849 52.6479 -0.2394 -0.9202 -0.3098 0.5531 0.1347
 18 25.8059 -0.0294 52.1964 -0.2063 -0.6434 -0.7372 0.5413 0.1485
 18 26.7644 -0.2472 52.2693 -0.0811 -0.5154 -0.8531 0.5453 0.1327
charger_material_0.bmp
 18 26.7644 -0.2472 52.2693 -0.0811 -0.5154 -0.8531 0.5453 0.1327
 18 25.8059 -0.0294 52.1964 -0.2063 -0.6434 -0.7372 0.5413 0.1485
 18 25.9661 0.2585 52.0188 -0.1129 -0.4650 -0.8781 0.5354 0.1465
charger_material_0.bmp
 18 25.8059 -0.0294 52.1964 -0.2063 -0.6434 -0.7372 0.5413 0.1485
 18 23.2141 0.7335 52.6034 -0.2605 -0.2051 -0.9434 0.5335 0.1683
 18 25.9661 0.2585 52.0188 -0.1129 -0.4650 -0.8781 0.5354 0.1465
charger_material_0.bmp
  4 3.4800 -2.1818 60.1226 -0.5294 -0.5933 0.6064 0.2047 0.4079
  4 3.5700 -2.3674 60.2701 -0.5267 -0.6557 0.5410 0.2067 0.4079
  4 3.5200 -1.0000 61.8311 -0.5708 -0.7096 0.4130 0.2087 0.4337
charger_material_0.bmp
  4 3.5200 -1.0000 61.8311 -0.5708 -0.7096 0.4130 0.2087 0.4337
  4 3.5700 -2.3674 60.2701 -0.5267 -0.6557 0.5410 0.2067 0.4079
  4 4.4600 -1.0558 61.6992 0.7417 -0.5260 0.4161 0.2165 0.4337
charger_material_0.bmp
  4 3.5700 -2.3674 60.2701 -0.5267 -0.6557 0.5410 0.2067 0.4079
  4 4.6200 -2.4719 60.0966 0.5559 -0.6707 0.4911 0.2185 0.4059
  4 4.4600 -1.0558 61.6992 0.7417 -0.5260 0.4161 0.2165 0.4337
charger_material_0.bmp
  4 4.4600 -1.0558 61.6992 0.7417 -0.5260 0.4161 0.2165 0.4337
  4 4.6200 -2.4719 60.0966 0.5559 -0.6707 0.4911 0.2185 0.4059
  4 4.6900 -2.3036 59.9118 0.7337 -0.5790 0.3557 0.2205 0.4059
charger_material_0.bmp
  4 4.6200 -2.4719 60.0966 0.5559 -0.6707 0.4911 0.2185 0.4059
  4 4.6100 -3.0612 58.8247 0.7687 -0.5802 0.2690 0.2165 0.3901
  4 4.6900 -2.3036 59.9118 0.7337 -0.5790 0.3557 0.2205 0.4059
charger_material_0.bmp
  4 4.6900 -2.3036 59.9118 0.7337 -0.5790 0.3557 0.2205 0.4059
  4 4.6100 -3.0612 58.8247 0.7687 -0.5802 0.2690 0.2165 0.3901
  4 4.6400 -2.8536 58.6323 0.8271 -0.5173 0.2197 0.2205 0.3901
charger_material_0.bmp
  4 4.6100 -3.0612 58.8247 0.7687 -0.5802 0.2690 0.2165 0.3901
  4 4.6100 -3.6411 57.6018 0.8710 -0.4418 0.2151 0.2165 0.3782
  4 4.6400 -2.8536 58.6323 0.8271 -0.5173 0.2197 0.2205 0.3901
charger_material_0.bmp
  4 4.6400 -2.8536 58.6323 0.8271 -0.5173 0.2197 0.2205 0.3901
  4 4.6100 -3.6411 57.6018 0.8710 -0.4418 0.2151 0.2165 0.3782
  4 4.6300 -3.4050 57.5058 0.8322 -0.4942 0.2514 0.2185 0.3782
charger_material_0.bmp
  4 4.6100 -3.6411 57.6018 0.8710 -0.4418 0.2151 0.2165 0.3782
  3 4.4700 -4.9425 55.4725 0.7662 -0.6037 0.2203 0.2067 0.3584
  4 4.6300 -3.4050 57.5058 0.8322 -0.4942 0.2514 0.2185 0.3782
charger_material_0.bmp
  4 4.6300 -3.4050 57.5058 0.8322 -0.4942 0.2514 0.2185 0.3782
  3 4.4700 -4.9425 55.4725 0.7662 -0.6037 0.2203 0.2067 0.3584
  3 4.5100 -4.7603 55.3014 0.8830 -0.4322 0.1830 0.2106 0.3564
charger_material_0.bmp
  3 4.4700 -4.9425 55.4725 0.7662 -0.6037 0.2203 0.2067 0.3584
  3 4.6400 -4.9688 54.0568 0.8234 -0.5424 0.1670 0.2087 0.3446
  3 4.5100 -4.7603 55.3014 0.8830 -0.4322 0.1830 0.2106 0.3564
charger_material_0.bmp
  3 4.5100 -4.7603 55.3014 0.8830 -0.4322 0.1830 0.2106 0.3564
  3 4.6400 -4.9688 54.0568 0.8234 -0.5424 0.1670 0.2087 0.3446
  3 4.6500 -4.8054 54.0789 0.8952 -0.4339 0.1014 0.2106 0.3446
charger_material_0.bmp
  3 4.6400 -4.9688 54.0568 0.8234 -0.5424 0.1670 0.2087 0.3446
  3 4.9600 -4.7676 52.6963 0.9319 -0.3357 0.1376 0.2126 0.3287
  3 4.6500 -4.8054 54.0789 0.8952 -0.4339 0.1014 0.2106 0.3446
charger_material_0.bmp
  3 4.6500 -4.8054 54.0789 0.8952 -0.4339 0.1014 0.2106 0.3446
  3 4.9600 -4.7676 52.6963 0.9319 -0.3357 0.1376 0.2126 0.3287
  3 4.8100 -4.4131 52.7174 0.9459 -0.3244 -0.0027 0.2165 0.3307
charger_material_0.bmp
  3 4.9600 -4.7676 52.6963 0.9319 -0.3357 0.1376 0.2126 0.3287
  3 5.1500 -4.4140 51.1680 0.9745 -0.2128 0.0710 0.2165 0.3109
  3 4.8100 -4.4131 52.7174 0.9459 -0.3244 -0.0027 0.2165 0.3307
charger_material_0.bmp
  3 4.8100 -4.4131 52.7174 0.9459 -0.3244 -0.0027 0.2165 0.3307
  3 5.1500 -4.4140 51.1680 0.9745 -0.2128 0.0710 0.2165 0.3109
  3 5.0300 -4.1302 51.1868 0.9745 -0.2128 0.0710 0.2205 0.3129
charger_material_0.bmp
  3 5.1500 -4.4140 51.1680 0.9745 -0.2128 0.0710 0.2165 0.3109
  3 5.3300 -4.0073 49.5734 0.9653 -0.2570 0.0463 0.2224 0.2931
  3 5.0300 -4.1302 51.1868 0.9745 -0.2128 0.0710 0.2205 0.3129
charger_material_0.bmp
  3 5.0300 -4.1302 51.1868 0.9745 -0.2128 0.0710 0.2205 0.3129
  3 5.3300 -4.0073 49.5734 0.9653 -0.2570 0.0463 0.2224 0.2931
  3 5.2500 -3.6583 49.5448 0.9745 -0.2128 0.0710 0.2244 0.2931
charger_material_0.bmp
  3 5.3300 -4.0073 49.5734 0.9653 -0.2570 0.0463 0.2224 0.2931
  2 5.5102 -3.6041 47.9713 0.9460 -0.3231 0.0280 0.2264 0.2733
  3 5.2500 -3.6583 49.5448 0.9745 -0.2128 0.0710 0.2244 0.2931
charger_material_0.bmp
  3 5.2500 -3.6583 49.5448 0.9745 -0.2128 0.0710 0.2244 0.2931
  2 5.5102 -3.6041 47.9713 0.9460 -0.3231 0.0280 0.2264 0.2733
  2 5.4902 -3.4141 47.9715 0.9889 -0.1483 0.0030 0.2283 0.2733
charger_material_0.bmp
  2 5.5102 -3.6041 47.9713 0.9460 -0.3231 0.0280 0.2264 0.2733
  2 5.6302 -3.1926 46.1316 0.9970 -0.0340 0.0690 0.2303 0.2495
  2 5.4902 -3.4141 47.9715 0.9889 -0.1483 0.0030 0.2283 0.2733
charger_material_0.bmp
  2 5.4902 -3.4141 47.9715 0.9889 -0.1483 0.0030 0.2283 0.2733
  2 5.6302 -3.1926 46.1316 0.9970 -0.0340 0.0690 0.2303 0.2495
  2 5.3602 -2.8025 46.0520 0.9820 0.1769 0.0664 0.2343 0.2495
charger_material_0.bmp
  2 5.6302 -3.1926 46.1316 0.9970 -0.0340 0.0690 0.2303 0.2495
  2 5.8201 -2.8814 44.6619 0.9848 -0.0527 0.1655 0.2343 0.2297
  2 5.3602 -2.8025 46.0520 0.9820 0.1769 0.0664 0.2343 0.2495
charger_material_0.bmp
  2 5.3602 -2.8025 46.0520 0.9820 0.1769 0.0664 0.2343 0.2495
  2 5.8201 -2.8814 44.6619 0.9848 -0.0527 0.1655 0.2343 0.2297
  2 5.4601 -2.4815 44.7422 0.9825 -0.0018 0.1864 0.2382 0.2317
charger_material_0.bmp
  2 5.8201 -2.8814 44.6619 0.9848 -0.0527 0.1655 0.2343 0.2297
  1 6.1500 -2.5338 43.3313 0.8947 -0.1369 0.4251 0.2402 0.2099
  2 5.4601 -2.4815 44.7422 0.9825 -0.0018 0.1864 0.2382 0.2317
charger_material_0.bmp
  2 5.4601 -2.4815 44.7422 0.9825 -0.0018 0.1864 0.2382 0.2317
  1 6.1500 -2.5338 43.3313 0.8947 -0.1369 0.4251 0.2402 0.2099
  1 5.8900 -2.0938 43.2613 0.7845 -0.1283 0.6067 0.2441 0.2119
charger_material_0.bmp
  1 6.1500 -2.5338 43.3313 0.8947 -0.1369 0.4251 0.2402 0.2099
  1 6.5700 -1.7038 42.9213 0.6142 -0.1031 0.7824 0.2500 0.2040
  1 5.8900 -2.0938 43.2613 0.7845 -0.1283 0.6067 0.2441 0.2119
charger_material_0.bmp
  1 5.8900 -2.0938 43.2613 0.7845 -0.1283 0.6067 0.2441 0.2119
  1 6.5700 -1.7038 42.9213 0.6142 -0.1031 0.7824 0.2500 0.2040
  1 6.4000 -1.6138 43.0113 0.7947 -0.3186 0.5166 0.2500 0.2059
charger_material_0.bmp
  1 6.5700 -1.7038 42.9213 0.6142 -0.1031 0.7824 0.2500 0.2040
  1 6.8700 -0.0338 43.0313 0.6142 -0.1031 0.7824 0.2677 0.2040
  1 6.4000 -1.6138 43.0113 0.7947 -0.3186 0.5166 0.2500 0.2059
charger_material_0.bmp
  1 6.4000 -1.6138 43.0113 0.7947 -0.3186 0.5166 0.2500 0.2059
  1 6.8700 -0.0338 43.0313 0.6142 -0.1031 0.7824 0.2677 0.2040
  2 6.5201 -0.0115 44.7742 0.9848 -0.1562 0.0766 0.2677 0.2297
charger_material_0.bmp
  1 6.8700 -0.0338 43.0313 0.6142 -0.1031 0.7824 0.2677 0.2040
  1 6.7800 1.4262 43.2113 0.8058 0.0949 0.5845 0.2854 0.2059
  2 6.5201 -0.0115 44.7742 0.9848 -0.1562 0.0766 0.2677 0.2297
charger_material_0.bmp
  2 6.5201 -0.0115 44.7742 0.9848 -0.1562 0.0766 0.2677 0.2297
  1 6.7800 1.4262 43.2113 0.8058 0.0949 0.5845 0.2854 0.2059
  2 6.5601 1.4185 44.8153 0.9952 0.0973 -0.0093 0.2835 0.2297
charger_material_0.bmp
  1 6.7800 1.4262 43.2113 0.8058 0.0949 0.5845 0.2854 0.2059
  1 6.2400 2.9162 43.3513 0.8245 0.3480 0.4462 0.3051 0.2059
  2 6.5601 1.4185 44.8153 0.9952 0.0973 -0.0093 0.2835 0.2297
charger_material_0.bmp
  2 6.5601 1.4185 44.8153 0.9952 0.0973 -0.0093 0.2835 0.2297
  1 6.2400 2.9162 43.3513 0.8245 0.3480 0.4462 0.3051 0.2059
  2 6.2501 3.0385 44.8466 0.9180 0.3632 -0.1594 0.3071 0.2297
charger_material_0.bmp
  1 6.2400 2.9162 43.3513 0.8245 0.3480 0.4462 0.3051 0.2059
  1 5.0500 4.4762 43.4813 0.6740 0.5463 0.4973 0.3307 0.2099
  2 6.2501 3.0385 44.8466 0.9180 0.3632 -0.1594 0.3071 0.2297
charger_material_0.bmp
  2 6.2501 3.0385 44.8466 0.9180 0.3632 -0.1594 0.3071 0.2297
  1 5.0500 4.4762 43.4813 0.6740 0.5463 0.4973 0.3307 0.2099
  2 5.1801 4.6584 44.9080 0.6594 0.7130 -0.2384 0.3307 0.2297
charger_material_0.bmp
  1 5.0500 4.4762 43.4813 0.6740 0.5463 0.4973 0.3307 0.2099
  1 3.3000 5.4962 44.0913 0.5899 0.6945 0.4120 0.3563 0.2198
  2 5.1801 4.6584 44.9080 0.6594 0.7130 -0.2384 0.3307 0.2297
charger_material_0.bmp
  2 5.1801 4.6584 44.9080 0.6594 0.7130 -0.2384 0.3307 0.2297
  1 3.3000 5.4962 44.0913 0.5899 0.6945 0.4120 0.3563 0.2198
  2 3.5701 5.7282 45.1489 0.4391 0.8499 -0.2914 0.3543 0.2337
charger_material_0.bmp
  1 3.3000 5.4962 44.0913 0.5899 0.6945 0.4120 0.3563 0.2198
  2 1.8901 6.2686 44.6694 0.5694 0.7046 0.4234 0.3740 0.2277
  2 3.5701 5.7282 45.1489 0.4391 0.8499 -0.2914 0.3543 0.2337
charger_material_0.bmp
  2 3.5701 5.7282 45.1489 0.4391 0.8499 -0.2914 0.3543 0.2337
  2 1.8901 6.2686 44.6694 0.5694 0.7046 0.4234 0.3740 0.2277
  2 2.0902 6.4879 45.5396 0.2458 0.9253 -0.2888 0.3720 0.2376
charger_material_0.bmp
  2 1.8901 6.2686 44.6694 0.5694 0.7046 0.4234 0.3740 0.2277
  2 1.0801 6.4882 45.1397 0.6892 0.6901 0.2210 0.3819 0.2337
  2 2.0902 6.4879 45.5396 0.2458 0.9253 -0.2888 0.3720 0.2376
charger_material_0.bmp
  2 2.0902 6.4879 45.5396 0.2458 0.9253 -0.2888 0.3720 0.2376
  2 1.0801 6.4882 45.1397 0.6892 0.6901 0.2210 0.3819 0.2337
  2 0.9102 6.7875 46.0099 0.9107 0.4073 -0.0693 0.3839 0.2416
charger_material_0.bmp
  2 1.0801 6.4882 45.1397 0.6892 0.6901 0.2210 0.3819 0.2337
  2 1.2401 7.1883 45.0702 0.7609 0.6152 0.2063 0.3878 0.2297
  2 0.9102 6.7875 46.0099 0.9107 0.4073 -0.0693 0.3839 0.2416
charger_material_0.bmp
  2 0.9102 6.7875 46.0099 0.9107 0.4073 -0.0693 0.3839 0.2416
  2 1.2401 7.1883 45.0702 0.7609 0.6152 0.2063 0.3878 0.2297
  2 1.1002 7.4078 45.6604 0.8515 0.5026 -0.1492 0.3898 0.2376
charger_material_0.bmp
  2 1.2401 7.1883 45.0702 0.7609 0.6152 0.2063 0.3878 0.2297
  2 -0.5799 8.2581 45.3112 0.4450 0.8340 -0.3262 0.4114 0.2337
  2 1.1002 7.4078 45.6604 0.8515 0.5026 -0.1492 0.3898 0.2376
charger_material_0.bmp
  2 1.1002 7.4078 45.6604 0.8515 0.5026 -0.1492 0.3898 0.2376
  2 -0.5799 8.2581 45.3112 0.4450 0.8340 -0.3262 0.4114 0.2337
  2 -0.6198 8.9072 46.4617 0.4907 0.8109 -0.3190 0.4154 0.2475
charger_material_0.bmp
  2 -0.5799 8.2581 45.3112 0.4450 0.8340 -0.3262 0.4114 0.2337
  2 -2.6898 9.4580 45.4722 0.4198 0.7966 -0.4348 0.4370 0.2416
  2 -0.6198 8.9072 46.4617 0.4907 0.8109 -0.3190 0.4154 0.2475
charger_material_0.bmp
 18 22.4893 0.8842 52.8720 -0.3887 -0.2465 -0.8878 0.6240 0.1802
 18 22.5279 1.2573 52.8118 -0.3797 0.1882 -0.9058 0.6181 0.1802
 18 22.8599 1.2021 52.6788 -0.2796 0.1562 -0.9473 0.6181 0.1743
charger_material_0.bmp
 18 22.8599 1.2021 52.6788 -0.2796 0.1562 -0.9473 0.6181 0.1743
 18 22.5279 1.2573 52.8118 -0.3797 0.1882 -0.9058 0.6181 0.1802
 18 22.6924 1.7408 52.9479 -0.2521 0.6581 -0.7094 0.6102 0.1802
charger_material_0.bmp
 18 22.5279 1.2573 52.8118 -0.3797 0.1882 -0.9058 0.6181 0.1802
 18 22.2506 1.7133 53.1474 -0.3011 0.6489 -0.6988 0.6102 0.1881
 18 22.6924 1.7408 52.9479 -0.2521 0.6581 -0.7094 0.6102 0.1802
charger_material_0.bmp
 18 22.6924 1.7408 52.9479 -0.2521 0.6581 -0.7094 0.6102 0.1802
 18 22.2506 1.7133 53.1474 -0.3011 0.6489 -0.6988 0.6102 0.1881
 18 22.8818 2.0668 53.4483 -0.1485 0.9003 -0.4092 0.6024 0.1822
charger_material_0.bmp
 18 22.2506 1.7133 53.1474 -0.3011 0.6489 -0.6988 0.6102 0.1881
 18 22.4034 2.0211 53.6128 -0.1520 0.8808 -0.4484 0.6024 0.1901
 18 22.8818 2.0668 53.4483 -0.1485 0.9003 -0.4092 0.6024 0.1822
charger_material_0.bmp
 18 22.8818 2.0668 53.4483 -0.1485 0.9003 -0.4092 0.6024 0.1822
 18 22.4034 2.0211 53.6128 -0.1520 0.8808 -0.4484 0.6024 0.1901
 18 22.9626 2.2379 53.8488 0.0178 0.9997 0.0182 0.5945 0.1822
charger_material_0.bmp
 18 22.4034 2.0211 53.6128 -0.1520 0.8808 -0.4484 0.6024 0.1901
 18 22.3625 2.1827 54.0142 -0.0071 0.9990 -0.0445 0.5965 0.1901
 18 22.9626 2.2379 53.8488 0.0178 0.9997 0.0182 0.5945 0.1822
charger_material_0.bmp
 18 22.9626 2.2379 53.8488 0.0178 0.9997 0.0182 0.5945 0.1822
 18 22.3625 2.1827 54.0142 -0.0071 0.9990 -0.0445 0.5965 0.1901
 18 22.8885 2.0449 54.3409 0.1987 0.7755 0.5992 0.5886 0.1822
charger_material_0.bmp
 18 22.3625 2.1827 54.0142 -0.0071 0.9990 -0.0445 0.5965 0.1901
 18 22.2772 2.0800 54.5024 0.2370 0.8269 0.5099 0.5886 0.1921
 18 22.8885 2.0449 54.3409 0.1987 0.7755 0.5992 0.5886 0.1822
charger_material_0.bmp
 18 22.8885 2.0449 54.3409 0.1987 0.7755 0.5992 0.5886 0.1822
 18 22.2772 2.0800 54.5024 0.2370 0.8269 0.5099 0.5886 0.1921
 18 22.3554 1.7198 54.7052 0.2649 0.2587 0.9289 0.5827 0.1921
charger_material_0.bmp
 18 22.2772 2.0800 54.5024 0.2370 0.8269 0.5099 0.5886 0.1921
 18 21.7270 1.7814 54.9422 0.3495 0.3372 0.8742 0.5807 0.2040
 18 22.3554 1.7198 54.7052 0.2649 0.2587 0.9289 0.5827 0.1921
charger_material_0.bmp
 18 22.3554 1.7198 54.7052 0.2649 0.2587 0.9289 0.5827 0.1921
 18 21.7270 1.7814 54.9422 0.3495 0.3372 0.8742 0.5807 0.2040
 18 21.6217 1.1655 54.8503 0.2246 -0.3249 0.9187 0.5728 0.2040
charger_material_0.bmp
 18 21.7270 1.7814 54.9422 0.3495 0.3372 0.8742 0.5807 0.2040
 18 19.4451 2.1356 55.7117 0.3423 0.2447 0.9072 0.5807 0.2238
 18 21.6217 1.1655 54.8503 0.2246 -0.3249 0.9187 0.5728 0.2040
charger_material_0.bmp
 18 21.6217 1.1655 54.8503 0.2246 -0.3249 0.9187 0.5728 0.2040
 18 19.4451 2.1356 55.7117 0.3423 0.2447 0.9072 0.5807 0.2238
 18 19.2510 1.4594 55.6327 0.2458 -0.3582 0.9007 0.5709 0.2257
charger_material_0.bmp
 18 19.4451 2.1356 55.7117 0.3423 0.2447 0.9072 0.5807 0.2238
 18 17.5640 2.3649 56.3327 0.3243 0.1548 0.9332 0.5807 0.2436
 18 19.2510 1.4594 55.6327 0.2458 -0.3582 0.9007 0.5709 0.2257
charger_material_0.bmp
 18 19.2510 1.4594 55.6327 0.2458 -0.3582 0.9007 0.5709 0.2257
 18 17.5640 2.3649 56.3327 0.3243 0.1548 0.9332 0.5807 0.2436
 18 17.3868 1.7268 56.2931 0.2173 -0.4426 0.8700 0.5709 0.2455
charger_material_0.bmp
 18 17.5640 2.3649 56.3327 0.3243 0.1548 0.9332 0.5807 0.2436
 18 15.7044 1.8917 56.7739 0.3058 -0.3332 0.8919 0.5689 0.2673
 18 17.3868 1.7268 56.2931 0.2173 -0.4426 0.8700 0.5709 0.2455
charger_material_0.bmp
 18 17.3868 1.7268 56.2931 0.2173 -0.4426 0.8700 0.5709 0.2455
 18 15.7044 1.8917 56.7739 0.3058 -0.3332 0.8919 0.5689 0.2673
 18 15.7661 1.3526 56.3100 0.3139 -0.6434 0.6982 0.5610 0.2634
charger_material_0.bmp
 18 15.7044 1.8917 56.7739 0.3058 -0.3332 0.8919 0.5689 0.2673
 18 14.7446 0.5998 56.6596 0.5489 -0.5307 0.6458 0.5591 0.2733
 18 15.7661 1.3526 56.3100 0.3139 -0.6434 0.6982 0.5610 0.2634
charger_material_0.bmp
 18 15.7661 1.3526 56.3100 0.3139 -0.6434 0.6982 0.5610 0.2634
 18 14.7446 0.5998 56.6596 0.5489 -0.5307 0.6458 0.5591 0.2733
 18 15.3375 0.9256 56.0610 0.4426 -0.7729 0.4547 0.5531 0.2673
charger_material_0.bmp
 18 14.7446 0.5998 56.6596 0.5489 -0.5307 0.6458 0.5591 0.2733
 18 13.5470 -0.3954 56.6427 0.5209 -0.7268 0.4477 0.5472 0.2891
 18 15.3375 0.9256 56.0610 0.4426 -0.7729 0.4547 0.5531 0.2673
charger_material_0.bmp
 18 15.3375 0.9256 56.0610 0.4426 -0.7729 0.4547 0.5531 0.2673
 18 13.5470 -0.3954 56.6427 0.5209 -0.7268 0.4477 0.5472 0.2891
 18 15.2589 0.6167 55.6129 0.3405 -0.8985 0.2770 0.5453 0.2653
charger_material_0.bmp
 18 13.5470 -0.3954 56.6427 0.5209 -0.7268 0.4477 0.5472 0.2891
 18 13.3528 -0.6102 56.1179 0.5159 -0.8533 0.0762 0.5394 0.2891
 18 15.2589 0.6167 55.6129 0.3405 -0.8985 0.2770 0.5453 0.2653
charger_material_0.bmp
 18 15.2589 0.6167 55.6129 0.3405 -0.8985 0.2770 0.5453 0.2653
 18 13.3528 -0.6102 56.1179 0.5159 -0.8533 0.0762 0.5394 0.2891
 18 13.1987 -0.5969 55.4240 0.4826 -0.8623 -0.1536 0.5315 0.2851
charger_material_0.bmp
 18 13.3528 -0.6102 56.1179 0.5159 -0.8533 0.0762 0.5394 0.2891
 18 12.3612 -1.2215 56.0113 0.4801 -0.8766 -0.0321 0.5335 0.3010
 18 13.1987 -0.5969 55.4240 0.4826 -0.8623 -0.1536 0.5315 0.2851
charger_material_0.bmp
 18 13.1987 -0.5969 55.4240 0.4826 -0.8623 -0.1536 0.5315 0.2851
 18 12.3612 -1.2215 56.0113 0.4801 -0.8766 -0.0321 0.5335 0.3010
 18 12.4235 -0.9320 55.1700 0.3365 -0.7834 -0.5226 0.5256 0.2931
charger_material_0.bmp
 18 12.3612 -1.2215 56.0113 0.4801 -0.8766 -0.0321 0.5335 0.3010
 18 11.9291 -1.2608 55.1814 0.1729 -0.8332 -0.5252 0.5236 0.2990
 18 12.4235 -0.9320 55.1700 0.3365 -0.7834 -0.5226 0.5256 0.2931
charger_material_0.bmp
 18 12.4235 -0.9320 55.1700 0.3365 -0.7834 -0.5226 0.5256 0.2931
 18 11.9291 -1.2608 55.1814 0.1729 -0.8332 -0.5252 0.5236 0.2990
 18 9.3772 -1.1878 55.5688 0.1125 -0.7363 -0.6672 0.5197 0.2990
charger_material_0.bmp
 18 11.9291 -1.2608 55.1814 0.1729 -0.8332 -0.5252 0.5236 0.2990
 18 9.5154 -1.7049 56.3330 0.1273 -0.9335 -0.3353 0.5256 0.3089
 18 9.3772 -1.1878 55.5688 0.1125 -0.7363 -0.6672 0.5197 0.2990
charger_material_0.bmp
 18 9.3772 -1.1878 55.5688 0.1125 -0.7363 -0.6672 0.5197 0.2990
 18 9.5154 -1.7049 56.3330 0.1273 -0.9335 -0.3353 0.5256 0.3089
 18 8.8596 -1.8178 56.2411 0.2280 -0.8950 -0.3834 0.5197 0.3109
charger_material_0.bmp
 18 9.5154 -1.7049 56.3330 0.1273 -0.9335 -0.3353 0.5256 0.3089
 18 9.2967 -1.9146 56.9823 0.2617 -0.9628 -0.0679 0.5276 0.3168
 18 8.8596 -1.8178 56.2411 0.2280 -0.8950 -0.3834 0.5197 0.3109
charger_material_0.bmp
 18 8.8596 -1.8178 56.2411 0.2280 -0.8950 -0.3834 0.5197 0.3109
 18 9.2967 -1.9146 56.9823 0.2617 -0.9628 -0.0679 0.5276 0.3168
 18 8.3655 -2.1214 56.9961 0.1676 -0.9837 -0.0656 0.5197 0.3228
charger_material_0.bmp
 18 9.2967 -1.9146 56.9823 0.2617 -0.9628 -0.0679 0.5276 0.3168
 18 9.0645 -1.8314 57.7903 0.3197 -0.8773 0.3578 0.5315 0.3267
 18 8.3655 -2.1214 56.9961 0.1676 -0.9837 -0.0656 0.5197 0.3228
charger_material_0.bmp
 18 8.3655 -2.1214 56.9961 0.1676 -0.9837 -0.0656 0.5197 0.3228
 18 9.0645 -1.8314 57.7903 0.3197 -0.8773 0.3578 0.5315 0.3267
 18 8.1979 -2.0475 57.9955 0.2396 -0.9153 0.3238 0.5256 0.3347
charger_material_0.bmp
 18 9.0645 -1.8314 57.7903 0.3197 -0.8773 0.3578 0.5315 0.3267
 18 9.0700 -1.2450 58.5190 0.4040 -0.7165 0.5687 0.5413 0.3327
 18 8.1979 -2.0475 57.9955 0.2396 -0.9153 0.3238 0.5256 0.3347
charger_material_0.bmp
 18 8.1979 -2.0475 57.9955 0.2396 -0.9153 0.3238 0.5256 0.3347
 18 9.0700 -1.2450 58.5190 0.4040 -0.7165 0.5687 0.5413 0.3327
 18 8.2609 -1.4038 58.9912 0.3807 -0.7643 0.5204 0.5374 0.3426
charger_material_0.bmp
 18 9.0700 -1.2450 58.5190 0.4040 -0.7165 0.5687 0.5413 0.3327
 18 9.2864 -0.5188 59.2371 0.4833 -0.5656 0.6682 0.5531 0.3386
 18 8.2609 -1.4038 58.9912 0.3807 -0.7643 0.5204 0.5374 0.3426
charger_material_0.bmp
 18 8.2609 -1.4038 58.9912 0.3807 -0.7643 0.5204 0.5374 0.3426
 18 9.2864 -0.5188 59.2371 0.4833 -0.5656 0.6682 0.5531 0.3386
 18 8.4881 -0.6205 59.7711 0.4833 -0.5656 0.6682 0.5512 0.3485
charger_material_0.bmp
 18 9.2864 -0.5188 59.2371 0.4833 -0.5656 0.6682 0.5531 0.3386
 18 9.3261 0.2153 59.5904 0.5149 -0.2600 0.8169 0.5630 0.3406
 18 8.4881 -0.6205 59.7711 0.4833 -0.5656 0.6682 0.5512 0.3485
charger_material_0.bmp
 18 8.4881 -0.6205 59.7711 0.4833 -0.5656 0.6682 0.5512 0.3485
 18 9.3261 0.2153 59.5904 0.5149 -0.2600 0.8169 0.5630 0.3406
 18 8.5630 0.2122 60.1534 0.5890 -0.2497 0.7686 0.5630 0.3525
charger_material_0.bmp
 18 9.3261 0.2153 59.5904 0.5149 -0.2600 0.8169 0.5630 0.3406
 18 9.3154 0.9202 59.7175 0.5236 -0.0033 0.8520 0.5709 0.3426
 18 8.5630 0.2122 60.1534 0.5890 -0.2497 0.7686 0.5630 0.3525
charger_material_0.bmp
 18 8.5630 0.2122 60.1534 0.5890 -0.2497 0.7686 0.5630 0.3525
 18 9.3154 0.9202 59.7175 0.5236 -0.0033 0.8520 0.5709 0.3426
  4 8.5100 0.9257 60.2412 0.6072 0.0650 0.7919 0.5709 0.3525
charger_material_0.bmp
 18 9.3154 0.9202 59.7175 0.5236 -0.0033 0.8520 0.5709 0.3426
 18 8.6133 1.5875 60.0678 0.5351 0.2482 0.8075 0.5807 0.3505
  4 8.5100 0.9257 60.2412 0.6072 0.0650 0.7919 0.5709 0.3525
charger_material_0.bmp
  4 8.5100 0.9257 60.2412 0.6072 0.0650 0.7919 0.5709 0.3525
 18 8.6133 1.5875 60.0678 0.5351 0.2482 0.8075 0.5807 0.3505
  4 7.7000 1.7797 60.6074 0.6011 0.2873 0.7458 0.5846 0.3604
charger_material_0.bmp
 18 8.6133 1.5875 60.0678 0.5351 0.2482 0.8075 0.5807 0.3505
  4 7.9100 2.5035 60.1330 0.5794 0.4026 0.7086 0.5925 0.3545
  4 7.7000 1.7797 60.6074 0.6011 0.2873 0.7458 0.5846 0.3604
charger_material_0.bmp
  4 -1.0800 -6.3730 62.4307 0.8009 -0.5944 -0.0721 0.8701 0.5663
  4 -0.6800 -5.8850 62.4800 0.1296 -0.9773 -0.1673 0.8760 0.5644
  4 -0.6700 -5.9794 62.7322 -0.2641 -0.8540 -0.4482 0.8760 0.5663
charger_material_0.bmp
  4 -0.6700 -5.9794 62.7322 -0.2641 -0.8540 -0.4482 0.8760 0.5663
  4 -0.6800 -5.8850 62.4800 0.1296 -0.9773 -0.1673 0.8760 0.5644
  4 -0.1600 -6.3243 62.4723 -0.1883 -0.9290 -0.3187 0.8839 0.5663
charger_material_0.bmp
  4 -0.6800 -5.8850 62.4800 0.1296 -0.9773 -0.1673 0.8760 0.5644
  4 -0.1600 -6.1986 62.2243 -0.1535 -0.9520 -0.2647 0.8839 0.5624
  4 -0.1600 -6.3243 62.4723 -0.1883 -0.9290 -0.3187 0.8839 0.5663
charger_material_0.bmp
  4 -0.1600 -6.3243 62.4723 -0.1883 -0.9290 -0.3187 0.8839 0.5663
  4 -0.1600 -6.1986 62.2243 -0.1535 -0.9520 -0.2647 0.8839 0.5624
  4 -0.0600 -6.2831 62.4746 0.4814 -0.8476 -0.2233 0.8858 0.5663
charger_material_0.bmp
  4 -0.1600 -6.1986 62.2243 -0.1535 -0.9520 -0.2647 0.8839 0.5624
  4 -0.0700 -6.1767 62.1794 0.4816 -0.7888 -0.3820 0.8858 0.5624
  4 -0.0600 -6.2831 62.4746 0.4814 -0.8476 -0.2233 0.8858 0.5663
charger_material_0.bmp
  4 -0.0600 -6.2831 62.4746 0.4814 -0.8476 -0.2233 0.8858 0.5663
  4 -0.0700 -6.1767 62.1794 0.4816 -0.7888 -0.3820 0.8858 0.5624
  4 0.1200 -6.0806 62.4155 0.6402 -0.7324 -0.2317 0.8898 0.5663
charger_material_0.bmp
  4 -0.0700 -6.1767 62.1794 0.4816 -0.7888 -0.3820 0.8858 0.5624
  4 0.0700 -5.9690 62.2007 0.6989 -0.4942 -0.5169 0.8898 0.5624
  4 0.1200 -6.0806 62.4155 0.6402 -0.7324 -0.2317 0.8898 0.5663
charger_material_0.bmp
  4 0.1200 -6.0806 62.4155 0.6402 -0.7324 -0.2317 0.8898 0.5663
  4 0.0700 -5.9690 62.2007 0.6989 -0.4942 -0.5169 0.8898 0.5624
  4 0.3400 -5.9342 62.4893 0.4816 -0.7888 -0.3820 0.8937 0.5663
charger_material_0.bmp
  4 0.0700 -5.9690 62.2007 0.6989 -0.4942 -0.5169 0.8898 0.5624
  4 0.2500 -5.7046 62.2520 0.4717 -0.6567 -0.5884 0.8957 0.5624
  4 0.3400 -5.9342 62.4893 0.4816 -0.7888 -0.3820 0.8937 0.5663
charger_material_0.bmp
  4 0.3400 -5.9342 62.4893 0.4816 -0.7888 -0.3820 0.8937 0.5663
  4 0.2500 -5.7046 62.2520 0.4717 -0.6567 -0.5884 0.8957 0.5624
  4 0.6200 -5.8382 62.5117 0.1853 -0.8818 -0.4336 0.8976 0.5683
charger_material_0.bmp
  4 0.2500 -5.7046 62.2520 0.4717 -0.6567 -0.5884 0.8957 0.5624
  4 0.6400 -5.5424 62.0887 0.3354 -0.6664 -0.6659 0.9016 0.5604
  4 0.6200 -5.8382 62.5117 0.1853 -0.8818 -0.4336 0.8976 0.5683
charger_material_0.bmp
  4 0.6200 -5.8382 62.5117 0.1853 -0.8818 -0.4336 0.8976 0.5683
  4 0.6400 -5.5424 62.0887 0.3354 -0.6664 -0.6659 0.9016 0.5604
  4 0.9700 -5.7392 62.3910 0.3365 -0.7688 -0.5438 0.9035 0.5683
charger_material_0.bmp
  4 0.6400 -5.5424 62.0887 0.3354 -0.6664 -0.6659 0.9016 0.5604
  4 1.0300 -5.4792 62.2598 0.5541 -0.2655 -0.7890 0.9055 0.5663
  4 0.9700 -5.7392 62.3910 0.3365 -0.7688 -0.5438 0.9035 0.5683
charger_material_0.bmp
  4 0.9700 -5.7392 62.3910 0.3365 -0.7688 -0.5438 0.9035 0.5683
  4 1.0300 -5.4792 62.2598 0.5541 -0.2655 -0.7890 0.9055 0.5663
  4 1.3200 -5.6684 62.6014 0.6069 -0.6504 -0.4568 0.9055 0.5723
charger_material_0.bmp
  4 1.0300 -5.4792 62.2598 0.5541 -0.2655 -0.7890 0.9055 0.5663
  4 1.3500 -5.4322 62.5054 0.7458 -0.1227 -0.6548 0.9094 0.5703
  4 1.3200 -5.6684 62.6014 0.6069 -0.6504 -0.4568 0.9055 0.5723
charger_material_0.bmp
  4 1.3200 -5.6684 62.6014 0.6069 -0.6504 -0.4568 0.9055 0.5723
  4 1.3500 -5.4322 62.5054 0.7458 -0.1227 -0.6548 0.9094 0.5703
  4 1.5700 -5.3295 62.8828 0.8836 -0.1500 -0.4436 0.9114 0.5762
charger_material_0.bmp
  4 1.3500 -5.4322 62.5054 0.7458 -0.1227 -0.6548 0.9094 0.5703
  4 1.3200 -4.8264 62.5321 0.7888 -0.0818 -0.6091 0.9154 0.5683
  4 1.5700 -5.3295 62.8828 0.8836 -0.1500 -0.4436 0.9114 0.5762
charger_material_0.bmp
  4 1.5700 -5.3295 62.8828 0.8836 -0.1500 -0.4436 0.9114 0.5762
  4 1.3200 -4.8264 62.5321 0.7888 -0.0818 -0.6091 0.9154 0.5683
  4 1.6200 -4.8355 62.9105 0.8587 -0.0611 -0.5087 0.9173 0.5743
charger_material_0.bmp
  4 1.3200 -4.8264 62.5321 0.7888 -0.0818 -0.6091 0.9154 0.5683
  4 1.6000 -4.2073 62.8414 0.8587 -0.0611 -0.5087 0.9252 0.5723
  4 1.6200 -4.8355 62.9105 0.8587 -0.0611 -0.5087 0.9173 0.5743
charger_material_0.bmp
  4 1.6200 -4.8355 62.9105 0.8587 -0.0611 -0.5087 0.9173 0.5743
  4 1.6000 -4.2073 62.8414 0.8587 -0.0611 -0.5087 0.9252 0.5723
  4 1.8600 -4.2248 63.2825 0.9090 -0.2190 -0.3547 0.9272 0.5802
charger_material_0.bmp
  4 1.6000 -4.2073 62.8414 0.8587 -0.0611 -0.5087 0.9252 0.5723
  4 1.5700 -3.7729 62.7176 0.8838 -0.1119 -0.4542 0.9311 0.5683
  4 1.8600 -4.2248 63.2825 0.9090 -0.2190 -0.3547 0.9272 0.5802
charger_material_0.bmp
  4 1.8600 -4.2248 63.2825 0.9090 -0.2190 -0.3547 0.9272 0.5802
  4 1.5700 -3.7729 62.7176 0.8838 -0.1119 -0.4542 0.9311 0.5683
  4 1.8200 -3.6407 63.0894 0.9092 0.0427 -0.4141 0.9350 0.5762
charger_material_0.bmp
  4 1.5700 -3.7729 62.7176 0.8838 -0.1119 -0.4542 0.9311 0.5683
  4 1.8100 -3.3966 62.9816 0.9222 0.1972 -0.3326 0.9370 0.5743
  4 1.8200 -3.6407 63.0894 0.9092 0.0427 -0.4141 0.9350 0.5762
charger_material_0.bmp
  4 1.8200 -3.6407 63.0894 0.9092 0.0427 -0.4141 0.9350 0.5762
  4 1.8100 -3.3966 62.9816 0.9222 0.1972 -0.3326 0.9370 0.5743
  4 1.7800 -3.3117 63.3726 0.9202 0.2544 -0.2974 0.9390 0.5802
charger_material_0.bmp
  4 1.8100 -3.3966 62.9816 0.9222 0.1972 -0.3326 0.9370 0.5743
  4 1.6900 -3.1856 63.0736 0.9603 -0.0432 -0.2755 0.9409 0.5762
  4 1.7800 -3.3117 63.3726 0.9202 0.2544 -0.2974 0.9390 0.5802
charger_material_0.bmp
  4 1.7800 -3.3117 63.3726 0.9202 0.2544 -0.2974 0.9390 0.5802
  4 1.6900 -3.1856 63.0736 0.9603 -0.0432 -0.2755 0.9409 0.5762
  4 1.7800 -3.1081 63.4253 0.8330 -0.4299 -0.3482 0.9429 0.5802
charger_material_0.bmp
  4 1.6900 -3.1856 63.0736 0.9603 -0.0432 -0.2755 0.9409 0.5762
  4 1.8300 -2.9400 63.0267 0.8030 -0.5172 -0.2961 0.9449 0.5762
  4 1.7800 -3.1081 63.4253 0.8330 -0.4299 -0.3482 0.9429 0.5802
charger_material_0.bmp
  4 1.7800 -3.1081 63.4253 0.8330 -0.4299 -0.3482 0.9429 0.5802
  4 1.8300 -2.9400 63.0267 0.8030 -0.5172 -0.2961 0.9449 0.5762
  4 1.9900 -2.7982 63.1828 0.7889 -0.4384 -0.4307 0.9469 0.5802
charger_material_0.bmp
  4 1.8300 -2.9400 63.0267 0.8030 -0.5172 -0.2961 0.9449 0.5762
  4 1.8600 -2.8376 62.9766 0.7499 0.0951 -0.6547 0.9469 0.5762
  4 1.9900 -2.7982 63.1828 0.7889 -0.4384 -0.4307 0.9469 0.5802
charger_material_0.bmp
  4 1.9900 -2.7982 63.1828 0.7889 -0.4384 -0.4307 0.9469 0.5802
  4 1.8600 -2.8376 62.9766 0.7499 0.0951 -0.6547 0.9469 0.5762
  4 1.9900 -2.7116 63.1561 0.5497 0.6095 -0.5712 0.9488 0.5802
charger_material_0.bmp
  4 1.8600 -2.8376 62.9766 0.7499 0.0951 -0.6547 0.9469 0.5762
  4 1.6800 -2.6659 63.0761 0.6852 0.5106 -0.5194 0.9528 0.5762
  4 1.9900 -2.7116 63.1561 0.5497 0.6095 -0.5712 0.9488 0.5802
charger_material_0.bmp
  4 1.9900 -2.7116 63.1561 0.5497 0.6095 -0.5712 0.9488 0.5802
  4 1.6800 -2.6659 63.0761 0.6852 0.5106 -0.5194 0.9528 0.5762
  4 1.9200 -2.6061 63.6551 0.6087 0.7787 -0.1521 0.9528 0.5881
charger_material_0.bmp
  4 1.6800 -2.6659 63.0761 0.6852 0.5106 -0.5194 0.9528 0.5762
  4 1.6600 -2.2045 63.2526 0.9228 0.1208 -0.3659 0.9606 0.5802
  4 1.9200 -2.6061 63.6551 0.6087 0.7787 -0.1521 0.9528 0.5881
charger_material_0.bmp
  4 1.9200 -2.6061 63.6551 0.6087 0.7787 -0.1521 0.9528 0.5881
  4 1.6600 -2.2045 63.2526 0.9228 0.1208 -0.3659 0.9606 0.5802
  4 1.9100 -2.2327 63.7976 0.9228 0.1208 -0.3659 0.9587 0.5921
charger_material_0.bmp
  4 1.6600 -2.2045 63.2526 0.9228 0.1208 -0.3659 0.9606 0.5802
  4 1.7200 -1.7179 63.4548 0.9140 0.2339 -0.3315 0.9685 0.5881
  4 1.9100 -2.2327 63.7976 0.9228 0.1208 -0.3659 0.9587 0.5921
charger_material_0.bmp
  4 1.9100 -2.2327 63.7976 0.9228 0.1208 -0.3659 0.9587 0.5921
  4 1.7200 -1.7179 63.4548 0.9140 0.2339 -0.3315 0.9685 0.5881
  4 1.9100 -1.7320 63.9666 0.8957 0.3095 -0.3193 0.9646 0.5980
charger_material_0.bmp
  4 1.7200 -1.7179 63.4548 0.9140 0.2339 -0.3315 0.9685 0.5881
  4 1.5300 -1.2676 63.7862 0.8592 0.4995 -0.1105 0.9764 0.5980
  4 1.9100 -1.7320 63.9666 0.8957 0.3095 -0.3193 0.9646 0.5980
charger_material_0.bmp
  4 1.9100 -1.7320 63.9666 0.8957 0.3095 -0.3193 0.9646 0.5980
  4 1.5300 -1.2676 63.7862 0.8592 0.4995 -0.1105 0.9764 0.5980
  4 1.7600 -1.2598 64.2530 0.7429 0.6081 -0.2798 0.9705 0.6059
charger_material_0.bmp
  4 1.5300 -1.2676 63.7862 0.8592 0.4995 -0.1105 0.9764 0.5980
  4 1.2800 -0.9694 64.2280 0.6677 0.7430 0.0465 0.9803 0.6079
  4 1.7600 -1.2598 64.2530 0.7429 0.6081 -0.2798 0.9705 0.6059
charger_material_0.bmp
  4 1.7600 -1.2598 64.2530 0.7429 0.6081 -0.2798 0.9705 0.6059
  4 1.2800 -0.9694 64.2280 0.6677 0.7430 0.0465 0.9803 0.6079
  4 1.5500 -0.9344 64.7304 0.5385 0.8150 -0.2139 0.9744 0.6158
charger_material_0.bmp
  4 1.2800 -0.9694 64.2280 0.6677 0.7430 0.0465 0.9803 0.6079
  4 0.8100 -0.6987 64.6853 0.3693 0.9245 0.0940 0.9862 0.6218
  4 1.5500 -0.9344 64.7304 0.5385 0.8150 -0.2139 0.9744 0.6158
charger_material_0.bmp
  4 1.5500 -0.9344 64.7304 0.5385 0.8150 -0.2139 0.9744 0.6158
  4 0.8100 -0.6987 64.6853 0.3693 0.9245 0.0940 0.9862 0.6218
  4 1.1800 -0.6577 65.1662 0.3282 0.9441 -0.0327 0.9764 0.6257
charger_material_0.bmp
  4 0.8100 -0.6987 64.6853 0.3693 0.9245 0.0940 0.9862 0.6218
  4 0.3800 -0.5344 65.4379 0.1803 0.9803 0.0808 0.9823 0.6376
  4 1.1800 -0.6577 65.1662 0.3282 0.9441 -0.0327 0.9764 0.6257
charger_material_0.bmp
 18 32.4492 -0.9849 51.8915 -0.1252 -0.4966 -0.8589 0.6102 0.0515
 18 32.2791 -1.0622 51.8470 0.2976 0.1220 -0.9469 0.6122 0.0535
 18 32.4557 -0.7166 51.9337 0.1731 0.6948 -0.6981 0.6063 0.0515
charger_material_0.bmp
 18 32.4557 -0.7166 51.9337 0.1731 0.6948 -0.6981 0.6063 0.0515
 18 32.2791 -1.0622 51.8470 0.2976 0.1220 -0.9469 0.6122 0.0535
 18 32.1451 -0.5837 51.9039 0.2828 0.2846 -0.9160 0.6043 0.0535
charger_material_0.bmp
 18 32.2791 -1.0622 51.8470 0.2976 0.1220 -0.9469 0.6122 0.0535
 18 31.7107 -0.9498 51.8520 -0.0767 0.1916 -0.9785 0.6122 0.0594
 18 32.1451 -0.5837 51.9039 0.2828 0.2846 -0.9160 0.6043 0.0535
charger_material_0.bmp
 18 32.1451 -0.5837 51.9039 0.2828 0.2846 -0.9160 0.6043 0.0535
 18 31.7107 -0.9498 51.8520 -0.0767 0.1916 -0.9785 0.6122 0.0594
 18 31.8352 -0.4637 51.9344 -0.0233 0.3357 -0.9417 0.6063 0.0594
charger_material_0.bmp
 18 31.7107 -0.9498 51.8520 -0.0767 0.1916 -0.9785 0.6122 0.0594
 18 31.4414 -0.4653 52.0045 -0.1321 0.2614 -0.9562 0.6063 0.0634
 18 31.8352 -0.4637 51.9344 -0.0233 0.3357 -0.9417 0.6063 0.0594
charger_material_0.bmp
 18 31.8352 -0.4637 51.9344 -0.0233 0.3357 -0.9417 0.6063 0.0594
 18 31.4414 -0.4653 52.0045 -0.1321 0.2614 -0.9562 0.6063 0.0634
 18 31.4766 -0.1094 52.0966 0.0505 0.7082 -0.7042 0.6004 0.0634
charger_material_0.bmp
 18 31.4414 -0.4653 52.0045 -0.1321 0.2614 -0.9562 0.6063 0.0634
 18 30.7771 -0.0894 52.1613 -0.1345 0.5646 -0.8143 0.6004 0.0713
 18 31.4766 -0.1094 52.0966 0.0505 0.7082 -0.7042 0.6004 0.0634
charger_material_0.bmp
 18 31.4766 -0.1094 52.0966 0.0505 0.7082 -0.7042 0.6004 0.0634
 18 30.7771 -0.0894 52.1613 -0.1345 0.5646 -0.8143 0.6004 0.0713
 18 30.8361 0.0702 52.3821 0.0144 0.9799 -0.1990 0.5965 0.0713
charger_material_0.bmp
 18 30.7771 -0.0894 52.1613 -0.1345 0.5646 -0.8143 0.6004 0.0713
 18 30.1594 0.0294 52.4601 -0.0570 0.9391 -0.3389 0.5965 0.0812
 18 30.8361 0.0702 52.3821 0.0144 0.9799 -0.1990 0.5965 0.0713
charger_material_0.bmp
 18 30.8361 0.0702 52.3821 0.0144 0.9799 -0.1990 0.5965 0.0713
 18 30.1594 0.0294 52.4601 -0.0570 0.9391 -0.3389 0.5965 0.0812
 18 30.8211 -0.0345 52.6950 0.1464 0.8939 0.4236 0.5906 0.0713
charger_material_0.bmp
 18 30.1594 0.0294 52.4601 -0.0570 0.9391 -0.3389 0.5965 0.0812
 18 30.1532 0.0750 52.7685 0.0824 0.9291 0.3604 0.5906 0.0812
 18 30.8211 -0.0345 52.6950 0.1464 0.8939 0.4236 0.5906 0.0713
charger_material_0.bmp
 18 30.8211 -0.0345 52.6950 0.1464 0.8939 0.4236 0.5906 0.0713
 18 30.1532 0.0750 52.7685 0.0824 0.9291 0.3604 0.5906 0.0812
 18 30.1205 -0.2476 53.0335 0.1674 0.4399 0.8823 0.5846 0.0812
charger_material_0.bmp
 18 30.1532 0.0750 52.7685 0.0824 0.9291 0.3604 0.5906 0.0812
 18 29.7813 0.0783 52.7333 0.0884 0.9893 0.1165 0.5925 0.0871
 18 30.1205 -0.2476 53.0335 0.1674 0.4399 0.8823 0.5846 0.0812
charger_material_0.bmp
 18 30.1205 -0.2476 53.0335 0.1674 0.4399 0.8823 0.5846 0.0812
 18 29.7813 0.0783 52.7333 0.0884 0.9893 0.1165 0.5925 0.0871
 18 29.6986 -0.1470 53.0627 0.1621 0.5033 0.8488 0.5846 0.0871
charger_material_0.bmp
 18 29.7813 0.0783 52.7333 0.0884 0.9893 0.1165 0.5925 0.0871
 18 28.9659 0.2272 52.8349 0.2628 0.9506 0.1652 0.5906 0.0990
 18 29.6986 -0.1470 53.0627 0.1621 0.5033 0.8488 0.5846 0.0871
charger_material_0.bmp
 18 29.6986 -0.1470 53.0627 0.1621 0.5033 0.8488 0.5846 0.0871
 18 28.9659 0.2272 52.8349 0.2628 0.9506 0.1652 0.5906 0.0990
 18 28.8664 0.0037 53.1267 0.2438 0.4963 0.8332 0.5846 0.0990
charger_material_0.bmp
 18 28.9659 0.2272 52.8349 0.2628 0.9506 0.1652 0.5906 0.0990
 18 28.0822 0.5257 52.9559 0.3289 0.9190 0.2175 0.5906 0.1168
 18 28.8664 0.0037 53.1267 0.2438 0.4963 0.8332 0.5846 0.0990
charger_material_0.bmp
 18 28.8664 0.0037 53.1267 0.2438 0.4963 0.8332 0.5846 0.0990
 18 28.0822 0.5257 52.9559 0.3289 0.9190 0.2175 0.5906 0.1168
 18 27.9651 0.2289 53.3185 0.2936 0.4555 0.8404 0.5827 0.1188
charger_material_0.bmp
 18 28.0822 0.5257 52.9559 0.3289 0.9190 0.2175 0.5906 0.1168
 18 26.7498 0.9646 52.8992 0.3313 0.9400 0.0817 0.5925 0.1366
 18 27.9651 0.2289 53.3185 0.2936 0.4555 0.8404 0.5827 0.1188
charger_material_0.bmp
 18 27.9651 0.2289 53.3185 0.2936 0.4555 0.8404 0.5827 0.1188
 18 26.7498 0.9646 52.8992 0.3313 0.9400 0.0817 0.5925 0.1366
 18 26.8179 0.7884 53.4481 0.3610 0.7023 0.6136 0.5846 0.1386
charger_material_0.bmp
 18 26.7498 0.9646 52.8992 0.3313 0.9400 0.0817 0.5925 0.1366
 18 26.0438 1.2010 53.0465 0.3313 0.9400 0.0817 0.5945 0.1525
 18 26.8179 0.7884 53.4481 0.3610 0.7023 0.6136 0.5846 0.1386
charger_material_0.bmp
 18 26.8179 0.7884 53.4481 0.3610 0.7023 0.6136 0.5846 0.1386
 18 26.0438 1.2010 53.0465 0.3313 0.9400 0.0817 0.5945 0.1525
 18 25.9955 1.0438 53.6273 0.3415 0.5145 0.7866 0.5846 0.1525
charger_material_0.bmp
 18 26.0438 1.2010 53.0465 0.3313 0.9400 0.0817 0.5945 0.1525
 18 23.6888 1.8027 54.0951 0.4355 0.6947 0.5725 0.5886 0.1723
 18 25.9955 1.0438 53.6273 0.3415 0.5145 0.7866 0.5846 0.1525
charger_material_0.bmp
 18 25.9955 1.0438 53.6273 0.3415 0.5145 0.7866 0.5846 0.1525
 18 23.6888 1.8027 54.0951 0.4355 0.6947 0.5725 0.5886 0.1723
 18 23.7292 1.4119 54.3133 0.3423 0.2447 0.9072 0.5827 0.1723
charger_material_0.bmp
 18 23.6888 1.8027 54.0951 0.4355 0.6947 0.5725 0.5886 0.1723
 18 23.3536 1.5554 54.4889 0.3954 0.2330 0.8885 0.5827 0.1782
 18 23.7292 1.4119 54.3133 0.3423 0.2447 0.9072 0.5827 0.1723
charger_material_0.bmp
 18 23.7292 1.4119 54.3133 0.3423 0.2447 0.9072 0.5827 0.1723
 18 23.3536 1.5554 54.4889 0.3954 0.2330 0.8885 0.5827 0.1782
 18 23.5328 0.8055 54.4516 0.2463 -0.2195 0.9440 0.5728 0.1723
charger_material_0.bmp
 18 23.3536 1.5554 54.4889 0.3954 0.2330 0.8885 0.5827 0.1782
 18 23.1840 0.8826 54.5480 0.2246 -0.3249 0.9187 0.5728 0.1782
 18 23.5328 0.8055 54.4516 0.2463 -0.2195 0.9440 0.5728 0.1723
charger_material_0.bmp
 18 23.5328 0.8055 54.4516 0.2463 -0.2195 0.9440 0.5728 0.1723
 18 23.1840 0.8826 54.5480 0.2246 -0.3249 0.9187 0.5728 0.1782
 18 23.2769 0.3978 54.2032 -0.0162 -0.7300 0.6832 0.5650 0.1723
charger_material_0.bmp
 18 23.1840 0.8826 54.5480 0.2246 -0.3249 0.9187 0.5728 0.1782
 18 22.9577 0.4850 54.2948 0.0203 -0.7105 0.7034 0.5650 0.1782
 18 23.2769 0.3978 54.2032 -0.0162 -0.7300 0.6832 0.5650 0.1723
charger_material_0.bmp
 18 23.2769 0.3978 54.2032 -0.0162 -0.7300 0.6832 0.5650 0.1723
 18 22.9577 0.4850 54.2948 0.0203 -0.7105 0.7034 0.5650 0.1782
 18 22.8203 0.3204 53.9759 -0.1795 -0.9279 0.3268 0.5591 0.1782
charger_material_0.bmp
 18 22.9577 0.4850 54.2948 0.0203 -0.7105 0.7034 0.5650 0.1782
 18 22.6840 0.5434 54.3566 -0.0190 -0.7585 0.6514 0.5650 0.1842
 18 22.8203 0.3204 53.9759 -0.1795 -0.9279 0.3268 0.5591 0.1782
charger_material_0.bmp
 18 22.8203 0.3204 53.9759 -0.1795 -0.9279 0.3268 0.5591 0.1782
 18 22.6840 0.5434 54.3566 -0.0190 -0.7585 0.6514 0.5650 0.1842
 18 22.5826 0.3898 54.0114 -0.0560 -0.9587 0.2788 0.5591 0.1842
charger_material_0.bmp
 18 22.6840 0.5434 54.3566 -0.0190 -0.7585 0.6514 0.5650 0.1842
 18 22.2075 0.4159 54.1304 0.0620 -0.9042 0.4227 0.5591 0.1901
 18 22.5826 0.3898 54.0114 -0.0560 -0.9587 0.2788 0.5591 0.1842
charger_material_0.bmp
 18 22.5826 0.3898 54.0114 -0.0560 -0.9587 0.2788 0.5591 0.1842
 18 22.2075 0.4159 54.1304 0.0620 -0.9042 0.4227 0.5591 0.1901
 18 22.1394 0.3315 53.8029 0.1084 -0.9873 0.1160 0.5531 0.1901
charger_material_0.bmp
 18 22.2075 0.4159 54.1304 0.0620 -0.9042 0.4227 0.5591 0.1901
 18 21.3942 0.2276 53.9512 0.0765 -0.9711 0.2261 0.5512 0.2020
 18 22.1394 0.3315 53.8029 0.1084 -0.9873 0.1160 0.5531 0.1901
charger_material_0.bmp
 18 22.1394 0.3315 53.8029 0.1084 -0.9873 0.1160 0.5531 0.1901
 18 21.3942 0.2276 53.9512 0.0765 -0.9711 0.2261 0.5512 0.2020
 18 21.4223 0.1869 53.5375 0.0281 -0.9775 -0.2091 0.5453 0.2020
charger_material_0.bmp
 18 21.3942 0.2276 53.9512 0.0765 -0.9711 0.2261 0.5512 0.2020
 18 19.0597 0.3119 54.0766 -0.1071 -0.9718 -0.2100 0.5413 0.2198
 18 21.4223 0.1869 53.5375 0.0281 -0.9775 -0.2091 0.5453 0.2020
charger_material_0.bmp
 18 21.4223 0.1869 53.5375 0.0281 -0.9775 -0.2091 0.5453 0.2020
 18 19.0597 0.3119 54.0766 -0.1071 -0.9718 -0.2100 0.5413 0.2198
 18 19.0684 0.5137 53.6169 -0.1982 -0.7180 -0.6672 0.5354 0.2158
charger_material_0.bmp
 18 19.0597 0.3119 54.0766 -0.1071 -0.9718 -0.2100 0.5413 0.2198
 18 17.2851 0.6915 54.0450 -0.2300 -0.6958 -0.6804 0.5315 0.2317
 18 19.0684 0.5137 53.6169 -0.1982 -0.7180 -0.6672 0.5354 0.2158
charger_material_0.bmp
 18 19.0684 0.5137 53.6169 -0.1982 -0.7180 -0.6672 0.5354 0.2158
 18 17.2851 0.6915 54.0450 -0.2300 -0.6958 -0.6804 0.5315 0.2317
 18 17.3414 1.0932 53.7999 -0.2605 -0.2051 -0.9434 0.5256 0.2297
charger_material_0.bmp
 18 17.2851 0.6915 54.0450 -0.2300 -0.6958 -0.6804 0.5315 0.2317
 18 15.6245 1.1667 54.3130 -0.1351 -0.3004 -0.9442 0.5256 0.2515
 18 17.3414 1.0932 53.7999 -0.2605 -0.2051 -0.9434 0.5256 0.2297
charger_material_0.bmp
  4 1.9200 -2.6061 63.6551 0.6087 0.7787 -0.1521 0.9528 0.5881
  4 2.1300 -2.6895 63.3249 0.8456 0.2683 -0.4615 0.9488 0.5822
  4 1.9900 -2.7116 63.1561 0.5497 0.6095 -0.5712 0.9488 0.5802
charger_material_0.bmp
  4 1.9900 -2.7116 63.1561 0.5497 0.6095 -0.5712 0.9488 0.5802
  4 2.1300 -2.6895 63.3249 0.8456 0.2683 -0.4615 0.9488 0.5822
  4 1.9900 -2.7982 63.1828 0.7889 -0.4384 -0.4307 0.9469 0.5802
charger_material_0.bmp
  4 2.1300 -2.6895 63.3249 0.8456 0.2683 -0.4615 0.9488 0.5822
  4 2.1500 -2.8031 63.5299 0.7653 -0.5222 -0.3762 0.9469 0.5861
  4 1.9900 -2.7982 63.1828 0.7889 -0.4384 -0.4307 0.9469 0.5802
charger_material_0.bmp
  4 1.9900 -2.7982 63.1828 0.7889 -0.4384 -0.4307 0.9469 0.5802
  4 2.1500 -2.8031 63.5299 0.7653 -0.5222 -0.3762 0.9469 0.5861
  4 1.7800 -3.1081 63.4253 0.8330 -0.4299 -0.3482 0.9429 0.5802
charger_material_0.bmp
  4 2.1500 -2.8031 63.5299 0.7653 -0.5222 -0.3762 0.9469 0.5861
  4 2.3000 -2.7636 63.7362 0.9384 0.2133 -0.2718 0.9469 0.5881
  4 1.7800 -3.1081 63.4253 0.8330 -0.4299 -0.3482 0.9429 0.5802
charger_material_0.bmp
  4 1.7800 -3.1081 63.4253 0.8330 -0.4299 -0.3482 0.9429 0.5802
  4 2.3000 -2.7636 63.7362 0.9384 0.2133 -0.2718 0.9469 0.5881
  4 1.8900 -3.2217 63.6303 0.7507 0.0246 -0.6602 0.9409 0.5842
charger_material_0.bmp
  4 2.3000 -2.7636 63.7362 0.9384 0.2133 -0.2718 0.9469 0.5881
  4 2.3800 -3.1073 64.0157 0.9778 0.2088 0.0191 0.9429 0.5921
  4 1.8900 -3.2217 63.6303 0.7507 0.0246 -0.6602 0.9409 0.5842
charger_material_0.bmp
  4 1.8900 -3.2217 63.6303 0.7507 0.0246 -0.6602 0.9409 0.5842
  4 2.3800 -3.1073 64.0157 0.9778 0.2088 0.0191 0.9429 0.5921
  4 2.4500 -3.3879 64.0388 0.9657 0.0275 -0.2583 0.9390 0.5921
charger_material_0.bmp
  4 2.3800 -3.1073 64.0157 0.9778 0.2088 0.0191 0.9429 0.5921
  4 2.3700 -3.2751 64.1496 0.6421 0.1129 0.7582 0.9409 0.5941
  4 2.4500 -3.3879 64.0388 0.9657 0.0275 -0.2583 0.9390 0.5921
charger_material_0.bmp
  4 2.4500 -3.3879 64.0388 0.9657 0.0275 -0.2583 0.9390 0.5921
  4 2.3700 -3.2751 64.1496 0.6421 0.1129 0.7582 0.9409 0.5941
  4 2.3600 -3.5923 64.0880 0.6968 -0.4229 0.5793 0.9370 0.5921
charger_material_0.bmp
  4 2.3700 -3.2751 64.1496 0.6421 0.1129 0.7582 0.9409 0.5941
  4 2.0200 -3.5290 64.2592 0.8504 -0.2459 0.4651 0.9350 0.5980
  4 2.3600 -3.5923 64.0880 0.6968 -0.4229 0.5793 0.9370 0.5921
charger_material_0.bmp
  4 2.3600 -3.5923 64.0880 0.6968 -0.4229 0.5793 0.9370 0.5921
  4 2.0200 -3.5290 64.2592 0.8504 -0.2459 0.4651 0.9350 0.5980
  4 1.9800 -3.8702 64.0190 0.5879 -0.6345 0.5018 0.9311 0.5941
charger_material_0.bmp
  4 2.0200 -3.5290 64.2592 0.8504 -0.2459 0.4651 0.9350 0.5980
  4 1.8700 -4.2851 64.1390 0.9754 -0.2204 0.0068 0.9252 0.5941
  4 1.9800 -3.8702 64.0190 0.5879 -0.6345 0.5018 0.9311 0.5941
charger_material_0.bmp
  4 1.9800 -3.8702 64.0190 0.5879 -0.6345 0.5018 0.9311 0.5941
  4 1.8700 -4.2851 64.1390 0.9754 -0.2204 0.0068 0.9252 0.5941
  4 1.9400 -4.1123 63.6580 0.8567 -0.5157 0.0100 0.9272 0.5861
charger_material_0.bmp
  4 1.8700 -4.2851 64.1390 0.9754 -0.2204 0.0068 0.9252 0.5941
  4 1.9000 -4.2966 63.6525 0.9646 -0.2596 -0.0455 0.9252 0.5881
  4 1.9400 -4.1123 63.6580 0.8567 -0.5157 0.0100 0.9272 0.5861
charger_material_0.bmp
  4 1.9400 -4.1123 63.6580 0.8567 -0.5157 0.0100 0.9272 0.5861
  4 1.9000 -4.2966 63.6525 0.9646 -0.2596 -0.0455 0.9252 0.5881
  4 1.8600 -4.2248 63.2825 0.9090 -0.2190 -0.3547 0.9272 0.5802
charger_material_0.bmp
  4 1.9000 -4.2966 63.6525 0.9646 -0.2596 -0.0455 0.9252 0.5881
  4 1.7100 -4.8936 63.5121 0.9754 -0.2204 0.0068 0.9173 0.5861
  4 1.8600 -4.2248 63.2825 0.9090 -0.2190 -0.3547 0.9272 0.5802
charger_material_0.bmp
  4 1.8600 -4.2248 63.2825 0.9090 -0.2190 -0.3547 0.9272 0.5802
  4 1.7100 -4.8936 63.5121 0.9754 -0.2204 0.0068 0.9173 0.5861
  4 1.7300 -4.8789 63.1632 0.9753 -0.1431 -0.1684 0.9173 0.5802
charger_material_0.bmp
  4 1.7100 -4.8936 63.5121 0.9754 -0.2204 0.0068 0.9173 0.5861
  4 1.6500 -5.3456 63.3847 0.9743 -0.2199 0.0489 0.9114 0.5842
  4 1.7300 -4.8789 63.1632 0.9753 -0.1431 -0.1684 0.9173 0.5802
charger_material_0.bmp
  4 1.7300 -4.8789 63.1632 0.9753 -0.1431 -0.1684 0.9173 0.5802
  4 1.6500 -5.3456 63.3847 0.9743 -0.2199 0.0489 0.9114 0.5842
  4 1.6500 -5.3551 63.1219 0.9598 -0.2103 -0.1857 0.9114 0.5802
charger_material_0.bmp
  4 1.6500 -5.3456 63.3847 0.9743 -0.2199 0.0489 0.9114 0.5842
  4 1.6000 -5.6492 63.3410 0.8839 -0.4637 -0.0600 0.9094 0.5842
  4 1.6500 -5.3551 63.1219 0.9598 -0.2103 -0.1857 0.9114 0.5802
charger_material_0.bmp
  4 1.6500 -5.3551 63.1219 0.9598 -0.2103 -0.1857 0.9114 0.5802
  4 1.6000 -5.6492 63.3410 0.8839 -0.4637 -0.0600 0.9094 0.5842
  4 1.5100 -5.6321 62.9508 0.8179 -0.4850 -0.3095 0.9075 0.5782
charger_material_0.bmp
  4 1.6000 -5.6492 63.3410 0.8839 -0.4637 -0.0600 0.9094 0.5842
  4 1.3500 -5.7939 63.0632 0.4159 -0.8845 -0.2115 0.9055 0.5782
  4 1.5100 -5.6321 62.9508 0.8179 -0.4850 -0.3095 0.9075 0.5782
charger_material_0.bmp
  4 1.5100 -5.6321 62.9508 0.8179 -0.4850 -0.3095 0.9075 0.5782
  4 1.3500 -5.7939 63.0632 0.4159 -0.8845 -0.2115 0.9055 0.5782
  4 1.3200 -5.6684 62.6014 0.6069 -0.6504 -0.4568 0.9055 0.5723
charger_material_0.bmp
  4 1.3500 -5.7939 63.0632 0.4159 -0.8845 -0.2115 0.9055 0.5782
  4 1.1600 -5.8099 62.8728 0.2618 -0.9406 -0.2161 0.9035 0.5762
  4 1.3200 -5.6684 62.6014 0.6069 -0.6504 -0.4568 0.9055 0.5723
charger_material_0.bmp
  4 1.3200 -5.6684 62.6014 0.6069 -0.6504 -0.4568 0.9055 0.5723
  4 1.1600 -5.8099 62.8728 0.2618 -0.9406 -0.2161 0.9035 0.5762
  4 0.9100 -5.8540 62.7489 0.1977 -0.9654 -0.1700 0.9016 0.5723
charger_material_0.bmp
  4 1.1600 -5.8099 62.8728 0.2618 -0.9406 -0.2161 0.9035 0.5762
  4 1.1000 -5.8510 63.0843 0.1173 -0.9908 -0.0679 0.9016 0.5782
  4 0.9100 -5.8540 62.7489 0.1977 -0.9654 -0.1700 0.9016 0.5723
charger_material_0.bmp
  4 0.9100 -5.8540 62.7489 0.1977 -0.9654 -0.1700 0.9016 0.5723
  4 1.1000 -5.8510 63.0843 0.1173 -0.9908 -0.0679 0.9016 0.5782
  4 0.7900 -5.8744 63.0684 0.2351 -0.9684 -0.0834 0.8996 0.5762
charger_material_0.bmp
  4 1.1000 -5.8510 63.0843 0.1173 -0.9908 -0.0679 0.9016 0.5782
  4 0.8700 -5.8648 63.3313 0.2250 -0.9552 -0.1921 0.8996 0.5802
  4 0.7900 -5.8744 63.0684 0.2351 -0.9684 -0.0834 0.8996 0.5762
charger_material_0.bmp
  4 0.7900 -5.8744 63.0684 0.2351 -0.9684 -0.0834 0.8996 0.5762
  4 0.8700 -5.8648 63.3313 0.2250 -0.9552 -0.1921 0.8996 0.5802
  4 0.6300 -5.9921 63.3047 0.2108 -0.9527 0.2188 0.8957 0.5782
charger_material_0.bmp
  4 0.8700 -5.8648 63.3313 0.2250 -0.9552 -0.1921 0.8996 0.5802
  4 0.7200 -5.9340 63.3954 0.0331 -0.9918 -0.1234 0.8976 0.5822
  4 0.6300 -5.9921 63.3047 0.2108 -0.9527 0.2188 0.8957 0.5782
charger_material_0.bmp
  4 0.6300 -5.9921 63.3047 0.2108 -0.9527 0.2188 0.8957 0.5782
  4 0.7200 -5.9340 63.3954 0.0331 -0.9918 -0.1234 0.8976 0.5822
  4 0.6800 -5.9261 63.3837 0.2620 -0.9651 -0.0009 0.8976 0.5802
charger_material_0.bmp
  4 0.7200 -5.9340 63.3954 0.0331 -0.9918 -0.1234 0.8976 0.5822
  4 0.6900 -5.9401 63.4170 0.1161 -0.7446 -0.6573 0.8976 0.5822
  4 0.6800 -5.9261 63.3837 0.2620 -0.9651 -0.0009 0.8976 0.5802
charger_material_0.bmp
  4 0.6800 -5.9261 63.3837 0.2620 -0.9651 -0.0009 0.8976 0.5802
  4 0.6900 -5.9401 63.4170 0.1161 -0.7446 -0.6573 0.8976 0.5822
  4 0.6200 -6.0126 63.4105 0.7357 -0.5504 -0.3947 0.8957 0.5802
charger_material_0.bmp
  4 0.6900 -5.9401 63.4170 0.1161 -0.7446 -0.6573 0.8976 0.5822
  4 0.6500 -6.0093 63.4811 0.4085 -0.4942 -0.7674 0.8957 0.5822
  4 0.6200 -6.0126 63.4105 0.7357 -0.5504 -0.3947 0.8957 0.5802
charger_material_0.bmp
  4 0.6200 -6.0126 63.4105 0.7357 -0.5504 -0.3947 0.8957 0.5802
  4 0.6500 -6.0093 63.4811 0.4085 -0.4942 -0.7674 0.8957 0.5822
  4 0.6000 -6.0519 63.4180 0.6847 -0.6646 -0.2990 0.8957 0.5822
charger_material_0.bmp
  4 4.6300 -3.4050 57.5058 0.8322 -0.4942 0.2514 0.2185 0.3782
  3 5.9300 -3.8228 55.4087 0.5789 -0.7679 0.2742 0.2283 0.3604
  4 5.5900 -2.9397 57.2234 0.4651 -0.8128 0.3508 0.2303 0.3782
charger_material_0.bmp
  4 5.5900 -2.9397 57.2234 0.4651 -0.8128 0.3508 0.2303 0.3782
  3 5.9300 -3.8228 55.4087 0.5789 -0.7679 0.2742 0.2283 0.3604
  4 6.8000 -2.4649 56.5116 0.4771 -0.8444 0.2435 0.2441 0.3723
charger_material_0.bmp
  3 5.9300 -3.8228 55.4087 0.5789 -0.7679 0.2742 0.2283 0.3604
  3 6.9100 -2.8411 55.5513 0.6533 -0.7281 0.2075 0.2421 0.3624
  4 6.8000 -2.4649 56.5116 0.4771 -0.8444 0.2435 0.2441 0.3723
charger_material_0.bmp
  4 6.8000 -2.4649 56.5116 0.4771 -0.8444 0.2435 0.2441 0.3723
  3 6.9100 -2.8411 55.5513 0.6533 -0.7281 0.2075 0.2421 0.3624
  3 7.6100 -2.2679 55.4575 0.6247 -0.7685 0.1384 0.2520 0.3624
charger_material_0.bmp
  3 6.9100 -2.8411 55.5513 0.6533 -0.7281 0.2075 0.2421 0.3624
  3 7.4400 -2.5339 54.7827 0.7329 -0.6722 -0.1054 0.2500 0.3564
  3 7.6100 -2.2679 55.4575 0.6247 -0.7685 0.1384 0.2520 0.3624
charger_material_0.bmp
  3 7.6100 -2.2679 55.4575 0.6247 -0.7685 0.1384 0.2520 0.3624
  3 7.4400 -2.5339 54.7827 0.7329 -0.6722 -0.1054 0.2500 0.3564
  3 8.1000 -1.8007 55.1340 0.7047 -0.6645 -0.2489 0.2579 0.3604
charger_material_0.bmp
  3 7.4400 -2.5339 54.7827 0.7329 -0.6722 -0.1054 0.2500 0.3564
  3 7.7300 -1.7829 54.3875 0.8110 -0.3072 -0.4979 0.2559 0.3525
  3 8.1000 -1.8007 55.1340 0.7047 -0.6645 -0.2489 0.2579 0.3604
charger_material_0.bmp
  3 8.1000 -1.8007 55.1340 0.7047 -0.6645 -0.2489 0.2579 0.3604
  3 7.7300 -1.7829 54.3875 0.8110 -0.3072 -0.4979 0.2559 0.3525
  3 8.3600 -1.1535 54.8006 0.5393 -0.3448 -0.7683 0.2638 0.3604
charger_material_0.bmp
  3 7.7300 -1.7829 54.3875 0.8110 -0.3072 -0.4979 0.2559 0.3525
  3 7.7900 -0.4191 54.4374 0.7058 0.0213 -0.7081 0.2697 0.3545
  3 8.3600 -1.1535 54.8006 0.5393 -0.3448 -0.7683 0.2638 0.3604
charger_material_0.bmp
  3 8.3600 -1.1535 54.8006 0.5393 -0.3448 -0.7683 0.2638 0.3604
  3 7.7900 -0.4191 54.4374 0.7058 0.0213 -0.7081 0.2697 0.3545
 18 8.4818 -0.3961 54.7798 0.2644 0.0427 -0.9635 0.2697 0.3604
charger_material_0.bmp
  3 7.7900 -0.4191 54.4374 0.7058 0.0213 -0.7081 0.2697 0.3545
  3 7.9700 0.8453 54.7701 0.7495 -0.0546 -0.6597 0.2815 0.3584
 18 8.4818 -0.3961 54.7798 0.2644 0.0427 -0.9635 0.2697 0.3604
charger_material_0.bmp
 18 8.4818 -0.3961 54.7798 0.2644 0.0427 -0.9635 0.2697 0.3604
  3 7.9700 0.8453 54.7701 0.7495 -0.0546 -0.6597 0.2815 0.3584
 18 8.5632 0.9722 55.2679 0.3259 0.0572 -0.9437 0.2815 0.3624
charger_material_0.bmp
  3 7.9700 0.8453 54.7701 0.7495 -0.0546 -0.6597 0.2815 0.3584
  3 8.1600 1.8558 54.6278 0.7524 -0.1677 -0.6370 0.2913 0.3584
 18 8.5632 0.9722 55.2679 0.3259 0.0572 -0.9437 0.2815 0.3624
charger_material_0.bmp
 18 8.5632 0.9722 55.2679 0.3259 0.0572 -0.9437 0.2815 0.3624
  3 8.1600 1.8558 54.6278 0.7524 -0.1677 -0.6370 0.2913 0.3584
 18 8.9483 2.2642 55.0067 0.2644 0.0427 -0.9635 0.2933 0.3663
charger_material_0.bmp
  3 8.1600 1.8558 54.6278 0.7524 -0.1677 -0.6370 0.2913 0.3584
  3 8.3800 2.8783 54.7759 0.7187 0.2464 -0.6502 0.3012 0.3604
 18 8.9483 2.2642 55.0067 0.2644 0.0427 -0.9635 0.2933 0.3663
charger_material_0.bmp
 18 8.9483 2.2642 55.0067 0.2644 0.0427 -0.9635 0.2933 0.3663
  3 8.3800 2.8783 54.7759 0.7187 0.2464 -0.6502 0.3012 0.3604
 18 8.8219 2.9653 55.2254 0.4760 0.5374 -0.6961 0.3012 0.3683
charger_material_0.bmp
  3 8.3800 2.8783 54.7759 0.7187 0.2464 -0.6502 0.3012 0.3604
  3 8.2100 3.7352 55.2443 0.6899 0.5520 -0.4683 0.3110 0.3644
 18 8.8219 2.9653 55.2254 0.4760 0.5374 -0.6961 0.3012 0.3683
charger_material_0.bmp
 18 8.8219 2.9653 55.2254 0.4760 0.5374 -0.6961 0.3012 0.3683
  3 8.2100 3.7352 55.2443 0.6899 0.5520 -0.4683 0.3110 0.3644
 18 8.5972 3.7325 55.7495 0.5848 0.7139 -0.3852 0.3110 0.3723
charger_material_0.bmp
  3 8.2100 3.7352 55.2443 0.6899 0.5520 -0.4683 0.3110 0.3644
  3 7.9200 4.3381 55.7811 0.6113 0.7539 -0.2407 0.3209 0.3683
 18 8.5972 3.7325 55.7495 0.5848 0.7139 -0.3852 0.3110 0.3723
charger_material_0.bmp
 18 8.5972 3.7325 55.7495 0.5848 0.7139 -0.3852 0.3110 0.3723
  3 7.9200 4.3381 55.7811 0.6113 0.7539 -0.2407 0.3209 0.3683
  4 8.3500 4.1784 56.4327 0.5523 0.8253 -0.1175 0.3189 0.3782
charger_material_0.bmp
  3 7.9200 4.3381 55.7811 0.6113 0.7539 -0.2407 0.3209 0.3683
  4 7.3000 4.7903 56.4379 0.5062 0.8621 -0.0255 0.3307 0.3723
  4 8.3500 4.1784 56.4327 0.5523 0.8253 -0.1175 0.3189 0.3782
charger_material_0.bmp
  4 8.3500 4.1784 56.4327 0.5523 0.8253 -0.1175 0.3189 0.3782
  4 7.3000 4.7903 56.4379 0.5062 0.8621 -0.0255 0.3307 0.3723
  4 7.8400 4.4381 57.2586 0.4945 0.8619 0.1122 0.3268 0.3861
charger_material_0.bmp
  4 7.3000 4.7903 56.4379 0.5062 0.8621 -0.0255 0.3307 0.3723
  4 6.3700 5.3025 57.0934 0.5444 0.8339 0.0901 0.3445 0.3762
  4 7.8400 4.4381 57.2586 0.4945 0.8619 0.1122 0.3268 0.3861
charger_material_0.bmp
  4 7.8400 4.4381 57.2586 0.4945 0.8619 0.1122 0.3268 0.3861
  4 6.3700 5.3025 57.0934 0.5444 0.8339 0.0901 0.3445 0.3762
  4 7.1400 4.5923 58.2778 0.4962 0.8101 0.3122 0.3386 0.3941
charger_material_0.bmp
  4 6.3700 5.3025 57.0934 0.5444 0.8339 0.0901 0.3445 0.3762
  4 5.6300 5.6151 57.9296 0.6194 0.7418 0.2571 0.3563 0.3842
  4 7.1400 4.5923 58.2778 0.4962 0.8101 0.3122 0.3386 0.3941
charger_material_0.bmp
  4 7.1400 4.5923 58.2778 0.4962 0.8101 0.3122 0.3386 0.3941
  4 5.6300 5.6151 57.9296 0.6194 0.7418 0.2571 0.3563 0.3842
  4 6.0000 4.8109 59.3152 0.4976 0.7785 0.3826 0.3543 0.4059
charger_material_0.bmp
  4 5.6300 5.6151 57.9296 0.6194 0.7418 0.2571 0.3563 0.3842
  4 4.7300 5.0821 60.4138 0.5450 0.6989 0.4632 0.3720 0.4139
  4 6.0000 4.8109 59.3152 0.4976 0.7785 0.3826 0.3543 0.4059
charger_material_0.bmp
  4 6.0000 4.8109 59.3152 0.4976 0.7785 0.3826 0.3543 0.4059
  4 4.7300 5.0821 60.4138 0.5450 0.6989 0.4632 0.3720 0.4139
  4 6.5200 3.8565 60.3936 0.5421 0.6364 0.5488 0.3484 0.4257
charger_material_0.bmp
  4 4.7300 5.0821 60.4138 0.5450 0.6989 0.4632 0.3720 0.4139
  4 4.9100 4.0126 61.6364 0.5253 0.5857 0.6173 0.3701 0.4376
  4 6.5200 3.8565 60.3936 0.5421 0.6364 0.5488 0.3484 0.4257
charger_material_0.bmp
  4 6.5200 3.8565 60.3936 0.5421 0.6364 0.5488 0.3484 0.4257
  4 4.9100 4.0126 61.6364 0.5253 0.5857 0.6173 0.3701 0.4376
  4 6.5400 2.7614 61.1629 0.5794 0.4026 0.7086 0.3465 0.4455
charger_material_0.bmp
  4 4.9100 4.0126 61.6364 0.5253 0.5857 0.6173 0.3701 0.4376
  4 4.8900 3.0158 62.3869 0.5961 0.4592 0.6586 0.3701 0.4574
  4 6.5400 2.7614 61.1629 0.5794 0.4026 0.7086 0.3465 0.4455
charger_material_0.bmp
  4 6.5400 2.7614 61.1629 0.5794 0.4026 0.7086 0.3465 0.4455
  4 4.8900 3.0158 62.3869 0.5961 0.4592 0.6586 0.3701 0.4574
  4 6.4700 1.9852 61.5760 0.6175 0.3177 0.7196 0.3445 0.4594
charger_material_0.bmp
  4 4.8900 3.0158 62.3869 0.5961 0.4592 0.6586 0.3701 0.4574
  4 5.0500 2.2068 62.7350 0.6410 0.3455 0.6854 0.3681 0.4713
  4 6.4700 1.9852 61.5760 0.6175 0.3177 0.7196 0.3445 0.4594
charger_material_0.bmp
  4 1.8300 -2.9400 63.0267 0.8030 -0.5172 -0.2961 0.9449 0.5762
  4 1.7000 -2.9575 62.7755 0.8189 0.0010 -0.5740 0.9469 0.5723
  4 1.8600 -2.8376 62.9766 0.7499 0.0951 -0.6547 0.9469 0.5762
charger_material_0.bmp
  4 1.8600 -2.8376 62.9766 0.7499 0.0951 -0.6547 0.9469 0.5762
  4 1.7000 -2.9575 62.7755 0.8189 0.0010 -0.5740 0.9469 0.5723
  4 1.6800 -2.6659 63.0761 0.6852 0.5106 -0.5194 0.9528 0.5762
charger_material_0.bmp
  4 1.7000 -2.9575 62.7755 0.8189 0.0010 -0.5740 0.9469 0.5723
  4 1.4800 -2.9810 62.5458 0.7430 0.2570 -0.6180 0.9449 0.5663
  4 1.6800 -2.6659 63.0761 0.6852 0.5106 -0.5194 0.9528 0.5762
charger_material_0.bmp
  4 1.6800 -2.6659 63.0761 0.6852 0.5106 -0.5194 0.9528 0.5762
  4 1.4800 -2.9810 62.5458 0.7430 0.2570 -0.6180 0.9449 0.5663
  4 1.3800 -3.0031 62.3770 0.9396 0.1269 -0.3179 0.9449 0.5624
charger_material_0.bmp
  4 1.4800 -2.9810 62.5458 0.7430 0.2570 -0.6180 0.9449 0.5663
  4 1.4900 -3.3478 62.5447 0.9092 0.0427 -0.4141 0.9390 0.5663
  4 1.3800 -3.0031 62.3770 0.9396 0.1269 -0.3179 0.9449 0.5624
charger_material_0.bmp
  4 1.3800 -3.0031 62.3770 0.9396 0.1269 -0.3179 0.9449 0.5624
  4 1.4900 -3.3478 62.5447 0.9092 0.0427 -0.4141 0.9390 0.5663
  4 1.3800 -3.3988 61.8519 0.9763 0.0432 -0.2122 0.9350 0.5545
charger_material_0.bmp
  4 1.4900 -3.3478 62.5447 0.9092 0.0427 -0.4141 0.9390 0.5663
  4 1.3400 -3.8314 61.9855 0.9177 -0.2563 -0.3036 0.9291 0.5564
  4 1.3800 -3.3988 61.8519 0.9763 0.0432 -0.2122 0.9350 0.5545
charger_material_0.bmp
  4 1.3800 -3.3988 61.8519 0.9763 0.0432 -0.2122 0.9350 0.5545
  4 1.3400 -3.8314 61.9855 0.9177 -0.2563 -0.3036 0.9291 0.5564
  4 1.1800 -3.5405 61.2172 0.9314 -0.1672 -0.3234 0.9291 0.5426
charger_material_0.bmp
  4 1.3400 -3.8314 61.9855 0.9177 -0.2563 -0.3036 0.9291 0.5564
  4 1.0500 -4.0707 61.5324 0.8444 -0.4517 -0.2880 0.9213 0.5485
  4 1.1800 -3.5405 61.2172 0.9314 -0.1672 -0.3234 0.9291 0.5426
charger_material_0.bmp
  4 1.1800 -3.5405 61.2172 0.9314 -0.1672 -0.3234 0.9291 0.5426
  4 1.0500 -4.0707 61.5324 0.8444 -0.4517 -0.2880 0.9213 0.5485
  4 0.9100 -3.9388 60.7843 0.9285 -0.2700 -0.2549 0.9193 0.5347
charger_material_0.bmp
  4 1.0500 -4.0707 61.5324 0.8444 -0.4517 -0.2880 0.9213 0.5485
  4 0.8500 -4.3323 61.3890 0.8650 -0.4528 -0.2163 0.9154 0.5446
  4 0.9100 -3.9388 60.7843 0.9285 -0.2700 -0.2549 0.9193 0.5347
charger_material_0.bmp
  4 0.9100 -3.9388 60.7843 0.9285 -0.2700 -0.2549 0.9193 0.5347
  4 0.8500 -4.3323 61.3890 0.8650 -0.4528 -0.2163 0.9154 0.5446
  4 0.7900 -4.2569 60.8248 0.9182 -0.3871 -0.0845 0.9154 0.5366
charger_material_0.bmp
  4 0.8500 -4.3323 61.3890 0.8650 -0.4528 -0.2163 0.9154 0.5446
  4 0.6700 -4.6014 61.2063 0.7684 -0.6101 -0.1934 0.9094 0.5426
  4 0.7900 -4.2569 60.8248 0.9182 -0.3871 -0.0845 0.9154 0.5366
charger_material_0.bmp
  4 0.7900 -4.2569 60.8248 0.9182 -0.3871 -0.0845 0.9154 0.5366
  4 0.6700 -4.6014 61.2063 0.7684 -0.6101 -0.1934 0.9094 0.5426
  4 0.6800 -4.5417 60.8792 0.7800 -0.6254 -0.0207 0.9094 0.5366
charger_material_0.bmp
  4 0.6700 -4.6014 61.2063 0.7684 -0.6101 -0.1934 0.9094 0.5426
  4 0.4800 -4.7148 60.9327 0.7694 -0.6352 -0.0683 0.9055 0.5386
  4 0.6800 -4.5417 60.8792 0.7800 -0.6254 -0.0207 0.9094 0.5366
charger_material_0.bmp
  4 0.6800 -4.5417 60.8792 0.7800 -0.6254 -0.0207 0.9094 0.5366
  4 0.4800 -4.7148 60.9327 0.7694 -0.6352 -0.0683 0.9055 0.5386
  4 0.4600 -4.7448 60.7755 0.7800 -0.6254 -0.0207 0.9055 0.5347
charger_material_0.bmp
  4 0.4800 -4.7148 60.9327 0.7694 -0.6352 -0.0683 0.9055 0.5386
  4 0.3900 -4.9070 60.9389 0.8298 -0.5419 -0.1333 0.9035 0.5386
  4 0.4600 -4.7448 60.7755 0.7800 -0.6254 -0.0207 0.9055 0.5347
charger_material_0.bmp
  4 0.4600 -4.7448 60.7755 0.7800 -0.6254 -0.0207 0.9055 0.5347
  4 0.3900 -4.9070 60.9389 0.8298 -0.5419 -0.1333 0.9035 0.5386
  4 0.3600 -4.9038 60.7958 0.7338 -0.6717 -0.1016 0.9016 0.5366
charger_material_0.bmp
  4 0.3900 -4.9070 60.9389 0.8298 -0.5419 -0.1333 0.9035 0.5386
  4 0.2900 -4.9651 60.8482 0.5801 -0.7960 -0.1727 0.9016 0.5366
  4 0.3600 -4.9038 60.7958 0.7338 -0.6717 -0.1016 0.9016 0.5366
charger_material_0.bmp
  4 0.3600 -4.9038 60.7958 0.7338 -0.6717 -0.1016 0.9016 0.5366
  4 0.2900 -4.9651 60.8482 0.5801 -0.7960 -0.1727 0.9016 0.5366
  4 0.2900 -4.9619 60.7050 0.7038 -0.7075 0.0636 0.9016 0.5347
charger_material_0.bmp
  4 0.2900 -4.9651 60.8482 0.5801 -0.7960 -0.1727 0.9016 0.5366
  4 0.2300 -5.0091 60.7243 0.7082 -0.6923 0.1386 0.8996 0.5347
  4 0.2900 -4.9619 60.7050 0.7038 -0.7075 0.0636 0.9016 0.5347
charger_material_0.bmp
  4 0.2900 -4.9619 60.7050 0.7038 -0.7075 0.0636 0.9016 0.5347
  4 0.2300 -5.0091 60.7243 0.7082 -0.6923 0.1386 0.8996 0.5347
  4 0.1700 -5.1683 60.5307 0.7713 -0.6282 0.1028 0.8976 0.5327
charger_material_0.bmp
  4 0.2300 -5.0091 60.7243 0.7082 -0.6923 0.1386 0.8996 0.5347
  4 0.1300 -5.1870 60.6463 0.8128 -0.5599 0.1608 0.8957 0.5327
  4 0.1700 -5.1683 60.5307 0.7713 -0.6282 0.1028 0.8976 0.5327
charger_material_0.bmp
  4 0.1700 -5.1683 60.5307 0.7713 -0.6282 0.1028 0.8976 0.5327
  4 0.1300 -5.1870 60.6463 0.8128 -0.5599 0.1608 0.8957 0.5327
  4 0.0400 -5.2989 60.4335 0.7694 -0.6352 -0.0683 0.8937 0.5287
charger_material_0.bmp
  4 0.1300 -5.1870 60.6463 0.8128 -0.5599 0.1608 0.8957 0.5327
  4 0.0200 -5.4139 60.5776 0.8298 -0.5419 -0.1333 0.8917 0.5327
  4 0.0400 -5.2989 60.4335 0.7694 -0.6352 -0.0683 0.8937 0.5287
charger_material_0.bmp
  4 0.0400 -5.2989 60.4335 0.7694 -0.6352 -0.0683 0.8937 0.5287
  4 0.0200 -5.4139 60.5776 0.8298 -0.5419 -0.1333 0.8917 0.5327
  4 -0.2200 -5.5413 60.3373 0.5286 -0.7906 -0.3091 0.8878 0.5287
charger_material_0.bmp
  4 0.0200 -5.4139 60.5776 0.8298 -0.5419 -0.1333 0.8917 0.5327
  4 -0.2100 -5.6623 60.5030 0.4767 -0.8094 -0.3429 0.8858 0.5307
  4 -0.2200 -5.5413 60.3373 0.5286 -0.7906 -0.3091 0.8878 0.5287
charger_material_0.bmp
  4 -0.2200 -5.5413 60.3373 0.5286 -0.7906 -0.3091 0.8878 0.5287
  4 -0.2100 -5.6623 60.5030 0.4767 -0.8094 -0.3429 0.8858 0.5307
  4 -0.6600 -5.6783 60.3126 0.1992 -0.9221 -0.3318 0.8799 0.5267
charger_material_0.bmp
  4 -0.2100 -5.6623 60.5030 0.4767 -0.8094 -0.3429 0.8858 0.5307
  4 -0.6500 -5.7507 60.5199 0.1068 -0.9160 -0.3867 0.8799 0.5307
  4 -0.6600 -5.6783 60.3126 0.1992 -0.9221 -0.3318 0.8799 0.5267
charger_material_0.bmp
  4 -0.6600 -5.6783 60.3126 0.1992 -0.9221 -0.3318 0.8799 0.5267
  4 -0.6500 -5.7507 60.5199 0.1068 -0.9160 -0.3867 0.8799 0.5307
  4 -0.9900 -5.7662 60.4923 0.1271 -0.9555 -0.2662 0.8740 0.5307
charger_material_0.bmp
  4 -0.6500 -5.7507 60.5199 0.1068 -0.9160 -0.3867 0.8799 0.5307
  4 -0.9600 -5.7927 60.6195 0.0603 -0.9467 -0.3163 0.8760 0.5327
  4 -0.9900 -5.7662 60.4923 0.1271 -0.9555 -0.2662 0.8740 0.5307
charger_material_0.bmp
  2 -1.7199 -5.6525 46.0200 -0.5816 0.2223 0.7825 0.5886 0.4535
  2 0.6102 -5.7339 47.7498 -0.5432 -0.5256 0.6547 0.6240 0.4594
  2 -0.9798 -5.8542 48.1198 -0.0340 -0.9719 -0.2329 0.6083 0.4752
charger_material_0.bmp
  2 -0.9798 -5.8542 48.1198 -0.0340 -0.9719 -0.2329 0.6083 0.4752
  2 0.6102 -5.7339 47.7498 -0.5432 -0.5256 0.6547 0.6240 0.4594
  3 0.3800 -6.1353 49.5278 0.1751 -0.9501 -0.2583 0.6319 0.4812
charger_material_0.bmp
  2 0.6102 -5.7339 47.7498 -0.5432 -0.5256 0.6547 0.6240 0.4594
  3 2.9900 -5.3557 49.7532 -0.1675 -0.9813 0.0954 0.6654 0.4713
  3 0.3800 -6.1353 49.5278 0.1751 -0.9501 -0.2583 0.6319 0.4812
charger_material_0.bmp
  3 0.3800 -6.1353 49.5278 0.1751 -0.9501 -0.2583 0.6319 0.4812
  3 2.9900 -5.3557 49.7532 -0.1675 -0.9813 0.0954 0.6654 0.4713
  3 2.0500 -6.2737 51.4548 0.3040 -0.9526 -0.0137 0.6634 0.4931
charger_material_0.bmp
  3 2.9900 -5.3557 49.7532 -0.1675 -0.9813 0.0954 0.6654 0.4713
  3 3.4000 -5.5847 52.2235 -0.8226 -0.4578 0.3373 0.6850 0.5010
  3 2.0500 -6.2737 51.4548 0.3040 -0.9526 -0.0137 0.6634 0.4931
charger_material_0.bmp
  3 2.0500 -6.2737 51.4548 0.3040 -0.9526 -0.0137 0.6634 0.4931
  3 3.4000 -5.5847 52.2235 -0.8226 -0.4578 0.3373 0.6850 0.5010
  3 1.8000 -5.9955 52.3295 0.2628 -0.9468 0.1857 0.6654 0.5109
charger_material_0.bmp
  3 3.4000 -5.5847 52.2235 -0.8226 -0.4578 0.3373 0.6850 0.5010
  3 3.2400 -5.4172 54.0059 -0.8035 -0.5546 0.2163 0.6909 0.5248
  3 1.8000 -5.9955 52.3295 0.2628 -0.9468 0.1857 0.6654 0.5109
charger_material_0.bmp
  3 1.8000 -5.9955 52.3295 0.2628 -0.9468 0.1857 0.6654 0.5109
  3 3.2400 -5.4172 54.0059 -0.8035 -0.5546 0.2163 0.6909 0.5248
  3 1.6100 -5.7960 54.4001 0.2176 -0.9310 0.2930 0.6732 0.5386
charger_material_0.bmp
  3 3.2400 -5.4172 54.0059 -0.8035 -0.5546 0.2163 0.6909 0.5248
  3 3.2000 -5.1699 54.9645 -0.5585 -0.6676 0.4924 0.6949 0.5386
  3 1.6100 -5.7960 54.4001 0.2176 -0.9310 0.2930 0.6732 0.5386
charger_material_0.bmp
  3 1.6100 -5.7960 54.4001 0.2176 -0.9310 0.2930 0.6732 0.5386
  3 3.2000 -5.1699 54.9645 -0.5585 -0.6676 0.4924 0.6949 0.5386
  4 1.6300 -4.4601 57.0457 0.1962 -0.8806 0.4314 0.6890 0.5703
charger_material_0.bmp
  3 3.2000 -5.1699 54.9645 -0.5585 -0.6676 0.4924 0.6949 0.5386
  4 3.4200 -3.8942 57.6095 -0.3394 -0.8234 0.4548 0.7106 0.5683
  4 1.6300 -4.4601 57.0457 0.1962 -0.8806 0.4314 0.6890 0.5703
charger_material_0.bmp
  4 1.6300 -4.4601 57.0457 0.1962 -0.8806 0.4314 0.6890 0.5703
  4 3.4200 -3.8942 57.6095 -0.3394 -0.8234 0.4548 0.7106 0.5683
  4 1.6200 -3.7547 58.4991 0.0245 -0.7912 0.6111 0.6988 0.5861
charger_material_0.bmp
  4 3.4200 -3.8942 57.6095 -0.3394 -0.8234 0.4548 0.7106 0.5683
  4 2.3800 -3.3642 58.9437 0.0253 -0.7560 0.6541 0.7087 0.5861
  4 1.6200 -3.7547 58.4991 0.0245 -0.7912 0.6111 0.6988 0.5861
charger_material_0.bmp
  4 1.6200 -3.7547 58.4991 0.0245 -0.7912 0.6111 0.6988 0.5861
  4 2.3800 -3.3642 58.9437 0.0253 -0.7560 0.6541 0.7087 0.5861
  4 1.2000 -3.0030 59.1292 0.1962 -0.8806 0.4314 0.7028 0.5980
charger_material_0.bmp
  4 2.3800 -3.3642 58.9437 0.0253 -0.7560 0.6541 0.7087 0.5861
  4 1.7200 -2.8503 59.3952 0.2925 -0.7679 0.5699 0.7106 0.5960
  4 1.2000 -3.0030 59.1292 0.1962 -0.8806 0.4314 0.7028 0.5980
charger_material_0.bmp
  4 1.2000 -3.0030 59.1292 0.1962 -0.8806 0.4314 0.7028 0.5980
  4 1.7200 -2.8503 59.3952 0.2925 -0.7679 0.5699 0.7106 0.5960
  4 1.0500 -2.8465 60.1072 0.6450 -0.7549 0.1186 0.7106 0.6079
charger_material_0.bmp
  4 1.7200 -2.8503 59.3952 0.2925 -0.7679 0.5699 0.7106 0.5960
  4 1.3500 -2.4956 60.3455 0.8287 -0.4486 0.3346 0.7165 0.6079
  4 1.0500 -2.8465 60.1072 0.6450 -0.7549 0.1186 0.7106 0.6079
charger_material_0.bmp
  4 1.0500 -2.8465 60.1072 0.6450 -0.7549 0.1186 0.7106 0.6079
  4 1.3500 -2.4956 60.3455 0.8287 -0.4486 0.3346 0.7165 0.6079
  4 1.0800 -2.7787 60.8883 0.9267 -0.3527 -0.1298 0.7165 0.6158
charger_material_0.bmp
  4 1.3500 -2.4956 60.3455 0.8287 -0.4486 0.3346 0.7165 0.6079
  4 1.2800 -2.3599 61.0017 0.9662 -0.2578 -0.0036 0.7224 0.6139
  4 1.0800 -2.7787 60.8883 0.9267 -0.3527 -0.1298 0.7165 0.6158
charger_material_0.bmp
  4 1.0800 -2.7787 60.8883 0.9267 -0.3527 -0.1298 0.7165 0.6158
  4 1.2800 -2.3599 61.0017 0.9662 -0.2578 -0.0036 0.7224 0.6139
  4 1.2300 -2.8114 61.5157 0.9808 -0.0677 -0.1831 0.7224 0.6218
charger_material_0.bmp
  4 1.2800 -2.3599 61.0017 0.9662 -0.2578 -0.0036 0.7224 0.6139
  4 1.3100 -2.2889 61.6397 0.9837 -0.1666 -0.0676 0.7303 0.6178
  4 1.2300 -2.8114 61.5157 0.9808 -0.0677 -0.1831 0.7224 0.6218
charger_material_0.bmp
  4 1.2300 -2.8114 61.5157 0.9808 -0.0677 -0.1831 0.7224 0.6218
  4 1.3100 -2.2889 61.6397 0.9837 -0.1666 -0.0676 0.7303 0.6178
  4 1.3500 -2.6033 62.1784 0.9773 -0.0089 -0.2115 0.7323 0.6257
charger_material_0.bmp
  4 1.3100 -2.2889 61.6397 0.9837 -0.1666 -0.0676 0.7303 0.6178
  4 1.4000 -1.9013 61.9627 0.9837 -0.1666 -0.0676 0.7362 0.6178
  4 1.3500 -2.6033 62.1784 0.9773 -0.0089 -0.2115 0.7323 0.6257
charger_material_0.bmp
  4 1.3500 -2.6033 62.1784 0.9773 -0.0089 -0.2115 0.7323 0.6257
  4 1.4000 -1.9013 61.9627 0.9837 -0.1666 -0.0676 0.7362 0.6178
  4 1.4600 -1.9214 62.7098 0.9773 -0.0089 -0.2115 0.7421 0.6238
charger_material_0.bmp
  4 1.4000 -1.9013 61.9627 0.9837 -0.1666 -0.0676 0.7362 0.6178
  4 1.4900 -1.4082 62.0924 0.8962 -0.4333 0.0953 0.7402 0.6139
  4 1.4600 -1.9214 62.7098 0.9773 -0.0089 -0.2115 0.7421 0.6238
charger_material_0.bmp
  4 1.4600 -1.9214 62.7098 0.9773 -0.0089 -0.2115 0.7421 0.6238
  4 1.4900 -1.4082 62.0924 0.8962 -0.4333 0.0953 0.7402 0.6139
  4 1.5100 -1.5685 62.9579 0.9925 0.0819 -0.0906 0.7480 0.6218
charger_material_0.bmp
  4 1.4900 -1.4082 62.0924 0.8962 -0.4333 0.0953 0.7402 0.6139
  4 1.5600 -1.1092 62.9108 0.7760 -0.5937 0.2131 0.7500 0.6158
  4 1.5100 -1.5685 62.9579 0.9925 0.0819 -0.0906 0.7480 0.6218
charger_material_0.bmp
  4 1.5100 -1.5685 62.9579 0.9925 0.0819 -0.0906 0.7480 0.6218
  4 1.5600 -1.1092 62.9108 0.7760 -0.5937 0.2131 0.7500 0.6158
  4 1.4500 -0.9025 63.5127 0.8428 -0.3738 0.3872 0.7598 0.6198
charger_material_0.bmp
  4 1.5600 -1.1092 62.9108 0.7760 -0.5937 0.2131 0.7500 0.6158
  4 2.3600 -0.5472 63.2412 0.3875 -0.8319 0.3972 0.7598 0.6059
  4 1.4500 -0.9025 63.5127 0.8428 -0.3738 0.3872 0.7598 0.6198
charger_material_0.bmp
  4 1.4500 -0.9025 63.5127 0.8428 -0.3738 0.3872 0.7598 0.6198
  4 2.3600 -0.5472 63.2412 0.3875 -0.8319 0.3972 0.7598 0.6059
  4 2.2200 -0.2713 63.7789 0.3573 -0.6205 0.6981 0.7677 0.6079
charger_material_0.bmp
  4 2.3600 -0.5472 63.2412 0.3875 -0.8319 0.3972 0.7598 0.6059
  4 3.3800 0.1580 63.5747 -0.1957 -0.7019 0.6848 0.7677 0.5921
  4 2.2200 -0.2713 63.7789 0.3573 -0.6205 0.6981 0.7677 0.6079
charger_material_0.bmp
  1 6.4000 -1.6138 43.0113 0.7947 -0.3186 0.5166 0.2500 0.2059
  2 6.5201 -0.0115 44.7742 0.9848 -0.1562 0.0766 0.2677 0.2297
  2 6.1001 -1.6414 44.6629 0.8670 -0.4941 0.0643 0.2500 0.2297
charger_material_0.bmp
  2 6.1001 -1.6414 44.6629 0.8670 -0.4941 0.0643 0.2500 0.2297
  2 6.5201 -0.0115 44.7742 0.9848 -0.1562 0.0766 0.2677 0.2297
  2 6.1502 -1.5926 46.1429 0.8969 -0.4282 -0.1108 0.2480 0.2495
charger_material_0.bmp
  2 6.5201 -0.0115 44.7742 0.9848 -0.1562 0.0766 0.2677 0.2297
  2 6.6202 0.0573 46.2642 0.9827 -0.1453 -0.1153 0.2657 0.2515
  2 6.1502 -1.5926 46.1429 0.8969 -0.4282 -0.1108 0.2480 0.2495
charger_material_0.bmp
  2 6.1502 -1.5926 46.1429 0.8969 -0.4282 -0.1108 0.2480 0.2495
  2 6.6202 0.0573 46.2642 0.9827 -0.1453 -0.1153 0.2657 0.2515
  2 6.5403 -1.7944 48.3427 0.9229 -0.3727 -0.0968 0.2480 0.2792
charger_material_0.bmp
  2 6.6202 0.0573 46.2642 0.9827 -0.1453 -0.1153 0.2657 0.2515
  2 6.9503 0.4458 48.1245 0.9827 -0.1453 -0.1153 0.2717 0.2772
  2 6.5403 -1.7944 48.3427 0.9229 -0.3727 -0.0968 0.2480 0.2792
charger_material_0.bmp
  2 6.5403 -1.7944 48.3427 0.9229 -0.3727 -0.0968 0.2480 0.2792
  2 6.9503 0.4458 48.1245 0.9827 -0.1453 -0.1153 0.2717 0.2772
  3 7.0200 0.6386 49.5510 0.9761 -0.2078 -0.0638 0.2756 0.2931
charger_material_0.bmp
  2 6.9503 0.4458 48.1245 0.9827 -0.1453 -0.1153 0.2717 0.2772
  2 7.1803 1.6658 48.0955 0.9816 -0.0851 -0.1709 0.2854 0.2752
  3 7.0200 0.6386 49.5510 0.9761 -0.2078 -0.0638 0.2756 0.2931
charger_material_0.bmp
  3 7.0200 0.6386 49.5510 0.9761 -0.2078 -0.0638 0.2756 0.2931
  2 7.1803 1.6658 48.0955 0.9816 -0.0851 -0.1709 0.2854 0.2752
  3 7.4700 1.9880 49.5623 0.9908 -0.0905 -0.1006 0.2894 0.2931
charger_material_0.bmp
  2 7.1803 1.6658 48.0955 0.9816 -0.0851 -0.1709 0.2854 0.2752
  2 7.0303 3.3858 48.1769 0.9306 0.3094 -0.1956 0.3071 0.2752
  3 7.4700 1.9880 49.5623 0.9908 -0.0905 -0.1006 0.2894 0.2931
charger_material_0.bmp
  3 7.4700 1.9880 49.5623 0.9908 -0.0905 -0.1006 0.2894 0.2931
  2 7.0303 3.3858 48.1769 0.9306 0.3094 -0.1956 0.3071 0.2752
  3 7.2100 3.5528 49.5195 0.9078 0.3975 -0.1339 0.3091 0.2911
charger_material_0.bmp
  2 7.0303 3.3858 48.1769 0.9306 0.3094 -0.1956 0.3071 0.2752
  2 5.9003 4.9357 48.2282 0.7301 0.6583 -0.1834 0.3287 0.2733
  3 7.2100 3.5528 49.5195 0.9078 0.3975 -0.1339 0.3091 0.2911
charger_material_0.bmp
  3 7.2100 3.5528 49.5195 0.9078 0.3975 -0.1339 0.3091 0.2911
  2 5.9003 4.9357 48.2282 0.7301 0.6583 -0.1834 0.3287 0.2733
  3 6.1200 5.0757 49.5518 0.7190 0.6755 -0.1635 0.3287 0.2891
charger_material_0.bmp
  2 5.9003 4.9357 48.2282 0.7301 0.6583 -0.1834 0.3287 0.2733
  3 4.2900 6.6217 49.7022 0.5645 0.8084 -0.1667 0.3563 0.2851
  3 6.1200 5.0757 49.5518 0.7190 0.6755 -0.1635 0.3287 0.2891
charger_material_0.bmp
  3 6.1200 5.0757 49.5518 0.7190 0.6755 -0.1635 0.3287 0.2891
  3 4.2900 6.6217 49.7022 0.5645 0.8084 -0.1667 0.3563 0.2851
  3 6.3600 5.1770 51.1906 0.7421 0.6612 -0.1100 0.3307 0.3089
charger_material_0.bmp
  3 4.2900 6.6217 49.7022 0.5645 0.8084 -0.1667 0.3563 0.2851
  3 4.5800 6.7495 51.4890 0.5776 0.8110 -0.0931 0.3563 0.3069
  3 6.3600 5.1770 51.1906 0.7421 0.6612 -0.1100 0.3307 0.3089
charger_material_0.bmp
  3 6.3600 5.1770 51.1906 0.7421 0.6612 -0.1100 0.3307 0.3089
  3 4.5800 6.7495 51.4890 0.5776 0.8110 -0.0931 0.3563 0.3069
  3 6.6900 4.9503 52.9564 0.7822 0.6034 -0.1553 0.3287 0.3307
charger_material_0.bmp
  3 4.5800 6.7495 51.4890 0.5776 0.8110 -0.0931 0.3563 0.3069
  3 4.8900 6.6476 53.5629 0.5300 0.8412 -0.1068 0.3563 0.3307
  3 6.6900 4.9503 52.9564 0.7822 0.6034 -0.1553 0.3287 0.3307
charger_material_0.bmp
  3 6.6900 4.9503 52.9564 0.7822 0.6034 -0.1553 0.3287 0.3307
  3 4.8900 6.6476 53.5629 0.5300 0.8412 -0.1068 0.3563 0.3307
  3 6.0700 6.0235 54.0145 0.7055 0.7037 -0.0841 0.3445 0.3406
charger_material_0.bmp
  3 4.8900 6.6476 53.5629 0.5300 0.8412 -0.1068 0.3563 0.3307
  4 5.3400 6.5834 55.9118 0.5876 0.8032 0.0975 0.3583 0.3584
  3 6.0700 6.0235 54.0145 0.7055 0.7037 -0.0841 0.3445 0.3406
charger_material_0.bmp
  3 6.0700 6.0235 54.0145 0.7055 0.7037 -0.0841 0.3445 0.3406
  4 5.3400 6.5834 55.9118 0.5876 0.8032 0.0975 0.3583 0.3584
  3 6.3000 5.5584 55.2634 0.7363 0.6668 0.1147 0.3406 0.3564
charger_material_0.bmp
  4 5.3400 6.5834 55.9118 0.5876 0.8032 0.0975 0.3583 0.3584
  4 5.7200 6.0322 56.3837 0.7084 0.6755 0.2046 0.3524 0.3644
  3 6.3000 5.5584 55.2634 0.7363 0.6668 0.1147 0.3406 0.3564
charger_material_0.bmp
  3 6.3000 5.5584 55.2634 0.7363 0.6668 0.1147 0.3406 0.3564
  4 5.7200 6.0322 56.3837 0.7084 0.6755 0.2046 0.3524 0.3644
  4 5.6300 5.6151 57.9296 0.6194 0.7418 0.2571 0.3563 0.3842
charger_material_0.bmp
  4 5.7200 6.0322 56.3837 0.7084 0.6755 0.2046 0.3524 0.3644
  4 4.8600 6.0321 58.9392 0.5754 0.7218 0.3846 0.3681 0.3901
  4 5.6300 5.6151 57.9296 0.6194 0.7418 0.2571 0.3563 0.3842
charger_material_0.bmp
  4 5.6300 5.6151 57.9296 0.6194 0.7418 0.2571 0.3563 0.3842
  4 4.8600 6.0321 58.9392 0.5754 0.7218 0.3846 0.3681 0.3901
  4 4.7300 5.0821 60.4138 0.5450 0.6989 0.4632 0.3720 0.4139
charger_material_0.bmp
  4 4.8600 6.0321 58.9392 0.5754 0.7218 0.3846 0.3681 0.3901
  4 3.5400 5.1539 61.4284 0.9011 0.3856 0.1984 0.3858 0.4218
  4 4.7300 5.0821 60.4138 0.5450 0.6989 0.4632 0.3720 0.4139
charger_material_0.bmp
  4 4.7300 5.0821 60.4138 0.5450 0.6989 0.4632 0.3720 0.4139
  4 3.5400 5.1539 61.4284 0.9011 0.3856 0.1984 0.3858 0.4218
  4 4.9100 4.0126 61.6364 0.5253 0.5857 0.6173 0.3701 0.4376
charger_material_0.bmp
  4 3.5400 5.1539 61.4284 0.9011 0.3856 0.1984 0.3858 0.4218
  4 3.7700 3.7538 62.7855 0.8678 0.3985 0.2969 0.3858 0.4515
  4 4.9100 4.0126 61.6364 0.5253 0.5857 0.6173 0.3701 0.4376
charger_material_0.bmp
  4 4.9100 4.0126 61.6364 0.5253 0.5857 0.6173 0.3701 0.4376
  4 3.7700 3.7538 62.7855 0.8678 0.3985 0.2969 0.3858 0.4515
  4 4.8900 3.0158 62.3869 0.5961 0.4592 0.6586 0.3701 0.4574
charger_material_0.bmp
  4 3.7700 3.7538 62.7855 0.8678 0.3985 0.2969 0.3858 0.4515
  4 3.9700 2.9959 63.3478 0.9465 0.2755 0.1680 0.3858 0.4673
  4 4.8900 3.0158 62.3869 0.5961 0.4592 0.6586 0.3701 0.4574
charger_material_0.bmp
  4 4.8900 3.0158 62.3869 0.5961 0.4592 0.6586 0.3701 0.4574
  4 3.9700 2.9959 63.3478 0.9465 0.2755 0.1680 0.3858 0.4673
  4 5.0500 2.2068 62.7350 0.6410 0.3455 0.6854 0.3681 0.4713
charger_material_0.bmp
  4 3.9700 2.9959 63.3478 0.9465 0.2755 0.1680 0.3858 0.4673
  4 4.1400 2.1227 63.6267 0.9486 0.2168 0.2304 0.3819 0.4832
  4 5.0500 2.2068 62.7350 0.6410 0.3455 0.6854 0.3681 0.4713
charger_material_0.bmp
  1 -4.0900 7.5862 39.9113 -0.0032 0.9997 0.0244 0.4469 0.1782
  1 -0.8000 7.5962 40.3413 0.1672 0.9859 -0.0075 0.4114 0.1762
  1 -1.4800 7.6262 38.6113 0.0973 0.9919 0.0814 0.4193 0.1564
charger_material_0.bmp
  1 -1.4800 7.6262 38.6113 0.0973 0.9919 0.0814 0.4193 0.1564
  1 -0.8000 7.5962 40.3413 0.1672 0.9859 -0.0075 0.4114 0.1762
  1 0.1300 7.3862 38.7013 0.1897 0.9755 0.1114 0.3996 0.1545
charger_material_0.bmp
  1 -0.8000 7.5962 40.3413 0.1672 0.9859 -0.0075 0.4114 0.1762
  1 1.7500 6.7462 40.6313 0.3128 0.9456 0.0897 0.3799 0.1762
  1 0.1300 7.3862 38.7013 0.1897 0.9755 0.1114 0.3996 0.1545
charger_material_0.bmp
  1 0.1300 7.3862 38.7013 0.1897 0.9755 0.1114 0.3996 0.1545
  1 1.7500 6.7462 40.6313 0.3128 0.9456 0.0897 0.3799 0.1762
  1 2.0200 6.9962 38.8613 0.2102 0.9520 0.2227 0.3780 0.1525
charger_material_0.bmp
  1 1.7500 6.7462 40.6313 0.3128 0.9456 0.0897 0.3799 0.1762
  1 3.8200 6.0462 40.7513 0.4103 0.8904 0.1968 0.3543 0.1723
  1 2.0200 6.9962 38.8613 0.2102 0.9520 0.2227 0.3780 0.1525
charger_material_0.bmp
  1 2.0200 6.9962 38.8613 0.2102 0.9520 0.2227 0.3780 0.1525
  1 3.8200 6.0462 40.7513 0.4103 0.8904 0.1968 0.3543 0.1723
  1 4.1800 6.2962 39.1413 0.4084 0.8475 0.3390 0.3543 0.1505
charger_material_0.bmp
  1 3.8200 6.0462 40.7513 0.4103 0.8904 0.1968 0.3543 0.1723
  1 5.8700 4.4462 41.0913 0.7038 0.6708 0.2340 0.3248 0.1743
  1 4.1800 6.2962 39.1413 0.4084 0.8475 0.3390 0.3543 0.1505
charger_material_0.bmp
  1 4.1800 6.2962 39.1413 0.4084 0.8475 0.3390 0.3543 0.1505
  1 5.8700 4.4462 41.0913 0.7038 0.6708 0.2340 0.3248 0.1743
  1 6.3500 4.7562 39.2713 0.6971 0.6344 0.3341 0.3248 0.1465
charger_material_0.bmp
  1 5.8700 4.4462 41.0913 0.7038 0.6708 0.2340 0.3248 0.1743
  1 7.7400 2.5862 39.5113 0.8895 0.3312 0.3147 0.2972 0.1465
  1 6.3500 4.7562 39.2713 0.6971 0.6344 0.3341 0.3248 0.1465
charger_material_0.bmp
  1 6.3500 4.7562 39.2713 0.6971 0.6344 0.3341 0.3248 0.1465
  1 7.7400 2.5862 39.5113 0.8895 0.3312 0.3147 0.2972 0.1465
 10 8.2303 3.0020 37.5696 0.9132 0.3107 0.2638 0.2992 0.1168
charger_material_0.bmp
  1 7.7400 2.5862 39.5113 0.8895 0.3312 0.3147 0.2972 0.1465
 10 8.4928 0.2398 37.9107 0.9754 -0.0363 0.2175 0.2717 0.1228
 10 8.2303 3.0020 37.5696 0.9132 0.3107 0.2638 0.2992 0.1168
charger_material_0.bmp
 10 8.2303 3.0020 37.5696 0.9132 0.3107 0.2638 0.2992 0.1168
 10 8.4928 0.2398 37.9107 0.9754 -0.0363 0.2175 0.2717 0.1228
 10 8.6999 0.2923 36.1018 0.9884 -0.0654 0.1368 0.2717 0.1010
charger_material_0.bmp
 10 8.4928 0.2398 37.9107 0.9754 -0.0363 0.2175 0.2717 0.1228
 10 8.0412 -2.6600 37.4008 0.9031 -0.4118 0.1220 0.2480 0.1267
 10 8.6999 0.2923 36.1018 0.9884 -0.0654 0.1368 0.2717 0.1010
charger_material_0.bmp
 10 8.6999 0.2923 36.1018 0.9884 -0.0654 0.1368 0.2717 0.1010
 10 8.0412 -2.6600 37.4008 0.9031 -0.4118 0.1220 0.2480 0.1267
 10 8.2884 -2.1631 35.1360 0.8987 -0.4350 -0.0552 0.2480 0.0950
charger_material_0.bmp
 10 8.0412 -2.6600 37.4008 0.9031 -0.4118 0.1220 0.2480 0.1267
 10 6.4543 -4.5521 36.4107 0.6467 -0.7529 -0.1223 0.2224 0.1248
 10 8.2884 -2.1631 35.1360 0.8987 -0.4350 -0.0552 0.2480 0.0950
charger_material_0.bmp
 10 8.2884 -2.1631 35.1360 0.8987 -0.4350 -0.0552 0.2480 0.0950
 10 6.4543 -4.5521 36.4107 0.6467 -0.7529 -0.1223 0.2224 0.1248
 10 6.9834 -3.5094 34.3290 0.6532 -0.7223 -0.2272 0.2303 0.0950
charger_material_0.bmp
 10 6.4543 -4.5521 36.4107 0.6467 -0.7529 -0.1223 0.2224 0.1248
 10 4.4956 -5.2804 35.0391 0.4064 -0.8617 -0.3039 0.2028 0.1149
 10 6.9834 -3.5094 34.3290 0.6532 -0.7223 -0.2272 0.2303 0.0950
charger_material_0.bmp
 10 6.9834 -3.5094 34.3290 0.6532 -0.7223 -0.2272 0.2303 0.0950
 10 4.4956 -5.2804 35.0391 0.4064 -0.8617 -0.3039 0.2028 0.1149
 10 5.3909 -4.0830 32.8981 0.4064 -0.8617 -0.3039 0.2126 0.0832
charger_material_0.bmp
 10 4.4956 -5.2804 35.0391 0.4064 -0.8617 -0.3039 0.2028 0.1149
 10 2.4759 -5.2860 33.4212 0.1452 -0.8750 -0.4618 0.1772 0.1010
 10 5.3909 -4.0830 32.8981 0.4064 -0.8617 -0.3039 0.2126 0.0832
charger_material_0.bmp
 10 5.3909 -4.0830 32.8981 0.4064 -0.8617 -0.3039 0.2126 0.0832
 10 2.4759 -5.2860 33.4212 0.1452 -0.8750 -0.4618 0.1772 0.1010
 10 3.3643 -3.8980 30.9113 0.0517 -0.8956 -0.4418 0.1870 0.0693
charger_material_0.bmp
 10 2.4759 -5.2860 33.4212 0.1452 -0.8750 -0.4618 0.1772 0.1010
 10 1.0418 -3.2360 30.5811 -0.1903 -0.7415 -0.6434 0.1575 0.0673
 10 3.3643 -3.8980 30.9113 0.0517 -0.8956 -0.4418 0.1870 0.0693
charger_material_0.bmp
 10 3.3643 -3.8980 30.9113 0.0517 -0.8956 -0.4418 0.1870 0.0693
 10 1.0418 -3.2360 30.5811 -0.1903 -0.7415 -0.6434 0.1575 0.0673
 10 1.7155 -2.8884 29.5774 -0.3350 -0.6593 -0.6731 0.1654 0.0554
charger_material_0.bmp
 10 1.0418 -3.2360 30.5811 -0.1903 -0.7415 -0.6434 0.1575 0.0673
 10 0.4333 -1.5709 29.6931 -0.3366 -0.4664 -0.8181 0.1476 0.0495
 10 1.7155 -2.8884 29.5774 -0.3350 -0.6593 -0.6731 0.1654 0.0554
charger_material_0.bmp
 10 1.7155 -2.8884 29.5774 -0.3350 -0.6593 -0.6731 0.1654 0.0554
 10 0.4333 -1.5709 29.6931 -0.3366 -0.4664 -0.8181 0.1476 0.0495
 10 0.8996 -0.6609 29.0574 -0.5406 -0.2930 -0.7886 0.1516 0.0396
charger_material_0.bmp
 10 0.4333 -1.5709 29.6931 -0.3366 -0.4664 -0.8181 0.1476 0.0495
  9 -0.2441 -1.3634 29.7696 -0.2265 -0.3595 -0.9052 0.1417 0.0495
 10 0.8996 -0.6609 29.0574 -0.5406 -0.2930 -0.7886 0.1516 0.0396
charger_material_0.bmp
 10 0.8996 -0.6609 29.0574 -0.5406 -0.2930 -0.7886 0.1516 0.0396
  9 -0.2441 -1.3634 29.7696 -0.2265 -0.3595 -0.9052 0.1417 0.0495
  9 -0.0990 -0.0465 29.4267 -0.1467 -0.1426 -0.9789 0.1417 0.0356
charger_material_0.bmp
  9 -0.2441 -1.3634 29.7696 -0.2265 -0.3595 -0.9052 0.1417 0.0495
  9 -0.8446 -1.2634 29.7869 0.0516 -0.3842 -0.9218 0.1358 0.0495
  9 -0.0990 -0.0465 29.4267 -0.1467 -0.1426 -0.9789 0.1417 0.0356
charger_material_0.bmp
  9 -0.0990 -0.0465 29.4267 -0.1467 -0.1426 -0.9789 0.1417 0.0356
  9 -0.8446 -1.2634 29.7869 0.0516 -0.3842 -0.9218 0.1358 0.0495
  9 -1.3342 -0.0089 29.3166 0.2609 -0.2616 -0.9292 0.1299 0.0376
charger_material_0.bmp
  9 -0.8446 -1.2634 29.7869 0.0516 -0.3842 -0.9218 0.1358 0.0495
  9 -2.4460 -2.0016 29.7742 0.1978 -0.4139 -0.8886 0.1181 0.0594
  9 -1.3342 -0.0089 29.3166 0.2609 -0.2616 -0.9292 0.1299 0.0376
charger_material_0.bmp
 18 33.0846 -1.3938 51.7994 0.4864 0.8446 0.2238 0.5768 0.0356
 18 33.0506 -1.5181 51.8911 0.6043 0.0883 0.7919 0.5748 0.0356
 18 33.2136 -1.5636 51.7785 0.5711 0.1270 0.8110 0.5728 0.0337
charger_material_0.bmp
 18 33.2136 -1.5636 51.7785 0.5711 0.1270 0.8110 0.5728 0.0337
 18 33.0506 -1.5181 51.8911 0.6043 0.0883 0.7919 0.5748 0.0356
 18 32.9816 -1.7757 51.8402 0.2362 -0.8319 0.5022 0.5709 0.0376
charger_material_0.bmp
 18 33.0506 -1.5181 51.8911 0.6043 0.0883 0.7919 0.5748 0.0356
 18 32.2874 -1.6458 52.3363 0.3394 -0.7117 0.6151 0.5689 0.0475
 18 32.9816 -1.7757 51.8402 0.2362 -0.8319 0.5022 0.5709 0.0376
charger_material_0.bmp
 18 32.9816 -1.7757 51.8402 0.2362 -0.8319 0.5022 0.5709 0.0376
 18 32.2874 -1.6458 52.3363 0.3394 -0.7117 0.6151 0.5689 0.0475
 18 32.3159 -1.7194 51.9819 -0.0702 -0.9876 -0.1403 0.5669 0.0455
charger_material_0.bmp
 18 32.2874 -1.6458 52.3363 0.3394 -0.7117 0.6151 0.5689 0.0475
 18 32.1863 -1.6928 52.2809 0.4557 -0.7893 0.4115 0.5669 0.0495
 18 32.3159 -1.7194 51.9819 -0.0702 -0.9876 -0.1403 0.5669 0.0455
charger_material_0.bmp
 18 32.3159 -1.7194 51.9819 -0.0702 -0.9876 -0.1403 0.5669 0.0455
 18 32.1863 -1.6928 52.2809 0.4557 -0.7893 0.4115 0.5669 0.0495
 18 32.2731 -1.7086 51.9698 0.8445 -0.4279 -0.3221 0.5650 0.0455
charger_material_0.bmp
 18 32.1863 -1.6928 52.2809 0.4557 -0.7893 0.4115 0.5669 0.0495
 18 32.1705 -1.8313 52.2466 0.7017 -0.1436 0.6979 0.5650 0.0495
 18 32.2731 -1.7086 51.9698 0.8445 -0.4279 -0.3221 0.5650 0.0455
charger_material_0.bmp
 18 32.2731 -1.7086 51.9698 0.8445 -0.4279 -0.3221 0.5650 0.0455
 18 32.1705 -1.8313 52.2466 0.7017 -0.1436 0.6979 0.5650 0.0495
 18 32.2977 -1.7899 51.9920 0.7876 0.5816 0.2035 0.5650 0.0455
charger_material_0.bmp
 18 32.1705 -1.8313 52.2466 0.7017 -0.1436 0.6979 0.5650 0.0495
 18 32.6552 -2.1266 51.8817 0.6043 0.0883 0.7919 0.5591 0.0436
 18 32.2977 -1.7899 51.9920 0.7876 0.5816 0.2035 0.5650 0.0455
charger_material_0.bmp
 18 32.2977 -1.7899 51.9920 0.7876 0.5816 0.2035 0.5650 0.0455
 18 32.6552 -2.1266 51.8817 0.6043 0.0883 0.7919 0.5591 0.0436
 18 32.6983 -2.0194 51.7266 0.5626 0.8064 0.1824 0.5591 0.0416
charger_material_0.bmp
 18 32.6552 -2.1266 51.8817 0.6043 0.0883 0.7919 0.5591 0.0436
 18 32.8360 -2.2115 51.7539 0.5618 0.0042 0.8272 0.5571 0.0416
 18 32.6983 -2.0194 51.7266 0.5626 0.8064 0.1824 0.5591 0.0416
charger_material_0.bmp
 18 32.6983 -2.0194 51.7266 0.5626 0.8064 0.1824 0.5591 0.0416
 18 32.8360 -2.2115 51.7539 0.5618 0.0042 0.8272 0.5571 0.0416
 18 32.9190 -2.1170 51.6521 0.5626 0.8064 0.1824 0.5571 0.0396
charger_material_0.bmp
 18 32.8360 -2.2115 51.7539 0.5618 0.0042 0.8272 0.5571 0.0416
 18 33.2481 -2.4515 51.4961 0.5618 0.0042 0.8272 0.5512 0.0376
 18 32.9190 -2.1170 51.6521 0.5626 0.8064 0.1824 0.5571 0.0396
charger_material_0.bmp
 18 32.9190 -2.1170 51.6521 0.5626 0.8064 0.1824 0.5571 0.0396
 18 33.2481 -2.4515 51.4961 0.5618 0.0042 0.8272 0.5512 0.0376
 18 33.3097 -2.3565 51.3879 0.5250 0.8246 0.2106 0.5531 0.0356
charger_material_0.bmp
 18 33.2481 -2.4515 51.4961 0.5618 0.0042 0.8272 0.5512 0.0376
 18 33.4959 -2.5556 51.3452 0.5904 -0.0146 0.8070 0.5492 0.0356
 18 33.3097 -2.3565 51.3879 0.5250 0.8246 0.2106 0.5531 0.0356
charger_material_0.bmp
 18 33.3097 -2.3565 51.3879 0.5250 0.8246 0.2106 0.5531 0.0356
 18 33.4959 -2.5556 51.3452 0.5904 -0.0146 0.8070 0.5492 0.0356
 18 33.5414 -2.4517 51.2607 0.6914 0.6331 0.3480 0.5492 0.0337
charger_material_0.bmp
 18 33.4959 -2.5556 51.3452 0.5904 -0.0146 0.8070 0.5492 0.0356
 18 33.6858 -2.6276 51.1554 0.8190 -0.1215 0.5607 0.5472 0.0337
 18 33.5414 -2.4517 51.2607 0.6914 0.6331 0.3480 0.5492 0.0337
charger_material_0.bmp
 18 33.5414 -2.4517 51.2607 0.6914 0.6331 0.3480 0.5492 0.0337
 18 33.6858 -2.6276 51.1554 0.8190 -0.1215 0.5607 0.5472 0.0337
 18 33.6807 -2.5962 51.1273 0.9427 0.2446 -0.2271 0.5472 0.0337
charger_material_0.bmp
 18 33.6858 -2.6276 51.1554 0.8190 -0.1215 0.5607 0.5472 0.0337
 18 33.6488 -2.7457 51.1157 0.6287 -0.7672 0.1266 0.5453 0.0356
 18 33.6807 -2.5962 51.1273 0.9427 0.2446 -0.2271 0.5472 0.0337
charger_material_0.bmp
 18 33.6807 -2.5962 51.1273 0.9427 0.2446 -0.2271 0.5472 0.0337
 18 33.6488 -2.7457 51.1157 0.6287 -0.7672 0.1266 0.5453 0.0356
 18 33.5907 -2.7535 51.0748 0.4454 -0.7848 -0.4309 0.5453 0.0356
charger_material_0.bmp
 18 33.6488 -2.7457 51.1157 0.6287 -0.7672 0.1266 0.5453 0.0356
 18 33.3570 -2.7278 51.1889 -0.2520 -0.9623 -0.1019 0.5472 0.0376
 18 33.5907 -2.7535 51.0748 0.4454 -0.7848 -0.4309 0.5453 0.0356
charger_material_0.bmp
 18 33.5907 -2.7535 51.0748 0.4454 -0.7848 -0.4309 0.5453 0.0356
 18 33.3570 -2.7278 51.1889 -0.2520 -0.9623 -0.1019 0.5472 0.0376
 18 33.3758 -2.6122 51.0690 -0.3627 -0.1382 -0.9216 0.5453 0.0376
charger_material_0.bmp
 18 33.3570 -2.7278 51.1889 -0.2520 -0.9623 -0.1019 0.5472 0.0376
 18 33.1271 -2.6431 51.3255 -0.4991 -0.8363 -0.2269 0.5472 0.0376
 18 33.3758 -2.6122 51.0690 -0.3627 -0.1382 -0.9216 0.5453 0.0376
charger_material_0.bmp
 18 33.3758 -2.6122 51.0690 -0.3627 -0.1382 -0.9216 0.5453 0.0376
 18 33.1271 -2.6431 51.3255 -0.4991 -0.8363 -0.2269 0.5472 0.0376
 18 33.0887 -2.4882 51.2278 -0.5544 0.0014 -0.8322 0.5453 0.0396
charger_material_0.bmp
 18 33.1271 -2.6431 51.3255 -0.4991 -0.8363 -0.2269 0.5472 0.0376
 18 32.7567 -2.3383 51.4772 -0.5652 -0.0823 -0.8209 0.5492 0.0436
 18 33.0887 -2.4882 51.2278 -0.5544 0.0014 -0.8322 0.5453 0.0396
charger_material_0.bmp
 18 33.0887 -2.4882 51.2278 -0.5544 0.0014 -0.8322 0.5453 0.0396
 18 32.7567 -2.3383 51.4772 -0.5652 -0.0823 -0.8209 0.5492 0.0436
 18 32.8513 -2.1696 51.4989 -0.0866 0.7332 -0.6744 0.5453 0.0436
charger_material_0.bmp
 18 32.7567 -2.3383 51.4772 -0.5652 -0.0823 -0.8209 0.5492 0.0436
 18 32.7163 -2.0835 51.5983 -0.0160 0.6900 -0.7236 0.5453 0.0455
 18 32.8513 -2.1696 51.4989 -0.0866 0.7332 -0.6744 0.5453 0.0436
charger_material_0.bmp
 18 32.8513 -2.1696 51.4989 -0.0866 0.7332 -0.6744 0.5453 0.0436
 18 32.7163 -2.0835 51.5983 -0.0160 0.6900 -0.7236 0.5453 0.0455
 18 32.9190 -2.1170 51.6521 0.5626 0.8064 0.1824 0.5433 0.0455
charger_material_0.bmp
 18 32.7163 -2.0835 51.5983 -0.0160 0.6900 -0.7236 0.5453 0.0455
 18 32.6983 -2.0194 51.7266 0.5626 0.8064 0.1824 0.5433 0.0475
 18 32.9190 -2.1170 51.6521 0.5626 0.8064 0.1824 0.5433 0.0455
charger_material_0.bmp
  4 1.6000 -4.2073 62.8414 0.8587 -0.0611 -0.5087 0.9252 0.5723
  4 1.3700 -4.1917 62.3904 0.8588 -0.2274 -0.4590 0.9232 0.5644
  4 1.5700 -3.7729 62.7176 0.8838 -0.1119 -0.4542 0.9311 0.5683
charger_material_0.bmp
  4 1.5700 -3.7729 62.7176 0.8838 -0.1119 -0.4542 0.9311 0.5683
  4 1.3700 -4.1917 62.3904 0.8588 -0.2274 -0.4590 0.9232 0.5644
  4 1.3400 -3.8314 61.9855 0.9177 -0.2563 -0.3036 0.9291 0.5564
charger_material_0.bmp
  4 1.3700 -4.1917 62.3904 0.8588 -0.2274 -0.4590 0.9232 0.5644
  4 1.1100 -4.3917 62.1436 0.7898 -0.3425 -0.5088 0.9193 0.5604
  4 1.3400 -3.8314 61.9855 0.9177 -0.2563 -0.3036 0.9291 0.5564
charger_material_0.bmp
  4 1.3400 -3.8314 61.9855 0.9177 -0.2563 -0.3036 0.9291 0.5564
  4 1.1100 -4.3917 62.1436 0.7898 -0.3425 -0.5088 0.9193 0.5604
  4 1.0500 -4.0707 61.5324 0.8444 -0.4517 -0.2880 0.9213 0.5485
charger_material_0.bmp
  4 1.1100 -4.3917 62.1436 0.7898 -0.3425 -0.5088 0.9193 0.5604
  4 0.8600 -4.5995 61.9084 0.8246 -0.3713 -0.4268 0.9134 0.5545
  4 1.0500 -4.0707 61.5324 0.8444 -0.4517 -0.2880 0.9213 0.5485
charger_material_0.bmp
  4 1.0500 -4.0707 61.5324 0.8444 -0.4517 -0.2880 0.9213 0.5485
  4 0.8600 -4.5995 61.9084 0.8246 -0.3713 -0.4268 0.9134 0.5545
  4 0.8500 -4.3323 61.3890 0.8650 -0.4528 -0.2163 0.9154 0.5446
charger_material_0.bmp
  4 0.8600 -4.5995 61.9084 0.8246 -0.3713 -0.4268 0.9134 0.5545
  4 0.6700 -4.8027 61.5909 0.8191 -0.4261 -0.3841 0.9094 0.5505
  4 0.8500 -4.3323 61.3890 0.8650 -0.4528 -0.2163 0.9154 0.5446
charger_material_0.bmp
  4 0.8500 -4.3323 61.3890 0.8650 -0.4528 -0.2163 0.9154 0.5446
  4 0.6700 -4.8027 61.5909 0.8191 -0.4261 -0.3841 0.9094 0.5505
  4 0.6700 -4.6014 61.2063 0.7684 -0.6101 -0.1934 0.9094 0.5426
charger_material_0.bmp
  4 0.6700 -4.8027 61.5909 0.8191 -0.4261 -0.3841 0.9094 0.5505
  4 0.3800 -4.9320 61.3407 0.7726 -0.5453 -0.3252 0.9035 0.5446
  4 0.6700 -4.6014 61.2063 0.7684 -0.6101 -0.1934 0.9094 0.5426
charger_material_0.bmp
  4 0.6700 -4.6014 61.2063 0.7684 -0.6101 -0.1934 0.9094 0.5426
  4 0.3800 -4.9320 61.3407 0.7726 -0.5453 -0.3252 0.9035 0.5446
  4 0.4600 -4.7633 61.1049 0.8009 -0.5944 -0.0721 0.9055 0.5426
charger_material_0.bmp
  4 0.3800 -4.9320 61.3407 0.7726 -0.5453 -0.3252 0.9035 0.5446
  4 0.3800 -4.9079 61.0409 0.8567 -0.5157 0.0100 0.9035 0.5406
  4 0.4600 -4.7633 61.1049 0.8009 -0.5944 -0.0721 0.9055 0.5426
charger_material_0.bmp
  4 0.4600 -4.7633 61.1049 0.8009 -0.5944 -0.0721 0.9055 0.5426
  4 0.3800 -4.9079 61.0409 0.8567 -0.5157 0.0100 0.9035 0.5406
  4 0.3900 -4.9070 60.9389 0.8298 -0.5419 -0.1333 0.9035 0.5386
charger_material_0.bmp
  4 0.3800 -4.9079 61.0409 0.8567 -0.5157 0.0100 0.9035 0.5406
  4 0.3100 -5.0408 60.9848 0.7148 -0.6308 -0.3018 0.9016 0.5406
  4 0.3900 -4.9070 60.9389 0.8298 -0.5419 -0.1333 0.9035 0.5386
charger_material_0.bmp
  4 0.3900 -4.9070 60.9389 0.8298 -0.5419 -0.1333 0.9035 0.5386
  4 0.3100 -5.0408 60.9848 0.7148 -0.6308 -0.3018 0.9016 0.5406
  4 0.3200 -5.0029 60.9165 0.4876 -0.7558 -0.4371 0.9016 0.5386
charger_material_0.bmp
  4 0.3100 -5.0408 60.9848 0.7148 -0.6308 -0.3018 0.9016 0.5406
  4 0.2200 -5.0165 60.8987 0.1145 -0.9345 -0.3369 0.8996 0.5386
  4 0.3200 -5.0029 60.9165 0.4876 -0.7558 -0.4371 0.9016 0.5386
charger_material_0.bmp
  4 0.3200 -5.0029 60.9165 0.4876 -0.7558 -0.4371 0.9016 0.5386
  4 0.2200 -5.0165 60.8987 0.1145 -0.9345 -0.3369 0.8996 0.5386
  4 0.2900 -4.9651 60.8482 0.5801 -0.7960 -0.1727 0.9016 0.5366
charger_material_0.bmp
  4 0.2200 -5.0165 60.8987 0.1145 -0.9345 -0.3369 0.8996 0.5386
  4 0.2000 -5.0297 60.8300 0.4868 -0.8549 0.1794 0.8996 0.5366
  4 0.2900 -4.9651 60.8482 0.5801 -0.7960 -0.1727 0.9016 0.5366
charger_material_0.bmp
  4 0.2900 -4.9651 60.8482 0.5801 -0.7960 -0.1727 0.9016 0.5366
  4 0.2000 -5.0297 60.8300 0.4868 -0.8549 0.1794 0.8996 0.5366
  4 0.2300 -5.0091 60.7243 0.7082 -0.6923 0.1386 0.8996 0.5347
charger_material_0.bmp
  4 0.2000 -5.0297 60.8300 0.4868 -0.8549 0.1794 0.8996 0.5366
  4 0.1600 -5.0783 60.7884 0.4809 -0.6834 0.5493 0.8976 0.5366
  4 0.2300 -5.0091 60.7243 0.7082 -0.6923 0.1386 0.8996 0.5347
charger_material_0.bmp
  4 0.2300 -5.0091 60.7243 0.7082 -0.6923 0.1386 0.8996 0.5347
  4 0.1600 -5.0783 60.7884 0.4809 -0.6834 0.5493 0.8976 0.5366
  4 0.1300 -5.1870 60.6463 0.8128 -0.5599 0.1608 0.8957 0.5327
charger_material_0.bmp
  4 0.1600 -5.0783 60.7884 0.4809 -0.6834 0.5493 0.8976 0.5366
  4 0.0500 -5.2641 60.7221 0.6287 -0.4102 0.6607 0.8937 0.5347
  4 0.1300 -5.1870 60.6463 0.8128 -0.5599 0.1608 0.8957 0.5327
charger_material_0.bmp
  4 0.1300 -5.1870 60.6463 0.8128 -0.5599 0.1608 0.8957 0.5327
  4 0.0500 -5.2641 60.7221 0.6287 -0.4102 0.6607 0.8937 0.5347
  4 0.0200 -5.4139 60.5776 0.8298 -0.5419 -0.1333 0.8917 0.5327
charger_material_0.bmp
  4 0.0500 -5.2641 60.7221 0.6287 -0.4102 0.6607 0.8937 0.5347
  4 -0.0200 -5.5130 60.6984 0.6795 -0.5501 0.4856 0.8898 0.5347
  4 0.0200 -5.4139 60.5776 0.8298 -0.5419 -0.1333 0.8917 0.5327
charger_material_0.bmp
  4 0.0200 -5.4139 60.5776 0.8298 -0.5419 -0.1333 0.8917 0.5327
  4 -0.0200 -5.5130 60.6984 0.6795 -0.5501 0.4856 0.8898 0.5347
  4 -0.2100 -5.6623 60.5030 0.4767 -0.8094 -0.3429 0.8858 0.5307
charger_material_0.bmp
  4 -0.0200 -5.5130 60.6984 0.6795 -0.5501 0.4856 0.8898 0.5347
  4 -0.2400 -5.7286 60.6887 0.3715 -0.8727 0.3169 0.8858 0.5327
  4 -0.2100 -5.6623 60.5030 0.4767 -0.8094 -0.3429 0.8858 0.5307
charger_material_0.bmp
  4 -0.2100 -5.6623 60.5030 0.4767 -0.8094 -0.3429 0.8858 0.5307
  4 -0.2400 -5.7286 60.6887 0.3715 -0.8727 0.3169 0.8858 0.5327
  4 -0.6500 -5.7507 60.5199 0.1068 -0.9160 -0.3867 0.8799 0.5307
charger_material_0.bmp
  4 -0.2400 -5.7286 60.6887 0.3715 -0.8727 0.3169 0.8858 0.5327
  4 -0.6600 -5.8381 60.6486 0.2667 -0.8944 -0.3589 0.8799 0.5327
  4 -0.6500 -5.7507 60.5199 0.1068 -0.9160 -0.3867 0.8799 0.5307
charger_material_0.bmp
  4 -0.6500 -5.7507 60.5199 0.1068 -0.9160 -0.3867 0.8799 0.5307
  4 -0.6600 -5.8381 60.6486 0.2667 -0.8944 -0.3589 0.8799 0.5327
  4 -0.9600 -5.7927 60.6195 0.0603 -0.9467 -0.3163 0.8760 0.5327
charger_material_0.bmp
 18 22.4893 0.8842 52.8720 -0.3887 -0.2465 -0.8878 0.6240 0.1802
 18 22.0944 1.2703 53.0016 -0.3227 0.1773 -0.9297 0.6181 0.1881
 18 22.5279 1.2573 52.8118 -0.3797 0.1882 -0.9058 0.6181 0.1802
charger_material_0.bmp
 18 22.5279 1.2573 52.8118 -0.3797 0.1882 -0.9058 0.6181 0.1802
 18 22.0944 1.2703 53.0016 -0.3227 0.1773 -0.9297 0.6181 0.1881
 18 22.2506 1.7133 53.1474 -0.3011 0.6489 -0.6988 0.6102 0.1881
charger_material_0.bmp
 18 22.0944 1.2703 53.0016 -0.3227 0.1773 -0.9297 0.6181 0.1881
 18 21.6758 1.7167 53.3416 -0.1761 0.6293 -0.7569 0.6102 0.1980
 18 22.2506 1.7133 53.1474 -0.3011 0.6489 -0.6988 0.6102 0.1881
charger_material_0.bmp
 18 22.2506 1.7133 53.1474 -0.3011 0.6489 -0.6988 0.6102 0.1881
 18 21.6758 1.7167 53.3416 -0.1761 0.6293 -0.7569 0.6102 0.1980
 18 22.4034 2.0211 53.6128 -0.1520 0.8808 -0.4484 0.6024 0.1901
charger_material_0.bmp
 18 21.6758 1.7167 53.3416 -0.1761 0.6293 -0.7569 0.6102 0.1980
 18 21.7510 2.0665 53.7719 -0.0333 0.8719 -0.4885 0.6024 0.2000
 18 22.4034 2.0211 53.6128 -0.1520 0.8808 -0.4484 0.6024 0.1901
charger_material_0.bmp
 18 22.4034 2.0211 53.6128 -0.1520 0.8808 -0.4484 0.6024 0.1901
 18 21.7510 2.0665 53.7719 -0.0333 0.8719 -0.4885 0.6024 0.2000
 18 22.3625 2.1827 54.0142 -0.0071 0.9990 -0.0445 0.5965 0.1901
charger_material_0.bmp
 18 21.7510 2.0665 53.7719 -0.0333 0.8719 -0.4885 0.6024 0.2000
 18 21.6689 2.2084 54.1696 0.0930 0.9888 -0.1167 0.5965 0.2020
 18 22.3625 2.1827 54.0142 -0.0071 0.9990 -0.0445 0.5965 0.1901
charger_material_0.bmp
 18 22.3625 2.1827 54.0142 -0.0071 0.9990 -0.0445 0.5965 0.1901
 18 21.6689 2.2084 54.1696 0.0930 0.9888 -0.1167 0.5965 0.2020
 18 22.2772 2.0800 54.5024 0.2370 0.8269 0.5099 0.5886 0.1921
charger_material_0.bmp
 18 21.6689 2.2084 54.1696 0.0930 0.9888 -0.1167 0.5965 0.2020
 18 21.6715 2.1936 54.6972 0.2669 0.8903 0.3691 0.5886 0.2040
 18 22.2772 2.0800 54.5024 0.2370 0.8269 0.5099 0.5886 0.1921
charger_material_0.bmp
 18 22.2772 2.0800 54.5024 0.2370 0.8269 0.5099 0.5886 0.1921
 18 21.6715 2.1936 54.6972 0.2669 0.8903 0.3691 0.5886 0.2040
 18 21.7270 1.7814 54.9422 0.3495 0.3372 0.8742 0.5807 0.2040
charger_material_0.bmp
 18 21.6715 2.1936 54.6972 0.2669 0.8903 0.3691 0.5886 0.2040
 18 19.4652 2.5143 55.3195 0.2757 0.8704 0.4080 0.5886 0.2238
 18 21.7270 1.7814 54.9422 0.3495 0.3372 0.8742 0.5807 0.2040
charger_material_0.bmp
 18 21.7270 1.7814 54.9422 0.3495 0.3372 0.8742 0.5807 0.2040
 18 19.4652 2.5143 55.3195 0.2757 0.8704 0.4080 0.5886 0.2238
 18 19.4451 2.1356 55.7117 0.3423 0.2447 0.9072 0.5807 0.2238
charger_material_0.bmp
 18 19.4652 2.5143 55.3195 0.2757 0.8704 0.4080 0.5886 0.2238
 18 17.6053 2.8759 55.8921 0.3169 0.8502 0.4204 0.5906 0.2436
 18 19.4451 2.1356 55.7117 0.3423 0.2447 0.9072 0.5807 0.2238
charger_material_0.bmp
 18 19.4451 2.1356 55.7117 0.3423 0.2447 0.9072 0.5807 0.2238
 18 17.6053 2.8759 55.8921 0.3169 0.8502 0.4204 0.5906 0.2436
 18 17.5640 2.3649 56.3327 0.3243 0.1548 0.9332 0.5807 0.2436
charger_material_0.bmp
 18 17.6053 2.8759 55.8921 0.3169 0.8502 0.4204 0.5906 0.2436
 18 15.7375 3.2670 56.4777 0.0998 0.8347 0.5416 0.5906 0.2673
 18 17.5640 2.3649 56.3327 0.3243 0.1548 0.9332 0.5807 0.2436
charger_material_0.bmp
 18 17.5640 2.3649 56.3327 0.3243 0.1548 0.9332 0.5807 0.2436
 18 15.7375 3.2670 56.4777 0.0998 0.8347 0.5416 0.5906 0.2673
 18 15.6284 2.6153 56.9338 0.1755 0.2028 0.9634 0.5807 0.2693
charger_material_0.bmp
 18 15.7375 3.2670 56.4777 0.0998 0.8347 0.5416 0.5906 0.2673
 18 13.0551 2.6073 56.9144 0.0261 0.7335 0.6792 0.5925 0.2911
 18 15.6284 2.6153 56.9338 0.1755 0.2028 0.9634 0.5807 0.2693
charger_material_0.bmp
 18 15.6284 2.6153 56.9338 0.1755 0.2028 0.9634 0.5807 0.2693
 18 13.0551 2.6073 56.9144 0.0261 0.7335 0.6792 0.5925 0.2911
 18 13.0064 2.0183 57.3119 0.1891 0.2457 0.9507 0.5827 0.2950
charger_material_0.bmp
 18 13.0551 2.6073 56.9144 0.0261 0.7335 0.6792 0.5925 0.2911
 18 12.3158 2.0859 57.4281 0.2391 0.4205 0.8752 0.5846 0.3030
 18 13.0064 2.0183 57.3119 0.1891 0.2457 0.9507 0.5827 0.2950
charger_material_0.bmp
 18 13.0064 2.0183 57.3119 0.1891 0.2457 0.9507 0.5827 0.2950
 18 12.3158 2.0859 57.4281 0.2391 0.4205 0.8752 0.5846 0.3030
 18 12.9549 1.0206 57.4565 0.3739 0.0243 0.9272 0.5689 0.2970
charger_material_0.bmp
 18 12.3158 2.0859 57.4281 0.2391 0.4205 0.8752 0.5846 0.3030
 18 12.1801 0.9133 57.8946 0.3424 0.0509 0.9382 0.5689 0.3089
 18 12.9549 1.0206 57.4565 0.3739 0.0243 0.9272 0.5689 0.2970
charger_material_0.bmp
 18 12.9549 1.0206 57.4565 0.3739 0.0243 0.9272 0.5689 0.2970
 18 12.1801 0.9133 57.8946 0.3424 0.0509 0.9382 0.5689 0.3089
 18 12.1740 -0.1218 57.5513 0.2884 -0.4268 0.8571 0.5551 0.3069
charger_material_0.bmp
 18 12.1801 0.9133 57.8946 0.3424 0.0509 0.9382 0.5689 0.3089
 18 11.3467 0.8690 58.0614 0.4522 -0.0072 0.8919 0.5689 0.3168
 18 12.1740 -0.1218 57.5513 0.2884 -0.4268 0.8571 0.5551 0.3069
charger_material_0.bmp
 18 12.1740 -0.1218 57.5513 0.2884 -0.4268 0.8571 0.5551 0.3069
 18 11.3467 0.8690 58.0614 0.4522 -0.0072 0.8919 0.5689 0.3168
 18 11.2688 -0.2429 57.6561 0.4858 -0.4681 0.7382 0.5551 0.3168
charger_material_0.bmp
 18 11.3467 0.8690 58.0614 0.4522 -0.0072 0.8919 0.5689 0.3168
 18 10.2987 0.2958 59.0649 0.6020 -0.3251 0.7293 0.5630 0.3307
 18 11.2688 -0.2429 57.6561 0.4858 -0.4681 0.7382 0.5551 0.3168
charger_material_0.bmp
 18 11.2688 -0.2429 57.6561 0.4858 -0.4681 0.7382 0.5551 0.3168
 18 10.2987 0.2958 59.0649 0.6020 -0.3251 0.7293 0.5630 0.3307
 18 10.0963 -0.4175 58.7111 0.5247 -0.5884 0.6152 0.5531 0.3287
charger_material_0.bmp
 18 10.2987 0.2958 59.0649 0.6020 -0.3251 0.7293 0.5630 0.3307
 18 9.2864 -0.5188 59.2371 0.4833 -0.5656 0.6682 0.5531 0.3386
 18 10.0963 -0.4175 58.7111 0.5247 -0.5884 0.6152 0.5531 0.3287
charger_material_0.bmp
 18 10.0963 -0.4175 58.7111 0.5247 -0.5884 0.6152 0.5531 0.3287
 18 9.2864 -0.5188 59.2371 0.4833 -0.5656 0.6682 0.5531 0.3386
 18 9.0700 -1.2450 58.5190 0.4040 -0.7165 0.5687 0.5413 0.3327
charger_material_0.bmp
 18 23.2141 0.7335 52.6034 -0.2605 -0.2051 -0.9434 0.6240 0.1683
 18 23.2694 1.0948 52.5803 -0.1905 0.1155 -0.9749 0.6181 0.1683
 18 25.9992 0.7624 52.1590 0.0083 0.4720 -0.8815 0.6102 0.1485
charger_material_0.bmp
 18 25.9992 0.7624 52.1590 0.0083 0.4720 -0.8815 0.6102 0.1485
 18 23.2694 1.0948 52.5803 -0.1905 0.1155 -0.9749 0.6181 0.1683
 18 23.3704 1.6065 52.7596 0.0213 0.6092 -0.7927 0.6102 0.1703
charger_material_0.bmp
 18 23.2694 1.0948 52.5803 -0.1905 0.1155 -0.9749 0.6181 0.1683
 18 22.8599 1.2021 52.6788 -0.2796 0.1562 -0.9473 0.6181 0.1743
 18 23.3704 1.6065 52.7596 0.0213 0.6092 -0.7927 0.6102 0.1703
charger_material_0.bmp
 18 23.3704 1.6065 52.7596 0.0213 0.6092 -0.7927 0.6102 0.1703
 18 22.8599 1.2021 52.6788 -0.2796 0.1562 -0.9473 0.6181 0.1743
 18 22.9951 1.7253 52.8220 -0.0418 0.6718 -0.7396 0.6102 0.1762
charger_material_0.bmp
 18 22.8599 1.2021 52.6788 -0.2796 0.1562 -0.9473 0.6181 0.1743
 18 22.6924 1.7408 52.9479 -0.2521 0.6581 -0.7094 0.6102 0.1802
 18 22.9951 1.7253 52.8220 -0.0418 0.6718 -0.7396 0.6102 0.1762
charger_material_0.bmp
 18 22.9951 1.7253 52.8220 -0.0418 0.6718 -0.7396 0.6102 0.1762
 18 22.6924 1.7408 52.9479 -0.2521 0.6581 -0.7094 0.6102 0.1802
 18 23.1817 2.0595 53.3640 0.0950 0.8930 -0.4399 0.6024 0.1782
charger_material_0.bmp
 18 22.6924 1.7408 52.9479 -0.2521 0.6581 -0.7094 0.6102 0.1802
 18 22.8818 2.0668 53.4483 -0.1485 0.9003 -0.4092 0.6024 0.1822
 18 23.1817 2.0595 53.3640 0.0950 0.8930 -0.4399 0.6024 0.1782
charger_material_0.bmp
 18 23.1817 2.0595 53.3640 0.0950 0.8930 -0.4399 0.6024 0.1782
 18 22.8818 2.0668 53.4483 -0.1485 0.9003 -0.4092 0.6024 0.1822
 18 23.2919 2.2007 53.7578 0.2126 0.9737 -0.0817 0.5945 0.1782
charger_material_0.bmp
 18 22.8818 2.0668 53.4483 -0.1485 0.9003 -0.4092 0.6024 0.1822
 18 22.9626 2.2379 53.8488 0.0178 0.9997 0.0182 0.5945 0.1822
 18 23.2919 2.2007 53.7578 0.2126 0.9737 -0.0817 0.5945 0.1782
charger_material_0.bmp
 18 23.2919 2.2007 53.7578 0.2126 0.9737 -0.0817 0.5945 0.1782
 18 22.9626 2.2379 53.8488 0.0178 0.9997 0.0182 0.5945 0.1822
 18 23.3144 1.9786 54.2211 0.3830 0.7264 0.5706 0.5886 0.1782
charger_material_0.bmp
 18 22.9626 2.2379 53.8488 0.0178 0.9997 0.0182 0.5945 0.1822
 18 22.8885 2.0449 54.3409 0.1987 0.7755 0.5992 0.5886 0.1822
 18 23.3144 1.9786 54.2211 0.3830 0.7264 0.5706 0.5886 0.1782
charger_material_0.bmp
 18 23.3144 1.9786 54.2211 0.3830 0.7264 0.5706 0.5886 0.1782
 18 22.8885 2.0449 54.3409 0.1987 0.7755 0.5992 0.5886 0.1822
 18 22.9770 1.6319 54.6003 0.2589 0.3004 0.9180 0.5827 0.1822
charger_material_0.bmp
 18 22.8885 2.0449 54.3409 0.1987 0.7755 0.5992 0.5886 0.1822
 18 22.3554 1.7198 54.7052 0.2649 0.2587 0.9289 0.5827 0.1921
 18 22.9770 1.6319 54.6003 0.2589 0.3004 0.9180 0.5827 0.1822
charger_material_0.bmp
 18 22.9770 1.6319 54.6003 0.2589 0.3004 0.9180 0.5827 0.1822
 18 22.3554 1.7198 54.7052 0.2649 0.2587 0.9289 0.5827 0.1921
 18 22.4285 1.0689 54.7018 0.1130 -0.2613 0.9586 0.5728 0.1921
charger_material_0.bmp
 18 22.3554 1.7198 54.7052 0.2649 0.2587 0.9289 0.5827 0.1921
 18 21.6217 1.1655 54.8503 0.2246 -0.3249 0.9187 0.5728 0.2040
 18 22.4285 1.0689 54.7018 0.1130 -0.2613 0.9586 0.5728 0.1921
charger_material_0.bmp
 18 22.4285 1.0689 54.7018 0.1130 -0.2613 0.9586 0.5728 0.1921
 18 21.6217 1.1655 54.8503 0.2246 -0.3249 0.9187 0.5728 0.2040
 18 22.2746 0.6606 54.4555 0.0700 -0.6638 0.7447 0.5650 0.1921
charger_material_0.bmp
 18 21.6217 1.1655 54.8503 0.2246 -0.3249 0.9187 0.5728 0.2040
 18 21.5418 0.7262 54.6198 0.1593 -0.6288 0.7610 0.5650 0.2040
 18 22.2746 0.6606 54.4555 0.0700 -0.6638 0.7447 0.5650 0.1921
charger_material_0.bmp
 18 22.2746 0.6606 54.4555 0.0700 -0.6638 0.7447 0.5650 0.1921
 18 21.5418 0.7262 54.6198 0.1593 -0.6288 0.7610 0.5650 0.2040
 18 21.4663 0.4210 54.3035 0.1077 -0.8337 0.5416 0.5571 0.2040
charger_material_0.bmp
 18 21.5418 0.7262 54.6198 0.1593 -0.6288 0.7610 0.5650 0.2040
 18 19.0744 0.5279 55.0198 0.1121 -0.8101 0.5755 0.5551 0.2238
 18 21.4663 0.4210 54.3035 0.1077 -0.8337 0.5416 0.5571 0.2040
charger_material_0.bmp
 18 21.4663 0.4210 54.3035 0.1077 -0.8337 0.5416 0.5571 0.2040
 18 19.0744 0.5279 55.0198 0.1121 -0.8101 0.5755 0.5551 0.2238
 18 19.0501 0.3104 54.5358 0.0122 -0.9795 0.2011 0.5472 0.2218
charger_material_0.bmp
 18 19.0744 0.5279 55.0198 0.1121 -0.8101 0.5755 0.5551 0.2238
 18 17.1331 0.3793 54.9521 0.0122 -0.9795 0.2011 0.5453 0.2396
 18 19.0501 0.3104 54.5358 0.0122 -0.9795 0.2011 0.5472 0.2218
charger_material_0.bmp
 18 19.0501 0.3104 54.5358 0.0122 -0.9795 0.2011 0.5472 0.2218
 18 17.1331 0.3793 54.9521 0.0122 -0.9795 0.2011 0.5453 0.2396
 18 17.2188 0.4191 54.5218 -0.1236 -0.9469 -0.2968 0.5394 0.2356
charger_material_0.bmp
 18 17.1331 0.3793 54.9521 0.0122 -0.9795 0.2011 0.5453 0.2396
 18 15.3767 0.5040 55.0170 0.1658 -0.9732 -0.1594 0.5374 0.2614
 18 17.2188 0.4191 54.5218 -0.1236 -0.9469 -0.2968 0.5394 0.2356
charger_material_0.bmp
 18 17.2188 0.4191 54.5218 -0.1236 -0.9469 -0.2968 0.5394 0.2356
 18 15.3767 0.5040 55.0170 0.1658 -0.9732 -0.1594 0.5374 0.2614
 18 15.4946 0.7433 54.6007 0.0199 -0.7255 -0.6880 0.5315 0.2554
charger_material_0.bmp
 18 15.3767 0.5040 55.0170 0.1658 -0.9732 -0.1594 0.5374 0.2614
 18 13.2514 -0.3255 54.7564 0.3964 -0.7130 -0.5784 0.5236 0.2792
 18 15.4946 0.7433 54.6007 0.0199 -0.7255 -0.6880 0.5315 0.2554
charger_material_0.bmp
 18 15.4946 0.7433 54.6007 0.0199 -0.7255 -0.6880 0.5315 0.2554
 18 13.2514 -0.3255 54.7564 0.3964 -0.7130 -0.5784 0.5236 0.2792
 18 13.2895 0.1784 54.4686 0.1589 -0.2046 -0.9659 0.5177 0.2733
charger_material_0.bmp
 18 13.2514 -0.3255 54.7564 0.3964 -0.7130 -0.5784 0.5236 0.2792
 18 12.7425 0.1110 54.2477 0.1953 -0.0870 -0.9769 0.5138 0.2772
 18 13.2895 0.1784 54.4686 0.1589 -0.2046 -0.9659 0.5177 0.2733
charger_material_0.bmp
  4 -0.1600 -6.3243 62.4723 -0.1883 -0.9290 -0.3187 0.8839 0.5663
  4 -0.2400 -6.3555 62.6819 -0.2787 -0.8849 -0.3732 0.8819 0.5703
  4 -0.6700 -5.9794 62.7322 -0.2641 -0.8540 -0.4482 0.8760 0.5663
charger_material_0.bmp
  4 -0.6700 -5.9794 62.7322 -0.2641 -0.8540 -0.4482 0.8760 0.5663
  4 -0.2400 -6.3555 62.6819 -0.2787 -0.8849 -0.3732 0.8819 0.5703
  4 -0.6600 -6.1635 62.9404 -0.5096 -0.4864 -0.7097 0.8760 0.5703
charger_material_0.bmp
  4 -0.2400 -6.3555 62.6819 -0.2787 -0.8849 -0.3732 0.8819 0.5703
  4 -0.3100 -6.3980 62.8325 -0.2708 -0.7013 -0.6595 0.8819 0.5723
  4 -0.6600 -6.1635 62.9404 -0.5096 -0.4864 -0.7097 0.8760 0.5703
charger_material_0.bmp
  4 -0.6600 -6.1635 62.9404 -0.5096 -0.4864 -0.7097 0.8760 0.5703
  4 -0.3100 -6.3980 62.8325 -0.2708 -0.7013 -0.6595 0.8819 0.5723
  4 -0.6600 -6.3801 63.0327 -0.3812 -0.2621 -0.8865 0.8760 0.5723
charger_material_0.bmp
  4 -0.3100 -6.3980 62.8325 -0.2708 -0.7013 -0.6595 0.8819 0.5723
  4 -0.4000 -6.5148 62.9669 0.0822 -0.6760 -0.7323 0.8799 0.5743
  4 -0.6600 -6.3801 63.0327 -0.3812 -0.2621 -0.8865 0.8760 0.5723
charger_material_0.bmp
  4 -0.6600 -6.3801 63.0327 -0.3812 -0.2621 -0.8865 0.8760 0.5723
  4 -0.4000 -6.5148 62.9669 0.0822 -0.6760 -0.7323 0.8799 0.5743
  4 -0.5100 -6.6406 63.0011 0.3494 -0.4938 -0.7963 0.8780 0.5762
charger_material_0.bmp
  4 -0.4000 -6.5148 62.9669 0.0822 -0.6760 -0.7323 0.8799 0.5743
  4 -0.3300 -6.5115 63.0375 0.5844 -0.7228 -0.3688 0.8799 0.5762
  4 -0.5100 -6.6406 63.0011 0.3494 -0.4938 -0.7963 0.8780 0.5762
charger_material_0.bmp
  4 -0.5100 -6.6406 63.0011 0.3494 -0.4938 -0.7963 0.8780 0.5762
  4 -0.3300 -6.5115 63.0375 0.5844 -0.7228 -0.3688 0.8799 0.5762
  4 -0.4700 -6.6672 63.1284 0.3672 -0.7101 -0.6007 0.8780 0.5782
charger_material_0.bmp
  4 -0.3300 -6.5115 63.0375 0.5844 -0.7228 -0.3688 0.8799 0.5762
  4 -0.2300 -6.5680 63.2214 0.3997 -0.3065 -0.8639 0.8819 0.5782
  4 -0.4700 -6.6672 63.1284 0.3672 -0.7101 -0.6007 0.8780 0.5782
charger_material_0.bmp
  4 -0.4700 -6.6672 63.1284 0.3672 -0.7101 -0.6007 0.8780 0.5782
  4 -0.2300 -6.5680 63.2214 0.3997 -0.3065 -0.8639 0.8819 0.5782
  4 -0.4000 -6.7364 63.1925 0.0938 -0.4734 -0.8758 0.8780 0.5802
charger_material_0.bmp
  4 -0.2300 -6.5680 63.2214 0.3997 -0.3065 -0.8639 0.8819 0.5782
  4 -0.2600 -6.8168 63.1977 0.0938 -0.4734 -0.8758 0.8799 0.5822
  4 -0.4000 -6.7364 63.1925 0.0938 -0.4734 -0.8758 0.8780 0.5802
charger_material_0.bmp
  4 -0.4000 -6.7364 63.1925 0.0938 -0.4734 -0.8758 0.8780 0.5802
  4 -0.2600 -6.8168 63.1977 0.0938 -0.4734 -0.8758 0.8799 0.5822
  4 -0.4800 -6.9005 63.3460 -0.1223 -0.8308 -0.5429 0.8760 0.5822
charger_material_0.bmp
  4 -0.2600 -6.8168 63.1977 0.0938 -0.4734 -0.8758 0.8799 0.5822
  4 -0.3600 -6.9538 63.3868 -0.0148 -0.9269 -0.3751 0.8780 0.5842
  4 -0.4800 -6.9005 63.3460 -0.1223 -0.8308 -0.5429 0.8760 0.5822
charger_material_0.bmp
  4 -0.4800 -6.9005 63.3460 -0.1223 -0.8308 -0.5429 0.8760 0.5822
  4 -0.3600 -6.9538 63.3868 -0.0148 -0.9269 -0.3751 0.8780 0.5842
  4 -0.5100 -7.0260 63.8078 -0.0232 -0.9701 -0.2417 0.8760 0.5901
charger_material_0.bmp
  4 -0.3600 -6.9538 63.3868 -0.0148 -0.9269 -0.3751 0.8780 0.5842
  4 -0.3600 -7.0400 63.8410 0.0495 -0.9781 -0.2022 0.8780 0.5901
  4 -0.5100 -7.0260 63.8078 -0.0232 -0.9701 -0.2417 0.8760 0.5901
charger_material_0.bmp
  4 -0.5100 -7.0260 63.8078 -0.0232 -0.9701 -0.2417 0.8760 0.5901
  4 -0.3600 -7.0400 63.8410 0.0495 -0.9781 -0.2022 0.8780 0.5901
  4 -0.6100 -7.1999 64.6556 0.0247 -0.9972 -0.0705 0.8740 0.6000
charger_material_0.bmp
  4 -0.3600 -7.0400 63.8410 0.0495 -0.9781 -0.2022 0.8780 0.5901
  4 -0.3200 -7.2120 64.6986 0.0944 -0.9947 -0.0410 0.8760 0.6000
  4 -0.6100 -7.1999 64.6556 0.0247 -0.9972 -0.0705 0.8740 0.6000
charger_material_0.bmp
  4 -0.6100 -7.1999 64.6556 0.0247 -0.9972 -0.0705 0.8740 0.6000
  4 -0.3200 -7.2120 64.6986 0.0944 -0.9947 -0.0410 0.8760 0.6000
  4 -0.6300 -7.1898 65.0812 0.0474 -0.9849 0.1665 0.8720 0.6040
charger_material_0.bmp
  4 -0.3200 -7.2120 64.6986 0.0944 -0.9947 -0.0410 0.8760 0.6000
  4 -0.3300 -7.1265 65.2524 0.1660 -0.9688 0.1842 0.8760 0.6079
  4 -0.6300 -7.1898 65.0812 0.0474 -0.9849 0.1665 0.8720 0.6040
charger_material_0.bmp
  4 -0.6300 -7.1898 65.0812 0.0474 -0.9849 0.1665 0.8720 0.6040
  4 -0.3300 -7.1265 65.2524 0.1660 -0.9688 0.1842 0.8760 0.6079
  4 -0.5100 -7.0387 65.7650 0.0460 -0.9436 0.3279 0.8740 0.6139
charger_material_0.bmp
  4 -0.3300 -7.1265 65.2524 0.1660 -0.9688 0.1842 0.8760 0.6079
  4 0.0000 -7.0104 65.4338 0.2532 -0.9291 0.2695 0.8799 0.6099
  4 -0.5100 -7.0387 65.7650 0.0460 -0.9436 0.3279 0.8740 0.6139
charger_material_0.bmp
  4 -0.5100 -7.0387 65.7650 0.0460 -0.9436 0.3279 0.8740 0.6139
  4 0.0000 -7.0104 65.4338 0.2532 -0.9291 0.2695 0.8799 0.6099
  4 -0.1000 -6.7962 66.0750 0.2892 -0.8478 0.4446 0.8780 0.6178
charger_material_0.bmp
  4 0.0000 -7.0104 65.4338 0.2532 -0.9291 0.2695 0.8799 0.6099
  4 0.2100 -6.8086 65.6905 0.3528 -0.8280 0.4359 0.8819 0.6139
  4 -0.1000 -6.7962 66.0750 0.2892 -0.8478 0.4446 0.8780 0.6178
charger_material_0.bmp
  4 -0.1000 -6.7962 66.0750 0.2892 -0.8478 0.4446 0.8780 0.6178
  4 0.2100 -6.8086 65.6905 0.3528 -0.8280 0.4359 0.8819 0.6139
  4 0.0600 -6.5317 66.3400 0.3911 -0.7513 0.5316 0.8799 0.6238
charger_material_0.bmp
  4 0.2100 -6.8086 65.6905 0.3528 -0.8280 0.4359 0.8819 0.6139
  4 0.5000 -6.6388 65.7802 0.4026 -0.8040 0.4376 0.8858 0.6158
  4 0.0600 -6.5317 66.3400 0.3911 -0.7513 0.5316 0.8799 0.6238
charger_material_0.bmp
  4 0.0600 -6.5317 66.3400 0.3911 -0.7513 0.5316 0.8799 0.6238
  4 0.5000 -6.6388 65.7802 0.4026 -0.8040 0.4376 0.8858 0.6158
  4 0.7800 -6.4375 65.8741 0.5559 -0.6707 0.4911 0.8898 0.6158
charger_material_0.bmp
 18 32.4329 -1.0773 52.3680 0.7017 -0.1436 0.6979 0.5807 0.0475
 18 32.3561 -1.1908 52.4475 0.7553 0.0098 0.6553 0.5787 0.0475
 18 32.4907 -1.1360 52.1210 0.9946 0.0541 -0.0888 0.5787 0.0436
charger_material_0.bmp
 18 32.4907 -1.1360 52.1210 0.9946 0.0541 -0.0888 0.5787 0.0436
 18 32.3561 -1.1908 52.4475 0.7553 0.0098 0.6553 0.5787 0.0475
 18 32.3735 -1.3201 52.4280 0.6141 0.0325 0.7885 0.5748 0.0475
charger_material_0.bmp
 18 32.3561 -1.1908 52.4475 0.7553 0.0098 0.6553 0.5787 0.0475
 18 32.1520 -1.1550 52.5567 0.4356 -0.1020 0.8944 0.5768 0.0515
 18 32.3735 -1.3201 52.4280 0.6141 0.0325 0.7885 0.5748 0.0475
charger_material_0.bmp
 18 32.3735 -1.3201 52.4280 0.6141 0.0325 0.7885 0.5748 0.0475
 18 32.1520 -1.1550 52.5567 0.4356 -0.1020 0.8944 0.5768 0.0515
 18 31.9747 -1.6504 52.4630 0.3260 -0.4346 0.8395 0.5689 0.0535
charger_material_0.bmp
 18 32.1520 -1.1550 52.5567 0.4356 -0.1020 0.8944 0.5768 0.0515
 18 31.4928 -1.4678 52.6695 0.1576 -0.3639 0.9180 0.5689 0.0594
 18 31.9747 -1.6504 52.4630 0.3260 -0.4346 0.8395 0.5689 0.0535
charger_material_0.bmp
 18 31.9747 -1.6504 52.4630 0.3260 -0.4346 0.8395 0.5689 0.0535
 18 31.4928 -1.4678 52.6695 0.1576 -0.3639 0.9180 0.5689 0.0594
 18 31.3041 -1.7601 52.5163 0.0489 -0.5540 0.8311 0.5630 0.0614
charger_material_0.bmp
 18 31.4928 -1.4678 52.6695 0.1576 -0.3639 0.9180 0.5689 0.0594
 18 30.4896 -1.5641 52.6811 -0.0710 -0.6206 0.7809 0.5630 0.0713
 18 31.3041 -1.7601 52.5163 0.0489 -0.5540 0.8311 0.5630 0.0614
charger_material_0.bmp
 18 31.3041 -1.7601 52.5163 0.0489 -0.5540 0.8311 0.5630 0.0614
 18 30.4896 -1.5641 52.6811 -0.0710 -0.6206 0.7809 0.5630 0.0713
 18 30.7120 -1.7768 52.4991 -0.0432 -0.8138 0.5795 0.5591 0.0693
charger_material_0.bmp
 18 30.4896 -1.5641 52.6811 -0.0710 -0.6206 0.7809 0.5630 0.0713
 18 30.2633 -1.7990 52.3747 -0.3706 -0.7973 0.4765 0.5551 0.0733
 18 30.7120 -1.7768 52.4991 -0.0432 -0.8138 0.5795 0.5591 0.0693
charger_material_0.bmp
 18 30.7120 -1.7768 52.4991 -0.0432 -0.8138 0.5795 0.5591 0.0693
 18 30.2633 -1.7990 52.3747 -0.3706 -0.7973 0.4765 0.5551 0.0733
 18 30.4982 -1.9650 52.2638 -0.1144 -0.8256 0.5525 0.5531 0.0693
charger_material_0.bmp
 18 30.2633 -1.7990 52.3747 -0.3706 -0.7973 0.4765 0.5551 0.0733
 18 30.1460 -1.7890 52.1723 -0.6786 -0.7296 -0.0851 0.5512 0.0752
 18 30.4982 -1.9650 52.2638 -0.1144 -0.8256 0.5525 0.5531 0.0693
charger_material_0.bmp
 18 30.4982 -1.9650 52.2638 -0.1144 -0.8256 0.5525 0.5531 0.0693
 18 30.1460 -1.7890 52.1723 -0.6786 -0.7296 -0.0851 0.5512 0.0752
 18 30.3674 -1.9841 52.0422 -0.6570 -0.7406 -0.1409 0.5472 0.0713
charger_material_0.bmp
 18 30.1460 -1.7890 52.1723 -0.6786 -0.7296 -0.0851 0.5512 0.0752
 18 30.1602 -1.6068 51.9141 -0.6588 -0.2336 -0.7151 0.5453 0.0772
 18 30.3674 -1.9841 52.0422 -0.6570 -0.7406 -0.1409 0.5472 0.0713
charger_material_0.bmp
 18 30.3674 -1.9841 52.0422 -0.6570 -0.7406 -0.1409 0.5472 0.0713
 18 30.1602 -1.6068 51.9141 -0.6588 -0.2336 -0.7151 0.5453 0.0772
 18 30.3977 -1.8208 51.7599 -0.6379 -0.3334 -0.6942 0.5433 0.0733
charger_material_0.bmp
 18 30.1602 -1.6068 51.9141 -0.6588 -0.2336 -0.7151 0.5453 0.0772
 18 30.6090 -1.6558 51.6385 -0.1905 0.1155 -0.9749 0.5374 0.0752
 18 30.3977 -1.8208 51.7599 -0.6379 -0.3334 -0.6942 0.5433 0.0733
charger_material_0.bmp
 18 30.3977 -1.8208 51.7599 -0.6379 -0.3334 -0.6942 0.5433 0.0733
 18 30.6090 -1.6558 51.6385 -0.1905 0.1155 -0.9749 0.5374 0.0752
 18 30.8400 -2.2162 51.6113 -0.6688 -0.4447 -0.5957 0.5394 0.0673
charger_material_0.bmp
 18 30.6090 -1.6558 51.6385 -0.1905 0.1155 -0.9749 0.5374 0.0752
 18 30.9969 -2.0600 51.4687 -0.2377 0.2304 -0.9436 0.5354 0.0693
 18 30.8400 -2.2162 51.6113 -0.6688 -0.4447 -0.5957 0.5394 0.0673
charger_material_0.bmp
 18 30.8400 -2.2162 51.6113 -0.6688 -0.4447 -0.5957 0.5394 0.0673
 18 30.9969 -2.0600 51.4687 -0.2377 0.2304 -0.9436 0.5354 0.0693
 18 31.1180 -2.5704 51.4533 -0.7908 -0.4996 -0.3537 0.5374 0.0614
charger_material_0.bmp
 18 30.9969 -2.0600 51.4687 -0.2377 0.2304 -0.9436 0.5354 0.0693
 18 31.2666 -2.4646 51.3200 -0.2265 0.1624 -0.9604 0.5335 0.0614
 18 31.1180 -2.5704 51.4533 -0.7908 -0.4996 -0.3537 0.5374 0.0614
charger_material_0.bmp
 18 31.1180 -2.5704 51.4533 -0.7908 -0.4996 -0.3537 0.5374 0.0614
 18 31.2666 -2.4646 51.3200 -0.2265 0.1624 -0.9604 0.5335 0.0614
 18 31.3311 -2.8259 51.3319 -0.6785 -0.5180 -0.5209 0.5354 0.0574
charger_material_0.bmp
 18 31.2666 -2.4646 51.3200 -0.2265 0.1624 -0.9604 0.5335 0.0614
 18 31.4273 -2.7722 51.2461 -0.0428 -0.0869 -0.9953 0.5335 0.0574
 18 31.3311 -2.8259 51.3319 -0.6785 -0.5180 -0.5209 0.5354 0.0574
charger_material_0.bmp
 18 31.3311 -2.8259 51.3319 -0.6785 -0.5180 -0.5209 0.5354 0.0574
 18 31.4273 -2.7722 51.2461 -0.0428 -0.0869 -0.9953 0.5335 0.0574
 18 31.4425 -2.9063 51.3285 -0.0349 -0.9074 -0.4189 0.5354 0.0554
charger_material_0.bmp
 18 31.4273 -2.7722 51.2461 -0.0428 -0.0869 -0.9953 0.5335 0.0574
 18 31.5992 -2.6954 51.3005 0.6822 0.0314 -0.7305 0.5295 0.0574
 18 31.4425 -2.9063 51.3285 -0.0349 -0.9074 -0.4189 0.5354 0.0554
charger_material_0.bmp
 18 31.4425 -2.9063 51.3285 -0.0349 -0.9074 -0.4189 0.5354 0.0554
 18 31.5992 -2.6954 51.3005 0.6822 0.0314 -0.7305 0.5295 0.0574
 18 31.6124 -2.8890 51.3703 0.7825 -0.6174 -0.0804 0.5315 0.0554
charger_material_0.bmp
 18 31.5992 -2.6954 51.3005 0.6822 0.0314 -0.7305 0.5295 0.0574
 18 31.6272 -2.7229 51.4569 0.9566 0.1421 0.2543 0.5276 0.0574
 18 31.6124 -2.8890 51.3703 0.7825 -0.6174 -0.0804 0.5315 0.0554
charger_material_0.bmp
  2 -0.9097 9.1161 47.8119 0.1081 0.9240 0.3669 0.5472 0.9525
  3 -1.0200 9.5393 49.7005 0.5275 0.8289 -0.1862 0.5551 0.9327
  2 -0.4497 8.9256 48.4417 -0.0892 0.9574 0.2746 0.5551 0.9485
charger_material_0.bmp
  2 -0.4497 8.9256 48.4417 -0.0892 0.9574 0.2746 0.5551 0.9485
  3 -1.0200 9.5393 49.7005 0.5275 0.8289 -0.1862 0.5551 0.9327
  3 -0.0600 8.7961 49.8031 -0.0232 0.9993 0.0289 0.5669 0.9386
charger_material_0.bmp
  3 -1.0200 9.5393 49.7005 0.5275 0.8289 -0.1862 0.5551 0.9327
  3 -0.9600 9.9167 51.1980 0.5846 0.7994 -0.1389 0.5630 0.9188
  3 -0.0600 8.7961 49.8031 -0.0232 0.9993 0.0289 0.5669 0.9386
charger_material_0.bmp
  3 -0.0600 8.7961 49.8031 -0.0232 0.9993 0.0289 0.5669 0.9386
  3 -0.9600 9.9167 51.1980 0.5846 0.7994 -0.1389 0.5630 0.9188
  3 0.1900 8.7914 51.4839 -0.0232 0.9993 0.0289 0.5768 0.9267
charger_material_0.bmp
  3 -0.9600 9.9167 51.1980 0.5846 0.7994 -0.1389 0.5630 0.9188
  3 -0.8200 9.9848 53.7159 0.5471 0.8364 -0.0329 0.5768 0.9010
  3 0.1900 8.7914 51.4839 -0.0232 0.9993 0.0289 0.5768 0.9267
charger_material_0.bmp
  3 0.1900 8.7914 51.4839 -0.0232 0.9993 0.0289 0.5768 0.9267
  3 -0.8200 9.9848 53.7159 0.5471 0.8364 -0.0329 0.5768 0.9010
  3 0.8200 8.5546 54.2468 -0.0968 0.9888 0.1134 0.5984 0.9089
charger_material_0.bmp
  3 -0.8200 9.9848 53.7159 0.5471 0.8364 -0.0329 0.5768 0.9010
  4 -0.5600 9.7947 56.5197 0.4735 0.8803 0.0288 0.5945 0.8812
  3 0.8200 8.5546 54.2468 -0.0968 0.9888 0.1134 0.5984 0.9089
charger_material_0.bmp
  3 0.8200 8.5546 54.2468 -0.0968 0.9888 0.1134 0.5984 0.9089
  4 -0.5600 9.7947 56.5197 0.4735 0.8803 0.0288 0.5945 0.8812
  4 1.5200 8.3957 56.8177 -0.0931 0.9534 0.2869 0.6181 0.8931
charger_material_0.bmp
  4 -0.5600 9.7947 56.5197 0.4735 0.8803 0.0288 0.5945 0.8812
  4 0.3300 8.9074 60.0796 0.5478 0.7933 0.2658 0.6240 0.8574
  4 1.5200 8.3957 56.8177 -0.0931 0.9534 0.2869 0.6181 0.8931
charger_material_0.bmp
  4 1.5200 8.3957 56.8177 -0.0931 0.9534 0.2869 0.6181 0.8931
  4 0.3300 8.9074 60.0796 0.5478 0.7933 0.2658 0.6240 0.8574
  4 1.5000 7.5013 60.2873 0.6856 0.6637 0.2991 0.6398 0.8634
charger_material_0.bmp
  4 0.3300 8.9074 60.0796 0.5478 0.7933 0.2658 0.6240 0.8574
  4 0.1600 7.7340 62.6761 0.5390 0.6691 0.5117 0.6378 0.8337
  4 1.5000 7.5013 60.2873 0.6856 0.6637 0.2991 0.6398 0.8634
charger_material_0.bmp
  4 1.5000 7.5013 60.2873 0.6856 0.6637 0.2991 0.6398 0.8634
  4 0.1600 7.7340 62.6761 0.5390 0.6691 0.5117 0.6378 0.8337
  4 1.0800 6.5168 62.5932 0.6277 0.5820 0.5169 0.6535 0.8376
charger_material_0.bmp
  4 0.1600 7.7340 62.6761 0.5390 0.6691 0.5117 0.6378 0.8337
  4 -0.3200 6.3088 64.2212 0.4076 0.5204 0.7504 0.6476 0.8139
  4 1.0800 6.5168 62.5932 0.6277 0.5820 0.5169 0.6535 0.8376
charger_material_0.bmp
  4 1.0800 6.5168 62.5932 0.6277 0.5820 0.5169 0.6535 0.8376
  4 -0.3200 6.3088 64.2212 0.4076 0.5204 0.7504 0.6476 0.8139
  4 0.7100 5.5297 63.8204 0.5101 0.4430 0.7373 0.6614 0.8198
charger_material_0.bmp
  4 -0.3200 6.3088 64.2212 0.4076 0.5204 0.7504 0.6476 0.8139
  4 -0.2200 4.1506 65.0207 0.4061 0.2383 0.8822 0.6654 0.7941
  4 0.7100 5.5297 63.8204 0.5101 0.4430 0.7373 0.6614 0.8198
charger_material_0.bmp
  4 0.7100 5.5297 63.8204 0.5101 0.4430 0.7373 0.6614 0.8198
  4 -0.2200 4.1506 65.0207 0.4061 0.2383 0.8822 0.6654 0.7941
  4 0.8200 3.9271 64.5442 0.3915 0.3211 0.8623 0.6772 0.8020
charger_material_0.bmp
  4 -0.2200 4.1506 65.0207 0.4061 0.2383 0.8822 0.6654 0.7941
  4 0.2400 2.9034 64.9944 0.2922 0.1103 0.9500 0.6811 0.7861
  4 0.8200 3.9271 64.5442 0.3915 0.3211 0.8623 0.6772 0.8020
charger_material_0.bmp
  4 0.8200 3.9271 64.5442 0.3915 0.3211 0.8623 0.6772 0.8020
  4 0.2400 2.9034 64.9944 0.2922 0.1103 0.9500 0.6811 0.7861
  4 1.1900 2.8055 64.7484 0.2320 0.2279 0.9456 0.6909 0.7941
charger_material_0.bmp
  4 0.2400 2.9034 64.9944 0.2922 0.1103 0.9500 0.6811 0.7861
  4 0.9300 1.9683 64.9492 0.1646 0.0023 0.9864 0.6949 0.7822
  4 1.1900 2.8055 64.7484 0.2320 0.2279 0.9456 0.6909 0.7941
charger_material_0.bmp
  4 1.1900 2.8055 64.7484 0.2320 0.2279 0.9456 0.6909 0.7941
  4 0.9300 1.9683 64.9492 0.1646 0.0023 0.9864 0.6949 0.7822
  4 2.0600 2.0248 64.7653 0.2573 0.0758 0.9634 0.7087 0.7921
charger_material_0.bmp
  4 0.9300 1.9683 64.9492 0.1646 0.0023 0.9864 0.6949 0.7822
  4 0.9100 0.9208 64.7422 0.0920 -0.2719 0.9579 0.7047 0.7683
  4 2.0600 2.0248 64.7653 0.2573 0.0758 0.9634 0.7087 0.7921
charger_material_0.bmp
  4 2.0600 2.0248 64.7653 0.2573 0.0758 0.9634 0.7087 0.7921
  4 0.9100 0.9208 64.7422 0.0920 -0.2719 0.9579 0.7047 0.7683
  4 2.0000 0.7345 64.5131 0.2633 -0.3285 0.9071 0.7205 0.7762
charger_material_0.bmp
  4 0.9100 0.9208 64.7422 0.0920 -0.2719 0.9579 0.7047 0.7683
  4 0.8200 -0.3930 64.2604 0.4189 0.0006 0.9080 0.7165 0.7525
  4 2.0000 0.7345 64.5131 0.2633 -0.3285 0.9071 0.7205 0.7762
charger_material_0.bmp
  4 2.0000 0.7345 64.5131 0.2633 -0.3285 0.9071 0.7205 0.7762
  4 0.8200 -0.3930 64.2604 0.4189 0.0006 0.9080 0.7165 0.7525
  4 2.2200 -0.2713 63.7789 0.3573 -0.6205 0.6981 0.7343 0.7663
charger_material_0.bmp
  4 0.8200 -0.3930 64.2604 0.4189 0.0006 0.9080 0.7165 0.7525
  4 1.2000 -0.6454 63.9523 0.8021 0.0379 0.5960 0.7244 0.7525
  4 2.2200 -0.2713 63.7789 0.3573 -0.6205 0.6981 0.7343 0.7663
charger_material_0.bmp
  4 1.9100 -1.7320 63.9666 0.8957 0.3095 -0.3193 0.9646 0.5980
  4 2.0900 -2.3989 64.2060 0.9657 0.0275 -0.2583 0.9528 0.5980
  4 1.9100 -2.2327 63.7976 0.9228 0.1208 -0.3659 0.9587 0.5921
charger_material_0.bmp
  4 1.9100 -2.2327 63.7976 0.9228 0.1208 -0.3659 0.9587 0.5921
  4 2.0900 -2.3989 64.2060 0.9657 0.0275 -0.2583 0.9528 0.5980
  4 2.0000 -2.7485 64.0285 0.8717 0.4552 0.1813 0.9488 0.5941
charger_material_0.bmp
  4 2.0900 -2.3989 64.2060 0.9657 0.0275 -0.2583 0.9528 0.5980
  4 2.1000 -2.6130 64.4710 0.9937 -0.0657 -0.0907 0.9488 0.6020
  4 2.0000 -2.7485 64.0285 0.8717 0.4552 0.1813 0.9488 0.5941
charger_material_0.bmp
  4 2.0000 -2.7485 64.0285 0.8717 0.4552 0.1813 0.9488 0.5941
  4 2.1000 -2.6130 64.4710 0.9937 -0.0657 -0.0907 0.9488 0.6020
  4 2.0600 -3.1291 64.2744 0.8717 0.1447 0.4681 0.9429 0.5980
charger_material_0.bmp
  4 2.1000 -2.6130 64.4710 0.9937 -0.0657 -0.0907 0.9488 0.6020
  4 2.0700 -3.0478 64.8595 0.9954 -0.0955 0.0047 0.9409 0.6059
  4 2.0600 -3.1291 64.2744 0.8717 0.1447 0.4681 0.9429 0.5980
charger_material_0.bmp
  4 2.0600 -3.1291 64.2744 0.8717 0.1447 0.4681 0.9429 0.5980
  4 2.0700 -3.0478 64.8595 0.9954 -0.0955 0.0047 0.9409 0.6059
  4 2.0200 -3.5290 64.2592 0.8504 -0.2459 0.4651 0.9350 0.5980
charger_material_0.bmp
  4 2.0700 -3.0478 64.8595 0.9954 -0.0955 0.0047 0.9409 0.6059
  4 2.0100 -3.6329 64.9408 0.9881 -0.1507 0.0304 0.9331 0.6079
  4 2.0200 -3.5290 64.2592 0.8504 -0.2459 0.4651 0.9350 0.5980
charger_material_0.bmp
  4 2.0200 -3.5290 64.2592 0.8504 -0.2459 0.4651 0.9350 0.5980
  4 2.0100 -3.6329 64.9408 0.9881 -0.1507 0.0304 0.9331 0.6079
  4 1.8700 -4.2851 64.1390 0.9754 -0.2204 0.0068 0.9252 0.5941
charger_material_0.bmp
  4 2.0100 -3.6329 64.9408 0.9881 -0.1507 0.0304 0.9331 0.6079
  4 1.8700 -4.3856 64.8913 0.9743 -0.2199 0.0489 0.9232 0.6059
  4 1.8700 -4.2851 64.1390 0.9754 -0.2204 0.0068 0.9252 0.5941
charger_material_0.bmp
  4 1.8700 -4.2851 64.1390 0.9754 -0.2204 0.0068 0.9252 0.5941
  4 1.8700 -4.3856 64.8913 0.9743 -0.2199 0.0489 0.9232 0.6059
  4 1.6800 -5.0223 64.1171 0.9662 -0.2578 -0.0036 0.9154 0.5941
charger_material_0.bmp
  4 1.8700 -4.3856 64.8913 0.9743 -0.2199 0.0489 0.9232 0.6059
  4 1.6700 -5.2267 64.8586 0.9575 -0.2882 0.0129 0.9114 0.6040
  4 1.6800 -5.0223 64.1171 0.9662 -0.2578 -0.0036 0.9154 0.5941
charger_material_0.bmp
  4 1.6800 -5.0223 64.1171 0.9662 -0.2578 -0.0036 0.9154 0.5941
  4 1.6700 -5.2267 64.8586 0.9575 -0.2882 0.0129 0.9114 0.6040
  4 1.4900 -5.5622 63.9556 0.9535 -0.2928 0.0708 0.9094 0.5921
charger_material_0.bmp
  4 1.6700 -5.2267 64.8586 0.9575 -0.2882 0.0129 0.9114 0.6040
  4 1.3800 -5.9698 64.3797 0.8675 -0.4962 -0.0352 0.9035 0.5980
  4 1.4900 -5.5622 63.9556 0.9535 -0.2928 0.0708 0.9094 0.5921
charger_material_0.bmp
  4 1.4900 -5.5622 63.9556 0.9535 -0.2928 0.0708 0.9094 0.5921
  4 1.3800 -5.9698 64.3797 0.8675 -0.4962 -0.0352 0.9035 0.5980
  4 1.4200 -5.8823 63.7724 0.8177 -0.5754 -0.0131 0.9055 0.5881
charger_material_0.bmp
  4 1.3800 -5.9698 64.3797 0.8675 -0.4962 -0.0352 0.9035 0.5980
  4 1.1700 -6.1858 63.9424 0.6910 -0.6891 -0.2185 0.8996 0.5921
  4 1.4200 -5.8823 63.7724 0.8177 -0.5754 -0.0131 0.9055 0.5881
charger_material_0.bmp
  4 1.4200 -5.8823 63.7724 0.8177 -0.5754 -0.0131 0.9055 0.5881
  4 1.1700 -6.1858 63.9424 0.6910 -0.6891 -0.2185 0.8996 0.5921
  4 1.3000 -5.9573 63.5933 0.3917 -0.8481 -0.3568 0.9035 0.5881
charger_material_0.bmp
  4 1.1700 -6.1858 63.9424 0.6910 -0.6891 -0.2185 0.8996 0.5921
  4 1.0600 -6.1606 63.7544 0.4717 -0.6567 -0.5884 0.8996 0.5881
  4 1.3000 -5.9573 63.5933 0.3917 -0.8481 -0.3568 0.9035 0.5881
charger_material_0.bmp
  4 1.3000 -5.9573 63.5933 0.3917 -0.8481 -0.3568 0.9035 0.5881
  4 1.0600 -6.1606 63.7544 0.4717 -0.6567 -0.5884 0.8996 0.5881
  4 1.0900 -5.9545 63.5012 0.0676 -0.7953 -0.6025 0.9016 0.5842
charger_material_0.bmp
  4 1.0600 -6.1606 63.7544 0.4717 -0.6567 -0.5884 0.8996 0.5881
  4 0.9000 -6.1008 63.6411 0.3494 -0.4938 -0.7963 0.8976 0.5861
  4 1.0900 -5.9545 63.5012 0.0676 -0.7953 -0.6025 0.9016 0.5842
charger_material_0.bmp
  4 1.0900 -5.9545 63.5012 0.0676 -0.7953 -0.6025 0.9016 0.5842
  4 0.9000 -6.1008 63.6411 0.3494 -0.4938 -0.7963 0.8976 0.5861
  4 0.9200 -5.9213 63.5152 0.1337 -0.7966 -0.5896 0.8996 0.5842
charger_material_0.bmp
  4 0.9000 -6.1008 63.6411 0.3494 -0.4938 -0.7963 0.8976 0.5861
  4 0.7600 -6.0410 63.5279 0.4538 -0.4950 -0.7409 0.8976 0.5842
  4 0.9200 -5.9213 63.5152 0.1337 -0.7966 -0.5896 0.8996 0.5842
charger_material_0.bmp
  4 0.9200 -5.9213 63.5152 0.1337 -0.7966 -0.5896 0.8996 0.5842
  4 0.7600 -6.0410 63.5279 0.4538 -0.4950 -0.7409 0.8976 0.5842
  4 0.7500 -5.9560 63.4404 0.2558 -0.7592 -0.5985 0.8976 0.5822
charger_material_0.bmp
  4 0.7600 -6.0410 63.5279 0.4538 -0.4950 -0.7409 0.8976 0.5842
  4 0.6900 -6.0504 63.4788 0.2315 -0.4733 -0.8500 0.8957 0.5822
  4 0.7500 -5.9560 63.4404 0.2558 -0.7592 -0.5985 0.8976 0.5822
charger_material_0.bmp
  4 0.7500 -5.9560 63.4404 0.2558 -0.7592 -0.5985 0.8976 0.5822
  4 0.6900 -6.0504 63.4788 0.2315 -0.4733 -0.8500 0.8957 0.5822
  4 0.6900 -5.9401 63.4170 0.1161 -0.7446 -0.6573 0.8976 0.5822
charger_material_0.bmp
  4 0.6900 -6.0504 63.4788 0.2315 -0.4733 -0.8500 0.8957 0.5822
  4 0.6500 -6.0093 63.4811 0.4085 -0.4942 -0.7674 0.8957 0.5822
  4 0.6900 -5.9401 63.4170 0.1161 -0.7446 -0.6573 0.8976 0.5822
charger_material_0.bmp
  4 -1.0600 -7.0698 65.4961 -0.0865 -0.9392 0.3323 0.8681 0.6079
  4 -0.5100 -7.0387 65.7650 0.0460 -0.9436 0.3279 0.8740 0.6139
  4 -1.2500 -6.8745 65.8253 -0.1506 -0.9115 0.3826 0.8642 0.6119
charger_material_0.bmp
  4 -1.2500 -6.8745 65.8253 -0.1506 -0.9115 0.3826 0.8642 0.6119
  4 -0.5100 -7.0387 65.7650 0.0460 -0.9436 0.3279 0.8740 0.6139
  4 -0.7500 -6.8307 66.2140 -0.0722 -0.8583 0.5080 0.8701 0.6178
charger_material_0.bmp
  4 -0.5100 -7.0387 65.7650 0.0460 -0.9436 0.3279 0.8740 0.6139
  4 -0.1000 -6.7962 66.0750 0.2892 -0.8478 0.4446 0.8780 0.6178
  4 -0.7500 -6.8307 66.2140 -0.0722 -0.8583 0.5080 0.8701 0.6178
charger_material_0.bmp
  4 -0.7500 -6.8307 66.2140 -0.0722 -0.8583 0.5080 0.8701 0.6178
  4 -0.1000 -6.7962 66.0750 0.2892 -0.8478 0.4446 0.8780 0.6178
  4 -0.3500 -6.6037 66.4963 0.0440 -0.7047 0.7081 0.8740 0.6238
charger_material_0.bmp
  4 -0.1000 -6.7962 66.0750 0.2892 -0.8478 0.4446 0.8780 0.6178
  4 0.0600 -6.5317 66.3400 0.3911 -0.7513 0.5316 0.8799 0.6238
  4 -0.3500 -6.6037 66.4963 0.0440 -0.7047 0.7081 0.8740 0.6238
charger_material_0.bmp
  4 -0.3500 -6.6037 66.4963 0.0440 -0.7047 0.7081 0.8740 0.6238
  4 0.0600 -6.5317 66.3400 0.3911 -0.7513 0.5316 0.8799 0.6238
  4 -0.1800 -6.3678 66.6650 0.1140 -0.6261 0.7714 0.8760 0.6297
charger_material_0.bmp
  4 0.0600 -6.5317 66.3400 0.3911 -0.7513 0.5316 0.8799 0.6238
  4 0.2300 -6.2256 66.5564 0.4522 -0.6257 0.6357 0.8839 0.6297
  4 -0.1800 -6.3678 66.6650 0.1140 -0.6261 0.7714 0.8760 0.6297
charger_material_0.bmp
  4 -0.1800 -6.3678 66.6650 0.1140 -0.6261 0.7714 0.8760 0.6297
  4 0.2300 -6.2256 66.5564 0.4522 -0.6257 0.6357 0.8839 0.6297
  4 -0.0600 -6.0715 66.8833 0.0548 -0.5169 0.8543 0.8780 0.6356
charger_material_0.bmp
  4 0.2300 -6.2256 66.5564 0.4522 -0.6257 0.6357 0.8839 0.6297
  4 0.3600 -5.8765 66.7849 0.4791 -0.5157 0.7103 0.8878 0.6337
  4 -0.0600 -6.0715 66.8833 0.0548 -0.5169 0.8543 0.8780 0.6356
charger_material_0.bmp
  4 -0.0600 -6.0715 66.8833 0.0548 -0.5169 0.8543 0.8780 0.6356
  4 0.3600 -5.8765 66.7849 0.4791 -0.5157 0.7103 0.8878 0.6337
  4 0.0000 -5.6340 67.0949 0.1094 -0.4176 0.9020 0.8858 0.6436
charger_material_0.bmp
  4 0.3600 -5.8765 66.7849 0.4791 -0.5157 0.7103 0.8878 0.6337
  4 0.4600 -5.4175 67.0026 0.4850 -0.3934 0.7810 0.8957 0.6396
  4 0.0000 -5.6340 67.0949 0.1094 -0.4176 0.9020 0.8858 0.6436
charger_material_0.bmp
  4 0.0000 -5.6340 67.0949 0.1094 -0.4176 0.9020 0.8858 0.6436
  4 0.4600 -5.4175 67.0026 0.4850 -0.3934 0.7810 0.8957 0.6396
  4 0.0400 -5.1179 67.2915 0.0421 -0.3336 0.9418 0.8957 0.6495
charger_material_0.bmp
  4 0.4600 -5.4175 67.0026 0.4850 -0.3934 0.7810 0.8957 0.6396
  4 0.5600 -4.5884 67.2921 0.5088 -0.2735 0.8163 0.9094 0.6455
  4 0.0400 -5.1179 67.2915 0.0421 -0.3336 0.9418 0.8957 0.6495
charger_material_0.bmp
  4 0.0400 -5.1179 67.2915 0.0421 -0.3336 0.9418 0.8957 0.6495
  4 0.5600 -4.5884 67.2921 0.5088 -0.2735 0.8163 0.9094 0.6455
  4 0.1000 -4.0947 67.5846 0.0750 -0.2160 0.9735 0.9134 0.6574
charger_material_0.bmp
  4 0.5600 -4.5884 67.2921 0.5088 -0.2735 0.8163 0.9094 0.6455
  4 0.9500 -3.9148 67.1939 0.5988 -0.1612 0.7845 0.9213 0.6436
  4 0.1000 -4.0947 67.5846 0.0750 -0.2160 0.9735 0.9134 0.6574
charger_material_0.bmp
  4 0.1000 -4.0947 67.5846 0.0750 -0.2160 0.9735 0.9134 0.6574
  4 0.9500 -3.9148 67.1939 0.5988 -0.1612 0.7845 0.9213 0.6436
  4 0.5900 -3.4586 67.5037 0.4398 -0.0454 0.8969 0.9272 0.6535
charger_material_0.bmp
  4 0.9500 -3.9148 67.1939 0.5988 -0.1612 0.7845 0.9213 0.6436
  4 1.1000 -2.9358 67.1492 0.6072 0.0650 0.7919 0.9370 0.6436
  4 0.5900 -3.4586 67.5037 0.4398 -0.0454 0.8969 0.9272 0.6535
charger_material_0.bmp
  4 0.5900 -3.4586 67.5037 0.4398 -0.0454 0.8969 0.9272 0.6535
  4 1.1000 -2.9358 67.1492 0.6072 0.0650 0.7919 0.9370 0.6436
  4 0.5800 -2.7971 67.4485 0.3747 0.2087 0.9034 0.9370 0.6535
charger_material_0.bmp
  4 1.1000 -2.9358 67.1492 0.6072 0.0650 0.7919 0.9370 0.6436
  4 0.8200 -2.2117 67.1024 0.4234 0.3461 0.8372 0.9469 0.6475
  4 0.5800 -2.7971 67.4485 0.3747 0.2087 0.9034 0.9370 0.6535
charger_material_0.bmp
  4 0.5800 -2.7971 67.4485 0.3747 0.2087 0.9034 0.9370 0.6535
  4 0.8200 -2.2117 67.1024 0.4234 0.3461 0.8372 0.9469 0.6475
  4 0.1700 -2.2022 67.3653 0.1998 0.4227 0.8840 0.9469 0.6594
charger_material_0.bmp
  4 0.8200 -2.2117 67.1024 0.4234 0.3461 0.8372 0.9469 0.6475
  4 0.5900 -1.6510 66.8934 0.2829 0.5108 0.8118 0.9567 0.6495
  4 0.1700 -2.2022 67.3653 0.1998 0.4227 0.8840 0.9469 0.6594
charger_material_0.bmp
  4 0.1700 -2.2022 67.3653 0.1998 0.4227 0.8840 0.9469 0.6594
  4 0.5900 -1.6510 66.8934 0.2829 0.5108 0.8118 0.9567 0.6495
  4 -0.0800 -1.6724 67.1011 0.1080 0.5174 0.8489 0.9587 0.6614
charger_material_0.bmp
  4 0.5900 -1.6510 66.8934 0.2829 0.5108 0.8118 0.9567 0.6495
  4 -0.0400 -1.0430 66.6652 0.1775 0.6694 0.7214 0.9705 0.6554
  4 -0.0800 -1.6724 67.1011 0.1080 0.5174 0.8489 0.9587 0.6614
charger_material_0.bmp
  2 1.0801 6.4882 45.1397 0.6892 0.6901 0.2210 0.3819 0.2337
  2 1.8901 6.2686 44.6694 0.5694 0.7046 0.4234 0.3740 0.2277
  2 1.2401 7.1883 45.0702 0.7609 0.6152 0.2063 0.3878 0.2297
charger_material_0.bmp
  2 1.2401 7.1883 45.0702 0.7609 0.6152 0.2063 0.3878 0.2297
  2 1.8901 6.2686 44.6694 0.5694 0.7046 0.4234 0.3740 0.2277
  2 2.1201 6.7188 44.4898 0.5922 0.5471 0.5916 0.3760 0.2218
charger_material_0.bmp
  2 1.8901 6.2686 44.6694 0.5694 0.7046 0.4234 0.3740 0.2277
  1 3.3000 5.4962 44.0913 0.5899 0.6945 0.4120 0.3563 0.2198
  2 2.1201 6.7188 44.4898 0.5922 0.5471 0.5916 0.3760 0.2218
charger_material_0.bmp
  2 2.1201 6.7188 44.4898 0.5922 0.5471 0.5916 0.3760 0.2218
  1 3.3000 5.4962 44.0913 0.5899 0.6945 0.4120 0.3563 0.2198
  1 3.5800 5.8862 43.8413 0.5572 0.6502 0.5165 0.3563 0.2119
charger_material_0.bmp
  1 3.3000 5.4962 44.0913 0.5899 0.6945 0.4120 0.3563 0.2198
  1 5.0500 4.4762 43.4813 0.6740 0.5463 0.4973 0.3307 0.2099
  1 3.5800 5.8862 43.8413 0.5572 0.6502 0.5165 0.3563 0.2119
charger_material_0.bmp
  1 3.5800 5.8862 43.8413 0.5572 0.6502 0.5165 0.3563 0.2119
  1 5.0500 4.4762 43.4813 0.6740 0.5463 0.4973 0.3307 0.2099
  1 5.2400 4.5962 43.3913 0.6385 0.5422 0.5463 0.3307 0.2059
charger_material_0.bmp
  1 5.0500 4.4762 43.4813 0.6740 0.5463 0.4973 0.3307 0.2099
  1 6.2400 2.9162 43.3513 0.8245 0.3480 0.4462 0.3051 0.2059
  1 5.2400 4.5962 43.3913 0.6385 0.5422 0.5463 0.3307 0.2059
charger_material_0.bmp
  1 5.2400 4.5962 43.3913 0.6385 0.5422 0.5463 0.3307 0.2059
  1 6.2400 2.9162 43.3513 0.8245 0.3480 0.4462 0.3051 0.2059
  1 6.3900 2.9162 43.2113 0.7604 0.3674 0.5356 0.3051 0.2040
charger_material_0.bmp
  1 6.2400 2.9162 43.3513 0.8245 0.3480 0.4462 0.3051 0.2059
  1 6.7800 1.4262 43.2113 0.8058 0.0949 0.5845 0.2854 0.2059
  1 6.3900 2.9162 43.2113 0.7604 0.3674 0.5356 0.3051 0.2040
charger_material_0.bmp
  1 6.3900 2.9162 43.2113 0.7604 0.3674 0.5356 0.3051 0.2040
  1 6.7800 1.4262 43.2113 0.8058 0.0949 0.5845 0.2854 0.2059
  1 6.9900 1.4262 43.1413 0.7339 0.0818 0.6743 0.2835 0.2020
charger_material_0.bmp
  1 6.7800 1.4262 43.2113 0.8058 0.0949 0.5845 0.2854 0.2059
  1 6.8700 -0.0338 43.0313 0.6142 -0.1031 0.7824 0.2677 0.2040
  1 6.9900 1.4262 43.1413 0.7339 0.0818 0.6743 0.2835 0.2020
charger_material_0.bmp
  1 6.9900 1.4262 43.1413 0.7339 0.0818 0.6743 0.2835 0.2020
  1 6.8700 -0.0338 43.0313 0.6142 -0.1031 0.7824 0.2677 0.2040
  1 7.0400 -0.0338 42.9713 0.7845 -0.1283 0.6067 0.2677 0.2020
charger_material_0.bmp
  1 6.8700 -0.0338 43.0313 0.6142 -0.1031 0.7824 0.2677 0.2040
  1 6.5700 -1.7038 42.9213 0.6142 -0.1031 0.7824 0.2500 0.2040
  1 7.0400 -0.0338 42.9713 0.7845 -0.1283 0.6067 0.2677 0.2020
charger_material_0.bmp
  1 7.0400 -0.0338 42.9713 0.7845 -0.1283 0.6067 0.2677 0.2020
  1 6.5700 -1.7038 42.9213 0.6142 -0.1031 0.7824 0.2500 0.2040
  1 7.1800 -2.0338 40.6113 0.8889 -0.3500 0.2957 0.2500 0.1703
charger_material_0.bmp
  1 6.5700 -1.7038 42.9213 0.6142 -0.1031 0.7824 0.2500 0.2040
  1 6.1500 -2.5338 43.3313 0.8947 -0.1369 0.4251 0.2402 0.2099
  1 7.1800 -2.0338 40.6113 0.8889 -0.3500 0.2957 0.2500 0.1703
charger_material_0.bmp
  1 7.1800 -2.0338 40.6113 0.8889 -0.3500 0.2957 0.2500 0.1703
  1 6.1500 -2.5338 43.3313 0.8947 -0.1369 0.4251 0.2402 0.2099
  1 4.9900 -4.6138 41.7913 0.6226 -0.7389 0.2578 0.2146 0.1941
charger_material_0.bmp
  1 6.1500 -2.5338 43.3313 0.8947 -0.1369 0.4251 0.2402 0.2099
  1 4.4000 -4.5038 43.5913 0.5810 -0.8057 0.1148 0.2106 0.2178
  1 4.9900 -4.6138 41.7913 0.6226 -0.7389 0.2578 0.2146 0.1941
charger_material_0.bmp
  1 4.9900 -4.6138 41.7913 0.6226 -0.7389 0.2578 0.2146 0.1941
  1 4.4000 -4.5038 43.5913 0.5810 -0.8057 0.1148 0.2106 0.2178
  1 2.9500 -5.4438 42.4513 0.2910 -0.9415 0.1699 0.1909 0.2079
charger_material_0.bmp
  1 4.4000 -4.5038 43.5913 0.5810 -0.8057 0.1148 0.2106 0.2178
  2 2.5301 -5.1415 44.8202 0.3238 -0.9452 -0.0404 0.1890 0.2356
  1 2.9500 -5.4438 42.4513 0.2910 -0.9415 0.1699 0.1909 0.2079
charger_material_0.bmp
  1 2.9500 -5.4438 42.4513 0.2910 -0.9415 0.1699 0.1909 0.2079
  2 2.5301 -5.1415 44.8202 0.3238 -0.9452 -0.0404 0.1890 0.2356
  1 0.1700 -5.8338 43.9313 0.1437 -0.9883 -0.0506 0.1614 0.2297
charger_material_0.bmp
  2 2.5301 -5.1415 44.8202 0.3238 -0.9452 -0.0404 0.1890 0.2356
  2 0.0502 -6.2027 46.3295 0.2742 -0.9071 -0.3194 0.1634 0.2594
  1 0.1700 -5.8338 43.9313 0.1437 -0.9883 -0.0506 0.1614 0.2297
charger_material_0.bmp
  1 0.1700 -5.8338 43.9313 0.1437 -0.9883 -0.0506 0.1614 0.2297
  2 0.0502 -6.2027 46.3295 0.2742 -0.9071 -0.3194 0.1634 0.2594
  2 -2.2599 -6.2219 45.3296 0.1434 -0.9374 -0.3173 0.1339 0.2495
charger_material_0.bmp
  2 0.0502 -6.2027 46.3295 0.2742 -0.9071 -0.3194 0.1634 0.2594
  2 -2.3998 -7.4230 46.7086 0.4007 -0.7097 -0.5795 0.1260 0.2673
  2 -2.2599 -6.2219 45.3296 0.1434 -0.9374 -0.3173 0.1339 0.2495
charger_material_0.bmp
  4 3.1500 1.9399 64.3743 -0.2176 -0.0358 0.9754 0.3996 0.4931
  4 3.1400 3.2420 64.1559 0.0882 0.4161 0.9050 0.3996 0.4713
  4 2.9300 3.1549 64.0199 -0.1290 0.3740 0.9184 0.4016 0.4713
charger_material_0.bmp
  4 2.9300 3.1549 64.0199 -0.1290 0.3740 0.9184 0.4016 0.4713
  4 3.1400 3.2420 64.1559 0.0882 0.4161 0.9050 0.3996 0.4713
  4 2.9600 4.3460 63.4867 0.0005 0.6059 0.7956 0.3996 0.4515
charger_material_0.bmp
  4 3.1400 3.2420 64.1559 0.0882 0.4161 0.9050 0.3996 0.4713
  4 3.8400 3.9171 62.9477 0.9626 0.2537 0.0945 0.3878 0.4515
  4 2.9600 4.3460 63.4867 0.0005 0.6059 0.7956 0.3996 0.4515
charger_material_0.bmp
  4 2.9600 4.3460 63.4867 0.0005 0.6059 0.7956 0.3996 0.4515
  4 3.8400 3.9171 62.9477 0.9626 0.2537 0.0945 0.3878 0.4515
  4 3.5700 5.3369 61.5869 0.8217 0.4875 0.2950 0.3898 0.4218
charger_material_0.bmp
  4 3.8400 3.9171 62.9477 0.9626 0.2537 0.0945 0.3878 0.4515
  4 3.5400 5.1539 61.4284 0.9011 0.3856 0.1984 0.3858 0.4218
  4 3.5700 5.3369 61.5869 0.8217 0.4875 0.2950 0.3898 0.4218
charger_material_0.bmp
  4 3.5700 5.3369 61.5869 0.8217 0.4875 0.2950 0.3898 0.4218
  4 3.5400 5.1539 61.4284 0.9011 0.3856 0.1984 0.3858 0.4218
  4 3.3300 6.8945 59.4565 0.9631 0.2691 0.0027 0.3878 0.3881
charger_material_0.bmp
  4 3.5400 5.1539 61.4284 0.9011 0.3856 0.1984 0.3858 0.4218
  4 3.3200 6.6858 59.3233 0.7881 0.5738 0.2228 0.3858 0.3881
  4 3.3300 6.8945 59.4565 0.9631 0.2691 0.0027 0.3878 0.3881
charger_material_0.bmp
  4 3.3300 6.8945 59.4565 0.9631 0.2691 0.0027 0.3878 0.3881
  4 3.3200 6.6858 59.3233 0.7881 0.5738 0.2228 0.3858 0.3881
  4 2.8300 7.7642 56.8162 0.8487 0.5288 0.0001 0.3878 0.3564
charger_material_0.bmp
  4 3.3200 6.6858 59.3233 0.7881 0.5738 0.2228 0.3858 0.3881
  4 4.3100 6.4875 58.6587 0.5007 0.8260 0.2589 0.3740 0.3842
  4 2.8300 7.7642 56.8162 0.8487 0.5288 0.0001 0.3878 0.3564
charger_material_0.bmp
  4 2.8300 7.7642 56.8162 0.8487 0.5288 0.0001 0.3878 0.3564
  4 4.3100 6.4875 58.6587 0.5007 0.8260 0.2589 0.3740 0.3842
  4 3.8200 7.3178 56.5045 0.4945 0.8619 0.1122 0.3760 0.3584
charger_material_0.bmp
  4 4.3100 6.4875 58.6587 0.5007 0.8260 0.2589 0.3740 0.3842
  4 4.5700 6.8736 56.1516 0.4792 0.8748 0.0708 0.3661 0.3584
  4 3.8200 7.3178 56.5045 0.4945 0.8619 0.1122 0.3760 0.3584
charger_material_0.bmp
  4 3.8200 7.3178 56.5045 0.4945 0.8619 0.1122 0.3760 0.3584
  4 4.5700 6.8736 56.1516 0.4792 0.8748 0.0708 0.3661 0.3584
  3 3.3600 7.7054 54.0291 0.4657 0.8846 -0.0236 0.3760 0.3287
charger_material_0.bmp
  4 4.5700 6.8736 56.1516 0.4792 0.8748 0.0708 0.3661 0.3584
  3 4.8900 6.6476 53.5629 0.5300 0.8412 -0.1068 0.3563 0.3307
  3 3.3600 7.7054 54.0291 0.4657 0.8846 -0.0236 0.3760 0.3287
charger_material_0.bmp
  3 3.3600 7.7054 54.0291 0.4657 0.8846 -0.0236 0.3760 0.3287
  3 4.8900 6.6476 53.5629 0.5300 0.8412 -0.1068 0.3563 0.3307
  3 2.9500 7.7069 51.7752 0.4497 0.8887 -0.0898 0.3760 0.3050
charger_material_0.bmp
  3 4.8900 6.6476 53.5629 0.5300 0.8412 -0.1068 0.3563 0.3307
  3 4.5800 6.7495 51.4890 0.5776 0.8110 -0.0931 0.3563 0.3069
  3 2.9500 7.7069 51.7752 0.4497 0.8887 -0.0898 0.3760 0.3050
charger_material_0.bmp
  3 2.9500 7.7069 51.7752 0.4497 0.8887 -0.0898 0.3760 0.3050
  3 4.5800 6.7495 51.4890 0.5776 0.8110 -0.0931 0.3563 0.3069
  3 2.6100 7.6067 49.8747 0.3305 0.9271 -0.1766 0.3760 0.2832
charger_material_0.bmp
  3 4.5800 6.7495 51.4890 0.5776 0.8110 -0.0931 0.3563 0.3069
  3 4.2900 6.6217 49.7022 0.5645 0.8084 -0.1667 0.3563 0.2851
  3 2.6100 7.6067 49.8747 0.3305 0.9271 -0.1766 0.3760 0.2832
charger_material_0.bmp
  3 2.6100 7.6067 49.8747 0.3305 0.9271 -0.1766 0.3760 0.2832
  3 4.2900 6.6217 49.7022 0.5645 0.8084 -0.1667 0.3563 0.2851
  2 2.3803 7.3456 48.4103 0.2978 0.9193 -0.2573 0.3760 0.2693
charger_material_0.bmp
  3 4.2900 6.6217 49.7022 0.5645 0.8084 -0.1667 0.3563 0.2851
  2 4.0703 6.4957 48.2695 0.5056 0.8331 -0.2244 0.3563 0.2693
  2 2.3803 7.3456 48.4103 0.2978 0.9193 -0.2573 0.3760 0.2693
charger_material_0.bmp
  2 2.3803 7.3456 48.4103 0.2978 0.9193 -0.2573 0.3760 0.2693
  2 4.0703 6.4957 48.2695 0.5056 0.8331 -0.2244 0.3563 0.2693
  2 2.3002 6.7869 46.8598 0.2458 0.9253 -0.2888 0.3720 0.2515
charger_material_0.bmp
  2 4.0703 6.4957 48.2695 0.5056 0.8331 -0.2244 0.3563 0.2693
  2 3.8002 6.0871 46.5092 0.4391 0.8499 -0.2914 0.3543 0.2495
  2 2.3002 6.7869 46.8598 0.2458 0.9253 -0.2888 0.3720 0.2515
charger_material_0.bmp
  2 2.3002 6.7869 46.8598 0.2458 0.9253 -0.2888 0.3720 0.2515
  2 3.8002 6.0871 46.5092 0.4391 0.8499 -0.2914 0.3543 0.2495
  2 2.0902 6.4879 45.5396 0.2458 0.9253 -0.2888 0.3720 0.2376
charger_material_0.bmp
  2 3.8002 6.0871 46.5092 0.4391 0.8499 -0.2914 0.3543 0.2495
  2 3.5701 5.7282 45.1489 0.4391 0.8499 -0.2914 0.3543 0.2337
  2 2.0902 6.4879 45.5396 0.2458 0.9253 -0.2888 0.3720 0.2376
charger_material_0.bmp
 18 23.2919 2.2007 53.7578 0.2126 0.9737 -0.0817 0.5945 0.1782
 18 23.6142 2.0227 53.6817 0.4105 0.9119 0.0048 0.5945 0.1723
 18 23.1817 2.0595 53.3640 0.0950 0.8930 -0.4399 0.6024 0.1782
charger_material_0.bmp
 18 23.1817 2.0595 53.3640 0.0950 0.8930 -0.4399 0.6024 0.1782
 18 23.6142 2.0227 53.6817 0.4105 0.9119 0.0048 0.5945 0.1723
 18 23.4989 1.9028 53.2593 0.2218 0.8812 -0.4174 0.6024 0.1723
charger_material_0.bmp
 18 23.6142 2.0227 53.6817 0.4105 0.9119 0.0048 0.5945 0.1723
 18 26.0438 1.2010 53.0465 0.3313 0.9400 0.0817 0.5945 0.1525
 18 23.4989 1.9028 53.2593 0.2218 0.8812 -0.4174 0.6024 0.1723
charger_material_0.bmp
 18 23.4989 1.9028 53.2593 0.2218 0.8812 -0.4174 0.6024 0.1723
 18 26.0438 1.2010 53.0465 0.3313 0.9400 0.0817 0.5945 0.1525
 18 26.0046 1.1296 52.6535 0.2218 0.8812 -0.4174 0.6004 0.1505
charger_material_0.bmp
 18 26.0438 1.2010 53.0465 0.3313 0.9400 0.0817 0.5945 0.1525
 18 26.7498 0.9646 52.8992 0.3313 0.9400 0.0817 0.5925 0.1366
 18 26.0046 1.1296 52.6535 0.2218 0.8812 -0.4174 0.6004 0.1505
charger_material_0.bmp
 18 26.0046 1.1296 52.6535 0.2218 0.8812 -0.4174 0.6004 0.1505
 18 26.7498 0.9646 52.8992 0.3313 0.9400 0.0817 0.5925 0.1366
 18 26.7892 0.8535 52.4903 0.2901 0.8249 -0.4851 0.6004 0.1347
charger_material_0.bmp
 18 26.7498 0.9646 52.8992 0.3313 0.9400 0.0817 0.5925 0.1366
 18 28.0822 0.5257 52.9559 0.3289 0.9190 0.2175 0.5906 0.1168
 18 26.7892 0.8535 52.4903 0.2901 0.8249 -0.4851 0.6004 0.1347
charger_material_0.bmp
 18 26.7892 0.8535 52.4903 0.2901 0.8249 -0.4851 0.6004 0.1347
 18 28.0822 0.5257 52.9559 0.3289 0.9190 0.2175 0.5906 0.1168
 18 28.4830 0.2715 52.5774 0.2131 0.7551 -0.6200 0.5965 0.1069
charger_material_0.bmp
 18 28.0822 0.5257 52.9559 0.3289 0.9190 0.2175 0.5906 0.1168
 18 28.9659 0.2272 52.8349 0.2628 0.9506 0.1652 0.5906 0.0990
 18 28.4830 0.2715 52.5774 0.2131 0.7551 -0.6200 0.5965 0.1069
charger_material_0.bmp
 18 28.4830 0.2715 52.5774 0.2131 0.7551 -0.6200 0.5965 0.1069
 18 28.9659 0.2272 52.8349 0.2628 0.9506 0.1652 0.5906 0.0990
 18 28.9271 0.1129 52.5008 0.1289 0.8031 -0.5817 0.5965 0.0970
charger_material_0.bmp
 18 28.9659 0.2272 52.8349 0.2628 0.9506 0.1652 0.5906 0.0990
 18 29.7813 0.0783 52.7333 0.0884 0.9893 0.1165 0.5925 0.0871
 18 28.9271 0.1129 52.5008 0.1289 0.8031 -0.5817 0.5965 0.0970
charger_material_0.bmp
 18 28.9271 0.1129 52.5008 0.1289 0.8031 -0.5817 0.5965 0.0970
 18 29.7813 0.0783 52.7333 0.0884 0.9893 0.1165 0.5925 0.0871
 18 29.7379 -0.0474 52.4299 -0.0286 0.7142 -0.6993 0.5984 0.0871
charger_material_0.bmp
 18 29.7813 0.0783 52.7333 0.0884 0.9893 0.1165 0.5925 0.0871
 18 30.1594 0.0294 52.4601 -0.0570 0.9391 -0.3389 0.5965 0.0812
 18 29.7379 -0.0474 52.4299 -0.0286 0.7142 -0.6993 0.5984 0.0871
charger_material_0.bmp
 18 29.7379 -0.0474 52.4299 -0.0286 0.7142 -0.6993 0.5984 0.0871
 18 30.1594 0.0294 52.4601 -0.0570 0.9391 -0.3389 0.5965 0.0812
 18 30.1477 -0.0848 52.3347 -0.1536 0.5158 -0.8428 0.5984 0.0812
charger_material_0.bmp
 18 30.1594 0.0294 52.4601 -0.0570 0.9391 -0.3389 0.5965 0.0812
 18 30.7771 -0.0894 52.1613 -0.1345 0.5646 -0.8143 0.6004 0.0713
 18 30.1477 -0.0848 52.3347 -0.1536 0.5158 -0.8428 0.5984 0.0812
charger_material_0.bmp
 18 30.1477 -0.0848 52.3347 -0.1536 0.5158 -0.8428 0.5984 0.0812
 18 30.7771 -0.0894 52.1613 -0.1345 0.5646 -0.8143 0.6004 0.0713
 18 30.7195 -0.3973 52.1162 -0.1474 0.3025 -0.9417 0.6063 0.0733
charger_material_0.bmp
 18 30.7771 -0.0894 52.1613 -0.1345 0.5646 -0.8143 0.6004 0.0713
 18 31.4414 -0.4653 52.0045 -0.1321 0.2614 -0.9562 0.6063 0.0634
 18 30.7195 -0.3973 52.1162 -0.1474 0.3025 -0.9417 0.6063 0.0733
charger_material_0.bmp
 18 30.7195 -0.3973 52.1162 -0.1474 0.3025 -0.9417 0.6063 0.0733
 18 31.4414 -0.4653 52.0045 -0.1321 0.2614 -0.9562 0.6063 0.0634
 18 31.2621 -0.7928 51.9599 -0.1242 0.1621 -0.9789 0.6122 0.0653
charger_material_0.bmp
 18 31.4414 -0.4653 52.0045 -0.1321 0.2614 -0.9562 0.6063 0.0634
 18 31.7107 -0.9498 51.8520 -0.0767 0.1916 -0.9785 0.6122 0.0594
 18 31.2621 -0.7928 51.9599 -0.1242 0.1621 -0.9789 0.6122 0.0653
charger_material_0.bmp
 18 31.2621 -0.7928 51.9599 -0.1242 0.1621 -0.9789 0.6122 0.0653
 18 31.7107 -0.9498 51.8520 -0.0767 0.1916 -0.9785 0.6122 0.0594
 18 31.1245 -1.1434 51.9778 -0.0595 0.2695 -0.9612 0.6161 0.0673
charger_material_0.bmp
 18 31.7107 -0.9498 51.8520 -0.0767 0.1916 -0.9785 0.6122 0.0594
 18 31.5651 -1.3657 51.7666 -0.1415 0.0782 -0.9868 0.6201 0.0614
 18 31.1245 -1.1434 51.9778 -0.0595 0.2695 -0.9612 0.6161 0.0673
charger_material_0.bmp
 18 31.1245 -1.1434 51.9778 -0.0595 0.2695 -0.9612 0.6161 0.0673
 18 31.5651 -1.3657 51.7666 -0.1415 0.0782 -0.9868 0.6201 0.0614
 18 30.9967 -1.4260 51.8244 0.1691 0.2108 -0.9628 0.6220 0.0673
charger_material_0.bmp
 18 31.5651 -1.3657 51.7666 -0.1415 0.0782 -0.9868 0.6201 0.0614
 18 31.2563 -1.7213 51.9064 -0.1038 -0.5458 -0.8315 0.6260 0.0634
 18 30.9967 -1.4260 51.8244 0.1691 0.2108 -0.9628 0.6220 0.0673
charger_material_0.bmp
  4 0.2600 -6.0754 63.1883 0.0955 -0.6200 -0.7788 0.8917 0.5762
  4 0.1500 -6.0637 63.1963 -0.1424 -0.6447 -0.7510 0.8898 0.5762
  4 0.2600 -6.0441 63.1925 -0.0107 -0.9600 -0.2798 0.8917 0.5762
charger_material_0.bmp
  4 0.2600 -6.0441 63.1925 -0.0107 -0.9600 -0.2798 0.8917 0.5762
  4 0.1500 -6.0637 63.1963 -0.1424 -0.6447 -0.7510 0.8898 0.5762
  4 0.0900 -6.0263 63.1789 0.0259 -0.9850 -0.1706 0.8898 0.5762
charger_material_0.bmp
  4 0.1500 -6.0637 63.1963 -0.1424 -0.6447 -0.7510 0.8898 0.5762
  4 0.1200 -6.1053 63.2449 -0.3117 -0.7541 -0.5781 0.8898 0.5782
  4 0.0900 -6.0263 63.1789 0.0259 -0.9850 -0.1706 0.8898 0.5762
charger_material_0.bmp
  4 0.0900 -6.0263 63.1789 0.0259 -0.9850 -0.1706 0.8898 0.5762
  4 0.1200 -6.1053 63.2449 -0.3117 -0.7541 -0.5781 0.8898 0.5782
  4 0.0500 -6.0543 63.2454 0.3232 -0.8763 -0.3571 0.8878 0.5762
charger_material_0.bmp
  4 0.1200 -6.1053 63.2449 -0.3117 -0.7541 -0.5781 0.8898 0.5782
  4 0.0700 -6.1417 63.3741 0.2624 -0.5703 -0.7784 0.8878 0.5782
  4 0.0500 -6.0543 63.2454 0.3232 -0.8763 -0.3571 0.8878 0.5762
charger_material_0.bmp
  4 0.0500 -6.0543 63.2454 0.3232 -0.8763 -0.3571 0.8878 0.5762
  4 0.0700 -6.1417 63.3741 0.2624 -0.5703 -0.7784 0.8878 0.5782
  4 0.0000 -6.1053 63.2449 0.7726 -0.5453 -0.3252 0.8878 0.5762
charger_material_0.bmp
  4 0.0700 -6.1417 63.3741 0.2624 -0.5703 -0.7784 0.8878 0.5782
  4 0.0500 -6.1572 63.3465 0.6098 -0.2780 -0.7422 0.8878 0.5782
  4 0.0000 -6.1053 63.2449 0.7726 -0.5453 -0.3252 0.8878 0.5762
charger_material_0.bmp
  4 0.0000 -6.1053 63.2449 0.7726 -0.5453 -0.3252 0.8878 0.5762
  4 0.0500 -6.1572 63.3465 0.6098 -0.2780 -0.7422 0.8878 0.5782
  4 0.0000 -6.2769 63.3592 0.6961 -0.1125 -0.7091 0.8858 0.5782
charger_material_0.bmp
  4 0.0500 -6.1572 63.3465 0.6098 -0.2780 -0.7422 0.8878 0.5782
  4 0.1800 -6.3035 63.4864 0.3225 -0.1952 -0.9262 0.8878 0.5822
  4 0.0000 -6.2769 63.3592 0.6961 -0.1125 -0.7091 0.8858 0.5782
charger_material_0.bmp
  4 0.0000 -6.2769 63.3592 0.6961 -0.1125 -0.7091 0.8858 0.5782
  4 0.1800 -6.3035 63.4864 0.3225 -0.1952 -0.9262 0.8878 0.5822
  4 0.1600 -6.5791 63.3762 0.4843 0.0906 -0.8702 0.8858 0.5842
charger_material_0.bmp
  4 0.1800 -6.3035 63.4864 0.3225 -0.1952 -0.9262 0.8878 0.5822
  4 0.4700 -6.5037 63.5043 0.3687 -0.0518 -0.9281 0.8898 0.5861
  4 0.1600 -6.5791 63.3762 0.4843 0.0906 -0.8702 0.8858 0.5842
charger_material_0.bmp
  4 0.1600 -6.5791 63.3762 0.4843 0.0906 -0.8702 0.8858 0.5842
  4 0.4700 -6.5037 63.5043 0.3687 -0.0518 -0.9281 0.8898 0.5861
  4 0.2100 -6.7680 63.4531 0.5043 -0.5496 -0.6660 0.8858 0.5861
charger_material_0.bmp
  4 0.4700 -6.5037 63.5043 0.3687 -0.0518 -0.9281 0.8898 0.5861
  4 0.5400 -6.6440 63.6228 0.5686 -0.5562 -0.6061 0.8898 0.5881
  4 0.2100 -6.7680 63.4531 0.5043 -0.5496 -0.6660 0.8858 0.5861
charger_material_0.bmp
  4 0.2100 -6.7680 63.4531 0.5043 -0.5496 -0.6660 0.8858 0.5861
  4 0.5400 -6.6440 63.6228 0.5686 -0.5562 -0.6061 0.8898 0.5881
  4 0.2200 -6.8736 63.6463 0.4064 -0.8621 -0.3028 0.8839 0.5881
charger_material_0.bmp
  4 0.5400 -6.6440 63.6228 0.5686 -0.5562 -0.6061 0.8898 0.5881
  4 0.5800 -6.7257 63.7810 0.5685 -0.7589 -0.3177 0.8898 0.5901
  4 0.2200 -6.8736 63.6463 0.4064 -0.8621 -0.3028 0.8839 0.5881
charger_material_0.bmp
  4 0.2200 -6.8736 63.6463 0.4064 -0.8621 -0.3028 0.8839 0.5881
  4 0.5800 -6.7257 63.7810 0.5685 -0.7589 -0.3177 0.8898 0.5901
  4 0.2200 -6.9174 63.9500 0.3601 -0.9207 -0.1506 0.8839 0.5921
charger_material_0.bmp
  4 0.5800 -6.7257 63.7810 0.5685 -0.7589 -0.3177 0.8898 0.5901
  4 0.6000 -6.7816 64.1276 0.5548 -0.8175 -0.1542 0.8898 0.5941
  4 0.2200 -6.9174 63.9500 0.3601 -0.9207 -0.1506 0.8839 0.5921
charger_material_0.bmp
  4 0.2200 -6.9174 63.9500 0.3601 -0.9207 -0.1506 0.8839 0.5921
  4 0.6000 -6.7816 64.1276 0.5548 -0.8175 -0.1542 0.8898 0.5941
  4 0.3100 -7.0403 64.7981 0.3468 -0.9379 -0.0072 0.8839 0.6020
charger_material_0.bmp
  4 0.6000 -6.7816 64.1276 0.5548 -0.8175 -0.1542 0.8898 0.5941
  4 0.7100 -6.8475 64.9547 0.5724 -0.8199 0.0122 0.8898 0.6040
  4 0.3100 -7.0403 64.7981 0.3468 -0.9379 -0.0072 0.8839 0.6020
charger_material_0.bmp
  4 0.3100 -7.0403 64.7981 0.3468 -0.9379 -0.0072 0.8839 0.6020
  4 0.7100 -6.8475 64.9547 0.5724 -0.8199 0.0122 0.8898 0.6040
  4 0.3400 -6.9604 65.3224 0.3476 -0.8911 0.2917 0.8839 0.6079
charger_material_0.bmp
  4 0.7100 -6.8475 64.9547 0.5724 -0.8199 0.0122 0.8898 0.6040
  4 0.6800 -6.7841 65.3396 0.4990 -0.8103 0.3072 0.8878 0.6099
  4 0.3400 -6.9604 65.3224 0.3476 -0.8911 0.2917 0.8839 0.6079
charger_material_0.bmp
  4 1.3500 -2.6033 62.1784 0.9773 -0.0089 -0.2115 0.9508 0.5564
  4 1.3000 -3.1229 61.6974 0.9763 0.0432 -0.2122 0.9390 0.5505
  4 1.2300 -2.8114 61.5157 0.9808 -0.0677 -0.1831 0.9429 0.5446
charger_material_0.bmp
  4 1.2300 -2.8114 61.5157 0.9808 -0.0677 -0.1831 0.9429 0.5446
  4 1.3000 -3.1229 61.6974 0.9763 0.0432 -0.2122 0.9390 0.5505
  4 1.1400 -3.2524 61.0196 0.9358 -0.0384 -0.3505 0.9331 0.5386
charger_material_0.bmp
  4 1.3000 -3.1229 61.6974 0.9763 0.0432 -0.2122 0.9390 0.5505
  4 1.1800 -3.5405 61.2172 0.9314 -0.1672 -0.3234 0.9291 0.5426
  4 1.1400 -3.2524 61.0196 0.9358 -0.0384 -0.3505 0.9331 0.5386
charger_material_0.bmp
  4 1.1400 -3.2524 61.0196 0.9358 -0.0384 -0.3505 0.9331 0.5386
  4 1.1800 -3.5405 61.2172 0.9314 -0.1672 -0.3234 0.9291 0.5426
  4 0.8400 -3.6681 60.5493 0.8862 -0.0571 -0.4597 0.9232 0.5307
charger_material_0.bmp
  4 1.1800 -3.5405 61.2172 0.9314 -0.1672 -0.3234 0.9291 0.5426
  4 0.9100 -3.9388 60.7843 0.9285 -0.2700 -0.2549 0.9193 0.5347
  4 0.8400 -3.6681 60.5493 0.8862 -0.0571 -0.4597 0.9232 0.5307
charger_material_0.bmp
  4 0.8400 -3.6681 60.5493 0.8862 -0.0571 -0.4597 0.9232 0.5307
  4 0.9100 -3.9388 60.7843 0.9285 -0.2700 -0.2549 0.9193 0.5347
  4 0.7000 -4.0571 60.1656 0.8558 -0.0061 -0.5173 0.9154 0.5248
charger_material_0.bmp
  4 0.9100 -3.9388 60.7843 0.9285 -0.2700 -0.2549 0.9193 0.5347
  4 0.7500 -4.3105 60.4380 0.9180 -0.3072 -0.2507 0.9134 0.5287
  4 0.7000 -4.0571 60.1656 0.8558 -0.0061 -0.5173 0.9154 0.5248
charger_material_0.bmp
  4 0.7000 -4.0571 60.1656 0.8558 -0.0061 -0.5173 0.9154 0.5248
  4 0.7500 -4.3105 60.4380 0.9180 -0.3072 -0.2507 0.9134 0.5287
  4 0.4600 -4.3983 59.9253 0.7682 -0.1512 -0.6220 0.9075 0.5208
charger_material_0.bmp
  4 0.7500 -4.3105 60.4380 0.9180 -0.3072 -0.2507 0.9134 0.5287
  4 0.5200 -4.5956 60.0649 0.8333 -0.3143 -0.4548 0.9055 0.5228
  4 0.4600 -4.3983 59.9253 0.7682 -0.1512 -0.6220 0.9075 0.5208
charger_material_0.bmp
  4 0.4600 -4.3983 59.9253 0.7682 -0.1512 -0.6220 0.9075 0.5208
  4 0.5200 -4.5956 60.0649 0.8333 -0.3143 -0.4548 0.9055 0.5228
  4 0.2400 -4.7169 59.8030 0.6693 -0.1722 -0.7228 0.9016 0.5168
charger_material_0.bmp
  4 0.5200 -4.5956 60.0649 0.8333 -0.3143 -0.4548 0.9055 0.5228
  4 0.2800 -4.8647 59.8822 0.7486 -0.3789 -0.5440 0.8996 0.5188
  4 0.2400 -4.7169 59.8030 0.6693 -0.1722 -0.7228 0.9016 0.5168
charger_material_0.bmp
  4 0.2400 -4.7169 59.8030 0.6693 -0.1722 -0.7228 0.9016 0.5168
  4 0.2800 -4.8647 59.8822 0.7486 -0.3789 -0.5440 0.8996 0.5188
  4 0.0000 -4.8742 59.6193 0.4851 -0.1544 -0.8607 0.8957 0.5149
charger_material_0.bmp
  4 0.2800 -4.8647 59.8822 0.7486 -0.3789 -0.5440 0.8996 0.5188
  4 0.0600 -5.0692 59.7176 0.6044 -0.4809 -0.6352 0.8957 0.5188
  4 0.0000 -4.8742 59.6193 0.4851 -0.1544 -0.8607 0.8957 0.5149
charger_material_0.bmp
  4 0.0000 -4.8742 59.6193 0.4851 -0.1544 -0.8607 0.8957 0.5149
  4 0.0600 -5.0692 59.7176 0.6044 -0.4809 -0.6352 0.8957 0.5188
  4 -0.2800 -5.1404 59.5582 0.2243 -0.2891 -0.9306 0.8878 0.5149
charger_material_0.bmp
  4 0.0600 -5.0692 59.7176 0.6044 -0.4809 -0.6352 0.8957 0.5188
  4 -0.2700 -5.2882 59.6373 0.3672 -0.7101 -0.6007 0.8878 0.5168
  4 -0.2800 -5.1404 59.5582 0.2243 -0.2891 -0.9306 0.8878 0.5149
charger_material_0.bmp
  4 -0.2800 -5.1404 59.5582 0.2243 -0.2891 -0.9306 0.8878 0.5149
  4 -0.2700 -5.2882 59.6373 0.3672 -0.7101 -0.6007 0.8878 0.5168
  4 -0.7200 -5.3448 59.6074 0.1761 -0.5090 -0.8425 0.8799 0.5168
charger_material_0.bmp
  4 -0.2700 -5.2882 59.6373 0.3672 -0.7101 -0.6007 0.8878 0.5168
  4 -0.2700 -5.3859 59.8189 0.3432 -0.8309 -0.4379 0.8878 0.5208
  4 -0.7200 -5.3448 59.6074 0.1761 -0.5090 -0.8425 0.8799 0.5168
charger_material_0.bmp
  4 -0.7200 -5.3448 59.6074 0.1761 -0.5090 -0.8425 0.8799 0.5168
  4 -0.2700 -5.3859 59.8189 0.3432 -0.8309 -0.4379 0.8878 0.5208
  4 -0.7100 -5.5131 59.7923 0.2322 -0.8594 -0.4555 0.8799 0.5208
charger_material_0.bmp
  4 -0.2700 -5.3859 59.8189 0.3432 -0.8309 -0.4379 0.8878 0.5208
  4 -0.6800 -5.6060 60.1053 0.1550 -0.9206 -0.3583 0.8799 0.5248
  4 -0.7100 -5.5131 59.7923 0.2322 -0.8594 -0.4555 0.8799 0.5208
charger_material_0.bmp
  4 -0.7100 -5.5131 59.7923 0.2322 -0.8594 -0.4555 0.8799 0.5208
  4 -0.6800 -5.6060 60.1053 0.1550 -0.9206 -0.3583 0.8799 0.5248
  4 -1.1000 -5.6018 60.0740 0.0367 -0.9185 -0.3938 0.8740 0.5248
charger_material_0.bmp
  4 -0.6800 -5.6060 60.1053 0.1550 -0.9206 -0.3583 0.8799 0.5248
  4 -1.0400 -5.7490 60.3159 0.1771 -0.9380 -0.2980 0.8740 0.5267
  4 -1.1000 -5.6018 60.0740 0.0367 -0.9185 -0.3938 0.8740 0.5248
charger_material_0.bmp
 18 30.4081 -1.2809 51.7736 -0.0992 0.2901 -0.9518 0.5394 0.0792
 18 30.1602 -1.6068 51.9141 -0.6588 -0.2336 -0.7151 0.5453 0.0772
 18 29.9377 -0.8614 52.0504 -0.3227 0.1773 -0.9297 0.5453 0.0871
charger_material_0.bmp
 18 29.9377 -0.8614 52.0504 -0.3227 0.1773 -0.9297 0.5453 0.0871
 18 30.1602 -1.6068 51.9141 -0.6588 -0.2336 -0.7151 0.5453 0.0772
 18 29.7210 -1.2076 52.1945 -0.5317 -0.4394 -0.7240 0.5512 0.0851
charger_material_0.bmp
 18 30.1602 -1.6068 51.9141 -0.6588 -0.2336 -0.7151 0.5453 0.0772
 18 30.1460 -1.7890 52.1723 -0.6786 -0.7296 -0.0851 0.5512 0.0752
 18 29.7210 -1.2076 52.1945 -0.5317 -0.4394 -0.7240 0.5512 0.0851
charger_material_0.bmp
 18 29.7210 -1.2076 52.1945 -0.5317 -0.4394 -0.7240 0.5512 0.0851
 18 30.1460 -1.7890 52.1723 -0.6786 -0.7296 -0.0851 0.5512 0.0752
 18 29.6783 -1.3776 52.4076 -0.5746 -0.8149 -0.0755 0.5571 0.0832
charger_material_0.bmp
 18 30.1460 -1.7890 52.1723 -0.6786 -0.7296 -0.0851 0.5512 0.0752
 18 30.2633 -1.7990 52.3747 -0.3706 -0.7973 0.4765 0.5551 0.0733
 18 29.6783 -1.3776 52.4076 -0.5746 -0.8149 -0.0755 0.5571 0.0832
charger_material_0.bmp
 18 29.6783 -1.3776 52.4076 -0.5746 -0.8149 -0.0755 0.5571 0.0832
 18 30.2633 -1.7990 52.3747 -0.3706 -0.7973 0.4765 0.5551 0.0733
 18 29.7294 -1.3313 52.6956 -0.3363 -0.7948 0.5052 0.5610 0.0832
charger_material_0.bmp
 18 30.2633 -1.7990 52.3747 -0.3706 -0.7973 0.4765 0.5551 0.0733
 18 30.4896 -1.5641 52.6811 -0.0710 -0.6206 0.7809 0.5630 0.0713
 18 29.7294 -1.3313 52.6956 -0.3363 -0.7948 0.5052 0.5610 0.0832
charger_material_0.bmp
 18 29.7294 -1.3313 52.6956 -0.3363 -0.7948 0.5052 0.5610 0.0832
 18 30.4896 -1.5641 52.6811 -0.0710 -0.6206 0.7809 0.5630 0.0713
 18 29.9390 -1.0745 52.9654 -0.0068 -0.5122 0.8588 0.5689 0.0812
charger_material_0.bmp
 18 30.4896 -1.5641 52.6811 -0.0710 -0.6206 0.7809 0.5630 0.0713
 18 31.4928 -1.4678 52.6695 0.1576 -0.3639 0.9180 0.5689 0.0594
 18 29.9390 -1.0745 52.9654 -0.0068 -0.5122 0.8588 0.5689 0.0812
charger_material_0.bmp
 18 29.9390 -1.0745 52.9654 -0.0068 -0.5122 0.8588 0.5689 0.0812
 18 31.4928 -1.4678 52.6695 0.1576 -0.3639 0.9180 0.5689 0.0594
 18 30.0504 -0.6803 53.0863 0.1618 -0.1130 0.9803 0.5768 0.0812
charger_material_0.bmp
 18 31.4928 -1.4678 52.6695 0.1576 -0.3639 0.9180 0.5689 0.0594
 18 31.5955 -1.0412 52.7428 0.2291 -0.1184 0.9662 0.5768 0.0594
 18 30.0504 -0.6803 53.0863 0.1618 -0.1130 0.9803 0.5768 0.0812
charger_material_0.bmp
 18 30.0504 -0.6803 53.0863 0.1618 -0.1130 0.9803 0.5768 0.0812
 18 31.5955 -1.0412 52.7428 0.2291 -0.1184 0.9662 0.5768 0.0594
 18 31.6728 -0.5605 52.7316 0.2440 0.2281 0.9426 0.5846 0.0594
charger_material_0.bmp
 18 31.5955 -1.0412 52.7428 0.2291 -0.1184 0.9662 0.5768 0.0594
 18 32.1731 -0.5780 52.6314 0.6048 0.1414 0.7837 0.5866 0.0535
 18 31.6728 -0.5605 52.7316 0.2440 0.2281 0.9426 0.5846 0.0594
charger_material_0.bmp
 18 31.6728 -0.5605 52.7316 0.2440 0.2281 0.9426 0.5846 0.0594
 18 32.1731 -0.5780 52.6314 0.6048 0.1414 0.7837 0.5866 0.0535
 18 32.1028 -0.2572 52.4152 0.3610 0.7023 0.6136 0.5925 0.0554
charger_material_0.bmp
 18 32.1731 -0.5780 52.6314 0.6048 0.1414 0.7837 0.5866 0.0535
 18 32.3642 -0.4649 52.3383 0.6970 -0.2502 0.6720 0.5906 0.0515
 18 32.1028 -0.2572 52.4152 0.3610 0.7023 0.6136 0.5925 0.0554
charger_material_0.bmp
 18 32.1028 -0.2572 52.4152 0.3610 0.7023 0.6136 0.5925 0.0554
 18 32.3642 -0.4649 52.3383 0.6970 -0.2502 0.6720 0.5906 0.0515
 18 32.2724 -0.2417 52.2840 0.2971 0.6960 0.6537 0.5945 0.0535
charger_material_0.bmp
 18 32.3642 -0.4649 52.3383 0.6970 -0.2502 0.6720 0.5906 0.0515
 18 32.7421 -0.1637 52.0717 0.3357 0.6697 0.6625 0.5965 0.0475
 18 32.2724 -0.2417 52.2840 0.2971 0.6960 0.6537 0.5945 0.0535
charger_material_0.bmp
 18 32.2724 -0.2417 52.2840 0.2971 0.6960 0.6537 0.5945 0.0535
 18 32.7421 -0.1637 52.0717 0.3357 0.6697 0.6625 0.5965 0.0475
 18 32.2498 -0.1857 52.1585 0.0249 0.9947 0.0994 0.5965 0.0535
charger_material_0.bmp
 18 32.7421 -0.1637 52.0717 0.3357 0.6697 0.6625 0.5965 0.0475
 18 32.6454 -0.1066 51.9290 -0.1403 0.9782 0.1531 0.5984 0.0475
 18 32.2498 -0.1857 52.1585 0.0249 0.9947 0.0994 0.5965 0.0535
charger_material_0.bmp
 18 32.2498 -0.1857 52.1585 0.0249 0.9947 0.0994 0.5965 0.0535
 18 32.6454 -0.1066 51.9290 -0.1403 0.9782 0.1531 0.5984 0.0475
 18 32.2188 -0.2101 52.0408 -0.3076 0.7213 -0.6206 0.5984 0.0535
charger_material_0.bmp
 18 32.6454 -0.1066 51.9290 -0.1403 0.9782 0.1531 0.5984 0.0475
 18 32.6161 -0.1314 51.8212 -0.5035 0.5165 -0.6926 0.6004 0.0475
 18 32.2188 -0.2101 52.0408 -0.3076 0.7213 -0.6206 0.5984 0.0535
charger_material_0.bmp
  4 3.3600 1.9797 64.5296 0.1118 0.0562 0.9921 0.2067 0.4950
  4 4.3700 1.2046 63.8837 0.9079 0.0349 0.4178 0.2165 0.4752
  4 4.2200 2.1383 63.8681 0.9200 0.2435 0.3071 0.2165 0.4931
charger_material_0.bmp
  4 4.2200 2.1383 63.8681 0.9200 0.2435 0.3071 0.2165 0.4931
  4 4.3700 1.2046 63.8837 0.9079 0.0349 0.4178 0.2165 0.4752
  4 4.3100 1.2929 63.6530 0.9743 0.1056 0.1990 0.2185 0.4752
charger_material_0.bmp
  4 4.3700 1.2046 63.8837 0.9079 0.0349 0.4178 0.2165 0.4752
  4 4.4200 0.5526 63.2956 0.9105 -0.0700 0.4076 0.2185 0.4634
  4 4.3100 1.2929 63.6530 0.9743 0.1056 0.1990 0.2185 0.4752
charger_material_0.bmp
  4 4.3100 1.2929 63.6530 0.9743 0.1056 0.1990 0.2185 0.4752
  4 4.4200 0.5526 63.2956 0.9105 -0.0700 0.4076 0.2185 0.4634
  4 5.1800 1.3616 62.9475 0.6072 0.0650 0.7919 0.2283 0.4713
charger_material_0.bmp
  4 4.4200 0.5526 63.2956 0.9105 -0.0700 0.4076 0.2185 0.4634
  4 5.3300 0.6023 62.7567 0.5128 -0.3281 0.7933 0.2283 0.4594
  4 5.1800 1.3616 62.9475 0.6072 0.0650 0.7919 0.2283 0.4713
charger_material_0.bmp
  4 5.1800 1.3616 62.9475 0.6072 0.0650 0.7919 0.2283 0.4713
  4 5.3300 0.6023 62.7567 0.5128 -0.3281 0.7933 0.2283 0.4594
  4 6.5800 0.9432 61.8771 0.6057 -0.0428 0.7945 0.2441 0.4535
charger_material_0.bmp
  4 5.3300 0.6023 62.7567 0.5128 -0.3281 0.7933 0.2283 0.4594
  4 5.5400 -0.2008 62.1772 0.3738 -0.5882 0.7171 0.2303 0.4455
  4 6.5800 0.9432 61.8771 0.6057 -0.0428 0.7945 0.2441 0.4535
charger_material_0.bmp
  4 6.5800 0.9432 61.8771 0.6057 -0.0428 0.7945 0.2441 0.4535
  4 5.5400 -0.2008 62.1772 0.3738 -0.5882 0.7171 0.2303 0.4455
  4 6.7500 -0.0679 61.5409 0.5111 -0.4110 0.7549 0.2421 0.4396
charger_material_0.bmp
  4 5.5400 -0.2008 62.1772 0.3738 -0.5882 0.7171 0.2303 0.4455
  4 5.5900 -0.8722 61.3282 0.2367 -0.7311 0.6399 0.2303 0.4317
  4 6.7500 -0.0679 61.5409 0.5111 -0.4110 0.7549 0.2421 0.4396
charger_material_0.bmp
  4 6.7500 -0.0679 61.5409 0.5111 -0.4110 0.7549 0.2421 0.4396
  4 5.5900 -0.8722 61.3282 0.2367 -0.7311 0.6399 0.2303 0.4317
  4 6.6900 -0.9169 60.8277 0.3902 -0.6735 0.6278 0.2421 0.4238
charger_material_0.bmp
  4 5.5900 -0.8722 61.3282 0.2367 -0.7311 0.6399 0.2303 0.4317
  4 5.6600 -2.0520 59.8433 0.2892 -0.8478 0.4446 0.2303 0.4059
  4 6.6900 -0.9169 60.8277 0.3902 -0.6735 0.6278 0.2421 0.4238
charger_material_0.bmp
  4 6.6900 -0.9169 60.8277 0.3902 -0.6735 0.6278 0.2421 0.4238
  4 5.6600 -2.0520 59.8433 0.2892 -0.8478 0.4446 0.2303 0.4059
  4 6.6000 -1.8337 59.5470 0.3400 -0.8603 0.3799 0.2421 0.4059
charger_material_0.bmp
  4 5.6600 -2.0520 59.8433 0.2892 -0.8478 0.4446 0.2303 0.4059
  4 5.5900 -2.4070 58.4655 0.3476 -0.8911 0.2917 0.2323 0.3921
  4 6.6000 -1.8337 59.5470 0.3400 -0.8603 0.3799 0.2421 0.4059
charger_material_0.bmp
  4 6.6000 -1.8337 59.5470 0.3400 -0.8603 0.3799 0.2421 0.4059
  4 5.5900 -2.4070 58.4655 0.3476 -0.8911 0.2917 0.2323 0.3921
  4 6.6200 -2.1476 58.1715 0.2532 -0.9291 0.2695 0.2421 0.3901
charger_material_0.bmp
  4 5.5900 -2.4070 58.4655 0.3476 -0.8911 0.2917 0.2323 0.3921
  4 5.5900 -2.9397 57.2234 0.4651 -0.8128 0.3508 0.2303 0.3782
  4 6.6200 -2.1476 58.1715 0.2532 -0.9291 0.2695 0.2421 0.3901
charger_material_0.bmp
  4 6.6200 -2.1476 58.1715 0.2532 -0.9291 0.2695 0.2421 0.3901
  4 5.5900 -2.9397 57.2234 0.4651 -0.8128 0.3508 0.2303 0.3782
  4 6.7300 -2.3199 57.2169 0.2656 -0.9456 0.1878 0.2421 0.3782
charger_material_0.bmp
  4 5.5900 -2.9397 57.2234 0.4651 -0.8128 0.3508 0.2303 0.3782
  4 6.8000 -2.4649 56.5116 0.4771 -0.8444 0.2435 0.2441 0.3723
  4 6.7300 -2.3199 57.2169 0.2656 -0.9456 0.1878 0.2421 0.3782
charger_material_0.bmp
  4 6.7300 -2.3199 57.2169 0.2656 -0.9456 0.1878 0.2421 0.3782
  4 6.8000 -2.4649 56.5116 0.4771 -0.8444 0.2435 0.2441 0.3723
  4 7.5700 -2.1989 57.0512 0.1624 -0.9863 0.0294 0.2520 0.3782
charger_material_0.bmp
  4 6.8000 -2.4649 56.5116 0.4771 -0.8444 0.2435 0.2441 0.3723
  4 8.0100 -1.9539 56.1492 0.3601 -0.9207 -0.1506 0.2559 0.3683
  4 7.5700 -2.1989 57.0512 0.1624 -0.9863 0.0294 0.2520 0.3782
charger_material_0.bmp
  3 5.0300 -4.1302 51.1868 0.9745 -0.2128 0.0710 0.2205 0.3129
  3 6.0900 -3.0934 52.0981 0.7937 -0.5965 -0.1191 0.2362 0.3228
  3 4.8100 -4.4131 52.7174 0.9459 -0.3244 -0.0027 0.2165 0.3307
charger_material_0.bmp
  3 4.8100 -4.4131 52.7174 0.9459 -0.3244 -0.0027 0.2165 0.3307
  3 6.0900 -3.0934 52.0981 0.7937 -0.5965 -0.1191 0.2362 0.3228
  3 6.2800 -3.3001 53.4088 0.7479 -0.6013 -0.2813 0.2362 0.3386
charger_material_0.bmp
  3 6.0900 -3.0934 52.0981 0.7937 -0.5965 -0.1191 0.2362 0.3228
  3 7.0700 -1.6822 53.1187 0.9172 -0.3035 -0.2579 0.2539 0.3366
  3 6.2800 -3.3001 53.4088 0.7479 -0.6013 -0.2813 0.2362 0.3386
charger_material_0.bmp
  3 6.2800 -3.3001 53.4088 0.7479 -0.6013 -0.2813 0.2362 0.3386
  3 7.0700 -1.6822 53.1187 0.9172 -0.3035 -0.2579 0.2539 0.3366
  3 7.7300 -1.7829 54.3875 0.8110 -0.3072 -0.4979 0.2559 0.3525
charger_material_0.bmp
  3 7.0700 -1.6822 53.1187 0.9172 -0.3035 -0.2579 0.2539 0.3366
  3 7.2700 -0.4222 53.3210 0.9546 -0.0846 -0.2856 0.2677 0.3406
  3 7.7300 -1.7829 54.3875 0.8110 -0.3072 -0.4979 0.2559 0.3525
charger_material_0.bmp
  3 7.7300 -1.7829 54.3875 0.8110 -0.3072 -0.4979 0.2559 0.3525
  3 7.2700 -0.4222 53.3210 0.9546 -0.0846 -0.2856 0.2677 0.3406
  3 7.7900 -0.4191 54.4374 0.7058 0.0213 -0.7081 0.2697 0.3545
charger_material_0.bmp
  3 7.2700 -0.4222 53.3210 0.9546 -0.0846 -0.2856 0.2677 0.3406
  3 7.5300 0.5417 54.0290 0.9366 -0.1285 -0.3260 0.2776 0.3485
  3 7.7900 -0.4191 54.4374 0.7058 0.0213 -0.7081 0.2697 0.3545
charger_material_0.bmp
  3 7.7900 -0.4191 54.4374 0.7058 0.0213 -0.7081 0.2697 0.3545
  3 7.5300 0.5417 54.0290 0.9366 -0.1285 -0.3260 0.2776 0.3485
  3 7.9700 0.8453 54.7701 0.7495 -0.0546 -0.6597 0.2815 0.3584
charger_material_0.bmp
  3 7.5300 0.5417 54.0290 0.9366 -0.1285 -0.3260 0.2776 0.3485
  3 7.6900 1.4307 53.6990 0.9363 -0.1915 -0.2943 0.2874 0.3446
  3 7.9700 0.8453 54.7701 0.7495 -0.0546 -0.6597 0.2815 0.3584
charger_material_0.bmp
  3 7.9700 0.8453 54.7701 0.7495 -0.0546 -0.6597 0.2815 0.3584
  3 7.6900 1.4307 53.6990 0.9363 -0.1915 -0.2943 0.2874 0.3446
  3 8.1600 1.8558 54.6278 0.7524 -0.1677 -0.6370 0.2913 0.3584
charger_material_0.bmp
  3 7.6900 1.4307 53.6990 0.9363 -0.1915 -0.2943 0.2874 0.3446
  3 7.9600 2.5869 53.9631 0.9255 0.0561 -0.3745 0.2992 0.3505
  3 8.1600 1.8558 54.6278 0.7524 -0.1677 -0.6370 0.2913 0.3584
charger_material_0.bmp
  3 8.1600 1.8558 54.6278 0.7524 -0.1677 -0.6370 0.2913 0.3584
  3 7.9600 2.5869 53.9631 0.9255 0.0561 -0.3745 0.2992 0.3505
  3 8.3800 2.8783 54.7759 0.7187 0.2464 -0.6502 0.3012 0.3604
charger_material_0.bmp
  3 7.9600 2.5869 53.9631 0.9255 0.0561 -0.3745 0.2992 0.3505
  3 7.7000 3.6746 54.2449 0.8359 0.4225 -0.3503 0.3110 0.3525
  3 8.3800 2.8783 54.7759 0.7187 0.2464 -0.6502 0.3012 0.3604
charger_material_0.bmp
  3 8.3800 2.8783 54.7759 0.7187 0.2464 -0.6502 0.3012 0.3604
  3 7.7000 3.6746 54.2449 0.8359 0.4225 -0.3503 0.3110 0.3525
  3 8.2100 3.7352 55.2443 0.6899 0.5520 -0.4683 0.3110 0.3644
charger_material_0.bmp
  3 7.7000 3.6746 54.2449 0.8359 0.4225 -0.3503 0.3110 0.3525
  3 7.3800 4.3261 54.4946 0.7736 0.5888 -0.2343 0.3209 0.3525
  3 8.2100 3.7352 55.2443 0.6899 0.5520 -0.4683 0.3110 0.3644
charger_material_0.bmp
  3 8.2100 3.7352 55.2443 0.6899 0.5520 -0.4683 0.3110 0.3644
  3 7.3800 4.3261 54.4946 0.7736 0.5888 -0.2343 0.3209 0.3525
  3 7.9200 4.3381 55.7811 0.6113 0.7539 -0.2407 0.3209 0.3683
charger_material_0.bmp
  3 7.3800 4.3261 54.4946 0.7736 0.5888 -0.2343 0.3209 0.3525
  3 6.7800 5.0295 54.9397 0.6927 0.7209 -0.0199 0.3327 0.3545
  3 7.9200 4.3381 55.7811 0.6113 0.7539 -0.2407 0.3209 0.3683
charger_material_0.bmp
  3 7.9200 4.3381 55.7811 0.6113 0.7539 -0.2407 0.3209 0.3683
  3 6.7800 5.0295 54.9397 0.6927 0.7209 -0.0199 0.3327 0.3545
  4 7.3000 4.7903 56.4379 0.5062 0.8621 -0.0255 0.3307 0.3723
charger_material_0.bmp
  3 6.7800 5.0295 54.9397 0.6927 0.7209 -0.0199 0.3327 0.3545
  4 6.3700 5.3025 57.0934 0.5444 0.8339 0.0901 0.3445 0.3762
  4 7.3000 4.7903 56.4379 0.5062 0.8621 -0.0255 0.3307 0.3723
charger_material_0.bmp
 18 9.3154 0.9202 59.7175 0.5236 -0.0033 0.8520 0.5709 0.3426
 18 9.6178 1.5602 59.4907 0.5711 0.1270 0.8110 0.5787 0.3386
 18 8.6133 1.5875 60.0678 0.5351 0.2482 0.8075 0.5807 0.3505
charger_material_0.bmp
 18 8.6133 1.5875 60.0678 0.5351 0.2482 0.8075 0.5807 0.3505
 18 9.6178 1.5602 59.4907 0.5711 0.1270 0.8110 0.5787 0.3386
 18 8.8895 2.1799 59.5790 0.4695 0.4265 0.7730 0.5886 0.3426
charger_material_0.bmp
 18 9.6178 1.5602 59.4907 0.5711 0.1270 0.8110 0.5787 0.3386
 18 10.4830 2.0028 58.9407 0.7115 0.2430 0.6594 0.5846 0.3327
 18 8.8895 2.1799 59.5790 0.4695 0.4265 0.7730 0.5886 0.3426
charger_material_0.bmp
 18 8.8895 2.1799 59.5790 0.4695 0.4265 0.7730 0.5886 0.3426
 18 10.4830 2.0028 58.9407 0.7115 0.2430 0.6594 0.5846 0.3327
 18 9.3474 2.9852 58.8036 0.4986 0.6607 0.5611 0.5965 0.3307
charger_material_0.bmp
 18 10.4830 2.0028 58.9407 0.7115 0.2430 0.6594 0.5846 0.3327
 18 10.2642 2.4319 58.3494 0.5977 0.6348 0.4896 0.5906 0.3228
 18 9.3474 2.9852 58.8036 0.4986 0.6607 0.5611 0.5965 0.3307
charger_material_0.bmp
 18 9.3474 2.9852 58.8036 0.4986 0.6607 0.5611 0.5965 0.3307
 18 10.2642 2.4319 58.3494 0.5977 0.6348 0.4896 0.5906 0.3228
 18 9.8614 3.3222 57.7620 0.4680 0.7930 0.3900 0.6024 0.3188
charger_material_0.bmp
 18 10.2642 2.4319 58.3494 0.5977 0.6348 0.4896 0.5906 0.3228
 18 11.3545 2.7832 56.9514 0.3610 0.7023 0.6136 0.5945 0.3109
 18 9.8614 3.3222 57.7620 0.4680 0.7930 0.3900 0.6024 0.3188
charger_material_0.bmp
 18 9.8614 3.3222 57.7620 0.4680 0.7930 0.3900 0.6024 0.3188
 18 11.3545 2.7832 56.9514 0.3610 0.7023 0.6136 0.5945 0.3109
 18 11.3012 3.2515 56.1494 0.2389 0.9635 0.1210 0.6043 0.3069
charger_material_0.bmp
 18 11.3545 2.7832 56.9514 0.3610 0.7023 0.6136 0.5945 0.3109
 18 12.2984 2.7546 56.8326 0.1610 0.8465 0.5074 0.5965 0.3010
 18 11.3012 3.2515 56.1494 0.2389 0.9635 0.1210 0.6043 0.3069
charger_material_0.bmp
 18 11.3012 3.2515 56.1494 0.2389 0.9635 0.1210 0.6043 0.3069
 18 12.2984 2.7546 56.8326 0.1610 0.8465 0.5074 0.5965 0.3010
 18 12.0873 3.0511 55.6540 0.2126 0.9737 -0.0817 0.6083 0.2950
charger_material_0.bmp
 18 12.2984 2.7546 56.8326 0.1610 0.8465 0.5074 0.5965 0.3010
 18 13.2040 2.8477 56.0451 0.0178 0.9997 0.0182 0.6004 0.2851
 18 12.0873 3.0511 55.6540 0.2126 0.9737 -0.0817 0.6083 0.2950
charger_material_0.bmp
 18 12.0873 3.0511 55.6540 0.2126 0.9737 -0.0817 0.6083 0.2950
 18 13.2040 2.8477 56.0451 0.0178 0.9997 0.0182 0.6004 0.2851
 18 12.6253 2.7156 55.0742 0.2901 0.8249 -0.4851 0.6142 0.2851
charger_material_0.bmp
 18 13.2040 2.8477 56.0451 0.0178 0.9997 0.0182 0.6004 0.2851
 18 13.4787 2.6539 55.2445 -0.0402 0.8323 -0.5529 0.6102 0.2772
 18 12.6253 2.7156 55.0742 0.2901 0.8249 -0.4851 0.6142 0.2851
charger_material_0.bmp
 18 12.6253 2.7156 55.0742 0.2901 0.8249 -0.4851 0.6142 0.2851
 18 13.4787 2.6539 55.2445 -0.0402 0.8323 -0.5529 0.6102 0.2772
 18 12.8835 2.1521 54.6861 0.1578 0.3980 -0.9037 0.6220 0.2812
charger_material_0.bmp
 18 13.4787 2.6539 55.2445 -0.0402 0.8323 -0.5529 0.6102 0.2772
 18 13.6919 2.0897 54.6610 -0.1192 0.4993 -0.8582 0.6201 0.2713
 18 12.8835 2.1521 54.6861 0.1578 0.3980 -0.9037 0.6220 0.2812
charger_material_0.bmp
 18 12.8835 2.1521 54.6861 0.1578 0.3980 -0.9037 0.6220 0.2812
 18 13.6919 2.0897 54.6610 -0.1192 0.4993 -0.8582 0.6201 0.2713
 18 13.4984 1.0787 54.4642 -0.0925 0.0755 -0.9928 0.6319 0.2713
charger_material_0.bmp
 18 13.6919 2.0897 54.6610 -0.1192 0.4993 -0.8582 0.6201 0.2713
 18 15.7657 1.8617 54.2091 -0.1633 0.1627 -0.9731 0.6260 0.2535
 18 13.4984 1.0787 54.4642 -0.0925 0.0755 -0.9928 0.6319 0.2713
charger_material_0.bmp
 18 13.4984 1.0787 54.4642 -0.0925 0.0755 -0.9928 0.6319 0.2713
 18 15.7657 1.8617 54.2091 -0.1633 0.1627 -0.9731 0.6260 0.2535
 18 15.6245 1.1667 54.3130 -0.1351 -0.3004 -0.9442 0.6358 0.2515
charger_material_0.bmp
 18 15.7657 1.8617 54.2091 -0.1633 0.1627 -0.9731 0.6260 0.2535
 18 17.3414 1.0932 53.7999 -0.2605 -0.2051 -0.9434 0.6299 0.2297
 18 15.6245 1.1667 54.3130 -0.1351 -0.3004 -0.9442 0.6358 0.2515
charger_material_0.bmp
 18 12.7425 0.1110 54.2477 0.1953 -0.0870 -0.9769 0.5138 0.2772
 18 12.4824 -0.5170 54.4268 0.1115 -0.6260 -0.7718 0.5177 0.2851
 18 9.1436 -0.0567 54.7391 -0.0962 0.1325 -0.9865 0.5098 0.2812
charger_material_0.bmp
 18 9.1436 -0.0567 54.7391 -0.0962 0.1325 -0.9865 0.5098 0.2812
 18 12.4824 -0.5170 54.4268 0.1115 -0.6260 -0.7718 0.5177 0.2851
 18 8.9705 -0.7865 54.9486 0.1932 -0.5034 -0.8422 0.5118 0.2911
charger_material_0.bmp
 18 12.4824 -0.5170 54.4268 0.1115 -0.6260 -0.7718 0.5177 0.2851
 18 9.3772 -1.1878 55.5688 0.1125 -0.7363 -0.6672 0.5197 0.2990
 18 8.9705 -0.7865 54.9486 0.1932 -0.5034 -0.8422 0.5118 0.2911
charger_material_0.bmp
 18 8.9705 -0.7865 54.9486 0.1932 -0.5034 -0.8422 0.5118 0.2911
 18 9.3772 -1.1878 55.5688 0.1125 -0.7363 -0.6672 0.5197 0.2990
 18 8.7139 -1.4088 55.4325 0.3365 -0.7834 -0.5226 0.5118 0.3010
charger_material_0.bmp
 18 9.3772 -1.1878 55.5688 0.1125 -0.7363 -0.6672 0.5197 0.2990
 18 8.8596 -1.8178 56.2411 0.2280 -0.8950 -0.3834 0.5197 0.3109
 18 8.7139 -1.4088 55.4325 0.3365 -0.7834 -0.5226 0.5118 0.3010
charger_material_0.bmp
 18 8.7139 -1.4088 55.4325 0.3365 -0.7834 -0.5226 0.5118 0.3010
 18 8.8596 -1.8178 56.2411 0.2280 -0.8950 -0.3834 0.5197 0.3109
  4 8.0100 -1.9539 56.1492 0.3601 -0.9207 -0.1506 0.5098 0.3149
charger_material_0.bmp
 18 8.8596 -1.8178 56.2411 0.2280 -0.8950 -0.3834 0.5197 0.3109
 18 8.3655 -2.1214 56.9961 0.1676 -0.9837 -0.0656 0.5197 0.3228
  4 8.0100 -1.9539 56.1492 0.3601 -0.9207 -0.1506 0.5098 0.3149
charger_material_0.bmp
  4 8.0100 -1.9539 56.1492 0.3601 -0.9207 -0.1506 0.5098 0.3149
 18 8.3655 -2.1214 56.9961 0.1676 -0.9837 -0.0656 0.5197 0.3228
  4 7.5700 -2.1989 57.0512 0.1624 -0.9863 0.0294 0.5118 0.3287
charger_material_0.bmp
 18 8.3655 -2.1214 56.9961 0.1676 -0.9837 -0.0656 0.5197 0.3228
 18 8.1979 -2.0475 57.9955 0.2396 -0.9153 0.3238 0.5256 0.3347
  4 7.5700 -2.1989 57.0512 0.1624 -0.9863 0.0294 0.5118 0.3287
charger_material_0.bmp
  4 7.5700 -2.1989 57.0512 0.1624 -0.9863 0.0294 0.5118 0.3287
 18 8.1979 -2.0475 57.9955 0.2396 -0.9153 0.3238 0.5256 0.3347
  4 7.4000 -2.1167 58.2267 0.1481 -0.9384 0.3121 0.5197 0.3426
charger_material_0.bmp
 18 8.1979 -2.0475 57.9955 0.2396 -0.9153 0.3238 0.5256 0.3347
 18 8.2609 -1.4038 58.9912 0.3807 -0.7643 0.5204 0.5374 0.3426
  4 7.4000 -2.1167 58.2267 0.1481 -0.9384 0.3121 0.5197 0.3426
charger_material_0.bmp
  4 7.4000 -2.1167 58.2267 0.1481 -0.9384 0.3121 0.5197 0.3426
 18 8.2609 -1.4038 58.9912 0.3807 -0.7643 0.5204 0.5374 0.3426
  4 7.4900 -1.5902 59.2765 0.3243 -0.8283 0.4569 0.5335 0.3525
charger_material_0.bmp
 18 8.2609 -1.4038 58.9912 0.3807 -0.7643 0.5204 0.5374 0.3426
 18 8.4881 -0.6205 59.7711 0.4833 -0.5656 0.6682 0.5512 0.3485
  4 7.4900 -1.5902 59.2765 0.3243 -0.8283 0.4569 0.5335 0.3525
charger_material_0.bmp
  4 7.4900 -1.5902 59.2765 0.3243 -0.8283 0.4569 0.5335 0.3525
 18 8.4881 -0.6205 59.7711 0.4833 -0.5656 0.6682 0.5512 0.3485
  4 7.6600 -0.7868 60.2836 0.4840 -0.6104 0.6270 0.5472 0.3604
charger_material_0.bmp
 18 8.4881 -0.6205 59.7711 0.4833 -0.5656 0.6682 0.5512 0.3485
 18 8.5630 0.2122 60.1534 0.5890 -0.2497 0.7686 0.5630 0.3525
  4 7.6600 -0.7868 60.2836 0.4840 -0.6104 0.6270 0.5472 0.3604
charger_material_0.bmp
  4 7.6600 -0.7868 60.2836 0.4840 -0.6104 0.6270 0.5472 0.3604
 18 8.5630 0.2122 60.1534 0.5890 -0.2497 0.7686 0.5630 0.3525
  4 7.7000 0.0401 60.8280 0.6024 -0.3076 0.7366 0.5610 0.3624
charger_material_0.bmp
 18 8.5630 0.2122 60.1534 0.5890 -0.2497 0.7686 0.5630 0.3525
  4 8.5100 0.9257 60.2412 0.6072 0.0650 0.7919 0.5709 0.3525
  4 7.7000 0.0401 60.8280 0.6024 -0.3076 0.7366 0.5610 0.3624
charger_material_0.bmp
  4 7.7000 0.0401 60.8280 0.6024 -0.3076 0.7366 0.5610 0.3624
  4 8.5100 0.9257 60.2412 0.6072 0.0650 0.7919 0.5709 0.3525
  4 7.7000 0.9374 60.9415 0.6421 0.1129 0.7582 0.5728 0.3644
charger_material_0.bmp
  4 8.5100 0.9257 60.2412 0.6072 0.0650 0.7919 0.5709 0.3525
  4 7.7000 1.7797 60.6074 0.6011 0.2873 0.7458 0.5846 0.3604
  4 7.7000 0.9374 60.9415 0.6421 0.1129 0.7582 0.5728 0.3644
charger_material_0.bmp
  4 0.7800 -6.4375 65.8741 0.5559 -0.6707 0.4911 0.8898 0.6158
  4 0.9400 -6.1952 65.9703 0.6344 -0.5498 0.5434 0.8937 0.6198
  4 0.2300 -6.2256 66.5564 0.4522 -0.6257 0.6357 0.8839 0.6297
charger_material_0.bmp
  4 0.2300 -6.2256 66.5564 0.4522 -0.6257 0.6357 0.8839 0.6297
  4 0.9400 -6.1952 65.9703 0.6344 -0.5498 0.5434 0.8937 0.6198
  4 0.3600 -5.8765 66.7849 0.4791 -0.5157 0.7103 0.8878 0.6337
charger_material_0.bmp
  4 0.9400 -6.1952 65.9703 0.6344 -0.5498 0.5434 0.8937 0.6198
  4 0.8800 -5.6658 66.4494 0.6571 -0.4272 0.6210 0.8976 0.6277
  4 0.3600 -5.8765 66.7849 0.4791 -0.5157 0.7103 0.8878 0.6337
charger_material_0.bmp
  4 0.3600 -5.8765 66.7849 0.4791 -0.5157 0.7103 0.8878 0.6337
  4 0.8800 -5.6658 66.4494 0.6571 -0.4272 0.6210 0.8976 0.6277
  4 0.4600 -5.4175 67.0026 0.4850 -0.3934 0.7810 0.8957 0.6396
charger_material_0.bmp
  4 0.8800 -5.6658 66.4494 0.6571 -0.4272 0.6210 0.8976 0.6277
  4 0.9400 -5.0116 66.7825 0.6883 -0.3183 0.6518 0.9055 0.6337
  4 0.4600 -5.4175 67.0026 0.4850 -0.3934 0.7810 0.8957 0.6396
charger_material_0.bmp
  4 0.4600 -5.4175 67.0026 0.4850 -0.3934 0.7810 0.8957 0.6396
  4 0.9400 -5.0116 66.7825 0.6883 -0.3183 0.6518 0.9055 0.6337
  4 0.5600 -4.5884 67.2921 0.5088 -0.2735 0.8163 0.9094 0.6455
charger_material_0.bmp
  4 0.9400 -5.0116 66.7825 0.6883 -0.3183 0.6518 0.9055 0.6337
  4 1.2400 -4.4344 66.7129 0.7420 -0.2486 0.6226 0.9154 0.6337
  4 0.5600 -4.5884 67.2921 0.5088 -0.2735 0.8163 0.9094 0.6455
charger_material_0.bmp
  4 0.5600 -4.5884 67.2921 0.5088 -0.2735 0.8163 0.9094 0.6455
  4 1.2400 -4.4344 66.7129 0.7420 -0.2486 0.6226 0.9154 0.6337
  4 0.9500 -3.9148 67.1939 0.5988 -0.1612 0.7845 0.9213 0.6436
charger_material_0.bmp
  4 1.2400 -4.4344 66.7129 0.7420 -0.2486 0.6226 0.9154 0.6337
  4 1.4200 -3.3743 66.8258 0.7660 -0.1261 0.6304 0.9311 0.6356
  4 0.9500 -3.9148 67.1939 0.5988 -0.1612 0.7845 0.9213 0.6436
charger_material_0.bmp
  4 0.9500 -3.9148 67.1939 0.5988 -0.1612 0.7845 0.9213 0.6436
  4 1.4200 -3.3743 66.8258 0.7660 -0.1261 0.6304 0.9311 0.6356
  4 1.1000 -2.9358 67.1492 0.6072 0.0650 0.7919 0.9370 0.6436
charger_material_0.bmp
  4 1.4200 -3.3743 66.8258 0.7660 -0.1261 0.6304 0.9311 0.6356
  4 1.5000 -2.4542 66.7924 0.6449 0.1478 0.7499 0.9449 0.6376
  4 1.1000 -2.9358 67.1492 0.6072 0.0650 0.7919 0.9370 0.6436
charger_material_0.bmp
  4 1.1000 -2.9358 67.1492 0.6072 0.0650 0.7919 0.9370 0.6436
  4 1.5000 -2.4542 66.7924 0.6449 0.1478 0.7499 0.9449 0.6376
  4 0.8200 -2.2117 67.1024 0.4234 0.3461 0.8372 0.9469 0.6475
charger_material_0.bmp
  4 1.5000 -2.4542 66.7924 0.6449 0.1478 0.7499 0.9449 0.6376
  4 1.3000 -1.7017 66.6282 0.4713 0.4376 0.7657 0.9547 0.6396
  4 0.8200 -2.2117 67.1024 0.4234 0.3461 0.8372 0.9469 0.6475
charger_material_0.bmp
  4 0.8200 -2.2117 67.1024 0.4234 0.3461 0.8372 0.9469 0.6475
  4 1.3000 -1.7017 66.6282 0.4713 0.4376 0.7657 0.9547 0.6396
  4 0.5900 -1.6510 66.8934 0.2829 0.5108 0.8118 0.9567 0.6495
charger_material_0.bmp
  4 1.3000 -1.7017 66.6282 0.4713 0.4376 0.7657 0.9547 0.6396
  4 0.6100 -1.0315 66.4594 0.2808 0.6799 0.6774 0.9665 0.6455
  4 0.5900 -1.6510 66.8934 0.2829 0.5108 0.8118 0.9567 0.6495
charger_material_0.bmp
  4 0.5900 -1.6510 66.8934 0.2829 0.5108 0.8118 0.9567 0.6495
  4 0.6100 -1.0315 66.4594 0.2808 0.6799 0.6774 0.9665 0.6455
  4 -0.0400 -1.0430 66.6652 0.1775 0.6694 0.7214 0.9705 0.6554
charger_material_0.bmp
  4 0.6100 -1.0315 66.4594 0.2808 0.6799 0.6774 0.9665 0.6455
  4 0.5300 -0.6876 65.9151 0.2329 0.8864 0.4002 0.9764 0.6396
  4 -0.0400 -1.0430 66.6652 0.1775 0.6694 0.7214 0.9705 0.6554
charger_material_0.bmp
  4 -0.0400 -1.0430 66.6652 0.1775 0.6694 0.7214 0.9705 0.6554
  4 0.5300 -0.6876 65.9151 0.2329 0.8864 0.4002 0.9764 0.6396
  4 -0.2900 -0.6120 66.2570 0.1923 0.8354 0.5149 0.9803 0.6535
charger_material_0.bmp
  4 0.5300 -0.6876 65.9151 0.2329 0.8864 0.4002 0.9764 0.6396
  4 -0.4100 -0.4322 65.8663 0.1932 0.9347 0.2985 0.9862 0.6515
  4 -0.2900 -0.6120 66.2570 0.1923 0.8354 0.5149 0.9803 0.6535
charger_material_0.bmp
  4 1.0800 -2.7787 60.8883 0.9267 -0.3527 -0.1298 0.7165 0.6158
  4 0.7800 -3.2858 60.0995 0.8650 -0.4528 -0.2163 0.7047 0.6119
  4 1.0500 -2.8465 60.1072 0.6450 -0.7549 0.1186 0.7106 0.6079
charger_material_0.bmp
  4 1.0500 -2.8465 60.1072 0.6450 -0.7549 0.1186 0.7106 0.6079
  4 0.7800 -3.2858 60.0995 0.8650 -0.4528 -0.2163 0.7047 0.6119
  4 0.8300 -3.0517 59.7799 0.7494 -0.6617 -0.0227 0.7047 0.6079
charger_material_0.bmp
  4 0.7800 -3.2858 60.0995 0.8650 -0.4528 -0.2163 0.7047 0.6119
  4 0.4800 -3.6069 59.8046 0.8243 -0.4988 -0.2679 0.6988 0.6119
  4 0.8300 -3.0517 59.7799 0.7494 -0.6617 -0.0227 0.7047 0.6079
charger_material_0.bmp
  4 0.8300 -3.0517 59.7799 0.7494 -0.6617 -0.0227 0.7047 0.6079
  4 0.4800 -3.6069 59.8046 0.8243 -0.4988 -0.2679 0.6988 0.6119
  4 0.5300 -3.4406 59.3961 0.7494 -0.6617 -0.0227 0.6969 0.6059
charger_material_0.bmp
  4 0.4800 -3.6069 59.8046 0.8243 -0.4988 -0.2679 0.6988 0.6119
  4 0.2300 -3.9073 59.6177 0.7889 -0.4384 -0.4307 0.6929 0.6139
  4 0.5300 -3.4406 59.3961 0.7494 -0.6617 -0.0227 0.6969 0.6059
charger_material_0.bmp
  4 0.5300 -3.4406 59.3961 0.7494 -0.6617 -0.0227 0.6969 0.6059
  4 0.2300 -3.9073 59.6177 0.7889 -0.4384 -0.4307 0.6929 0.6139
  4 0.3000 -3.7664 59.1835 0.6972 -0.7122 -0.0822 0.6909 0.6079
charger_material_0.bmp
  4 0.2300 -3.9073 59.6177 0.7889 -0.4384 -0.4307 0.6929 0.6139
  4 -0.0200 -3.9550 58.9956 0.4814 -0.8476 -0.2233 0.6850 0.6079
  4 0.3000 -3.7664 59.1835 0.6972 -0.7122 -0.0822 0.6909 0.6079
charger_material_0.bmp
  4 0.3000 -3.7664 59.1835 0.6972 -0.7122 -0.0822 0.6909 0.6079
  4 -0.0200 -3.9550 58.9956 0.4814 -0.8476 -0.2233 0.6850 0.6079
  4 0.4300 -3.5572 58.5734 0.5001 -0.7938 0.3460 0.6909 0.5980
charger_material_0.bmp
  4 -0.0200 -3.9550 58.9956 0.4814 -0.8476 -0.2233 0.6850 0.6079
  4 0.0400 -4.0074 58.2420 0.2634 -0.8379 0.4781 0.6811 0.5980
  4 0.4300 -3.5572 58.5734 0.5001 -0.7938 0.3460 0.6909 0.5980
charger_material_0.bmp
  4 0.4300 -3.5572 58.5734 0.5001 -0.7938 0.3460 0.6909 0.5980
  4 0.0400 -4.0074 58.2420 0.2634 -0.8379 0.4781 0.6811 0.5980
  4 0.9000 -4.1998 58.0344 0.0874 -0.7443 0.6621 0.6890 0.5861
charger_material_0.bmp
  4 0.0400 -4.0074 58.2420 0.2634 -0.8379 0.4781 0.6811 0.5980
  4 0.0500 -4.5050 57.7161 0.1436 -0.8271 0.5434 0.6772 0.5881
  4 0.9000 -4.1998 58.0344 0.0874 -0.7443 0.6621 0.6890 0.5861
charger_material_0.bmp
  4 0.9000 -4.1998 58.0344 0.0874 -0.7443 0.6621 0.6890 0.5861
  4 0.0500 -4.5050 57.7161 0.1436 -0.8271 0.5434 0.6772 0.5881
  4 1.6300 -4.4601 57.0457 0.1962 -0.8806 0.4314 0.6890 0.5703
charger_material_0.bmp
  4 0.0500 -4.5050 57.7161 0.1436 -0.8271 0.5434 0.6772 0.5881
  4 -0.2300 -5.1339 56.7164 0.0902 -0.9037 0.4185 0.6654 0.5762
  4 1.6300 -4.4601 57.0457 0.1962 -0.8806 0.4314 0.6890 0.5703
charger_material_0.bmp
  4 1.6300 -4.4601 57.0457 0.1962 -0.8806 0.4314 0.6890 0.5703
  4 -0.2300 -5.1339 56.7164 0.0902 -0.9037 0.4185 0.6654 0.5762
  3 1.6100 -5.7960 54.4001 0.2176 -0.9310 0.2930 0.6732 0.5386
charger_material_0.bmp
  4 -0.2300 -5.1339 56.7164 0.0902 -0.9037 0.4185 0.6654 0.5762
  3 -0.0300 -5.9837 54.4310 0.0538 -0.9418 0.3319 0.6535 0.5465
  3 1.6100 -5.7960 54.4001 0.2176 -0.9310 0.2930 0.6732 0.5386
charger_material_0.bmp
  3 1.6100 -5.7960 54.4001 0.2176 -0.9310 0.2930 0.6732 0.5386
  3 -0.0300 -5.9837 54.4310 0.0538 -0.9418 0.3319 0.6535 0.5465
  3 0.1000 -6.5831 52.5657 0.1581 -0.9751 0.1553 0.6437 0.5208
charger_material_0.bmp
  3 -0.0300 -5.9837 54.4310 0.0538 -0.9418 0.3319 0.6535 0.5465
  3 -1.7400 -6.6846 52.4663 0.0308 -0.9712 0.2361 0.6240 0.5327
  3 0.1000 -6.5831 52.5657 0.1581 -0.9751 0.1553 0.6437 0.5208
charger_material_0.bmp
  3 0.1000 -6.5831 52.5657 0.1581 -0.9751 0.1553 0.6437 0.5208
  3 -1.7400 -6.6846 52.4663 0.0308 -0.9712 0.2361 0.6240 0.5327
  3 -1.4600 -6.7705 50.8761 0.0770 -0.9949 -0.0655 0.6201 0.5089
charger_material_0.bmp
 18 32.3424 -1.5404 51.7926 -0.0264 -0.3483 -0.9370 0.5650 0.0436
 18 32.9159 -1.7888 51.6988 -0.2606 -0.8439 -0.4689 0.5689 0.0376
 18 32.3159 -1.7194 51.9819 -0.0702 -0.9876 -0.1403 0.5669 0.0455
charger_material_0.bmp
 18 32.3159 -1.7194 51.9819 -0.0702 -0.9876 -0.1403 0.5669 0.0455
 18 32.9159 -1.7888 51.6988 -0.2606 -0.8439 -0.4689 0.5689 0.0376
 18 32.9816 -1.7757 51.8402 0.2362 -0.8319 0.5022 0.5709 0.0376
charger_material_0.bmp
 18 32.9159 -1.7888 51.6988 -0.2606 -0.8439 -0.4689 0.5689 0.0376
 18 33.0994 -1.7971 51.6453 -0.2847 -0.9030 -0.3219 0.5689 0.0356
 18 32.9816 -1.7757 51.8402 0.2362 -0.8319 0.5022 0.5709 0.0376
charger_material_0.bmp
 18 32.9816 -1.7757 51.8402 0.2362 -0.8319 0.5022 0.5709 0.0376
 18 33.0994 -1.7971 51.6453 -0.2847 -0.9030 -0.3219 0.5689 0.0356
 18 33.1743 -1.7911 51.7238 0.2333 -0.7498 0.6192 0.5709 0.0337
charger_material_0.bmp
 18 33.0994 -1.7971 51.6453 -0.2847 -0.9030 -0.3219 0.5689 0.0356
 18 33.4735 -1.8902 51.4623 -0.3419 -0.9162 -0.2090 0.5689 0.0297
 18 33.1743 -1.7911 51.7238 0.2333 -0.7498 0.6192 0.5709 0.0337
charger_material_0.bmp
 18 33.1743 -1.7911 51.7238 0.2333 -0.7498 0.6192 0.5709 0.0337
 18 33.4735 -1.8902 51.4623 -0.3419 -0.9162 -0.2090 0.5689 0.0297
 18 33.5780 -1.8641 51.5365 0.2039 -0.6539 0.7286 0.5709 0.0297
charger_material_0.bmp
 18 33.4735 -1.8902 51.4623 -0.3419 -0.9162 -0.2090 0.5689 0.0297
 18 33.6399 -1.9466 51.3689 -0.3270 -0.9344 -0.1415 0.5689 0.0277
 18 33.5780 -1.8641 51.5365 0.2039 -0.6539 0.7286 0.5709 0.0297
charger_material_0.bmp
 18 33.5780 -1.8641 51.5365 0.2039 -0.6539 0.7286 0.5709 0.0297
 18 33.6399 -1.9466 51.3689 -0.3270 -0.9344 -0.1415 0.5689 0.0277
 18 33.7381 -1.9115 51.4650 0.2811 -0.7154 0.6397 0.5709 0.0277
charger_material_0.bmp
 18 33.6399 -1.9466 51.3689 -0.3270 -0.9344 -0.1415 0.5689 0.0277
 18 34.0216 -1.9765 51.1164 0.5420 -0.7371 -0.4037 0.5689 0.0238
 18 33.7381 -1.9115 51.4650 0.2811 -0.7154 0.6397 0.5709 0.0277
charger_material_0.bmp
 18 33.7381 -1.9115 51.4650 0.2811 -0.7154 0.6397 0.5709 0.0277
 18 34.0216 -1.9765 51.1164 0.5420 -0.7371 -0.4037 0.5689 0.0238
 18 34.0894 -1.9886 51.1546 0.6173 -0.7855 -0.0431 0.5689 0.0238
charger_material_0.bmp
 18 34.0216 -1.9765 51.1164 0.5420 -0.7371 -0.4037 0.5689 0.0238
 18 34.1269 -1.7806 51.1985 0.9257 0.0424 0.3759 0.5709 0.0238
 18 34.0894 -1.9886 51.1546 0.6173 -0.7855 -0.0431 0.5689 0.0238
charger_material_0.bmp
 18 34.0894 -1.9886 51.1546 0.6173 -0.7855 -0.0431 0.5689 0.0238
 18 34.1269 -1.7806 51.1985 0.9257 0.0424 0.3759 0.5709 0.0238
 18 33.7381 -1.9115 51.4650 0.2811 -0.7154 0.6397 0.5709 0.0277
charger_material_0.bmp
 18 34.1269 -1.7806 51.1985 0.9257 0.0424 0.3759 0.5709 0.0238
 18 33.8097 -1.7019 51.4724 0.5409 0.0650 0.8386 0.5728 0.0257
 18 33.7381 -1.9115 51.4650 0.2811 -0.7154 0.6397 0.5709 0.0277
charger_material_0.bmp
 18 33.7381 -1.9115 51.4650 0.2811 -0.7154 0.6397 0.5709 0.0277
 18 33.8097 -1.7019 51.4724 0.5409 0.0650 0.8386 0.5728 0.0257
 18 33.5780 -1.8641 51.5365 0.2039 -0.6539 0.7286 0.5709 0.0297
charger_material_0.bmp
 18 33.8097 -1.7019 51.4724 0.5409 0.0650 0.8386 0.5728 0.0257
 18 33.6414 -1.6651 51.5550 0.5080 0.1076 0.8546 0.5728 0.0277
 18 33.5780 -1.8641 51.5365 0.2039 -0.6539 0.7286 0.5709 0.0297
charger_material_0.bmp
 18 33.5780 -1.8641 51.5365 0.2039 -0.6539 0.7286 0.5709 0.0297
 18 33.6414 -1.6651 51.5550 0.5080 0.1076 0.8546 0.5728 0.0277
 18 33.1743 -1.7911 51.7238 0.2333 -0.7498 0.6192 0.5709 0.0337
charger_material_0.bmp
 18 33.6414 -1.6651 51.5550 0.5080 0.1076 0.8546 0.5728 0.0277
 18 33.2136 -1.5636 51.7785 0.5711 0.1270 0.8110 0.5728 0.0337
 18 33.1743 -1.7911 51.7238 0.2333 -0.7498 0.6192 0.5709 0.0337
charger_material_0.bmp
 18 33.1743 -1.7911 51.7238 0.2333 -0.7498 0.6192 0.5709 0.0337
 18 33.2136 -1.5636 51.7785 0.5711 0.1270 0.8110 0.5728 0.0337
 18 32.9816 -1.7757 51.8402 0.2362 -0.8319 0.5022 0.5709 0.0376
charger_material_0.bmp
  4 0.1500 -5.0249 60.9614 -0.4210 -0.8845 -0.2011 0.8996 0.5386
  4 0.2200 -5.0165 60.8987 0.1145 -0.9345 -0.3369 0.8996 0.5386
  4 0.1600 -5.0389 60.9947 -0.4238 -0.6481 -0.6327 0.8996 0.5386
charger_material_0.bmp
  4 0.1600 -5.0389 60.9947 -0.4238 -0.6481 -0.6327 0.8996 0.5386
  4 0.2200 -5.0165 60.8987 0.1145 -0.9345 -0.3369 0.8996 0.5386
  4 0.2300 -5.0721 60.9806 0.1088 -0.6908 -0.7148 0.8996 0.5386
charger_material_0.bmp
  4 0.2200 -5.0165 60.8987 0.1145 -0.9345 -0.3369 0.8996 0.5386
  4 0.3100 -5.0408 60.9848 0.7148 -0.6308 -0.3018 0.9016 0.5406
  4 0.2300 -5.0721 60.9806 0.1088 -0.6908 -0.7148 0.8996 0.5386
charger_material_0.bmp
  4 0.2300 -5.0721 60.9806 0.1088 -0.6908 -0.7148 0.8996 0.5386
  4 0.3100 -5.0408 60.9848 0.7148 -0.6308 -0.3018 0.9016 0.5406
  4 0.3000 -5.1478 61.1173 0.8191 -0.4261 -0.3841 0.8996 0.5426
charger_material_0.bmp
  4 0.3100 -5.0408 60.9848 0.7148 -0.6308 -0.3018 0.9016 0.5406
  4 0.3200 -4.9995 61.2009 0.9379 -0.3463 -0.0212 0.9016 0.5446
  4 0.3000 -5.1478 61.1173 0.8191 -0.4261 -0.3841 0.8996 0.5426
charger_material_0.bmp
  4 0.3000 -5.1478 61.1173 0.8191 -0.4261 -0.3841 0.8996 0.5426
  4 0.3200 -4.9995 61.2009 0.9379 -0.3463 -0.0212 0.9016 0.5446
  4 0.2600 -5.2862 61.2455 0.9185 -0.3952 -0.0093 0.8976 0.5465
charger_material_0.bmp
  4 0.3200 -4.9995 61.2009 0.9379 -0.3463 -0.0212 0.9016 0.5446
  4 0.2700 -5.2131 61.4148 0.8650 -0.4528 -0.2163 0.8996 0.5485
  4 0.2600 -5.2862 61.2455 0.9185 -0.3952 -0.0093 0.8976 0.5465
charger_material_0.bmp
  4 0.2600 -5.2862 61.2455 0.9185 -0.3952 -0.0093 0.8976 0.5465
  4 0.2700 -5.2131 61.4148 0.8650 -0.4528 -0.2163 0.8996 0.5485
  4 0.1300 -5.4948 61.3261 0.8675 -0.4962 -0.0352 0.8957 0.5485
charger_material_0.bmp
  4 0.2700 -5.2131 61.4148 0.8650 -0.4528 -0.2163 0.8996 0.5485
  4 0.1300 -5.4904 61.5086 0.8298 -0.5419 -0.1333 0.8957 0.5505
  4 0.1300 -5.4948 61.3261 0.8675 -0.4962 -0.0352 0.8957 0.5485
charger_material_0.bmp
  4 0.1300 -5.4948 61.3261 0.8675 -0.4962 -0.0352 0.8957 0.5485
  4 0.1300 -5.4904 61.5086 0.8298 -0.5419 -0.1333 0.8957 0.5505
  4 -0.0400 -5.8638 61.3662 0.7974 -0.5674 -0.2056 0.8878 0.5505
charger_material_0.bmp
  4 0.1300 -5.4904 61.5086 0.8298 -0.5419 -0.1333 0.8957 0.5505
  4 -0.0200 -5.8731 61.5308 0.8177 -0.5754 -0.0131 0.8878 0.5525
  4 -0.0400 -5.8638 61.3662 0.7974 -0.5674 -0.2056 0.8878 0.5505
charger_material_0.bmp
  4 -0.0400 -5.8638 61.3662 0.7974 -0.5674 -0.2056 0.8878 0.5505
  4 -0.0200 -5.8731 61.5308 0.8177 -0.5754 -0.0131 0.8878 0.5525
  4 -0.2700 -6.1407 61.4089 0.5387 -0.8207 -0.1905 0.8819 0.5505
charger_material_0.bmp
  4 -0.0200 -5.8731 61.5308 0.8177 -0.5754 -0.0131 0.8878 0.5525
  4 -0.2500 -6.1261 61.5385 0.4904 -0.8659 0.0983 0.8839 0.5525
  4 -0.2700 -6.1407 61.4089 0.5387 -0.8207 -0.1905 0.8819 0.5505
charger_material_0.bmp
  4 -0.2700 -6.1407 61.4089 0.5387 -0.8207 -0.1905 0.8819 0.5505
  4 -0.2500 -6.1261 61.5385 0.4904 -0.8659 0.0983 0.8839 0.5525
  4 -0.5000 -6.2047 61.5535 0.1660 -0.9688 0.1842 0.8799 0.5525
charger_material_0.bmp
  4 -0.2500 -6.1261 61.5385 0.4904 -0.8659 0.0983 0.8839 0.5525
  4 -0.3800 -6.0917 61.8781 0.0895 -0.9802 0.1768 0.8819 0.5584
  4 -0.5000 -6.2047 61.5535 0.1660 -0.9688 0.1842 0.8799 0.5525
charger_material_0.bmp
  4 -0.5000 -6.2047 61.5535 0.1660 -0.9688 0.1842 0.8799 0.5525
  4 -0.3800 -6.0917 61.8781 0.0895 -0.9802 0.1768 0.8819 0.5584
  4 -0.6900 -6.1371 61.9071 0.1481 -0.8757 0.4597 0.8760 0.5584
charger_material_0.bmp
  4 -0.3800 -6.0917 61.8781 0.0895 -0.9802 0.1768 0.8819 0.5584
  4 -0.6800 -5.9119 62.1797 0.0488 -0.9641 0.2610 0.8780 0.5624
  4 -0.6900 -6.1371 61.9071 0.1481 -0.8757 0.4597 0.8760 0.5584
charger_material_0.bmp
  1 6.3900 2.9162 43.2113 0.7604 0.3674 0.5356 0.3051 0.2040
  1 7.2300 2.2762 41.0113 0.9109 0.3075 0.2751 0.2953 0.1703
  1 5.8700 4.4462 41.0913 0.7038 0.6708 0.2340 0.3248 0.1743
charger_material_0.bmp
  1 5.8700 4.4462 41.0913 0.7038 0.6708 0.2340 0.3248 0.1743
  1 7.2300 2.2762 41.0113 0.9109 0.3075 0.2751 0.2953 0.1703
  1 7.7400 2.5862 39.5113 0.8895 0.3312 0.3147 0.2972 0.1465
charger_material_0.bmp
  1 7.2300 2.2762 41.0113 0.9109 0.3075 0.2751 0.2953 0.1703
  1 8.0300 0.2962 39.6713 0.9510 -0.0306 0.3076 0.2736 0.1505
  1 7.7400 2.5862 39.5113 0.8895 0.3312 0.3147 0.2972 0.1465
charger_material_0.bmp
  1 7.7400 2.5862 39.5113 0.8895 0.3312 0.3147 0.2972 0.1465
  1 8.0300 0.2962 39.6713 0.9510 -0.0306 0.3076 0.2736 0.1505
 10 8.4928 0.2398 37.9107 0.9754 -0.0363 0.2175 0.2717 0.1228
charger_material_0.bmp
  1 8.0300 0.2962 39.6713 0.9510 -0.0306 0.3076 0.2736 0.1505
  1 7.5000 -2.5238 39.2413 0.8889 -0.3500 0.2957 0.2461 0.1505
 10 8.4928 0.2398 37.9107 0.9754 -0.0363 0.2175 0.2717 0.1228
charger_material_0.bmp
 10 8.4928 0.2398 37.9107 0.9754 -0.0363 0.2175 0.2717 0.1228
  1 7.5000 -2.5238 39.2413 0.8889 -0.3500 0.2957 0.2461 0.1505
 10 8.0412 -2.6600 37.4008 0.9031 -0.4118 0.1220 0.2480 0.1267
charger_material_0.bmp
  1 7.5000 -2.5238 39.2413 0.8889 -0.3500 0.2957 0.2461 0.1505
 10 6.0901 -4.8707 38.5190 0.6417 -0.7545 0.1378 0.2205 0.1485
 10 8.0412 -2.6600 37.4008 0.9031 -0.4118 0.1220 0.2480 0.1267
charger_material_0.bmp
 10 8.0412 -2.6600 37.4008 0.9031 -0.4118 0.1220 0.2480 0.1267
 10 6.0901 -4.8707 38.5190 0.6417 -0.7545 0.1378 0.2205 0.1485
 10 6.4543 -4.5521 36.4107 0.6467 -0.7529 -0.1223 0.2224 0.1248
charger_material_0.bmp
 10 6.0901 -4.8707 38.5190 0.6417 -0.7545 0.1378 0.2205 0.1485
 10 4.2218 -5.9343 36.7297 0.3706 -0.9243 -0.0910 0.1969 0.1347
 10 6.4543 -4.5521 36.4107 0.6467 -0.7529 -0.1223 0.2224 0.1248
charger_material_0.bmp
 10 6.4543 -4.5521 36.4107 0.6467 -0.7529 -0.1223 0.2224 0.1248
 10 4.2218 -5.9343 36.7297 0.3706 -0.9243 -0.0910 0.1969 0.1347
 10 4.4956 -5.2804 35.0391 0.4064 -0.8617 -0.3039 0.2028 0.1149
charger_material_0.bmp
 10 4.2218 -5.9343 36.7297 0.3706 -0.9243 -0.0910 0.1969 0.1347
 10 1.8661 -6.3981 35.5112 0.1400 -0.9498 -0.2799 0.1713 0.1267
 10 4.4956 -5.2804 35.0391 0.4064 -0.8617 -0.3039 0.2028 0.1149
charger_material_0.bmp
 10 4.4956 -5.2804 35.0391 0.4064 -0.8617 -0.3039 0.2028 0.1149
 10 1.8661 -6.3981 35.5112 0.1400 -0.9498 -0.2799 0.1713 0.1267
 10 2.4759 -5.2860 33.4212 0.1452 -0.8750 -0.4618 0.1772 0.1010
charger_material_0.bmp
 10 1.8661 -6.3981 35.5112 0.1400 -0.9498 -0.2799 0.1713 0.1267
  9 -0.8531 -5.2916 33.0495 -0.0651 -0.8224 -0.5651 0.1398 0.0990
 10 2.4759 -5.2860 33.4212 0.1452 -0.8750 -0.4618 0.1772 0.1010
charger_material_0.bmp
 10 2.4759 -5.2860 33.4212 0.1452 -0.8750 -0.4618 0.1772 0.1010
  9 -0.8531 -5.2916 33.0495 -0.0651 -0.8224 -0.5651 0.1398 0.0990
 10 1.0418 -3.2360 30.5811 -0.1903 -0.7415 -0.6434 0.1575 0.0673
charger_material_0.bmp
  9 -0.8531 -5.2916 33.0495 -0.0651 -0.8224 -0.5651 0.1398 0.0990
  9 -0.4377 -3.1443 30.6991 -0.1042 -0.5518 -0.8275 0.1417 0.0713
 10 1.0418 -3.2360 30.5811 -0.1903 -0.7415 -0.6434 0.1575 0.0673
charger_material_0.bmp
 10 1.0418 -3.2360 30.5811 -0.1903 -0.7415 -0.6434 0.1575 0.0673
  9 -0.4377 -3.1443 30.6991 -0.1042 -0.5518 -0.8275 0.1417 0.0713
 10 0.4333 -1.5709 29.6931 -0.3366 -0.4664 -0.8181 0.1476 0.0495
charger_material_0.bmp
  9 -0.4377 -3.1443 30.6991 -0.1042 -0.5518 -0.8275 0.1417 0.0713
  9 -0.2441 -1.3634 29.7696 -0.2265 -0.3595 -0.9052 0.1417 0.0495
 10 0.4333 -1.5709 29.6931 -0.3366 -0.4664 -0.8181 0.1476 0.0495
charger_material_0.bmp
 18 33.1271 -2.6431 51.3255 -0.4991 -0.8363 -0.2269 0.5472 0.0376
 18 32.7067 -2.4337 51.5934 -0.4786 -0.8552 -0.1988 0.5512 0.0436
 18 32.7567 -2.3383 51.4772 -0.5652 -0.0823 -0.8209 0.5492 0.0436
charger_material_0.bmp
 18 32.7567 -2.3383 51.4772 -0.5652 -0.0823 -0.8209 0.5492 0.0436
 18 32.7067 -2.4337 51.5934 -0.4786 -0.8552 -0.1988 0.5512 0.0436
 18 32.5805 -2.2820 51.5724 -0.4694 -0.1781 -0.8648 0.5492 0.0455
charger_material_0.bmp
 18 32.7067 -2.4337 51.5934 -0.4786 -0.8552 -0.1988 0.5512 0.0436
 18 32.5224 -2.3578 51.7011 -0.4244 -0.8732 -0.2394 0.5512 0.0455
 18 32.5805 -2.2820 51.5724 -0.4694 -0.1781 -0.8648 0.5492 0.0455
charger_material_0.bmp
 18 32.5805 -2.2820 51.5724 -0.4694 -0.1781 -0.8648 0.5492 0.0455
 18 32.5224 -2.3578 51.7011 -0.4244 -0.8732 -0.2394 0.5512 0.0455
 18 31.9939 -2.0508 51.8202 -0.2396 -0.3872 -0.8903 0.5531 0.0535
charger_material_0.bmp
 18 32.5224 -2.3578 51.7011 -0.4244 -0.8732 -0.2394 0.5512 0.0455
 18 31.9536 -2.1861 51.9328 -0.3419 -0.9162 -0.2090 0.5551 0.0515
 18 31.9939 -2.0508 51.8202 -0.2396 -0.3872 -0.8903 0.5531 0.0535
charger_material_0.bmp
 18 31.9939 -2.0508 51.8202 -0.2396 -0.3872 -0.8903 0.5531 0.0535
 18 31.9536 -2.1861 51.9328 -0.3419 -0.9162 -0.2090 0.5551 0.0515
 18 31.7671 -1.9689 51.8035 -0.2484 -0.4586 -0.8532 0.5531 0.0554
charger_material_0.bmp
 18 31.9536 -2.1861 51.9328 -0.3419 -0.9162 -0.2090 0.5551 0.0515
 18 31.7113 -2.1081 52.0000 -0.3732 -0.9116 -0.1722 0.5571 0.0554
 18 31.7671 -1.9689 51.8035 -0.2484 -0.4586 -0.8532 0.5531 0.0554
charger_material_0.bmp
 18 31.7671 -1.9689 51.8035 -0.2484 -0.4586 -0.8532 0.5531 0.0554
 18 31.7113 -2.1081 52.0000 -0.3732 -0.9116 -0.1722 0.5571 0.0554
 18 31.2563 -1.7213 51.9064 -0.1038 -0.5458 -0.8315 0.5531 0.0614
charger_material_0.bmp
 18 31.7113 -2.1081 52.0000 -0.3732 -0.9116 -0.1722 0.5571 0.0554
 18 31.2253 -1.8717 52.1285 -0.2281 -0.9435 -0.2405 0.5571 0.0614
 18 31.2563 -1.7213 51.9064 -0.1038 -0.5458 -0.8315 0.5531 0.0614
charger_material_0.bmp
 18 31.2563 -1.7213 51.9064 -0.1038 -0.5458 -0.8315 0.5531 0.0614
 18 31.2253 -1.8717 52.1285 -0.2281 -0.9435 -0.2405 0.5571 0.0614
 18 31.0348 -1.8035 51.9725 0.8971 -0.4380 -0.0584 0.5531 0.0614
charger_material_0.bmp
 18 31.2253 -1.8717 52.1285 -0.2281 -0.9435 -0.2405 0.5571 0.0614
 18 30.9804 -1.8404 52.1228 0.2502 -0.9424 0.2220 0.5551 0.0634
 18 31.0348 -1.8035 51.9725 0.8971 -0.4380 -0.0584 0.5531 0.0614
charger_material_0.bmp
 18 31.0348 -1.8035 51.9725 0.8971 -0.4380 -0.0584 0.5531 0.0614
 18 30.9804 -1.8404 52.1228 0.2502 -0.9424 0.2220 0.5551 0.0634
 18 31.0313 -2.1926 51.9444 0.4455 -0.3594 0.8199 0.5492 0.0634
charger_material_0.bmp
 18 30.9804 -1.8404 52.1228 0.2502 -0.9424 0.2220 0.5551 0.0634
 18 30.4982 -1.9650 52.2638 -0.1144 -0.8256 0.5525 0.5531 0.0693
 18 31.0313 -2.1926 51.9444 0.4455 -0.3594 0.8199 0.5492 0.0634
charger_material_0.bmp
 18 31.0313 -2.1926 51.9444 0.4455 -0.3594 0.8199 0.5492 0.0634
 18 30.4982 -1.9650 52.2638 -0.1144 -0.8256 0.5525 0.5531 0.0693
 18 30.8557 -2.3084 51.8685 -0.4647 -0.8232 0.3262 0.5453 0.0653
charger_material_0.bmp
 18 30.4982 -1.9650 52.2638 -0.1144 -0.8256 0.5525 0.5531 0.0693
 18 30.3674 -1.9841 52.0422 -0.6570 -0.7406 -0.1409 0.5472 0.0713
 18 30.8557 -2.3084 51.8685 -0.4647 -0.8232 0.3262 0.5453 0.0653
charger_material_0.bmp
 18 30.8557 -2.3084 51.8685 -0.4647 -0.8232 0.3262 0.5453 0.0653
 18 30.3674 -1.9841 52.0422 -0.6570 -0.7406 -0.1409 0.5472 0.0713
 18 30.8400 -2.2162 51.6113 -0.6688 -0.4447 -0.5957 0.5394 0.0673
charger_material_0.bmp
 18 30.3674 -1.9841 52.0422 -0.6570 -0.7406 -0.1409 0.5472 0.0713
 18 30.3977 -1.8208 51.7599 -0.6379 -0.3334 -0.6942 0.5433 0.0733
 18 30.8400 -2.2162 51.6113 -0.6688 -0.4447 -0.5957 0.5394 0.0673
charger_material_0.bmp
 18 23.6142 2.0227 53.6817 0.4105 0.9119 0.0048 0.5945 0.1723
 18 23.3144 1.9786 54.2211 0.3830 0.7264 0.5706 0.5886 0.1782
 18 23.6888 1.8027 54.0951 0.4355 0.6947 0.5725 0.5886 0.1723
charger_material_0.bmp
 18 23.6888 1.8027 54.0951 0.4355 0.6947 0.5725 0.5886 0.1723
 18 23.3144 1.9786 54.2211 0.3830 0.7264 0.5706 0.5886 0.1782
 18 23.3536 1.5554 54.4889 0.3954 0.2330 0.8885 0.5827 0.1782
charger_material_0.bmp
 18 23.3144 1.9786 54.2211 0.3830 0.7264 0.5706 0.5886 0.1782
 18 22.9770 1.6319 54.6003 0.2589 0.3004 0.9180 0.5827 0.1822
 18 23.3536 1.5554 54.4889 0.3954 0.2330 0.8885 0.5827 0.1782
charger_material_0.bmp
 18 23.3536 1.5554 54.4889 0.3954 0.2330 0.8885 0.5827 0.1782
 18 22.9770 1.6319 54.6003 0.2589 0.3004 0.9180 0.5827 0.1822
 18 22.9373 0.9891 54.6479 0.1830 -0.2732 0.9444 0.5728 0.1842
charger_material_0.bmp
 18 22.9770 1.6319 54.6003 0.2589 0.3004 0.9180 0.5827 0.1822
 18 22.4285 1.0689 54.7018 0.1130 -0.2613 0.9586 0.5728 0.1921
 18 22.9373 0.9891 54.6479 0.1830 -0.2732 0.9444 0.5728 0.1842
charger_material_0.bmp
 18 22.9373 0.9891 54.6479 0.1830 -0.2732 0.9444 0.5728 0.1842
 18 22.4285 1.0689 54.7018 0.1130 -0.2613 0.9586 0.5728 0.1921
 18 22.6840 0.5434 54.3566 -0.0190 -0.7585 0.6514 0.5650 0.1842
charger_material_0.bmp
 18 22.4285 1.0689 54.7018 0.1130 -0.2613 0.9586 0.5728 0.1921
 18 22.2746 0.6606 54.4555 0.0700 -0.6638 0.7447 0.5650 0.1921
 18 22.6840 0.5434 54.3566 -0.0190 -0.7585 0.6514 0.5650 0.1842
charger_material_0.bmp
 18 22.6840 0.5434 54.3566 -0.0190 -0.7585 0.6514 0.5650 0.1842
 18 22.2746 0.6606 54.4555 0.0700 -0.6638 0.7447 0.5650 0.1921
 18 22.2075 0.4159 54.1304 0.0620 -0.9042 0.4227 0.5591 0.1901
charger_material_0.bmp
 18 22.2746 0.6606 54.4555 0.0700 -0.6638 0.7447 0.5650 0.1921
 18 21.4663 0.4210 54.3035 0.1077 -0.8337 0.5416 0.5571 0.2040
 18 22.2075 0.4159 54.1304 0.0620 -0.9042 0.4227 0.5591 0.1901
charger_material_0.bmp
 18 22.2075 0.4159 54.1304 0.0620 -0.9042 0.4227 0.5591 0.1901
 18 21.4663 0.4210 54.3035 0.1077 -0.8337 0.5416 0.5571 0.2040
 18 21.3942 0.2276 53.9512 0.0765 -0.9711 0.2261 0.5512 0.2020
charger_material_0.bmp
 18 21.4663 0.4210 54.3035 0.1077 -0.8337 0.5416 0.5571 0.2040
 18 19.0501 0.3104 54.5358 0.0122 -0.9795 0.2011 0.5472 0.2218
 18 21.3942 0.2276 53.9512 0.0765 -0.9711 0.2261 0.5512 0.2020
charger_material_0.bmp
 18 21.3942 0.2276 53.9512 0.0765 -0.9711 0.2261 0.5512 0.2020
 18 19.0501 0.3104 54.5358 0.0122 -0.9795 0.2011 0.5472 0.2218
 18 19.0597 0.3119 54.0766 -0.1071 -0.9718 -0.2100 0.5413 0.2198
charger_material_0.bmp
 18 19.0501 0.3104 54.5358 0.0122 -0.9795 0.2011 0.5472 0.2218
 18 17.2188 0.4191 54.5218 -0.1236 -0.9469 -0.2968 0.5394 0.2356
 18 19.0597 0.3119 54.0766 -0.1071 -0.9718 -0.2100 0.5413 0.2198
charger_material_0.bmp
 18 19.0597 0.3119 54.0766 -0.1071 -0.9718 -0.2100 0.5413 0.2198
 18 17.2188 0.4191 54.5218 -0.1236 -0.9469 -0.2968 0.5394 0.2356
 18 17.2851 0.6915 54.0450 -0.2300 -0.6958 -0.6804 0.5315 0.2317
charger_material_0.bmp
 18 17.2188 0.4191 54.5218 -0.1236 -0.9469 -0.2968 0.5394 0.2356
 18 15.4946 0.7433 54.6007 0.0199 -0.7255 -0.6880 0.5315 0.2554
 18 17.2851 0.6915 54.0450 -0.2300 -0.6958 -0.6804 0.5315 0.2317
charger_material_0.bmp
 18 17.2851 0.6915 54.0450 -0.2300 -0.6958 -0.6804 0.5315 0.2317
 18 15.4946 0.7433 54.6007 0.0199 -0.7255 -0.6880 0.5315 0.2554
 18 15.6245 1.1667 54.3130 -0.1351 -0.3004 -0.9442 0.5256 0.2515
charger_material_0.bmp
 18 15.4946 0.7433 54.6007 0.0199 -0.7255 -0.6880 0.5315 0.2554
 18 13.2895 0.1784 54.4686 0.1589 -0.2046 -0.9659 0.5177 0.2733
 18 15.6245 1.1667 54.3130 -0.1351 -0.3004 -0.9442 0.5256 0.2515
charger_material_0.bmp
  2 2.3002 6.7869 46.8598 0.2458 0.9253 -0.2888 0.3720 0.2515
  2 1.0102 7.1865 47.2502 0.8398 0.4810 -0.2520 0.3858 0.2535
  2 2.3803 7.3456 48.4103 0.2978 0.9193 -0.2573 0.3760 0.2693
charger_material_0.bmp
  2 2.3803 7.3456 48.4103 0.2978 0.9193 -0.2573 0.3760 0.2693
  2 1.0102 7.1865 47.2502 0.8398 0.4810 -0.2520 0.3858 0.2535
  2 1.2103 7.5754 48.6605 0.6862 0.6795 -0.2595 0.3878 0.2673
charger_material_0.bmp
  2 1.0102 7.1865 47.2502 0.8398 0.4810 -0.2520 0.3858 0.2535
  2 1.3203 8.0155 48.5509 0.9359 0.3249 -0.1363 0.3937 0.2673
  2 1.2103 7.5754 48.6605 0.6862 0.6795 -0.2595 0.3878 0.2673
charger_material_0.bmp
  2 1.2103 7.5754 48.6605 0.6862 0.6795 -0.2595 0.3878 0.2673
  2 1.3203 8.0155 48.5509 0.9359 0.3249 -0.1363 0.3937 0.2673
  3 1.4900 7.8618 50.0878 0.9164 0.3225 -0.2372 0.3898 0.2832
charger_material_0.bmp
  2 1.3203 8.0155 48.5509 0.9359 0.3249 -0.1363 0.3937 0.2673
  3 1.5600 8.0771 50.1243 0.9007 0.3935 -0.1838 0.3917 0.2851
  3 1.4900 7.8618 50.0878 0.9164 0.3225 -0.2372 0.3898 0.2832
charger_material_0.bmp
  3 1.4900 7.8618 50.0878 0.9164 0.3225 -0.2372 0.3898 0.2832
  3 1.5600 8.0771 50.1243 0.9007 0.3935 -0.1838 0.3917 0.2851
  3 1.8500 8.1276 51.8493 0.8302 0.5265 -0.1829 0.3898 0.3030
charger_material_0.bmp
  3 1.5600 8.0771 50.1243 0.9007 0.3935 -0.1838 0.3917 0.2851
  3 1.8800 8.3673 51.8327 0.7585 0.6322 -0.1582 0.3917 0.3030
  3 1.8500 8.1276 51.8493 0.8302 0.5265 -0.1829 0.3898 0.3030
charger_material_0.bmp
  3 1.8500 8.1276 51.8493 0.8302 0.5265 -0.1829 0.3898 0.3030
  3 1.8800 8.3673 51.8327 0.7585 0.6322 -0.1582 0.3917 0.3030
  3 2.3500 8.3834 54.4268 0.8101 0.5742 -0.1187 0.3898 0.3287
charger_material_0.bmp
  3 1.8800 8.3673 51.8327 0.7585 0.6322 -0.1582 0.3917 0.3030
  3 0.9700 8.7578 54.2645 -0.3003 0.9447 0.1319 0.4035 0.3248
  3 2.3500 8.3834 54.4268 0.8101 0.5742 -0.1187 0.3898 0.3287
charger_material_0.bmp
  3 2.3500 8.3834 54.4268 0.8101 0.5742 -0.1187 0.3898 0.3287
  3 0.9700 8.7578 54.2645 -0.3003 0.9447 0.1319 0.4035 0.3248
  4 1.6600 8.5857 56.8526 -0.1044 0.9653 0.2394 0.4016 0.3485
charger_material_0.bmp
  3 0.9700 8.7578 54.2645 -0.3003 0.9447 0.1319 0.4035 0.3248
  4 1.5200 8.3957 56.8177 -0.0931 0.9534 0.2869 0.4035 0.3485
  4 1.6600 8.5857 56.8526 -0.1044 0.9653 0.2394 0.4016 0.3485
charger_material_0.bmp
  4 1.6600 8.5857 56.8526 -0.1044 0.9653 0.2394 0.4016 0.3485
  4 1.5200 8.3957 56.8177 -0.0931 0.9534 0.2869 0.4035 0.3485
  4 2.3800 7.1668 60.1884 -0.0230 0.8685 0.4951 0.3996 0.3901
charger_material_0.bmp
  4 1.5200 8.3957 56.8177 -0.0931 0.9534 0.2869 0.4035 0.3485
  4 2.2000 6.9946 60.1398 -0.0341 0.8473 0.5300 0.4016 0.3901
  4 2.3800 7.1668 60.1884 -0.0230 0.8685 0.4951 0.3996 0.3901
charger_material_0.bmp
  4 2.3800 7.1668 60.1884 -0.0230 0.8685 0.4951 0.3996 0.3901
  4 2.2000 6.9946 60.1398 -0.0341 0.8473 0.5300 0.4016 0.3901
  4 2.6300 5.6811 62.1625 -0.2862 0.6928 0.6620 0.4016 0.4238
charger_material_0.bmp
  4 2.2000 6.9946 60.1398 -0.0341 0.8473 0.5300 0.4016 0.3901
  4 2.4800 5.5482 62.1064 0.1070 0.7314 0.6735 0.4035 0.4218
  4 2.6300 5.6811 62.1625 -0.2862 0.6928 0.6620 0.4016 0.4238
charger_material_0.bmp
  4 2.6300 5.6811 62.1625 -0.2862 0.6928 0.6620 0.4016 0.4238
  4 2.4800 5.5482 62.1064 0.1070 0.7314 0.6735 0.4035 0.4218
  4 2.7500 4.2411 63.3642 -0.1150 0.5735 0.8111 0.4035 0.4515
charger_material_0.bmp
 18 30.4982 -1.9650 52.2638 -0.1144 -0.8256 0.5525 0.5531 0.0693
 18 30.9804 -1.8404 52.1228 0.2502 -0.9424 0.2220 0.5551 0.0634
 18 30.7120 -1.7768 52.4991 -0.0432 -0.8138 0.5795 0.5591 0.0693
charger_material_0.bmp
 18 30.7120 -1.7768 52.4991 -0.0432 -0.8138 0.5795 0.5591 0.0693
 18 30.9804 -1.8404 52.1228 0.2502 -0.9424 0.2220 0.5551 0.0634
 18 31.2592 -1.9235 52.3742 -0.1795 -0.9279 0.3268 0.5610 0.0614
charger_material_0.bmp
 18 30.9804 -1.8404 52.1228 0.2502 -0.9424 0.2220 0.5551 0.0634
 18 31.2253 -1.8717 52.1285 -0.2281 -0.9435 -0.2405 0.5571 0.0614
 18 31.2592 -1.9235 52.3742 -0.1795 -0.9279 0.3268 0.5610 0.0614
charger_material_0.bmp
 18 31.2592 -1.9235 52.3742 -0.1795 -0.9279 0.3268 0.5610 0.0614
 18 31.2253 -1.8717 52.1285 -0.2281 -0.9435 -0.2405 0.5571 0.0614
 18 31.7546 -2.0870 52.1865 -0.2076 -0.9410 0.2673 0.5591 0.0554
charger_material_0.bmp
 18 31.2253 -1.8717 52.1285 -0.2281 -0.9435 -0.2405 0.5571 0.0614
 18 31.7113 -2.1081 52.0000 -0.3732 -0.9116 -0.1722 0.5571 0.0554
 18 31.7546 -2.0870 52.1865 -0.2076 -0.9410 0.2673 0.5591 0.0554
charger_material_0.bmp
 18 31.7546 -2.0870 52.1865 -0.2076 -0.9410 0.2673 0.5591 0.0554
 18 31.7113 -2.1081 52.0000 -0.3732 -0.9116 -0.1722 0.5571 0.0554
 18 31.9844 -2.1170 52.1645 0.1121 -0.8101 0.5755 0.5591 0.0515
charger_material_0.bmp
 18 31.7113 -2.1081 52.0000 -0.3732 -0.9116 -0.1722 0.5571 0.0554
 18 31.9536 -2.1861 51.9328 -0.3419 -0.9162 -0.2090 0.5551 0.0515
 18 31.9844 -2.1170 52.1645 0.1121 -0.8101 0.5755 0.5591 0.0515
charger_material_0.bmp
 18 31.9844 -2.1170 52.1645 0.1121 -0.8101 0.5755 0.5591 0.0515
 18 31.9536 -2.1861 51.9328 -0.3419 -0.9162 -0.2090 0.5551 0.0515
 18 32.5239 -2.3336 51.8240 0.1121 -0.8101 0.5755 0.5551 0.0455
charger_material_0.bmp
 18 31.9536 -2.1861 51.9328 -0.3419 -0.9162 -0.2090 0.5551 0.0515
 18 32.5224 -2.3578 51.7011 -0.4244 -0.8732 -0.2394 0.5512 0.0455
 18 32.5239 -2.3336 51.8240 0.1121 -0.8101 0.5755 0.5551 0.0455
charger_material_0.bmp
 18 32.5239 -2.3336 51.8240 0.1121 -0.8101 0.5755 0.5551 0.0455
 18 32.5224 -2.3578 51.7011 -0.4244 -0.8732 -0.2394 0.5512 0.0455
 18 32.6966 -2.3990 51.7088 0.0690 -0.7766 0.6262 0.5531 0.0436
charger_material_0.bmp
 18 32.5224 -2.3578 51.7011 -0.4244 -0.8732 -0.2394 0.5512 0.0455
 18 32.7067 -2.4337 51.5934 -0.4786 -0.8552 -0.1988 0.5512 0.0436
 18 32.6966 -2.3990 51.7088 0.0690 -0.7766 0.6262 0.5531 0.0436
charger_material_0.bmp
 18 32.6966 -2.3990 51.7088 0.0690 -0.7766 0.6262 0.5531 0.0436
 18 32.7067 -2.4337 51.5934 -0.4786 -0.8552 -0.1988 0.5512 0.0436
 18 33.1948 -2.5906 51.4786 0.1239 -0.7101 0.6931 0.5492 0.0376
charger_material_0.bmp
 18 32.7067 -2.4337 51.5934 -0.4786 -0.8552 -0.1988 0.5512 0.0436
 18 33.1271 -2.6431 51.3255 -0.4991 -0.8363 -0.2269 0.5472 0.0376
 18 33.1948 -2.5906 51.4786 0.1239 -0.7101 0.6931 0.5492 0.0376
charger_material_0.bmp
 18 33.1948 -2.5906 51.4786 0.1239 -0.7101 0.6931 0.5492 0.0376
 18 33.1271 -2.6431 51.3255 -0.4991 -0.8363 -0.2269 0.5472 0.0376
 18 33.4310 -2.6843 51.3201 0.2333 -0.7498 0.6192 0.5472 0.0356
charger_material_0.bmp
 18 33.1271 -2.6431 51.3255 -0.4991 -0.8363 -0.2269 0.5472 0.0376
 18 33.3570 -2.7278 51.1889 -0.2520 -0.9623 -0.1019 0.5472 0.0376
 18 33.4310 -2.6843 51.3201 0.2333 -0.7498 0.6192 0.5472 0.0356
charger_material_0.bmp
 18 33.4310 -2.6843 51.3201 0.2333 -0.7498 0.6192 0.5472 0.0356
 18 33.3570 -2.7278 51.1889 -0.2520 -0.9623 -0.1019 0.5472 0.0376
 18 33.6488 -2.7457 51.1157 0.6287 -0.7672 0.1266 0.5453 0.0356
charger_material_0.bmp
 18 9.6178 1.5602 59.4907 0.5711 0.1270 0.8110 0.5787 0.3386
 18 10.6193 1.6138 58.0436 0.6450 0.1212 0.7545 0.5787 0.3248
 18 10.4830 2.0028 58.9407 0.7115 0.2430 0.6594 0.5846 0.3327
charger_material_0.bmp
 18 10.4830 2.0028 58.9407 0.7115 0.2430 0.6594 0.5846 0.3327
 18 10.6193 1.6138 58.0436 0.6450 0.1212 0.7545 0.5787 0.3248
 18 11.0700 2.1569 57.7349 0.5103 0.4265 0.7468 0.5846 0.3188
charger_material_0.bmp
 18 10.6193 1.6138 58.0436 0.6450 0.1212 0.7545 0.5787 0.3248
 18 11.4003 1.5461 57.9215 0.2589 0.3004 0.9180 0.5768 0.3149
 18 11.0700 2.1569 57.7349 0.5103 0.4265 0.7468 0.5846 0.3188
charger_material_0.bmp
 18 11.0700 2.1569 57.7349 0.5103 0.4265 0.7468 0.5846 0.3188
 18 11.4003 1.5461 57.9215 0.2589 0.3004 0.9180 0.5768 0.3149
 18 11.6554 2.1507 57.5998 0.2152 0.5682 0.7942 0.5846 0.3129
charger_material_0.bmp
 18 11.4003 1.5461 57.9215 0.2589 0.3004 0.9180 0.5768 0.3149
 18 12.3158 2.0859 57.4281 0.2391 0.4205 0.8752 0.5846 0.3030
 18 11.6554 2.1507 57.5998 0.2152 0.5682 0.7942 0.5846 0.3129
charger_material_0.bmp
 18 11.6554 2.1507 57.5998 0.2152 0.5682 0.7942 0.5846 0.3129
 18 12.3158 2.0859 57.4281 0.2391 0.4205 0.8752 0.5846 0.3030
 18 12.2984 2.7546 56.8326 0.1610 0.8465 0.5074 0.5965 0.3010
charger_material_0.bmp
 18 12.3158 2.0859 57.4281 0.2391 0.4205 0.8752 0.5846 0.3030
 18 13.0551 2.6073 56.9144 0.0261 0.7335 0.6792 0.5925 0.2911
 18 12.2984 2.7546 56.8326 0.1610 0.8465 0.5074 0.5965 0.3010
charger_material_0.bmp
 18 12.2984 2.7546 56.8326 0.1610 0.8465 0.5074 0.5965 0.3010
 18 13.0551 2.6073 56.9144 0.0261 0.7335 0.6792 0.5925 0.2911
 18 13.2040 2.8477 56.0451 0.0178 0.9997 0.0182 0.6004 0.2851
charger_material_0.bmp
 18 13.0551 2.6073 56.9144 0.0261 0.7335 0.6792 0.5925 0.2911
 18 15.7375 3.2670 56.4777 0.0998 0.8347 0.5416 0.5906 0.2673
 18 13.2040 2.8477 56.0451 0.0178 0.9997 0.0182 0.6004 0.2851
charger_material_0.bmp
 18 13.2040 2.8477 56.0451 0.0178 0.9997 0.0182 0.6004 0.2851
 18 15.7375 3.2670 56.4777 0.0998 0.8347 0.5416 0.5906 0.2673
 18 15.9007 3.4108 55.7436 0.0205 0.9940 -0.1070 0.5984 0.2634
charger_material_0.bmp
 18 15.7375 3.2670 56.4777 0.0998 0.8347 0.5416 0.5906 0.2673
 18 17.6053 2.8759 55.8921 0.3169 0.8502 0.4204 0.5906 0.2436
 18 15.9007 3.4108 55.7436 0.0205 0.9940 -0.1070 0.5984 0.2634
charger_material_0.bmp
 18 15.9007 3.4108 55.7436 0.0205 0.9940 -0.1070 0.5984 0.2634
 18 17.6053 2.8759 55.8921 0.3169 0.8502 0.4204 0.5906 0.2436
 18 17.6971 2.8502 55.1525 0.1760 0.9637 -0.2007 0.5984 0.2376
charger_material_0.bmp
 18 17.6053 2.8759 55.8921 0.3169 0.8502 0.4204 0.5906 0.2436
 18 19.4652 2.5143 55.3195 0.2757 0.8704 0.4080 0.5886 0.2238
 18 17.6971 2.8502 55.1525 0.1760 0.9637 -0.2007 0.5984 0.2376
charger_material_0.bmp
 18 17.6971 2.8502 55.1525 0.1760 0.9637 -0.2007 0.5984 0.2376
 18 19.4652 2.5143 55.3195 0.2757 0.8704 0.4080 0.5886 0.2238
 18 19.4770 2.5406 54.7593 0.1220 0.9788 -0.1644 0.5965 0.2198
charger_material_0.bmp
 18 19.4652 2.5143 55.3195 0.2757 0.8704 0.4080 0.5886 0.2238
 18 21.6715 2.1936 54.6972 0.2669 0.8903 0.3691 0.5886 0.2040
 18 19.4770 2.5406 54.7593 0.1220 0.9788 -0.1644 0.5965 0.2198
charger_material_0.bmp
 18 19.4770 2.5406 54.7593 0.1220 0.9788 -0.1644 0.5965 0.2198
 18 21.6715 2.1936 54.6972 0.2669 0.8903 0.3691 0.5886 0.2040
 18 21.6689 2.2084 54.1696 0.0930 0.9888 -0.1167 0.5965 0.2020
charger_material_0.bmp
  4 1.2300 -2.8114 61.5157 0.9808 -0.0677 -0.1831 0.9429 0.5446
  4 1.1400 -3.2524 61.0196 0.9358 -0.0384 -0.3505 0.9331 0.5386
  4 1.0800 -2.7787 60.8883 0.9267 -0.3527 -0.1298 0.9390 0.5327
charger_material_0.bmp
  4 1.0800 -2.7787 60.8883 0.9267 -0.3527 -0.1298 0.9390 0.5327
  4 1.1400 -3.2524 61.0196 0.9358 -0.0384 -0.3505 0.9331 0.5386
  4 0.7500 -3.4526 60.3452 0.9090 -0.2190 -0.3547 0.9252 0.5248
charger_material_0.bmp
  4 1.1400 -3.2524 61.0196 0.9358 -0.0384 -0.3505 0.9331 0.5386
  4 0.8400 -3.6681 60.5493 0.8862 -0.0571 -0.4597 0.9232 0.5307
  4 0.7500 -3.4526 60.3452 0.9090 -0.2190 -0.3547 0.9252 0.5248
charger_material_0.bmp
  4 0.7500 -3.4526 60.3452 0.9090 -0.2190 -0.3547 0.9252 0.5248
  4 0.8400 -3.6681 60.5493 0.8862 -0.0571 -0.4597 0.9232 0.5307
  4 0.5200 -3.7817 60.0620 0.8526 -0.1540 -0.4993 0.9193 0.5188
charger_material_0.bmp
  4 0.8400 -3.6681 60.5493 0.8862 -0.0571 -0.4597 0.9232 0.5307
  4 0.7000 -4.0571 60.1656 0.8558 -0.0061 -0.5173 0.9154 0.5248
  4 0.5200 -3.7817 60.0620 0.8526 -0.1540 -0.4993 0.9193 0.5188
charger_material_0.bmp
  4 0.5200 -3.7817 60.0620 0.8526 -0.1540 -0.4993 0.9193 0.5188
  4 0.7000 -4.0571 60.1656 0.8558 -0.0061 -0.5173 0.9154 0.5248
  4 0.3200 -4.1360 59.7530 0.7385 -0.0286 -0.6737 0.9114 0.5149
charger_material_0.bmp
  4 0.7000 -4.0571 60.1656 0.8558 -0.0061 -0.5173 0.9154 0.5248
  4 0.4600 -4.3983 59.9253 0.7682 -0.1512 -0.6220 0.9075 0.5208
  4 0.3200 -4.1360 59.7530 0.7385 -0.0286 -0.6737 0.9114 0.5149
charger_material_0.bmp
  4 0.3200 -4.1360 59.7530 0.7385 -0.0286 -0.6737 0.9114 0.5149
  4 0.4600 -4.3983 59.9253 0.7682 -0.1512 -0.6220 0.9075 0.5208
  4 0.1700 -4.4097 59.6526 0.6280 -0.1502 -0.7636 0.9055 0.5129
charger_material_0.bmp
  4 0.4600 -4.3983 59.9253 0.7682 -0.1512 -0.6220 0.9075 0.5208
  4 0.2400 -4.7169 59.8030 0.6693 -0.1722 -0.7228 0.9016 0.5168
  4 0.1700 -4.4097 59.6526 0.6280 -0.1502 -0.7636 0.9055 0.5129
charger_material_0.bmp
  4 0.1700 -4.4097 59.6526 0.6280 -0.1502 -0.7636 0.9055 0.5129
  4 0.2400 -4.7169 59.8030 0.6693 -0.1722 -0.7228 0.9016 0.5168
  4 0.0000 -4.5894 59.5648 0.4123 -0.1867 -0.8917 0.8996 0.5109
charger_material_0.bmp
  4 0.2400 -4.7169 59.8030 0.6693 -0.1722 -0.7228 0.9016 0.5168
  4 0.0000 -4.8742 59.6193 0.4851 -0.1544 -0.8607 0.8957 0.5149
  4 0.0000 -4.5894 59.5648 0.4123 -0.1867 -0.8917 0.8996 0.5109
charger_material_0.bmp
  4 0.0000 -4.5894 59.5648 0.4123 -0.1867 -0.8917 0.8996 0.5109
  4 0.0000 -4.8742 59.6193 0.4851 -0.1544 -0.8607 0.8957 0.5149
  4 -0.3400 -4.7321 59.5106 0.0911 -0.1247 -0.9880 0.8898 0.5089
charger_material_0.bmp
  4 0.0000 -4.8742 59.6193 0.4851 -0.1544 -0.8607 0.8957 0.5149
  4 -0.2800 -5.1404 59.5582 0.2243 -0.2891 -0.9306 0.8878 0.5149
  4 -0.3400 -4.7321 59.5106 0.0911 -0.1247 -0.9880 0.8898 0.5089
charger_material_0.bmp
  4 -0.3400 -4.7321 59.5106 0.0911 -0.1247 -0.9880 0.8898 0.5089
  4 -0.2800 -5.1404 59.5582 0.2243 -0.2891 -0.9306 0.8878 0.5149
  4 -0.7300 -5.1718 59.5540 -0.0106 -0.1734 -0.9848 0.8799 0.5129
charger_material_0.bmp
  4 -0.2800 -5.1404 59.5582 0.2243 -0.2891 -0.9306 0.8878 0.5149
  4 -0.7200 -5.3448 59.6074 0.1761 -0.5090 -0.8425 0.8799 0.5168
  4 -0.7300 -5.1718 59.5540 -0.0106 -0.1734 -0.9848 0.8799 0.5129
charger_material_0.bmp
  4 4.6100 -3.0612 58.8247 0.7687 -0.5802 0.2690 0.2165 0.3901
  4 3.5500 -4.0658 57.7237 -0.2281 -0.8514 0.4723 0.2028 0.3782
  4 4.6100 -3.6411 57.6018 0.8710 -0.4418 0.2151 0.2165 0.3782
charger_material_0.bmp
  4 4.6100 -3.6411 57.6018 0.8710 -0.4418 0.2151 0.2165 0.3782
  4 3.5500 -4.0658 57.7237 -0.2281 -0.8514 0.4723 0.2028 0.3782
  3 4.4700 -4.9425 55.4725 0.7662 -0.6037 0.2203 0.2067 0.3584
charger_material_0.bmp
  4 3.5500 -4.0658 57.7237 -0.2281 -0.8514 0.4723 0.2028 0.3782
  3 3.3200 -5.3036 55.2108 -0.2060 -0.7863 0.5824 0.1949 0.3564
  3 4.4700 -4.9425 55.4725 0.7662 -0.6037 0.2203 0.2067 0.3584
charger_material_0.bmp
  3 4.4700 -4.9425 55.4725 0.7662 -0.6037 0.2203 0.2067 0.3584
  3 3.3200 -5.3036 55.2108 -0.2060 -0.7863 0.5824 0.1949 0.3564
  3 4.6400 -4.9688 54.0568 0.8234 -0.5424 0.1670 0.2087 0.3446
charger_material_0.bmp
  3 3.3200 -5.3036 55.2108 -0.2060 -0.7863 0.5824 0.1949 0.3564
  3 3.5500 -5.6954 54.0368 0.6964 -0.7057 0.1306 0.1949 0.3446
  3 4.6400 -4.9688 54.0568 0.8234 -0.5424 0.1670 0.2087 0.3446
charger_material_0.bmp
  3 4.6400 -4.9688 54.0568 0.8234 -0.5424 0.1670 0.2087 0.3446
  3 3.5500 -5.6954 54.0368 0.6964 -0.7057 0.1306 0.1949 0.3446
  3 4.9600 -4.7676 52.6963 0.9319 -0.3357 0.1376 0.2126 0.3287
charger_material_0.bmp
  3 3.5500 -5.6954 54.0368 0.6964 -0.7057 0.1306 0.1949 0.3446
  3 3.6900 -5.8939 52.2478 0.7045 -0.7097 0.0040 0.1949 0.3248
  3 4.9600 -4.7676 52.6963 0.9319 -0.3357 0.1376 0.2126 0.3287
charger_material_0.bmp
  3 4.9600 -4.7676 52.6963 0.9319 -0.3357 0.1376 0.2126 0.3287
  3 3.6900 -5.8939 52.2478 0.7045 -0.7097 0.0040 0.1949 0.3248
  3 5.1500 -4.4140 51.1680 0.9745 -0.2128 0.0710 0.2165 0.3109
charger_material_0.bmp
  3 3.6900 -5.8939 52.2478 0.7045 -0.7097 0.0040 0.1949 0.3248
  3 3.6700 -5.7334 50.0668 0.6741 -0.7239 -0.1471 0.1988 0.2950
  3 5.1500 -4.4140 51.1680 0.9745 -0.2128 0.0710 0.2165 0.3109
charger_material_0.bmp
  3 5.1500 -4.4140 51.1680 0.9745 -0.2128 0.0710 0.2165 0.3109
  3 3.6700 -5.7334 50.0668 0.6741 -0.7239 -0.1471 0.1988 0.2950
  3 5.3300 -4.0073 49.5734 0.9653 -0.2570 0.0463 0.2224 0.2931
charger_material_0.bmp
  3 3.6700 -5.7334 50.0668 0.6741 -0.7239 -0.1471 0.1988 0.2950
  2 3.8902 -5.1140 47.9402 0.5917 -0.7959 -0.1282 0.2047 0.2713
  3 5.3300 -4.0073 49.5734 0.9653 -0.2570 0.0463 0.2224 0.2931
charger_material_0.bmp
  3 5.3300 -4.0073 49.5734 0.9653 -0.2570 0.0463 0.2224 0.2931
  2 3.8902 -5.1140 47.9402 0.5917 -0.7959 -0.1282 0.2047 0.2713
  2 5.5102 -3.6041 47.9713 0.9460 -0.3231 0.0280 0.2264 0.2733
charger_material_0.bmp
  2 3.8902 -5.1140 47.9402 0.5917 -0.7959 -0.1282 0.2047 0.2713
  2 4.1301 -4.6722 45.7305 0.5769 -0.8125 -0.0834 0.2067 0.2436
  2 5.5102 -3.6041 47.9713 0.9460 -0.3231 0.0280 0.2264 0.2733
charger_material_0.bmp
  2 5.5102 -3.6041 47.9713 0.9460 -0.3231 0.0280 0.2264 0.2733
  2 4.1301 -4.6722 45.7305 0.5769 -0.8125 -0.0834 0.2067 0.2436
  2 5.6302 -3.1926 46.1316 0.9970 -0.0340 0.0690 0.2303 0.2495
charger_material_0.bmp
  2 4.1301 -4.6722 45.7305 0.5769 -0.8125 -0.0834 0.2067 0.2436
  2 5.8201 -2.8814 44.6619 0.9848 -0.0527 0.1655 0.2343 0.2297
  2 5.6302 -3.1926 46.1316 0.9970 -0.0340 0.0690 0.2303 0.2495
charger_material_0.bmp
 10 6.9834 -3.5094 34.3290 0.6532 -0.7223 -0.2272 0.7874 0.3525
 10 8.2784 -1.6707 33.9159 0.8790 -0.4660 -0.1010 0.8091 0.3426
 10 8.2884 -2.1631 35.1360 0.8987 -0.4350 -0.0552 0.8071 0.3564
charger_material_0.bmp
 10 8.2884 -2.1631 35.1360 0.8987 -0.4350 -0.0552 0.8071 0.3564
 10 8.2784 -1.6707 33.9159 0.8790 -0.4660 -0.1010 0.8091 0.3426
 10 8.9560 0.4934 34.5171 0.9921 -0.1028 0.0718 0.8327 0.3465
charger_material_0.bmp
 10 8.2784 -1.6707 33.9159 0.8790 -0.4660 -0.1010 0.8091 0.3426
 10 9.1003 0.6107 32.5157 0.9873 -0.1226 0.1008 0.8327 0.3327
 10 8.9560 0.4934 34.5171 0.9921 -0.1028 0.0718 0.8327 0.3465
charger_material_0.bmp
 10 8.9560 0.4934 34.5171 0.9921 -0.1028 0.0718 0.8327 0.3465
 10 9.1003 0.6107 32.5157 0.9873 -0.1226 0.1008 0.8327 0.3327
 10 8.8045 3.1150 34.1777 0.9514 0.2855 0.1154 0.8583 0.3446
charger_material_0.bmp
 10 9.1003 0.6107 32.5157 0.9873 -0.1226 0.1008 0.8327 0.3327
 10 8.9738 3.2496 32.8825 0.9358 0.3318 0.1191 0.8602 0.3307
 10 8.8045 3.1150 34.1777 0.9514 0.2855 0.1154 0.8583 0.3446
charger_material_0.bmp
 10 8.8045 3.1150 34.1777 0.9514 0.2855 0.1154 0.8583 0.3446
 10 8.9738 3.2496 32.8825 0.9358 0.3318 0.1191 0.8602 0.3307
 10 7.5278 5.5795 32.9809 0.6975 0.7146 0.0527 0.8878 0.3347
charger_material_0.bmp
 10 8.9738 3.2496 32.8825 0.9358 0.3318 0.1191 0.8602 0.3307
 10 7.6941 5.6028 31.1807 0.6646 0.7471 -0.0147 0.8878 0.3208
 10 7.5278 5.5795 32.9809 0.6975 0.7146 0.0527 0.8878 0.3347
charger_material_0.bmp
 10 7.5278 5.5795 32.9809 0.6975 0.7146 0.0527 0.8878 0.3347
 10 7.6941 5.6028 31.1807 0.6646 0.7471 -0.0147 0.8878 0.3208
 10 5.0992 6.8869 31.7013 0.2571 0.9449 -0.2027 0.9173 0.3287
charger_material_0.bmp
 10 7.6941 5.6028 31.1807 0.6646 0.7471 -0.0147 0.8878 0.3208
 10 5.1693 6.6046 30.0884 0.1495 0.9739 -0.1708 0.9173 0.3149
 10 5.0992 6.8869 31.7013 0.2571 0.9449 -0.2027 0.9173 0.3287
charger_material_0.bmp
 10 5.0992 6.8869 31.7013 0.2571 0.9449 -0.2027 0.9173 0.3287
 10 5.1693 6.6046 30.0884 0.1495 0.9739 -0.1708 0.9173 0.3149
 10 2.3743 6.2557 30.1397 -0.2909 0.8388 -0.4602 0.9488 0.3168
charger_material_0.bmp
 10 5.1693 6.6046 30.0884 0.1495 0.9739 -0.1708 0.9173 0.3149
 10 2.7167 6.0146 29.1634 -0.3908 0.8936 -0.2210 0.9469 0.3069
 10 2.3743 6.2557 30.1397 -0.2909 0.8388 -0.4602 0.9488 0.3168
charger_material_0.bmp
 10 2.3743 6.2557 30.1397 -0.2909 0.8388 -0.4602 0.9488 0.3168
 10 2.7167 6.0146 29.1634 -0.3908 0.8936 -0.2210 0.9469 0.3069
 10 1.4641 4.9255 29.2975 -0.7360 0.5613 -0.3785 0.9646 0.3069
charger_material_0.bmp
 10 2.7167 6.0146 29.1634 -0.3908 0.8936 -0.2210 0.9469 0.3069
 10 1.5023 4.9141 28.6672 -0.8618 0.4912 -0.1265 0.9646 0.3010
 10 1.4641 4.9255 29.2975 -0.7360 0.5613 -0.3785 0.9646 0.3069
charger_material_0.bmp
 10 1.4641 4.9255 29.2975 -0.7360 0.5613 -0.3785 0.9646 0.3069
 10 1.5023 4.9141 28.6672 -0.8618 0.4912 -0.1265 0.9646 0.3010
 10 0.9572 2.4735 28.4938 -0.8757 0.1598 -0.4557 0.9921 0.2911
charger_material_0.bmp
 10 1.5023 4.9141 28.6672 -0.8618 0.4912 -0.1265 0.9646 0.3010
 10 1.1815 2.5769 27.8009 -0.9866 -0.0134 -0.1627 0.9921 0.2851
 10 0.9572 2.4735 28.4938 -0.8757 0.1598 -0.4557 0.9921 0.2911
charger_material_0.bmp
 18 25.9955 1.0438 53.6273 0.3415 0.5145 0.7866 0.5846 0.1525
 18 25.6963 0.4756 53.8162 0.2291 -0.1184 0.9662 0.5748 0.1545
 18 26.6531 0.2516 53.5942 0.1846 0.0208 0.9826 0.5768 0.1406
charger_material_0.bmp
 18 26.6531 0.2516 53.5942 0.1846 0.0208 0.9826 0.5768 0.1406
 18 25.6963 0.4756 53.8162 0.2291 -0.1184 0.9662 0.5748 0.1545
 18 26.4651 -0.3009 53.4387 0.0331 -0.6552 0.7547 0.5669 0.1406
charger_material_0.bmp
 18 25.6963 0.4756 53.8162 0.2291 -0.1184 0.9662 0.5748 0.1545
 18 24.6845 0.0963 53.8870 0.0647 -0.6263 0.7769 0.5669 0.1545
 18 26.4651 -0.3009 53.4387 0.0331 -0.6552 0.7547 0.5669 0.1406
charger_material_0.bmp
 18 26.4651 -0.3009 53.4387 0.0331 -0.6552 0.7547 0.5669 0.1406
 18 24.6845 0.0963 53.8870 0.0647 -0.6263 0.7769 0.5669 0.1545
 18 25.3782 -0.3428 53.1525 -0.1434 -0.9629 0.2286 0.5591 0.1545
charger_material_0.bmp
 18 24.6845 0.0963 53.8870 0.0647 -0.6263 0.7769 0.5669 0.1545
 18 23.2769 0.3978 54.2032 -0.0162 -0.7300 0.6832 0.5650 0.1723
 18 25.3782 -0.3428 53.1525 -0.1434 -0.9629 0.2286 0.5591 0.1545
charger_material_0.bmp
 18 25.3782 -0.3428 53.1525 -0.1434 -0.9629 0.2286 0.5591 0.1545
 18 23.2769 0.3978 54.2032 -0.0162 -0.7300 0.6832 0.5650 0.1723
 18 23.1446 0.1919 53.9119 -0.2446 -0.9374 0.2480 0.5591 0.1723
charger_material_0.bmp
 18 23.2769 0.3978 54.2032 -0.0162 -0.7300 0.6832 0.5650 0.1723
 18 22.8203 0.3204 53.9759 -0.1795 -0.9279 0.3268 0.5591 0.1782
 18 23.1446 0.1919 53.9119 -0.2446 -0.9374 0.2480 0.5591 0.1723
charger_material_0.bmp
 18 23.1446 0.1919 53.9119 -0.2446 -0.9374 0.2480 0.5591 0.1723
 18 22.8203 0.3204 53.9759 -0.1795 -0.9279 0.3268 0.5591 0.1782
 18 22.8046 0.3280 53.6028 -0.2332 -0.9722 -0.0197 0.5531 0.1762
charger_material_0.bmp
 18 22.8203 0.3204 53.9759 -0.1795 -0.9279 0.3268 0.5591 0.1782
 18 22.5128 0.3458 53.6760 -0.0315 -0.9993 0.0197 0.5531 0.1822
 18 22.8046 0.3280 53.6028 -0.2332 -0.9722 -0.0197 0.5531 0.1762
charger_material_0.bmp
 18 22.8046 0.3280 53.6028 -0.2332 -0.9722 -0.0197 0.5531 0.1762
 18 22.5128 0.3458 53.6760 -0.0315 -0.9993 0.0197 0.5531 0.1822
 18 22.5373 0.3707 53.3576 -0.0808 -0.9612 -0.2638 0.5472 0.1822
charger_material_0.bmp
 18 22.5128 0.3458 53.6760 -0.0315 -0.9993 0.0197 0.5531 0.1822
 18 22.1289 0.3277 53.4589 0.0903 -0.9599 -0.2654 0.5472 0.1901
 18 22.5373 0.3707 53.3576 -0.0808 -0.9612 -0.2638 0.5472 0.1822
charger_material_0.bmp
 18 22.5373 0.3707 53.3576 -0.0808 -0.9612 -0.2638 0.5472 0.1822
 18 22.1289 0.3277 53.4589 0.0903 -0.9599 -0.2654 0.5472 0.1901
 18 22.1198 0.4808 53.1831 -0.0327 -0.6742 -0.7378 0.5433 0.1881
charger_material_0.bmp
 18 22.1289 0.3277 53.4589 0.0903 -0.9599 -0.2654 0.5472 0.1901
 18 21.4144 0.3724 53.2122 -0.0327 -0.6742 -0.7378 0.5394 0.2000
 18 22.1198 0.4808 53.1831 -0.0327 -0.6742 -0.7378 0.5433 0.1881
charger_material_0.bmp
 18 22.1198 0.4808 53.1831 -0.0327 -0.6742 -0.7378 0.5433 0.1881
 18 21.4144 0.3724 53.2122 -0.0327 -0.6742 -0.7378 0.5394 0.2000
 18 21.4111 0.7386 53.0879 -0.0913 -0.0777 -0.9928 0.5354 0.1980
charger_material_0.bmp
 18 21.4144 0.3724 53.2122 -0.0327 -0.6742 -0.7378 0.5394 0.2000
 18 19.1067 0.9048 53.3847 -0.1808 -0.0658 -0.9813 0.5295 0.2139
 18 21.4111 0.7386 53.0879 -0.0913 -0.0777 -0.9928 0.5354 0.1980
charger_material_0.bmp
 18 29.6356 -0.5816 53.1549 0.0989 -0.0534 0.9937 0.5768 0.0871
 18 28.7947 -0.3785 53.1721 0.0989 -0.0534 0.9937 0.5768 0.0990
 18 29.5393 -0.9772 53.0616 -0.0438 -0.5093 0.8595 0.5689 0.0871
charger_material_0.bmp
 18 29.5393 -0.9772 53.0616 -0.0438 -0.5093 0.8595 0.5689 0.0871
 18 28.7947 -0.3785 53.1721 0.0989 -0.0534 0.9937 0.5768 0.0990
 18 28.6852 -0.7633 53.0614 -0.0836 -0.5942 0.8000 0.5689 0.0990
charger_material_0.bmp
 18 28.7947 -0.3785 53.1721 0.0989 -0.0534 0.9937 0.5768 0.0990
 18 27.8923 -0.1857 53.4134 0.1159 -0.3010 0.9466 0.5768 0.1188
 18 28.6852 -0.7633 53.0614 -0.0836 -0.5942 0.8000 0.5689 0.0990
charger_material_0.bmp
 18 28.6852 -0.7633 53.0614 -0.0836 -0.5942 0.8000 0.5689 0.0990
 18 27.8923 -0.1857 53.4134 0.1159 -0.3010 0.9466 0.5768 0.1188
 18 27.5806 -0.5665 53.0237 -0.0710 -0.6206 0.7809 0.5689 0.1188
charger_material_0.bmp
 18 27.8923 -0.1857 53.4134 0.1159 -0.3010 0.9466 0.5768 0.1188
 18 26.4651 -0.3009 53.4387 0.0331 -0.6552 0.7547 0.5669 0.1406
 18 27.5806 -0.5665 53.0237 -0.0710 -0.6206 0.7809 0.5689 0.1188
charger_material_0.bmp
 18 27.5806 -0.5665 53.0237 -0.0710 -0.6206 0.7809 0.5689 0.1188
 18 26.4651 -0.3009 53.4387 0.0331 -0.6552 0.7547 0.5669 0.1406
 18 26.5415 -0.5312 53.0073 -0.1795 -0.9279 0.3268 0.5591 0.1366
charger_material_0.bmp
 18 26.4651 -0.3009 53.4387 0.0331 -0.6552 0.7547 0.5669 0.1406
 18 25.3782 -0.3428 53.1525 -0.1434 -0.9629 0.2286 0.5591 0.1545
 18 26.5415 -0.5312 53.0073 -0.1795 -0.9279 0.3268 0.5591 0.1366
charger_material_0.bmp
 18 26.5415 -0.5312 53.0073 -0.1795 -0.9279 0.3268 0.5591 0.1366
 18 25.3782 -0.3428 53.1525 -0.1434 -0.9629 0.2286 0.5591 0.1545
 18 25.5098 -0.2718 52.6952 -0.2394 -0.9202 -0.3098 0.5512 0.1525
charger_material_0.bmp
 18 25.3782 -0.3428 53.1525 -0.1434 -0.9629 0.2286 0.5591 0.1545
 18 23.1191 0.2094 53.5410 -0.2520 -0.9623 -0.1019 0.5531 0.1723
 18 25.5098 -0.2718 52.6952 -0.2394 -0.9202 -0.3098 0.5512 0.1525
charger_material_0.bmp
 18 25.5098 -0.2718 52.6952 -0.2394 -0.9202 -0.3098 0.5512 0.1525
 18 23.1191 0.2094 53.5410 -0.2520 -0.9623 -0.1019 0.5531 0.1723
 18 23.1715 0.2648 53.2090 -0.2394 -0.9202 -0.3098 0.5472 0.1703
charger_material_0.bmp
 18 23.1191 0.2094 53.5410 -0.2520 -0.9623 -0.1019 0.5531 0.1723
 18 22.8307 0.3224 53.2928 -0.2281 -0.9435 -0.2405 0.5472 0.1762
 18 23.1715 0.2648 53.2090 -0.2394 -0.9202 -0.3098 0.5472 0.1703
charger_material_0.bmp
 18 23.1715 0.2648 53.2090 -0.2394 -0.9202 -0.3098 0.5472 0.1703
 18 22.8307 0.3224 53.2928 -0.2281 -0.9435 -0.2405 0.5472 0.1762
 18 22.8318 0.4908 52.9040 -0.3485 -0.7089 -0.6131 0.5413 0.1743
charger_material_0.bmp
 18 22.8307 0.3224 53.2928 -0.2281 -0.9435 -0.2405 0.5472 0.1762
 18 22.5148 0.5247 53.0639 -0.2300 -0.6958 -0.6804 0.5413 0.1802
 18 22.8318 0.4908 52.9040 -0.3485 -0.7089 -0.6131 0.5413 0.1743
charger_material_0.bmp
 18 22.8318 0.4908 52.9040 -0.3485 -0.7089 -0.6131 0.5413 0.1743
 18 22.5148 0.5247 53.0639 -0.2300 -0.6958 -0.6804 0.5413 0.1802
 18 22.4893 0.8842 52.8720 -0.3887 -0.2465 -0.8878 0.5354 0.1802
charger_material_0.bmp
 18 22.5148 0.5247 53.0639 -0.2300 -0.6958 -0.6804 0.5413 0.1802
 18 22.0421 0.7982 53.0392 -0.1962 -0.2238 -0.9547 0.5374 0.1881
 18 22.4893 0.8842 52.8720 -0.3887 -0.2465 -0.8878 0.5354 0.1802
charger_material_0.bmp
 18 30.9967 -1.4260 51.8244 0.1691 0.2108 -0.9628 0.6220 0.0673
 18 30.4081 -1.2809 51.7736 -0.0992 0.2901 -0.9518 0.6220 0.0752
 18 31.1245 -1.1434 51.9778 -0.0595 0.2695 -0.9612 0.6161 0.0673
charger_material_0.bmp
 18 31.1245 -1.1434 51.9778 -0.0595 0.2695 -0.9612 0.6161 0.0673
 18 30.4081 -1.2809 51.7736 -0.0992 0.2901 -0.9518 0.6220 0.0752
 18 30.6317 -0.7126 52.0151 -0.0636 0.3118 -0.9480 0.6102 0.0733
charger_material_0.bmp
 18 30.4081 -1.2809 51.7736 -0.0992 0.2901 -0.9518 0.6220 0.0752
 18 29.9377 -0.8614 52.0504 -0.3227 0.1773 -0.9297 0.6142 0.0812
 18 30.6317 -0.7126 52.0151 -0.0636 0.3118 -0.9480 0.6102 0.0733
charger_material_0.bmp
 18 30.6317 -0.7126 52.0151 -0.0636 0.3118 -0.9480 0.6102 0.0733
 18 29.9377 -0.8614 52.0504 -0.3227 0.1773 -0.9297 0.6142 0.0812
 18 30.0442 -0.5185 52.2003 -0.1171 0.3851 -0.9154 0.6063 0.0812
charger_material_0.bmp
 18 29.9377 -0.8614 52.0504 -0.3227 0.1773 -0.9297 0.6142 0.0812
 18 29.5774 -0.7539 52.1401 -0.1801 0.0329 -0.9831 0.6102 0.0891
 18 30.0442 -0.5185 52.2003 -0.1171 0.3851 -0.9154 0.6063 0.0812
charger_material_0.bmp
 18 30.0442 -0.5185 52.2003 -0.1171 0.3851 -0.9154 0.6063 0.0812
 18 29.5774 -0.7539 52.1401 -0.1801 0.0329 -0.9831 0.6102 0.0891
 18 29.6609 -0.3802 52.2752 -0.0424 0.3904 -0.9197 0.6043 0.0871
charger_material_0.bmp
 18 29.5774 -0.7539 52.1401 -0.1801 0.0329 -0.9831 0.6102 0.0891
 18 28.7937 -0.5054 52.2510 -0.0925 0.0755 -0.9928 0.6083 0.0970
 18 29.6609 -0.3802 52.2752 -0.0424 0.3904 -0.9197 0.6043 0.0871
charger_material_0.bmp
 18 29.6609 -0.3802 52.2752 -0.0424 0.3904 -0.9197 0.6043 0.0871
 18 28.7937 -0.5054 52.2510 -0.0925 0.0755 -0.9928 0.6083 0.0970
 18 28.8601 -0.1798 52.3462 0.0349 0.4267 -0.9037 0.6024 0.0970
charger_material_0.bmp
 18 28.7937 -0.5054 52.2510 -0.0925 0.0755 -0.9928 0.6083 0.0970
 18 27.9878 -0.2737 52.2939 0.0272 -0.0172 -0.9995 0.6102 0.1129
 18 28.8601 -0.1798 52.3462 0.0349 0.4267 -0.9037 0.6024 0.0970
charger_material_0.bmp
 18 28.8601 -0.1798 52.3462 0.0349 0.4267 -0.9037 0.6024 0.0970
 18 27.9878 -0.2737 52.2939 0.0272 -0.0172 -0.9995 0.6102 0.1129
 18 28.0756 0.0215 52.3941 0.2397 0.4503 -0.8601 0.6043 0.1149
charger_material_0.bmp
 18 27.9878 -0.2737 52.2939 0.0272 -0.0172 -0.9995 0.6102 0.1129
 18 26.6900 0.0973 51.9736 0.1532 0.2692 -0.9508 0.6161 0.1307
 18 28.0756 0.0215 52.3941 0.2397 0.4503 -0.8601 0.6043 0.1149
charger_material_0.bmp
 18 28.0756 0.0215 52.3941 0.2397 0.4503 -0.8601 0.6043 0.1149
 18 26.6900 0.0973 51.9736 0.1532 0.2692 -0.9508 0.6161 0.1307
 18 27.0186 0.5643 52.2322 0.2835 0.5815 -0.7625 0.6083 0.1327
charger_material_0.bmp
 18 26.6900 0.0973 51.9736 0.1532 0.2692 -0.9508 0.6161 0.1307
 18 25.9992 0.7624 52.1590 0.0083 0.4720 -0.8815 0.6102 0.1485
 18 27.0186 0.5643 52.2322 0.2835 0.5815 -0.7625 0.6083 0.1327
charger_material_0.bmp
 18 27.0186 0.5643 52.2322 0.2835 0.5815 -0.7625 0.6083 0.1327
 18 25.9992 0.7624 52.1590 0.0083 0.4720 -0.8815 0.6102 0.1485
 18 26.7892 0.8535 52.4903 0.2901 0.8249 -0.4851 0.6004 0.1347
charger_material_0.bmp
 18 25.9992 0.7624 52.1590 0.0083 0.4720 -0.8815 0.6102 0.1485
 18 26.0046 1.1296 52.6535 0.2218 0.8812 -0.4174 0.6004 0.1505
 18 26.7892 0.8535 52.4903 0.2901 0.8249 -0.4851 0.6004 0.1347
charger_material_0.bmp
 18 32.9455 -0.9587 51.7128 -0.2218 -0.4326 -0.8739 0.5827 0.0376
 18 33.1425 -0.9379 51.6787 -0.3441 -0.4770 -0.8088 0.5846 0.0356
 18 33.1904 -0.9900 51.7185 0.1117 -0.9734 -0.1999 0.5866 0.0356
charger_material_0.bmp
 18 33.1904 -0.9900 51.7185 0.1117 -0.9734 -0.1999 0.5866 0.0356
 18 33.1425 -0.9379 51.6787 -0.3441 -0.4770 -0.8088 0.5846 0.0356
 18 33.5697 -0.9419 51.5108 0.0883 -0.9849 -0.1489 0.5886 0.0317
charger_material_0.bmp
 18 33.1425 -0.9379 51.6787 -0.3441 -0.4770 -0.8088 0.5846 0.0356
 18 33.5165 -0.8883 51.4415 -0.3680 -0.5479 -0.7513 0.5866 0.0317
 18 33.5697 -0.9419 51.5108 0.0883 -0.9849 -0.1489 0.5886 0.0317
charger_material_0.bmp
 18 33.5697 -0.9419 51.5108 0.0883 -0.9849 -0.1489 0.5886 0.0317
 18 33.5165 -0.8883 51.4415 -0.3680 -0.5479 -0.7513 0.5866 0.0317
 18 33.7168 -0.9084 51.4251 0.1112 -0.9923 -0.0541 0.5906 0.0297
charger_material_0.bmp
 18 33.5165 -0.8883 51.4415 -0.3680 -0.5479 -0.7513 0.5866 0.0317
 18 33.6878 -0.8634 51.3206 -0.3103 -0.5525 -0.7736 0.5886 0.0297
 18 33.7168 -0.9084 51.4251 0.1112 -0.9923 -0.0541 0.5906 0.0297
charger_material_0.bmp
 18 33.7168 -0.9084 51.4251 0.1112 -0.9923 -0.0541 0.5906 0.0297
 18 33.6878 -0.8634 51.3206 -0.3103 -0.5525 -0.7736 0.5886 0.0297
 18 34.0781 -0.8708 51.2303 0.7553 -0.6373 -0.1530 0.5925 0.0257
charger_material_0.bmp
 18 33.6878 -0.8634 51.3206 -0.3103 -0.5525 -0.7736 0.5886 0.0297
 18 34.0399 -0.8486 51.1873 0.0982 -0.4457 -0.8898 0.5925 0.0257
 18 34.0781 -0.8708 51.2303 0.7553 -0.6373 -0.1530 0.5925 0.0257
charger_material_0.bmp
 18 34.0781 -0.8708 51.2303 0.7553 -0.6373 -0.1530 0.5925 0.0257
 18 34.0399 -0.8486 51.1873 0.0982 -0.4457 -0.8898 0.5925 0.0257
 18 34.0699 -0.7386 51.1872 0.2376 0.2398 -0.9413 0.5906 0.0238
charger_material_0.bmp
 18 34.0399 -0.8486 51.1873 0.0982 -0.4457 -0.8898 0.5925 0.0257
 18 33.6878 -0.8634 51.3206 -0.3103 -0.5525 -0.7736 0.5886 0.0297
 18 34.0699 -0.7386 51.1872 0.2376 0.2398 -0.9413 0.5906 0.0238
charger_material_0.bmp
 18 34.0699 -0.7386 51.1872 0.2376 0.2398 -0.9413 0.5906 0.0238
 18 33.6878 -0.8634 51.3206 -0.3103 -0.5525 -0.7736 0.5886 0.0297
 18 33.6687 -0.7436 51.3297 -0.3776 0.5709 -0.7291 0.5866 0.0277
charger_material_0.bmp
 18 33.6878 -0.8634 51.3206 -0.3103 -0.5525 -0.7736 0.5886 0.0297
 18 33.5165 -0.8883 51.4415 -0.3680 -0.5479 -0.7513 0.5866 0.0317
 18 33.6687 -0.7436 51.3297 -0.3776 0.5709 -0.7291 0.5866 0.0277
charger_material_0.bmp
 18 33.6687 -0.7436 51.3297 -0.3776 0.5709 -0.7291 0.5866 0.0277
 18 33.5165 -0.8883 51.4415 -0.3680 -0.5479 -0.7513 0.5866 0.0317
 18 33.4760 -0.7382 51.4457 -0.4492 0.4863 -0.7495 0.5866 0.0297
charger_material_0.bmp
 18 33.5165 -0.8883 51.4415 -0.3680 -0.5479 -0.7513 0.5866 0.0317
 18 33.1425 -0.9379 51.6787 -0.3441 -0.4770 -0.8088 0.5846 0.0356
 18 33.4760 -0.7382 51.4457 -0.4492 0.4863 -0.7495 0.5866 0.0297
charger_material_0.bmp
 18 33.4760 -0.7382 51.4457 -0.4492 0.4863 -0.7495 0.5866 0.0297
 18 33.1425 -0.9379 51.6787 -0.3441 -0.4770 -0.8088 0.5846 0.0356
 18 33.1236 -0.7382 51.6916 -0.3386 0.5754 -0.7445 0.5827 0.0337
charger_material_0.bmp
 18 33.1425 -0.9379 51.6787 -0.3441 -0.4770 -0.8088 0.5846 0.0356
 18 32.9455 -0.9587 51.7128 -0.2218 -0.4326 -0.8739 0.5827 0.0376
 18 33.1236 -0.7382 51.6916 -0.3386 0.5754 -0.7445 0.5827 0.0337
charger_material_0.bmp
  4 -0.3800 -5.9612 61.2830 -0.3463 0.2456 -0.9054 0.7264 0.6812
  4 -0.6800 -5.7847 61.5139 -0.1969 0.3744 -0.9061 0.7205 0.6812
  4 -0.1700 -5.7394 61.2711 -0.4057 0.1211 -0.9059 0.7283 0.6752
charger_material_0.bmp
  4 -0.1700 -5.7394 61.2711 -0.4057 0.1211 -0.9059 0.7283 0.6752
  4 -0.6800 -5.7847 61.5139 -0.1969 0.3744 -0.9061 0.7205 0.6812
  4 0.0000 -5.4640 61.1675 -0.4311 0.0291 -0.9018 0.7303 0.6693
charger_material_0.bmp
  4 -0.6800 -5.7847 61.5139 -0.1969 0.3744 -0.9061 0.7205 0.6812
  4 -0.6700 -5.2036 61.6777 -0.2237 0.0267 -0.9743 0.7165 0.6733
  4 0.0000 -5.4640 61.1675 -0.4311 0.0291 -0.9018 0.7303 0.6693
charger_material_0.bmp
  4 0.0000 -5.4640 61.1675 -0.4311 0.0291 -0.9018 0.7303 0.6693
  4 -0.6700 -5.2036 61.6777 -0.2237 0.0267 -0.9743 0.7165 0.6733
  4 0.0700 -5.2970 61.1356 -0.3561 -0.1388 -0.9241 0.7323 0.6653
charger_material_0.bmp
  4 -0.6700 -5.2036 61.6777 -0.2237 0.0267 -0.9743 0.7165 0.6733
  4 -0.6500 -4.9127 61.6017 -0.3344 -0.4927 -0.8034 0.7146 0.6693
  4 0.0700 -5.2970 61.1356 -0.3561 -0.1388 -0.9241 0.7323 0.6653
charger_material_0.bmp
  4 0.0700 -5.2970 61.1356 -0.3561 -0.1388 -0.9241 0.7323 0.6653
  4 -0.6500 -4.9127 61.6017 -0.3344 -0.4927 -0.8034 0.7146 0.6693
  4 0.1300 -5.1553 61.0780 -0.3989 -0.3885 -0.8306 0.7323 0.6614
charger_material_0.bmp
  4 -0.6500 -4.9127 61.6017 -0.3344 -0.4927 -0.8034 0.7146 0.6693
  4 -0.0200 -4.9790 61.0952 -0.4808 -0.6158 -0.6241 0.7283 0.6614
  4 0.1300 -5.1553 61.0780 -0.3989 -0.3885 -0.8306 0.7323 0.6614
charger_material_0.bmp
  4 0.1300 -5.1553 61.0780 -0.3989 -0.3885 -0.8306 0.7323 0.6614
  4 -0.0200 -4.9790 61.0952 -0.4808 -0.6158 -0.6241 0.7283 0.6614
  4 0.1600 -5.0389 60.9947 -0.4238 -0.6481 -0.6327 0.7323 0.6594
charger_material_0.bmp
  4 -0.0200 -4.9790 61.0952 -0.4808 -0.6158 -0.6241 0.7283 0.6614
  4 0.0000 -4.9098 61.0311 -0.4585 -0.7332 -0.5022 0.7283 0.6594
  4 0.1600 -5.0389 60.9947 -0.4238 -0.6481 -0.6327 0.7323 0.6594
charger_material_0.bmp
  4 0.1600 -5.0389 60.9947 -0.4238 -0.6481 -0.6327 0.7323 0.6594
  4 0.0000 -4.9098 61.0311 -0.4585 -0.7332 -0.5022 0.7283 0.6594
  4 0.1500 -5.0249 60.9614 -0.4210 -0.8845 -0.2011 0.7323 0.6574
charger_material_0.bmp
  4 0.0000 -4.9098 61.0311 -0.4585 -0.7332 -0.5022 0.7283 0.6594
  4 0.0000 -4.8401 60.9159 -0.6678 -0.7440 -0.0250 0.7283 0.6574
  4 0.1500 -5.0249 60.9614 -0.4210 -0.8845 -0.2011 0.7323 0.6574
charger_material_0.bmp
  4 0.1500 -5.0249 60.9614 -0.4210 -0.8845 -0.2011 0.7323 0.6574
  4 0.0000 -4.8401 60.9159 -0.6678 -0.7440 -0.0250 0.7283 0.6574
  4 0.1300 -5.0184 60.8889 -0.1515 -0.8818 0.4467 0.7323 0.6574
charger_material_0.bmp
  4 0.0000 -4.8401 60.9159 -0.6678 -0.7440 -0.0250 0.7283 0.6574
  4 -0.0400 -4.9805 60.8206 -0.3291 -0.2574 0.9085 0.7283 0.6535
  4 0.1300 -5.0184 60.8889 -0.1515 -0.8818 0.4467 0.7323 0.6574
charger_material_0.bmp
  4 0.1300 -5.0184 60.8889 -0.1515 -0.8818 0.4467 0.7323 0.6574
  4 -0.0400 -4.9805 60.8206 -0.3291 -0.2574 0.9085 0.7283 0.6535
  4 0.1100 -5.0610 60.8258 -0.0612 -0.6567 0.7517 0.7323 0.6554
charger_material_0.bmp
  4 -0.0400 -4.9805 60.8206 -0.3291 -0.2574 0.9085 0.7283 0.6535
  4 0.0200 -5.1663 60.7543 0.1445 -0.3199 0.9364 0.7303 0.6515
  4 0.1100 -5.0610 60.8258 -0.0612 -0.6567 0.7517 0.7323 0.6554
charger_material_0.bmp
  4 0.0700 -6.1417 63.3741 0.2624 -0.5703 -0.7784 0.8878 0.5782
  4 0.2200 -6.2423 63.4340 0.2830 -0.3338 -0.8992 0.8898 0.5802
  4 0.0500 -6.1572 63.3465 0.6098 -0.2780 -0.7422 0.8878 0.5782
charger_material_0.bmp
  4 0.0500 -6.1572 63.3465 0.6098 -0.2780 -0.7422 0.8878 0.5782
  4 0.2200 -6.2423 63.4340 0.2830 -0.3338 -0.8992 0.8898 0.5802
  4 0.1800 -6.3035 63.4864 0.3225 -0.1952 -0.9262 0.8878 0.5822
charger_material_0.bmp
  4 0.2200 -6.2423 63.4340 0.2830 -0.3338 -0.8992 0.8898 0.5802
  4 0.4300 -6.2941 63.5355 0.2452 -0.3842 -0.8901 0.8917 0.5842
  4 0.1800 -6.3035 63.4864 0.3225 -0.1952 -0.9262 0.8878 0.5822
charger_material_0.bmp
  4 0.1800 -6.3035 63.4864 0.3225 -0.1952 -0.9262 0.8878 0.5822
  4 0.4300 -6.2941 63.5355 0.2452 -0.3842 -0.8901 0.8917 0.5842
  4 0.4700 -6.5037 63.5043 0.3687 -0.0518 -0.9281 0.8898 0.5861
charger_material_0.bmp
  4 0.4300 -6.2941 63.5355 0.2452 -0.3842 -0.8901 0.8917 0.5842
  4 0.7400 -6.3179 63.5706 0.4325 -0.2337 -0.8708 0.8937 0.5861
  4 0.4700 -6.5037 63.5043 0.3687 -0.0518 -0.9281 0.8898 0.5861
charger_material_0.bmp
  4 0.4700 -6.5037 63.5043 0.3687 -0.0518 -0.9281 0.8898 0.5861
  4 0.7400 -6.3179 63.5706 0.4325 -0.2337 -0.8708 0.8937 0.5861
  4 0.5400 -6.6440 63.6228 0.5686 -0.5562 -0.6061 0.8898 0.5881
charger_material_0.bmp
  4 0.7400 -6.3179 63.5706 0.4325 -0.2337 -0.8708 0.8937 0.5861
  4 0.8300 -6.4156 63.7522 0.6416 -0.5051 -0.5772 0.8937 0.5901
  4 0.5400 -6.6440 63.6228 0.5686 -0.5562 -0.6061 0.8898 0.5881
charger_material_0.bmp
  4 0.5400 -6.6440 63.6228 0.5686 -0.5562 -0.6061 0.8898 0.5881
  4 0.8300 -6.4156 63.7522 0.6416 -0.5051 -0.5772 0.8937 0.5901
  4 0.5800 -6.7257 63.7810 0.5685 -0.7589 -0.3177 0.8898 0.5901
charger_material_0.bmp
  4 0.8300 -6.4156 63.7522 0.6416 -0.5051 -0.5772 0.8937 0.5901
  4 0.8900 -6.4739 63.9263 0.6847 -0.6646 -0.2990 0.8937 0.5921
  4 0.5800 -6.7257 63.7810 0.5685 -0.7589 -0.3177 0.8898 0.5901
charger_material_0.bmp
  4 0.5800 -6.7257 63.7810 0.5685 -0.7589 -0.3177 0.8898 0.5901
  4 0.8900 -6.4739 63.9263 0.6847 -0.6646 -0.2990 0.8937 0.5921
  4 0.6000 -6.7816 64.1276 0.5548 -0.8175 -0.1542 0.8898 0.5941
charger_material_0.bmp
  4 0.8900 -6.4739 63.9263 0.6847 -0.6646 -0.2990 0.8937 0.5921
  4 1.0000 -6.4479 64.3285 0.7338 -0.6717 -0.1016 0.8957 0.5980
  4 0.6000 -6.7816 64.1276 0.5548 -0.8175 -0.1542 0.8898 0.5941
charger_material_0.bmp
  4 0.6000 -6.7816 64.1276 0.5548 -0.8175 -0.1542 0.8898 0.5941
  4 1.0000 -6.4479 64.3285 0.7338 -0.6717 -0.1016 0.8957 0.5980
  4 0.7100 -6.8475 64.9547 0.5724 -0.8199 0.0122 0.8898 0.6040
charger_material_0.bmp
  4 1.0000 -6.4479 64.3285 0.7338 -0.6717 -0.1016 0.8957 0.5980
  4 1.0100 -6.5579 65.0317 0.7653 -0.6428 0.0330 0.8937 0.6059
  4 0.7100 -6.8475 64.9547 0.5724 -0.8199 0.0122 0.8898 0.6040
charger_material_0.bmp
  4 0.7100 -6.8475 64.9547 0.5724 -0.8199 0.0122 0.8898 0.6040
  4 1.0100 -6.5579 65.0317 0.7653 -0.6428 0.0330 0.8937 0.6059
  4 0.6800 -6.7841 65.3396 0.4990 -0.8103 0.3072 0.8878 0.6099
charger_material_0.bmp
  4 1.0100 -6.5579 65.0317 0.7653 -0.6428 0.0330 0.8937 0.6059
  4 0.9300 -6.5519 65.4887 0.6541 -0.6939 0.3011 0.8917 0.6119
  4 0.6800 -6.7841 65.3396 0.4990 -0.8103 0.3072 0.8878 0.6099
charger_material_0.bmp
  4 4.1400 2.1227 63.6267 0.9486 0.2168 0.2304 0.2185 0.4931
  4 5.1800 1.3616 62.9475 0.6072 0.0650 0.7919 0.2283 0.4713
  4 5.0500 2.2068 62.7350 0.6410 0.3455 0.6854 0.2323 0.4832
charger_material_0.bmp
  4 5.0500 2.2068 62.7350 0.6410 0.3455 0.6854 0.2323 0.4832
  4 5.1800 1.3616 62.9475 0.6072 0.0650 0.7919 0.2283 0.4713
  4 6.4700 1.9852 61.5760 0.6175 0.3177 0.7196 0.2480 0.4693
charger_material_0.bmp
  4 5.1800 1.3616 62.9475 0.6072 0.0650 0.7919 0.2283 0.4713
  4 6.5800 0.9432 61.8771 0.6057 -0.0428 0.7945 0.2441 0.4535
  4 6.4700 1.9852 61.5760 0.6175 0.3177 0.7196 0.2480 0.4693
charger_material_0.bmp
  4 6.4700 1.9852 61.5760 0.6175 0.3177 0.7196 0.2480 0.4693
  4 6.5800 0.9432 61.8771 0.6057 -0.0428 0.7945 0.2441 0.4535
  4 7.7000 0.9374 60.9415 0.6421 0.1129 0.7582 0.2579 0.4436
charger_material_0.bmp
  4 6.5800 0.9432 61.8771 0.6057 -0.0428 0.7945 0.2441 0.4535
  4 6.7500 -0.0679 61.5409 0.5111 -0.4110 0.7549 0.2421 0.4396
  4 7.7000 0.9374 60.9415 0.6421 0.1129 0.7582 0.2579 0.4436
charger_material_0.bmp
  4 7.7000 0.9374 60.9415 0.6421 0.1129 0.7582 0.2579 0.4436
  4 6.7500 -0.0679 61.5409 0.5111 -0.4110 0.7549 0.2421 0.4396
  4 7.7000 0.0401 60.8280 0.6024 -0.3076 0.7366 0.2539 0.4297
charger_material_0.bmp
  4 6.7500 -0.0679 61.5409 0.5111 -0.4110 0.7549 0.2421 0.4396
  4 6.6900 -0.9169 60.8277 0.3902 -0.6735 0.6278 0.2421 0.4238
  4 7.7000 0.0401 60.8280 0.6024 -0.3076 0.7366 0.2539 0.4297
charger_material_0.bmp
  4 7.7000 0.0401 60.8280 0.6024 -0.3076 0.7366 0.2539 0.4297
  4 6.6900 -0.9169 60.8277 0.3902 -0.6735 0.6278 0.2421 0.4238
  4 7.6600 -0.7868 60.2836 0.4840 -0.6104 0.6270 0.2539 0.4178
charger_material_0.bmp
  4 6.6900 -0.9169 60.8277 0.3902 -0.6735 0.6278 0.2421 0.4238
  4 6.6000 -1.8337 59.5470 0.3400 -0.8603 0.3799 0.2421 0.4059
  4 7.6600 -0.7868 60.2836 0.4840 -0.6104 0.6270 0.2539 0.4178
charger_material_0.bmp
  4 7.6600 -0.7868 60.2836 0.4840 -0.6104 0.6270 0.2539 0.4178
  4 6.6000 -1.8337 59.5470 0.3400 -0.8603 0.3799 0.2421 0.4059
  4 7.4900 -1.5902 59.2765 0.3243 -0.8283 0.4569 0.2500 0.4040
charger_material_0.bmp
  4 6.6000 -1.8337 59.5470 0.3400 -0.8603 0.3799 0.2421 0.4059
  4 6.6200 -2.1476 58.1715 0.2532 -0.9291 0.2695 0.2421 0.3901
  4 7.4900 -1.5902 59.2765 0.3243 -0.8283 0.4569 0.2500 0.4040
charger_material_0.bmp
  4 7.4900 -1.5902 59.2765 0.3243 -0.8283 0.4569 0.2500 0.4040
  4 6.6200 -2.1476 58.1715 0.2532 -0.9291 0.2695 0.2421 0.3901
  4 7.4000 -2.1167 58.2267 0.1481 -0.9384 0.3121 0.2500 0.3901
charger_material_0.bmp
  4 6.6200 -2.1476 58.1715 0.2532 -0.9291 0.2695 0.2421 0.3901
  4 6.7300 -2.3199 57.2169 0.2656 -0.9456 0.1878 0.2421 0.3782
  4 7.4000 -2.1167 58.2267 0.1481 -0.9384 0.3121 0.2500 0.3901
charger_material_0.bmp
  4 7.4000 -2.1167 58.2267 0.1481 -0.9384 0.3121 0.2500 0.3901
  4 6.7300 -2.3199 57.2169 0.2656 -0.9456 0.1878 0.2421 0.3782
  4 7.5700 -2.1989 57.0512 0.1624 -0.9863 0.0294 0.2520 0.3782
charger_material_0.bmp
  9 -3.7962 8.0580 32.4821 0.0906 0.9005 -0.4252 0.4429 0.0871
  9 -1.3337 7.8559 32.6228 0.1065 0.9291 -0.3542 0.4173 0.0871
  9 -1.3309 7.0676 30.9539 0.2299 0.8663 -0.4434 0.4154 0.0673
charger_material_0.bmp
  9 -1.3309 7.0676 30.9539 0.2299 0.8663 -0.4434 0.4154 0.0673
  9 -1.3337 7.8559 32.6228 0.1065 0.9291 -0.3542 0.4173 0.0871
 10 0.3870 6.9482 31.1782 0.0297 0.7284 -0.6845 0.3976 0.0673
charger_material_0.bmp
  9 -1.3337 7.8559 32.6228 0.1065 0.9291 -0.3542 0.4173 0.0871
 10 0.4504 7.7160 32.8443 0.1265 0.9638 -0.2349 0.3996 0.0871
 10 0.3870 6.9482 31.1782 0.0297 0.7284 -0.6845 0.3976 0.0673
charger_material_0.bmp
 10 0.3870 6.9482 31.1782 0.0297 0.7284 -0.6845 0.3976 0.0673
 10 0.4504 7.7160 32.8443 0.1265 0.9638 -0.2349 0.3996 0.0871
 10 2.1446 6.9054 30.9620 -0.0078 0.8851 -0.4654 0.3799 0.0653
charger_material_0.bmp
 10 0.4504 7.7160 32.8443 0.1265 0.9638 -0.2349 0.3996 0.0871
 10 2.3566 7.3113 32.9939 0.1495 0.9739 -0.1708 0.3799 0.0851
 10 2.1446 6.9054 30.9620 -0.0078 0.8851 -0.4654 0.3799 0.0653
charger_material_0.bmp
 10 2.1446 6.9054 30.9620 -0.0078 0.8851 -0.4654 0.3799 0.0653
 10 2.3566 7.3113 32.9939 0.1495 0.9739 -0.1708 0.3799 0.0851
 10 4.8556 7.2232 33.2331 0.2797 0.9507 -0.1336 0.3543 0.0832
charger_material_0.bmp
 10 2.3566 7.3113 32.9939 0.1495 0.9739 -0.1708 0.3799 0.0851
 10 2.5561 7.7206 34.9438 0.0939 0.9950 -0.0332 0.3780 0.1069
 10 4.8556 7.2232 33.2331 0.2797 0.9507 -0.1336 0.3543 0.0832
charger_material_0.bmp
 10 4.8556 7.2232 33.2331 0.2797 0.9507 -0.1336 0.3543 0.0832
 10 2.5561 7.7206 34.9438 0.0939 0.9950 -0.0332 0.3780 0.1069
 10 4.8642 7.4321 35.3026 0.3700 0.9268 0.0649 0.3543 0.1050
charger_material_0.bmp
 10 2.5561 7.7206 34.9438 0.0939 0.9950 -0.0332 0.3780 0.1069
 10 2.4505 7.5246 36.9653 0.1219 0.9655 0.2302 0.3780 0.1287
 10 4.8642 7.4321 35.3026 0.3700 0.9268 0.0649 0.3543 0.1050
charger_material_0.bmp
 10 4.8642 7.4321 35.3026 0.3700 0.9268 0.0649 0.3543 0.1050
 10 2.4505 7.5246 36.9653 0.1219 0.9655 0.2302 0.3780 0.1287
 10 4.7116 7.1647 37.1845 0.4132 0.8610 0.2966 0.3543 0.1248
charger_material_0.bmp
 10 2.4505 7.5246 36.9653 0.1219 0.9655 0.2302 0.3780 0.1287
  1 4.1800 6.2962 39.1413 0.4084 0.8475 0.3390 0.3543 0.1505
 10 4.7116 7.1647 37.1845 0.4132 0.8610 0.2966 0.3543 0.1248
charger_material_0.bmp
 10 4.7116 7.1647 37.1845 0.4132 0.8610 0.2966 0.3543 0.1248
  1 4.1800 6.2962 39.1413 0.4084 0.8475 0.3390 0.3543 0.1505
 10 6.7614 5.4267 37.4767 0.6978 0.6382 0.3252 0.3268 0.1228
charger_material_0.bmp
  1 4.1800 6.2962 39.1413 0.4084 0.8475 0.3390 0.3543 0.1505
  1 6.3500 4.7562 39.2713 0.6971 0.6344 0.3341 0.3248 0.1465
 10 6.7614 5.4267 37.4767 0.6978 0.6382 0.3252 0.3268 0.1228
charger_material_0.bmp
 10 6.7614 5.4267 37.4767 0.6978 0.6382 0.3252 0.3268 0.1228
  1 6.3500 4.7562 39.2713 0.6971 0.6344 0.3341 0.3248 0.1465
 10 8.2303 3.0020 37.5696 0.9132 0.3107 0.2638 0.2992 0.1168
charger_material_0.bmp
  9 -0.8531 -5.2916 33.0495 -0.0651 -0.8224 -0.5651 0.1398 0.0990
 10 1.8661 -6.3981 35.5112 0.1400 -0.9498 -0.2799 0.1713 0.1267
  9 -1.0887 -6.1778 35.1088 -0.1061 -0.9596 -0.2606 0.1378 0.1228
charger_material_0.bmp
  9 -1.0887 -6.1778 35.1088 -0.1061 -0.9596 -0.2606 0.1378 0.1228
 10 1.8661 -6.3981 35.5112 0.1400 -0.9498 -0.2799 0.1713 0.1267
 10 1.3141 -6.5589 37.5790 0.0619 -0.9966 -0.0538 0.1673 0.1505
charger_material_0.bmp
 10 1.8661 -6.3981 35.5112 0.1400 -0.9498 -0.2799 0.1713 0.1267
 10 4.2218 -5.9343 36.7297 0.3706 -0.9243 -0.0910 0.1969 0.1347
 10 1.3141 -6.5589 37.5790 0.0619 -0.9966 -0.0538 0.1673 0.1505
charger_material_0.bmp
 10 1.3141 -6.5589 37.5790 0.0619 -0.9966 -0.0538 0.1673 0.1505
 10 4.2218 -5.9343 36.7297 0.3706 -0.9243 -0.0910 0.1969 0.1347
 10 3.8010 -6.0226 38.4613 0.3528 -0.9313 0.0904 0.1949 0.1564
charger_material_0.bmp
 10 4.2218 -5.9343 36.7297 0.3706 -0.9243 -0.0910 0.1969 0.1347
 10 6.0901 -4.8707 38.5190 0.6417 -0.7545 0.1378 0.2205 0.1485
 10 3.8010 -6.0226 38.4613 0.3528 -0.9313 0.0904 0.1949 0.1564
charger_material_0.bmp
 10 3.8010 -6.0226 38.4613 0.3528 -0.9313 0.0904 0.1949 0.1564
 10 6.0901 -4.8707 38.5190 0.6417 -0.7545 0.1378 0.2205 0.1485
  1 5.6900 -4.6538 40.2013 0.6226 -0.7389 0.2578 0.2185 0.1703
charger_material_0.bmp
 10 6.0901 -4.8707 38.5190 0.6417 -0.7545 0.1378 0.2205 0.1485
  1 7.5000 -2.5238 39.2413 0.8889 -0.3500 0.2957 0.2461 0.1505
  1 5.6900 -4.6538 40.2013 0.6226 -0.7389 0.2578 0.2185 0.1703
charger_material_0.bmp
  1 5.6900 -4.6538 40.2013 0.6226 -0.7389 0.2578 0.2185 0.1703
  1 7.5000 -2.5238 39.2413 0.8889 -0.3500 0.2957 0.2461 0.1505
  1 7.1800 -2.0338 40.6113 0.8889 -0.3500 0.2957 0.2500 0.1703
charger_material_0.bmp
  1 7.5000 -2.5238 39.2413 0.8889 -0.3500 0.2957 0.2461 0.1505
  1 8.0300 0.2962 39.6713 0.9510 -0.0306 0.3076 0.2736 0.1505
  1 7.1800 -2.0338 40.6113 0.8889 -0.3500 0.2957 0.2500 0.1703
charger_material_0.bmp
  1 7.1800 -2.0338 40.6113 0.8889 -0.3500 0.2957 0.2500 0.1703
  1 8.0300 0.2962 39.6713 0.9510 -0.0306 0.3076 0.2736 0.1505
  1 7.5900 0.4162 40.8513 0.9646 -0.0049 0.2638 0.2736 0.1683
charger_material_0.bmp
  1 8.0300 0.2962 39.6713 0.9510 -0.0306 0.3076 0.2736 0.1505
  1 7.2300 2.2762 41.0113 0.9109 0.3075 0.2751 0.2953 0.1703
  1 7.5900 0.4162 40.8513 0.9646 -0.0049 0.2638 0.2736 0.1683
charger_material_0.bmp
  1 7.5900 0.4162 40.8513 0.9646 -0.0049 0.2638 0.2736 0.1683
  1 7.2300 2.2762 41.0113 0.9109 0.3075 0.2751 0.2953 0.1703
  1 6.9900 1.4262 43.1413 0.7339 0.0818 0.6743 0.2835 0.2020
charger_material_0.bmp
  1 7.2300 2.2762 41.0113 0.9109 0.3075 0.2751 0.2953 0.1703
  1 6.3900 2.9162 43.2113 0.7604 0.3674 0.5356 0.3051 0.2040
  1 6.9900 1.4262 43.1413 0.7339 0.0818 0.6743 0.2835 0.2020
charger_material_0.bmp
 18 31.3041 -1.7601 52.5163 0.0489 -0.5540 0.8311 0.5630 0.0614
 18 31.8475 -1.9758 52.3685 0.1593 -0.6288 0.7610 0.5630 0.0535
 18 31.9747 -1.6504 52.4630 0.3260 -0.4346 0.8395 0.5689 0.0535
charger_material_0.bmp
 18 31.9747 -1.6504 52.4630 0.3260 -0.4346 0.8395 0.5689 0.0535
 18 31.8475 -1.9758 52.3685 0.1593 -0.6288 0.7610 0.5630 0.0535
 18 32.1705 -1.8313 52.2466 0.7017 -0.1436 0.6979 0.5650 0.0495
charger_material_0.bmp
 18 31.8475 -1.9758 52.3685 0.1593 -0.6288 0.7610 0.5630 0.0535
 18 31.9844 -2.1170 52.1645 0.1121 -0.8101 0.5755 0.5591 0.0515
 18 32.1705 -1.8313 52.2466 0.7017 -0.1436 0.6979 0.5650 0.0495
charger_material_0.bmp
 18 32.1705 -1.8313 52.2466 0.7017 -0.1436 0.6979 0.5650 0.0495
 18 31.9844 -2.1170 52.1645 0.1121 -0.8101 0.5755 0.5591 0.0515
 18 32.6552 -2.1266 51.8817 0.6043 0.0883 0.7919 0.5591 0.0436
charger_material_0.bmp
 18 31.9844 -2.1170 52.1645 0.1121 -0.8101 0.5755 0.5591 0.0515
 18 32.5239 -2.3336 51.8240 0.1121 -0.8101 0.5755 0.5551 0.0455
 18 32.6552 -2.1266 51.8817 0.6043 0.0883 0.7919 0.5591 0.0436
charger_material_0.bmp
 18 32.6552 -2.1266 51.8817 0.6043 0.0883 0.7919 0.5591 0.0436
 18 32.5239 -2.3336 51.8240 0.1121 -0.8101 0.5755 0.5551 0.0455
 18 32.8360 -2.2115 51.7539 0.5618 0.0042 0.8272 0.5571 0.0416
charger_material_0.bmp
 18 32.5239 -2.3336 51.8240 0.1121 -0.8101 0.5755 0.5551 0.0455
 18 32.6966 -2.3990 51.7088 0.0690 -0.7766 0.6262 0.5531 0.0436
 18 32.8360 -2.2115 51.7539 0.5618 0.0042 0.8272 0.5571 0.0416
charger_material_0.bmp
 18 32.8360 -2.2115 51.7539 0.5618 0.0042 0.8272 0.5571 0.0416
 18 32.6966 -2.3990 51.7088 0.0690 -0.7766 0.6262 0.5531 0.0436
 18 33.2481 -2.4515 51.4961 0.5618 0.0042 0.8272 0.5512 0.0376
charger_material_0.bmp
 18 32.6966 -2.3990 51.7088 0.0690 -0.7766 0.6262 0.5531 0.0436
 18 33.1948 -2.5906 51.4786 0.1239 -0.7101 0.6931 0.5492 0.0376
 18 33.2481 -2.4515 51.4961 0.5618 0.0042 0.8272 0.5512 0.0376
charger_material_0.bmp
 18 33.2481 -2.4515 51.4961 0.5618 0.0042 0.8272 0.5512 0.0376
 18 33.1948 -2.5906 51.4786 0.1239 -0.7101 0.6931 0.5492 0.0376
 18 33.4959 -2.5556 51.3452 0.5904 -0.0146 0.8070 0.5492 0.0356
charger_material_0.bmp
 18 33.1948 -2.5906 51.4786 0.1239 -0.7101 0.6931 0.5492 0.0376
 18 33.4310 -2.6843 51.3201 0.2333 -0.7498 0.6192 0.5472 0.0356
 18 33.4959 -2.5556 51.3452 0.5904 -0.0146 0.8070 0.5492 0.0356
charger_material_0.bmp
 18 33.4959 -2.5556 51.3452 0.5904 -0.0146 0.8070 0.5492 0.0356
 18 33.4310 -2.6843 51.3201 0.2333 -0.7498 0.6192 0.5472 0.0356
 18 33.6858 -2.6276 51.1554 0.8190 -0.1215 0.5607 0.5472 0.0337
charger_material_0.bmp
 18 33.4310 -2.6843 51.3201 0.2333 -0.7498 0.6192 0.5472 0.0356
 18 33.6488 -2.7457 51.1157 0.6287 -0.7672 0.1266 0.5453 0.0356
 18 33.6858 -2.6276 51.1554 0.8190 -0.1215 0.5607 0.5472 0.0337
charger_material_0.bmp
  4 -0.7200 -6.2665 61.4431 0.1474 -0.9082 0.3917 0.8760 0.5505
  4 -0.5000 -6.2193 61.4239 0.3898 -0.9201 0.0374 0.8799 0.5505
  4 -0.5000 -6.2047 61.5535 0.1660 -0.9688 0.1842 0.8799 0.5525
charger_material_0.bmp
  4 -0.5000 -6.2047 61.5535 0.1660 -0.9688 0.1842 0.8799 0.5525
  4 -0.5000 -6.2193 61.4239 0.3898 -0.9201 0.0374 0.8799 0.5505
  4 -0.2700 -6.1407 61.4089 0.5387 -0.8207 -0.1905 0.8819 0.5505
charger_material_0.bmp
  4 -0.5000 -6.2193 61.4239 0.3898 -0.9201 0.0374 0.8799 0.5505
  4 -0.3000 -6.1029 61.3406 0.4110 -0.7239 -0.5541 0.8819 0.5485
  4 -0.2700 -6.1407 61.4089 0.5387 -0.8207 -0.1905 0.8819 0.5505
charger_material_0.bmp
  4 -0.2700 -6.1407 61.4089 0.5387 -0.8207 -0.1905 0.8819 0.5505
  4 -0.3000 -6.1029 61.3406 0.4110 -0.7239 -0.5541 0.8819 0.5485
  4 -0.0400 -5.8638 61.3662 0.7974 -0.5674 -0.2056 0.8878 0.5505
charger_material_0.bmp
  4 -0.3000 -6.1029 61.3406 0.4110 -0.7239 -0.5541 0.8819 0.5485
  4 -0.0600 -5.8354 61.2487 0.5450 -0.5142 -0.6623 0.8878 0.5485
  4 -0.0400 -5.8638 61.3662 0.7974 -0.5674 -0.2056 0.8878 0.5505
charger_material_0.bmp
  4 -0.0400 -5.8638 61.3662 0.7974 -0.5674 -0.2056 0.8878 0.5505
  4 -0.0600 -5.8354 61.2487 0.5450 -0.5142 -0.6623 0.8878 0.5485
  4 0.1300 -5.4948 61.3261 0.8675 -0.4962 -0.0352 0.8957 0.5485
charger_material_0.bmp
  4 -0.0600 -5.8354 61.2487 0.5450 -0.5142 -0.6623 0.8878 0.5485
  4 0.1200 -5.4995 61.1947 0.6581 -0.5250 -0.5397 0.8937 0.5465
  4 0.1300 -5.4948 61.3261 0.8675 -0.4962 -0.0352 0.8957 0.5485
charger_material_0.bmp
  4 0.1300 -5.4948 61.3261 0.8675 -0.4962 -0.0352 0.8957 0.5485
  4 0.1200 -5.4995 61.1947 0.6581 -0.5250 -0.5397 0.8937 0.5465
  4 0.2600 -5.2862 61.2455 0.9185 -0.3952 -0.0093 0.8976 0.5465
charger_material_0.bmp
  4 0.1200 -5.4995 61.1947 0.6581 -0.5250 -0.5397 0.8937 0.5465
  4 0.2200 -5.3382 61.1333 0.5450 -0.5142 -0.6623 0.8976 0.5446
  4 0.2600 -5.2862 61.2455 0.9185 -0.3952 -0.0093 0.8976 0.5465
charger_material_0.bmp
  4 0.2600 -5.2862 61.2455 0.9185 -0.3952 -0.0093 0.8976 0.5465
  4 0.2200 -5.3382 61.1333 0.5450 -0.5142 -0.6623 0.8976 0.5446
  4 0.3000 -5.1478 61.1173 0.8191 -0.4261 -0.3841 0.8996 0.5426
charger_material_0.bmp
  4 0.2200 -5.3382 61.1333 0.5450 -0.5142 -0.6623 0.8976 0.5446
  4 0.2100 -5.1647 61.0289 -0.0068 -0.5128 -0.8585 0.8996 0.5406
  4 0.3000 -5.1478 61.1173 0.8191 -0.4261 -0.3841 0.8996 0.5426
charger_material_0.bmp
  4 0.3000 -5.1478 61.1173 0.8191 -0.4261 -0.3841 0.8996 0.5426
  4 0.2100 -5.1647 61.0289 -0.0068 -0.5128 -0.8585 0.8996 0.5406
  4 0.2300 -5.0721 60.9806 0.1088 -0.6908 -0.7148 0.8996 0.5386
charger_material_0.bmp
  4 0.2100 -5.1647 61.0289 -0.0068 -0.5128 -0.8585 0.8996 0.5406
  4 0.1600 -5.0389 60.9947 -0.4238 -0.6481 -0.6327 0.8996 0.5386
  4 0.2300 -5.0721 60.9806 0.1088 -0.6908 -0.7148 0.8996 0.5386
charger_material_0.bmp
  4 3.3800 0.1580 63.5747 -0.1957 -0.7019 0.6848 0.7441 0.7822
  4 3.2600 0.9728 64.1621 -0.0590 -0.4486 0.8918 0.7343 0.7921
  4 2.2200 -0.2713 63.7789 0.3573 -0.6205 0.6981 0.7343 0.7663
charger_material_0.bmp
  4 2.2200 -0.2713 63.7789 0.3573 -0.6205 0.6981 0.7343 0.7663
  4 3.2600 0.9728 64.1621 -0.0590 -0.4486 0.8918 0.7343 0.7921
  4 2.0000 0.7345 64.5131 0.2633 -0.3285 0.9071 0.7205 0.7762
charger_material_0.bmp
  4 3.2600 0.9728 64.1621 -0.0590 -0.4486 0.8918 0.7343 0.7921
  4 3.1500 1.9399 64.3743 -0.2176 -0.0358 0.9754 0.7224 0.8020
  4 2.0000 0.7345 64.5131 0.2633 -0.3285 0.9071 0.7205 0.7762
charger_material_0.bmp
  4 2.0000 0.7345 64.5131 0.2633 -0.3285 0.9071 0.7205 0.7762
  4 3.1500 1.9399 64.3743 -0.2176 -0.0358 0.9754 0.7224 0.8020
  4 2.0600 2.0248 64.7653 0.2573 0.0758 0.9634 0.7087 0.7921
charger_material_0.bmp
  4 3.1500 1.9399 64.3743 -0.2176 -0.0358 0.9754 0.7224 0.8020
  4 2.9300 3.1549 64.0199 -0.1290 0.3740 0.9184 0.7087 0.8178
  4 2.0600 2.0248 64.7653 0.2573 0.0758 0.9634 0.7087 0.7921
charger_material_0.bmp
  4 2.0600 2.0248 64.7653 0.2573 0.0758 0.9634 0.7087 0.7921
  4 2.9300 3.1549 64.0199 -0.1290 0.3740 0.9184 0.7087 0.8178
  4 1.8800 3.1865 64.4516 0.3360 0.3875 0.8584 0.6949 0.8059
charger_material_0.bmp
  4 2.9300 3.1549 64.0199 -0.1290 0.3740 0.9184 0.7087 0.8178
  4 2.7500 4.2411 63.3642 -0.1150 0.5735 0.8111 0.6929 0.8317
  4 1.8800 3.1865 64.4516 0.3360 0.3875 0.8584 0.6949 0.8059
charger_material_0.bmp
  4 1.8800 3.1865 64.4516 0.3360 0.3875 0.8584 0.6949 0.8059
  4 2.7500 4.2411 63.3642 -0.1150 0.5735 0.8111 0.6929 0.8317
  4 1.9400 4.7422 63.4823 0.4979 0.5072 0.7035 0.6811 0.8277
charger_material_0.bmp
  4 2.7500 4.2411 63.3642 -0.1150 0.5735 0.8111 0.6929 0.8317
  4 2.4800 5.5482 62.1064 0.1070 0.7314 0.6735 0.6732 0.8515
  4 1.9400 4.7422 63.4823 0.4979 0.5072 0.7035 0.6811 0.8277
charger_material_0.bmp
  4 1.9400 4.7422 63.4823 0.4979 0.5072 0.7035 0.6811 0.8277
  4 2.4800 5.5482 62.1064 0.1070 0.7314 0.6735 0.6732 0.8515
  4 1.0800 6.5168 62.5932 0.6277 0.5820 0.5169 0.6535 0.8376
charger_material_0.bmp
  4 2.4800 5.5482 62.1064 0.1070 0.7314 0.6735 0.6732 0.8515
  4 2.2000 6.9946 60.1398 -0.0341 0.8473 0.5300 0.6476 0.8713
  4 1.0800 6.5168 62.5932 0.6277 0.5820 0.5169 0.6535 0.8376
charger_material_0.bmp
  4 1.0800 6.5168 62.5932 0.6277 0.5820 0.5169 0.6535 0.8376
  4 2.2000 6.9946 60.1398 -0.0341 0.8473 0.5300 0.6476 0.8713
  4 1.5000 7.5013 60.2873 0.6856 0.6637 0.2991 0.6398 0.8634
charger_material_0.bmp
  4 2.2000 6.9946 60.1398 -0.0341 0.8473 0.5300 0.6476 0.8713
  4 1.5200 8.3957 56.8177 -0.0931 0.9534 0.2869 0.6181 0.8931
  4 1.5000 7.5013 60.2873 0.6856 0.6637 0.2991 0.6398 0.8634
charger_material_0.bmp
  4 -1.0500 -3.8392 67.0572 -0.4839 -0.0952 0.8699 0.8366 0.6455
  4 -0.4300 -2.9188 67.4514 -0.4039 0.0214 0.9146 0.8287 0.6614
  4 -1.3000 -3.1422 66.9749 -0.4726 -0.0531 0.8797 0.8248 0.6455
charger_material_0.bmp
  4 -1.3000 -3.1422 66.9749 -0.4726 -0.0531 0.8797 0.8248 0.6455
  4 -0.4300 -2.9188 67.4514 -0.4039 0.0214 0.9146 0.8287 0.6614
  4 -0.9100 -2.3342 67.2073 -0.3806 0.1155 0.9175 0.8169 0.6574
charger_material_0.bmp
  4 -0.4300 -2.9188 67.4514 -0.4039 0.0214 0.9146 0.8287 0.6614
  4 -0.5400 -2.0151 67.2786 -0.1749 0.3433 0.9228 0.8150 0.6634
  4 -0.9100 -2.3342 67.2073 -0.3806 0.1155 0.9175 0.8169 0.6574
charger_material_0.bmp
  4 -0.9100 -2.3342 67.2073 -0.3806 0.1155 0.9175 0.8169 0.6574
  4 -0.5400 -2.0151 67.2786 -0.1749 0.3433 0.9228 0.8150 0.6634
  4 -1.0000 -1.5022 66.9261 -0.1590 0.4456 0.8810 0.8051 0.6574
charger_material_0.bmp
  4 -0.5400 -2.0151 67.2786 -0.1749 0.3433 0.9228 0.8150 0.6634
  4 -0.5100 -1.1973 66.8169 0.0079 0.5536 0.8328 0.8012 0.6653
  4 -1.0000 -1.5022 66.9261 -0.1590 0.4456 0.8810 0.8051 0.6574
charger_material_0.bmp
  4 -1.0000 -1.5022 66.9261 -0.1590 0.4456 0.8810 0.8051 0.6574
  4 -0.5100 -1.1973 66.8169 0.0079 0.5536 0.8328 0.8012 0.6653
  4 -1.0000 -0.7180 66.5013 0.0500 0.6657 0.7445 0.7933 0.6594
charger_material_0.bmp
  4 -0.5100 -1.1973 66.8169 0.0079 0.5536 0.8328 0.8012 0.6653
  4 -0.6400 -0.6405 66.3744 0.1181 0.7737 0.6224 0.7913 0.6634
  4 -1.0000 -0.7180 66.5013 0.0500 0.6657 0.7445 0.7933 0.6594
charger_material_0.bmp
  4 -1.0000 -0.7180 66.5013 0.0500 0.6657 0.7445 0.7933 0.6594
  4 -0.6400 -0.6405 66.3744 0.1181 0.7737 0.6224 0.7913 0.6634
  4 -0.9300 -0.3848 66.0608 0.1282 0.9221 0.3652 0.7854 0.6594
charger_material_0.bmp
  4 -0.6400 -0.6405 66.3744 0.1181 0.7737 0.6224 0.7913 0.6634
  4 -0.4100 -0.4322 65.8663 0.1932 0.9347 0.2985 0.7835 0.6673
  4 -0.9300 -0.3848 66.0608 0.1282 0.9221 0.3652 0.7854 0.6594
charger_material_0.bmp
  4 -0.9300 -0.3848 66.0608 0.1282 0.9221 0.3652 0.7854 0.6594
  4 -0.4100 -0.4322 65.8663 0.1932 0.9347 0.2985 0.7835 0.6673
  4 -0.9200 -0.2911 65.6459 0.0389 0.9929 0.1128 0.7795 0.6594
charger_material_0.bmp
  4 -0.4100 -0.4322 65.8663 0.1932 0.9347 0.2985 0.7835 0.6673
  4 -0.4100 -0.3665 65.5177 0.1803 0.9803 0.0808 0.7776 0.6673
  4 -0.9200 -0.2911 65.6459 0.0389 0.9929 0.1128 0.7795 0.6594
charger_material_0.bmp
  4 -0.9200 -0.2911 65.6459 0.0389 0.9929 0.1128 0.7795 0.6594
  4 -0.4100 -0.3665 65.5177 0.1803 0.9803 0.0808 0.7776 0.6673
  4 -0.9300 -0.2876 65.2380 0.0749 0.9669 0.2437 0.7736 0.6574
charger_material_0.bmp
  4 -0.4100 -0.3665 65.5177 0.1803 0.9803 0.0808 0.7776 0.6673
  4 -0.3900 -0.3672 65.1412 0.2324 0.9510 0.2039 0.7717 0.6673
  4 -0.9300 -0.2876 65.2380 0.0749 0.9669 0.2437 0.7736 0.6574
charger_material_0.bmp
  4 1.2200 -5.2411 66.3275 0.7890 -0.3322 0.5169 0.9055 0.6257
  4 1.5500 -5.2163 65.7119 0.9070 -0.2949 0.3005 0.9094 0.6158
  4 1.4300 -4.8071 66.2547 0.8216 -0.2795 0.4969 0.9134 0.6257
charger_material_0.bmp
  4 1.4300 -4.8071 66.2547 0.8216 -0.2795 0.4969 0.9134 0.6257
  4 1.5500 -5.2163 65.7119 0.9070 -0.2949 0.3005 0.9094 0.6158
  4 1.6700 -4.5140 65.9238 0.9128 -0.2348 0.3342 0.9193 0.6198
charger_material_0.bmp
  4 1.5500 -5.2163 65.7119 0.9070 -0.2949 0.3005 0.9094 0.6158
  4 1.8000 -4.4138 65.4363 0.9602 -0.2235 0.1678 0.9213 0.6139
  4 1.6700 -4.5140 65.9238 0.9128 -0.2348 0.3342 0.9193 0.6198
charger_material_0.bmp
  4 1.6700 -4.5140 65.9238 0.9128 -0.2348 0.3342 0.9193 0.6198
  4 1.8000 -4.4138 65.4363 0.9602 -0.2235 0.1678 0.9213 0.6139
  4 1.7600 -3.9502 66.0502 0.9141 -0.1958 0.3550 0.9252 0.6238
charger_material_0.bmp
  4 1.8000 -4.4138 65.4363 0.9602 -0.2235 0.1678 0.9213 0.6139
  4 1.9400 -3.7336 65.4793 0.9729 -0.1816 0.1430 0.9311 0.6158
  4 1.7600 -3.9502 66.0502 0.9141 -0.1958 0.3550 0.9252 0.6238
charger_material_0.bmp
  4 1.7600 -3.9502 66.0502 0.9141 -0.1958 0.3550 0.9252 0.6238
  4 1.9400 -3.7336 65.4793 0.9729 -0.1816 0.1430 0.9311 0.6158
  4 2.0500 -2.6063 65.9969 0.9560 -0.0612 0.2868 0.9449 0.6238
charger_material_0.bmp
  4 1.9400 -3.7336 65.4793 0.9729 -0.1816 0.1430 0.9311 0.6158
  4 2.0700 -2.8682 65.4259 0.9917 -0.1092 0.0676 0.9429 0.6158
  4 2.0500 -2.6063 65.9969 0.9560 -0.0612 0.2868 0.9449 0.6238
charger_material_0.bmp
  4 2.0500 -2.6063 65.9969 0.9560 -0.0612 0.2868 0.9449 0.6238
  4 2.0700 -2.8682 65.4259 0.9917 -0.1092 0.0676 0.9429 0.6158
  4 2.1400 -1.9920 65.4823 0.9774 0.1287 0.1679 0.9547 0.6178
charger_material_0.bmp
  4 2.0700 -2.8682 65.4259 0.9917 -0.1092 0.0676 0.9429 0.6158
  4 2.1400 -2.3394 65.0499 0.9996 -0.0267 0.0037 0.9508 0.6119
  4 2.1400 -1.9920 65.4823 0.9774 0.1287 0.1679 0.9547 0.6178
charger_material_0.bmp
  4 2.1400 -1.9920 65.4823 0.9774 0.1287 0.1679 0.9547 0.6178
  4 2.1400 -2.3394 65.0499 0.9996 -0.0267 0.0037 0.9508 0.6119
  4 2.0700 -1.4694 64.9141 0.9222 0.3787 -0.0777 0.9626 0.6139
charger_material_0.bmp
  4 2.1400 -2.3394 65.0499 0.9996 -0.0267 0.0037 0.9508 0.6119
  4 2.1300 -1.9234 64.5631 0.9762 0.1576 -0.1490 0.9587 0.6059
  4 2.0700 -1.4694 64.9141 0.9222 0.3787 -0.0777 0.9626 0.6139
charger_material_0.bmp
  4 2.0700 -1.4694 64.9141 0.9222 0.3787 -0.0777 0.9626 0.6139
  4 2.1300 -1.9234 64.5631 0.9762 0.1576 -0.1490 0.9587 0.6059
  4 1.7600 -1.2598 64.2530 0.7429 0.6081 -0.2798 0.9705 0.6059
charger_material_0.bmp
  4 2.1300 -1.9234 64.5631 0.9762 0.1576 -0.1490 0.9587 0.6059
  4 1.9100 -1.7320 63.9666 0.8957 0.3095 -0.3193 0.9646 0.5980
  4 1.7600 -1.2598 64.2530 0.7429 0.6081 -0.2798 0.9705 0.6059
charger_material_0.bmp
  4 1.5300 -5.5562 65.3187 0.9078 -0.3701 0.1972 0.9075 0.6099
  4 1.6200 -5.1852 65.2885 0.9627 -0.2359 0.1326 0.9114 0.6099
  4 1.5500 -5.2163 65.7119 0.9070 -0.2949 0.3005 0.9094 0.6158
charger_material_0.bmp
  4 1.5500 -5.2163 65.7119 0.9070 -0.2949 0.3005 0.9094 0.6158
  4 1.6200 -5.1852 65.2885 0.9627 -0.2359 0.1326 0.9114 0.6099
  4 1.8000 -4.4138 65.4363 0.9602 -0.2235 0.1678 0.9213 0.6139
charger_material_0.bmp
  4 1.6200 -5.1852 65.2885 0.9627 -0.2359 0.1326 0.9114 0.6099
  4 1.8700 -4.3856 64.8913 0.9743 -0.2199 0.0489 0.9232 0.6059
  4 1.8000 -4.4138 65.4363 0.9602 -0.2235 0.1678 0.9213 0.6139
charger_material_0.bmp
  4 1.8000 -4.4138 65.4363 0.9602 -0.2235 0.1678 0.9213 0.6139
  4 1.8700 -4.3856 64.8913 0.9743 -0.2199 0.0489 0.9232 0.6059
  4 1.9400 -3.7336 65.4793 0.9729 -0.1816 0.1430 0.9311 0.6158
charger_material_0.bmp
  4 1.8700 -4.3856 64.8913 0.9743 -0.2199 0.0489 0.9232 0.6059
  4 2.0100 -3.6329 64.9408 0.9881 -0.1507 0.0304 0.9331 0.6079
  4 1.9400 -3.7336 65.4793 0.9729 -0.1816 0.1430 0.9311 0.6158
charger_material_0.bmp
  4 1.9400 -3.7336 65.4793 0.9729 -0.1816 0.1430 0.9311 0.6158
  4 2.0100 -3.6329 64.9408 0.9881 -0.1507 0.0304 0.9331 0.6079
  4 2.0700 -2.8682 65.4259 0.9917 -0.1092 0.0676 0.9429 0.6158
charger_material_0.bmp
  4 2.0100 -3.6329 64.9408 0.9881 -0.1507 0.0304 0.9331 0.6079
  4 2.0700 -3.0478 64.8595 0.9954 -0.0955 0.0047 0.9409 0.6059
  4 2.0700 -2.8682 65.4259 0.9917 -0.1092 0.0676 0.9429 0.6158
charger_material_0.bmp
  4 2.0700 -2.8682 65.4259 0.9917 -0.1092 0.0676 0.9429 0.6158
  4 2.0700 -3.0478 64.8595 0.9954 -0.0955 0.0047 0.9409 0.6059
  4 2.1400 -2.3394 65.0499 0.9996 -0.0267 0.0037 0.9508 0.6119
charger_material_0.bmp
  4 2.0700 -3.0478 64.8595 0.9954 -0.0955 0.0047 0.9409 0.6059
  4 2.1000 -2.6130 64.4710 0.9937 -0.0657 -0.0907 0.9488 0.6020
  4 2.1400 -2.3394 65.0499 0.9996 -0.0267 0.0037 0.9508 0.6119
charger_material_0.bmp
  4 2.1400 -2.3394 65.0499 0.9996 -0.0267 0.0037 0.9508 0.6119
  4 2.1000 -2.6130 64.4710 0.9937 -0.0657 -0.0907 0.9488 0.6020
  4 2.1300 -1.9234 64.5631 0.9762 0.1576 -0.1490 0.9587 0.6059
charger_material_0.bmp
  4 2.1000 -2.6130 64.4710 0.9937 -0.0657 -0.0907 0.9488 0.6020
  4 2.0900 -2.3989 64.2060 0.9657 0.0275 -0.2583 0.9528 0.5980
  4 2.1300 -1.9234 64.5631 0.9762 0.1576 -0.1490 0.9587 0.6059
charger_material_0.bmp
  4 2.1300 -1.9234 64.5631 0.9762 0.1576 -0.1490 0.9587 0.6059
  4 2.0900 -2.3989 64.2060 0.9657 0.0275 -0.2583 0.9528 0.5980
  4 1.9100 -1.7320 63.9666 0.8957 0.3095 -0.3193 0.9646 0.5980
charger_material_0.bmp
  4 1.8200 -3.6407 63.0894 0.9092 0.0427 -0.4141 0.9350 0.5762
  4 2.0500 -3.9507 63.3319 0.8588 -0.2274 -0.4590 0.9311 0.5822
  4 1.8600 -4.2248 63.2825 0.9090 -0.2190 -0.3547 0.9272 0.5802
charger_material_0.bmp
  4 1.8600 -4.2248 63.2825 0.9090 -0.2190 -0.3547 0.9272 0.5802
  4 2.0500 -3.9507 63.3319 0.8588 -0.2274 -0.4590 0.9311 0.5822
  4 1.9400 -4.1123 63.6580 0.8567 -0.5157 0.0100 0.9272 0.5861
charger_material_0.bmp
  4 2.0500 -3.9507 63.3319 0.8588 -0.2274 -0.4590 0.9311 0.5822
  4 2.2000 -3.9869 63.6748 0.7694 -0.6352 -0.0683 0.9311 0.5881
  4 1.9400 -4.1123 63.6580 0.8567 -0.5157 0.0100 0.9272 0.5861
charger_material_0.bmp
  4 1.9400 -4.1123 63.6580 0.8567 -0.5157 0.0100 0.9272 0.5861
  4 2.2000 -3.9869 63.6748 0.7694 -0.6352 -0.0683 0.9311 0.5881
  4 1.9800 -3.8702 64.0190 0.5879 -0.6345 0.5018 0.9311 0.5941
charger_material_0.bmp
  4 2.2000 -3.9869 63.6748 0.7694 -0.6352 -0.0683 0.9311 0.5881
  4 2.2800 -3.8750 63.8876 0.8128 -0.5599 0.1608 0.9331 0.5901
  4 1.9800 -3.8702 64.0190 0.5879 -0.6345 0.5018 0.9311 0.5941
charger_material_0.bmp
  4 1.9800 -3.8702 64.0190 0.5879 -0.6345 0.5018 0.9311 0.5941
  4 2.2800 -3.8750 63.8876 0.8128 -0.5599 0.1608 0.9331 0.5901
  4 2.3600 -3.5923 64.0880 0.6968 -0.4229 0.5793 0.9370 0.5921
charger_material_0.bmp
  4 2.2800 -3.8750 63.8876 0.8128 -0.5599 0.1608 0.9331 0.5901
  4 2.3600 -3.5774 63.9528 0.9155 -0.1573 -0.3702 0.9370 0.5901
  4 2.3600 -3.5923 64.0880 0.6968 -0.4229 0.5793 0.9370 0.5921
charger_material_0.bmp
  4 2.3600 -3.5923 64.0880 0.6968 -0.4229 0.5793 0.9370 0.5921
  4 2.3600 -3.5774 63.9528 0.9155 -0.1573 -0.3702 0.9370 0.5901
  4 2.4500 -3.3879 64.0388 0.9657 0.0275 -0.2583 0.9390 0.5921
charger_material_0.bmp
  4 2.3600 -3.5774 63.9528 0.9155 -0.1573 -0.3702 0.9370 0.5901
  4 2.0200 -3.4687 63.6164 0.7430 0.2570 -0.6180 0.9370 0.5842
  4 2.4500 -3.3879 64.0388 0.9657 0.0275 -0.2583 0.9390 0.5921
charger_material_0.bmp
  4 2.4500 -3.3879 64.0388 0.9657 0.0275 -0.2583 0.9390 0.5921
  4 2.0200 -3.4687 63.6164 0.7430 0.2570 -0.6180 0.9370 0.5842
  4 1.8900 -3.2217 63.6303 0.7507 0.0246 -0.6602 0.9409 0.5842
charger_material_0.bmp
  4 2.0200 -3.4687 63.6164 0.7430 0.2570 -0.6180 0.9370 0.5842
  4 1.7800 -3.3117 63.3726 0.9202 0.2544 -0.2974 0.9390 0.5802
  4 1.8900 -3.2217 63.6303 0.7507 0.0246 -0.6602 0.9409 0.5842
charger_material_0.bmp
  4 1.8900 -3.2217 63.6303 0.7507 0.0246 -0.6602 0.9409 0.5842
  4 1.7800 -3.3117 63.3726 0.9202 0.2544 -0.2974 0.9390 0.5802
  4 1.7800 -3.1081 63.4253 0.8330 -0.4299 -0.3482 0.9429 0.5802
charger_material_0.bmp
  3 7.2700 -0.4222 53.3210 0.9546 -0.0846 -0.2856 0.2677 0.3406
  3 7.4500 1.0002 52.7205 0.9764 -0.1738 -0.1282 0.2835 0.3327
  3 7.5300 0.5417 54.0290 0.9366 -0.1285 -0.3260 0.2776 0.3485
charger_material_0.bmp
  3 7.5300 0.5417 54.0290 0.9366 -0.1285 -0.3260 0.2776 0.3485
  3 7.4500 1.0002 52.7205 0.9764 -0.1738 -0.1282 0.2835 0.3327
  3 7.6900 1.4307 53.6990 0.9363 -0.1915 -0.2943 0.2874 0.3446
charger_material_0.bmp
  3 7.4500 1.0002 52.7205 0.9764 -0.1738 -0.1282 0.2835 0.3327
  3 7.5900 2.2028 52.7682 0.9854 -0.0161 -0.1695 0.2953 0.3327
  3 7.6900 1.4307 53.6990 0.9363 -0.1915 -0.2943 0.2874 0.3446
charger_material_0.bmp
  3 7.6900 1.4307 53.6990 0.9363 -0.1915 -0.2943 0.2874 0.3446
  3 7.5900 2.2028 52.7682 0.9854 -0.0161 -0.1695 0.2953 0.3327
  3 7.9600 2.5869 53.9631 0.9255 0.0561 -0.3745 0.2992 0.3505
charger_material_0.bmp
  3 7.5900 2.2028 52.7682 0.9854 -0.0161 -0.1695 0.2953 0.3327
  3 7.4200 3.4363 52.8225 0.9434 0.2944 -0.1526 0.3091 0.3327
  3 7.9600 2.5869 53.9631 0.9255 0.0561 -0.3745 0.2992 0.3505
charger_material_0.bmp
  3 7.9600 2.5869 53.9631 0.9255 0.0561 -0.3745 0.2992 0.3505
  3 7.4200 3.4363 52.8225 0.9434 0.2944 -0.1526 0.3091 0.3327
  3 7.7000 3.6746 54.2449 0.8359 0.4225 -0.3503 0.3110 0.3525
charger_material_0.bmp
  3 7.4200 3.4363 52.8225 0.9434 0.2944 -0.1526 0.3091 0.3327
  3 7.1500 4.4014 53.7216 0.8602 0.4619 -0.2161 0.3209 0.3426
  3 7.7000 3.6746 54.2449 0.8359 0.4225 -0.3503 0.3110 0.3525
charger_material_0.bmp
  3 7.7000 3.6746 54.2449 0.8359 0.4225 -0.3503 0.3110 0.3525
  3 7.1500 4.4014 53.7216 0.8602 0.4619 -0.2161 0.3209 0.3426
  3 7.3800 4.3261 54.4946 0.7736 0.5888 -0.2343 0.3209 0.3525
charger_material_0.bmp
  3 7.1500 4.4014 53.7216 0.8602 0.4619 -0.2161 0.3209 0.3426
  3 6.7800 5.0883 53.6554 0.8101 0.5742 -0.1187 0.3307 0.3406
  3 7.3800 4.3261 54.4946 0.7736 0.5888 -0.2343 0.3209 0.3525
charger_material_0.bmp
  3 7.3800 4.3261 54.4946 0.7736 0.5888 -0.2343 0.3209 0.3525
  3 6.7800 5.0883 53.6554 0.8101 0.5742 -0.1187 0.3307 0.3406
  3 6.7800 5.0295 54.9397 0.6927 0.7209 -0.0199 0.3327 0.3545
charger_material_0.bmp
  3 6.7800 5.0883 53.6554 0.8101 0.5742 -0.1187 0.3307 0.3406
  3 6.0700 6.0235 54.0145 0.7055 0.7037 -0.0841 0.3445 0.3406
  3 6.7800 5.0295 54.9397 0.6927 0.7209 -0.0199 0.3327 0.3545
charger_material_0.bmp
  3 6.7800 5.0295 54.9397 0.6927 0.7209 -0.0199 0.3327 0.3545
  3 6.0700 6.0235 54.0145 0.7055 0.7037 -0.0841 0.3445 0.3406
  3 6.3000 5.5584 55.2634 0.7363 0.6668 0.1147 0.3406 0.3564
charger_material_0.bmp
 10 0.9572 2.4735 28.4938 -0.8757 0.1598 -0.4557 0.9921 0.2911
 10 1.0914 4.9241 29.6358 -0.4788 0.4794 -0.7354 0.9665 0.3109
 10 1.4641 4.9255 29.2975 -0.7360 0.5613 -0.3785 0.9646 0.3069
charger_material_0.bmp
 10 1.4641 4.9255 29.2975 -0.7360 0.5613 -0.3785 0.9646 0.3069
 10 1.0914 4.9241 29.6358 -0.4788 0.4794 -0.7354 0.9665 0.3109
 10 2.3743 6.2557 30.1397 -0.2909 0.8388 -0.4602 0.9488 0.3168
charger_material_0.bmp
 10 1.0914 4.9241 29.6358 -0.4788 0.4794 -0.7354 0.9665 0.3109
 10 2.1446 6.9054 30.9620 -0.0078 0.8851 -0.4654 0.9469 0.3287
 10 2.3743 6.2557 30.1397 -0.2909 0.8388 -0.4602 0.9488 0.3168
charger_material_0.bmp
 10 2.3743 6.2557 30.1397 -0.2909 0.8388 -0.4602 0.9488 0.3168
 10 2.1446 6.9054 30.9620 -0.0078 0.8851 -0.4654 0.9469 0.3287
 10 5.0992 6.8869 31.7013 0.2571 0.9449 -0.2027 0.9173 0.3287
charger_material_0.bmp
 10 2.1446 6.9054 30.9620 -0.0078 0.8851 -0.4654 0.9469 0.3287
 10 4.8556 7.2232 33.2331 0.2797 0.9507 -0.1336 0.9154 0.3446
 10 5.0992 6.8869 31.7013 0.2571 0.9449 -0.2027 0.9173 0.3287
charger_material_0.bmp
 10 5.0992 6.8869 31.7013 0.2571 0.9449 -0.2027 0.9173 0.3287
 10 4.8556 7.2232 33.2331 0.2797 0.9507 -0.1336 0.9154 0.3446
 10 7.5278 5.5795 32.9809 0.6975 0.7146 0.0527 0.8878 0.3347
charger_material_0.bmp
 10 4.8556 7.2232 33.2331 0.2797 0.9507 -0.1336 0.9154 0.3446
 10 7.2929 5.7184 34.4289 0.7279 0.6824 0.0671 0.8858 0.3505
 10 7.5278 5.5795 32.9809 0.6975 0.7146 0.0527 0.8878 0.3347
charger_material_0.bmp
 10 7.5278 5.5795 32.9809 0.6975 0.7146 0.0527 0.8878 0.3347
 10 7.2929 5.7184 34.4289 0.7279 0.6824 0.0671 0.8858 0.3505
 10 8.8045 3.1150 34.1777 0.9514 0.2855 0.1154 0.8583 0.3446
charger_material_0.bmp
 10 7.2929 5.7184 34.4289 0.7279 0.6824 0.0671 0.8858 0.3505
 10 8.6268 3.1640 35.8802 0.9288 0.3247 0.1784 0.8583 0.3604
 10 8.8045 3.1150 34.1777 0.9514 0.2855 0.1154 0.8583 0.3446
charger_material_0.bmp
 10 8.8045 3.1150 34.1777 0.9514 0.2855 0.1154 0.8583 0.3446
 10 8.6268 3.1640 35.8802 0.9288 0.3247 0.1784 0.8583 0.3604
 10 8.9560 0.4934 34.5171 0.9921 -0.1028 0.0718 0.8327 0.3465
charger_material_0.bmp
 10 8.6268 3.1640 35.8802 0.9288 0.3247 0.1784 0.8583 0.3604
 10 8.6999 0.2923 36.1018 0.9884 -0.0654 0.1368 0.8307 0.3624
 10 8.9560 0.4934 34.5171 0.9921 -0.1028 0.0718 0.8327 0.3465
charger_material_0.bmp
 10 8.9560 0.4934 34.5171 0.9921 -0.1028 0.0718 0.8327 0.3465
 10 8.6999 0.2923 36.1018 0.9884 -0.0654 0.1368 0.8307 0.3624
 10 8.2884 -2.1631 35.1360 0.8987 -0.4350 -0.0552 0.8071 0.3564
charger_material_0.bmp
 18 32.9159 -1.7888 51.6988 -0.2606 -0.8439 -0.4689 0.5689 0.0376
 18 32.9077 -1.6566 51.6557 -0.3627 -0.1382 -0.9216 0.5669 0.0376
 18 33.0994 -1.7971 51.6453 -0.2847 -0.9030 -0.3219 0.5689 0.0356
charger_material_0.bmp
 18 33.0994 -1.7971 51.6453 -0.2847 -0.9030 -0.3219 0.5689 0.0356
 18 32.9077 -1.6566 51.6557 -0.3627 -0.1382 -0.9216 0.5669 0.0376
 18 33.0661 -1.6935 51.5749 -0.4595 -0.1069 -0.8817 0.5669 0.0356
charger_material_0.bmp
 18 32.9077 -1.6566 51.6557 -0.3627 -0.1382 -0.9216 0.5669 0.0376
 18 32.9927 -1.4279 51.6820 -0.0760 0.6894 -0.7204 0.5630 0.0356
 18 33.0661 -1.6935 51.5749 -0.4595 -0.1069 -0.8817 0.5669 0.0356
charger_material_0.bmp
 18 33.0661 -1.6935 51.5749 -0.4595 -0.1069 -0.8817 0.5669 0.0356
 18 32.9927 -1.4279 51.6820 -0.0760 0.6894 -0.7204 0.5630 0.0356
 18 33.1545 -1.4858 51.6199 -0.1236 0.7172 -0.6858 0.5650 0.0337
charger_material_0.bmp
 18 32.9927 -1.4279 51.6820 -0.0760 0.6894 -0.7204 0.5630 0.0356
 18 33.2018 -1.4504 51.7148 0.3387 0.9407 0.0188 0.5630 0.0337
 18 33.1545 -1.4858 51.6199 -0.1236 0.7172 -0.6858 0.5650 0.0337
charger_material_0.bmp
 18 33.1545 -1.4858 51.6199 -0.1236 0.7172 -0.6858 0.5650 0.0337
 18 33.2018 -1.4504 51.7148 0.3387 0.9407 0.0188 0.5630 0.0337
 18 33.5233 -1.5875 51.4069 -0.1994 0.7072 -0.6783 0.5669 0.0297
charger_material_0.bmp
 18 33.2018 -1.4504 51.7148 0.3387 0.9407 0.0188 0.5630 0.0337
 18 33.6232 -1.5629 51.5123 0.3811 0.8807 0.2813 0.5650 0.0297
 18 33.5233 -1.5875 51.4069 -0.1994 0.7072 -0.6783 0.5669 0.0297
charger_material_0.bmp
 18 33.5233 -1.5875 51.4069 -0.1994 0.7072 -0.6783 0.5669 0.0297
 18 33.6232 -1.5629 51.5123 0.3811 0.8807 0.2813 0.5650 0.0297
 18 33.6979 -1.6234 51.3028 -0.1994 0.7072 -0.6783 0.5669 0.0277
charger_material_0.bmp
 18 33.6232 -1.5629 51.5123 0.3811 0.8807 0.2813 0.5650 0.0297
 18 33.7995 -1.6092 51.4176 0.4791 0.8149 0.3262 0.5650 0.0277
 18 33.6979 -1.6234 51.3028 -0.1994 0.7072 -0.6783 0.5669 0.0277
charger_material_0.bmp
 18 33.6979 -1.6234 51.3028 -0.1994 0.7072 -0.6783 0.5669 0.0277
 18 33.7995 -1.6092 51.4176 0.4791 0.8149 0.3262 0.5650 0.0277
 18 34.0996 -1.7459 51.1033 0.5404 0.5069 -0.6716 0.5669 0.0238
charger_material_0.bmp
 18 33.7995 -1.6092 51.4176 0.4791 0.8149 0.3262 0.5650 0.0277
 18 34.1397 -1.7486 51.1571 0.9307 0.3246 -0.1688 0.5669 0.0238
 18 34.0996 -1.7459 51.1033 0.5404 0.5069 -0.6716 0.5669 0.0238
charger_material_0.bmp
 18 34.0996 -1.7459 51.1033 0.5404 0.5069 -0.6716 0.5669 0.0238
 18 34.1397 -1.7486 51.1571 0.9307 0.3246 -0.1688 0.5669 0.0238
 18 34.0216 -1.9765 51.1164 0.5420 -0.7371 -0.4037 0.5689 0.0238
charger_material_0.bmp
  4 -0.1600 -6.1986 62.2243 -0.1535 -0.9520 -0.2647 0.8839 0.5624
  4 -0.2000 -6.0525 61.8706 0.5391 -0.8079 -0.2383 0.8839 0.5564
  4 -0.0700 -6.1767 62.1794 0.4816 -0.7888 -0.3820 0.8858 0.5624
charger_material_0.bmp
  4 -0.0700 -6.1767 62.1794 0.4816 -0.7888 -0.3820 0.8858 0.5624
  4 -0.2000 -6.0525 61.8706 0.5391 -0.8079 -0.2383 0.8839 0.5564
  4 0.0700 -5.9690 62.2007 0.6989 -0.4942 -0.5169 0.8898 0.5624
charger_material_0.bmp
  4 -0.2000 -6.0525 61.8706 0.5391 -0.8079 -0.2383 0.8839 0.5564
  4 -0.0300 -5.8036 61.8942 0.8008 -0.5434 -0.2520 0.8898 0.5564
  4 0.0700 -5.9690 62.2007 0.6989 -0.4942 -0.5169 0.8898 0.5624
charger_material_0.bmp
  4 0.0700 -5.9690 62.2007 0.6989 -0.4942 -0.5169 0.8898 0.5624
  4 -0.0300 -5.8036 61.8942 0.8008 -0.5434 -0.2520 0.8898 0.5564
  4 0.2500 -5.7046 62.2520 0.4717 -0.6567 -0.5884 0.8957 0.5624
charger_material_0.bmp
  4 -0.0300 -5.8036 61.8942 0.8008 -0.5434 -0.2520 0.8898 0.5564
  4 0.2000 -5.5150 61.8594 0.4816 -0.7888 -0.3820 0.8957 0.5564
  4 0.2500 -5.7046 62.2520 0.4717 -0.6567 -0.5884 0.8957 0.5624
charger_material_0.bmp
  4 0.2500 -5.7046 62.2520 0.4717 -0.6567 -0.5884 0.8957 0.5624
  4 0.2000 -5.5150 61.8594 0.4816 -0.7888 -0.3820 0.8957 0.5564
  4 0.6400 -5.5424 62.0887 0.3354 -0.6664 -0.6659 0.9016 0.5604
charger_material_0.bmp
  4 0.2000 -5.5150 61.8594 0.4816 -0.7888 -0.3820 0.8957 0.5564
  4 0.5200 -5.2625 61.6890 0.6581 -0.5250 -0.5397 0.9016 0.5545
  4 0.6400 -5.5424 62.0887 0.3354 -0.6664 -0.6659 0.9016 0.5604
charger_material_0.bmp
  4 0.6400 -5.5424 62.0887 0.3354 -0.6664 -0.6659 0.9016 0.5604
  4 0.5200 -5.2625 61.6890 0.6581 -0.5250 -0.5397 0.9016 0.5545
  4 0.7800 -5.2875 62.0908 0.6840 -0.2321 -0.6915 0.9055 0.5604
charger_material_0.bmp
  4 0.5200 -5.2625 61.6890 0.6581 -0.5250 -0.5397 0.9016 0.5545
  4 0.8000 -4.9709 61.9896 0.8012 -0.2631 -0.5374 0.9094 0.5584
  4 0.7800 -5.2875 62.0908 0.6840 -0.2321 -0.6915 0.9055 0.5604
charger_material_0.bmp
  4 0.7800 -5.2875 62.0908 0.6840 -0.2321 -0.6915 0.9055 0.5604
  4 0.8000 -4.9709 61.9896 0.8012 -0.2631 -0.5374 0.9094 0.5584
  4 1.0400 -4.9693 62.2642 0.6961 -0.1125 -0.7091 0.9114 0.5624
charger_material_0.bmp
  4 0.8000 -4.9709 61.9896 0.8012 -0.2631 -0.5374 0.9094 0.5584
  4 0.8600 -4.5995 61.9084 0.8246 -0.3713 -0.4268 0.9134 0.5545
  4 1.0400 -4.9693 62.2642 0.6961 -0.1125 -0.7091 0.9114 0.5624
charger_material_0.bmp
  4 1.0400 -4.9693 62.2642 0.6961 -0.1125 -0.7091 0.9114 0.5624
  4 0.8600 -4.5995 61.9084 0.8246 -0.3713 -0.4268 0.9134 0.5545
  4 1.1100 -4.3917 62.1436 0.7898 -0.3425 -0.5088 0.9193 0.5604
charger_material_0.bmp
  4 0.0200 -5.1663 60.7543 0.1445 -0.3199 0.9364 0.7303 0.6515
  4 -0.0400 -4.9805 60.8206 -0.3291 -0.2574 0.9085 0.7283 0.6535
  4 -0.0500 -5.3665 60.7722 0.2094 -0.1607 0.9645 0.7283 0.6475
charger_material_0.bmp
  4 -0.0500 -5.3665 60.7722 0.2094 -0.1607 0.9645 0.7283 0.6475
  4 -0.0400 -4.9805 60.8206 -0.3291 -0.2574 0.9085 0.7283 0.6535
  4 -0.3200 -5.2154 60.7637 -0.2429 0.0695 0.9676 0.7244 0.6475
charger_material_0.bmp
  4 -0.0400 -4.9805 60.8206 -0.3291 -0.2574 0.9085 0.7283 0.6535
  4 -0.1000 -4.6990 60.6955 -0.5916 -0.5337 0.6043 0.7244 0.6554
  4 -0.3200 -5.2154 60.7637 -0.2429 0.0695 0.9676 0.7244 0.6475
charger_material_0.bmp
  4 -0.3200 -5.2154 60.7637 -0.2429 0.0695 0.9676 0.7244 0.6475
  4 -0.1000 -4.6990 60.6955 -0.5916 -0.5337 0.6043 0.7244 0.6554
  4 -0.6700 -4.8296 60.5983 0.0750 -0.2160 0.9735 0.7146 0.6515
charger_material_0.bmp
  4 -0.1000 -4.6990 60.6955 -0.5916 -0.5337 0.6043 0.7244 0.6554
  4 -0.6200 -4.5666 60.8025 0.0895 -0.9802 0.1768 0.7165 0.6554
  4 -0.6700 -4.8296 60.5983 0.0750 -0.2160 0.9735 0.7146 0.6515
charger_material_0.bmp
  4 -0.6700 -4.8296 60.5983 0.0750 -0.2160 0.9735 0.7146 0.6515
  4 -0.6200 -4.5666 60.8025 0.0895 -0.9802 0.1768 0.7165 0.6554
  4 -0.9600 -4.6750 60.8742 0.3178 -0.9430 0.0991 0.7106 0.6554
charger_material_0.bmp
  4 -0.6200 -4.5666 60.8025 0.0895 -0.9802 0.1768 0.7165 0.6554
  4 -0.6400 -4.7236 61.0464 -0.1445 -0.9225 -0.3579 0.7146 0.6614
  4 -0.9600 -4.6750 60.8742 0.3178 -0.9430 0.0991 0.7106 0.6554
charger_material_0.bmp
  4 -0.9600 -4.6750 60.8742 0.3178 -0.9430 0.0991 0.7106 0.6554
  4 -0.6400 -4.7236 61.0464 -0.1445 -0.9225 -0.3579 0.7146 0.6614
  4 -1.2500 -4.7109 61.1661 0.0331 -0.9918 -0.1234 0.7047 0.6614
charger_material_0.bmp
  4 -0.6400 -4.7236 61.0464 -0.1445 -0.9225 -0.3579 0.7146 0.6614
  4 -0.6600 -4.7408 61.2227 -0.1999 -0.9512 -0.2349 0.7146 0.6634
  4 -1.2500 -4.7109 61.1661 0.0331 -0.9918 -0.1234 0.7047 0.6614
charger_material_0.bmp
  4 -1.2500 -4.7109 61.1661 0.0331 -0.9918 -0.1234 0.7047 0.6614
  4 -0.6600 -4.7408 61.2227 -0.1999 -0.9512 -0.2349 0.7146 0.6634
  4 -1.2500 -4.7201 61.3308 -0.0027 -0.9956 -0.0933 0.7047 0.6634
charger_material_0.bmp
  4 -0.6600 -4.7408 61.2227 -0.1999 -0.9512 -0.2349 0.7146 0.6634
  4 -0.6600 -4.7818 61.4342 -0.2155 -0.8825 -0.4181 0.7146 0.6653
  4 -1.2500 -4.7201 61.3308 -0.0027 -0.9956 -0.0933 0.7047 0.6634
charger_material_0.bmp
  4 1.3200 -5.6684 62.6014 0.6069 -0.6504 -0.4568 0.9055 0.5723
  4 0.9100 -5.8540 62.7489 0.1977 -0.9654 -0.1700 0.9016 0.5723
  4 0.9700 -5.7392 62.3910 0.3365 -0.7688 -0.5438 0.9035 0.5683
charger_material_0.bmp
  4 0.9700 -5.7392 62.3910 0.3365 -0.7688 -0.5438 0.9035 0.5683
  4 0.9100 -5.8540 62.7489 0.1977 -0.9654 -0.1700 0.9016 0.5723
  4 0.6200 -5.8382 62.5117 0.1853 -0.8818 -0.4336 0.8976 0.5683
charger_material_0.bmp
  4 0.9100 -5.8540 62.7489 0.1977 -0.9654 -0.1700 0.9016 0.5723
  4 0.6100 -5.8933 62.7564 0.2351 -0.9684 -0.0834 0.8976 0.5703
  4 0.6200 -5.8382 62.5117 0.1853 -0.8818 -0.4336 0.8976 0.5683
charger_material_0.bmp
  4 0.6200 -5.8382 62.5117 0.1853 -0.8818 -0.4336 0.8976 0.5683
  4 0.6100 -5.8933 62.7564 0.2351 -0.9684 -0.0834 0.8976 0.5703
  4 0.3400 -5.9342 62.4893 0.4816 -0.7888 -0.3820 0.8937 0.5663
charger_material_0.bmp
  4 0.6100 -5.8933 62.7564 0.2351 -0.9684 -0.0834 0.8976 0.5703
  4 0.3200 -5.9639 62.7597 0.4224 -0.9037 -0.0704 0.8937 0.5703
  4 0.3400 -5.9342 62.4893 0.4816 -0.7888 -0.3820 0.8937 0.5663
charger_material_0.bmp
  4 0.3400 -5.9342 62.4893 0.4816 -0.7888 -0.3820 0.8937 0.5663
  4 0.3200 -5.9639 62.7597 0.4224 -0.9037 -0.0704 0.8937 0.5703
  4 0.1200 -6.0806 62.4155 0.6402 -0.7324 -0.2317 0.8898 0.5663
charger_material_0.bmp
  4 0.3200 -5.9639 62.7597 0.4224 -0.9037 -0.0704 0.8937 0.5703
  4 0.0700 -6.1576 62.7051 0.6255 -0.7797 0.0275 0.8878 0.5703
  4 0.1200 -6.0806 62.4155 0.6402 -0.7324 -0.2317 0.8898 0.5663
charger_material_0.bmp
  4 0.1200 -6.0806 62.4155 0.6402 -0.7324 -0.2317 0.8898 0.5663
  4 0.0700 -6.1576 62.7051 0.6255 -0.7797 0.0275 0.8878 0.5703
  4 -0.0600 -6.2831 62.4746 0.4814 -0.8476 -0.2233 0.8858 0.5663
charger_material_0.bmp
  4 0.0700 -6.1576 62.7051 0.6255 -0.7797 0.0275 0.8878 0.5703
  4 -0.1100 -6.3480 62.7212 0.4835 -0.8739 -0.0507 0.8839 0.5703
  4 -0.0600 -6.2831 62.4746 0.4814 -0.8476 -0.2233 0.8858 0.5663
charger_material_0.bmp
  4 -0.0600 -6.2831 62.4746 0.4814 -0.8476 -0.2233 0.8858 0.5663
  4 -0.1100 -6.3480 62.7212 0.4835 -0.8739 -0.0507 0.8839 0.5703
  4 -0.1600 -6.3243 62.4723 -0.1883 -0.9290 -0.3187 0.8839 0.5663
charger_material_0.bmp
  4 -0.1100 -6.3480 62.7212 0.4835 -0.8739 -0.0507 0.8839 0.5703
  4 -0.2400 -6.3555 62.6819 -0.2787 -0.8849 -0.3732 0.8819 0.5703
  4 -0.1600 -6.3243 62.4723 -0.1883 -0.9290 -0.3187 0.8839 0.5663
charger_material_0.bmp
  4 3.2600 0.9728 64.1621 -0.0590 -0.4486 0.8918 0.2047 0.4752
  4 3.3800 0.1580 63.5747 -0.1957 -0.7019 0.6848 0.2067 0.4614
  4 3.4700 0.9322 64.3226 -0.1884 -0.4033 0.8954 0.2067 0.4752
charger_material_0.bmp
  4 3.4700 0.9322 64.3226 -0.1884 -0.4033 0.8954 0.2067 0.4752
  4 3.3800 0.1580 63.5747 -0.1957 -0.7019 0.6848 0.2067 0.4614
  4 3.5600 0.0430 63.7188 -0.3625 -0.6458 0.6720 0.2087 0.4614
charger_material_0.bmp
  4 3.3800 0.1580 63.5747 -0.1957 -0.7019 0.6848 0.2067 0.4614
  4 3.4300 -0.3776 62.9033 -0.4516 -0.7980 0.3990 0.2067 0.4495
  4 3.5600 0.0430 63.7188 -0.3625 -0.6458 0.6720 0.2087 0.4614
charger_material_0.bmp
  4 3.5600 0.0430 63.7188 -0.3625 -0.6458 0.6720 0.2087 0.4614
  4 3.4300 -0.3776 62.9033 -0.4516 -0.7980 0.3990 0.2067 0.4495
  4 3.5800 -0.5571 63.0293 -0.1717 -0.8080 0.5636 0.2087 0.4495
charger_material_0.bmp
  4 3.4300 -0.3776 62.9033 -0.4516 -0.7980 0.3990 0.2067 0.4495
  4 3.5200 -1.0000 61.8311 -0.5708 -0.7096 0.4130 0.2087 0.4337
  4 3.5800 -0.5571 63.0293 -0.1717 -0.8080 0.5636 0.2087 0.4495
charger_material_0.bmp
  4 3.5800 -0.5571 63.0293 -0.1717 -0.8080 0.5636 0.2087 0.4495
  4 3.5200 -1.0000 61.8311 -0.5708 -0.7096 0.4130 0.2087 0.4337
  4 4.5700 -0.4348 62.7106 0.6636 -0.6263 0.4092 0.2165 0.4475
charger_material_0.bmp
  4 3.5200 -1.0000 61.8311 -0.5708 -0.7096 0.4130 0.2087 0.4337
  4 4.4600 -1.0558 61.6992 0.7417 -0.5260 0.4161 0.2165 0.4337
  4 4.5700 -0.4348 62.7106 0.6636 -0.6263 0.4092 0.2165 0.4475
charger_material_0.bmp
  4 4.5700 -0.4348 62.7106 0.6636 -0.6263 0.4092 0.2165 0.4475
  4 4.4600 -1.0558 61.6992 0.7417 -0.5260 0.4161 0.2165 0.4337
  4 4.5700 -0.2239 62.5889 0.8739 -0.3272 0.3596 0.2205 0.4495
charger_material_0.bmp
  4 4.4600 -1.0558 61.6992 0.7417 -0.5260 0.4161 0.2165 0.4337
  4 4.5100 -0.8622 61.5401 0.5879 -0.6345 0.5018 0.2185 0.4337
  4 4.5700 -0.2239 62.5889 0.8739 -0.3272 0.3596 0.2205 0.4495
charger_material_0.bmp
  4 4.5700 -0.2239 62.5889 0.8739 -0.3272 0.3596 0.2205 0.4495
  4 4.5100 -0.8622 61.5401 0.5879 -0.6345 0.5018 0.2185 0.4337
  4 5.5400 -0.2008 62.1772 0.3738 -0.5882 0.7171 0.2303 0.4455
charger_material_0.bmp
  4 4.5100 -0.8622 61.5401 0.5879 -0.6345 0.5018 0.2185 0.4337
  4 5.5900 -0.8722 61.3282 0.2367 -0.7311 0.6399 0.2303 0.4317
  4 5.5400 -0.2008 62.1772 0.3738 -0.5882 0.7171 0.2303 0.4455
charger_material_0.bmp
  4 1.7200 -2.8503 59.3952 0.2925 -0.7679 0.5699 0.7106 0.5960
  4 1.9400 -2.4441 59.6027 0.2456 -0.6317 0.7353 0.7165 0.5960
  4 1.3500 -2.4956 60.3455 0.8287 -0.4486 0.3346 0.7165 0.6079
charger_material_0.bmp
  4 1.3500 -2.4956 60.3455 0.8287 -0.4486 0.3346 0.7165 0.6079
  4 1.9400 -2.4441 59.6027 0.2456 -0.6317 0.7353 0.7165 0.5960
  4 1.4800 -2.1883 60.1952 0.5822 -0.6066 0.5414 0.7205 0.6040
charger_material_0.bmp
  4 1.9400 -2.4441 59.6027 0.2456 -0.6317 0.7353 0.7165 0.5960
  4 2.4900 -2.1515 60.0150 0.0177 -0.6887 0.7248 0.7224 0.5941
  4 1.4800 -2.1883 60.1952 0.5822 -0.6066 0.5414 0.7205 0.6040
charger_material_0.bmp
  4 1.4800 -2.1883 60.1952 0.5822 -0.6066 0.5414 0.7205 0.6040
  4 2.4900 -2.1515 60.0150 0.0177 -0.6887 0.7248 0.7224 0.5941
  4 1.7800 -1.8185 60.5317 0.4282 -0.7663 0.4790 0.7264 0.6020
charger_material_0.bmp
  4 2.4900 -2.1515 60.0150 0.0177 -0.6887 0.7248 0.7224 0.5941
  4 2.8500 -1.5375 60.4576 0.0253 -0.7560 0.6541 0.7303 0.5921
  4 1.7800 -1.8185 60.5317 0.4282 -0.7663 0.4790 0.7264 0.6020
charger_material_0.bmp
  4 1.7800 -1.8185 60.5317 0.4282 -0.7663 0.4790 0.7264 0.6020
  4 2.8500 -1.5375 60.4576 0.0253 -0.7560 0.6541 0.7303 0.5921
  4 1.9700 -1.3415 61.1634 0.4466 -0.8097 0.3806 0.7343 0.6040
charger_material_0.bmp
  4 2.8500 -1.5375 60.4576 0.0253 -0.7560 0.6541 0.7303 0.5921
  4 3.4100 -0.7891 61.7094 -0.3394 -0.8234 0.4548 0.7461 0.5901
  4 1.9700 -1.3415 61.1634 0.4466 -0.8097 0.3806 0.7343 0.6040
charger_material_0.bmp
  4 1.9700 -1.3415 61.1634 0.4466 -0.8097 0.3806 0.7343 0.6040
  4 3.4100 -0.7891 61.7094 -0.3394 -0.8234 0.4548 0.7461 0.5901
  4 2.3800 -0.7143 62.3670 0.3476 -0.8911 0.2917 0.7500 0.6040
charger_material_0.bmp
  4 3.4100 -0.7891 61.7094 -0.3394 -0.8234 0.4548 0.7461 0.5901
  4 3.4300 -0.3776 62.9033 -0.4516 -0.7980 0.3990 0.7579 0.5921
  4 2.3800 -0.7143 62.3670 0.3476 -0.8911 0.2917 0.7500 0.6040
charger_material_0.bmp
  4 2.3800 -0.7143 62.3670 0.3476 -0.8911 0.2917 0.7500 0.6040
  4 3.4300 -0.3776 62.9033 -0.4516 -0.7980 0.3990 0.7579 0.5921
  4 2.3600 -0.5472 63.2412 0.3875 -0.8319 0.3972 0.7598 0.6059
charger_material_0.bmp
  4 3.4300 -0.3776 62.9033 -0.4516 -0.7980 0.3990 0.7579 0.5921
  4 3.3800 0.1580 63.5747 -0.1957 -0.7019 0.6848 0.7677 0.5921
  4 2.3600 -0.5472 63.2412 0.3875 -0.8319 0.3972 0.7598 0.6059
charger_material_0.bmp
  3 -1.9900 -6.0224 54.3548 -0.0040 -0.9370 0.3493 0.6319 0.5564
  4 -0.2300 -5.1339 56.7164 0.0902 -0.9037 0.4185 0.6654 0.5762
  4 -2.2900 -5.0961 56.6481 -0.0232 -0.9169 0.3984 0.6417 0.5901
charger_material_0.bmp
  4 -2.2900 -5.0961 56.6481 -0.0232 -0.9169 0.3984 0.6417 0.5901
  4 -0.2300 -5.1339 56.7164 0.0902 -0.9037 0.4185 0.6654 0.5762
  4 -0.8400 -4.7021 57.5909 0.0562 -0.8417 0.5370 0.6634 0.5941
charger_material_0.bmp
  4 -0.2300 -5.1339 56.7164 0.0902 -0.9037 0.4185 0.6654 0.5762
  4 0.0500 -4.5050 57.7161 0.1436 -0.8271 0.5434 0.6772 0.5881
  4 -0.8400 -4.7021 57.5909 0.0562 -0.8417 0.5370 0.6634 0.5941
charger_material_0.bmp
  4 -0.8400 -4.7021 57.5909 0.0562 -0.8417 0.5370 0.6634 0.5941
  4 0.0500 -4.5050 57.7161 0.1436 -0.8271 0.5434 0.6772 0.5881
  4 -0.5000 -4.2891 58.1533 0.0884 -0.8681 0.4885 0.6732 0.6000
charger_material_0.bmp
  4 0.0500 -4.5050 57.7161 0.1436 -0.8271 0.5434 0.6772 0.5881
  4 0.0400 -4.0074 58.2420 0.2634 -0.8379 0.4781 0.6811 0.5980
  4 -0.5000 -4.2891 58.1533 0.0884 -0.8681 0.4885 0.6732 0.6000
charger_material_0.bmp
  4 -0.5000 -4.2891 58.1533 0.0884 -0.8681 0.4885 0.6732 0.6000
  4 0.0400 -4.0074 58.2420 0.2634 -0.8379 0.4781 0.6811 0.5980
  4 -0.4700 -3.9863 58.9914 0.0277 -0.9721 -0.2331 0.6791 0.6119
charger_material_0.bmp
  4 0.0400 -4.0074 58.2420 0.2634 -0.8379 0.4781 0.6811 0.5980
  4 -0.0200 -3.9550 58.9956 0.4814 -0.8476 -0.2233 0.6850 0.6079
  4 -0.4700 -3.9863 58.9914 0.0277 -0.9721 -0.2331 0.6791 0.6119
charger_material_0.bmp
  4 -0.4700 -3.9863 58.9914 0.0277 -0.9721 -0.2331 0.6791 0.6119
  4 -0.0200 -3.9550 58.9956 0.4814 -0.8476 -0.2233 0.6850 0.6079
  4 -0.3900 -4.3626 59.4196 0.1234 -0.5036 -0.8551 0.6831 0.6178
charger_material_0.bmp
  4 -0.0200 -3.9550 58.9956 0.4814 -0.8476 -0.2233 0.6850 0.6079
  4 -0.0400 -4.2335 59.4560 0.5430 -0.4171 -0.7288 0.6870 0.6158
  4 -0.3900 -4.3626 59.4196 0.1234 -0.5036 -0.8551 0.6831 0.6178
charger_material_0.bmp
  4 -0.3900 -4.3626 59.4196 0.1234 -0.5036 -0.8551 0.6831 0.6178
  4 -0.0400 -4.2335 59.4560 0.5430 -0.4171 -0.7288 0.6870 0.6158
  4 0.0000 -4.5894 59.5648 0.4123 -0.1867 -0.8917 0.6890 0.6218
charger_material_0.bmp
  4 -0.0400 -4.2335 59.4560 0.5430 -0.4171 -0.7288 0.6870 0.6158
  4 0.1700 -4.4097 59.6526 0.6280 -0.1502 -0.7636 0.6909 0.6198
  4 0.0000 -4.5894 59.5648 0.4123 -0.1867 -0.8917 0.6890 0.6218
charger_material_0.bmp
 10 0.9572 2.4735 28.4938 -0.8757 0.1598 -0.4557 0.6575 0.2911
 10 1.2176 -0.4896 28.2164 -0.8827 -0.4196 -0.2117 0.6929 0.2950
 10 0.6809 2.1632 29.1082 -0.5953 0.0808 -0.7994 0.6575 0.3010
charger_material_0.bmp
 10 0.6809 2.1632 29.1082 -0.5953 0.0808 -0.7994 0.6575 0.3010
 10 1.2176 -0.4896 28.2164 -0.8827 -0.4196 -0.2117 0.6929 0.2950
 10 0.8996 -0.6609 29.0574 -0.5406 -0.2930 -0.7886 0.6949 0.3069
charger_material_0.bmp
 10 1.2176 -0.4896 28.2164 -0.8827 -0.4196 -0.2117 0.6929 0.2950
 10 2.1122 -2.3274 28.8428 -0.4956 -0.7789 -0.3842 0.7185 0.3030
 10 0.8996 -0.6609 29.0574 -0.5406 -0.2930 -0.7886 0.6949 0.3069
charger_material_0.bmp
 10 0.8996 -0.6609 29.0574 -0.5406 -0.2930 -0.7886 0.6949 0.3069
 10 2.1122 -2.3274 28.8428 -0.4956 -0.7789 -0.3842 0.7185 0.3030
 10 1.7155 -2.8884 29.5774 -0.3350 -0.6593 -0.6731 0.7205 0.3149
charger_material_0.bmp
 10 2.1122 -2.3274 28.8428 -0.4956 -0.7789 -0.3842 0.7185 0.3030
 10 3.6605 -3.4155 30.0731 -0.1028 -0.9393 -0.3272 0.7421 0.3129
 10 1.7155 -2.8884 29.5774 -0.3350 -0.6593 -0.6731 0.7205 0.3149
charger_material_0.bmp
 10 1.7155 -2.8884 29.5774 -0.3350 -0.6593 -0.6731 0.7205 0.3149
 10 3.6605 -3.4155 30.0731 -0.1028 -0.9393 -0.3272 0.7421 0.3129
 10 3.3643 -3.8980 30.9113 0.0517 -0.8956 -0.4418 0.7421 0.3248
charger_material_0.bmp
 10 3.6605 -3.4155 30.0731 -0.1028 -0.9393 -0.3272 0.7421 0.3129
 10 5.5111 -3.6506 31.6849 0.3185 -0.9246 -0.2092 0.7677 0.3267
 10 3.3643 -3.8980 30.9113 0.0517 -0.8956 -0.4418 0.7421 0.3248
charger_material_0.bmp
 10 3.3643 -3.8980 30.9113 0.0517 -0.8956 -0.4418 0.7421 0.3248
 10 5.5111 -3.6506 31.6849 0.3185 -0.9246 -0.2092 0.7677 0.3267
 10 5.3909 -4.0830 32.8981 0.4064 -0.8617 -0.3039 0.7677 0.3406
charger_material_0.bmp
 10 5.5111 -3.6506 31.6849 0.3185 -0.9246 -0.2092 0.7677 0.3267
 10 7.0423 -3.0248 33.0152 0.6560 -0.7374 -0.1612 0.7894 0.3366
 10 5.3909 -4.0830 32.8981 0.4064 -0.8617 -0.3039 0.7677 0.3406
charger_material_0.bmp
 10 5.3909 -4.0830 32.8981 0.4064 -0.8617 -0.3039 0.7677 0.3406
 10 7.0423 -3.0248 33.0152 0.6560 -0.7374 -0.1612 0.7894 0.3366
 10 6.9834 -3.5094 34.3290 0.6532 -0.7223 -0.2272 0.7874 0.3525
charger_material_0.bmp
 10 7.0423 -3.0248 33.0152 0.6560 -0.7374 -0.1612 0.7894 0.3366
 10 8.2784 -1.6707 33.9159 0.8790 -0.4660 -0.1010 0.8091 0.3426
 10 6.9834 -3.5094 34.3290 0.6532 -0.7223 -0.2272 0.7874 0.3525
charger_material_0.bmp
 18 33.6452 -0.7180 51.4266 0.0492 0.9969 -0.0613 0.5945 0.0317
 18 34.0578 -0.7534 51.2904 0.6921 0.3562 0.6278 0.5945 0.0257
 18 34.0886 -0.7210 51.2356 0.5983 0.8013 -0.0072 0.5945 0.0257
charger_material_0.bmp
 18 34.0886 -0.7210 51.2356 0.5983 0.8013 -0.0072 0.5945 0.0257
 18 34.0578 -0.7534 51.2904 0.6921 0.3562 0.6278 0.5945 0.0257
 18 34.0781 -0.8708 51.2303 0.7553 -0.6373 -0.1530 0.5925 0.0257
charger_material_0.bmp
 18 34.0578 -0.7534 51.2904 0.6921 0.3562 0.6278 0.5945 0.0257
 18 34.0557 -0.8528 51.2758 0.6177 -0.5736 0.5380 0.5925 0.0257
 18 34.0781 -0.8708 51.2303 0.7553 -0.6373 -0.1530 0.5925 0.0257
charger_material_0.bmp
 18 34.0781 -0.8708 51.2303 0.7553 -0.6373 -0.1530 0.5925 0.0257
 18 34.0557 -0.8528 51.2758 0.6177 -0.5736 0.5380 0.5925 0.0257
 18 33.7168 -0.9084 51.4251 0.1112 -0.9923 -0.0541 0.5906 0.0297
charger_material_0.bmp
 18 34.0557 -0.8528 51.2758 0.6177 -0.5736 0.5380 0.5925 0.0257
 18 33.7211 -0.8823 51.5070 0.6105 -0.4195 0.6719 0.5906 0.0317
 18 33.7168 -0.9084 51.4251 0.1112 -0.9923 -0.0541 0.5906 0.0297
charger_material_0.bmp
 18 33.7168 -0.9084 51.4251 0.1112 -0.9923 -0.0541 0.5906 0.0297
 18 33.7211 -0.8823 51.5070 0.6105 -0.4195 0.6719 0.5906 0.0317
 18 33.5697 -0.9419 51.5108 0.0883 -0.9849 -0.1489 0.5886 0.0317
charger_material_0.bmp
 18 33.7211 -0.8823 51.5070 0.6105 -0.4195 0.6719 0.5906 0.0317
 18 33.5955 -0.9061 51.5994 0.5489 -0.5307 0.6458 0.5906 0.0317
 18 33.5697 -0.9419 51.5108 0.0883 -0.9849 -0.1489 0.5886 0.0317
charger_material_0.bmp
 18 33.5697 -0.9419 51.5108 0.0883 -0.9849 -0.1489 0.5886 0.0317
 18 33.5955 -0.9061 51.5994 0.5489 -0.5307 0.6458 0.5906 0.0317
 18 33.1904 -0.9900 51.7185 0.1117 -0.9734 -0.1999 0.5866 0.0356
charger_material_0.bmp
 18 33.5955 -0.9061 51.5994 0.5489 -0.5307 0.6458 0.5906 0.0317
 18 33.1873 -0.9672 51.8726 0.6473 -0.5228 0.5547 0.5866 0.0376
 18 33.1904 -0.9900 51.7185 0.1117 -0.9734 -0.1999 0.5866 0.0356
charger_material_0.bmp
 18 33.1904 -0.9900 51.7185 0.1117 -0.9734 -0.1999 0.5866 0.0356
 18 33.1873 -0.9672 51.8726 0.6473 -0.5228 0.5547 0.5866 0.0376
 18 33.0270 -1.0444 51.8264 0.1117 -0.9734 -0.1999 0.5846 0.0396
charger_material_0.bmp
 18 33.1873 -0.9672 51.8726 0.6473 -0.5228 0.5547 0.5866 0.0376
 18 32.9968 -1.0151 52.0569 0.4904 -0.7043 0.5134 0.5866 0.0416
 18 33.0270 -1.0444 51.8264 0.1117 -0.9734 -0.1999 0.5846 0.0396
charger_material_0.bmp
 18 9.5154 -1.7049 56.3330 0.1273 -0.9335 -0.3353 0.5256 0.3089
 18 11.6186 -1.5361 56.1694 0.2674 -0.9529 0.1431 0.5335 0.3089
 18 9.8710 -1.7092 57.2456 0.3405 -0.8985 0.2770 0.5335 0.3188
charger_material_0.bmp
 18 9.8710 -1.7092 57.2456 0.3405 -0.8985 0.2770 0.5335 0.3188
 18 11.6186 -1.5361 56.1694 0.2674 -0.9529 0.1431 0.5335 0.3089
 18 11.4164 -1.1056 57.0395 0.3171 -0.6857 0.6552 0.5433 0.3149
charger_material_0.bmp
 18 11.6186 -1.5361 56.1694 0.2674 -0.9529 0.1431 0.5335 0.3089
 18 12.2859 -0.9256 56.9642 0.3807 -0.7643 0.5204 0.5433 0.3050
 18 11.4164 -1.1056 57.0395 0.3171 -0.6857 0.6552 0.5433 0.3149
charger_material_0.bmp
 18 11.4164 -1.1056 57.0395 0.3171 -0.6857 0.6552 0.5433 0.3149
 18 12.2859 -0.9256 56.9642 0.3807 -0.7643 0.5204 0.5433 0.3050
 18 12.1740 -0.1218 57.5513 0.2884 -0.4268 0.8571 0.5551 0.3069
charger_material_0.bmp
 18 12.2859 -0.9256 56.9642 0.3807 -0.7643 0.5204 0.5433 0.3050
 18 13.5470 -0.3954 56.6427 0.5209 -0.7268 0.4477 0.5472 0.2891
 18 12.1740 -0.1218 57.5513 0.2884 -0.4268 0.8571 0.5551 0.3069
charger_material_0.bmp
 18 12.1740 -0.1218 57.5513 0.2884 -0.4268 0.8571 0.5551 0.3069
 18 13.5470 -0.3954 56.6427 0.5209 -0.7268 0.4477 0.5472 0.2891
 18 13.5603 0.1797 57.1864 0.4098 -0.3030 0.8603 0.5571 0.2891
charger_material_0.bmp
 18 13.5470 -0.3954 56.6427 0.5209 -0.7268 0.4477 0.5472 0.2891
 18 14.7446 0.5998 56.6596 0.5489 -0.5307 0.6458 0.5591 0.2733
 18 13.5603 0.1797 57.1864 0.4098 -0.3030 0.8603 0.5571 0.2891
charger_material_0.bmp
 18 13.5603 0.1797 57.1864 0.4098 -0.3030 0.8603 0.5571 0.2891
 18 14.7446 0.5998 56.6596 0.5489 -0.5307 0.6458 0.5591 0.2733
 18 13.7960 1.0135 57.1028 0.3274 -0.0848 0.9411 0.5669 0.2851
charger_material_0.bmp
 18 14.7446 0.5998 56.6596 0.5489 -0.5307 0.6458 0.5591 0.2733
 18 15.7044 1.8917 56.7739 0.3058 -0.3332 0.8919 0.5689 0.2673
 18 13.7960 1.0135 57.1028 0.3274 -0.0848 0.9411 0.5669 0.2851
charger_material_0.bmp
 18 13.7960 1.0135 57.1028 0.3274 -0.0848 0.9411 0.5669 0.2851
 18 15.7044 1.8917 56.7739 0.3058 -0.3332 0.8919 0.5689 0.2673
 18 15.6284 2.6153 56.9338 0.1755 0.2028 0.9634 0.5807 0.2693
charger_material_0.bmp
 18 15.7044 1.8917 56.7739 0.3058 -0.3332 0.8919 0.5689 0.2673
 18 17.5640 2.3649 56.3327 0.3243 0.1548 0.9332 0.5807 0.2436
 18 15.6284 2.6153 56.9338 0.1755 0.2028 0.9634 0.5807 0.2693
charger_material_0.bmp
 18 21.6217 1.1655 54.8503 0.2246 -0.3249 0.9187 0.5728 0.2040
 18 19.1359 0.9314 55.3738 0.1773 -0.5657 0.8053 0.5630 0.2238
 18 21.5418 0.7262 54.6198 0.1593 -0.6288 0.7610 0.5650 0.2040
charger_material_0.bmp
 18 21.5418 0.7262 54.6198 0.1593 -0.6288 0.7610 0.5650 0.2040
 18 19.1359 0.9314 55.3738 0.1773 -0.5657 0.8053 0.5630 0.2238
 18 19.0744 0.5279 55.0198 0.1121 -0.8101 0.5755 0.5551 0.2238
charger_material_0.bmp
 18 19.1359 0.9314 55.3738 0.1773 -0.5657 0.8053 0.5630 0.2238
 18 17.1683 0.6638 55.4984 0.1064 -0.7444 0.6592 0.5531 0.2416
 18 19.0744 0.5279 55.0198 0.1121 -0.8101 0.5755 0.5551 0.2238
charger_material_0.bmp
 18 19.0744 0.5279 55.0198 0.1121 -0.8101 0.5755 0.5551 0.2238
 18 17.1683 0.6638 55.4984 0.1064 -0.7444 0.6592 0.5531 0.2416
 18 17.1331 0.3793 54.9521 0.0122 -0.9795 0.2011 0.5453 0.2396
charger_material_0.bmp
 18 17.1683 0.6638 55.4984 0.1064 -0.7444 0.6592 0.5531 0.2416
 18 15.2589 0.6167 55.6129 0.3405 -0.8985 0.2770 0.5453 0.2653
 18 17.1331 0.3793 54.9521 0.0122 -0.9795 0.2011 0.5453 0.2396
charger_material_0.bmp
 18 17.1331 0.3793 54.9521 0.0122 -0.9795 0.2011 0.5453 0.2396
 18 15.2589 0.6167 55.6129 0.3405 -0.8985 0.2770 0.5453 0.2653
 18 15.3767 0.5040 55.0170 0.1658 -0.9732 -0.1594 0.5374 0.2614
charger_material_0.bmp
 18 15.2589 0.6167 55.6129 0.3405 -0.8985 0.2770 0.5453 0.2653
 18 13.1987 -0.5969 55.4240 0.4826 -0.8623 -0.1536 0.5315 0.2851
 18 15.3767 0.5040 55.0170 0.1658 -0.9732 -0.1594 0.5374 0.2614
charger_material_0.bmp
 18 15.3767 0.5040 55.0170 0.1658 -0.9732 -0.1594 0.5374 0.2614
 18 13.1987 -0.5969 55.4240 0.4826 -0.8623 -0.1536 0.5315 0.2851
 18 13.2514 -0.3255 54.7564 0.3964 -0.7130 -0.5784 0.5236 0.2792
charger_material_0.bmp
 18 13.1987 -0.5969 55.4240 0.4826 -0.8623 -0.1536 0.5315 0.2851
 18 12.4235 -0.9320 55.1700 0.3365 -0.7834 -0.5226 0.5256 0.2931
 18 13.2514 -0.3255 54.7564 0.3964 -0.7130 -0.5784 0.5236 0.2792
charger_material_0.bmp
 18 13.2514 -0.3255 54.7564 0.3964 -0.7130 -0.5784 0.5236 0.2792
 18 12.4235 -0.9320 55.1700 0.3365 -0.7834 -0.5226 0.5256 0.2931
 18 12.4824 -0.5170 54.4268 0.1115 -0.6260 -0.7718 0.5177 0.2851
charger_material_0.bmp
 18 12.4235 -0.9320 55.1700 0.3365 -0.7834 -0.5226 0.5256 0.2931
 18 9.3772 -1.1878 55.5688 0.1125 -0.7363 -0.6672 0.5197 0.2990
 18 12.4824 -0.5170 54.4268 0.1115 -0.6260 -0.7718 0.5177 0.2851
charger_material_0.bmp
  4 -0.0800 -1.6724 67.1011 0.1080 0.5174 0.8489 0.8091 0.6713
  4 -0.5400 -2.0151 67.2786 -0.1749 0.3433 0.9228 0.8150 0.6634
  4 0.1700 -2.2022 67.3653 0.1998 0.4227 0.8840 0.8189 0.6733
charger_material_0.bmp
  4 0.1700 -2.2022 67.3653 0.1998 0.4227 0.8840 0.8189 0.6733
  4 -0.5400 -2.0151 67.2786 -0.1749 0.3433 0.9228 0.8150 0.6634
  4 -0.0100 -2.7278 67.5982 -0.0453 0.2100 0.9766 0.8268 0.6693
charger_material_0.bmp
  4 -0.5400 -2.0151 67.2786 -0.1749 0.3433 0.9228 0.8150 0.6634
  4 -0.4300 -2.9188 67.4514 -0.4039 0.0214 0.9146 0.8287 0.6614
  4 -0.0100 -2.7278 67.5982 -0.0453 0.2100 0.9766 0.8268 0.6693
charger_material_0.bmp
  4 -0.0100 -2.7278 67.5982 -0.0453 0.2100 0.9766 0.8268 0.6693
  4 -0.4300 -2.9188 67.4514 -0.4039 0.0214 0.9146 0.8287 0.6614
  4 0.1000 -3.3579 67.6575 -0.0223 0.0073 0.9997 0.8386 0.6673
charger_material_0.bmp
  4 -0.4300 -2.9188 67.4514 -0.4039 0.0214 0.9146 0.8287 0.6614
  4 -0.2900 -3.7762 67.4931 -0.3916 -0.0952 0.9152 0.8406 0.6594
  4 0.1000 -3.3579 67.6575 -0.0223 0.0073 0.9997 0.8386 0.6673
charger_material_0.bmp
  4 0.1000 -3.3579 67.6575 -0.0223 0.0073 0.9997 0.8386 0.6673
  4 -0.2900 -3.7762 67.4931 -0.3916 -0.0952 0.9152 0.8406 0.6594
  4 0.1000 -4.0947 67.5846 0.0750 -0.2160 0.9735 0.8484 0.6634
charger_material_0.bmp
  4 -0.2900 -3.7762 67.4931 -0.3916 -0.0952 0.9152 0.8406 0.6594
  4 -0.3800 -4.9449 67.2381 -0.3786 -0.2302 0.8965 0.8563 0.6475
  4 0.1000 -4.0947 67.5846 0.0750 -0.2160 0.9735 0.8484 0.6634
charger_material_0.bmp
  4 0.1000 -4.0947 67.5846 0.0750 -0.2160 0.9735 0.8484 0.6634
  4 -0.3800 -4.9449 67.2381 -0.3786 -0.2302 0.8965 0.8563 0.6475
  4 0.0400 -5.1179 67.2915 0.0421 -0.3336 0.9418 0.8642 0.6515
charger_material_0.bmp
  4 -0.3800 -4.9449 67.2381 -0.3786 -0.2302 0.8965 0.8563 0.6475
  4 -0.4700 -5.5546 66.9779 -0.3638 -0.3275 0.8720 0.8642 0.6396
  4 0.0400 -5.1179 67.2915 0.0421 -0.3336 0.9418 0.8642 0.6515
charger_material_0.bmp
  4 0.0400 -5.1179 67.2915 0.0421 -0.3336 0.9418 0.8642 0.6515
  4 -0.4700 -5.5546 66.9779 -0.3638 -0.3275 0.8720 0.8642 0.6396
  4 0.0000 -5.6340 67.0949 0.1094 -0.4176 0.9020 0.8720 0.6436
charger_material_0.bmp
  4 -0.4700 -5.5546 66.9779 -0.3638 -0.3275 0.8720 0.8642 0.6396
  4 -0.0600 -6.0715 66.8833 0.0548 -0.5169 0.8543 0.8780 0.6356
  4 0.0000 -5.6340 67.0949 0.1094 -0.4176 0.9020 0.8720 0.6436
charger_material_0.bmp
  4 0.9200 -5.9213 63.5152 0.1337 -0.7966 -0.5896 0.8996 0.5842
  4 1.1200 -5.8648 63.3313 0.0450 -0.9623 -0.2681 0.9016 0.5822
  4 1.0900 -5.9545 63.5012 0.0676 -0.7953 -0.6025 0.9016 0.5842
charger_material_0.bmp
  4 1.0900 -5.9545 63.5012 0.0676 -0.7953 -0.6025 0.9016 0.5842
  4 1.1200 -5.8648 63.3313 0.0450 -0.9623 -0.2681 0.9016 0.5822
  4 1.3000 -5.9573 63.5933 0.3917 -0.8481 -0.3568 0.9035 0.5881
charger_material_0.bmp
  4 1.1200 -5.8648 63.3313 0.0450 -0.9623 -0.2681 0.9016 0.5822
  4 1.4300 -5.8335 63.3355 0.4814 -0.8476 -0.2233 0.9055 0.5822
  4 1.3000 -5.9573 63.5933 0.3917 -0.8481 -0.3568 0.9035 0.5881
charger_material_0.bmp
  4 1.3000 -5.9573 63.5933 0.3917 -0.8481 -0.3568 0.9035 0.5881
  4 1.4300 -5.8335 63.3355 0.4814 -0.8476 -0.2233 0.9055 0.5822
  4 1.4200 -5.8823 63.7724 0.8177 -0.5754 -0.0131 0.9055 0.5881
charger_material_0.bmp
  4 1.4300 -5.8335 63.3355 0.4814 -0.8476 -0.2233 0.9055 0.5822
  4 1.6000 -5.6492 63.3410 0.8839 -0.4637 -0.0600 0.9094 0.5842
  4 1.4200 -5.8823 63.7724 0.8177 -0.5754 -0.0131 0.9055 0.5881
charger_material_0.bmp
  4 1.4200 -5.8823 63.7724 0.8177 -0.5754 -0.0131 0.9055 0.5881
  4 1.6000 -5.6492 63.3410 0.8839 -0.4637 -0.0600 0.9094 0.5842
  4 1.4900 -5.5622 63.9556 0.9535 -0.2928 0.0708 0.9094 0.5921
charger_material_0.bmp
  4 1.6000 -5.6492 63.3410 0.8839 -0.4637 -0.0600 0.9094 0.5842
  4 1.6500 -5.3456 63.3847 0.9743 -0.2199 0.0489 0.9114 0.5842
  4 1.4900 -5.5622 63.9556 0.9535 -0.2928 0.0708 0.9094 0.5921
charger_material_0.bmp
  4 1.4900 -5.5622 63.9556 0.9535 -0.2928 0.0708 0.9094 0.5921
  4 1.6500 -5.3456 63.3847 0.9743 -0.2199 0.0489 0.9114 0.5842
  4 1.6800 -5.0223 64.1171 0.9662 -0.2578 -0.0036 0.9154 0.5941
charger_material_0.bmp
  4 1.6500 -5.3456 63.3847 0.9743 -0.2199 0.0489 0.9114 0.5842
  4 1.7100 -4.8936 63.5121 0.9754 -0.2204 0.0068 0.9173 0.5861
  4 1.6800 -5.0223 64.1171 0.9662 -0.2578 -0.0036 0.9154 0.5941
charger_material_0.bmp
  4 1.6800 -5.0223 64.1171 0.9662 -0.2578 -0.0036 0.9154 0.5941
  4 1.7100 -4.8936 63.5121 0.9754 -0.2204 0.0068 0.9173 0.5861
  4 1.8700 -4.2851 64.1390 0.9754 -0.2204 0.0068 0.9252 0.5941
charger_material_0.bmp
  4 1.7100 -4.8936 63.5121 0.9754 -0.2204 0.0068 0.9173 0.5861
  4 1.9000 -4.2966 63.6525 0.9646 -0.2596 -0.0455 0.9252 0.5881
  4 1.8700 -4.2851 64.1390 0.9754 -0.2204 0.0068 0.9252 0.5941
charger_material_0.bmp
  4 0.7400 -6.3179 63.5706 0.4325 -0.2337 -0.8708 0.8937 0.5861
  4 0.4300 -6.2941 63.5355 0.2452 -0.3842 -0.8901 0.8917 0.5842
  4 0.6200 -6.1744 63.5228 0.3960 -0.4648 -0.7919 0.8937 0.5842
charger_material_0.bmp
  4 0.6200 -6.1744 63.5228 0.3960 -0.4648 -0.7919 0.8937 0.5842
  4 0.4300 -6.2941 63.5355 0.2452 -0.3842 -0.8901 0.8917 0.5842
  4 0.5700 -6.1604 63.4896 0.2323 -0.3307 -0.9147 0.8937 0.5822
charger_material_0.bmp
  4 0.4300 -6.2941 63.5355 0.2452 -0.3842 -0.8901 0.8917 0.5842
  4 0.4200 -6.2347 63.4733 0.2323 -0.3307 -0.9147 0.8917 0.5822
  4 0.5700 -6.1604 63.4896 0.2323 -0.3307 -0.9147 0.8937 0.5822
charger_material_0.bmp
  4 0.5700 -6.1604 63.4896 0.2323 -0.3307 -0.9147 0.8937 0.5822
  4 0.4200 -6.2347 63.4733 0.2323 -0.3307 -0.9147 0.8917 0.5822
  4 0.4200 -6.1936 63.4756 0.2624 -0.5703 -0.7784 0.8917 0.5822
charger_material_0.bmp
  4 0.4200 -6.2347 63.4733 0.2323 -0.3307 -0.9147 0.8917 0.5822
  4 0.2400 -6.2109 63.4382 0.1436 -0.5906 -0.7940 0.8898 0.5802
  4 0.4200 -6.1936 63.4756 0.2624 -0.5703 -0.7784 0.8917 0.5822
charger_material_0.bmp
  4 0.4200 -6.1936 63.4756 0.2624 -0.5703 -0.7784 0.8917 0.5822
  4 0.2400 -6.2109 63.4382 0.1436 -0.5906 -0.7940 0.8898 0.5802
  4 0.2800 -6.1871 63.4031 0.1352 -0.8810 -0.4534 0.8898 0.5802
charger_material_0.bmp
  4 0.2400 -6.2109 63.4382 0.1436 -0.5906 -0.7940 0.8898 0.5802
  4 0.1500 -6.1591 63.3366 -0.1468 -0.8781 -0.4554 0.8898 0.5782
  4 0.2800 -6.1871 63.4031 0.1352 -0.8810 -0.4534 0.8898 0.5802
charger_material_0.bmp
  4 0.2800 -6.1871 63.4031 0.1352 -0.8810 -0.4534 0.8898 0.5802
  4 0.1500 -6.1591 63.3366 -0.1468 -0.8781 -0.4554 0.8898 0.5782
  4 0.2200 -6.1212 63.2683 -0.0281 -0.8360 -0.5480 0.8898 0.5782
charger_material_0.bmp
  4 0.1500 -6.1591 63.3366 -0.1468 -0.8781 -0.4554 0.8898 0.5782
  4 0.1200 -6.1053 63.2449 -0.3117 -0.7541 -0.5781 0.8898 0.5782
  4 0.2200 -6.1212 63.2683 -0.0281 -0.8360 -0.5480 0.8898 0.5782
charger_material_0.bmp
  4 0.2200 -6.1212 63.2683 -0.0281 -0.8360 -0.5480 0.8898 0.5782
  4 0.1200 -6.1053 63.2449 -0.3117 -0.7541 -0.5781 0.8898 0.5782
  4 0.1500 -6.0637 63.1963 -0.1424 -0.6447 -0.7510 0.8898 0.5762
charger_material_0.bmp
  3 6.0900 -3.0934 52.0981 0.7937 -0.5965 -0.1191 0.2362 0.3228
  3 6.7500 -1.7006 50.9575 0.9417 -0.3237 -0.0914 0.2520 0.3109
  3 7.0700 -1.6822 53.1187 0.9172 -0.3035 -0.2579 0.2539 0.3366
charger_material_0.bmp
  3 7.0700 -1.6822 53.1187 0.9172 -0.3035 -0.2579 0.2539 0.3366
  3 6.7500 -1.7006 50.9575 0.9417 -0.3237 -0.0914 0.2520 0.3109
  3 7.0500 -0.5434 51.6844 0.9764 -0.1738 -0.1282 0.2657 0.3188
charger_material_0.bmp
  3 6.7500 -1.7006 50.9575 0.9417 -0.3237 -0.0914 0.2520 0.3109
  3 7.0200 0.6386 49.5510 0.9761 -0.2078 -0.0638 0.2756 0.2931
  3 7.0500 -0.5434 51.6844 0.9764 -0.1738 -0.1282 0.2657 0.3188
charger_material_0.bmp
  3 7.0500 -0.5434 51.6844 0.9764 -0.1738 -0.1282 0.2657 0.3188
  3 7.0200 0.6386 49.5510 0.9761 -0.2078 -0.0638 0.2756 0.2931
  3 7.1500 0.8227 51.1203 0.9681 -0.2343 -0.0886 0.2795 0.3129
charger_material_0.bmp
  3 7.0200 0.6386 49.5510 0.9761 -0.2078 -0.0638 0.2756 0.2931
  3 7.4700 1.9880 49.5623 0.9908 -0.0905 -0.1006 0.2894 0.2931
  3 7.1500 0.8227 51.1203 0.9681 -0.2343 -0.0886 0.2795 0.3129
charger_material_0.bmp
  3 7.1500 0.8227 51.1203 0.9681 -0.2343 -0.0886 0.2795 0.3129
  3 7.4700 1.9880 49.5623 0.9908 -0.0905 -0.1006 0.2894 0.2931
  3 7.5500 2.1170 51.1779 0.9983 -0.0243 -0.0523 0.2933 0.3129
charger_material_0.bmp
  3 7.4700 1.9880 49.5623 0.9908 -0.0905 -0.1006 0.2894 0.2931
  3 7.2100 3.5528 49.5195 0.9078 0.3975 -0.1339 0.3091 0.2911
  3 7.5500 2.1170 51.1779 0.9983 -0.0243 -0.0523 0.2933 0.3129
charger_material_0.bmp
  3 7.5500 2.1170 51.1779 0.9983 -0.0243 -0.0523 0.2933 0.3129
  3 7.2100 3.5528 49.5195 0.9078 0.3975 -0.1339 0.3091 0.2911
  3 7.3800 3.5614 51.1384 0.9329 0.3563 -0.0525 0.3091 0.3109
charger_material_0.bmp
  3 7.2100 3.5528 49.5195 0.9078 0.3975 -0.1339 0.3091 0.2911
  3 6.3600 5.1770 51.1906 0.7421 0.6612 -0.1100 0.3307 0.3089
  3 7.3800 3.5614 51.1384 0.9329 0.3563 -0.0525 0.3091 0.3109
charger_material_0.bmp
  3 7.3800 3.5614 51.1384 0.9329 0.3563 -0.0525 0.3091 0.3109
  3 6.3600 5.1770 51.1906 0.7421 0.6612 -0.1100 0.3307 0.3089
  3 6.6900 4.9503 52.9564 0.7822 0.6034 -0.1553 0.3287 0.3307
charger_material_0.bmp
  3 3.3600 7.7054 54.0291 0.4657 0.8846 -0.0236 0.3760 0.3287
  3 2.3600 8.1327 54.4345 0.8101 0.5742 -0.1187 0.3878 0.3307
  4 3.8200 7.3178 56.5045 0.4945 0.8619 0.1122 0.3760 0.3584
charger_material_0.bmp
  4 3.8200 7.3178 56.5045 0.4945 0.8619 0.1122 0.3760 0.3584
  3 2.3600 8.1327 54.4345 0.8101 0.5742 -0.1187 0.3878 0.3307
  4 2.8300 7.7642 56.8162 0.8487 0.5288 0.0001 0.3878 0.3564
charger_material_0.bmp
  3 2.3600 8.1327 54.4345 0.8101 0.5742 -0.1187 0.3878 0.3307
  4 2.8400 8.0267 56.8577 0.8487 0.5288 0.0001 0.3898 0.3564
  4 2.8300 7.7642 56.8162 0.8487 0.5288 0.0001 0.3878 0.3564
charger_material_0.bmp
  4 2.8300 7.7642 56.8162 0.8487 0.5288 0.0001 0.3878 0.3564
  4 2.8400 8.0267 56.8577 0.8487 0.5288 0.0001 0.3898 0.3564
  4 3.3300 6.8945 59.4565 0.9631 0.2691 0.0027 0.3878 0.3881
charger_material_0.bmp
  4 2.8400 8.0267 56.8577 0.8487 0.5288 0.0001 0.3898 0.3564
  4 2.3800 7.1668 60.1884 -0.0230 0.8685 0.4951 0.3996 0.3901
  4 3.3300 6.8945 59.4565 0.9631 0.2691 0.0027 0.3878 0.3881
charger_material_0.bmp
  4 3.3300 6.8945 59.4565 0.9631 0.2691 0.0027 0.3878 0.3881
  4 2.3800 7.1668 60.1884 -0.0230 0.8685 0.4951 0.3996 0.3901
  4 3.5700 5.3369 61.5869 0.8217 0.4875 0.2950 0.3898 0.4218
charger_material_0.bmp
  4 2.3800 7.1668 60.1884 -0.0230 0.8685 0.4951 0.3996 0.3901
  4 2.6300 5.6811 62.1625 -0.2862 0.6928 0.6620 0.4016 0.4238
  4 3.5700 5.3369 61.5869 0.8217 0.4875 0.2950 0.3898 0.4218
charger_material_0.bmp
  4 3.5700 5.3369 61.5869 0.8217 0.4875 0.2950 0.3898 0.4218
  4 2.6300 5.6811 62.1625 -0.2862 0.6928 0.6620 0.4016 0.4238
  4 2.9600 4.3460 63.4867 0.0005 0.6059 0.7956 0.3996 0.4515
charger_material_0.bmp
  4 2.6300 5.6811 62.1625 -0.2862 0.6928 0.6620 0.4016 0.4238
  4 2.7500 4.2411 63.3642 -0.1150 0.5735 0.8111 0.4035 0.4515
  4 2.9600 4.3460 63.4867 0.0005 0.6059 0.7956 0.3996 0.4515
charger_material_0.bmp
  4 2.9600 4.3460 63.4867 0.0005 0.6059 0.7956 0.3996 0.4515
  4 2.7500 4.2411 63.3642 -0.1150 0.5735 0.8111 0.4035 0.4515
  4 2.9300 3.1549 64.0199 -0.1290 0.3740 0.9184 0.4016 0.4713
charger_material_0.bmp
 18 33.4137 -0.0302 51.5109 0.8563 0.5017 -0.1227 0.6043 0.0376
 18 33.4044 -0.0531 51.5725 0.6488 0.3714 0.6641 0.6024 0.0376
 18 33.4104 -0.1220 51.5478 0.8265 -0.4518 0.3359 0.6024 0.0356
charger_material_0.bmp
 18 33.4104 -0.1220 51.5478 0.8265 -0.4518 0.3359 0.6024 0.0356
 18 33.4044 -0.0531 51.5725 0.6488 0.3714 0.6641 0.6024 0.0376
 18 33.1851 -0.1886 51.7068 0.5910 -0.4682 0.6569 0.6004 0.0396
charger_material_0.bmp
 18 33.4044 -0.0531 51.5725 0.6488 0.3714 0.6641 0.6024 0.0376
 18 33.1659 -0.0788 51.7155 0.4117 0.4053 0.8162 0.6004 0.0396
 18 33.1851 -0.1886 51.7068 0.5910 -0.4682 0.6569 0.6004 0.0396
charger_material_0.bmp
 18 33.1851 -0.1886 51.7068 0.5910 -0.4682 0.6569 0.6004 0.0396
 18 33.1659 -0.0788 51.7155 0.4117 0.4053 0.8162 0.6004 0.0396
 18 33.1063 -0.2089 51.7199 0.6001 -0.3834 0.7021 0.5984 0.0396
charger_material_0.bmp
 18 33.1659 -0.0788 51.7155 0.4117 0.4053 0.8162 0.6004 0.0396
 18 33.0674 -0.0891 51.7326 0.4695 0.4265 0.7730 0.6004 0.0416
 18 33.1063 -0.2089 51.7199 0.6001 -0.3834 0.7021 0.5984 0.0396
charger_material_0.bmp
 18 33.1063 -0.2089 51.7199 0.6001 -0.3834 0.7021 0.5984 0.0396
 18 33.0674 -0.0891 51.7326 0.4695 0.4265 0.7730 0.6004 0.0416
 18 32.8895 -0.3077 51.9267 0.7480 -0.4318 0.5040 0.5965 0.0455
charger_material_0.bmp
 18 33.0674 -0.0891 51.7326 0.4695 0.4265 0.7730 0.6004 0.0416
 18 32.8492 -0.1276 51.9323 0.4989 0.5900 0.6348 0.5984 0.0455
 18 32.8895 -0.3077 51.9267 0.7480 -0.4318 0.5040 0.5965 0.0455
charger_material_0.bmp
 18 32.8895 -0.3077 51.9267 0.7480 -0.4318 0.5040 0.5965 0.0455
 18 32.8492 -0.1276 51.9323 0.4989 0.5900 0.6348 0.5984 0.0455
 18 32.8201 -0.3532 52.0488 0.7204 -0.4532 0.5250 0.5945 0.0455
charger_material_0.bmp
 18 32.8492 -0.1276 51.9323 0.4989 0.5900 0.6348 0.5984 0.0455
 18 32.7421 -0.1637 52.0717 0.3357 0.6697 0.6625 0.5965 0.0475
 18 32.8201 -0.3532 52.0488 0.7204 -0.4532 0.5250 0.5945 0.0455
charger_material_0.bmp
 18 32.8201 -0.3532 52.0488 0.7204 -0.4532 0.5250 0.5945 0.0455
 18 32.7421 -0.1637 52.0717 0.3357 0.6697 0.6625 0.5965 0.0475
 18 32.3642 -0.4649 52.3383 0.6970 -0.2502 0.6720 0.5906 0.0515
charger_material_0.bmp
  4 0.9100 -5.8540 62.7489 0.1977 -0.9654 -0.1700 0.9016 0.5723
  4 0.7900 -5.8744 63.0684 0.2351 -0.9684 -0.0834 0.8996 0.5762
  4 0.6100 -5.8933 62.7564 0.2351 -0.9684 -0.0834 0.8976 0.5703
charger_material_0.bmp
  4 0.6100 -5.8933 62.7564 0.2351 -0.9684 -0.0834 0.8976 0.5703
  4 0.7900 -5.8744 63.0684 0.2351 -0.9684 -0.0834 0.8996 0.5762
  4 0.5400 -5.9324 62.9777 0.2618 -0.9406 -0.2161 0.8957 0.5743
charger_material_0.bmp
  4 0.7900 -5.8744 63.0684 0.2351 -0.9684 -0.0834 0.8996 0.5762
  4 0.6300 -5.9921 63.3047 0.2108 -0.9527 0.2188 0.8957 0.5782
  4 0.5400 -5.9324 62.9777 0.2618 -0.9406 -0.2161 0.8957 0.5743
charger_material_0.bmp
  4 0.5400 -5.9324 62.9777 0.2618 -0.9406 -0.2161 0.8957 0.5743
  4 0.6300 -5.9921 63.3047 0.2108 -0.9527 0.2188 0.8957 0.5782
  4 0.4500 -6.0361 63.1808 0.1290 -0.9818 0.1392 0.8937 0.5762
charger_material_0.bmp
  4 0.6300 -5.9921 63.3047 0.2108 -0.9527 0.2188 0.8957 0.5782
  4 0.5900 -5.9841 63.2930 0.4456 -0.8950 0.0193 0.8957 0.5802
  4 0.4500 -6.0361 63.1808 0.1290 -0.9818 0.1392 0.8937 0.5762
charger_material_0.bmp
  4 0.4500 -6.0361 63.1808 0.1290 -0.9818 0.1392 0.8937 0.5762
  4 0.5900 -5.9841 63.2930 0.4456 -0.8950 0.0193 0.8957 0.5802
  4 0.4400 -6.0267 63.2299 0.3365 -0.7688 -0.5438 0.8937 0.5782
charger_material_0.bmp
  4 0.5900 -5.9841 63.2930 0.4456 -0.8950 0.0193 0.8957 0.5802
  4 0.5700 -6.0314 63.3122 0.6197 -0.5533 -0.5567 0.8957 0.5802
  4 0.4400 -6.0267 63.2299 0.3365 -0.7688 -0.5438 0.8937 0.5782
charger_material_0.bmp
  4 0.4400 -6.0267 63.2299 0.3365 -0.7688 -0.5438 0.8937 0.5782
  4 0.5700 -6.0314 63.3122 0.6197 -0.5533 -0.5567 0.8957 0.5802
  4 0.4200 -6.0600 63.2159 0.3423 -0.6352 -0.6924 0.8937 0.5782
charger_material_0.bmp
  4 0.5700 -6.0314 63.3122 0.6197 -0.5533 -0.5567 0.8957 0.5802
  4 0.5100 -6.1024 63.3665 0.4876 -0.7558 -0.4371 0.8937 0.5802
  4 0.4200 -6.0600 63.2159 0.3423 -0.6352 -0.6924 0.8937 0.5782
charger_material_0.bmp
  4 -0.5400 -6.0304 61.3471 -0.3043 0.4104 -0.8596 0.8780 0.5465
  4 -0.3800 -5.9612 61.2830 -0.3463 0.2456 -0.9054 0.8819 0.5465
  4 -0.5200 -6.1123 61.2915 -0.0367 -0.0154 -0.9992 0.8799 0.5485
charger_material_0.bmp
  4 -0.5200 -6.1123 61.2915 -0.0367 -0.0154 -0.9992 0.8799 0.5485
  4 -0.3800 -5.9612 61.2830 -0.3463 0.2456 -0.9054 0.8819 0.5465
  4 -0.3400 -6.0393 61.2470 0.0316 -0.2927 -0.9557 0.8819 0.5485
charger_material_0.bmp
  4 -0.3800 -5.9612 61.2830 -0.3463 0.2456 -0.9054 0.8819 0.5465
  4 -0.1100 -5.7961 61.2412 -0.2190 -0.0269 -0.9754 0.8878 0.5465
  4 -0.3400 -6.0393 61.2470 0.0316 -0.2927 -0.9557 0.8819 0.5485
charger_material_0.bmp
  4 -0.3400 -6.0393 61.2470 0.0316 -0.2927 -0.9557 0.8819 0.5485
  4 -0.1100 -5.7961 61.2412 -0.2190 -0.0269 -0.9754 0.8878 0.5465
  4 -0.0600 -5.8354 61.2487 0.5450 -0.5142 -0.6623 0.8878 0.5485
charger_material_0.bmp
  4 -0.1100 -5.7961 61.2412 -0.2190 -0.0269 -0.9754 0.8878 0.5465
  4 0.0400 -5.4795 61.1400 0.0635 -0.2280 -0.9716 0.8937 0.5446
  4 -0.0600 -5.8354 61.2487 0.5450 -0.5142 -0.6623 0.8878 0.5485
charger_material_0.bmp
  4 -0.0600 -5.8354 61.2487 0.5450 -0.5142 -0.6623 0.8878 0.5485
  4 0.0400 -5.4795 61.1400 0.0635 -0.2280 -0.9716 0.8937 0.5446
  4 0.1200 -5.4995 61.1947 0.6581 -0.5250 -0.5397 0.8937 0.5465
charger_material_0.bmp
  4 0.0400 -5.4795 61.1400 0.0635 -0.2280 -0.9716 0.8937 0.5446
  4 0.1400 -5.3068 61.1375 -0.0123 -0.3616 -0.9322 0.8957 0.5426
  4 0.1200 -5.4995 61.1947 0.6581 -0.5250 -0.5397 0.8937 0.5465
charger_material_0.bmp
  4 0.1200 -5.4995 61.1947 0.6581 -0.5250 -0.5397 0.8937 0.5465
  4 0.1400 -5.3068 61.1375 -0.0123 -0.3616 -0.9322 0.8957 0.5426
  4 0.2200 -5.3382 61.1333 0.5450 -0.5142 -0.6623 0.8976 0.5446
charger_material_0.bmp
  4 0.1400 -5.3068 61.1375 -0.0123 -0.3616 -0.9322 0.8957 0.5426
  4 0.2100 -5.1647 61.0289 -0.0068 -0.5128 -0.8585 0.8996 0.5406
  4 0.2200 -5.3382 61.1333 0.5450 -0.5142 -0.6623 0.8976 0.5446
charger_material_0.bmp
 18 8.6133 1.5875 60.0678 0.5351 0.2482 0.8075 0.5807 0.3505
 18 8.8895 2.1799 59.5790 0.4695 0.4265 0.7730 0.5886 0.3426
  4 7.9100 2.5035 60.1330 0.5794 0.4026 0.7086 0.5925 0.3545
charger_material_0.bmp
  4 7.9100 2.5035 60.1330 0.5794 0.4026 0.7086 0.5925 0.3545
 18 8.8895 2.1799 59.5790 0.4695 0.4265 0.7730 0.5886 0.3426
  4 8.2500 3.4174 59.2151 0.5253 0.5857 0.6173 0.6063 0.3426
charger_material_0.bmp
 18 8.8895 2.1799 59.5790 0.4695 0.4265 0.7730 0.5886 0.3426
 18 9.3474 2.9852 58.8036 0.4986 0.6607 0.5611 0.5965 0.3307
  4 8.2500 3.4174 59.2151 0.5253 0.5857 0.6173 0.6063 0.3426
charger_material_0.bmp
  4 8.2500 3.4174 59.2151 0.5253 0.5857 0.6173 0.6063 0.3426
 18 9.3474 2.9852 58.8036 0.4986 0.6607 0.5611 0.5965 0.3307
  4 8.7200 3.7767 58.0061 0.4295 0.8385 0.3352 0.6122 0.3267
charger_material_0.bmp
 18 9.3474 2.9852 58.8036 0.4986 0.6607 0.5611 0.5965 0.3307
 18 9.8614 3.3222 57.7620 0.4680 0.7930 0.3900 0.6024 0.3188
  4 8.7200 3.7767 58.0061 0.4295 0.8385 0.3352 0.6122 0.3267
charger_material_0.bmp
  4 8.7200 3.7767 58.0061 0.4295 0.8385 0.3352 0.6122 0.3267
 18 9.8614 3.3222 57.7620 0.4680 0.7930 0.3900 0.6024 0.3188
 18 9.2173 3.6835 56.9484 0.4089 0.9115 -0.0442 0.6122 0.3109
charger_material_0.bmp
 18 9.8614 3.3222 57.7620 0.4680 0.7930 0.3900 0.6024 0.3188
 18 11.3012 3.2515 56.1494 0.2389 0.9635 0.1210 0.6043 0.3069
 18 9.2173 3.6835 56.9484 0.4089 0.9115 -0.0442 0.6122 0.3109
charger_material_0.bmp
 18 9.2173 3.6835 56.9484 0.4089 0.9115 -0.0442 0.6122 0.3109
 18 11.3012 3.2515 56.1494 0.2389 0.9635 0.1210 0.6043 0.3069
 18 9.4942 3.3518 56.1002 0.1407 0.8917 -0.4302 0.6122 0.3010
charger_material_0.bmp
 18 11.3012 3.2515 56.1494 0.2389 0.9635 0.1210 0.6043 0.3069
 18 12.0873 3.0511 55.6540 0.2126 0.9737 -0.0817 0.6083 0.2950
 18 9.4942 3.3518 56.1002 0.1407 0.8917 -0.4302 0.6122 0.3010
charger_material_0.bmp
 18 9.2306 1.0748 55.3673 -0.0913 -0.0777 -0.9928 0.2835 0.3683
 18 9.1436 -0.0567 54.7391 -0.0962 0.1325 -0.9865 0.2717 0.3644
 18 8.5632 0.9722 55.2679 0.3259 0.0572 -0.9437 0.2815 0.3624
charger_material_0.bmp
 18 8.5632 0.9722 55.2679 0.3259 0.0572 -0.9437 0.2815 0.3624
 18 9.1436 -0.0567 54.7391 -0.0962 0.1325 -0.9865 0.2717 0.3644
 18 8.4818 -0.3961 54.7798 0.2644 0.0427 -0.9635 0.2697 0.3604
charger_material_0.bmp
 18 9.1436 -0.0567 54.7391 -0.0962 0.1325 -0.9865 0.2717 0.3644
 18 8.9705 -0.7865 54.9486 0.1932 -0.5034 -0.8422 0.2677 0.3644
 18 8.4818 -0.3961 54.7798 0.2644 0.0427 -0.9635 0.2697 0.3604
charger_material_0.bmp
 18 8.4818 -0.3961 54.7798 0.2644 0.0427 -0.9635 0.2697 0.3604
 18 8.9705 -0.7865 54.9486 0.1932 -0.5034 -0.8422 0.2677 0.3644
  3 8.3600 -1.1535 54.8006 0.5393 -0.3448 -0.7683 0.2638 0.3604
charger_material_0.bmp
 18 8.9705 -0.7865 54.9486 0.1932 -0.5034 -0.8422 0.2677 0.3644
  3 8.7200 -1.4120 55.3726 0.5605 -0.6989 -0.4444 0.2638 0.3644
  3 8.3600 -1.1535 54.8006 0.5393 -0.3448 -0.7683 0.2638 0.3604
charger_material_0.bmp
  3 8.3600 -1.1535 54.8006 0.5393 -0.3448 -0.7683 0.2638 0.3604
  3 8.7200 -1.4120 55.3726 0.5605 -0.6989 -0.4444 0.2638 0.3644
  3 8.1000 -1.8007 55.1340 0.7047 -0.6645 -0.2489 0.2579 0.3604
charger_material_0.bmp
  3 8.7200 -1.4120 55.3726 0.5605 -0.6989 -0.4444 0.2638 0.3644
  4 8.0100 -1.9539 56.1492 0.3601 -0.9207 -0.1506 0.2559 0.3683
  3 8.1000 -1.8007 55.1340 0.7047 -0.6645 -0.2489 0.2579 0.3604
charger_material_0.bmp
  3 8.1000 -1.8007 55.1340 0.7047 -0.6645 -0.2489 0.2579 0.3604
  4 8.0100 -1.9539 56.1492 0.3601 -0.9207 -0.1506 0.2559 0.3683
  3 7.6100 -2.2679 55.4575 0.6247 -0.7685 0.1384 0.2520 0.3624
charger_material_0.bmp
  4 8.0100 -1.9539 56.1492 0.3601 -0.9207 -0.1506 0.2559 0.3683
  4 6.8000 -2.4649 56.5116 0.4771 -0.8444 0.2435 0.2441 0.3723
  3 7.6100 -2.2679 55.4575 0.6247 -0.7685 0.1384 0.2520 0.3624
charger_material_0.bmp
  3 1.2800 -8.4594 53.1562 -0.8329 0.1812 0.5229 0.1654 0.3426
  3 1.6000 -8.8956 53.0335 0.3988 -0.7730 0.4934 0.1673 0.3386
  3 3.3200 -5.3036 55.2108 -0.2060 -0.7863 0.5824 0.1949 0.3564
charger_material_0.bmp
  3 3.3200 -5.3036 55.2108 -0.2060 -0.7863 0.5824 0.1949 0.3564
  3 1.6000 -8.8956 53.0335 0.3988 -0.7730 0.4934 0.1673 0.3386
  3 3.5500 -5.6954 54.0368 0.6964 -0.7057 0.1306 0.1949 0.3446
charger_material_0.bmp
  3 1.6000 -8.8956 53.0335 0.3988 -0.7730 0.4934 0.1673 0.3386
  3 1.7800 -7.9755 51.8046 0.7891 -0.5810 -0.1996 0.1732 0.3208
  3 3.5500 -5.6954 54.0368 0.6964 -0.7057 0.1306 0.1949 0.3446
charger_material_0.bmp
  3 3.5500 -5.6954 54.0368 0.6964 -0.7057 0.1306 0.1949 0.3446
  3 1.7800 -7.9755 51.8046 0.7891 -0.5810 -0.1996 0.1732 0.3208
  3 3.6900 -5.8939 52.2478 0.7045 -0.7097 0.0040 0.1949 0.3248
charger_material_0.bmp
  3 1.7800 -7.9755 51.8046 0.7891 -0.5810 -0.1996 0.1732 0.3208
  3 2.2000 -7.3921 49.9892 0.5988 -0.7420 -0.3014 0.1772 0.2990
  3 3.6900 -5.8939 52.2478 0.7045 -0.7097 0.0040 0.1949 0.3248
charger_material_0.bmp
  3 3.6900 -5.8939 52.2478 0.7045 -0.7097 0.0040 0.1949 0.3248
  3 2.2000 -7.3921 49.9892 0.5988 -0.7420 -0.3014 0.1772 0.2990
  3 3.6700 -5.7334 50.0668 0.6741 -0.7239 -0.1471 0.1988 0.2950
charger_material_0.bmp
  3 2.2000 -7.3921 49.9892 0.5988 -0.7420 -0.3014 0.1772 0.2990
  2 2.2802 -5.7634 47.1897 0.4103 -0.8669 -0.2832 0.1850 0.2653
  3 3.6700 -5.7334 50.0668 0.6741 -0.7239 -0.1471 0.1988 0.2950
charger_material_0.bmp
  3 3.6700 -5.7334 50.0668 0.6741 -0.7239 -0.1471 0.1988 0.2950
  2 2.2802 -5.7634 47.1897 0.4103 -0.8669 -0.2832 0.1850 0.2653
  2 3.8902 -5.1140 47.9402 0.5917 -0.7959 -0.1282 0.2047 0.2713
charger_material_0.bmp
  2 2.2802 -5.7634 47.1897 0.4103 -0.8669 -0.2832 0.1850 0.2653
  2 4.1301 -4.6722 45.7305 0.5769 -0.8125 -0.0834 0.2067 0.2436
  2 3.8902 -5.1140 47.9402 0.5917 -0.7959 -0.1282 0.2047 0.2713
charger_material_0.bmp
  9 -0.8531 -5.2916 33.0495 -0.0651 -0.8224 -0.5651 0.1398 0.0990
  9 -1.0887 -6.1778 35.1088 -0.1061 -0.9596 -0.2606 0.1378 0.1228
  9 -3.6564 -5.4929 35.1096 -0.2436 -0.9189 -0.3102 0.1063 0.1267
charger_material_0.bmp
  9 -3.6564 -5.4929 35.1096 -0.2436 -0.9189 -0.3102 0.1063 0.1267
  9 -1.0887 -6.1778 35.1088 -0.1061 -0.9596 -0.2606 0.1378 0.1228
  9 -1.3762 -6.5872 37.2346 -0.0746 -0.9925 -0.0969 0.1358 0.1505
charger_material_0.bmp
  9 -1.0887 -6.1778 35.1088 -0.1061 -0.9596 -0.2606 0.1378 0.1228
 10 1.3141 -6.5589 37.5790 0.0619 -0.9966 -0.0538 0.1673 0.1505
  9 -1.3762 -6.5872 37.2346 -0.0746 -0.9925 -0.0969 0.1358 0.1505
charger_material_0.bmp
  9 -1.3762 -6.5872 37.2346 -0.0746 -0.9925 -0.0969 0.1358 0.1505
 10 1.3141 -6.5589 37.5790 0.0619 -0.9966 -0.0538 0.1673 0.1505
  1 -1.4300 -6.3138 39.7013 -0.1257 -0.9755 0.1805 0.1378 0.1802
charger_material_0.bmp
 10 1.3141 -6.5589 37.5790 0.0619 -0.9966 -0.0538 0.1673 0.1505
  1 0.9400 -6.7738 39.8413 0.0838 -0.9814 0.1726 0.1673 0.1802
  1 -1.4300 -6.3138 39.7013 -0.1257 -0.9755 0.1805 0.1378 0.1802
charger_material_0.bmp
  1 -1.4300 -6.3138 39.7013 -0.1257 -0.9755 0.1805 0.1378 0.1802
  1 0.9400 -6.7738 39.8413 0.0838 -0.9814 0.1726 0.1673 0.1802
  1 0.5600 -5.7738 41.9313 0.0217 -0.9840 0.1771 0.1654 0.2040
charger_material_0.bmp
  1 0.9400 -6.7738 39.8413 0.0838 -0.9814 0.1726 0.1673 0.1802
  1 3.3800 -5.8638 40.3213 0.3379 -0.9080 0.2479 0.1929 0.1802
  1 0.5600 -5.7738 41.9313 0.0217 -0.9840 0.1771 0.1654 0.2040
charger_material_0.bmp
  1 0.5600 -5.7738 41.9313 0.0217 -0.9840 0.1771 0.1654 0.2040
  1 3.3800 -5.8638 40.3213 0.3379 -0.9080 0.2479 0.1929 0.1802
  1 2.9500 -5.4438 42.4513 0.2910 -0.9415 0.1699 0.1909 0.2079
charger_material_0.bmp
  1 3.3800 -5.8638 40.3213 0.3379 -0.9080 0.2479 0.1929 0.1802
  1 4.9900 -4.6138 41.7913 0.6226 -0.7389 0.2578 0.2146 0.1941
  1 2.9500 -5.4438 42.4513 0.2910 -0.9415 0.1699 0.1909 0.2079
charger_material_0.bmp
  2 -0.9097 9.1161 47.8119 0.1081 0.9240 0.3669 0.4213 0.2594
  2 -0.4497 8.9256 48.4417 -0.0892 0.9574 0.2746 0.4173 0.2653
  2 -0.6697 9.3261 47.7520 0.2101 0.9512 0.2259 0.4193 0.2594
charger_material_0.bmp
  2 -0.6697 9.3261 47.7520 0.2101 0.9512 0.2259 0.4193 0.2594
  2 -0.4497 8.9256 48.4417 -0.0892 0.9574 0.2746 0.4173 0.2653
  2 -0.2297 9.1156 48.3818 -0.1592 0.9651 0.2081 0.4134 0.2653
charger_material_0.bmp
  2 -0.4497 8.9256 48.4417 -0.0892 0.9574 0.2746 0.4173 0.2653
  3 -0.0600 8.7961 49.8031 -0.0232 0.9993 0.0289 0.4134 0.2792
  2 -0.2297 9.1156 48.3818 -0.1592 0.9651 0.2081 0.4134 0.2653
charger_material_0.bmp
  2 -0.2297 9.1156 48.3818 -0.1592 0.9651 0.2081 0.4134 0.2653
  3 -0.0600 8.7961 49.8031 -0.0232 0.9993 0.0289 0.4134 0.2792
  3 0.1100 8.9739 49.8639 -0.1049 0.9939 0.0342 0.4094 0.2792
charger_material_0.bmp
  3 -0.0600 8.7961 49.8031 -0.0232 0.9993 0.0289 0.4134 0.2792
  3 0.1900 8.7914 51.4839 -0.0232 0.9993 0.0289 0.4114 0.2970
  3 0.1100 8.9739 49.8639 -0.1049 0.9939 0.0342 0.4094 0.2792
charger_material_0.bmp
  3 0.1100 8.9739 49.8639 -0.1049 0.9939 0.0342 0.4094 0.2792
  3 0.1900 8.7914 51.4839 -0.0232 0.9993 0.0289 0.4114 0.2970
  3 0.3800 8.9747 51.5038 -0.1828 0.9820 0.0471 0.4075 0.2970
charger_material_0.bmp
  3 0.1900 8.7914 51.4839 -0.0232 0.9993 0.0289 0.4114 0.2970
  3 0.8200 8.5546 54.2468 -0.0968 0.9888 0.1134 0.4075 0.3228
  3 0.3800 8.9747 51.5038 -0.1828 0.9820 0.0471 0.4075 0.2970
charger_material_0.bmp
  3 0.3800 8.9747 51.5038 -0.1828 0.9820 0.0471 0.4075 0.2970
  3 0.8200 8.5546 54.2468 -0.0968 0.9888 0.1134 0.4075 0.3228
  3 0.9700 8.7578 54.2645 -0.3003 0.9447 0.1319 0.4035 0.3248
charger_material_0.bmp
  3 0.8200 8.5546 54.2468 -0.0968 0.9888 0.1134 0.4075 0.3228
  4 1.5200 8.3957 56.8177 -0.0931 0.9534 0.2869 0.4035 0.3485
  3 0.9700 8.7578 54.2645 -0.3003 0.9447 0.1319 0.4035 0.3248
charger_material_0.bmp
  2 2.5301 -5.1415 44.8202 0.3238 -0.9452 -0.0404 0.1890 0.2356
  2 2.2802 -5.7634 47.1897 0.4103 -0.8669 -0.2832 0.1850 0.2653
  2 0.0502 -6.2027 46.3295 0.2742 -0.9071 -0.3194 0.1634 0.2594
charger_material_0.bmp
  2 0.0502 -6.2027 46.3295 0.2742 -0.9071 -0.3194 0.1634 0.2594
  2 2.2802 -5.7634 47.1897 0.4103 -0.8669 -0.2832 0.1850 0.2653
  2 -0.1297 -7.1343 48.2687 0.4255 -0.7198 -0.5485 0.1555 0.2812
charger_material_0.bmp
  2 2.2802 -5.7634 47.1897 0.4103 -0.8669 -0.2832 0.1850 0.2653
  3 2.2000 -7.3921 49.9892 0.5988 -0.7420 -0.3014 0.1772 0.2990
  2 -0.1297 -7.1343 48.2687 0.4255 -0.7198 -0.5485 0.1555 0.2812
charger_material_0.bmp
  2 -0.1297 -7.1343 48.2687 0.4255 -0.7198 -0.5485 0.1555 0.2812
  3 2.2000 -7.3921 49.9892 0.5988 -0.7420 -0.3014 0.1772 0.2990
  3 -0.1000 -8.8299 49.8167 0.6862 -0.3852 -0.6170 0.1437 0.3089
charger_material_0.bmp
  3 2.2000 -7.3921 49.9892 0.5988 -0.7420 -0.3014 0.1772 0.2990
  3 1.7800 -7.9755 51.8046 0.7891 -0.5810 -0.1996 0.1732 0.3208
  3 -0.1000 -8.8299 49.8167 0.6862 -0.3852 -0.6170 0.1437 0.3089
charger_material_0.bmp
  3 -0.1000 -8.8299 49.8167 0.6862 -0.3852 -0.6170 0.1437 0.3089
  3 1.7800 -7.9755 51.8046 0.7891 -0.5810 -0.1996 0.1732 0.3208
  3 0.1700 -10.4633 50.6016 0.5413 -0.8342 -0.1059 0.1378 0.3287
charger_material_0.bmp
  3 1.7800 -7.9755 51.8046 0.7891 -0.5810 -0.1996 0.1732 0.3208
  3 1.6000 -8.8956 53.0335 0.3988 -0.7730 0.4934 0.1673 0.3386
  3 0.1700 -10.4633 50.6016 0.5413 -0.8342 -0.1059 0.1378 0.3287
charger_material_0.bmp
  3 0.1700 -10.4633 50.6016 0.5413 -0.8342 -0.1059 0.1378 0.3287
  3 1.6000 -8.8956 53.0335 0.3988 -0.7730 0.4934 0.1673 0.3386
  3 -0.1200 -10.2888 50.8136 -0.5903 -0.4776 0.6508 0.1339 0.3327
charger_material_0.bmp
  3 1.6000 -8.8956 53.0335 0.3988 -0.7730 0.4934 0.1673 0.3386
  3 1.2800 -8.4594 53.1562 -0.8329 0.1812 0.5229 0.1654 0.3426
  3 -0.1200 -10.2888 50.8136 -0.5903 -0.4776 0.6508 0.1339 0.3327
charger_material_0.bmp
  4 7.7000 1.7797 60.6074 0.6011 0.2873 0.7458 0.3268 0.4495
  4 7.9100 2.5035 60.1330 0.5794 0.4026 0.7086 0.3268 0.4337
  4 6.5400 2.7614 61.1629 0.5794 0.4026 0.7086 0.3465 0.4455
charger_material_0.bmp
  4 6.5400 2.7614 61.1629 0.5794 0.4026 0.7086 0.3465 0.4455
  4 7.9100 2.5035 60.1330 0.5794 0.4026 0.7086 0.3268 0.4337
  4 6.5200 3.8565 60.3936 0.5421 0.6364 0.5488 0.3484 0.4257
charger_material_0.bmp
  4 7.9100 2.5035 60.1330 0.5794 0.4026 0.7086 0.3268 0.4337
  4 8.2200 3.4351 59.2015 0.5390 0.6691 0.5117 0.3248 0.4119
  4 6.5200 3.8565 60.3936 0.5421 0.6364 0.5488 0.3484 0.4257
charger_material_0.bmp
  4 6.5200 3.8565 60.3936 0.5421 0.6364 0.5488 0.3484 0.4257
  4 8.2200 3.4351 59.2015 0.5390 0.6691 0.5117 0.3248 0.4119
  4 7.1400 4.5923 58.2778 0.4962 0.8101 0.3122 0.3386 0.3941
charger_material_0.bmp
  4 8.2200 3.4351 59.2015 0.5390 0.6691 0.5117 0.3248 0.4119
  4 8.7200 3.7669 58.0080 0.5007 0.8260 0.2589 0.3169 0.3980
  4 7.1400 4.5923 58.2778 0.4962 0.8101 0.3122 0.3386 0.3941
charger_material_0.bmp
  4 7.1400 4.5923 58.2778 0.4962 0.8101 0.3122 0.3386 0.3941
  4 8.7200 3.7669 58.0080 0.5007 0.8260 0.2589 0.3169 0.3980
  4 7.8400 4.4381 57.2586 0.4945 0.8619 0.1122 0.3268 0.3861
charger_material_0.bmp
  4 8.7200 3.7669 58.0080 0.5007 0.8260 0.2589 0.3169 0.3980
 18 9.2173 3.6835 56.9484 0.4089 0.9115 -0.0442 0.3091 0.3881
  4 7.8400 4.4381 57.2586 0.4945 0.8619 0.1122 0.3268 0.3861
charger_material_0.bmp
  4 7.8400 4.4381 57.2586 0.4945 0.8619 0.1122 0.3268 0.3861
 18 9.2173 3.6835 56.9484 0.4089 0.9115 -0.0442 0.3091 0.3881
  4 8.3500 4.1784 56.4327 0.5523 0.8253 -0.1175 0.3189 0.3782
charger_material_0.bmp
 18 9.2173 3.6835 56.9484 0.4089 0.9115 -0.0442 0.3091 0.3881
 18 8.5972 3.7325 55.7495 0.5848 0.7139 -0.3852 0.3110 0.3723
  4 8.3500 4.1784 56.4327 0.5523 0.8253 -0.1175 0.3189 0.3782
charger_material_0.bmp
 10 5.5029 -3.9152 27.3327 0.0767 -0.9880 0.1338 0.7618 0.2792
 10 7.3289 -3.0988 28.1810 0.5048 -0.8493 0.1543 0.7854 0.2871
 10 5.4193 -3.5516 30.0661 0.1405 -0.9896 0.0295 0.7657 0.3109
charger_material_0.bmp
 10 5.4193 -3.5516 30.0661 0.1405 -0.9896 0.0295 0.7657 0.3109
 10 7.3289 -3.0988 28.1810 0.5048 -0.8493 0.1543 0.7854 0.2871
 10 7.1849 -2.7384 31.2416 0.5839 -0.8113 0.0305 0.7894 0.3208
charger_material_0.bmp
 10 7.3289 -3.0988 28.1810 0.5048 -0.8493 0.1543 0.7854 0.2871
 10 8.8528 -1.6491 28.7882 0.7751 -0.6095 0.1668 0.8091 0.2911
 10 7.1849 -2.7384 31.2416 0.5839 -0.8113 0.0305 0.7894 0.3208
charger_material_0.bmp
 10 7.1849 -2.7384 31.2416 0.5839 -0.8113 0.0305 0.7894 0.3208
 10 8.8528 -1.6491 28.7882 0.7751 -0.6095 0.1668 0.8091 0.2911
 10 8.3614 -1.3248 32.1319 0.8494 -0.5245 0.0588 0.8110 0.3287
charger_material_0.bmp
 10 8.8528 -1.6491 28.7882 0.7751 -0.6095 0.1668 0.8091 0.2911
 10 9.6798 0.2804 28.9792 0.9665 -0.2091 0.1490 0.8307 0.2931
 10 8.3614 -1.3248 32.1319 0.8494 -0.5245 0.0588 0.8110 0.3287
charger_material_0.bmp
 10 8.3614 -1.3248 32.1319 0.8494 -0.5245 0.0588 0.8110 0.3287
 10 9.6798 0.2804 28.9792 0.9665 -0.2091 0.1490 0.8307 0.2931
 10 9.1003 0.6107 32.5157 0.9873 -0.1226 0.1008 0.8327 0.3327
charger_material_0.bmp
 10 9.6798 0.2804 28.9792 0.9665 -0.2091 0.1490 0.8307 0.2931
 10 9.4599 2.8681 28.8377 0.9463 0.3149 0.0732 0.8602 0.2931
 10 9.1003 0.6107 32.5157 0.9873 -0.1226 0.1008 0.8327 0.3327
charger_material_0.bmp
 10 9.1003 0.6107 32.5157 0.9873 -0.1226 0.1008 0.8327 0.3327
 10 9.4599 2.8681 28.8377 0.9463 0.3149 0.0732 0.8602 0.2931
 10 8.9738 3.2496 32.8825 0.9358 0.3318 0.1191 0.8602 0.3307
charger_material_0.bmp
 10 9.4599 2.8681 28.8377 0.9463 0.3149 0.0732 0.8602 0.2931
 10 7.6941 5.6028 31.1807 0.6646 0.7471 -0.0147 0.8878 0.3208
 10 8.9738 3.2496 32.8825 0.9358 0.3318 0.1191 0.8602 0.3307
charger_material_0.bmp
 18 31.1245 -1.1434 51.9778 -0.0595 0.2695 -0.9612 0.6161 0.0673
 18 30.6317 -0.7126 52.0151 -0.0636 0.3118 -0.9480 0.6102 0.0733
 18 31.2621 -0.7928 51.9599 -0.1242 0.1621 -0.9789 0.6122 0.0653
charger_material_0.bmp
 18 31.2621 -0.7928 51.9599 -0.1242 0.1621 -0.9789 0.6122 0.0653
 18 30.6317 -0.7126 52.0151 -0.0636 0.3118 -0.9480 0.6102 0.0733
 18 30.7195 -0.3973 52.1162 -0.1474 0.3025 -0.9417 0.6063 0.0733
charger_material_0.bmp
 18 30.6317 -0.7126 52.0151 -0.0636 0.3118 -0.9480 0.6102 0.0733
 18 30.0442 -0.5185 52.2003 -0.1171 0.3851 -0.9154 0.6063 0.0812
 18 30.7195 -0.3973 52.1162 -0.1474 0.3025 -0.9417 0.6063 0.0733
charger_material_0.bmp
 18 30.7195 -0.3973 52.1162 -0.1474 0.3025 -0.9417 0.6063 0.0733
 18 30.0442 -0.5185 52.2003 -0.1171 0.3851 -0.9154 0.6063 0.0812
 18 30.1477 -0.0848 52.3347 -0.1536 0.5158 -0.8428 0.5984 0.0812
charger_material_0.bmp
 18 30.0442 -0.5185 52.2003 -0.1171 0.3851 -0.9154 0.6063 0.0812
 18 29.6609 -0.3802 52.2752 -0.0424 0.3904 -0.9197 0.6043 0.0871
 18 30.1477 -0.0848 52.3347 -0.1536 0.5158 -0.8428 0.5984 0.0812
charger_material_0.bmp
 18 30.1477 -0.0848 52.3347 -0.1536 0.5158 -0.8428 0.5984 0.0812
 18 29.6609 -0.3802 52.2752 -0.0424 0.3904 -0.9197 0.6043 0.0871
 18 29.7379 -0.0474 52.4299 -0.0286 0.7142 -0.6993 0.5984 0.0871
charger_material_0.bmp
 18 29.6609 -0.3802 52.2752 -0.0424 0.3904 -0.9197 0.6043 0.0871
 18 28.8601 -0.1798 52.3462 0.0349 0.4267 -0.9037 0.6024 0.0970
 18 29.7379 -0.0474 52.4299 -0.0286 0.7142 -0.6993 0.5984 0.0871
charger_material_0.bmp
 18 29.7379 -0.0474 52.4299 -0.0286 0.7142 -0.6993 0.5984 0.0871
 18 28.8601 -0.1798 52.3462 0.0349 0.4267 -0.9037 0.6024 0.0970
 18 28.9271 0.1129 52.5008 0.1289 0.8031 -0.5817 0.5965 0.0970
charger_material_0.bmp
 18 28.8601 -0.1798 52.3462 0.0349 0.4267 -0.9037 0.6024 0.0970
 18 28.4830 0.2715 52.5774 0.2131 0.7551 -0.6200 0.5965 0.1069
 18 28.9271 0.1129 52.5008 0.1289 0.8031 -0.5817 0.5965 0.0970
charger_material_0.bmp
  4 0.4600 -4.7448 60.7755 0.7800 -0.6254 -0.0207 0.9055 0.5347
  4 0.3800 -4.8568 60.5628 0.7653 -0.6428 0.0330 0.9035 0.5327
  4 0.6500 -4.5690 60.6299 0.8177 -0.5754 -0.0131 0.9094 0.5327
charger_material_0.bmp
  4 0.6500 -4.5690 60.6299 0.8177 -0.5754 -0.0131 0.9094 0.5327
  4 0.3800 -4.8568 60.5628 0.7653 -0.6428 0.0330 0.9035 0.5327
  4 0.5000 -4.7545 60.2989 0.8009 -0.5944 -0.0721 0.9035 0.5267
charger_material_0.bmp
  4 0.3800 -4.8568 60.5628 0.7653 -0.6428 0.0330 0.9035 0.5327
  4 0.2400 -5.0408 60.2925 0.7800 -0.6254 -0.0207 0.8976 0.5287
  4 0.5000 -4.7545 60.2989 0.8009 -0.5944 -0.0721 0.9035 0.5267
charger_material_0.bmp
  4 0.5000 -4.7545 60.2989 0.8009 -0.5944 -0.0721 0.9035 0.5267
  4 0.2400 -5.0408 60.2925 0.7800 -0.6254 -0.0207 0.8976 0.5287
  4 0.2900 -4.9699 60.0244 0.7810 -0.5721 -0.2504 0.8996 0.5228
charger_material_0.bmp
  4 0.2400 -5.0408 60.2925 0.7800 -0.6254 -0.0207 0.8976 0.5287
  4 0.0600 -5.3103 60.1608 0.6855 -0.7131 -0.1468 0.8937 0.5267
  4 0.2900 -4.9699 60.0244 0.7810 -0.5721 -0.2504 0.8996 0.5228
charger_material_0.bmp
  4 0.2900 -4.9699 60.0244 0.7810 -0.5721 -0.2504 0.8996 0.5228
  4 0.0600 -5.3103 60.1608 0.6855 -0.7131 -0.1468 0.8937 0.5267
  4 0.0500 -5.1650 59.9090 0.6209 -0.6908 -0.3704 0.8937 0.5208
charger_material_0.bmp
  4 0.0600 -5.3103 60.1608 0.6855 -0.7131 -0.1468 0.8937 0.5267
  4 -0.2500 -5.5021 60.1160 0.4064 -0.8621 -0.3028 0.8878 0.5248
  4 0.0500 -5.1650 59.9090 0.6209 -0.6908 -0.3704 0.8937 0.5208
charger_material_0.bmp
  4 0.0500 -5.1650 59.9090 0.6209 -0.6908 -0.3704 0.8937 0.5208
  4 -0.2500 -5.5021 60.1160 0.4064 -0.8621 -0.3028 0.8878 0.5248
  4 -0.2700 -5.3859 59.8189 0.3432 -0.8309 -0.4379 0.8878 0.5208
charger_material_0.bmp
  4 -0.2500 -5.5021 60.1160 0.4064 -0.8621 -0.3028 0.8878 0.5248
  4 -0.6800 -5.6060 60.1053 0.1550 -0.9206 -0.3583 0.8799 0.5248
  4 -0.2700 -5.3859 59.8189 0.3432 -0.8309 -0.4379 0.8878 0.5208
charger_material_0.bmp
  4 0.6800 -4.5417 60.8792 0.7800 -0.6254 -0.0207 0.9094 0.5366
  4 0.6500 -4.5690 60.6299 0.8177 -0.5754 -0.0131 0.9094 0.5327
  4 0.7900 -4.2569 60.8248 0.9182 -0.3871 -0.0845 0.9154 0.5366
charger_material_0.bmp
  4 0.7900 -4.2569 60.8248 0.9182 -0.3871 -0.0845 0.9154 0.5366
  4 0.6500 -4.5690 60.6299 0.8177 -0.5754 -0.0131 0.9094 0.5327
  4 0.7500 -4.3105 60.4380 0.9180 -0.3072 -0.2507 0.9134 0.5287
charger_material_0.bmp
  4 0.6500 -4.5690 60.6299 0.8177 -0.5754 -0.0131 0.9094 0.5327
  4 0.5000 -4.7545 60.2989 0.8009 -0.5944 -0.0721 0.9035 0.5267
  4 0.7500 -4.3105 60.4380 0.9180 -0.3072 -0.2507 0.9134 0.5287
charger_material_0.bmp
  4 0.7500 -4.3105 60.4380 0.9180 -0.3072 -0.2507 0.9134 0.5287
  4 0.5000 -4.7545 60.2989 0.8009 -0.5944 -0.0721 0.9035 0.5267
  4 0.5200 -4.5956 60.0649 0.8333 -0.3143 -0.4548 0.9055 0.5228
charger_material_0.bmp
  4 0.5000 -4.7545 60.2989 0.8009 -0.5944 -0.0721 0.9035 0.5267
  4 0.2900 -4.9699 60.0244 0.7810 -0.5721 -0.2504 0.8996 0.5228
  4 0.5200 -4.5956 60.0649 0.8333 -0.3143 -0.4548 0.9055 0.5228
charger_material_0.bmp
  4 0.5200 -4.5956 60.0649 0.8333 -0.3143 -0.4548 0.9055 0.5228
  4 0.2900 -4.9699 60.0244 0.7810 -0.5721 -0.2504 0.8996 0.5228
  4 0.2800 -4.8647 59.8822 0.7486 -0.3789 -0.5440 0.8996 0.5188
charger_material_0.bmp
  4 0.2900 -4.9699 60.0244 0.7810 -0.5721 -0.2504 0.8996 0.5228
  4 0.0500 -5.1650 59.9090 0.6209 -0.6908 -0.3704 0.8937 0.5208
  4 0.2800 -4.8647 59.8822 0.7486 -0.3789 -0.5440 0.8996 0.5188
charger_material_0.bmp
  4 0.2800 -4.8647 59.8822 0.7486 -0.3789 -0.5440 0.8996 0.5188
  4 0.0500 -5.1650 59.9090 0.6209 -0.6908 -0.3704 0.8937 0.5208
  4 0.0600 -5.0692 59.7176 0.6044 -0.4809 -0.6352 0.8957 0.5188
charger_material_0.bmp
  4 0.0500 -5.1650 59.9090 0.6209 -0.6908 -0.3704 0.8937 0.5208
  4 -0.2700 -5.2882 59.6373 0.3672 -0.7101 -0.6007 0.8878 0.5168
  4 0.0600 -5.0692 59.7176 0.6044 -0.4809 -0.6352 0.8957 0.5188
charger_material_0.bmp
  4 -0.6800 -5.6060 60.1053 0.1550 -0.9206 -0.3583 0.8799 0.5248
  4 -0.2500 -5.5021 60.1160 0.4064 -0.8621 -0.3028 0.8878 0.5248
  4 -0.6600 -5.6783 60.3126 0.1992 -0.9221 -0.3318 0.8799 0.5267
charger_material_0.bmp
  4 -0.6600 -5.6783 60.3126 0.1992 -0.9221 -0.3318 0.8799 0.5267
  4 -0.2500 -5.5021 60.1160 0.4064 -0.8621 -0.3028 0.8878 0.5248
  4 -0.2200 -5.5413 60.3373 0.5286 -0.7906 -0.3091 0.8878 0.5287
charger_material_0.bmp
  4 -0.2500 -5.5021 60.1160 0.4064 -0.8621 -0.3028 0.8878 0.5248
  4 0.0600 -5.3103 60.1608 0.6855 -0.7131 -0.1468 0.8937 0.5267
  4 -0.2200 -5.5413 60.3373 0.5286 -0.7906 -0.3091 0.8878 0.5287
charger_material_0.bmp
  4 -0.2200 -5.5413 60.3373 0.5286 -0.7906 -0.3091 0.8878 0.5287
  4 0.0600 -5.3103 60.1608 0.6855 -0.7131 -0.1468 0.8937 0.5267
  4 0.0400 -5.2989 60.4335 0.7694 -0.6352 -0.0683 0.8937 0.5287
charger_material_0.bmp
  4 0.0600 -5.3103 60.1608 0.6855 -0.7131 -0.1468 0.8937 0.5267
  4 0.2400 -5.0408 60.2925 0.7800 -0.6254 -0.0207 0.8976 0.5287
  4 0.0400 -5.2989 60.4335 0.7694 -0.6352 -0.0683 0.8937 0.5287
charger_material_0.bmp
  4 0.0400 -5.2989 60.4335 0.7694 -0.6352 -0.0683 0.8937 0.5287
  4 0.2400 -5.0408 60.2925 0.7800 -0.6254 -0.0207 0.8976 0.5287
  4 0.1700 -5.1683 60.5307 0.7713 -0.6282 0.1028 0.8976 0.5327
charger_material_0.bmp
  4 0.2400 -5.0408 60.2925 0.7800 -0.6254 -0.0207 0.8976 0.5287
  4 0.3800 -4.8568 60.5628 0.7653 -0.6428 0.0330 0.9035 0.5327
  4 0.1700 -5.1683 60.5307 0.7713 -0.6282 0.1028 0.8976 0.5327
charger_material_0.bmp
  4 0.1700 -5.1683 60.5307 0.7713 -0.6282 0.1028 0.8976 0.5327
  4 0.3800 -4.8568 60.5628 0.7653 -0.6428 0.0330 0.9035 0.5327
  4 0.2900 -4.9619 60.7050 0.7038 -0.7075 0.0636 0.9016 0.5347
charger_material_0.bmp
  4 0.3800 -4.8568 60.5628 0.7653 -0.6428 0.0330 0.9035 0.5327
  4 0.3600 -4.9038 60.7958 0.7338 -0.6717 -0.1016 0.9016 0.5366
  4 0.2900 -4.9619 60.7050 0.7038 -0.7075 0.0636 0.9016 0.5347
charger_material_0.bmp
  4 -0.6600 -5.8381 60.6486 0.2667 -0.8944 -0.3589 0.8799 0.5327
  4 -0.2400 -5.7286 60.6887 0.3715 -0.8727 0.3169 0.8858 0.5327
  4 -0.6500 -5.6916 60.7224 -0.0349 -0.1963 0.9799 0.8799 0.5347
charger_material_0.bmp
  4 -0.6500 -5.6916 60.7224 -0.0349 -0.1963 0.9799 0.8799 0.5347
  4 -0.2400 -5.7286 60.6887 0.3715 -0.8727 0.3169 0.8858 0.5327
  4 -0.2700 -5.6313 60.7719 0.0750 -0.2160 0.9735 0.8858 0.5347
charger_material_0.bmp
  4 -0.2400 -5.7286 60.6887 0.3715 -0.8727 0.3169 0.8858 0.5327
  4 -0.0200 -5.5130 60.6984 0.6795 -0.5501 0.4856 0.8898 0.5347
  4 -0.2700 -5.6313 60.7719 0.0750 -0.2160 0.9735 0.8858 0.5347
charger_material_0.bmp
  4 -0.2700 -5.6313 60.7719 0.0750 -0.2160 0.9735 0.8858 0.5347
  4 -0.0200 -5.5130 60.6984 0.6795 -0.5501 0.4856 0.8898 0.5347
  4 -0.0500 -5.3665 60.7722 0.2094 -0.1607 0.9645 0.8917 0.5347
charger_material_0.bmp
  4 -0.0200 -5.5130 60.6984 0.6795 -0.5501 0.4856 0.8898 0.5347
  4 0.0500 -5.2641 60.7221 0.6287 -0.4102 0.6607 0.8937 0.5347
  4 -0.0500 -5.3665 60.7722 0.2094 -0.1607 0.9645 0.8917 0.5347
charger_material_0.bmp
  4 -0.0500 -5.3665 60.7722 0.2094 -0.1607 0.9645 0.8917 0.5347
  4 0.0500 -5.2641 60.7221 0.6287 -0.4102 0.6607 0.8937 0.5347
  4 0.0200 -5.1663 60.7543 0.1445 -0.3199 0.9364 0.8957 0.5347
charger_material_0.bmp
  4 0.0500 -5.2641 60.7221 0.6287 -0.4102 0.6607 0.8937 0.5347
  4 0.1600 -5.0783 60.7884 0.4809 -0.6834 0.5493 0.8976 0.5366
  4 0.0200 -5.1663 60.7543 0.1445 -0.3199 0.9364 0.8957 0.5347
charger_material_0.bmp
  4 0.0200 -5.1663 60.7543 0.1445 -0.3199 0.9364 0.8957 0.5347
  4 0.1600 -5.0783 60.7884 0.4809 -0.6834 0.5493 0.8976 0.5366
  4 0.1100 -5.0610 60.8258 -0.0612 -0.6567 0.7517 0.8976 0.5366
charger_material_0.bmp
  4 0.1600 -5.0783 60.7884 0.4809 -0.6834 0.5493 0.8976 0.5366
  4 0.1300 -5.0184 60.8889 -0.1515 -0.8818 0.4467 0.8976 0.5366
  4 0.1100 -5.0610 60.8258 -0.0612 -0.6567 0.7517 0.8976 0.5366
charger_material_0.bmp
  4 -0.2200 4.1506 65.0207 0.4061 0.2383 0.8822 0.6654 0.7941
  4 -0.6600 2.9046 65.3200 0.2669 -0.0079 0.9637 0.6693 0.7762
  4 0.2400 2.9034 64.9944 0.2922 0.1103 0.9500 0.6811 0.7861
charger_material_0.bmp
  4 0.2400 2.9034 64.9944 0.2922 0.1103 0.9500 0.6811 0.7861
  4 -0.6600 2.9046 65.3200 0.2669 -0.0079 0.9637 0.6693 0.7762
  4 -0.1400 1.9006 65.0742 0.1619 -0.1764 0.9709 0.6831 0.7703
charger_material_0.bmp
  4 -0.6600 2.9046 65.3200 0.2669 -0.0079 0.9637 0.6693 0.7762
  4 -1.0400 1.8558 65.2660 0.1757 -0.2818 0.9433 0.6732 0.7624
  4 -0.1400 1.9006 65.0742 0.1619 -0.1764 0.9709 0.6831 0.7703
charger_material_0.bmp
  4 -0.1400 1.9006 65.0742 0.1619 -0.1764 0.9709 0.6831 0.7703
  4 -1.0400 1.8558 65.2660 0.1757 -0.2818 0.9433 0.6732 0.7624
  4 -0.2700 0.7725 64.6586 0.1351 -0.2676 0.9540 0.6929 0.7564
charger_material_0.bmp
  4 -1.0400 1.8558 65.2660 0.1757 -0.2818 0.9433 0.6732 0.7624
  4 -1.1700 0.8044 64.8256 0.1351 -0.2676 0.9540 0.6811 0.7485
  4 -0.2700 0.7725 64.6586 0.1351 -0.2676 0.9540 0.6929 0.7564
charger_material_0.bmp
  4 -0.2700 0.7725 64.6586 0.1351 -0.2676 0.9540 0.6929 0.7564
  4 -1.1700 0.8044 64.8256 0.1351 -0.2676 0.9540 0.6811 0.7485
  4 -0.9300 -0.0358 64.6909 0.2241 0.4710 0.8532 0.6909 0.7406
charger_material_0.bmp
  4 -1.1700 0.8044 64.8256 0.1351 -0.2676 0.9540 0.6811 0.7485
  4 -1.4300 -0.0269 64.7910 0.1962 0.6039 0.7725 0.6831 0.7366
  4 -0.9300 -0.0358 64.6909 0.2241 0.4710 0.8532 0.6909 0.7406
charger_material_0.bmp
  4 -0.9300 -0.0358 64.6909 0.2241 0.4710 0.8532 0.6909 0.7406
  4 -1.4300 -0.0269 64.7910 0.1962 0.6039 0.7725 0.6831 0.7366
  4 -0.9300 -0.2876 65.2380 0.0749 0.9669 0.2437 0.6929 0.7327
charger_material_0.bmp
  4 -1.4300 -0.0269 64.7910 0.1962 0.6039 0.7725 0.6831 0.7366
  4 -1.4300 -0.3348 65.2572 -0.1164 0.9743 0.1928 0.6870 0.7307
  4 -0.9300 -0.2876 65.2380 0.0749 0.9669 0.2437 0.6929 0.7327
charger_material_0.bmp
  4 -0.0400 -4.9805 60.8206 -0.3291 -0.2574 0.9085 0.7283 0.6535
  4 0.0000 -4.8401 60.9159 -0.6678 -0.7440 -0.0250 0.7283 0.6574
  4 -0.1000 -4.6990 60.6955 -0.5916 -0.5337 0.6043 0.7244 0.6554
charger_material_0.bmp
  4 -0.1000 -4.6990 60.6955 -0.5916 -0.5337 0.6043 0.7244 0.6554
  4 0.0000 -4.8401 60.9159 -0.6678 -0.7440 -0.0250 0.7283 0.6574
  4 -0.6400 -4.7236 61.0464 -0.1445 -0.9225 -0.3579 0.7146 0.6614
charger_material_0.bmp
  4 0.0000 -4.8401 60.9159 -0.6678 -0.7440 -0.0250 0.7283 0.6574
  4 0.0000 -4.9098 61.0311 -0.4585 -0.7332 -0.5022 0.7283 0.6594
  4 -0.6400 -4.7236 61.0464 -0.1445 -0.9225 -0.3579 0.7146 0.6614
charger_material_0.bmp
  4 -0.6400 -4.7236 61.0464 -0.1445 -0.9225 -0.3579 0.7146 0.6614
  4 0.0000 -4.9098 61.0311 -0.4585 -0.7332 -0.5022 0.7283 0.6594
  4 -0.6600 -4.7408 61.2227 -0.1999 -0.9512 -0.2349 0.7146 0.6634
charger_material_0.bmp
  4 0.0000 -4.9098 61.0311 -0.4585 -0.7332 -0.5022 0.7283 0.6594
  4 -0.0200 -4.9790 61.0952 -0.4808 -0.6158 -0.6241 0.7283 0.6614
  4 -0.6600 -4.7408 61.2227 -0.1999 -0.9512 -0.2349 0.7146 0.6634
charger_material_0.bmp
  4 -0.6600 -4.7408 61.2227 -0.1999 -0.9512 -0.2349 0.7146 0.6634
  4 -0.0200 -4.9790 61.0952 -0.4808 -0.6158 -0.6241 0.7283 0.6614
  4 -0.6600 -4.7818 61.4342 -0.2155 -0.8825 -0.4181 0.7146 0.6653
charger_material_0.bmp
  4 -0.0200 -4.9790 61.0952 -0.4808 -0.6158 -0.6241 0.7283 0.6614
  4 -0.6500 -4.9127 61.6017 -0.3344 -0.4927 -0.8034 0.7146 0.6693
  4 -0.6600 -4.7818 61.4342 -0.2155 -0.8825 -0.4181 0.7146 0.6653
charger_material_0.bmp
  4 -0.6600 -4.7818 61.4342 -0.2155 -0.8825 -0.4181 0.7146 0.6653
  4 -0.6500 -4.9127 61.6017 -0.3344 -0.4927 -0.8034 0.7146 0.6693
  4 -1.2500 -4.8019 61.4889 0.0162 -0.6217 -0.7831 0.7047 0.6653
charger_material_0.bmp
  4 -0.6500 -4.9127 61.6017 -0.3344 -0.4927 -0.8034 0.7146 0.6693
  4 -1.4400 -5.0226 61.6126 0.0696 -0.2884 -0.9550 0.7008 0.6693
  4 -1.2500 -4.8019 61.4889 0.0162 -0.6217 -0.7831 0.7047 0.6653
charger_material_0.bmp
 18 12.0929 2.8424 54.7685 0.1422 0.8720 -0.4685 0.2657 0.3604
 18 12.6253 2.7156 55.0742 0.2901 0.8249 -0.4851 0.2697 0.3644
 18 12.4792 2.2214 54.5276 0.1593 0.0844 -0.9836 0.2815 0.3564
charger_material_0.bmp
 18 12.0929 2.8424 54.7685 0.1422 0.8720 -0.4685 0.2657 0.3604
 18 12.0873 3.0511 55.6540 0.2126 0.9737 -0.0817 0.2618 0.3762
 18 12.6253 2.7156 55.0742 0.2901 0.8249 -0.4851 0.2697 0.3644
charger_material_0.bmp
 18 12.0929 2.8424 54.7685 0.1422 0.8720 -0.4685 0.2657 0.3604
 18 9.4942 3.3518 56.1002 0.1407 0.8917 -0.4302 0.2539 0.3842
 18 12.0873 3.0511 55.6540 0.2126 0.9737 -0.0817 0.2618 0.3762
charger_material_0.bmp
 18 12.0929 2.8424 54.7685 0.1422 0.8720 -0.4685 0.2657 0.3604
 18 9.6447 2.8463 55.3374 -0.0160 0.6900 -0.7236 0.2657 0.3703
 18 9.4942 3.3518 56.1002 0.1407 0.8917 -0.4302 0.2539 0.3842
charger_material_0.bmp
 18 12.0929 2.8424 54.7685 0.1422 0.8720 -0.4685 0.2657 0.3604
 18 9.7374 2.2170 54.8739 -0.1417 -0.1181 -0.9828 0.2815 0.3604
 18 9.6447 2.8463 55.3374 -0.0160 0.6900 -0.7236 0.2657 0.3703
charger_material_0.bmp
 18 12.0929 2.8424 54.7685 0.1422 0.8720 -0.4685 0.2657 0.3604
 18 12.4792 2.2214 54.5276 0.1593 0.0844 -0.9836 0.2815 0.3564
 18 9.7374 2.2170 54.8739 -0.1417 -0.1181 -0.9828 0.2815 0.3604
charger_material_0.bmp
 18 12.0929 2.8424 54.7685 0.1422 0.8720 -0.4685 0.2657 0.3604
 18 9.7374 2.2170 54.8739 -0.1417 -0.1181 -0.9828 0.2815 0.3604
 18 12.4792 2.2214 54.5276 0.1593 0.0844 -0.9836 0.2815 0.3564
charger_material_0.bmp
 18 12.0929 2.8424 54.7685 0.1422 0.8720 -0.4685 0.2657 0.3604
 18 12.4792 2.2214 54.5276 0.1593 0.0844 -0.9836 0.2815 0.3564
 18 9.7374 2.2170 54.8739 -0.1417 -0.1181 -0.9828 0.2815 0.3604
charger_material_0.bmp
 18 12.0929 2.8424 54.7685 0.1422 0.8720 -0.4685 0.2657 0.3604
 18 12.4792 2.2214 54.5276 0.0000 -0.0000 1.0000 0.2815 0.3564
 18 12.4792 2.2214 54.5276 0.1593 0.0844 -0.9836 0.2815 0.3564
charger_material_0.bmp
  4 2.0200 -3.5290 64.2592 0.8504 -0.2459 0.4651 0.9350 0.5980
  4 2.3700 -3.2751 64.1496 0.6421 0.1129 0.7582 0.9409 0.5941
  4 2.0600 -3.1291 64.2744 0.8717 0.1447 0.4681 0.9429 0.5980
charger_material_0.bmp
  4 2.0600 -3.1291 64.2744 0.8717 0.1447 0.4681 0.9429 0.5980
  4 2.3700 -3.2751 64.1496 0.6421 0.1129 0.7582 0.9409 0.5941
  4 2.2700 -2.9940 64.0755 0.5537 0.4706 0.6870 0.9429 0.5941
charger_material_0.bmp
  4 2.3700 -3.2751 64.1496 0.6421 0.1129 0.7582 0.9409 0.5941
  4 2.3800 -3.1073 64.0157 0.9778 0.2088 0.0191 0.9429 0.5921
  4 2.2700 -2.9940 64.0755 0.5537 0.4706 0.6870 0.9429 0.5941
charger_material_0.bmp
  4 2.2700 -2.9940 64.0755 0.5537 0.4706 0.6870 0.9429 0.5941
  4 2.3800 -3.1073 64.0157 0.9778 0.2088 0.0191 0.9429 0.5921
  4 2.3200 -2.8594 63.9276 0.6889 0.5626 0.4570 0.9449 0.5921
charger_material_0.bmp
  4 2.3800 -3.1073 64.0157 0.9778 0.2088 0.0191 0.9429 0.5921
  4 2.3000 -2.7636 63.7362 0.9384 0.2133 -0.2718 0.9469 0.5881
  4 2.3200 -2.8594 63.9276 0.6889 0.5626 0.4570 0.9449 0.5921
charger_material_0.bmp
  4 2.3200 -2.8594 63.9276 0.6889 0.5626 0.4570 0.9449 0.5921
  4 2.3000 -2.7636 63.7362 0.9384 0.2133 -0.2718 0.9469 0.5881
  4 2.0000 -2.7485 64.0285 0.8717 0.4552 0.1813 0.9488 0.5941
charger_material_0.bmp
  4 2.3000 -2.7636 63.7362 0.9384 0.2133 -0.2718 0.9469 0.5881
  4 1.9200 -2.6061 63.6551 0.6087 0.7787 -0.1521 0.9528 0.5881
  4 2.0000 -2.7485 64.0285 0.8717 0.4552 0.1813 0.9488 0.5941
charger_material_0.bmp
  4 2.0000 -2.7485 64.0285 0.8717 0.4552 0.1813 0.9488 0.5941
  4 1.9200 -2.6061 63.6551 0.6087 0.7787 -0.1521 0.9528 0.5881
  4 1.9100 -2.2327 63.7976 0.9228 0.1208 -0.3659 0.9587 0.5921
charger_material_0.bmp
  4 -0.0400 -6.9130 63.4401 0.2667 -0.8944 -0.3589 0.8819 0.5861
  4 -0.2600 -6.8168 63.1977 0.0938 -0.4734 -0.8758 0.8799 0.5822
  4 0.0000 -6.7742 63.2608 0.4355 -0.3751 -0.8183 0.8819 0.5822
charger_material_0.bmp
  4 0.0000 -6.7742 63.2608 0.4355 -0.3751 -0.8183 0.8819 0.5822
  4 -0.2600 -6.8168 63.1977 0.0938 -0.4734 -0.8758 0.8799 0.5822
  4 -0.0200 -6.5605 63.2607 0.4321 0.0315 -0.9013 0.8839 0.5802
charger_material_0.bmp
  4 -0.2600 -6.8168 63.1977 0.0938 -0.4734 -0.8758 0.8799 0.5822
  4 -0.2300 -6.5680 63.2214 0.3997 -0.3065 -0.8639 0.8819 0.5782
  4 -0.0200 -6.5605 63.2607 0.4321 0.0315 -0.9013 0.8839 0.5802
charger_material_0.bmp
  4 -0.0200 -6.5605 63.2607 0.4321 0.0315 -0.9013 0.8839 0.5802
  4 -0.2300 -6.5680 63.2214 0.3997 -0.3065 -0.8639 0.8819 0.5782
  4 -0.0700 -6.2363 63.1987 0.7889 -0.4384 -0.4307 0.8858 0.5762
charger_material_0.bmp
  4 -0.2300 -6.5680 63.2214 0.3997 -0.3065 -0.8639 0.8819 0.5782
  4 -0.3300 -6.5115 63.0375 0.5844 -0.7228 -0.3688 0.8799 0.5762
  4 -0.0700 -6.2363 63.1987 0.7889 -0.4384 -0.4307 0.8858 0.5762
charger_material_0.bmp
  4 -0.0700 -6.2363 63.1987 0.7889 -0.4384 -0.4307 0.8858 0.5762
  4 -0.3300 -6.5115 63.0375 0.5844 -0.7228 -0.3688 0.8799 0.5762
  4 -0.2100 -6.4199 62.8775 0.4814 -0.8476 -0.2233 0.8819 0.5723
charger_material_0.bmp
  4 -0.3300 -6.5115 63.0375 0.5844 -0.7228 -0.3688 0.8799 0.5762
  4 -0.4000 -6.5148 62.9669 0.0822 -0.6760 -0.7323 0.8799 0.5743
  4 -0.2100 -6.4199 62.8775 0.4814 -0.8476 -0.2233 0.8819 0.5723
charger_material_0.bmp
  4 -0.2100 -6.4199 62.8775 0.4814 -0.8476 -0.2233 0.8819 0.5723
  4 -0.4000 -6.5148 62.9669 0.0822 -0.6760 -0.7323 0.8799 0.5743
  4 -0.3100 -6.3980 62.8325 -0.2708 -0.7013 -0.6595 0.8819 0.5723
charger_material_0.bmp
  2 3.8002 6.0871 46.5092 0.4391 0.8499 -0.2914 0.3543 0.2495
  2 5.5202 4.8673 46.3481 0.6594 0.7130 -0.2384 0.3307 0.2495
  2 3.5701 5.7282 45.1489 0.4391 0.8499 -0.2914 0.3543 0.2337
charger_material_0.bmp
  2 3.5701 5.7282 45.1489 0.4391 0.8499 -0.2914 0.3543 0.2337
  2 5.5202 4.8673 46.3481 0.6594 0.7130 -0.2384 0.3307 0.2495
  2 5.1801 4.6584 44.9080 0.6594 0.7130 -0.2384 0.3307 0.2297
charger_material_0.bmp
  2 5.5202 4.8673 46.3481 0.6594 0.7130 -0.2384 0.3307 0.2495
  2 6.6602 3.1674 46.1667 0.9008 0.3539 -0.2515 0.3051 0.2495
  2 5.1801 4.6584 44.9080 0.6594 0.7130 -0.2384 0.3307 0.2297
charger_material_0.bmp
  2 5.1801 4.6584 44.9080 0.6594 0.7130 -0.2384 0.3307 0.2297
  2 6.6602 3.1674 46.1667 0.9008 0.3539 -0.2515 0.3051 0.2495
  2 6.2501 3.0385 44.8466 0.9180 0.3632 -0.1594 0.3071 0.2297
charger_material_0.bmp
  2 6.6602 3.1674 46.1667 0.9008 0.3539 -0.2515 0.3051 0.2495
  2 6.7102 1.4373 46.2453 0.9822 -0.0160 -0.1870 0.2835 0.2495
  2 6.2501 3.0385 44.8466 0.9180 0.3632 -0.1594 0.3071 0.2297
charger_material_0.bmp
  2 6.2501 3.0385 44.8466 0.9180 0.3632 -0.1594 0.3071 0.2297
  2 6.7102 1.4373 46.2453 0.9822 -0.0160 -0.1870 0.2835 0.2495
  2 6.5601 1.4185 44.8153 0.9952 0.0973 -0.0093 0.2835 0.2297
charger_material_0.bmp
  2 6.7102 1.4373 46.2453 0.9822 -0.0160 -0.1870 0.2835 0.2495
  2 6.6202 0.0573 46.2642 0.9827 -0.1453 -0.1153 0.2657 0.2515
  2 6.5601 1.4185 44.8153 0.9952 0.0973 -0.0093 0.2835 0.2297
charger_material_0.bmp
  2 6.5601 1.4185 44.8153 0.9952 0.0973 -0.0093 0.2835 0.2297
  2 6.6202 0.0573 46.2642 0.9827 -0.1453 -0.1153 0.2657 0.2515
  2 6.5201 -0.0115 44.7742 0.9848 -0.1562 0.0766 0.2677 0.2297
charger_material_0.bmp
 18 32.9190 -2.1170 51.6521 0.5626 0.8064 0.1824 0.5433 0.0455
 18 33.3097 -2.3565 51.3879 0.5250 0.8246 0.2106 0.5413 0.0396
 18 32.8513 -2.1696 51.4989 -0.0866 0.7332 -0.6744 0.5453 0.0436
charger_material_0.bmp
 18 32.8513 -2.1696 51.4989 -0.0866 0.7332 -0.6744 0.5453 0.0436
 18 33.3097 -2.3565 51.3879 0.5250 0.8246 0.2106 0.5413 0.0396
 18 33.1833 -2.3295 51.2491 -0.0866 0.7332 -0.6744 0.5433 0.0396
charger_material_0.bmp
 18 33.3097 -2.3565 51.3879 0.5250 0.8246 0.2106 0.5413 0.0396
 18 33.4757 -2.4548 51.1198 0.2901 0.8249 -0.4851 0.5433 0.0376
 18 33.1833 -2.3295 51.2491 -0.0866 0.7332 -0.6744 0.5433 0.0396
charger_material_0.bmp
 18 33.1833 -2.3295 51.2491 -0.0866 0.7332 -0.6744 0.5433 0.0396
 18 33.4757 -2.4548 51.1198 0.2901 0.8249 -0.4851 0.5433 0.0376
 18 33.3758 -2.6122 51.0690 -0.3627 -0.1382 -0.9216 0.5453 0.0376
charger_material_0.bmp
 18 33.4757 -2.4548 51.1198 0.2901 0.8249 -0.4851 0.5433 0.0376
 18 33.6702 -2.6034 51.0678 0.7167 0.2382 -0.6554 0.5433 0.0356
 18 33.3758 -2.6122 51.0690 -0.3627 -0.1382 -0.9216 0.5453 0.0376
charger_material_0.bmp
 18 33.3758 -2.6122 51.0690 -0.3627 -0.1382 -0.9216 0.5453 0.0376
 18 33.6702 -2.6034 51.0678 0.7167 0.2382 -0.6554 0.5433 0.0356
 18 33.6429 -2.7214 51.0264 0.3265 -0.4146 -0.8494 0.5453 0.0356
charger_material_0.bmp
 18 33.6702 -2.6034 51.0678 0.7167 0.2382 -0.6554 0.5433 0.0356
 18 33.5907 -2.7535 51.0748 0.4454 -0.7848 -0.4309 0.5453 0.0356
 18 33.6429 -2.7214 51.0264 0.3265 -0.4146 -0.8494 0.5453 0.0356
charger_material_0.bmp
 18 33.6429 -2.7214 51.0264 0.3265 -0.4146 -0.8494 0.5453 0.0356
 18 33.5907 -2.7535 51.0748 0.4454 -0.7848 -0.4309 0.5453 0.0356
 18 33.3758 -2.6122 51.0690 -0.3627 -0.1382 -0.9216 0.5453 0.0376
charger_material_0.bmp
 18 26.7644 -0.2472 52.2693 -0.0811 -0.5154 -0.8531 0.5453 0.1327
 18 27.8958 -0.5785 52.3975 -0.0264 -0.3483 -0.9370 0.5512 0.1149
 18 27.6452 -0.7983 52.4113 -0.1513 -0.8467 -0.5101 0.5571 0.1168
charger_material_0.bmp
 18 27.6452 -0.7983 52.4113 -0.1513 -0.8467 -0.5101 0.5571 0.1168
 18 27.8958 -0.5785 52.3975 -0.0264 -0.3483 -0.9370 0.5512 0.1149
 18 28.5929 -0.9886 52.5383 -0.2409 -0.9032 -0.3553 0.5591 0.0990
charger_material_0.bmp
 18 27.8958 -0.5785 52.3975 -0.0264 -0.3483 -0.9370 0.5512 0.1149
 18 28.7115 -0.8002 52.3533 -0.2218 -0.4326 -0.8739 0.5551 0.0970
 18 28.5929 -0.9886 52.5383 -0.2409 -0.9032 -0.3553 0.5591 0.0990
charger_material_0.bmp
 18 28.5929 -0.9886 52.5383 -0.2409 -0.9032 -0.3553 0.5591 0.0990
 18 28.7115 -0.8002 52.3533 -0.2218 -0.4326 -0.8739 0.5551 0.0970
 18 29.4327 -1.2687 52.4566 -0.4244 -0.8732 -0.2394 0.5571 0.0871
charger_material_0.bmp
 18 28.7115 -0.8002 52.3533 -0.2218 -0.4326 -0.8739 0.5551 0.0970
 18 29.4754 -1.0887 52.2440 -0.3441 -0.4770 -0.8088 0.5531 0.0871
 18 29.4327 -1.2687 52.4566 -0.4244 -0.8732 -0.2394 0.5571 0.0871
charger_material_0.bmp
 18 29.4327 -1.2687 52.4566 -0.4244 -0.8732 -0.2394 0.5571 0.0871
 18 29.4754 -1.0887 52.2440 -0.3441 -0.4770 -0.8088 0.5531 0.0871
 18 29.7210 -1.2076 52.1945 -0.5317 -0.4394 -0.7240 0.5512 0.0851
charger_material_0.bmp
 18 29.4754 -1.0887 52.2440 -0.3441 -0.4770 -0.8088 0.5531 0.0871
 18 29.5774 -0.7539 52.1401 -0.1801 0.0329 -0.9831 0.5472 0.0891
 18 29.7210 -1.2076 52.1945 -0.5317 -0.4394 -0.7240 0.5512 0.0851
charger_material_0.bmp
 18 29.7210 -1.2076 52.1945 -0.5317 -0.4394 -0.7240 0.5512 0.0851
 18 29.5774 -0.7539 52.1401 -0.1801 0.0329 -0.9831 0.5472 0.0891
 18 29.9377 -0.8614 52.0504 -0.3227 0.1773 -0.9297 0.5453 0.0871
charger_material_0.bmp
 18 21.6758 1.7167 53.3416 -0.1761 0.6293 -0.7569 0.6102 0.1980
 18 19.4606 2.0397 53.9147 -0.0740 0.6519 -0.7547 0.6122 0.2158
 18 21.7510 2.0665 53.7719 -0.0333 0.8719 -0.4885 0.6024 0.2000
charger_material_0.bmp
 18 21.7510 2.0665 53.7719 -0.0333 0.8719 -0.4885 0.6024 0.2000
 18 19.4606 2.0397 53.9147 -0.0740 0.6519 -0.7547 0.6122 0.2158
 18 19.4895 2.3813 54.3123 0.0189 0.8656 -0.5003 0.6043 0.2178
charger_material_0.bmp
 18 19.4606 2.0397 53.9147 -0.0740 0.6519 -0.7547 0.6122 0.2158
 18 17.7469 2.2630 54.2208 -0.0418 0.6718 -0.7396 0.6142 0.2317
 18 19.4895 2.3813 54.3123 0.0189 0.8656 -0.5003 0.6043 0.2178
charger_material_0.bmp
 18 19.4895 2.3813 54.3123 0.0189 0.8656 -0.5003 0.6043 0.2178
 18 17.7469 2.2630 54.2208 -0.0418 0.6718 -0.7396 0.6142 0.2317
 18 17.7739 2.5951 54.6080 0.0529 0.8446 -0.5328 0.6063 0.2337
charger_material_0.bmp
 18 17.7469 2.2630 54.2208 -0.0418 0.6718 -0.7396 0.6142 0.2317
 18 15.9252 2.5011 54.4349 -0.0800 0.5920 -0.8020 0.6181 0.2554
 18 17.7739 2.5951 54.6080 0.0529 0.8446 -0.5328 0.6063 0.2337
charger_material_0.bmp
 18 17.7739 2.5951 54.6080 0.0529 0.8446 -0.5328 0.6063 0.2337
 18 15.9252 2.5011 54.4349 -0.0800 0.5920 -0.8020 0.6181 0.2554
 18 15.9990 3.1007 55.0910 -0.0402 0.8323 -0.5529 0.6083 0.2594
charger_material_0.bmp
 18 15.9252 2.5011 54.4349 -0.0800 0.5920 -0.8020 0.6181 0.2554
 18 13.6919 2.0897 54.6610 -0.1192 0.4993 -0.8582 0.6201 0.2713
 18 15.9990 3.1007 55.0910 -0.0402 0.8323 -0.5529 0.6083 0.2594
charger_material_0.bmp
 18 15.9990 3.1007 55.0910 -0.0402 0.8323 -0.5529 0.6083 0.2594
 18 13.6919 2.0897 54.6610 -0.1192 0.4993 -0.8582 0.6201 0.2713
 18 13.4787 2.6539 55.2445 -0.0402 0.8323 -0.5529 0.6102 0.2772
charger_material_0.bmp
 18 13.2040 2.8477 56.0451 0.0178 0.9997 0.0182 0.6004 0.2851
 18 15.9007 3.4108 55.7436 0.0205 0.9940 -0.1070 0.5984 0.2634
 18 13.4787 2.6539 55.2445 -0.0402 0.8323 -0.5529 0.6102 0.2772
charger_material_0.bmp
 18 13.4787 2.6539 55.2445 -0.0402 0.8323 -0.5529 0.6102 0.2772
 18 15.9007 3.4108 55.7436 0.0205 0.9940 -0.1070 0.5984 0.2634
 18 15.9990 3.1007 55.0910 -0.0402 0.8323 -0.5529 0.6083 0.2594
charger_material_0.bmp
 18 15.9007 3.4108 55.7436 0.0205 0.9940 -0.1070 0.5984 0.2634
 18 17.6971 2.8502 55.1525 0.1760 0.9637 -0.2007 0.5984 0.2376
 18 15.9990 3.1007 55.0910 -0.0402 0.8323 -0.5529 0.6083 0.2594
charger_material_0.bmp
 18 15.9990 3.1007 55.0910 -0.0402 0.8323 -0.5529 0.6083 0.2594
 18 17.6971 2.8502 55.1525 0.1760 0.9637 -0.2007 0.5984 0.2376
 18 17.7739 2.5951 54.6080 0.0529 0.8446 -0.5328 0.6063 0.2337
charger_material_0.bmp
 18 17.6971 2.8502 55.1525 0.1760 0.9637 -0.2007 0.5984 0.2376
 18 19.4770 2.5406 54.7593 0.1220 0.9788 -0.1644 0.5965 0.2198
 18 17.7739 2.5951 54.6080 0.0529 0.8446 -0.5328 0.6063 0.2337
charger_material_0.bmp
 18 17.7739 2.5951 54.6080 0.0529 0.8446 -0.5328 0.6063 0.2337
 18 19.4770 2.5406 54.7593 0.1220 0.9788 -0.1644 0.5965 0.2198
 18 19.4895 2.3813 54.3123 0.0189 0.8656 -0.5003 0.6043 0.2178
charger_material_0.bmp
 18 19.4770 2.5406 54.7593 0.1220 0.9788 -0.1644 0.5965 0.2198
 18 21.6689 2.2084 54.1696 0.0930 0.9888 -0.1167 0.5965 0.2020
 18 19.4895 2.3813 54.3123 0.0189 0.8656 -0.5003 0.6043 0.2178
charger_material_0.bmp
 18 19.4895 2.3813 54.3123 0.0189 0.8656 -0.5003 0.6043 0.2178
 18 21.6689 2.2084 54.1696 0.0930 0.9888 -0.1167 0.5965 0.2020
 18 21.7510 2.0665 53.7719 -0.0333 0.8719 -0.4885 0.6024 0.2000
charger_material_0.bmp
 18 13.6919 2.0897 54.6610 -0.1192 0.4993 -0.8582 0.6201 0.2713
 18 15.9252 2.5011 54.4349 -0.0800 0.5920 -0.8020 0.6181 0.2554
 18 15.7657 1.8617 54.2091 -0.1633 0.1627 -0.9731 0.6260 0.2535
charger_material_0.bmp
 18 15.7657 1.8617 54.2091 -0.1633 0.1627 -0.9731 0.6260 0.2535
 18 15.9252 2.5011 54.4349 -0.0800 0.5920 -0.8020 0.6181 0.2554
 18 17.6033 1.7373 53.9162 -0.1171 0.3851 -0.9154 0.6220 0.2297
charger_material_0.bmp
 18 15.9252 2.5011 54.4349 -0.0800 0.5920 -0.8020 0.6181 0.2554
 18 17.7469 2.2630 54.2208 -0.0418 0.6718 -0.7396 0.6142 0.2317
 18 17.6033 1.7373 53.9162 -0.1171 0.3851 -0.9154 0.6220 0.2297
charger_material_0.bmp
 18 17.6033 1.7373 53.9162 -0.1171 0.3851 -0.9154 0.6220 0.2297
 18 17.7469 2.2630 54.2208 -0.0418 0.6718 -0.7396 0.6142 0.2317
 18 19.2843 1.5648 53.5980 -0.1137 0.4198 -0.9004 0.6201 0.2158
charger_material_0.bmp
 18 17.7469 2.2630 54.2208 -0.0418 0.6718 -0.7396 0.6142 0.2317
 18 19.4606 2.0397 53.9147 -0.0740 0.6519 -0.7547 0.6122 0.2158
 18 19.2843 1.5648 53.5980 -0.1137 0.4198 -0.9004 0.6201 0.2158
charger_material_0.bmp
 18 19.2843 1.5648 53.5980 -0.1137 0.4198 -0.9004 0.6201 0.2158
 18 19.4606 2.0397 53.9147 -0.0740 0.6519 -0.7547 0.6122 0.2158
 18 21.5204 1.2261 53.1425 -0.1474 0.3025 -0.9417 0.6181 0.1980
charger_material_0.bmp
 18 19.4606 2.0397 53.9147 -0.0740 0.6519 -0.7547 0.6122 0.2158
 18 21.6758 1.7167 53.3416 -0.1761 0.6293 -0.7569 0.6102 0.1980
 18 21.5204 1.2261 53.1425 -0.1474 0.3025 -0.9417 0.6181 0.1980
charger_material_0.bmp
 18 21.5204 1.2261 53.1425 -0.1474 0.3025 -0.9417 0.6181 0.1980
 18 21.6758 1.7167 53.3416 -0.1761 0.6293 -0.7569 0.6102 0.1980
 18 22.0944 1.2703 53.0016 -0.3227 0.1773 -0.9297 0.6181 0.1881
charger_material_0.bmp
 18 15.7657 1.8617 54.2091 -0.1633 0.1627 -0.9731 0.6260 0.2535
 18 17.6033 1.7373 53.9162 -0.1171 0.3851 -0.9154 0.6220 0.2297
 18 17.3414 1.0932 53.7999 -0.2605 -0.2051 -0.9434 0.6299 0.2297
charger_material_0.bmp
 18 17.3414 1.0932 53.7999 -0.2605 -0.2051 -0.9434 0.6299 0.2297
 18 17.6033 1.7373 53.9162 -0.1171 0.3851 -0.9154 0.6220 0.2297
 18 19.1067 0.9048 53.3847 -0.1808 -0.0658 -0.9813 0.6280 0.2139
charger_material_0.bmp
 18 17.6033 1.7373 53.9162 -0.1171 0.3851 -0.9154 0.6220 0.2297
 18 19.2843 1.5648 53.5980 -0.1137 0.4198 -0.9004 0.6201 0.2158
 18 19.1067 0.9048 53.3847 -0.1808 -0.0658 -0.9813 0.6280 0.2139
charger_material_0.bmp
 18 19.1067 0.9048 53.3847 -0.1808 -0.0658 -0.9813 0.6280 0.2139
 18 19.2843 1.5648 53.5980 -0.1137 0.4198 -0.9004 0.6201 0.2158
 18 21.4111 0.7386 53.0879 -0.0913 -0.0777 -0.9928 0.6260 0.1980
charger_material_0.bmp
 18 19.2843 1.5648 53.5980 -0.1137 0.4198 -0.9004 0.6201 0.2158
 18 21.5204 1.2261 53.1425 -0.1474 0.3025 -0.9417 0.6181 0.1980
 18 21.4111 0.7386 53.0879 -0.0913 -0.0777 -0.9928 0.6260 0.1980
charger_material_0.bmp
 18 21.4111 0.7386 53.0879 -0.0913 -0.0777 -0.9928 0.6260 0.1980
 18 21.5204 1.2261 53.1425 -0.1474 0.3025 -0.9417 0.6181 0.1980
 18 22.0421 0.7982 53.0392 -0.1962 -0.2238 -0.9547 0.6240 0.1881
charger_material_0.bmp
 18 21.5204 1.2261 53.1425 -0.1474 0.3025 -0.9417 0.6181 0.1980
 18 22.0944 1.2703 53.0016 -0.3227 0.1773 -0.9297 0.6181 0.1881
 18 22.0421 0.7982 53.0392 -0.1962 -0.2238 -0.9547 0.6240 0.1881
charger_material_0.bmp
 18 22.0421 0.7982 53.0392 -0.1962 -0.2238 -0.9547 0.6240 0.1881
 18 22.0944 1.2703 53.0016 -0.3227 0.1773 -0.9297 0.6181 0.1881
 18 22.4893 0.8842 52.8720 -0.3887 -0.2465 -0.8878 0.6240 0.1802
charger_material_0.bmp
 18 32.1000 -1.5971 51.7416 0.2336 -0.0517 -0.9710 0.6201 0.0535
 18 31.5651 -1.3657 51.7666 -0.1415 0.0782 -0.9868 0.6201 0.0614
 18 31.7107 -0.9498 51.8520 -0.0767 0.1916 -0.9785 0.6122 0.0594
charger_material_0.bmp
 18 32.1000 -1.5971 51.7416 0.2336 -0.0517 -0.9710 0.6201 0.0535
 18 31.7671 -1.9689 51.8035 -0.2484 -0.4586 -0.8532 0.6280 0.0574
 18 31.5651 -1.3657 51.7666 -0.1415 0.0782 -0.9868 0.6201 0.0614
charger_material_0.bmp
 18 32.1000 -1.5971 51.7416 0.2336 -0.0517 -0.9710 0.6201 0.0535
 18 31.9939 -2.0508 51.8202 -0.2396 -0.3872 -0.8903 0.6280 0.0554
 18 31.7671 -1.9689 51.8035 -0.2484 -0.4586 -0.8532 0.6280 0.0574
charger_material_0.bmp
 18 32.1000 -1.5971 51.7416 0.2336 -0.0517 -0.9710 0.6201 0.0535
 18 32.1920 -1.7703 51.7982 0.4143 0.4566 -0.7873 0.6240 0.0535
 18 31.9939 -2.0508 51.8202 -0.2396 -0.3872 -0.8903 0.6280 0.0554
charger_material_0.bmp
 18 32.1000 -1.5971 51.7416 0.2336 -0.0517 -0.9710 0.6201 0.0535
 18 32.2731 -1.7086 51.9698 0.8445 -0.4279 -0.3221 0.6220 0.0495
 18 32.1920 -1.7703 51.7982 0.4143 0.4566 -0.7873 0.6240 0.0535
charger_material_0.bmp
 18 32.1000 -1.5971 51.7416 0.2336 -0.0517 -0.9710 0.6201 0.0535
 18 32.3424 -1.5404 51.7926 -0.0264 -0.3483 -0.9370 0.6181 0.0515
 18 32.2731 -1.7086 51.9698 0.8445 -0.4279 -0.3221 0.6220 0.0495
charger_material_0.bmp
 18 32.1000 -1.5971 51.7416 0.2336 -0.0517 -0.9710 0.6201 0.0535
 18 32.2791 -1.0622 51.8470 0.2976 0.1220 -0.9469 0.6122 0.0535
 18 32.3424 -1.5404 51.7926 -0.0264 -0.3483 -0.9370 0.6181 0.0515
charger_material_0.bmp
 18 32.1000 -1.5971 51.7416 0.2336 -0.0517 -0.9710 0.6201 0.0535
 18 31.7107 -0.9498 51.8520 -0.0767 0.1916 -0.9785 0.6122 0.0594
 18 32.2791 -1.0622 51.8470 0.2976 0.1220 -0.9469 0.6122 0.0535
charger_material_0.bmp
 18 33.4137 -0.0302 51.5109 0.8563 0.5017 -0.1227 0.6043 0.0376
 18 33.1064 -0.0262 51.6676 0.0681 0.9824 0.1737 0.6024 0.0416
 18 33.4044 -0.0531 51.5725 0.6488 0.3714 0.6641 0.6024 0.0376
charger_material_0.bmp
 18 33.4044 -0.0531 51.5725 0.6488 0.3714 0.6641 0.6024 0.0376
 18 33.1064 -0.0262 51.6676 0.0681 0.9824 0.1737 0.6024 0.0416
 18 33.1659 -0.0788 51.7155 0.4117 0.4053 0.8162 0.6004 0.0396
charger_material_0.bmp
 18 33.1064 -0.0262 51.6676 0.0681 0.9824 0.1737 0.6024 0.0416
 18 33.0445 -0.0284 51.7192 0.0254 0.9693 0.2447 0.6004 0.0416
 18 33.1659 -0.0788 51.7155 0.4117 0.4053 0.8162 0.6004 0.0396
charger_material_0.bmp
 18 33.1659 -0.0788 51.7155 0.4117 0.4053 0.8162 0.6004 0.0396
 18 33.0445 -0.0284 51.7192 0.0254 0.9693 0.2447 0.6004 0.0416
 18 33.0674 -0.0891 51.7326 0.4695 0.4265 0.7730 0.6004 0.0416
charger_material_0.bmp
 18 33.0445 -0.0284 51.7192 0.0254 0.9693 0.2447 0.6004 0.0416
 18 32.7827 -0.0532 51.8461 -0.0716 0.9820 0.1747 0.5984 0.0455
 18 33.0674 -0.0891 51.7326 0.4695 0.4265 0.7730 0.6004 0.0416
charger_material_0.bmp
 18 33.0674 -0.0891 51.7326 0.4695 0.4265 0.7730 0.6004 0.0416
 18 32.7827 -0.0532 51.8461 -0.0716 0.9820 0.1747 0.5984 0.0455
 18 32.8492 -0.1276 51.9323 0.4989 0.5900 0.6348 0.5984 0.0455
charger_material_0.bmp
 18 32.7827 -0.0532 51.8461 -0.0716 0.9820 0.1747 0.5984 0.0455
 18 32.6454 -0.1066 51.9290 -0.1403 0.9782 0.1531 0.5984 0.0475
 18 32.8492 -0.1276 51.9323 0.4989 0.5900 0.6348 0.5984 0.0455
charger_material_0.bmp
 18 32.8492 -0.1276 51.9323 0.4989 0.5900 0.6348 0.5984 0.0455
 18 32.6454 -0.1066 51.9290 -0.1403 0.9782 0.1531 0.5984 0.0475
 18 32.7421 -0.1637 52.0717 0.3357 0.6697 0.6625 0.5965 0.0475
charger_material_0.bmp
 18 33.6452 -0.7180 51.4266 0.0492 0.9969 -0.0613 0.5945 0.0317
 18 33.6771 -0.7312 51.4915 0.4645 0.7726 0.4328 0.5925 0.0317
 18 34.0578 -0.7534 51.2904 0.6921 0.3562 0.6278 0.5945 0.0257
charger_material_0.bmp
 18 34.0578 -0.7534 51.2904 0.6921 0.3562 0.6278 0.5945 0.0257
 18 33.6771 -0.7312 51.4915 0.4645 0.7726 0.4328 0.5925 0.0317
 18 33.7211 -0.8823 51.5070 0.6105 -0.4195 0.6719 0.5906 0.0317
charger_material_0.bmp
 18 33.6771 -0.7312 51.4915 0.4645 0.7726 0.4328 0.5925 0.0317
 18 33.5864 -0.7363 51.6091 0.5304 0.5775 0.6207 0.5925 0.0337
 18 33.7211 -0.8823 51.5070 0.6105 -0.4195 0.6719 0.5906 0.0317
charger_material_0.bmp
 18 33.7211 -0.8823 51.5070 0.6105 -0.4195 0.6719 0.5906 0.0317
 18 33.5864 -0.7363 51.6091 0.5304 0.5775 0.6207 0.5925 0.0337
 18 33.5955 -0.9061 51.5994 0.5489 -0.5307 0.6458 0.5906 0.0317
charger_material_0.bmp
 18 33.5864 -0.7363 51.6091 0.5304 0.5775 0.6207 0.5925 0.0337
 18 33.1535 -0.7462 51.8587 0.4989 0.5900 0.6348 0.5906 0.0396
 18 33.5955 -0.9061 51.5994 0.5489 -0.5307 0.6458 0.5906 0.0317
charger_material_0.bmp
 18 33.5955 -0.9061 51.5994 0.5489 -0.5307 0.6458 0.5906 0.0317
 18 33.1535 -0.7462 51.8587 0.4989 0.5900 0.6348 0.5906 0.0396
 18 33.1873 -0.9672 51.8726 0.6473 -0.5228 0.5547 0.5866 0.0376
charger_material_0.bmp
 18 33.1535 -0.7462 51.8587 0.4989 0.5900 0.6348 0.5906 0.0396
 18 32.9928 -0.7440 52.0400 0.5430 0.5133 0.6646 0.5886 0.0416
 18 33.1873 -0.9672 51.8726 0.6473 -0.5228 0.5547 0.5866 0.0376
charger_material_0.bmp
 18 33.1873 -0.9672 51.8726 0.6473 -0.5228 0.5547 0.5866 0.0376
 18 32.9928 -0.7440 52.0400 0.5430 0.5133 0.6646 0.5886 0.0416
 18 32.9968 -1.0151 52.0569 0.4904 -0.7043 0.5134 0.5866 0.0416
charger_material_0.bmp
  4 -0.2600 -6.8168 63.1977 0.0938 -0.4734 -0.8758 0.8799 0.5822
  4 -0.0400 -6.9130 63.4401 0.2667 -0.8944 -0.3589 0.8819 0.5861
  4 -0.3600 -6.9538 63.3868 -0.0148 -0.9269 -0.3751 0.8780 0.5842
charger_material_0.bmp
  4 -0.3600 -6.9538 63.3868 -0.0148 -0.9269 -0.3751 0.8780 0.5842
  4 -0.0400 -6.9130 63.4401 0.2667 -0.8944 -0.3589 0.8819 0.5861
  4 -0.3600 -7.0400 63.8410 0.0495 -0.9781 -0.2022 0.8780 0.5901
charger_material_0.bmp
  4 -0.0400 -6.9130 63.4401 0.2667 -0.8944 -0.3589 0.8819 0.5861
  4 -0.0400 -7.0007 63.8335 0.2250 -0.9552 -0.1921 0.8819 0.5901
  4 -0.3600 -7.0400 63.8410 0.0495 -0.9781 -0.2022 0.8780 0.5901
charger_material_0.bmp
  4 -0.3600 -7.0400 63.8410 0.0495 -0.9781 -0.2022 0.8780 0.5901
  4 -0.0400 -7.0007 63.8335 0.2250 -0.9552 -0.1921 0.8819 0.5901
  4 -0.3200 -7.2120 64.6986 0.0944 -0.9947 -0.0410 0.8760 0.6000
charger_material_0.bmp
  4 -0.0400 -7.0007 63.8335 0.2250 -0.9552 -0.1921 0.8819 0.5901
  4 0.0000 -7.1494 64.7070 0.2620 -0.9651 -0.0009 0.8799 0.6020
  4 -0.3200 -7.2120 64.6986 0.0944 -0.9947 -0.0410 0.8760 0.6000
charger_material_0.bmp
  4 -0.3200 -7.2120 64.6986 0.0944 -0.9947 -0.0410 0.8760 0.6000
  4 0.0000 -7.1494 64.7070 0.2620 -0.9651 -0.0009 0.8799 0.6020
  4 -0.3300 -7.1265 65.2524 0.1660 -0.9688 0.1842 0.8760 0.6079
charger_material_0.bmp
  4 0.0000 -7.1494 64.7070 0.2620 -0.9651 -0.0009 0.8799 0.6020
  4 0.0000 -7.0104 65.4338 0.2532 -0.9291 0.2695 0.8799 0.6099
  4 -0.3300 -7.1265 65.2524 0.1660 -0.9688 0.1842 0.8760 0.6079
charger_material_0.bmp
  4 0.5400 -5.9324 62.9777 0.2618 -0.9406 -0.2161 0.8957 0.5743
  4 0.2600 -6.0049 62.9712 0.3601 -0.9207 -0.1506 0.8917 0.5743
  4 0.3200 -5.9639 62.7597 0.4224 -0.9037 -0.0704 0.8937 0.5703
charger_material_0.bmp
  4 0.3200 -5.9639 62.7597 0.4224 -0.9037 -0.0704 0.8937 0.5703
  4 0.2600 -6.0049 62.9712 0.3601 -0.9207 -0.1506 0.8917 0.5743
  4 0.0700 -6.1576 62.7051 0.6255 -0.7797 0.0275 0.8878 0.5703
charger_material_0.bmp
  4 0.2600 -6.0049 62.9712 0.3601 -0.9207 -0.1506 0.8917 0.5743
  4 -0.0500 -6.1723 63.0541 0.6804 -0.7274 0.0890 0.8858 0.5743
  4 0.0700 -6.1576 62.7051 0.6255 -0.7797 0.0275 0.8878 0.5703
charger_material_0.bmp
  4 0.0700 -6.1576 62.7051 0.6255 -0.7797 0.0275 0.8878 0.5703
  4 -0.0500 -6.1723 63.0541 0.6804 -0.7274 0.0890 0.8858 0.5743
  4 -0.1100 -6.3480 62.7212 0.4835 -0.8739 -0.0507 0.8839 0.5703
charger_material_0.bmp
  4 -0.0500 -6.1723 63.0541 0.6804 -0.7274 0.0890 0.8858 0.5743
  4 -0.2100 -6.4199 62.8775 0.4814 -0.8476 -0.2233 0.8819 0.5723
  4 -0.1100 -6.3480 62.7212 0.4835 -0.8739 -0.0507 0.8839 0.5703
charger_material_0.bmp
  4 -0.1100 -6.3480 62.7212 0.4835 -0.8739 -0.0507 0.8839 0.5703
  4 -0.2100 -6.4199 62.8775 0.4814 -0.8476 -0.2233 0.8819 0.5723
  4 -0.2400 -6.3555 62.6819 -0.2787 -0.8849 -0.3732 0.8819 0.5703
charger_material_0.bmp
  4 -0.2100 -6.4199 62.8775 0.4814 -0.8476 -0.2233 0.8819 0.5723
  4 -0.3100 -6.3980 62.8325 -0.2708 -0.7013 -0.6595 0.8819 0.5723
  4 -0.2400 -6.3555 62.6819 -0.2787 -0.8849 -0.3732 0.8819 0.5703
charger_material_0.bmp
  4 1.7800 -3.3117 63.3726 0.9202 0.2544 -0.2974 0.9390 0.5802
  4 1.8700 -3.5727 63.3920 0.8260 0.3433 -0.4470 0.9370 0.5802
  4 1.8200 -3.6407 63.0894 0.9092 0.0427 -0.4141 0.9350 0.5762
charger_material_0.bmp
  4 1.8200 -3.6407 63.0894 0.9092 0.0427 -0.4141 0.9350 0.5762
  4 1.8700 -3.5727 63.3920 0.8260 0.3433 -0.4470 0.9370 0.5802
  4 2.0500 -3.9507 63.3319 0.8588 -0.2274 -0.4590 0.9311 0.5822
charger_material_0.bmp
  4 1.8700 -3.5727 63.3920 0.8260 0.3433 -0.4470 0.9370 0.5802
  4 2.2100 -3.8925 63.6364 0.8694 0.1378 -0.4745 0.9331 0.5861
  4 2.0500 -3.9507 63.3319 0.8588 -0.2274 -0.4590 0.9311 0.5822
charger_material_0.bmp
  4 2.0500 -3.9507 63.3319 0.8588 -0.2274 -0.4590 0.9311 0.5822
  4 2.2100 -3.8925 63.6364 0.8694 0.1378 -0.4745 0.9331 0.5861
  4 2.2000 -3.9869 63.6748 0.7694 -0.6352 -0.0683 0.9311 0.5881
charger_material_0.bmp
  4 2.2100 -3.8925 63.6364 0.8694 0.1378 -0.4745 0.9331 0.5861
  4 2.2700 -3.8231 63.7860 0.9159 -0.0200 -0.4009 0.9331 0.5881
  4 2.2000 -3.9869 63.6748 0.7694 -0.6352 -0.0683 0.9311 0.5881
charger_material_0.bmp
  4 2.2000 -3.9869 63.6748 0.7694 -0.6352 -0.0683 0.9311 0.5881
  4 2.2700 -3.8231 63.7860 0.9159 -0.0200 -0.4009 0.9331 0.5881
  4 2.2800 -3.8750 63.8876 0.8128 -0.5599 0.1608 0.9331 0.5901
charger_material_0.bmp
  4 2.2700 -3.8231 63.7860 0.9159 -0.0200 -0.4009 0.9331 0.5881
  4 2.3600 -3.5774 63.9528 0.9155 -0.1573 -0.3702 0.9370 0.5901
  4 2.2800 -3.8750 63.8876 0.8128 -0.5599 0.1608 0.9331 0.5901
charger_material_0.bmp
  4 0.5700 -6.1604 63.4896 0.2323 -0.3307 -0.9147 0.8937 0.5822
  4 0.4200 -6.1936 63.4756 0.2624 -0.5703 -0.7784 0.8917 0.5822
  4 0.5400 -6.1211 63.4821 0.4726 -0.6007 -0.6448 0.8937 0.5822
charger_material_0.bmp
  4 0.5400 -6.1211 63.4821 0.4726 -0.6007 -0.6448 0.8937 0.5822
  4 0.4200 -6.1936 63.4756 0.2624 -0.5703 -0.7784 0.8917 0.5822
  4 0.4600 -6.1557 63.4073 0.3917 -0.8481 -0.3568 0.8937 0.5822
charger_material_0.bmp
  4 0.4200 -6.1936 63.4756 0.2624 -0.5703 -0.7784 0.8917 0.5822
  4 0.2800 -6.1871 63.4031 0.1352 -0.8810 -0.4534 0.8898 0.5802
  4 0.4600 -6.1557 63.4073 0.3917 -0.8481 -0.3568 0.8937 0.5822
charger_material_0.bmp
  4 0.4600 -6.1557 63.4073 0.3917 -0.8481 -0.3568 0.8937 0.5822
  4 0.2800 -6.1871 63.4031 0.1352 -0.8810 -0.4534 0.8898 0.5802
  4 0.3500 -6.1273 63.2898 0.2078 -0.8418 -0.4982 0.8917 0.5782
charger_material_0.bmp
  4 0.2800 -6.1871 63.4031 0.1352 -0.8810 -0.4534 0.8898 0.5802
  4 0.2200 -6.1212 63.2683 -0.0281 -0.8360 -0.5480 0.8898 0.5782
  4 0.3500 -6.1273 63.2898 0.2078 -0.8418 -0.4982 0.8917 0.5782
charger_material_0.bmp
  4 0.3500 -6.1273 63.2898 0.2078 -0.8418 -0.4982 0.8917 0.5782
  4 0.2200 -6.1212 63.2683 -0.0281 -0.8360 -0.5480 0.8898 0.5782
  4 0.2600 -6.0754 63.1883 0.0955 -0.6200 -0.7788 0.8917 0.5762
charger_material_0.bmp
  4 0.2200 -6.1212 63.2683 -0.0281 -0.8360 -0.5480 0.8898 0.5782
  4 0.1500 -6.0637 63.1963 -0.1424 -0.6447 -0.7510 0.8898 0.5762
  4 0.2600 -6.0754 63.1883 0.0955 -0.6200 -0.7788 0.8917 0.5762
charger_material_0.bmp
 10 3.7172 -3.3297 28.9126 -0.3369 -0.9412 -0.0235 0.7421 0.3010
 10 5.4193 -3.5516 30.0661 0.1405 -0.9896 0.0295 0.7657 0.3109
 10 3.6605 -3.4155 30.0731 -0.1028 -0.9393 -0.3272 0.7421 0.3129
charger_material_0.bmp
 10 3.6605 -3.4155 30.0731 -0.1028 -0.9393 -0.3272 0.7421 0.3129
 10 5.4193 -3.5516 30.0661 0.1405 -0.9896 0.0295 0.7657 0.3109
 10 5.5111 -3.6506 31.6849 0.3185 -0.9246 -0.2092 0.7677 0.3267
charger_material_0.bmp
 10 5.4193 -3.5516 30.0661 0.1405 -0.9896 0.0295 0.7657 0.3109
 10 7.1849 -2.7384 31.2416 0.5839 -0.8113 0.0305 0.7894 0.3208
 10 5.5111 -3.6506 31.6849 0.3185 -0.9246 -0.2092 0.7677 0.3267
charger_material_0.bmp
 10 5.5111 -3.6506 31.6849 0.3185 -0.9246 -0.2092 0.7677 0.3267
 10 7.1849 -2.7384 31.2416 0.5839 -0.8113 0.0305 0.7894 0.3208
 10 7.0423 -3.0248 33.0152 0.6560 -0.7374 -0.1612 0.7894 0.3366
charger_material_0.bmp
 10 7.1849 -2.7384 31.2416 0.5839 -0.8113 0.0305 0.7894 0.3208
 10 8.3614 -1.3248 32.1319 0.8494 -0.5245 0.0588 0.8110 0.3287
 10 7.0423 -3.0248 33.0152 0.6560 -0.7374 -0.1612 0.7894 0.3366
charger_material_0.bmp
 10 7.0423 -3.0248 33.0152 0.6560 -0.7374 -0.1612 0.7894 0.3366
 10 8.3614 -1.3248 32.1319 0.8494 -0.5245 0.0588 0.8110 0.3287
 10 8.2784 -1.6707 33.9159 0.8790 -0.4660 -0.1010 0.8091 0.3426
charger_material_0.bmp
 10 8.3614 -1.3248 32.1319 0.8494 -0.5245 0.0588 0.8110 0.3287
 10 9.1003 0.6107 32.5157 0.9873 -0.1226 0.1008 0.8327 0.3327
 10 8.2784 -1.6707 33.9159 0.8790 -0.4660 -0.1010 0.8091 0.3426
charger_material_0.bmp
  4 3.1500 1.9399 64.3743 -0.2176 -0.0358 0.9754 0.2047 0.4950
  4 3.4700 0.9322 64.3226 -0.1884 -0.4033 0.8954 0.2067 0.4752
  4 3.3600 1.9797 64.5296 0.1118 0.0562 0.9921 0.2067 0.4950
charger_material_0.bmp
  4 3.3600 1.9797 64.5296 0.1118 0.0562 0.9921 0.2067 0.4950
  4 3.4700 0.9322 64.3226 -0.1884 -0.4033 0.8954 0.2067 0.4752
  4 4.3700 1.2046 63.8837 0.9079 0.0349 0.4178 0.2165 0.4752
charger_material_0.bmp
  4 3.4700 0.9322 64.3226 -0.1884 -0.4033 0.8954 0.2067 0.4752
  4 4.4600 0.3825 63.4707 0.7890 -0.3322 0.5169 0.2165 0.4634
  4 4.3700 1.2046 63.8837 0.9079 0.0349 0.4178 0.2165 0.4752
charger_material_0.bmp
  4 4.3700 1.2046 63.8837 0.9079 0.0349 0.4178 0.2165 0.4752
  4 4.4600 0.3825 63.4707 0.7890 -0.3322 0.5169 0.2165 0.4634
  4 4.4200 0.5526 63.2956 0.9105 -0.0700 0.4076 0.2185 0.4634
charger_material_0.bmp
  4 4.4600 0.3825 63.4707 0.7890 -0.3322 0.5169 0.2165 0.4634
  4 4.5700 -0.2239 62.5889 0.8739 -0.3272 0.3596 0.2205 0.4495
  4 4.4200 0.5526 63.2956 0.9105 -0.0700 0.4076 0.2185 0.4634
charger_material_0.bmp
  4 4.4200 0.5526 63.2956 0.9105 -0.0700 0.4076 0.2185 0.4634
  4 4.5700 -0.2239 62.5889 0.8739 -0.3272 0.3596 0.2205 0.4495
  4 5.3300 0.6023 62.7567 0.5128 -0.3281 0.7933 0.2283 0.4594
charger_material_0.bmp
  4 4.5700 -0.2239 62.5889 0.8739 -0.3272 0.3596 0.2205 0.4495
  4 5.5400 -0.2008 62.1772 0.3738 -0.5882 0.7171 0.2303 0.4455
  4 5.3300 0.6023 62.7567 0.5128 -0.3281 0.7933 0.2283 0.4594
charger_material_0.bmp
  3 1.2800 -8.4594 53.1562 -0.8329 0.1812 0.5229 0.1654 0.3426
  3 3.3200 -5.3036 55.2108 -0.2060 -0.7863 0.5824 0.1949 0.3564
  3 3.2000 -5.1699 54.9645 -0.5585 -0.6676 0.4924 0.1929 0.3584
charger_material_0.bmp
  3 3.2000 -5.1699 54.9645 -0.5585 -0.6676 0.4924 0.1929 0.3584
  3 3.3200 -5.3036 55.2108 -0.2060 -0.7863 0.5824 0.1949 0.3564
  4 3.4200 -3.8942 57.6095 -0.3394 -0.8234 0.4548 0.2008 0.3782
charger_material_0.bmp
  3 3.3200 -5.3036 55.2108 -0.2060 -0.7863 0.5824 0.1949 0.3564
  4 3.5500 -4.0658 57.7237 -0.2281 -0.8514 0.4723 0.2028 0.3782
  4 3.4200 -3.8942 57.6095 -0.3394 -0.8234 0.4548 0.2008 0.3782
charger_material_0.bmp
  4 3.4200 -3.8942 57.6095 -0.3394 -0.8234 0.4548 0.2008 0.3782
  4 3.5500 -4.0658 57.7237 -0.2281 -0.8514 0.4723 0.2028 0.3782
  4 3.5200 -3.1237 59.0301 -0.5146 -0.7104 0.4801 0.2047 0.3921
charger_material_0.bmp
  4 3.5500 -4.0658 57.7237 -0.2281 -0.8514 0.4723 0.2028 0.3782
  4 3.6400 -3.2953 59.1443 -0.2511 -0.8232 0.5092 0.2067 0.3921
  4 3.5200 -3.1237 59.0301 -0.5146 -0.7104 0.4801 0.2047 0.3921
charger_material_0.bmp
  4 3.5200 -3.1237 59.0301 -0.5146 -0.7104 0.4801 0.2047 0.3921
  4 3.6400 -3.2953 59.1443 -0.2511 -0.8232 0.5092 0.2067 0.3921
  4 3.5700 -2.3674 60.2701 -0.5267 -0.6557 0.5410 0.2067 0.4079
charger_material_0.bmp
  4 3.6400 -3.2953 59.1443 -0.2511 -0.8232 0.5092 0.2067 0.3921
  4 4.6200 -2.4719 60.0966 0.5559 -0.6707 0.4911 0.2185 0.4059
  4 3.5700 -2.3674 60.2701 -0.5267 -0.6557 0.5410 0.2067 0.4079
charger_material_0.bmp
  2 0.0502 -6.2027 46.3295 0.2742 -0.9071 -0.3194 0.1634 0.2594
  2 -0.1297 -7.1343 48.2687 0.4255 -0.7198 -0.5485 0.1555 0.2812
  2 -2.3998 -7.4230 46.7086 0.4007 -0.7097 -0.5795 0.1260 0.2673
charger_material_0.bmp
  2 -2.3998 -7.4230 46.7086 0.4007 -0.7097 -0.5795 0.1260 0.2673
  2 -0.1297 -7.1343 48.2687 0.4255 -0.7198 -0.5485 0.1555 0.2812
  2 -2.4798 -8.9338 47.6674 0.6266 -0.2932 -0.7221 0.1122 0.2970
charger_material_0.bmp
  2 -0.1297 -7.1343 48.2687 0.4255 -0.7198 -0.5485 0.1555 0.2812
  3 -0.1000 -8.8299 49.8167 0.6862 -0.3852 -0.6170 0.1437 0.3089
  2 -2.4798 -8.9338 47.6674 0.6266 -0.2932 -0.7221 0.1122 0.2970
charger_material_0.bmp
  2 -2.4798 -8.9338 47.6674 0.6266 -0.2932 -0.7221 0.1122 0.2970
  3 -0.1000 -8.8299 49.8167 0.6862 -0.3852 -0.6170 0.1437 0.3089
  2 -1.9998 -10.8537 47.5858 0.7143 -0.4113 -0.5663 0.1043 0.3228
charger_material_0.bmp
  3 -0.1000 -8.8299 49.8167 0.6862 -0.3852 -0.6170 0.1437 0.3089
  3 0.1700 -10.4633 50.6016 0.5413 -0.8342 -0.1059 0.1378 0.3287
  2 -1.9998 -10.8537 47.5858 0.7143 -0.4113 -0.5663 0.1043 0.3228
charger_material_0.bmp
  2 -1.9998 -10.8537 47.5858 0.7143 -0.4113 -0.5663 0.1043 0.3228
  3 0.1700 -10.4633 50.6016 0.5413 -0.8342 -0.1059 0.1378 0.3287
  2 -2.3598 -10.8841 48.0158 -0.4071 -0.7881 0.4617 0.1004 0.3267
charger_material_0.bmp
  3 0.1700 -10.4633 50.6016 0.5413 -0.8342 -0.1059 0.1378 0.3287
  3 -0.1200 -10.2888 50.8136 -0.5903 -0.4776 0.6508 0.1339 0.3327
  2 -2.3598 -10.8841 48.0158 -0.4071 -0.7881 0.4617 0.1004 0.3267
charger_material_0.bmp
  4 1.4000 -1.8938 61.3097 0.8962 -0.4333 0.0953 0.7303 0.6119
  4 1.3600 -2.0420 60.7475 0.8541 -0.4800 0.2004 0.7244 0.6079
  4 1.7800 -1.8185 60.5317 0.4282 -0.7663 0.4790 0.7264 0.6020
charger_material_0.bmp
  4 1.4000 -1.8938 61.3097 0.8962 -0.4333 0.0953 0.7303 0.6119
  4 1.2800 -2.3599 61.0017 0.9662 -0.2578 -0.0036 0.7224 0.6139
  4 1.3600 -2.0420 60.7475 0.8541 -0.4800 0.2004 0.7244 0.6079
charger_material_0.bmp
  4 1.4000 -1.8938 61.3097 0.8962 -0.4333 0.0953 0.7303 0.6119
  4 1.3100 -2.2889 61.6397 0.9837 -0.1666 -0.0676 0.7303 0.6178
  4 1.2800 -2.3599 61.0017 0.9662 -0.2578 -0.0036 0.7224 0.6139
charger_material_0.bmp
  4 1.4000 -1.8938 61.3097 0.8962 -0.4333 0.0953 0.7303 0.6119
  4 1.4000 -1.9013 61.9627 0.9837 -0.1666 -0.0676 0.7362 0.6178
  4 1.3100 -2.2889 61.6397 0.9837 -0.1666 -0.0676 0.7303 0.6178
charger_material_0.bmp
  4 1.4000 -1.8938 61.3097 0.8962 -0.4333 0.0953 0.7303 0.6119
  4 1.4900 -1.4082 62.0924 0.8962 -0.4333 0.0953 0.7402 0.6139
  4 1.4000 -1.9013 61.9627 0.9837 -0.1666 -0.0676 0.7362 0.6178
charger_material_0.bmp
  4 1.4000 -1.8938 61.3097 0.8962 -0.4333 0.0953 0.7303 0.6119
  4 1.9700 -1.3415 61.1634 0.4466 -0.8097 0.3806 0.7343 0.6040
  4 1.4900 -1.4082 62.0924 0.8962 -0.4333 0.0953 0.7402 0.6139
charger_material_0.bmp
  4 1.4000 -1.8938 61.3097 0.8962 -0.4333 0.0953 0.7303 0.6119
  4 1.7800 -1.8185 60.5317 0.4282 -0.7663 0.4790 0.7264 0.6020
  4 1.9700 -1.3415 61.1634 0.4466 -0.8097 0.3806 0.7343 0.6040
charger_material_0.bmp
  4 1.3500 -2.6033 62.1784 0.9773 -0.0089 -0.2115 0.7323 0.6257
  4 1.4600 -1.9214 62.7098 0.9773 -0.0089 -0.2115 0.7421 0.6238
  4 1.6600 -2.2045 63.2526 0.9228 0.1208 -0.3659 0.7461 0.6317
charger_material_0.bmp
  4 1.6600 -2.2045 63.2526 0.9228 0.1208 -0.3659 0.7461 0.6317
  4 1.4600 -1.9214 62.7098 0.9773 -0.0089 -0.2115 0.7421 0.6238
  4 1.7200 -1.7179 63.4548 0.9140 0.2339 -0.3315 0.7520 0.6277
charger_material_0.bmp
  4 1.4600 -1.9214 62.7098 0.9773 -0.0089 -0.2115 0.7421 0.6238
  4 1.5100 -1.5685 62.9579 0.9925 0.0819 -0.0906 0.7480 0.6218
  4 1.7200 -1.7179 63.4548 0.9140 0.2339 -0.3315 0.7520 0.6277
charger_material_0.bmp
  4 1.7200 -1.7179 63.4548 0.9140 0.2339 -0.3315 0.7520 0.6277
  4 1.5100 -1.5685 62.9579 0.9925 0.0819 -0.0906 0.7480 0.6218
  4 1.5300 -1.2676 63.7862 0.8592 0.4995 -0.1105 0.7579 0.6257
charger_material_0.bmp
  4 1.5100 -1.5685 62.9579 0.9925 0.0819 -0.0906 0.7480 0.6218
  4 1.4500 -0.9025 63.5127 0.8428 -0.3738 0.3872 0.7598 0.6198
  4 1.5300 -1.2676 63.7862 0.8592 0.4995 -0.1105 0.7579 0.6257
charger_material_0.bmp
  4 1.5300 -1.2676 63.7862 0.8592 0.4995 -0.1105 0.7579 0.6257
  4 1.4500 -0.9025 63.5127 0.8428 -0.3738 0.3872 0.7598 0.6198
  4 1.2000 -0.6454 63.9523 0.8021 0.0379 0.5960 0.7657 0.6218
charger_material_0.bmp
  4 1.4500 -0.9025 63.5127 0.8428 -0.3738 0.3872 0.7598 0.6198
  4 2.2200 -0.2713 63.7789 0.3573 -0.6205 0.6981 0.7677 0.6079
  4 1.2000 -0.6454 63.9523 0.8021 0.0379 0.5960 0.7657 0.6218
charger_material_0.bmp
  4 -0.7900 -4.7227 59.5598 -0.1028 -0.1427 -0.9844 0.6811 0.6257
  4 -0.8200 -4.3747 59.4627 -0.0676 -0.4957 -0.8658 0.6772 0.6218
  4 -0.3900 -4.3626 59.4196 0.1234 -0.5036 -0.8551 0.6831 0.6178
charger_material_0.bmp
  4 -0.3900 -4.3626 59.4196 0.1234 -0.5036 -0.8551 0.6831 0.6178
  4 -0.8200 -4.3747 59.4627 -0.0676 -0.4957 -0.8658 0.6772 0.6218
  4 -0.4700 -3.9863 58.9914 0.0277 -0.9721 -0.2331 0.6791 0.6119
charger_material_0.bmp
  4 -0.8200 -4.3747 59.4627 -0.0676 -0.4957 -0.8658 0.6772 0.6218
  4 -0.8900 -3.8886 59.0236 -0.1158 -0.9592 -0.2578 0.6732 0.6139
  4 -0.4700 -3.9863 58.9914 0.0277 -0.9721 -0.2331 0.6791 0.6119
charger_material_0.bmp
  4 -0.4700 -3.9863 58.9914 0.0277 -0.9721 -0.2331 0.6791 0.6119
  4 -0.8900 -3.8886 59.0236 -0.1158 -0.9592 -0.2578 0.6732 0.6139
  4 -0.5000 -4.2891 58.1533 0.0884 -0.8681 0.4885 0.6732 0.6000
charger_material_0.bmp
  4 -0.8900 -3.8886 59.0236 -0.1158 -0.9592 -0.2578 0.6732 0.6139
  4 -1.0600 -4.2872 58.1631 0.0512 -0.8601 0.5076 0.6654 0.6040
  4 -0.5000 -4.2891 58.1533 0.0884 -0.8681 0.4885 0.6732 0.6000
charger_material_0.bmp
  4 -0.5000 -4.2891 58.1533 0.0884 -0.8681 0.4885 0.6732 0.6000
  4 -1.0600 -4.2872 58.1631 0.0512 -0.8601 0.5076 0.6654 0.6040
  4 -0.8400 -4.7021 57.5909 0.0562 -0.8417 0.5370 0.6634 0.5941
charger_material_0.bmp
  4 -1.0600 -4.2872 58.1631 0.0512 -0.8601 0.5076 0.6654 0.6040
  4 -1.9300 -4.7343 57.6886 0.0777 -0.7928 0.6045 0.6516 0.6000
  4 -0.8400 -4.7021 57.5909 0.0562 -0.8417 0.5370 0.6634 0.5941
charger_material_0.bmp
  2 -1.7199 -5.6525 46.0200 -0.5816 0.2223 0.7825 0.6378 0.9366
  2 -0.2697 -6.7543 48.2391 -0.4613 0.6697 0.5819 0.6201 0.9564
  2 0.6102 -5.7339 47.7498 -0.5432 -0.5256 0.6547 0.6122 0.9446
charger_material_0.bmp
  2 0.6102 -5.7339 47.7498 -0.5432 -0.5256 0.6547 0.6122 0.9446
  2 -0.2697 -6.7543 48.2391 -0.4613 0.6697 0.5819 0.6201 0.9564
  3 1.9900 -6.6478 49.8060 -0.6038 0.7062 0.3698 0.5925 0.9624
charger_material_0.bmp
  2 -0.2697 -6.7543 48.2391 -0.4613 0.6697 0.5819 0.6201 0.9564
  3 -0.3300 -8.2358 50.0023 -0.6927 0.5452 0.4722 0.6142 0.9802
  3 1.9900 -6.6478 49.8060 -0.6038 0.7062 0.3698 0.5925 0.9624
charger_material_0.bmp
  3 1.9900 -6.6478 49.8060 -0.6038 0.7062 0.3698 0.5925 0.9624
  3 -0.3300 -8.2358 50.0023 -0.6927 0.5452 0.4722 0.6142 0.9802
  3 1.6300 -7.1086 51.6380 -0.6923 0.7086 0.1362 0.5866 0.9802
charger_material_0.bmp
  3 -0.3300 -8.2358 50.0023 -0.6927 0.5452 0.4722 0.6142 0.9802
  3 1.2800 -8.4594 53.1562 -0.8329 0.1812 0.5229 0.5807 0.9960
  3 1.6300 -7.1086 51.6380 -0.6923 0.7086 0.1362 0.5866 0.9802
charger_material_0.bmp
  3 1.6300 -7.1086 51.6380 -0.6923 0.7086 0.1362 0.5866 0.9802
  3 1.2800 -8.4594 53.1562 -0.8329 0.1812 0.5229 0.5807 0.9960
  3 3.2400 -5.4172 54.0059 -0.8035 -0.5546 0.2163 0.5531 0.9802
charger_material_0.bmp
  3 1.2800 -8.4594 53.1562 -0.8329 0.1812 0.5229 0.5807 0.9960
  3 3.2000 -5.1699 54.9645 -0.5585 -0.6676 0.4924 0.5472 0.9861
  3 3.2400 -5.4172 54.0059 -0.8035 -0.5546 0.2163 0.5531 0.9802
charger_material_0.bmp
 10 0.3435 7.6800 36.8276 0.1109 0.9804 0.1629 0.3996 0.1327
  9 -1.5123 7.9441 36.6627 0.1224 0.9829 0.1377 0.4193 0.1327
  1 -1.4800 7.6262 38.6113 0.0973 0.9919 0.0814 0.4193 0.1564
charger_material_0.bmp
 10 0.3435 7.6800 36.8276 0.1109 0.9804 0.1629 0.3996 0.1327
 10 0.4735 7.9209 34.8651 0.1316 0.9913 -0.0064 0.3996 0.1089
  9 -1.5123 7.9441 36.6627 0.1224 0.9829 0.1377 0.4193 0.1327
charger_material_0.bmp
 10 0.3435 7.6800 36.8276 0.1109 0.9804 0.1629 0.3996 0.1327
 10 2.5561 7.7206 34.9438 0.0939 0.9950 -0.0332 0.3780 0.1069
 10 0.4735 7.9209 34.8651 0.1316 0.9913 -0.0064 0.3996 0.1089
charger_material_0.bmp
 10 0.3435 7.6800 36.8276 0.1109 0.9804 0.1629 0.3996 0.1327
 10 2.4505 7.5246 36.9653 0.1219 0.9655 0.2302 0.3780 0.1287
 10 2.5561 7.7206 34.9438 0.0939 0.9950 -0.0332 0.3780 0.1069
charger_material_0.bmp
 10 0.3435 7.6800 36.8276 0.1109 0.9804 0.1629 0.3996 0.1327
  1 2.0200 6.9962 38.8613 0.2102 0.9520 0.2227 0.3780 0.1525
 10 2.4505 7.5246 36.9653 0.1219 0.9655 0.2302 0.3780 0.1287
charger_material_0.bmp
 10 0.3435 7.6800 36.8276 0.1109 0.9804 0.1629 0.3996 0.1327
  1 0.1300 7.3862 38.7013 0.1897 0.9755 0.1114 0.3996 0.1545
  1 2.0200 6.9962 38.8613 0.2102 0.9520 0.2227 0.3780 0.1525
charger_material_0.bmp
 10 0.3435 7.6800 36.8276 0.1109 0.9804 0.1629 0.3996 0.1327
  1 -1.4800 7.6262 38.6113 0.0973 0.9919 0.0814 0.4193 0.1564
  1 0.1300 7.3862 38.7013 0.1897 0.9755 0.1114 0.3996 0.1545
charger_material_0.bmp
  1 3.8200 6.0462 40.7513 0.4103 0.8904 0.1968 0.3543 0.1723
  1 1.7500 6.7462 40.6313 0.3128 0.9456 0.0897 0.3799 0.1762
  1 3.6200 5.8562 42.3013 0.4768 0.8753 0.0801 0.3563 0.1941
charger_material_0.bmp
  1 3.6200 5.8562 42.3013 0.4768 0.8753 0.0801 0.3563 0.1941
  1 1.7500 6.7462 40.6313 0.3128 0.9456 0.0897 0.3799 0.1762
  1 1.8400 6.5862 42.5413 0.4014 0.9150 -0.0420 0.3780 0.1980
charger_material_0.bmp
  1 1.7500 6.7462 40.6313 0.3128 0.9456 0.0897 0.3799 0.1762
  1 -0.6000 7.6462 42.3213 0.3205 0.9447 -0.0692 0.4094 0.2000
  1 1.8400 6.5862 42.5413 0.4014 0.9150 -0.0420 0.3780 0.1980
charger_material_0.bmp
  1 1.8400 6.5862 42.5413 0.4014 0.9150 -0.0420 0.3780 0.1980
  1 -0.6000 7.6462 42.3213 0.3205 0.9447 -0.0692 0.4094 0.2000
  2 1.2401 7.1883 45.0702 0.7609 0.6152 0.2063 0.3878 0.2297
charger_material_0.bmp
  1 -0.6000 7.6462 42.3213 0.3205 0.9447 -0.0692 0.4094 0.2000
  1 -0.6300 7.8962 44.0913 0.4030 0.8942 -0.1947 0.4114 0.2218
  2 1.2401 7.1883 45.0702 0.7609 0.6152 0.2063 0.3878 0.2297
charger_material_0.bmp
  2 1.2401 7.1883 45.0702 0.7609 0.6152 0.2063 0.3878 0.2297
  1 -0.6300 7.8962 44.0913 0.4030 0.8942 -0.1947 0.4114 0.2218
  2 -0.5799 8.2581 45.3112 0.4450 0.8340 -0.3262 0.4114 0.2337
charger_material_0.bmp
  1 -0.6300 7.8962 44.0913 0.4030 0.8942 -0.1947 0.4114 0.2218
  1 -2.8800 8.9362 43.9913 0.4142 0.8705 -0.2660 0.4370 0.2277
  2 -0.5799 8.2581 45.3112 0.4450 0.8340 -0.3262 0.4114 0.2337
charger_material_0.bmp
  2 5.4601 -2.4815 44.7422 0.9825 -0.0018 0.1864 0.2382 0.2317
  2 6.1502 -1.5926 46.1429 0.8969 -0.4282 -0.1108 0.2480 0.2495
  2 5.3602 -2.8025 46.0520 0.9820 0.1769 0.0664 0.2343 0.2495
charger_material_0.bmp
  2 5.3602 -2.8025 46.0520 0.9820 0.1769 0.0664 0.2343 0.2495
  2 6.1502 -1.5926 46.1429 0.8969 -0.4282 -0.1108 0.2480 0.2495
  2 5.4902 -3.4141 47.9715 0.9889 -0.1483 0.0030 0.2283 0.2733
charger_material_0.bmp
  2 6.1502 -1.5926 46.1429 0.8969 -0.4282 -0.1108 0.2480 0.2495
  2 6.5403 -1.7944 48.3427 0.9229 -0.3727 -0.0968 0.2480 0.2792
  2 5.4902 -3.4141 47.9715 0.9889 -0.1483 0.0030 0.2283 0.2733
charger_material_0.bmp
  2 5.4902 -3.4141 47.9715 0.9889 -0.1483 0.0030 0.2283 0.2733
  2 6.5403 -1.7944 48.3427 0.9229 -0.3727 -0.0968 0.2480 0.2792
  3 5.2500 -3.6583 49.5448 0.9745 -0.2128 0.0710 0.2244 0.2931
charger_material_0.bmp
  2 6.5403 -1.7944 48.3427 0.9229 -0.3727 -0.0968 0.2480 0.2792
  3 6.1200 -2.8612 50.6537 0.8068 -0.5844 -0.0869 0.2382 0.3069
  3 5.2500 -3.6583 49.5448 0.9745 -0.2128 0.0710 0.2244 0.2931
charger_material_0.bmp
  3 5.2500 -3.6583 49.5448 0.9745 -0.2128 0.0710 0.2244 0.2931
  3 6.1200 -2.8612 50.6537 0.8068 -0.5844 -0.0869 0.2382 0.3069
  3 5.0300 -4.1302 51.1868 0.9745 -0.2128 0.0710 0.2205 0.3129
charger_material_0.bmp
  3 6.1200 -2.8612 50.6537 0.8068 -0.5844 -0.0869 0.2382 0.3069
  3 6.0900 -3.0934 52.0981 0.7937 -0.5965 -0.1191 0.2362 0.3228
  3 5.0300 -4.1302 51.1868 0.9745 -0.2128 0.0710 0.2205 0.3129
charger_material_0.bmp
 18 33.1545 -1.4858 51.6199 -0.1236 0.7172 -0.6858 0.5650 0.0337
 18 33.5233 -1.5875 51.4069 -0.1994 0.7072 -0.6783 0.5669 0.0297
 18 33.0661 -1.6935 51.5749 -0.4595 -0.1069 -0.8817 0.5669 0.0356
charger_material_0.bmp
 18 33.0661 -1.6935 51.5749 -0.4595 -0.1069 -0.8817 0.5669 0.0356
 18 33.5233 -1.5875 51.4069 -0.1994 0.7072 -0.6783 0.5669 0.0297
 18 33.4599 -1.7866 51.3884 -0.5720 -0.1711 -0.8022 0.5689 0.0297
charger_material_0.bmp
 18 33.5233 -1.5875 51.4069 -0.1994 0.7072 -0.6783 0.5669 0.0297
 18 33.6979 -1.6234 51.3028 -0.1994 0.7072 -0.6783 0.5669 0.0277
 18 33.4599 -1.7866 51.3884 -0.5720 -0.1711 -0.8022 0.5689 0.0297
charger_material_0.bmp
 18 33.4599 -1.7866 51.3884 -0.5720 -0.1711 -0.8022 0.5689 0.0297
 18 33.6979 -1.6234 51.3028 -0.1994 0.7072 -0.6783 0.5669 0.0277
 18 33.6077 -1.8407 51.2476 -0.5720 -0.1711 -0.8022 0.5689 0.0277
charger_material_0.bmp
 18 33.6979 -1.6234 51.3028 -0.1994 0.7072 -0.6783 0.5669 0.0277
 18 34.0228 -1.9541 51.0664 -0.1427 -0.3896 -0.9099 0.5689 0.0238
 18 33.6077 -1.8407 51.2476 -0.5720 -0.1711 -0.8022 0.5689 0.0277
charger_material_0.bmp
 18 33.6077 -1.8407 51.2476 -0.5720 -0.1711 -0.8022 0.5689 0.0277
 18 34.0228 -1.9541 51.0664 -0.1427 -0.3896 -0.9099 0.5689 0.0238
 18 33.6399 -1.9466 51.3689 -0.3270 -0.9344 -0.1415 0.5689 0.0277
charger_material_0.bmp
 18 34.0228 -1.9541 51.0664 -0.1427 -0.3896 -0.9099 0.5689 0.0238
 18 34.0216 -1.9765 51.1164 0.5420 -0.7371 -0.4037 0.5689 0.0238
 18 33.6399 -1.9466 51.3689 -0.3270 -0.9344 -0.1415 0.5689 0.0277
charger_material_0.bmp
 18 31.0348 -1.8035 51.9725 0.8971 -0.4380 -0.0584 0.5531 0.0614
 18 31.0313 -2.1926 51.9444 0.4455 -0.3594 0.8199 0.5492 0.0634
 18 31.1818 -2.0474 51.8228 0.8123 0.2077 0.5450 0.5512 0.0614
charger_material_0.bmp
 18 31.1818 -2.0474 51.8228 0.8123 0.2077 0.5450 0.5512 0.0614
 18 31.0313 -2.1926 51.9444 0.4455 -0.3594 0.8199 0.5492 0.0634
 18 31.3417 -2.5547 51.7396 0.4881 -0.1845 0.8530 0.5453 0.0594
charger_material_0.bmp
 18 31.0313 -2.1926 51.9444 0.4455 -0.3594 0.8199 0.5492 0.0634
 18 31.2225 -2.6323 51.6961 -0.2824 -0.6926 0.6638 0.5413 0.0594
 18 31.3417 -2.5547 51.7396 0.4881 -0.1845 0.8530 0.5453 0.0594
charger_material_0.bmp
 18 31.3417 -2.5547 51.7396 0.4881 -0.1845 0.8530 0.5453 0.0594
 18 31.2225 -2.6323 51.6961 -0.2824 -0.6926 0.6638 0.5413 0.0594
 18 31.5209 -2.8266 51.5421 0.3859 -0.5912 0.7082 0.5394 0.0554
charger_material_0.bmp
 18 31.2225 -2.6323 51.6961 -0.2824 -0.6926 0.6638 0.5413 0.0594
 18 31.3787 -2.8633 51.4843 -0.4619 -0.8438 0.2731 0.5374 0.0574
 18 31.5209 -2.8266 51.5421 0.3859 -0.5912 0.7082 0.5394 0.0554
charger_material_0.bmp
 18 31.5209 -2.8266 51.5421 0.3859 -0.5912 0.7082 0.5394 0.0554
 18 31.3787 -2.8633 51.4843 -0.4619 -0.8438 0.2731 0.5374 0.0574
 18 31.4425 -2.9063 51.3285 -0.0349 -0.9074 -0.4189 0.5354 0.0554
charger_material_0.bmp
 18 31.3787 -2.8633 51.4843 -0.4619 -0.8438 0.2731 0.5374 0.0574
 18 31.3311 -2.8259 51.3319 -0.6785 -0.5180 -0.5209 0.5354 0.0574
 18 31.4425 -2.9063 51.3285 -0.0349 -0.9074 -0.4189 0.5354 0.0554
charger_material_0.bmp
 18 30.9967 -1.4260 51.8244 0.1691 0.2108 -0.9628 0.5295 0.0772
 18 30.9611 -1.6145 51.7913 0.4365 0.2515 -0.8638 0.5295 0.0752
 18 30.6090 -1.6558 51.6385 -0.1905 0.1155 -0.9749 0.5374 0.0752
charger_material_0.bmp
 18 30.6090 -1.6558 51.6385 -0.1905 0.1155 -0.9749 0.5374 0.0752
 18 30.9611 -1.6145 51.7913 0.4365 0.2515 -0.8638 0.5295 0.0752
 18 30.9969 -2.0600 51.4687 -0.2377 0.2304 -0.9436 0.5354 0.0693
charger_material_0.bmp
 18 30.9611 -1.6145 51.7913 0.4365 0.2515 -0.8638 0.5295 0.0752
 18 31.2133 -1.9945 51.5451 0.7137 0.5928 -0.3732 0.5295 0.0693
 18 30.9969 -2.0600 51.4687 -0.2377 0.2304 -0.9436 0.5354 0.0693
charger_material_0.bmp
 18 30.9969 -2.0600 51.4687 -0.2377 0.2304 -0.9436 0.5354 0.0693
 18 31.2133 -1.9945 51.5451 0.7137 0.5928 -0.3732 0.5295 0.0693
 18 31.2666 -2.4646 51.3200 -0.2265 0.1624 -0.9604 0.5335 0.0614
charger_material_0.bmp
 18 31.2133 -1.9945 51.5451 0.7137 0.5928 -0.3732 0.5295 0.0693
 18 31.4419 -2.4088 51.3931 0.6443 0.5313 -0.5501 0.5295 0.0614
 18 31.2666 -2.4646 51.3200 -0.2265 0.1624 -0.9604 0.5335 0.0614
charger_material_0.bmp
 18 31.2666 -2.4646 51.3200 -0.2265 0.1624 -0.9604 0.5335 0.0614
 18 31.4419 -2.4088 51.3931 0.6443 0.5313 -0.5501 0.5295 0.0614
 18 31.4273 -2.7722 51.2461 -0.0428 -0.0869 -0.9953 0.5335 0.0574
charger_material_0.bmp
 18 31.4419 -2.4088 51.3931 0.6443 0.5313 -0.5501 0.5295 0.0614
 18 31.5992 -2.6954 51.3005 0.6822 0.0314 -0.7305 0.5295 0.0574
 18 31.4273 -2.7722 51.2461 -0.0428 -0.0869 -0.9953 0.5335 0.0574
charger_material_0.bmp
 18 23.2141 0.7335 52.6034 -0.2605 -0.2051 -0.9434 0.5335 0.1683
 18 25.8059 -0.0294 52.1964 -0.2063 -0.6434 -0.7372 0.5413 0.1485
 18 23.1628 0.4232 52.8215 -0.3008 -0.7087 -0.6382 0.5413 0.1683
charger_material_0.bmp
 18 23.1628 0.4232 52.8215 -0.3008 -0.7087 -0.6382 0.5413 0.1683
 18 25.8059 -0.0294 52.1964 -0.2063 -0.6434 -0.7372 0.5413 0.1485
 18 25.5098 -0.2718 52.6952 -0.2394 -0.9202 -0.3098 0.5512 0.1525
charger_material_0.bmp
 18 25.8059 -0.0294 52.1964 -0.2063 -0.6434 -0.7372 0.5413 0.1485
 18 26.6606 -0.5849 52.6479 -0.2394 -0.9202 -0.3098 0.5531 0.1347
 18 25.5098 -0.2718 52.6952 -0.2394 -0.9202 -0.3098 0.5512 0.1525
charger_material_0.bmp
 18 25.5098 -0.2718 52.6952 -0.2394 -0.9202 -0.3098 0.5512 0.1525
 18 26.6606 -0.5849 52.6479 -0.2394 -0.9202 -0.3098 0.5531 0.1347
 18 26.5415 -0.5312 53.0073 -0.1795 -0.9279 0.3268 0.5591 0.1366
charger_material_0.bmp
 18 26.6606 -0.5849 52.6479 -0.2394 -0.9202 -0.3098 0.5531 0.1347
 18 27.7123 -0.7843 52.9593 -0.1412 -0.8460 0.5142 0.5630 0.1188
 18 26.5415 -0.5312 53.0073 -0.1795 -0.9279 0.3268 0.5591 0.1366
charger_material_0.bmp
 18 26.5415 -0.5312 53.0073 -0.1795 -0.9279 0.3268 0.5591 0.1366
 18 27.7123 -0.7843 52.9593 -0.1412 -0.8460 0.5142 0.5630 0.1188
 18 27.5806 -0.5665 53.0237 -0.0710 -0.6206 0.7809 0.5689 0.1188
charger_material_0.bmp
 18 27.7123 -0.7843 52.9593 -0.1412 -0.8460 0.5142 0.5630 0.1188
 18 28.6852 -0.7633 53.0614 -0.0836 -0.5942 0.8000 0.5689 0.0990
 18 27.5806 -0.5665 53.0237 -0.0710 -0.6206 0.7809 0.5689 0.1188
charger_material_0.bmp
 18 23.1446 0.1919 53.9119 -0.2446 -0.9374 0.2480 0.5591 0.1723
 18 22.8046 0.3280 53.6028 -0.2332 -0.9722 -0.0197 0.5531 0.1762
 18 23.1191 0.2094 53.5410 -0.2520 -0.9623 -0.1019 0.5531 0.1723
charger_material_0.bmp
 18 23.1191 0.2094 53.5410 -0.2520 -0.9623 -0.1019 0.5531 0.1723
 18 22.8046 0.3280 53.6028 -0.2332 -0.9722 -0.0197 0.5531 0.1762
 18 22.8307 0.3224 53.2928 -0.2281 -0.9435 -0.2405 0.5472 0.1762
charger_material_0.bmp
 18 22.8046 0.3280 53.6028 -0.2332 -0.9722 -0.0197 0.5531 0.1762
 18 22.5373 0.3707 53.3576 -0.0808 -0.9612 -0.2638 0.5472 0.1822
 18 22.8307 0.3224 53.2928 -0.2281 -0.9435 -0.2405 0.5472 0.1762
charger_material_0.bmp
 18 22.8307 0.3224 53.2928 -0.2281 -0.9435 -0.2405 0.5472 0.1762
 18 22.5373 0.3707 53.3576 -0.0808 -0.9612 -0.2638 0.5472 0.1822
 18 22.5148 0.5247 53.0639 -0.2300 -0.6958 -0.6804 0.5413 0.1802
charger_material_0.bmp
 18 22.5373 0.3707 53.3576 -0.0808 -0.9612 -0.2638 0.5472 0.1822
 18 22.1198 0.4808 53.1831 -0.0327 -0.6742 -0.7378 0.5433 0.1881
 18 22.5148 0.5247 53.0639 -0.2300 -0.6958 -0.6804 0.5413 0.1802
charger_material_0.bmp
 18 22.5148 0.5247 53.0639 -0.2300 -0.6958 -0.6804 0.5413 0.1802
 18 22.1198 0.4808 53.1831 -0.0327 -0.6742 -0.7378 0.5433 0.1881
 18 22.0421 0.7982 53.0392 -0.1962 -0.2238 -0.9547 0.5374 0.1881
charger_material_0.bmp
 18 22.1198 0.4808 53.1831 -0.0327 -0.6742 -0.7378 0.5433 0.1881
 18 21.4111 0.7386 53.0879 -0.0913 -0.0777 -0.9928 0.5354 0.1980
 18 22.0421 0.7982 53.0392 -0.1962 -0.2238 -0.9547 0.5374 0.1881
charger_material_0.bmp
 18 22.5826 0.3898 54.0114 -0.0560 -0.9587 0.2788 0.5591 0.1842
 18 22.1394 0.3315 53.8029 0.1084 -0.9873 0.1160 0.5531 0.1901
 18 22.5128 0.3458 53.6760 -0.0315 -0.9993 0.0197 0.5531 0.1822
charger_material_0.bmp
 18 22.5128 0.3458 53.6760 -0.0315 -0.9993 0.0197 0.5531 0.1822
 18 22.1394 0.3315 53.8029 0.1084 -0.9873 0.1160 0.5531 0.1901
 18 22.1289 0.3277 53.4589 0.0903 -0.9599 -0.2654 0.5472 0.1901
charger_material_0.bmp
 18 22.1394 0.3315 53.8029 0.1084 -0.9873 0.1160 0.5531 0.1901
 18 21.4223 0.1869 53.5375 0.0281 -0.9775 -0.2091 0.5453 0.2020
 18 22.1289 0.3277 53.4589 0.0903 -0.9599 -0.2654 0.5472 0.1901
charger_material_0.bmp
 18 22.1289 0.3277 53.4589 0.0903 -0.9599 -0.2654 0.5472 0.1901
 18 21.4223 0.1869 53.5375 0.0281 -0.9775 -0.2091 0.5453 0.2020
 18 21.4144 0.3724 53.2122 -0.0327 -0.6742 -0.7378 0.5394 0.2000
charger_material_0.bmp
 18 21.4223 0.1869 53.5375 0.0281 -0.9775 -0.2091 0.5453 0.2020
 18 19.0684 0.5137 53.6169 -0.1982 -0.7180 -0.6672 0.5354 0.2158
 18 21.4144 0.3724 53.2122 -0.0327 -0.6742 -0.7378 0.5394 0.2000
charger_material_0.bmp
 18 21.4144 0.3724 53.2122 -0.0327 -0.6742 -0.7378 0.5394 0.2000
 18 19.0684 0.5137 53.6169 -0.1982 -0.7180 -0.6672 0.5354 0.2158
 18 19.1067 0.9048 53.3847 -0.1808 -0.0658 -0.9813 0.5295 0.2139
charger_material_0.bmp
 18 19.0684 0.5137 53.6169 -0.1982 -0.7180 -0.6672 0.5354 0.2158
 18 17.3414 1.0932 53.7999 -0.2605 -0.2051 -0.9434 0.5256 0.2297
 18 19.1067 0.9048 53.3847 -0.1808 -0.0658 -0.9813 0.5295 0.2139
charger_material_0.bmp
 18 30.1205 -0.2476 53.0335 0.1674 0.4399 0.8823 0.5846 0.0812
 18 31.5678 -0.1438 52.6075 0.2873 0.7238 0.6273 0.5906 0.0614
 18 30.8211 -0.0345 52.6950 0.1464 0.8939 0.4236 0.5906 0.0713
charger_material_0.bmp
 18 30.8211 -0.0345 52.6950 0.1464 0.8939 0.4236 0.5906 0.0713
 18 31.5678 -0.1438 52.6075 0.2873 0.7238 0.6273 0.5906 0.0614
 18 31.5237 -0.0193 52.3060 0.1855 0.9818 0.0397 0.5965 0.0634
charger_material_0.bmp
 18 31.5678 -0.1438 52.6075 0.2873 0.7238 0.6273 0.5906 0.0614
 18 31.9905 -0.1458 52.1863 0.2126 0.9737 -0.0817 0.5965 0.0574
 18 31.5237 -0.0193 52.3060 0.1855 0.9818 0.0397 0.5965 0.0634
charger_material_0.bmp
 18 31.5237 -0.0193 52.3060 0.1855 0.9818 0.0397 0.5965 0.0634
 18 31.9905 -0.1458 52.1863 0.2126 0.9737 -0.0817 0.5965 0.0574
 18 31.4766 -0.1094 52.0966 0.0505 0.7082 -0.7042 0.6004 0.0634
charger_material_0.bmp
 18 31.9905 -0.1458 52.1863 0.2126 0.9737 -0.0817 0.5965 0.0574
 18 31.9789 -0.2201 52.0628 0.0633 0.6450 -0.7616 0.5984 0.0574
 18 31.4766 -0.1094 52.0966 0.0505 0.7082 -0.7042 0.6004 0.0634
charger_material_0.bmp
 18 31.4766 -0.1094 52.0966 0.0505 0.7082 -0.7042 0.6004 0.0634
 18 31.9789 -0.2201 52.0628 0.0633 0.6450 -0.7616 0.5984 0.0574
 18 31.8352 -0.4637 51.9344 -0.0233 0.3357 -0.9417 0.6063 0.0594
charger_material_0.bmp
 18 31.9789 -0.2201 52.0628 0.0633 0.6450 -0.7616 0.5984 0.0574
 18 32.1451 -0.5837 51.9039 0.2828 0.2846 -0.9160 0.6043 0.0535
 18 31.8352 -0.4637 51.9344 -0.0233 0.3357 -0.9417 0.6063 0.0594
charger_material_0.bmp
 18 32.7444 -0.3863 51.9082 0.1273 -0.9335 -0.3353 0.6024 0.0495
 18 32.7712 -0.2801 51.7763 -0.3680 -0.5479 -0.7513 0.6024 0.0475
 18 32.8782 -0.3420 51.8051 0.3122 -0.9455 -0.0924 0.6043 0.0475
charger_material_0.bmp
 18 32.8782 -0.3420 51.8051 0.3122 -0.9455 -0.0924 0.6043 0.0475
 18 32.7712 -0.2801 51.7763 -0.3680 -0.5479 -0.7513 0.6024 0.0475
 18 33.1025 -0.2579 51.6979 0.3113 -0.9488 -0.0541 0.6043 0.0436
charger_material_0.bmp
 18 32.7712 -0.2801 51.7763 -0.3680 -0.5479 -0.7513 0.6024 0.0475
 18 33.0192 -0.1916 51.5736 -0.3103 -0.5525 -0.7736 0.6043 0.0416
 18 33.1025 -0.2579 51.6979 0.3113 -0.9488 -0.0541 0.6043 0.0436
charger_material_0.bmp
 18 33.1025 -0.2579 51.6979 0.3113 -0.9488 -0.0541 0.6043 0.0436
 18 33.0192 -0.1916 51.5736 -0.3103 -0.5525 -0.7736 0.6043 0.0416
 18 33.1727 -0.2252 51.6361 0.2936 -0.9475 -0.1264 0.6043 0.0416
charger_material_0.bmp
 18 33.0192 -0.1916 51.5736 -0.3103 -0.5525 -0.7736 0.6043 0.0416
 18 33.1304 -0.1593 51.5146 -0.1593 -0.4476 -0.8799 0.6043 0.0416
 18 33.1727 -0.2252 51.6361 0.2936 -0.9475 -0.1264 0.6043 0.0416
charger_material_0.bmp
 18 33.1727 -0.2252 51.6361 0.2936 -0.9475 -0.1264 0.6043 0.0416
 18 33.1304 -0.1593 51.5146 -0.1593 -0.4476 -0.8799 0.6043 0.0416
 18 33.4115 -0.1296 51.4964 0.6268 -0.6755 -0.3884 0.6024 0.0356
charger_material_0.bmp
 18 33.1304 -0.1593 51.5146 -0.1593 -0.4476 -0.8799 0.6043 0.0416
 18 33.3947 -0.1078 51.4598 0.3947 -0.0812 -0.9152 0.6043 0.0376
 18 33.4115 -0.1296 51.4964 0.6268 -0.6755 -0.3884 0.6024 0.0356
charger_material_0.bmp
 18 32.6454 -0.1066 51.9290 -0.1403 0.9782 0.1531 0.5984 0.0475
 18 32.7827 -0.0532 51.8461 -0.0716 0.9820 0.1747 0.5984 0.0455
 18 32.6161 -0.1314 51.8212 -0.5035 0.5165 -0.6926 0.6004 0.0475
charger_material_0.bmp
 18 32.6161 -0.1314 51.8212 -0.5035 0.5165 -0.6926 0.6004 0.0475
 18 32.7827 -0.0532 51.8461 -0.0716 0.9820 0.1747 0.5984 0.0455
 18 32.7622 -0.1004 51.7865 -0.5035 0.5165 -0.6926 0.6004 0.0455
charger_material_0.bmp
 18 32.7827 -0.0532 51.8461 -0.0716 0.9820 0.1747 0.5984 0.0455
 18 33.0445 -0.0284 51.7192 0.0254 0.9693 0.2447 0.6004 0.0416
 18 32.7622 -0.1004 51.7865 -0.5035 0.5165 -0.6926 0.6004 0.0455
charger_material_0.bmp
 18 32.7622 -0.1004 51.7865 -0.5035 0.5165 -0.6926 0.6004 0.0455
 18 33.0445 -0.0284 51.7192 0.0254 0.9693 0.2447 0.6004 0.0416
 18 32.9804 -0.0619 51.5867 -0.5165 0.5972 -0.6137 0.6024 0.0416
charger_material_0.bmp
 18 33.0445 -0.0284 51.7192 0.0254 0.9693 0.2447 0.6004 0.0416
 18 33.1064 -0.0262 51.6676 0.0681 0.9824 0.1737 0.6024 0.0416
 18 32.9804 -0.0619 51.5867 -0.5165 0.5972 -0.6137 0.6024 0.0416
charger_material_0.bmp
 18 32.9804 -0.0619 51.5867 -0.5165 0.5972 -0.6137 0.6024 0.0416
 18 33.1064 -0.0262 51.6676 0.0681 0.9824 0.1737 0.6024 0.0416
 18 33.0834 -0.0501 51.5384 -0.3507 0.5212 -0.7780 0.6024 0.0416
charger_material_0.bmp
 18 33.1064 -0.0262 51.6676 0.0681 0.9824 0.1737 0.6024 0.0416
 18 33.3789 -0.0189 51.4872 0.0505 0.7082 -0.7042 0.6043 0.0376
 18 33.0834 -0.0501 51.5384 -0.3507 0.5212 -0.7780 0.6024 0.0416
charger_material_0.bmp
 18 33.6452 -0.7180 51.4266 0.0492 0.9969 -0.0613 0.5945 0.0317
 18 33.5198 -0.6819 51.5219 0.0205 0.9940 -0.1070 0.5945 0.0337
 18 33.6771 -0.7312 51.4915 0.4645 0.7726 0.4328 0.5925 0.0317
charger_material_0.bmp
 18 33.6771 -0.7312 51.4915 0.4645 0.7726 0.4328 0.5925 0.0317
 18 33.5198 -0.6819 51.5219 0.0205 0.9940 -0.1070 0.5945 0.0337
 18 33.5864 -0.7363 51.6091 0.5304 0.5775 0.6207 0.5925 0.0337
charger_material_0.bmp
 18 33.5198 -0.6819 51.5219 0.0205 0.9940 -0.1070 0.5945 0.0337
 18 33.1263 -0.7016 51.7640 0.0477 0.9978 0.0468 0.5925 0.0396
 18 33.5864 -0.7363 51.6091 0.5304 0.5775 0.6207 0.5925 0.0337
charger_material_0.bmp
 18 33.5864 -0.7363 51.6091 0.5304 0.5775 0.6207 0.5925 0.0337
 18 33.1263 -0.7016 51.7640 0.0477 0.9978 0.0468 0.5925 0.0396
 18 33.1535 -0.7462 51.8587 0.4989 0.5900 0.6348 0.5906 0.0396
charger_material_0.bmp
 18 33.1263 -0.7016 51.7640 0.0477 0.9978 0.0468 0.5925 0.0396
 18 32.9631 -0.6960 51.8747 0.0920 0.9958 -0.0036 0.5906 0.0416
 18 33.1535 -0.7462 51.8587 0.4989 0.5900 0.6348 0.5906 0.0396
charger_material_0.bmp
 18 33.1535 -0.7462 51.8587 0.4989 0.5900 0.6348 0.5906 0.0396
 18 32.9631 -0.6960 51.8747 0.0920 0.9958 -0.0036 0.5906 0.0416
 18 32.9928 -0.7440 52.0400 0.5430 0.5133 0.6646 0.5886 0.0416
charger_material_0.bmp
 18 32.9631 -0.6960 51.8747 0.0920 0.9958 -0.0036 0.5906 0.0416
 18 32.3587 -0.6081 52.1901 0.5081 0.8566 0.0894 0.5886 0.0495
 18 32.9928 -0.7440 52.0400 0.5430 0.5133 0.6646 0.5886 0.0416
charger_material_0.bmp
  4 -0.0300 -5.8036 61.8942 0.8008 -0.5434 -0.2520 0.8898 0.5564
  4 0.1300 -5.4904 61.5086 0.8298 -0.5419 -0.1333 0.8957 0.5505
  4 0.2000 -5.5150 61.8594 0.4816 -0.7888 -0.3820 0.8957 0.5564
charger_material_0.bmp
  4 0.2000 -5.5150 61.8594 0.4816 -0.7888 -0.3820 0.8957 0.5564
  4 0.1300 -5.4904 61.5086 0.8298 -0.5419 -0.1333 0.8957 0.5505
  4 0.5200 -5.2625 61.6890 0.6581 -0.5250 -0.5397 0.9016 0.5545
charger_material_0.bmp
  4 0.1300 -5.4904 61.5086 0.8298 -0.5419 -0.1333 0.8957 0.5505
  4 0.2700 -5.2131 61.4148 0.8650 -0.4528 -0.2163 0.8996 0.5485
  4 0.5200 -5.2625 61.6890 0.6581 -0.5250 -0.5397 0.9016 0.5545
charger_material_0.bmp
  4 0.5200 -5.2625 61.6890 0.6581 -0.5250 -0.5397 0.9016 0.5545
  4 0.2700 -5.2131 61.4148 0.8650 -0.4528 -0.2163 0.8996 0.5485
  4 0.3800 -4.9320 61.3407 0.7726 -0.5453 -0.3252 0.9035 0.5446
charger_material_0.bmp
  4 0.2700 -5.2131 61.4148 0.8650 -0.4528 -0.2163 0.8996 0.5485
  4 0.3200 -4.9995 61.2009 0.9379 -0.3463 -0.0212 0.9016 0.5446
  4 0.3800 -4.9320 61.3407 0.7726 -0.5453 -0.3252 0.9035 0.5446
charger_material_0.bmp
  4 0.3800 -4.9320 61.3407 0.7726 -0.5453 -0.3252 0.9035 0.5446
  4 0.3200 -4.9995 61.2009 0.9379 -0.3463 -0.0212 0.9016 0.5446
  4 0.3800 -4.9079 61.0409 0.8567 -0.5157 0.0100 0.9035 0.5406
charger_material_0.bmp
  4 0.3200 -4.9995 61.2009 0.9379 -0.3463 -0.0212 0.9016 0.5446
  4 0.3100 -5.0408 60.9848 0.7148 -0.6308 -0.3018 0.9016 0.5406
  4 0.3800 -4.9079 61.0409 0.8567 -0.5157 0.0100 0.9035 0.5406
charger_material_0.bmp
  4 0.2400 2.9034 64.9944 0.2922 0.1103 0.9500 0.6811 0.7861
  4 -0.1400 1.9006 65.0742 0.1619 -0.1764 0.9709 0.6831 0.7703
  4 0.9300 1.9683 64.9492 0.1646 0.0023 0.9864 0.6949 0.7822
charger_material_0.bmp
  4 0.9300 1.9683 64.9492 0.1646 0.0023 0.9864 0.6949 0.7822
  4 -0.1400 1.9006 65.0742 0.1619 -0.1764 0.9709 0.6831 0.7703
  4 0.9100 0.9208 64.7422 0.0920 -0.2719 0.9579 0.7047 0.7683
charger_material_0.bmp
  4 -0.1400 1.9006 65.0742 0.1619 -0.1764 0.9709 0.6831 0.7703
  4 -0.2700 0.7725 64.6586 0.1351 -0.2676 0.9540 0.6929 0.7564
  4 0.9100 0.9208 64.7422 0.0920 -0.2719 0.9579 0.7047 0.7683
charger_material_0.bmp
  4 0.9100 0.9208 64.7422 0.0920 -0.2719 0.9579 0.7047 0.7683
  4 -0.2700 0.7725 64.6586 0.1351 -0.2676 0.9540 0.6929 0.7564
  4 0.8200 -0.3930 64.2604 0.4189 0.0006 0.9080 0.7165 0.7525
charger_material_0.bmp
  4 -0.2700 0.7725 64.6586 0.1351 -0.2676 0.9540 0.6929 0.7564
  4 -0.3900 -0.0738 64.5455 0.3194 0.5159 0.7949 0.6969 0.7446
  4 0.8200 -0.3930 64.2604 0.4189 0.0006 0.9080 0.7165 0.7525
charger_material_0.bmp
  4 0.8200 -0.3930 64.2604 0.4189 0.0006 0.9080 0.7165 0.7525
  4 -0.3900 -0.0738 64.5455 0.3194 0.5159 0.7949 0.6969 0.7446
  4 0.8100 -0.6987 64.6853 0.3693 0.9245 0.0940 0.7185 0.7446
charger_material_0.bmp
  4 -0.3900 -0.0738 64.5455 0.3194 0.5159 0.7949 0.6969 0.7446
  4 -0.3900 -0.3672 65.1412 0.2324 0.9510 0.2039 0.7008 0.7366
  4 0.8100 -0.6987 64.6853 0.3693 0.9245 0.0940 0.7185 0.7446
charger_material_0.bmp
  4 0.2100 -5.1647 61.0289 -0.0068 -0.5128 -0.8585 0.8996 0.5406
  4 0.1400 -5.3068 61.1375 -0.0123 -0.3616 -0.9322 0.8957 0.5426
  4 0.1300 -5.1553 61.0780 -0.3989 -0.3885 -0.8306 0.8976 0.5406
charger_material_0.bmp
  4 0.1300 -5.1553 61.0780 -0.3989 -0.3885 -0.8306 0.8976 0.5406
  4 0.1400 -5.3068 61.1375 -0.0123 -0.3616 -0.9322 0.8957 0.5426
  4 0.0700 -5.2970 61.1356 -0.3561 -0.1388 -0.9241 0.8957 0.5426
charger_material_0.bmp
  4 0.1400 -5.3068 61.1375 -0.0123 -0.3616 -0.9322 0.8957 0.5426
  4 0.0400 -5.4795 61.1400 0.0635 -0.2280 -0.9716 0.8937 0.5446
  4 0.0700 -5.2970 61.1356 -0.3561 -0.1388 -0.9241 0.8957 0.5426
charger_material_0.bmp
  4 0.0700 -5.2970 61.1356 -0.3561 -0.1388 -0.9241 0.8957 0.5426
  4 0.0400 -5.4795 61.1400 0.0635 -0.2280 -0.9716 0.8937 0.5446
  4 0.0000 -5.4640 61.1675 -0.4311 0.0291 -0.9018 0.8937 0.5446
charger_material_0.bmp
  4 0.0400 -5.4795 61.1400 0.0635 -0.2280 -0.9716 0.8937 0.5446
  4 -0.1100 -5.7961 61.2412 -0.2190 -0.0269 -0.9754 0.8878 0.5465
  4 0.0000 -5.4640 61.1675 -0.4311 0.0291 -0.9018 0.8937 0.5446
charger_material_0.bmp
  4 0.0000 -5.4640 61.1675 -0.4311 0.0291 -0.9018 0.8937 0.5446
  4 -0.1100 -5.7961 61.2412 -0.2190 -0.0269 -0.9754 0.8878 0.5465
  4 -0.1700 -5.7394 61.2711 -0.4057 0.1211 -0.9059 0.8878 0.5465
charger_material_0.bmp
  4 -0.1100 -5.7961 61.2412 -0.2190 -0.0269 -0.9754 0.8878 0.5465
  4 -0.3800 -5.9612 61.2830 -0.3463 0.2456 -0.9054 0.8819 0.5465
  4 -0.1700 -5.7394 61.2711 -0.4057 0.1211 -0.9059 0.8878 0.5465
charger_material_0.bmp
  4 -0.0200 -5.8731 61.5308 0.8177 -0.5754 -0.0131 0.8878 0.5525
  4 -0.2000 -6.0525 61.8706 0.5391 -0.8079 -0.2383 0.8839 0.5564
  4 -0.2500 -6.1261 61.5385 0.4904 -0.8659 0.0983 0.8839 0.5525
charger_material_0.bmp
  4 -0.2500 -6.1261 61.5385 0.4904 -0.8659 0.0983 0.8839 0.5525
  4 -0.2000 -6.0525 61.8706 0.5391 -0.8079 -0.2383 0.8839 0.5564
  4 -0.3800 -6.0917 61.8781 0.0895 -0.9802 0.1768 0.8819 0.5584
charger_material_0.bmp
  4 -0.2000 -6.0525 61.8706 0.5391 -0.8079 -0.2383 0.8839 0.5564
  4 -0.1600 -6.1986 62.2243 -0.1535 -0.9520 -0.2647 0.8839 0.5624
  4 -0.3800 -6.0917 61.8781 0.0895 -0.9802 0.1768 0.8819 0.5584
charger_material_0.bmp
  4 -0.3800 -6.0917 61.8781 0.0895 -0.9802 0.1768 0.8819 0.5584
  4 -0.1600 -6.1986 62.2243 -0.1535 -0.9520 -0.2647 0.8839 0.5624
  4 -0.6800 -5.9119 62.1797 0.0488 -0.9641 0.2610 0.8780 0.5624
charger_material_0.bmp
  4 -0.1600 -6.1986 62.2243 -0.1535 -0.9520 -0.2647 0.8839 0.5624
  4 -0.6800 -5.8850 62.4800 0.1296 -0.9773 -0.1673 0.8760 0.5644
  4 -0.6800 -5.9119 62.1797 0.0488 -0.9641 0.2610 0.8780 0.5624
charger_material_0.bmp
  4 -0.6800 -5.9119 62.1797 0.0488 -0.9641 0.2610 0.8780 0.5624
  4 -0.6800 -5.8850 62.4800 0.1296 -0.9773 -0.1673 0.8760 0.5644
  4 -1.0500 -6.3259 62.1977 0.8177 -0.5754 -0.0131 0.8701 0.5624
charger_material_0.bmp
  4 -0.6800 -5.8850 62.4800 0.1296 -0.9773 -0.1673 0.8760 0.5644
  4 -1.0800 -6.3730 62.4307 0.8009 -0.5944 -0.0721 0.8701 0.5663
  4 -1.0500 -6.3259 62.1977 0.8177 -0.5754 -0.0131 0.8701 0.5624
charger_material_0.bmp
  9 -3.7962 8.0580 32.4821 0.1979 0.9452 -0.2595 0.7933 1.0000
  9 -1.3309 7.0676 30.9539 0.2299 0.8663 -0.4434 0.7677 0.9941
  9 -3.8634 7.8023 31.4412 0.2264 0.9140 -0.3366 0.7913 0.9941
charger_material_0.bmp
  9 -3.8634 7.8023 31.4412 0.2264 0.9140 -0.3366 0.7913 0.9941
  9 -1.3309 7.0676 30.9539 0.2299 0.8663 -0.4434 0.7677 0.9941
  9 -1.7377 6.7292 30.2637 0.5098 0.8147 -0.2762 0.7677 0.9842
charger_material_0.bmp
  9 -1.3309 7.0676 30.9539 0.2299 0.8663 -0.4434 0.7677 0.9941
  9 -0.2824 4.9898 29.7974 0.6025 0.4063 -0.6869 0.7461 0.9782
  9 -1.7377 6.7292 30.2637 0.5098 0.8147 -0.2762 0.7677 0.9842
charger_material_0.bmp
  9 -1.7377 6.7292 30.2637 0.5098 0.8147 -0.2762 0.7677 0.9842
  9 -0.2824 4.9898 29.7974 0.6025 0.4063 -0.6869 0.7461 0.9782
  9 -0.4645 5.0527 29.3456 0.8419 0.4460 -0.3038 0.7480 0.9723
charger_material_0.bmp
  9 -0.2824 4.9898 29.7974 0.6025 0.4063 -0.6869 0.7461 0.9782
  9 -0.8147 2.4753 28.5109 0.9211 -0.1036 -0.3754 0.7264 0.9564
  9 -0.4645 5.0527 29.3456 0.8419 0.4460 -0.3038 0.7480 0.9723
charger_material_0.bmp
  9 -0.4645 5.0527 29.3456 0.8419 0.4460 -0.3038 0.7480 0.9723
  9 -0.8147 2.4753 28.5109 0.9211 -0.1036 -0.3754 0.7264 0.9564
  9 -0.5657 5.0463 28.9021 0.9485 0.3002 -0.1012 0.7500 0.9663
charger_material_0.bmp
  9 -0.8147 2.4753 28.5109 0.9211 -0.1036 -0.3754 0.7264 0.9564
  9 -1.0111 2.5878 27.6836 0.9616 -0.0151 -0.2742 0.7303 0.9465
  9 -0.5657 5.0463 28.9021 0.9485 0.3002 -0.1012 0.7500 0.9663
charger_material_0.bmp
  4 1.2200 -5.2411 66.3275 0.7890 -0.3322 0.5169 0.9055 0.6257
  4 1.1800 -5.8401 65.9635 0.8235 -0.3929 0.4093 0.8996 0.6198
  4 1.3700 -5.4589 65.8804 0.8529 -0.3869 0.3506 0.9055 0.6178
charger_material_0.bmp
  4 1.3700 -5.4589 65.8804 0.8529 -0.3869 0.3506 0.9055 0.6178
  4 1.1800 -5.8401 65.9635 0.8235 -0.3929 0.4093 0.8996 0.6198
  4 1.3200 -5.8531 65.4162 0.9078 -0.3701 0.1972 0.9016 0.6119
charger_material_0.bmp
  4 1.1800 -5.8401 65.9635 0.8235 -0.3929 0.4093 0.8996 0.6198
  4 1.2400 -6.0504 65.5557 0.9078 -0.3701 0.1972 0.8996 0.6139
  4 1.3200 -5.8531 65.4162 0.9078 -0.3701 0.1972 0.9016 0.6119
charger_material_0.bmp
  4 1.3200 -5.8531 65.4162 0.9078 -0.3701 0.1972 0.9016 0.6119
  4 1.2400 -6.0504 65.5557 0.9078 -0.3701 0.1972 0.8996 0.6139
  4 1.1900 -6.2654 65.2303 0.8743 -0.4729 0.1092 0.8976 0.6079
charger_material_0.bmp
  4 1.2400 -6.0504 65.5557 0.9078 -0.3701 0.1972 0.8996 0.6139
  4 1.1200 -6.2333 65.6110 0.7740 -0.5347 0.3390 0.8957 0.6139
  4 1.1900 -6.2654 65.2303 0.8743 -0.4729 0.1092 0.8976 0.6079
charger_material_0.bmp
  4 1.1900 -6.2654 65.2303 0.8743 -0.4729 0.1092 0.8976 0.6079
  4 1.1200 -6.2333 65.6110 0.7740 -0.5347 0.3390 0.8957 0.6139
  4 0.9300 -6.5519 65.4887 0.6541 -0.6939 0.3011 0.8917 0.6119
charger_material_0.bmp
  4 -0.4300 -2.9188 67.4514 -0.4039 0.0214 0.9146 0.8287 0.6614
  4 -1.0500 -3.8392 67.0572 -0.4839 -0.0952 0.8699 0.8366 0.6455
  4 -0.2900 -3.7762 67.4931 -0.3916 -0.0952 0.9152 0.8406 0.6594
charger_material_0.bmp
  4 -0.2900 -3.7762 67.4931 -0.3916 -0.0952 0.9152 0.8406 0.6594
  4 -1.0500 -3.8392 67.0572 -0.4839 -0.0952 0.8699 0.8366 0.6455
  4 -0.3800 -4.9449 67.2381 -0.3786 -0.2302 0.8965 0.8563 0.6475
charger_material_0.bmp
  4 -1.0500 -3.8392 67.0572 -0.4839 -0.0952 0.8699 0.8366 0.6455
  4 -1.1500 -4.7669 66.8375 -0.4791 -0.2318 0.8466 0.8484 0.6376
  4 -0.3800 -4.9449 67.2381 -0.3786 -0.2302 0.8965 0.8563 0.6475
charger_material_0.bmp
  4 -0.3800 -4.9449 67.2381 -0.3786 -0.2302 0.8965 0.8563 0.6475
  4 -1.1500 -4.7669 66.8375 -0.4791 -0.2318 0.8466 0.8484 0.6376
  4 -0.4700 -5.5546 66.9779 -0.3638 -0.3275 0.8720 0.8642 0.6396
charger_material_0.bmp
  4 -1.1500 -4.7669 66.8375 -0.4791 -0.2318 0.8466 0.8484 0.6376
  4 -1.5200 -5.3716 66.4441 -0.4708 -0.2765 0.8378 0.8504 0.6257
  4 -0.4700 -5.5546 66.9779 -0.3638 -0.3275 0.8720 0.8642 0.6396
charger_material_0.bmp
  4 -0.4700 -5.5546 66.9779 -0.3638 -0.3275 0.8720 0.8642 0.6396
  4 -1.5200 -5.3716 66.4441 -0.4708 -0.2765 0.8378 0.8504 0.6257
  4 -0.6800 -6.0932 66.6635 -0.3649 -0.3821 0.8491 0.8661 0.6297
charger_material_0.bmp
  4 1.4300 -1.1543 66.1367 0.5019 0.6213 0.6018 0.9626 0.6337
  4 1.9200 -1.4852 65.8436 0.8132 0.4343 0.3875 0.9587 0.6257
  4 1.4000 -0.7696 65.6457 0.4962 0.8101 0.3122 0.9705 0.6277
charger_material_0.bmp
  4 1.4300 -1.1543 66.1367 0.5019 0.6213 0.6018 0.9626 0.6337
  4 1.7900 -2.0485 66.3585 0.7924 0.2334 0.5636 0.9508 0.6317
  4 1.9200 -1.4852 65.8436 0.8132 0.4343 0.3875 0.9587 0.6257
charger_material_0.bmp
  4 1.4300 -1.1543 66.1367 0.5019 0.6213 0.6018 0.9626 0.6337
  4 1.3000 -1.7017 66.6282 0.4713 0.4376 0.7657 0.9547 0.6396
  4 1.7900 -2.0485 66.3585 0.7924 0.2334 0.5636 0.9508 0.6317
charger_material_0.bmp
  4 1.4300 -1.1543 66.1367 0.5019 0.6213 0.6018 0.9626 0.6337
  4 0.6100 -1.0315 66.4594 0.2808 0.6799 0.6774 0.9665 0.6455
  4 1.3000 -1.7017 66.6282 0.4713 0.4376 0.7657 0.9547 0.6396
charger_material_0.bmp
  4 1.4300 -1.1543 66.1367 0.5019 0.6213 0.6018 0.9626 0.6337
  4 0.5300 -0.6876 65.9151 0.2329 0.8864 0.4002 0.9764 0.6396
  4 0.6100 -1.0315 66.4594 0.2808 0.6799 0.6774 0.9665 0.6455
charger_material_0.bmp
  4 1.4300 -1.1543 66.1367 0.5019 0.6213 0.6018 0.9626 0.6337
  4 1.4000 -0.7696 65.6457 0.4962 0.8101 0.3122 0.9705 0.6277
  4 0.5300 -0.6876 65.9151 0.2329 0.8864 0.4002 0.9764 0.6396
charger_material_0.bmp
  4 0.7600 -3.2235 58.7743 0.3528 -0.8280 0.4359 0.6969 0.5980
  4 1.2000 -3.0030 59.1292 0.1962 -0.8806 0.4314 0.7028 0.5980
  4 0.5300 -3.4406 59.3961 0.7494 -0.6617 -0.0227 0.6969 0.6059
charger_material_0.bmp
  4 0.7600 -3.2235 58.7743 0.3528 -0.8280 0.4359 0.6969 0.5980
  4 1.6200 -3.7547 58.4991 0.0245 -0.7912 0.6111 0.6988 0.5861
  4 1.2000 -3.0030 59.1292 0.1962 -0.8806 0.4314 0.7028 0.5980
charger_material_0.bmp
  4 0.7600 -3.2235 58.7743 0.3528 -0.8280 0.4359 0.6969 0.5980
  4 0.9000 -4.1998 58.0344 0.0874 -0.7443 0.6621 0.6890 0.5861
  4 1.6200 -3.7547 58.4991 0.0245 -0.7912 0.6111 0.6988 0.5861
charger_material_0.bmp
  4 0.7600 -3.2235 58.7743 0.3528 -0.8280 0.4359 0.6969 0.5980
  4 0.4300 -3.5572 58.5734 0.5001 -0.7938 0.3460 0.6909 0.5980
  4 0.9000 -4.1998 58.0344 0.0874 -0.7443 0.6621 0.6890 0.5861
charger_material_0.bmp
  4 0.7600 -3.2235 58.7743 0.3528 -0.8280 0.4359 0.6969 0.5980
  4 0.3000 -3.7664 59.1835 0.6972 -0.7122 -0.0822 0.6909 0.6079
  4 0.4300 -3.5572 58.5734 0.5001 -0.7938 0.3460 0.6909 0.5980
charger_material_0.bmp
  4 0.7600 -3.2235 58.7743 0.3528 -0.8280 0.4359 0.6969 0.5980
  4 0.5300 -3.4406 59.3961 0.7494 -0.6617 -0.0227 0.6969 0.6059
  4 0.3000 -3.7664 59.1835 0.6972 -0.7122 -0.0822 0.6909 0.6079
charger_material_0.bmp
  3 0.1700 -6.6524 51.1246 0.1676 -0.9831 -0.0737 0.6378 0.5010
  2 -1.1797 -6.2252 49.3795 0.0008 -0.9527 -0.3039 0.6142 0.4891
  3 0.3800 -6.1353 49.5278 0.1751 -0.9501 -0.2583 0.6319 0.4812
charger_material_0.bmp
  3 0.1700 -6.6524 51.1246 0.1676 -0.9831 -0.0737 0.6378 0.5010
  3 -1.4600 -6.7705 50.8761 0.0770 -0.9949 -0.0655 0.6201 0.5089
  2 -1.1797 -6.2252 49.3795 0.0008 -0.9527 -0.3039 0.6142 0.4891
charger_material_0.bmp
  3 0.1700 -6.6524 51.1246 0.1676 -0.9831 -0.0737 0.6378 0.5010
  3 0.1000 -6.5831 52.5657 0.1581 -0.9751 0.1553 0.6437 0.5208
  3 -1.4600 -6.7705 50.8761 0.0770 -0.9949 -0.0655 0.6201 0.5089
charger_material_0.bmp
  3 0.1700 -6.6524 51.1246 0.1676 -0.9831 -0.0737 0.6378 0.5010
  3 1.8000 -5.9955 52.3295 0.2628 -0.9468 0.1857 0.6654 0.5109
  3 0.1000 -6.5831 52.5657 0.1581 -0.9751 0.1553 0.6437 0.5208
charger_material_0.bmp
  3 0.1700 -6.6524 51.1246 0.1676 -0.9831 -0.0737 0.6378 0.5010
  3 2.0500 -6.2737 51.4548 0.3040 -0.9526 -0.0137 0.6634 0.4931
  3 1.8000 -5.9955 52.3295 0.2628 -0.9468 0.1857 0.6654 0.5109
charger_material_0.bmp
  3 0.1700 -6.6524 51.1246 0.1676 -0.9831 -0.0737 0.6378 0.5010
  3 0.3800 -6.1353 49.5278 0.1751 -0.9501 -0.2583 0.6319 0.4812
  3 2.0500 -6.2737 51.4548 0.3040 -0.9526 -0.0137 0.6634 0.4931
charger_material_0.bmp
  2 -0.2297 9.1156 48.3818 -0.1592 0.9651 0.2081 0.4134 0.2653
  2 1.3203 8.0155 48.5509 0.9359 0.3249 -0.1363 0.3937 0.2673
  2 -0.6697 9.3261 47.7520 0.2101 0.9512 0.2259 0.4193 0.2594
charger_material_0.bmp
  2 -0.6697 9.3261 47.7520 0.2101 0.9512 0.2259 0.4193 0.2594
  2 1.3203 8.0155 48.5509 0.9359 0.3249 -0.1363 0.3937 0.2673
  2 1.1802 7.7268 46.9706 0.9359 0.3249 -0.1363 0.3917 0.2515
charger_material_0.bmp
  2 1.3203 8.0155 48.5509 0.9359 0.3249 -0.1363 0.3937 0.2673
  2 1.0102 7.1865 47.2502 0.8398 0.4810 -0.2520 0.3858 0.2535
  2 1.1802 7.7268 46.9706 0.9359 0.3249 -0.1363 0.3917 0.2515
charger_material_0.bmp
  2 1.1802 7.7268 46.9706 0.9359 0.3249 -0.1363 0.3917 0.2515
  2 1.0102 7.1865 47.2502 0.8398 0.4810 -0.2520 0.3858 0.2535
  2 0.9102 6.7875 46.0099 0.9107 0.4073 -0.0693 0.3839 0.2416
charger_material_0.bmp
  2 1.0102 7.1865 47.2502 0.8398 0.4810 -0.2520 0.3858 0.2535
  2 2.3002 6.7869 46.8598 0.2458 0.9253 -0.2888 0.3720 0.2515
  2 0.9102 6.7875 46.0099 0.9107 0.4073 -0.0693 0.3839 0.2416
charger_material_0.bmp
  2 0.9102 6.7875 46.0099 0.9107 0.4073 -0.0693 0.3839 0.2416
  2 2.3002 6.7869 46.8598 0.2458 0.9253 -0.2888 0.3720 0.2515
  2 2.0902 6.4879 45.5396 0.2458 0.9253 -0.2888 0.3720 0.2376
charger_material_0.bmp
 10 0.3095 4.9415 29.9447 -0.0819 0.3251 -0.9421 0.3976 0.0436
 10 0.3870 6.9482 31.1782 0.0297 0.7284 -0.6845 0.3976 0.0673
 10 1.0914 4.9241 29.6358 -0.4788 0.4794 -0.7354 0.3898 0.0416
charger_material_0.bmp
 10 0.3095 4.9415 29.9447 -0.0819 0.3251 -0.9421 0.3976 0.0436
  9 -0.2824 4.9898 29.7974 0.6025 0.4063 -0.6869 0.4035 0.0436
 10 0.3870 6.9482 31.1782 0.0297 0.7284 -0.6845 0.3976 0.0673
charger_material_0.bmp
 10 0.3095 4.9415 29.9447 -0.0819 0.3251 -0.9421 0.3976 0.0436
  9 -0.4794 2.1629 29.2207 0.4476 -0.0736 -0.8912 0.4035 0.0139
  9 -0.2824 4.9898 29.7974 0.6025 0.4063 -0.6869 0.4035 0.0436
charger_material_0.bmp
 10 0.3095 4.9415 29.9447 -0.0819 0.3251 -0.9421 0.3976 0.0436
 10 0.2265 1.9557 29.2543 -0.1465 0.0791 -0.9860 0.3976 0.0139
  9 -0.4794 2.1629 29.2207 0.4476 -0.0736 -0.8912 0.4035 0.0139
charger_material_0.bmp
 10 0.3095 4.9415 29.9447 -0.0819 0.3251 -0.9421 0.3976 0.0436
 10 0.6809 2.1632 29.1082 -0.5953 0.0808 -0.7994 0.3878 0.0139
 10 0.2265 1.9557 29.2543 -0.1465 0.0791 -0.9860 0.3976 0.0139
charger_material_0.bmp
 10 0.3095 4.9415 29.9447 -0.0819 0.3251 -0.9421 0.3976 0.0436
 10 1.0914 4.9241 29.6358 -0.4788 0.4794 -0.7354 0.3898 0.0416
 10 0.6809 2.1632 29.1082 -0.5953 0.0808 -0.7994 0.3878 0.0139
charger_material_0.bmp
  3 6.1400 -3.7210 54.3309 0.6540 -0.7542 -0.0588 0.2303 0.3485
  3 7.4400 -2.5339 54.7827 0.7329 -0.6722 -0.1054 0.2500 0.3564
  3 6.9100 -2.8411 55.5513 0.6533 -0.7281 0.2075 0.2421 0.3624
charger_material_0.bmp
  3 6.1400 -3.7210 54.3309 0.6540 -0.7542 -0.0588 0.2303 0.3485
  3 6.2800 -3.3001 53.4088 0.7479 -0.6013 -0.2813 0.2362 0.3386
  3 7.4400 -2.5339 54.7827 0.7329 -0.6722 -0.1054 0.2500 0.3564
charger_material_0.bmp
  3 6.1400 -3.7210 54.3309 0.6540 -0.7542 -0.0588 0.2303 0.3485
  3 4.8100 -4.4131 52.7174 0.9459 -0.3244 -0.0027 0.2165 0.3307
  3 6.2800 -3.3001 53.4088 0.7479 -0.6013 -0.2813 0.2362 0.3386
charger_material_0.bmp
  3 6.1400 -3.7210 54.3309 0.6540 -0.7542 -0.0588 0.2303 0.3485
  3 4.6500 -4.8054 54.0789 0.8952 -0.4339 0.1014 0.2106 0.3446
  3 4.8100 -4.4131 52.7174 0.9459 -0.3244 -0.0027 0.2165 0.3307
charger_material_0.bmp
  3 6.1400 -3.7210 54.3309 0.6540 -0.7542 -0.0588 0.2303 0.3485
  3 5.9300 -3.8228 55.4087 0.5789 -0.7679 0.2742 0.2283 0.3604
  3 4.6500 -4.8054 54.0789 0.8952 -0.4339 0.1014 0.2106 0.3446
charger_material_0.bmp
  3 6.1400 -3.7210 54.3309 0.6540 -0.7542 -0.0588 0.2303 0.3485
  3 6.9100 -2.8411 55.5513 0.6533 -0.7281 0.2075 0.2421 0.3624
  3 5.9300 -3.8228 55.4087 0.5789 -0.7679 0.2742 0.2283 0.3604
charger_material_0.bmp
  4 2.3800 7.1668 60.1884 -0.0230 0.8685 0.4951 0.3996 0.3901
  4 2.8400 8.0267 56.8577 0.8487 0.5288 0.0001 0.3898 0.3564
  4 1.6600 8.5857 56.8526 -0.1044 0.9653 0.2394 0.4016 0.3485
charger_material_0.bmp
  4 1.6600 8.5857 56.8526 -0.1044 0.9653 0.2394 0.4016 0.3485
  4 2.8400 8.0267 56.8577 0.8487 0.5288 0.0001 0.3898 0.3564
  3 2.3500 8.3834 54.4268 0.8101 0.5742 -0.1187 0.3898 0.3287
charger_material_0.bmp
  4 2.8400 8.0267 56.8577 0.8487 0.5288 0.0001 0.3898 0.3564
  3 2.3600 8.1327 54.4345 0.8101 0.5742 -0.1187 0.3878 0.3307
  3 2.3500 8.3834 54.4268 0.8101 0.5742 -0.1187 0.3898 0.3287
charger_material_0.bmp
  3 2.3500 8.3834 54.4268 0.8101 0.5742 -0.1187 0.3898 0.3287
  3 2.3600 8.1327 54.4345 0.8101 0.5742 -0.1187 0.3878 0.3307
  3 1.8500 8.1276 51.8493 0.8302 0.5265 -0.1829 0.3898 0.3030
charger_material_0.bmp
  3 2.3600 8.1327 54.4345 0.8101 0.5742 -0.1187 0.3878 0.3307
  3 3.3600 7.7054 54.0291 0.4657 0.8846 -0.0236 0.3760 0.3287
  3 1.8500 8.1276 51.8493 0.8302 0.5265 -0.1829 0.3898 0.3030
charger_material_0.bmp
  3 1.8500 8.1276 51.8493 0.8302 0.5265 -0.1829 0.3898 0.3030
  3 3.3600 7.7054 54.0291 0.4657 0.8846 -0.0236 0.3760 0.3287
  3 2.9500 7.7069 51.7752 0.4497 0.8887 -0.0898 0.3760 0.3050
charger_material_0.bmp
 10 9.4599 2.8681 28.8377 0.9463 0.3149 0.0732 0.8602 0.2931
 10 7.9933 5.0670 28.1891 0.6510 0.7577 -0.0457 0.8878 0.2891
 10 7.6941 5.6028 31.1807 0.6646 0.7471 -0.0147 0.8878 0.3208
charger_material_0.bmp
 10 7.6941 5.6028 31.1807 0.6646 0.7471 -0.0147 0.8878 0.3208
 10 7.9933 5.0670 28.1891 0.6510 0.7577 -0.0457 0.8878 0.2891
 10 5.1693 6.6046 30.0884 0.1495 0.9739 -0.1708 0.9173 0.3149
charger_material_0.bmp
 10 7.9933 5.0670 28.1891 0.6510 0.7577 -0.0457 0.8878 0.2891
 10 5.6628 6.1416 27.3810 0.0670 0.9907 -0.1181 0.9173 0.2832
 10 5.1693 6.6046 30.0884 0.1495 0.9739 -0.1708 0.9173 0.3149
charger_material_0.bmp
 10 5.1693 6.6046 30.0884 0.1495 0.9739 -0.1708 0.9173 0.3149
 10 5.6628 6.1416 27.3810 0.0670 0.9907 -0.1181 0.9173 0.2832
 10 2.7167 6.0146 29.1634 -0.3908 0.8936 -0.2210 0.9469 0.3069
charger_material_0.bmp
 10 5.6628 6.1416 27.3810 0.0670 0.9907 -0.1181 0.9173 0.2832
 10 3.7349 5.9240 26.7362 -0.3507 0.9194 -0.1779 0.9409 0.2772
 10 2.7167 6.0146 29.1634 -0.3908 0.8936 -0.2210 0.9469 0.3069
charger_material_0.bmp
 10 2.7167 6.0146 29.1634 -0.3908 0.8936 -0.2210 0.9469 0.3069
 10 3.7349 5.9240 26.7362 -0.3507 0.9194 -0.1779 0.9409 0.2772
 10 1.5023 4.9141 28.6672 -0.8618 0.4912 -0.1265 0.9646 0.3010
charger_material_0.bmp
 18 34.1269 -1.7806 51.1985 0.9257 0.0424 0.3759 0.5709 0.0238
 18 33.7995 -1.6092 51.4176 0.4791 0.8149 0.3262 0.5728 0.0257
 18 33.8097 -1.7019 51.4724 0.5409 0.0650 0.8386 0.5728 0.0257
charger_material_0.bmp
 18 33.8097 -1.7019 51.4724 0.5409 0.0650 0.8386 0.5728 0.0257
 18 33.7995 -1.6092 51.4176 0.4791 0.8149 0.3262 0.5728 0.0257
 18 33.6414 -1.6651 51.5550 0.5080 0.1076 0.8546 0.5728 0.0277
charger_material_0.bmp
 18 33.7995 -1.6092 51.4176 0.4791 0.8149 0.3262 0.5728 0.0257
 18 33.6232 -1.5629 51.5123 0.3811 0.8807 0.2813 0.5748 0.0277
 18 33.6414 -1.6651 51.5550 0.5080 0.1076 0.8546 0.5728 0.0277
charger_material_0.bmp
 18 33.6414 -1.6651 51.5550 0.5080 0.1076 0.8546 0.5728 0.0277
 18 33.6232 -1.5629 51.5123 0.3811 0.8807 0.2813 0.5748 0.0277
 18 33.2136 -1.5636 51.7785 0.5711 0.1270 0.8110 0.5728 0.0337
charger_material_0.bmp
 18 33.6232 -1.5629 51.5123 0.3811 0.8807 0.2813 0.5748 0.0277
 18 33.2018 -1.4504 51.7148 0.3387 0.9407 0.0188 0.5748 0.0337
 18 33.2136 -1.5636 51.7785 0.5711 0.1270 0.8110 0.5728 0.0337
charger_material_0.bmp
 18 33.2136 -1.5636 51.7785 0.5711 0.1270 0.8110 0.5728 0.0337
 18 33.2018 -1.4504 51.7148 0.3387 0.9407 0.0188 0.5748 0.0337
 18 33.0846 -1.3938 51.7994 0.4864 0.8446 0.2238 0.5768 0.0356
charger_material_0.bmp
 18 25.9661 0.2585 52.0188 -0.1129 -0.4650 -0.8781 0.5354 0.1465
 18 26.9115 0.0916 52.0762 -0.0003 -0.4353 -0.9003 0.5394 0.1307
 18 26.7644 -0.2472 52.2693 -0.0811 -0.5154 -0.8531 0.5453 0.1327
charger_material_0.bmp
 18 26.7644 -0.2472 52.2693 -0.0811 -0.5154 -0.8531 0.5453 0.1327
 18 26.9115 0.0916 52.0762 -0.0003 -0.4353 -0.9003 0.5394 0.1307
 18 27.8958 -0.5785 52.3975 -0.0264 -0.3483 -0.9370 0.5512 0.1149
charger_material_0.bmp
 18 26.9115 0.0916 52.0762 -0.0003 -0.4353 -0.9003 0.5394 0.1307
 18 27.9878 -0.2737 52.2939 0.0272 -0.0172 -0.9995 0.5472 0.1129
 18 27.8958 -0.5785 52.3975 -0.0264 -0.3483 -0.9370 0.5512 0.1149
charger_material_0.bmp
 18 27.8958 -0.5785 52.3975 -0.0264 -0.3483 -0.9370 0.5512 0.1149
 18 27.9878 -0.2737 52.2939 0.0272 -0.0172 -0.9995 0.5472 0.1129
 18 28.7115 -0.8002 52.3533 -0.2218 -0.4326 -0.8739 0.5551 0.0970
charger_material_0.bmp
 18 27.9878 -0.2737 52.2939 0.0272 -0.0172 -0.9995 0.5472 0.1129
 18 28.7937 -0.5054 52.2510 -0.0925 0.0755 -0.9928 0.5492 0.0970
 18 28.7115 -0.8002 52.3533 -0.2218 -0.4326 -0.8739 0.5551 0.0970
charger_material_0.bmp
 18 28.7115 -0.8002 52.3533 -0.2218 -0.4326 -0.8739 0.5551 0.0970
 18 28.7937 -0.5054 52.2510 -0.0925 0.0755 -0.9928 0.5492 0.0970
 18 29.5774 -0.7539 52.1401 -0.1801 0.0329 -0.9831 0.5472 0.0891
charger_material_0.bmp
 18 10.0068 -1.1455 58.0211 0.4595 -0.6672 0.5863 0.5433 0.3248
 18 11.4164 -1.1056 57.0395 0.3171 -0.6857 0.6552 0.5433 0.3149
 18 11.2688 -0.2429 57.6561 0.4858 -0.4681 0.7382 0.5551 0.3168
charger_material_0.bmp
 18 10.0068 -1.1455 58.0211 0.4595 -0.6672 0.5863 0.5433 0.3248
 18 9.8710 -1.7092 57.2456 0.3405 -0.8985 0.2770 0.5335 0.3188
 18 11.4164 -1.1056 57.0395 0.3171 -0.6857 0.6552 0.5433 0.3149
charger_material_0.bmp
 18 10.0068 -1.1455 58.0211 0.4595 -0.6672 0.5863 0.5433 0.3248
 18 9.0645 -1.8314 57.7903 0.3197 -0.8773 0.3578 0.5315 0.3267
 18 9.8710 -1.7092 57.2456 0.3405 -0.8985 0.2770 0.5335 0.3188
charger_material_0.bmp
 18 10.0068 -1.1455 58.0211 0.4595 -0.6672 0.5863 0.5433 0.3248
 18 9.0700 -1.2450 58.5190 0.4040 -0.7165 0.5687 0.5413 0.3327
 18 9.0645 -1.8314 57.7903 0.3197 -0.8773 0.3578 0.5315 0.3267
charger_material_0.bmp
 18 10.0068 -1.1455 58.0211 0.4595 -0.6672 0.5863 0.5433 0.3248
 18 10.0963 -0.4175 58.7111 0.5247 -0.5884 0.6152 0.5531 0.3287
 18 9.0700 -1.2450 58.5190 0.4040 -0.7165 0.5687 0.5413 0.3327
charger_material_0.bmp
 18 10.0068 -1.1455 58.0211 0.4595 -0.6672 0.5863 0.5433 0.3248
 18 11.2688 -0.2429 57.6561 0.4858 -0.4681 0.7382 0.5551 0.3168
 18 10.0963 -0.4175 58.7111 0.5247 -0.5884 0.6152 0.5531 0.3287
charger_material_0.bmp
 18 10.3238 0.9918 59.1648 0.6048 0.1414 0.7837 0.5709 0.3327
 18 10.2987 0.2958 59.0649 0.6020 -0.3251 0.7293 0.5630 0.3307
 18 11.3467 0.8690 58.0614 0.4522 -0.0072 0.8919 0.5689 0.3168
charger_material_0.bmp
 18 10.3238 0.9918 59.1648 0.6048 0.1414 0.7837 0.5709 0.3327
 18 9.3261 0.2153 59.5904 0.5149 -0.2600 0.8169 0.5630 0.3406
 18 10.2987 0.2958 59.0649 0.6020 -0.3251 0.7293 0.5630 0.3307
charger_material_0.bmp
 18 10.3238 0.9918 59.1648 0.6048 0.1414 0.7837 0.5709 0.3327
 18 9.3154 0.9202 59.7175 0.5236 -0.0033 0.8520 0.5709 0.3426
 18 9.3261 0.2153 59.5904 0.5149 -0.2600 0.8169 0.5630 0.3406
charger_material_0.bmp
 18 10.3238 0.9918 59.1648 0.6048 0.1414 0.7837 0.5709 0.3327
 18 9.6178 1.5602 59.4907 0.5711 0.1270 0.8110 0.5787 0.3386
 18 9.3154 0.9202 59.7175 0.5236 -0.0033 0.8520 0.5709 0.3426
charger_material_0.bmp
 18 10.3238 0.9918 59.1648 0.6048 0.1414 0.7837 0.5709 0.3327
 18 10.6193 1.6138 58.0436 0.6450 0.1212 0.7545 0.5787 0.3248
 18 9.6178 1.5602 59.4907 0.5711 0.1270 0.8110 0.5787 0.3386
charger_material_0.bmp
 18 10.3238 0.9918 59.1648 0.6048 0.1414 0.7837 0.5709 0.3327
 18 11.3467 0.8690 58.0614 0.4522 -0.0072 0.8919 0.5689 0.3168
 18 10.6193 1.6138 58.0436 0.6450 0.1212 0.7545 0.5787 0.3248
charger_material_0.bmp
  4 2.0600 2.0248 64.7653 0.2573 0.0758 0.9634 0.7087 0.7921
  4 1.8800 3.1865 64.4516 0.3360 0.3875 0.8584 0.6949 0.8059
  4 1.1900 2.8055 64.7484 0.2320 0.2279 0.9456 0.6909 0.7941
charger_material_0.bmp
  4 1.1900 2.8055 64.7484 0.2320 0.2279 0.9456 0.6909 0.7941
  4 1.8800 3.1865 64.4516 0.3360 0.3875 0.8584 0.6949 0.8059
  4 0.8200 3.9271 64.5442 0.3915 0.3211 0.8623 0.6772 0.8020
charger_material_0.bmp
  4 1.8800 3.1865 64.4516 0.3360 0.3875 0.8584 0.6949 0.8059
  4 1.9400 4.7422 63.4823 0.4979 0.5072 0.7035 0.6811 0.8277
  4 0.8200 3.9271 64.5442 0.3915 0.3211 0.8623 0.6772 0.8020
charger_material_0.bmp
  4 0.8200 3.9271 64.5442 0.3915 0.3211 0.8623 0.6772 0.8020
  4 1.9400 4.7422 63.4823 0.4979 0.5072 0.7035 0.6811 0.8277
  4 1.2400 4.8211 63.8948 0.4791 0.3866 0.7880 0.6732 0.8178
charger_material_0.bmp
  4 1.9400 4.7422 63.4823 0.4979 0.5072 0.7035 0.6811 0.8277
  4 0.7100 5.5297 63.8204 0.5101 0.4430 0.7373 0.6614 0.8198
  4 1.2400 4.8211 63.8948 0.4791 0.3866 0.7880 0.6732 0.8178
charger_material_0.bmp
  4 1.2400 4.8211 63.8948 0.4791 0.3866 0.7880 0.6732 0.8178
  4 0.7100 5.5297 63.8204 0.5101 0.4430 0.7373 0.6614 0.8198
  4 0.8200 3.9271 64.5442 0.3915 0.3211 0.8623 0.6772 0.8020
charger_material_0.bmp
  4 -0.6800 -5.7847 61.5139 -0.1969 0.3744 -0.9061 0.7205 0.6812
  4 -1.3200 -5.4735 61.5970 0.0445 0.2321 -0.9717 0.7047 0.6792
  4 -0.6700 -5.2036 61.6777 -0.2237 0.0267 -0.9743 0.7165 0.6733
charger_material_0.bmp
  4 -0.6800 -5.7847 61.5139 -0.1969 0.3744 -0.9061 0.7205 0.6812
  4 -1.2100 -5.7510 61.4769 0.0973 0.4544 -0.8855 0.7106 0.6832
  4 -1.3200 -5.4735 61.5970 0.0445 0.2321 -0.9717 0.7047 0.6792
charger_material_0.bmp
  4 -0.6800 -5.7847 61.5139 -0.1969 0.3744 -0.9061 0.7205 0.6812
  4 -1.0600 -6.0126 61.3335 0.0730 0.6179 -0.7828 0.7146 0.6871
  4 -1.2100 -5.7510 61.4769 0.0973 0.4544 -0.8855 0.7106 0.6832
charger_material_0.bmp
  4 -0.6800 -5.7847 61.5139 -0.1969 0.3744 -0.9061 0.7205 0.6812
  4 -0.7100 -6.0790 61.3055 0.0048 0.5896 -0.8077 0.7224 0.6851
  4 -1.0600 -6.0126 61.3335 0.0730 0.6179 -0.7828 0.7146 0.6871
charger_material_0.bmp
  4 -0.6800 -5.7847 61.5139 -0.1969 0.3744 -0.9061 0.7205 0.6812
  4 -0.5400 -6.0304 61.3471 -0.3043 0.4104 -0.8596 0.7244 0.6832
  4 -0.7100 -6.0790 61.3055 0.0048 0.5896 -0.8077 0.7224 0.6851
charger_material_0.bmp
  4 -0.6800 -5.7847 61.5139 -0.1969 0.3744 -0.9061 0.7205 0.6812
  4 -0.3800 -5.9612 61.2830 -0.3463 0.2456 -0.9054 0.7264 0.6812
  4 -0.5400 -6.0304 61.3471 -0.3043 0.4104 -0.8596 0.7244 0.6832
charger_material_0.bmp
 18 9.4942 3.3518 56.1002 0.1407 0.8917 -0.4302 0.2539 0.3842
 18 9.6447 2.8463 55.3374 -0.0160 0.6900 -0.7236 0.2657 0.3703
 18 8.8219 2.9653 55.2254 0.4760 0.5374 -0.6961 0.2638 0.3683
charger_material_0.bmp
 18 8.8219 2.9653 55.2254 0.4760 0.5374 -0.6961 0.2638 0.3683
 18 9.6447 2.8463 55.3374 -0.0160 0.6900 -0.7236 0.2657 0.3703
 18 8.9483 2.2642 55.0067 0.2644 0.0427 -0.9635 0.2815 0.3624
charger_material_0.bmp
 18 9.6447 2.8463 55.3374 -0.0160 0.6900 -0.7236 0.2657 0.3703
 18 9.7374 2.2170 54.8739 -0.1417 -0.1181 -0.9828 0.2815 0.3604
 18 8.9483 2.2642 55.0067 0.2644 0.0427 -0.9635 0.2815 0.3624
charger_material_0.bmp
 18 8.9483 2.2642 55.0067 0.2644 0.0427 -0.9635 0.2815 0.3624
 18 9.7374 2.2170 54.8739 -0.1417 -0.1181 -0.9828 0.2815 0.3604
 18 9.2306 1.0748 55.3673 -0.0913 -0.0777 -0.9928 0.3091 0.3703
charger_material_0.bmp
 18 9.7374 2.2170 54.8739 -0.1417 -0.1181 -0.9828 0.2815 0.3604
 18 12.4792 2.2214 54.5276 0.1593 0.0844 -0.9836 0.2815 0.3564
 18 9.2306 1.0748 55.3673 -0.0913 -0.0777 -0.9928 0.3091 0.3703
charger_material_0.bmp
 18 9.2306 1.0748 55.3673 -0.0913 -0.0777 -0.9928 0.3091 0.3703
 18 12.4792 2.2214 54.5276 0.1593 0.0844 -0.9836 0.2815 0.3564
 18 12.5323 0.9378 54.5687 -0.0132 0.1953 -0.9807 0.3130 0.3564
charger_material_0.bmp
  4 0.4300 -6.2941 63.5355 0.2452 -0.3842 -0.8901 0.8917 0.5842
  4 0.2200 -6.2423 63.4340 0.2830 -0.3338 -0.8992 0.8898 0.5802
  4 0.4200 -6.2347 63.4733 0.2323 -0.3307 -0.9147 0.8917 0.5822
charger_material_0.bmp
  4 0.4200 -6.2347 63.4733 0.2323 -0.3307 -0.9147 0.8917 0.5822
  4 0.2200 -6.2423 63.4340 0.2830 -0.3338 -0.8992 0.8898 0.5802
  4 0.2400 -6.2109 63.4382 0.1436 -0.5906 -0.7940 0.8898 0.5802
charger_material_0.bmp
  4 0.2200 -6.2423 63.4340 0.2830 -0.3338 -0.8992 0.8898 0.5802
  4 0.0700 -6.1417 63.3741 0.2624 -0.5703 -0.7784 0.8878 0.5782
  4 0.2400 -6.2109 63.4382 0.1436 -0.5906 -0.7940 0.8898 0.5802
charger_material_0.bmp
  4 0.2400 -6.2109 63.4382 0.1436 -0.5906 -0.7940 0.8898 0.5802
  4 0.0700 -6.1417 63.3741 0.2624 -0.5703 -0.7784 0.8878 0.5782
  4 0.1500 -6.1591 63.3366 -0.1468 -0.8781 -0.4554 0.8898 0.5782
charger_material_0.bmp
  4 0.0700 -6.1417 63.3741 0.2624 -0.5703 -0.7784 0.8878 0.5782
  4 0.1200 -6.1053 63.2449 -0.3117 -0.7541 -0.5781 0.8898 0.5782
  4 0.1500 -6.1591 63.3366 -0.1468 -0.8781 -0.4554 0.8898 0.5782
charger_material_0.bmp
  4 1.4900 -3.3478 62.5447 0.9092 0.0427 -0.4141 0.9390 0.5663
  4 1.5700 -3.7729 62.7176 0.8838 -0.1119 -0.4542 0.9311 0.5683
  4 1.3400 -3.8314 61.9855 0.9177 -0.2563 -0.3036 0.9291 0.5564
charger_material_0.bmp
  4 1.4900 -3.3478 62.5447 0.9092 0.0427 -0.4141 0.9390 0.5663
  4 1.8100 -3.3966 62.9816 0.9222 0.1972 -0.3326 0.9370 0.5743
  4 1.5700 -3.7729 62.7176 0.8838 -0.1119 -0.4542 0.9311 0.5683
charger_material_0.bmp
  4 1.4900 -3.3478 62.5447 0.9092 0.0427 -0.4141 0.9390 0.5663
  4 1.6900 -3.1856 63.0736 0.9603 -0.0432 -0.2755 0.9409 0.5762
  4 1.8100 -3.3966 62.9816 0.9222 0.1972 -0.3326 0.9370 0.5743
charger_material_0.bmp
  4 1.4900 -3.3478 62.5447 0.9092 0.0427 -0.4141 0.9390 0.5663
  4 1.7000 -2.9575 62.7755 0.8189 0.0010 -0.5740 0.9469 0.5723
  4 1.6900 -3.1856 63.0736 0.9603 -0.0432 -0.2755 0.9409 0.5762
charger_material_0.bmp
  4 1.4900 -3.3478 62.5447 0.9092 0.0427 -0.4141 0.9390 0.5663
  4 1.4800 -2.9810 62.5458 0.7430 0.2570 -0.6180 0.9449 0.5663
  4 1.7000 -2.9575 62.7755 0.8189 0.0010 -0.5740 0.9469 0.5723
charger_material_0.bmp
  4 1.1800 -3.5405 61.2172 0.9314 -0.1672 -0.3234 0.9291 0.5426
  4 1.3000 -3.1229 61.6974 0.9763 0.0432 -0.2122 0.9390 0.5505
  4 1.3800 -3.3988 61.8519 0.9763 0.0432 -0.2122 0.9350 0.5545
charger_material_0.bmp
  4 1.3800 -3.3988 61.8519 0.9763 0.0432 -0.2122 0.9350 0.5545
  4 1.3000 -3.1229 61.6974 0.9763 0.0432 -0.2122 0.9390 0.5505
  4 1.3800 -3.0031 62.3770 0.9396 0.1269 -0.3179 0.9449 0.5624
charger_material_0.bmp
  4 1.3000 -3.1229 61.6974 0.9763 0.0432 -0.2122 0.9390 0.5505
  4 1.3500 -2.6033 62.1784 0.9773 -0.0089 -0.2115 0.9508 0.5564
  4 1.3800 -3.0031 62.3770 0.9396 0.1269 -0.3179 0.9449 0.5624
charger_material_0.bmp
  4 1.3800 -3.0031 62.3770 0.9396 0.1269 -0.3179 0.9449 0.5624
  4 1.3500 -2.6033 62.1784 0.9773 -0.0089 -0.2115 0.9508 0.5564
  4 1.6800 -2.6659 63.0761 0.6852 0.5106 -0.5194 0.9528 0.5762
charger_material_0.bmp
  4 1.3500 -2.6033 62.1784 0.9773 -0.0089 -0.2115 0.9508 0.5564
  4 1.6600 -2.2045 63.2526 0.9228 0.1208 -0.3659 0.9606 0.5802
  4 1.6800 -2.6659 63.0761 0.6852 0.5106 -0.5194 0.9528 0.5762
charger_material_0.bmp
  4 -0.0500 -5.3665 60.7722 0.2094 -0.1607 0.9645 0.7283 0.6475
  4 -0.3200 -5.2154 60.7637 -0.2429 0.0695 0.9676 0.7244 0.6475
  4 -0.2700 -5.6313 60.7719 0.0750 -0.2160 0.9735 0.7244 0.6416
charger_material_0.bmp
  4 -0.2700 -5.6313 60.7719 0.0750 -0.2160 0.9735 0.7244 0.6416
  4 -0.3200 -5.2154 60.7637 -0.2429 0.0695 0.9676 0.7244 0.6475
  4 -0.6400 -5.1870 60.6463 -0.1939 0.1113 0.9747 0.7165 0.6455
charger_material_0.bmp
  4 -0.3200 -5.2154 60.7637 -0.2429 0.0695 0.9676 0.7244 0.6475
  4 -0.6700 -4.8296 60.5983 0.0750 -0.2160 0.9735 0.7146 0.6515
  4 -0.6400 -5.1870 60.6463 -0.1939 0.1113 0.9747 0.7165 0.6455
charger_material_0.bmp
  4 -0.6400 -5.1870 60.6463 -0.1939 0.1113 0.9747 0.7165 0.6455
  4 -0.6700 -4.8296 60.5983 0.0750 -0.2160 0.9735 0.7146 0.6515
  4 -0.9700 -5.1303 60.6762 0.3606 -0.0951 0.9279 0.7106 0.6475
charger_material_0.bmp
  4 -0.6700 -4.8296 60.5983 0.0750 -0.2160 0.9735 0.7146 0.6515
  4 -0.9600 -4.6750 60.8742 0.3178 -0.9430 0.0991 0.7106 0.6554
  4 -0.9700 -5.1303 60.6762 0.3606 -0.0951 0.9279 0.7106 0.6475
charger_material_0.bmp
  4 -0.4100 -0.4322 65.8663 0.1932 0.9347 0.2985 0.7835 0.6673
  4 -0.6400 -0.6405 66.3744 0.1181 0.7737 0.6224 0.7913 0.6634
  4 -0.2900 -0.6120 66.2570 0.1923 0.8354 0.5149 0.7894 0.6693
charger_material_0.bmp
  4 -0.2900 -0.6120 66.2570 0.1923 0.8354 0.5149 0.7894 0.6693
  4 -0.6400 -0.6405 66.3744 0.1181 0.7737 0.6224 0.7913 0.6634
  4 -0.0400 -1.0430 66.6652 0.1775 0.6694 0.7214 0.7992 0.6733
charger_material_0.bmp
  4 -0.6400 -0.6405 66.3744 0.1181 0.7737 0.6224 0.7913 0.6634
  4 -0.5100 -1.1973 66.8169 0.0079 0.5536 0.8328 0.8012 0.6653
  4 -0.0400 -1.0430 66.6652 0.1775 0.6694 0.7214 0.7992 0.6733
charger_material_0.bmp
  4 -0.0400 -1.0430 66.6652 0.1775 0.6694 0.7214 0.7992 0.6733
  4 -0.5100 -1.1973 66.8169 0.0079 0.5536 0.8328 0.8012 0.6653
  4 -0.0800 -1.6724 67.1011 0.1080 0.5174 0.8489 0.8091 0.6713
charger_material_0.bmp
  4 -0.5100 -1.1973 66.8169 0.0079 0.5536 0.8328 0.8012 0.6653
  4 -0.5400 -2.0151 67.2786 -0.1749 0.3433 0.9228 0.8150 0.6634
  4 -0.0800 -1.6724 67.1011 0.1080 0.5174 0.8489 0.8091 0.6713
charger_material_0.bmp
  4 0.7500 -5.9560 63.4404 0.2558 -0.7592 -0.5985 0.8976 0.5822
  4 0.8700 -5.8648 63.3313 0.2250 -0.9552 -0.1921 0.8996 0.5802
  4 0.9200 -5.9213 63.5152 0.1337 -0.7966 -0.5896 0.8996 0.5842
charger_material_0.bmp
  4 0.9200 -5.9213 63.5152 0.1337 -0.7966 -0.5896 0.8996 0.5842
  4 0.8700 -5.8648 63.3313 0.2250 -0.9552 -0.1921 0.8996 0.5802
  4 1.1200 -5.8648 63.3313 0.0450 -0.9623 -0.2681 0.9016 0.5822
charger_material_0.bmp
  4 0.8700 -5.8648 63.3313 0.2250 -0.9552 -0.1921 0.8996 0.5802
  4 1.1000 -5.8510 63.0843 0.1173 -0.9908 -0.0679 0.9016 0.5782
  4 1.1200 -5.8648 63.3313 0.0450 -0.9623 -0.2681 0.9016 0.5822
charger_material_0.bmp
  4 1.1200 -5.8648 63.3313 0.0450 -0.9623 -0.2681 0.9016 0.5822
  4 1.1000 -5.8510 63.0843 0.1173 -0.9908 -0.0679 0.9016 0.5782
  4 1.3500 -5.7939 63.0632 0.4159 -0.8845 -0.2115 0.9055 0.5782
charger_material_0.bmp
  4 1.1000 -5.8510 63.0843 0.1173 -0.9908 -0.0679 0.9016 0.5782
  4 1.1600 -5.8099 62.8728 0.2618 -0.9406 -0.2161 0.9035 0.5762
  4 1.3500 -5.7939 63.0632 0.4159 -0.8845 -0.2115 0.9055 0.5782
charger_material_0.bmp
  4 5.5900 -0.8722 61.3282 0.2367 -0.7311 0.6399 0.2303 0.4317
  4 4.6900 -2.3036 59.9118 0.7337 -0.5790 0.3557 0.2205 0.4059
  4 5.6600 -2.0520 59.8433 0.2892 -0.8478 0.4446 0.2303 0.4059
charger_material_0.bmp
  4 5.6600 -2.0520 59.8433 0.2892 -0.8478 0.4446 0.2303 0.4059
  4 4.6900 -2.3036 59.9118 0.7337 -0.5790 0.3557 0.2205 0.4059
  4 5.5900 -2.4070 58.4655 0.3476 -0.8911 0.2917 0.2323 0.3921
charger_material_0.bmp
  4 4.6900 -2.3036 59.9118 0.7337 -0.5790 0.3557 0.2205 0.4059
  4 4.6400 -2.8536 58.6323 0.8271 -0.5173 0.2197 0.2205 0.3901
  4 5.5900 -2.4070 58.4655 0.3476 -0.8911 0.2917 0.2323 0.3921
charger_material_0.bmp
  4 5.5900 -2.4070 58.4655 0.3476 -0.8911 0.2917 0.2323 0.3921
  4 4.6400 -2.8536 58.6323 0.8271 -0.5173 0.2197 0.2205 0.3901
  4 5.5900 -2.9397 57.2234 0.4651 -0.8128 0.3508 0.2303 0.3782
charger_material_0.bmp
  4 4.6400 -2.8536 58.6323 0.8271 -0.5173 0.2197 0.2205 0.3901
  4 4.6300 -3.4050 57.5058 0.8322 -0.4942 0.2514 0.2185 0.3782
  4 5.5900 -2.9397 57.2234 0.4651 -0.8128 0.3508 0.2303 0.3782
charger_material_0.bmp
  4 3.4200 -3.8942 57.6095 -0.3394 -0.8234 0.4548 0.7106 0.5683
  4 3.5200 -3.1237 59.0301 -0.5146 -0.7104 0.4801 0.7185 0.5802
  4 2.3800 -3.3642 58.9437 0.0253 -0.7560 0.6541 0.7087 0.5861
charger_material_0.bmp
  4 2.3800 -3.3642 58.9437 0.0253 -0.7560 0.6541 0.7087 0.5861
  4 3.5200 -3.1237 59.0301 -0.5146 -0.7104 0.4801 0.7185 0.5802
  4 3.0500 -2.9218 59.5005 -0.0113 -0.7064 0.7077 0.7185 0.5842
charger_material_0.bmp
  4 3.5200 -3.1237 59.0301 -0.5146 -0.7104 0.4801 0.7185 0.5802
  4 3.4800 -2.1818 60.1226 -0.5294 -0.5933 0.6064 0.7264 0.5842
  4 3.0500 -2.9218 59.5005 -0.0113 -0.7064 0.7077 0.7185 0.5842
charger_material_0.bmp
  4 3.0500 -2.9218 59.5005 -0.0113 -0.7064 0.7077 0.7185 0.5842
  4 3.4800 -2.1818 60.1226 -0.5294 -0.5933 0.6064 0.7264 0.5842
  4 2.4900 -2.1515 60.0150 0.0177 -0.6887 0.7248 0.7224 0.5941
charger_material_0.bmp
  4 3.4800 -2.1818 60.1226 -0.5294 -0.5933 0.6064 0.7264 0.5842
  4 2.8500 -1.5375 60.4576 0.0253 -0.7560 0.6541 0.7303 0.5921
  4 2.4900 -2.1515 60.0150 0.0177 -0.6887 0.7248 0.7224 0.5941
charger_material_0.bmp
  4 0.2300 -3.9073 59.6177 0.7889 -0.4384 -0.4307 0.6929 0.6139
  4 -0.0400 -4.2335 59.4560 0.5430 -0.4171 -0.7288 0.6870 0.6158
  4 -0.0200 -3.9550 58.9956 0.4814 -0.8476 -0.2233 0.6850 0.6079
charger_material_0.bmp
  4 0.2300 -3.9073 59.6177 0.7889 -0.4384 -0.4307 0.6929 0.6139
  4 0.1700 -4.4097 59.6526 0.6280 -0.1502 -0.7636 0.6909 0.6198
  4 -0.0400 -4.2335 59.4560 0.5430 -0.4171 -0.7288 0.6870 0.6158
charger_material_0.bmp
  4 0.2300 -3.9073 59.6177 0.7889 -0.4384 -0.4307 0.6929 0.6139
  4 0.3200 -4.1360 59.7530 0.7385 -0.0286 -0.6737 0.6949 0.6178
  4 0.1700 -4.4097 59.6526 0.6280 -0.1502 -0.7636 0.6909 0.6198
charger_material_0.bmp
  4 0.2300 -3.9073 59.6177 0.7889 -0.4384 -0.4307 0.6929 0.6139
  4 0.5200 -3.7817 60.0620 0.8526 -0.1540 -0.4993 0.6988 0.6158
  4 0.3200 -4.1360 59.7530 0.7385 -0.0286 -0.6737 0.6949 0.6178
charger_material_0.bmp
  4 0.2300 -3.9073 59.6177 0.7889 -0.4384 -0.4307 0.6929 0.6139
  4 0.4800 -3.6069 59.8046 0.8243 -0.4988 -0.2679 0.6988 0.6119
  4 0.5200 -3.7817 60.0620 0.8526 -0.1540 -0.4993 0.6988 0.6158
charger_material_0.bmp
  2 -0.2297 9.1156 48.3818 -0.1592 0.9651 0.2081 0.4134 0.2653
  3 0.1100 8.9739 49.8639 -0.1049 0.9939 0.0342 0.4094 0.2792
  2 1.3203 8.0155 48.5509 0.9359 0.3249 -0.1363 0.3937 0.2673
charger_material_0.bmp
  2 1.3203 8.0155 48.5509 0.9359 0.3249 -0.1363 0.3937 0.2673
  3 0.1100 8.9739 49.8639 -0.1049 0.9939 0.0342 0.4094 0.2792
  3 1.5600 8.0771 50.1243 0.9007 0.3935 -0.1838 0.3917 0.2851
charger_material_0.bmp
  3 0.1100 8.9739 49.8639 -0.1049 0.9939 0.0342 0.4094 0.2792
  3 0.3800 8.9747 51.5038 -0.1828 0.9820 0.0471 0.4075 0.2970
  3 1.5600 8.0771 50.1243 0.9007 0.3935 -0.1838 0.3917 0.2851
charger_material_0.bmp
  3 1.5600 8.0771 50.1243 0.9007 0.3935 -0.1838 0.3917 0.2851
  3 0.3800 8.9747 51.5038 -0.1828 0.9820 0.0471 0.4075 0.2970
  3 1.8800 8.3673 51.8327 0.7585 0.6322 -0.1582 0.3917 0.3030
charger_material_0.bmp
  3 0.3800 8.9747 51.5038 -0.1828 0.9820 0.0471 0.4075 0.2970
  3 0.9700 8.7578 54.2645 -0.3003 0.9447 0.1319 0.4035 0.3248
  3 1.8800 8.3673 51.8327 0.7585 0.6322 -0.1582 0.3917 0.3030
charger_material_0.bmp
  2 -0.9097 9.1161 47.8119 0.1081 0.9240 0.3669 0.4213 0.2594
  2 -0.6697 9.3261 47.7520 0.2101 0.9512 0.2259 0.4193 0.2594
  2 -2.3598 9.9965 47.2526 0.2124 0.8687 0.4475 0.4370 0.2574
charger_material_0.bmp
  2 -2.3598 9.9965 47.2526 0.2124 0.8687 0.4475 0.4370 0.2574
  2 -0.6697 9.3261 47.7520 0.2101 0.9512 0.2259 0.4193 0.2594
  2 -0.6198 8.9072 46.4617 0.4907 0.8109 -0.3190 0.4154 0.2475
charger_material_0.bmp
  2 -0.6697 9.3261 47.7520 0.2101 0.9512 0.2259 0.4193 0.2594
  2 1.1802 7.7268 46.9706 0.9359 0.3249 -0.1363 0.3917 0.2515
  2 -0.6198 8.9072 46.4617 0.4907 0.8109 -0.3190 0.4154 0.2475
charger_material_0.bmp
  2 -0.6198 8.9072 46.4617 0.4907 0.8109 -0.3190 0.4154 0.2475
  2 1.1802 7.7268 46.9706 0.9359 0.3249 -0.1363 0.3917 0.2515
  2 1.1002 7.4078 45.6604 0.8515 0.5026 -0.1492 0.3898 0.2376
charger_material_0.bmp
  2 1.1802 7.7268 46.9706 0.9359 0.3249 -0.1363 0.3917 0.2515
  2 0.9102 6.7875 46.0099 0.9107 0.4073 -0.0693 0.3839 0.2416
  2 1.1002 7.4078 45.6604 0.8515 0.5026 -0.1492 0.3898 0.2376
charger_material_0.bmp
 10 7.0511 5.6546 35.8526 0.7040 0.6857 0.1849 0.3268 0.1030
 10 4.8642 7.4321 35.3026 0.3700 0.9268 0.0649 0.3543 0.1050
 10 4.7116 7.1647 37.1845 0.4132 0.8610 0.2966 0.3543 0.1248
charger_material_0.bmp
 10 7.0511 5.6546 35.8526 0.7040 0.6857 0.1849 0.3268 0.1030
 10 7.2929 5.7184 34.4289 0.7279 0.6824 0.0671 0.3268 0.0871
 10 4.8642 7.4321 35.3026 0.3700 0.9268 0.0649 0.3543 0.1050
charger_material_0.bmp
 10 7.0511 5.6546 35.8526 0.7040 0.6857 0.1849 0.3268 0.1030
 10 8.6268 3.1640 35.8802 0.9288 0.3247 0.1784 0.2992 0.0990
 10 7.2929 5.7184 34.4289 0.7279 0.6824 0.0671 0.3268 0.0871
charger_material_0.bmp
 10 7.0511 5.6546 35.8526 0.7040 0.6857 0.1849 0.3268 0.1030
 10 6.7614 5.4267 37.4767 0.6978 0.6382 0.3252 0.3268 0.1228
 10 8.6268 3.1640 35.8802 0.9288 0.3247 0.1784 0.2992 0.0990
charger_material_0.bmp
 10 7.0511 5.6546 35.8526 0.7040 0.6857 0.1849 0.3268 0.1030
 10 4.7116 7.1647 37.1845 0.4132 0.8610 0.2966 0.3543 0.1248
 10 6.7614 5.4267 37.4767 0.6978 0.6382 0.3252 0.3268 0.1228
charger_material_0.bmp
  2 2.1201 6.7188 44.4898 0.5922 0.5471 0.5916 0.3760 0.2218
  1 3.5800 5.8862 43.8413 0.5572 0.6502 0.5165 0.3563 0.2119
  1 1.8400 6.5862 42.5413 0.4014 0.9150 -0.0420 0.3780 0.1980
charger_material_0.bmp
  1 1.8400 6.5862 42.5413 0.4014 0.9150 -0.0420 0.3780 0.1980
  1 3.5800 5.8862 43.8413 0.5572 0.6502 0.5165 0.3563 0.2119
  1 3.6200 5.8562 42.3013 0.4768 0.8753 0.0801 0.3563 0.1941
charger_material_0.bmp
  1 3.5800 5.8862 43.8413 0.5572 0.6502 0.5165 0.3563 0.2119
  1 5.2400 4.5962 43.3913 0.6385 0.5422 0.5463 0.3307 0.2059
  1 3.6200 5.8562 42.3013 0.4768 0.8753 0.0801 0.3563 0.1941
charger_material_0.bmp
  1 3.6200 5.8562 42.3013 0.4768 0.8753 0.0801 0.3563 0.1941
  1 5.2400 4.5962 43.3913 0.6385 0.5422 0.5463 0.3307 0.2059
  1 5.8700 4.4462 41.0913 0.7038 0.6708 0.2340 0.3248 0.1743
charger_material_0.bmp
  1 5.2400 4.5962 43.3913 0.6385 0.5422 0.5463 0.3307 0.2059
  1 6.3900 2.9162 43.2113 0.7604 0.3674 0.5356 0.3051 0.2040
  1 5.8700 4.4462 41.0913 0.7038 0.6708 0.2340 0.3248 0.1743
charger_material_0.bmp
  2 7.1803 1.6658 48.0955 0.9816 -0.0851 -0.1709 0.2854 0.2752
  2 6.6602 3.1674 46.1667 0.9008 0.3539 -0.2515 0.3051 0.2495
  2 7.0303 3.3858 48.1769 0.9306 0.3094 -0.1956 0.3071 0.2752
charger_material_0.bmp
  2 7.0303 3.3858 48.1769 0.9306 0.3094 -0.1956 0.3071 0.2752
  2 6.6602 3.1674 46.1667 0.9008 0.3539 -0.2515 0.3051 0.2495
  2 5.9003 4.9357 48.2282 0.7301 0.6583 -0.1834 0.3287 0.2733
charger_material_0.bmp
  2 6.6602 3.1674 46.1667 0.9008 0.3539 -0.2515 0.3051 0.2495
  2 5.5202 4.8673 46.3481 0.6594 0.7130 -0.2384 0.3307 0.2495
  2 5.9003 4.9357 48.2282 0.7301 0.6583 -0.1834 0.3287 0.2733
charger_material_0.bmp
  2 5.9003 4.9357 48.2282 0.7301 0.6583 -0.1834 0.3287 0.2733
  2 5.5202 4.8673 46.3481 0.6594 0.7130 -0.2384 0.3307 0.2495
  2 4.0703 6.4957 48.2695 0.5056 0.8331 -0.2244 0.3563 0.2693
charger_material_0.bmp
  2 5.5202 4.8673 46.3481 0.6594 0.7130 -0.2384 0.3307 0.2495
  2 3.8002 6.0871 46.5092 0.4391 0.8499 -0.2914 0.3543 0.2495
  2 4.0703 6.4957 48.2695 0.5056 0.8331 -0.2244 0.3563 0.2693
charger_material_0.bmp
  4 3.9700 2.9959 63.3478 0.9465 0.2755 0.1680 0.3858 0.4673
  4 4.0400 3.0942 63.5428 0.9626 0.2537 0.0945 0.3878 0.4673
  4 4.1400 2.1227 63.6267 0.9486 0.2168 0.2304 0.3819 0.4832
charger_material_0.bmp
  4 4.1400 2.1227 63.6267 0.9486 0.2168 0.2304 0.3819 0.4832
  4 4.0400 3.0942 63.5428 0.9626 0.2537 0.0945 0.3878 0.4673
  4 4.2200 2.1383 63.8681 0.9200 0.2435 0.3071 0.3858 0.4851
charger_material_0.bmp
  4 4.0400 3.0942 63.5428 0.9626 0.2537 0.0945 0.3878 0.4673
  4 3.1400 3.2420 64.1559 0.0882 0.4161 0.9050 0.3996 0.4713
  4 4.2200 2.1383 63.8681 0.9200 0.2435 0.3071 0.3858 0.4851
charger_material_0.bmp
  4 4.2200 2.1383 63.8681 0.9200 0.2435 0.3071 0.3858 0.4851
  4 3.1400 3.2420 64.1559 0.0882 0.4161 0.9050 0.3996 0.4713
  4 3.3600 1.9797 64.5296 0.1118 0.0562 0.9921 0.3976 0.4931
charger_material_0.bmp
  4 3.1400 3.2420 64.1559 0.0882 0.4161 0.9050 0.3996 0.4713
  4 3.1500 1.9399 64.3743 -0.2176 -0.0358 0.9754 0.3996 0.4931
  4 3.3600 1.9797 64.5296 0.1118 0.0562 0.9921 0.3976 0.4931
charger_material_0.bmp
 18 33.2018 -1.4504 51.7148 0.3387 0.9407 0.0188 0.5630 0.0337
 18 32.9927 -1.4279 51.6820 -0.0760 0.6894 -0.7204 0.5630 0.0356
 18 33.0846 -1.3938 51.7994 0.4864 0.8446 0.2238 0.5610 0.0356
charger_material_0.bmp
 18 33.0846 -1.3938 51.7994 0.4864 0.8446 0.2238 0.5610 0.0356
 18 32.9927 -1.4279 51.6820 -0.0760 0.6894 -0.7204 0.5630 0.0356
 18 32.4330 -1.2433 51.8516 0.2266 0.6531 -0.7226 0.5630 0.0416
charger_material_0.bmp
 18 32.9927 -1.4279 51.6820 -0.0760 0.6894 -0.7204 0.5630 0.0356
 18 32.9077 -1.6566 51.6557 -0.3627 -0.1382 -0.9216 0.5669 0.0376
 18 32.4330 -1.2433 51.8516 0.2266 0.6531 -0.7226 0.5630 0.0416
charger_material_0.bmp
 18 32.4330 -1.2433 51.8516 0.2266 0.6531 -0.7226 0.5630 0.0416
 18 32.9077 -1.6566 51.6557 -0.3627 -0.1382 -0.9216 0.5669 0.0376
 18 32.3424 -1.5404 51.7926 -0.0264 -0.3483 -0.9370 0.5650 0.0436
charger_material_0.bmp
 18 32.9077 -1.6566 51.6557 -0.3627 -0.1382 -0.9216 0.5669 0.0376
 18 32.9159 -1.7888 51.6988 -0.2606 -0.8439 -0.4689 0.5689 0.0376
 18 32.3424 -1.5404 51.7926 -0.0264 -0.3483 -0.9370 0.5650 0.0436
charger_material_0.bmp
 18 32.5478 -1.1853 52.0983 0.5913 0.7677 0.2471 0.5787 0.0436
 18 32.3735 -1.3201 52.4280 0.6141 0.0325 0.7885 0.5748 0.0475
 18 33.0506 -1.5181 51.8911 0.6043 0.0883 0.7919 0.5748 0.0356
charger_material_0.bmp
 18 33.0506 -1.5181 51.8911 0.6043 0.0883 0.7919 0.5748 0.0356
 18 32.3735 -1.3201 52.4280 0.6141 0.0325 0.7885 0.5748 0.0475
 18 32.2874 -1.6458 52.3363 0.3394 -0.7117 0.6151 0.5689 0.0475
charger_material_0.bmp
 18 32.3735 -1.3201 52.4280 0.6141 0.0325 0.7885 0.5748 0.0475
 18 31.9747 -1.6504 52.4630 0.3260 -0.4346 0.8395 0.5689 0.0535
 18 32.2874 -1.6458 52.3363 0.3394 -0.7117 0.6151 0.5689 0.0475
charger_material_0.bmp
 18 32.2874 -1.6458 52.3363 0.3394 -0.7117 0.6151 0.5689 0.0475
 18 31.9747 -1.6504 52.4630 0.3260 -0.4346 0.8395 0.5689 0.0535
 18 32.1863 -1.6928 52.2809 0.4557 -0.7893 0.4115 0.5669 0.0495
charger_material_0.bmp
 18 31.9747 -1.6504 52.4630 0.3260 -0.4346 0.8395 0.5689 0.0535
 18 32.1705 -1.8313 52.2466 0.7017 -0.1436 0.6979 0.5650 0.0495
 18 32.1863 -1.6928 52.2809 0.4557 -0.7893 0.4115 0.5669 0.0495
charger_material_0.bmp
 18 32.1520 -1.1550 52.5567 0.4356 -0.1020 0.8944 0.5768 0.0515
 18 31.5955 -1.0412 52.7428 0.2291 -0.1184 0.9662 0.5768 0.0594
 18 31.4928 -1.4678 52.6695 0.1576 -0.3639 0.9180 0.5689 0.0594
charger_material_0.bmp
 18 32.1520 -1.1550 52.5567 0.4356 -0.1020 0.8944 0.5768 0.0515
 18 32.1731 -0.5780 52.6314 0.6048 0.1414 0.7837 0.5866 0.0535
 18 31.5955 -1.0412 52.7428 0.2291 -0.1184 0.9662 0.5768 0.0594
charger_material_0.bmp
 18 32.1520 -1.1550 52.5567 0.4356 -0.1020 0.8944 0.5768 0.0515
 18 32.3755 -0.6980 52.3963 0.6921 0.3562 0.6278 0.5866 0.0495
 18 32.1731 -0.5780 52.6314 0.6048 0.1414 0.7837 0.5866 0.0535
charger_material_0.bmp
 18 32.1520 -1.1550 52.5567 0.4356 -0.1020 0.8944 0.5768 0.0515
 18 32.4329 -1.0773 52.3680 0.7017 -0.1436 0.6979 0.5807 0.0475
 18 32.3755 -0.6980 52.3963 0.6921 0.3562 0.6278 0.5866 0.0495
charger_material_0.bmp
 18 32.1520 -1.1550 52.5567 0.4356 -0.1020 0.8944 0.5768 0.0515
 18 32.3561 -1.1908 52.4475 0.7553 0.0098 0.6553 0.5787 0.0475
 18 32.4329 -1.0773 52.3680 0.7017 -0.1436 0.6979 0.5807 0.0475
charger_material_0.bmp
 18 27.6452 -0.7983 52.4113 -0.1513 -0.8467 -0.5101 0.5571 0.1168
 18 28.5929 -0.9886 52.5383 -0.2409 -0.9032 -0.3553 0.5591 0.0990
 18 28.6405 -0.9413 52.8067 -0.1795 -0.9279 0.3268 0.5630 0.0990
charger_material_0.bmp
 18 28.6405 -0.9413 52.8067 -0.1795 -0.9279 0.3268 0.5630 0.0990
 18 28.5929 -0.9886 52.5383 -0.2409 -0.9032 -0.3553 0.5591 0.0990
 18 29.4446 -1.1726 52.7539 -0.2372 -0.8465 0.4766 0.5630 0.0871
charger_material_0.bmp
 18 28.5929 -0.9886 52.5383 -0.2409 -0.9032 -0.3553 0.5591 0.0990
 18 29.4327 -1.2687 52.4566 -0.4244 -0.8732 -0.2394 0.5571 0.0871
 18 29.4446 -1.1726 52.7539 -0.2372 -0.8465 0.4766 0.5630 0.0871
charger_material_0.bmp
 18 29.4446 -1.1726 52.7539 -0.2372 -0.8465 0.4766 0.5630 0.0871
 18 29.4327 -1.2687 52.4566 -0.4244 -0.8732 -0.2394 0.5571 0.0871
 18 29.7294 -1.3313 52.6956 -0.3363 -0.7948 0.5052 0.5610 0.0832
charger_material_0.bmp
 18 29.4327 -1.2687 52.4566 -0.4244 -0.8732 -0.2394 0.5571 0.0871
 18 29.6783 -1.3776 52.4076 -0.5746 -0.8149 -0.0755 0.5571 0.0832
 18 29.7294 -1.3313 52.6956 -0.3363 -0.7948 0.5052 0.5610 0.0832
charger_material_0.bmp
 18 26.4651 -0.3009 53.4387 0.0331 -0.6552 0.7547 0.5669 0.1406
 18 27.8923 -0.1857 53.4134 0.1159 -0.3010 0.9466 0.5768 0.1188
 18 26.6531 0.2516 53.5942 0.1846 0.0208 0.9826 0.5768 0.1406
charger_material_0.bmp
 18 26.6531 0.2516 53.5942 0.1846 0.0208 0.9826 0.5768 0.1406
 18 27.8923 -0.1857 53.4134 0.1159 -0.3010 0.9466 0.5768 0.1188
 18 27.9651 0.2289 53.3185 0.2936 0.4555 0.8404 0.5827 0.1188
charger_material_0.bmp
 18 27.8923 -0.1857 53.4134 0.1159 -0.3010 0.9466 0.5768 0.1188
 18 28.7947 -0.3785 53.1721 0.0989 -0.0534 0.9937 0.5768 0.0990
 18 27.9651 0.2289 53.3185 0.2936 0.4555 0.8404 0.5827 0.1188
charger_material_0.bmp
 18 27.9651 0.2289 53.3185 0.2936 0.4555 0.8404 0.5827 0.1188
 18 28.7947 -0.3785 53.1721 0.0989 -0.0534 0.9937 0.5768 0.0990
 18 28.8664 0.0037 53.1267 0.2438 0.4963 0.8332 0.5846 0.0990
charger_material_0.bmp
 18 28.7947 -0.3785 53.1721 0.0989 -0.0534 0.9937 0.5768 0.0990
 18 29.6986 -0.1470 53.0627 0.1621 0.5033 0.8488 0.5846 0.0871
 18 28.8664 0.0037 53.1267 0.2438 0.4963 0.8332 0.5846 0.0990
charger_material_0.bmp
 18 32.3182 -0.3999 52.0242 -0.0527 -0.4036 -0.9134 0.6024 0.0535
 18 32.1451 -0.5837 51.9039 0.2828 0.2846 -0.9160 0.6043 0.0535
 18 31.9789 -0.2201 52.0628 0.0633 0.6450 -0.7616 0.5984 0.0574
charger_material_0.bmp
 18 32.3182 -0.3999 52.0242 -0.0527 -0.4036 -0.9134 0.6024 0.0535
 18 32.3143 -0.5469 52.1704 0.9599 -0.1367 -0.2447 0.6024 0.0515
 18 32.1451 -0.5837 51.9039 0.2828 0.2846 -0.9160 0.6043 0.0535
charger_material_0.bmp
 18 32.3182 -0.3999 52.0242 -0.0527 -0.4036 -0.9134 0.6024 0.0535
 18 32.3932 -0.5266 52.1573 0.2387 -0.9588 -0.1540 0.6024 0.0535
 18 32.3143 -0.5469 52.1704 0.9599 -0.1367 -0.2447 0.6024 0.0515
charger_material_0.bmp
 18 32.3182 -0.3999 52.0242 -0.0527 -0.4036 -0.9134 0.6024 0.0535
 18 32.7444 -0.3863 51.9082 0.1273 -0.9335 -0.3353 0.6024 0.0495
 18 32.3932 -0.5266 52.1573 0.2387 -0.9588 -0.1540 0.6024 0.0535
charger_material_0.bmp
 18 32.3182 -0.3999 52.0242 -0.0527 -0.4036 -0.9134 0.6024 0.0535
 18 32.6483 -0.3220 51.8267 -0.3355 -0.4180 -0.8443 0.6024 0.0495
 18 32.7444 -0.3863 51.9082 0.1273 -0.9335 -0.3353 0.6024 0.0495
charger_material_0.bmp
 18 34.0699 -0.7386 51.1872 0.2376 0.2398 -0.9413 0.5906 0.0238
 18 33.6687 -0.7436 51.3297 -0.3776 0.5709 -0.7291 0.5866 0.0277
 18 34.0886 -0.7210 51.2356 0.5983 0.8013 -0.0072 0.5906 0.0238
charger_material_0.bmp
 18 34.0886 -0.7210 51.2356 0.5983 0.8013 -0.0072 0.5906 0.0238
 18 33.6687 -0.7436 51.3297 -0.3776 0.5709 -0.7291 0.5866 0.0277
 18 33.6452 -0.7180 51.4266 0.0492 0.9969 -0.0613 0.5866 0.0277
charger_material_0.bmp
 18 33.6687 -0.7436 51.3297 -0.3776 0.5709 -0.7291 0.5866 0.0277
 18 33.4760 -0.7382 51.4457 -0.4492 0.4863 -0.7495 0.5866 0.0297
 18 33.6452 -0.7180 51.4266 0.0492 0.9969 -0.0613 0.5866 0.0277
charger_material_0.bmp
 18 33.6452 -0.7180 51.4266 0.0492 0.9969 -0.0613 0.5866 0.0277
 18 33.4760 -0.7382 51.4457 -0.4492 0.4863 -0.7495 0.5866 0.0297
 18 33.5198 -0.6819 51.5219 0.0205 0.9940 -0.1070 0.5846 0.0297
charger_material_0.bmp
 18 33.4760 -0.7382 51.4457 -0.4492 0.4863 -0.7495 0.5866 0.0297
 18 33.1236 -0.7382 51.6916 -0.3386 0.5754 -0.7445 0.5827 0.0337
 18 33.5198 -0.6819 51.5219 0.0205 0.9940 -0.1070 0.5846 0.0297
charger_material_0.bmp
 18 31.5992 -2.6954 51.3005 0.6822 0.0314 -0.7305 0.5295 0.0574
 18 31.4419 -2.4088 51.3931 0.6443 0.5313 -0.5501 0.5295 0.0614
 18 31.6272 -2.7229 51.4569 0.9566 0.1421 0.2543 0.5276 0.0574
charger_material_0.bmp
 18 31.6272 -2.7229 51.4569 0.9566 0.1421 0.2543 0.5276 0.0574
 18 31.4419 -2.4088 51.3931 0.6443 0.5313 -0.5501 0.5295 0.0614
 18 31.4572 -2.4382 51.5923 0.8581 0.2995 0.4172 0.5236 0.0634
charger_material_0.bmp
 18 31.4419 -2.4088 51.3931 0.6443 0.5313 -0.5501 0.5295 0.0614
 18 31.2133 -1.9945 51.5451 0.7137 0.5928 -0.3732 0.5295 0.0693
 18 31.4572 -2.4382 51.5923 0.8581 0.2995 0.4172 0.5236 0.0634
charger_material_0.bmp
 18 31.4572 -2.4382 51.5923 0.8581 0.2995 0.4172 0.5236 0.0634
 18 31.2133 -1.9945 51.5451 0.7137 0.5928 -0.3732 0.5295 0.0693
 18 31.1818 -2.0474 51.8228 0.8123 0.2077 0.5450 0.5236 0.0713
charger_material_0.bmp
 18 31.2133 -1.9945 51.5451 0.7137 0.5928 -0.3732 0.5295 0.0693
 18 31.0348 -1.8035 51.9725 0.8971 -0.4380 -0.0584 0.5236 0.0733
 18 31.1818 -2.0474 51.8228 0.8123 0.2077 0.5450 0.5236 0.0713
charger_material_0.bmp
 18 13.5470 -0.3954 56.6427 0.5209 -0.7268 0.4477 0.5472 0.2891
 18 12.2859 -0.9256 56.9642 0.3807 -0.7643 0.5204 0.5433 0.3050
 18 13.3528 -0.6102 56.1179 0.5159 -0.8533 0.0762 0.5394 0.2891
charger_material_0.bmp
 18 13.3528 -0.6102 56.1179 0.5159 -0.8533 0.0762 0.5394 0.2891
 18 12.2859 -0.9256 56.9642 0.3807 -0.7643 0.5204 0.5433 0.3050
 18 12.3612 -1.2215 56.0113 0.4801 -0.8766 -0.0321 0.5335 0.3010
charger_material_0.bmp
 18 12.2859 -0.9256 56.9642 0.3807 -0.7643 0.5204 0.5433 0.3050
 18 11.6186 -1.5361 56.1694 0.2674 -0.9529 0.1431 0.5335 0.3089
 18 12.3612 -1.2215 56.0113 0.4801 -0.8766 -0.0321 0.5335 0.3010
charger_material_0.bmp
 18 12.3612 -1.2215 56.0113 0.4801 -0.8766 -0.0321 0.5335 0.3010
 18 11.6186 -1.5361 56.1694 0.2674 -0.9529 0.1431 0.5335 0.3089
 18 11.9291 -1.2608 55.1814 0.1729 -0.8332 -0.5252 0.5236 0.2990
charger_material_0.bmp
 18 11.6186 -1.5361 56.1694 0.2674 -0.9529 0.1431 0.5335 0.3089
 18 9.5154 -1.7049 56.3330 0.1273 -0.9335 -0.3353 0.5256 0.3089
 18 11.9291 -1.2608 55.1814 0.1729 -0.8332 -0.5252 0.5236 0.2990
charger_material_0.bmp
 18 15.3375 0.9256 56.0610 0.4426 -0.7729 0.4547 0.5531 0.2673
 18 17.1683 0.6638 55.4984 0.1064 -0.7444 0.6592 0.5531 0.2416
 18 15.7661 1.3526 56.3100 0.3139 -0.6434 0.6982 0.5610 0.2634
charger_material_0.bmp
 18 15.7661 1.3526 56.3100 0.3139 -0.6434 0.6982 0.5610 0.2634
 18 17.1683 0.6638 55.4984 0.1064 -0.7444 0.6592 0.5531 0.2416
 18 17.1906 1.1272 55.8623 0.1773 -0.5657 0.8053 0.5610 0.2436
charger_material_0.bmp
 18 17.1683 0.6638 55.4984 0.1064 -0.7444 0.6592 0.5531 0.2416
 18 19.1359 0.9314 55.3738 0.1773 -0.5657 0.8053 0.5630 0.2238
 18 17.1906 1.1272 55.8623 0.1773 -0.5657 0.8053 0.5610 0.2436
charger_material_0.bmp
 18 17.1906 1.1272 55.8623 0.1773 -0.5657 0.8053 0.5610 0.2436
 18 19.1359 0.9314 55.3738 0.1773 -0.5657 0.8053 0.5630 0.2238
 18 19.2510 1.4594 55.6327 0.2458 -0.3582 0.9007 0.5709 0.2257
charger_material_0.bmp
 18 19.1359 0.9314 55.3738 0.1773 -0.5657 0.8053 0.5630 0.2238
 18 21.6217 1.1655 54.8503 0.2246 -0.3249 0.9187 0.5728 0.2040
 18 19.2510 1.4594 55.6327 0.2458 -0.3582 0.9007 0.5709 0.2257
charger_material_0.bmp
  4 -3.9900 10.4151 59.4452 0.2214 0.9373 0.2693 0.5846 0.8416
  4 -0.5300 9.4359 59.9684 0.3440 0.8956 0.2821 0.6142 0.8535
  4 -0.5600 9.7947 56.5197 0.4735 0.8803 0.0288 0.5945 0.8812
charger_material_0.bmp
  4 -0.5600 9.7947 56.5197 0.4735 0.8803 0.0288 0.5945 0.8812
  4 -0.5300 9.4359 59.9684 0.3440 0.8956 0.2821 0.6142 0.8535
  4 0.3300 8.9074 60.0796 0.5478 0.7933 0.2658 0.6240 0.8574
charger_material_0.bmp
  4 -0.5300 9.4359 59.9684 0.3440 0.8956 0.2821 0.6142 0.8535
  4 -1.5200 8.4781 62.3608 0.2673 0.7967 0.5420 0.6201 0.8277
  4 0.3300 8.9074 60.0796 0.5478 0.7933 0.2658 0.6240 0.8574
charger_material_0.bmp
  4 0.3300 8.9074 60.0796 0.5478 0.7933 0.2658 0.6240 0.8574
  4 -1.5200 8.4781 62.3608 0.2673 0.7967 0.5420 0.6201 0.8277
  4 0.1600 7.7340 62.6761 0.5390 0.6691 0.5117 0.6378 0.8337
charger_material_0.bmp
  4 -1.5200 8.4781 62.3608 0.2673 0.7967 0.5420 0.6201 0.8277
  4 -0.3200 6.3088 64.2212 0.4076 0.5204 0.7504 0.6476 0.8139
  4 0.1600 7.7340 62.6761 0.5390 0.6691 0.5117 0.6378 0.8337
charger_material_0.bmp
 10 1.3141 -6.5589 37.5790 0.0619 -0.9966 -0.0538 0.1673 0.1505
 10 3.8010 -6.0226 38.4613 0.3528 -0.9313 0.0904 0.1949 0.1564
  1 0.9400 -6.7738 39.8413 0.0838 -0.9814 0.1726 0.1673 0.1802
charger_material_0.bmp
  1 0.9400 -6.7738 39.8413 0.0838 -0.9814 0.1726 0.1673 0.1802
 10 3.8010 -6.0226 38.4613 0.3528 -0.9313 0.0904 0.1949 0.1564
  1 3.3800 -5.8638 40.3213 0.3379 -0.9080 0.2479 0.1929 0.1802
charger_material_0.bmp
 10 3.8010 -6.0226 38.4613 0.3528 -0.9313 0.0904 0.1949 0.1564
  1 5.6900 -4.6538 40.2013 0.6226 -0.7389 0.2578 0.2185 0.1703
  1 3.3800 -5.8638 40.3213 0.3379 -0.9080 0.2479 0.1929 0.1802
charger_material_0.bmp
  1 3.3800 -5.8638 40.3213 0.3379 -0.9080 0.2479 0.1929 0.1802
  1 5.6900 -4.6538 40.2013 0.6226 -0.7389 0.2578 0.2185 0.1703
  1 4.9900 -4.6138 41.7913 0.6226 -0.7389 0.2578 0.2146 0.1941
charger_material_0.bmp
  1 5.6900 -4.6538 40.2013 0.6226 -0.7389 0.2578 0.2185 0.1703
  1 7.1800 -2.0338 40.6113 0.8889 -0.3500 0.2957 0.2500 0.1703
  1 4.9900 -4.6138 41.7913 0.6226 -0.7389 0.2578 0.2146 0.1941
charger_material_0.bmp
 18 12.5323 0.9378 54.5687 -0.0132 0.1953 -0.9807 0.6358 0.2812
 18 9.1436 -0.0567 54.7391 -0.0962 0.1325 -0.9865 0.6516 0.2812
 18 9.2306 1.0748 55.3673 -0.0913 -0.0777 -0.9928 0.6358 0.2871
charger_material_0.bmp
 18 12.5323 0.9378 54.5687 -0.0132 0.1953 -0.9807 0.6358 0.2812
 18 12.7425 0.1110 54.2477 0.1953 -0.0870 -0.9769 0.6476 0.2772
 18 9.1436 -0.0567 54.7391 -0.0962 0.1325 -0.9865 0.6516 0.2812
charger_material_0.bmp
 18 12.5323 0.9378 54.5687 -0.0132 0.1953 -0.9807 0.6358 0.2812
 18 13.2895 0.1784 54.4686 0.1589 -0.2046 -0.9659 0.6437 0.2733
 18 12.7425 0.1110 54.2477 0.1953 -0.0870 -0.9769 0.6476 0.2772
charger_material_0.bmp
 18 12.5323 0.9378 54.5687 -0.0132 0.1953 -0.9807 0.6358 0.2812
 18 13.4984 1.0787 54.4642 -0.0925 0.0755 -0.9928 0.6319 0.2713
 18 13.2895 0.1784 54.4686 0.1589 -0.2046 -0.9659 0.6437 0.2733
charger_material_0.bmp
 18 12.5323 0.9378 54.5687 -0.0132 0.1953 -0.9807 0.6358 0.2812
 18 12.8835 2.1521 54.6861 0.1578 0.3980 -0.9037 0.6220 0.2812
 18 13.4984 1.0787 54.4642 -0.0925 0.0755 -0.9928 0.6319 0.2713
charger_material_0.bmp
  9 -2.1107 6.4176 29.2859 0.4427 0.8536 -0.2746 0.7697 0.9723
  9 -0.5657 5.0463 28.9021 0.9485 0.3002 -0.1012 0.7500 0.9663
  9 -2.6466 6.0012 26.6592 0.6117 0.7525 -0.2440 0.7736 0.9446
charger_material_0.bmp
  9 -2.1107 6.4176 29.2859 0.4427 0.8536 -0.2746 0.7697 0.9723
  9 -0.4645 5.0527 29.3456 0.8419 0.4460 -0.3038 0.7480 0.9723
  9 -0.5657 5.0463 28.9021 0.9485 0.3002 -0.1012 0.7500 0.9663
charger_material_0.bmp
  9 -2.1107 6.4176 29.2859 0.4427 0.8536 -0.2746 0.7697 0.9723
  9 -1.7377 6.7292 30.2637 0.5098 0.8147 -0.2762 0.7677 0.9842
  9 -0.4645 5.0527 29.3456 0.8419 0.4460 -0.3038 0.7480 0.9723
charger_material_0.bmp
  9 -2.1107 6.4176 29.2859 0.4427 0.8536 -0.2746 0.7697 0.9723
  9 -4.1598 7.2537 29.8913 0.2649 0.9028 -0.3388 0.7913 0.9782
  9 -1.7377 6.7292 30.2637 0.5098 0.8147 -0.2762 0.7677 0.9842
charger_material_0.bmp
  9 -2.1107 6.4176 29.2859 0.4427 0.8536 -0.2746 0.7697 0.9723
  9 -4.6958 6.4686 27.1738 0.3494 0.8696 -0.3489 0.7933 0.9485
  9 -4.1598 7.2537 29.8913 0.2649 0.9028 -0.3388 0.7913 0.9782
charger_material_0.bmp
  4 1.5100 -5.6321 62.9508 0.8179 -0.4850 -0.3095 0.9075 0.5782
  4 1.5700 -5.3295 62.8828 0.8836 -0.1500 -0.4436 0.9114 0.5762
  4 1.6500 -5.3551 63.1219 0.9598 -0.2103 -0.1857 0.9114 0.5802
charger_material_0.bmp
  4 1.6500 -5.3551 63.1219 0.9598 -0.2103 -0.1857 0.9114 0.5802
  4 1.5700 -5.3295 62.8828 0.8836 -0.1500 -0.4436 0.9114 0.5762
  4 1.7300 -4.8789 63.1632 0.9753 -0.1431 -0.1684 0.9173 0.5802
charger_material_0.bmp
  4 1.5700 -5.3295 62.8828 0.8836 -0.1500 -0.4436 0.9114 0.5762
  4 1.6200 -4.8355 62.9105 0.8587 -0.0611 -0.5087 0.9173 0.5743
  4 1.7300 -4.8789 63.1632 0.9753 -0.1431 -0.1684 0.9173 0.5802
charger_material_0.bmp
  4 1.7300 -4.8789 63.1632 0.9753 -0.1431 -0.1684 0.9173 0.5802
  4 1.6200 -4.8355 62.9105 0.8587 -0.0611 -0.5087 0.9173 0.5743
  4 1.8600 -4.2248 63.2825 0.9090 -0.2190 -0.3547 0.9272 0.5802
charger_material_0.bmp
  4 2.2000 -2.7072 63.5523 0.8583 0.4316 -0.2778 0.9488 0.5861
  4 2.3000 -2.7636 63.7362 0.9384 0.2133 -0.2718 0.9469 0.5881
  4 2.1500 -2.8031 63.5299 0.7653 -0.5222 -0.3762 0.9469 0.5861
charger_material_0.bmp
  4 2.2000 -2.7072 63.5523 0.8583 0.4316 -0.2778 0.9488 0.5861
  4 1.9200 -2.6061 63.6551 0.6087 0.7787 -0.1521 0.9528 0.5881
  4 2.3000 -2.7636 63.7362 0.9384 0.2133 -0.2718 0.9469 0.5881
charger_material_0.bmp
  4 2.2000 -2.7072 63.5523 0.8583 0.4316 -0.2778 0.9488 0.5861
  4 2.1300 -2.6895 63.3249 0.8456 0.2683 -0.4615 0.9488 0.5822
  4 1.9200 -2.6061 63.6551 0.6087 0.7787 -0.1521 0.9528 0.5881
charger_material_0.bmp
  4 2.2000 -2.7072 63.5523 0.8583 0.4316 -0.2778 0.9488 0.5861
  4 2.1500 -2.8031 63.5299 0.7653 -0.5222 -0.3762 0.9469 0.5861
  4 2.1300 -2.6895 63.3249 0.8456 0.2683 -0.4615 0.9488 0.5822
charger_material_0.bmp
  4 -0.3000 -6.1029 61.3406 0.4110 -0.7239 -0.5541 0.8819 0.5485
  4 -0.3400 -6.0393 61.2470 0.0316 -0.2927 -0.9557 0.8819 0.5485
  4 -0.0600 -5.8354 61.2487 0.5450 -0.5142 -0.6623 0.8878 0.5485
charger_material_0.bmp
  4 -0.3000 -6.1029 61.3406 0.4110 -0.7239 -0.5541 0.8819 0.5485
  4 -0.5200 -6.1123 61.2915 -0.0367 -0.0154 -0.9992 0.8799 0.5485
  4 -0.3400 -6.0393 61.2470 0.0316 -0.2927 -0.9557 0.8819 0.5485
charger_material_0.bmp
  4 -0.3000 -6.1029 61.3406 0.4110 -0.7239 -0.5541 0.8819 0.5485
  4 -0.5100 -6.1988 61.3182 0.3902 -0.6813 -0.6193 0.8799 0.5505
  4 -0.5200 -6.1123 61.2915 -0.0367 -0.0154 -0.9992 0.8799 0.5485
charger_material_0.bmp
  4 -0.3000 -6.1029 61.3406 0.4110 -0.7239 -0.5541 0.8819 0.5485
  4 -0.5000 -6.2193 61.4239 0.3898 -0.9201 0.0374 0.8799 0.5505
  4 -0.5100 -6.1988 61.3182 0.3902 -0.6813 -0.6193 0.8799 0.5505
charger_material_0.bmp
  4 2.0200 -3.4687 63.6164 0.7430 0.2570 -0.6180 0.9370 0.5842
  4 1.8700 -3.5727 63.3920 0.8260 0.3433 -0.4470 0.9370 0.5802
  4 1.7800 -3.3117 63.3726 0.9202 0.2544 -0.2974 0.9390 0.5802
charger_material_0.bmp
  4 2.0200 -3.4687 63.6164 0.7430 0.2570 -0.6180 0.9370 0.5842
  4 2.2100 -3.8925 63.6364 0.8694 0.1378 -0.4745 0.9331 0.5861
  4 1.8700 -3.5727 63.3920 0.8260 0.3433 -0.4470 0.9370 0.5802
charger_material_0.bmp
  4 2.0200 -3.4687 63.6164 0.7430 0.2570 -0.6180 0.9370 0.5842
  4 2.2700 -3.8231 63.7860 0.9159 -0.0200 -0.4009 0.9331 0.5881
  4 2.2100 -3.8925 63.6364 0.8694 0.1378 -0.4745 0.9331 0.5861
charger_material_0.bmp
  4 2.0200 -3.4687 63.6164 0.7430 0.2570 -0.6180 0.9370 0.5842
  4 2.3600 -3.5774 63.9528 0.9155 -0.1573 -0.3702 0.9370 0.5901
  4 2.2700 -3.8231 63.7860 0.9159 -0.0200 -0.4009 0.9331 0.5881
charger_material_0.bmp
  4 1.6700 -5.2267 64.8586 0.9575 -0.2882 0.0129 0.9114 0.6040
  4 1.4600 -5.8024 64.9891 0.8962 -0.4333 0.0953 0.9035 0.6059
  4 1.3800 -5.9698 64.3797 0.8675 -0.4962 -0.0352 0.9035 0.5980
charger_material_0.bmp
  4 1.6700 -5.2267 64.8586 0.9575 -0.2882 0.0129 0.9114 0.6040
  4 1.5300 -5.5562 65.3187 0.9078 -0.3701 0.1972 0.9075 0.6099
  4 1.4600 -5.8024 64.9891 0.8962 -0.4333 0.0953 0.9035 0.6059
charger_material_0.bmp
  4 1.6700 -5.2267 64.8586 0.9575 -0.2882 0.0129 0.9114 0.6040
  4 1.6200 -5.1852 65.2885 0.9627 -0.2359 0.1326 0.9114 0.6099
  4 1.5300 -5.5562 65.3187 0.9078 -0.3701 0.1972 0.9075 0.6099
charger_material_0.bmp
  4 1.6700 -5.2267 64.8586 0.9575 -0.2882 0.0129 0.9114 0.6040
  4 1.8700 -4.3856 64.8913 0.9743 -0.2199 0.0489 0.9232 0.6059
  4 1.6200 -5.1852 65.2885 0.9627 -0.2359 0.1326 0.9114 0.6099
charger_material_0.bmp
  4 0.0000 -6.1053 63.2449 0.7726 -0.5453 -0.3252 0.8878 0.5762
  4 0.0500 -6.0754 63.1883 0.5076 -0.8377 0.2016 0.8878 0.5743
  4 0.0500 -6.0543 63.2454 0.3232 -0.8763 -0.3571 0.8878 0.5762
charger_material_0.bmp
  4 0.0500 -6.0543 63.2454 0.3232 -0.8763 -0.3571 0.8878 0.5762
  4 0.0500 -6.0754 63.1883 0.5076 -0.8377 0.2016 0.8878 0.5743
  4 0.0900 -6.0263 63.1789 0.0259 -0.9850 -0.1706 0.8898 0.5762
charger_material_0.bmp
  4 0.0500 -6.0754 63.1883 0.5076 -0.8377 0.2016 0.8878 0.5743
  4 0.2500 -6.0787 63.1177 0.0488 -0.9641 0.2610 0.8917 0.5762
  4 0.0900 -6.0263 63.1789 0.0259 -0.9850 -0.1706 0.8898 0.5762
charger_material_0.bmp
  4 0.0900 -6.0263 63.1789 0.0259 -0.9850 -0.1706 0.8898 0.5762
  4 0.2500 -6.0787 63.1177 0.0488 -0.9641 0.2610 0.8917 0.5762
  4 0.2600 -6.0441 63.1925 -0.0107 -0.9600 -0.2798 0.8917 0.5762
charger_material_0.bmp
  4 0.6200 -6.0126 63.4105 0.7357 -0.5504 -0.3947 0.8957 0.5802
  4 0.5900 -5.9841 63.2930 0.4456 -0.8950 0.0193 0.8957 0.5802
  4 0.6800 -5.9261 63.3837 0.2620 -0.9651 -0.0009 0.8976 0.5802
charger_material_0.bmp
  4 0.6200 -6.0126 63.4105 0.7357 -0.5504 -0.3947 0.8957 0.5802
  4 0.5700 -6.0314 63.3122 0.6197 -0.5533 -0.5567 0.8957 0.5802
  4 0.5900 -5.9841 63.2930 0.4456 -0.8950 0.0193 0.8957 0.5802
charger_material_0.bmp
  4 0.6200 -6.0126 63.4105 0.7357 -0.5504 -0.3947 0.8957 0.5802
  4 0.5100 -6.1024 63.3665 0.4876 -0.7558 -0.4371 0.8937 0.5802
  4 0.5700 -6.0314 63.3122 0.6197 -0.5533 -0.5567 0.8957 0.5802
charger_material_0.bmp
  4 0.6200 -6.0126 63.4105 0.7357 -0.5504 -0.3947 0.8957 0.5802
  4 0.6000 -6.0519 63.4180 0.6847 -0.6646 -0.2990 0.8957 0.5822
  4 0.5100 -6.1024 63.3665 0.4876 -0.7558 -0.4371 0.8937 0.5802
charger_material_0.bmp
  4 1.3200 -4.8264 62.5321 0.7888 -0.0818 -0.6091 0.9154 0.5683
  4 1.3700 -4.1917 62.3904 0.8588 -0.2274 -0.4590 0.9232 0.5644
  4 1.6000 -4.2073 62.8414 0.8587 -0.0611 -0.5087 0.9252 0.5723
charger_material_0.bmp
  4 1.3200 -4.8264 62.5321 0.7888 -0.0818 -0.6091 0.9154 0.5683
  4 1.1100 -4.3917 62.1436 0.7898 -0.3425 -0.5088 0.9193 0.5604
  4 1.3700 -4.1917 62.3904 0.8588 -0.2274 -0.4590 0.9232 0.5644
charger_material_0.bmp
  4 1.3200 -4.8264 62.5321 0.7888 -0.0818 -0.6091 0.9154 0.5683
  4 1.0400 -4.9693 62.2642 0.6961 -0.1125 -0.7091 0.9114 0.5624
  4 1.1100 -4.3917 62.1436 0.7898 -0.3425 -0.5088 0.9193 0.5604
charger_material_0.bmp
  4 1.3200 -4.8264 62.5321 0.7888 -0.0818 -0.6091 0.9154 0.5683
  4 1.3500 -5.4322 62.5054 0.7458 -0.1227 -0.6548 0.9094 0.5703
  4 1.0400 -4.9693 62.2642 0.6961 -0.1125 -0.7091 0.9114 0.5624
charger_material_0.bmp
  4 4.4600 0.3825 63.4707 0.7890 -0.3322 0.5169 0.2165 0.4634
  4 4.5700 -0.4348 62.7106 0.6636 -0.6263 0.4092 0.2165 0.4475
  4 4.5700 -0.2239 62.5889 0.8739 -0.3272 0.3596 0.2205 0.4495
charger_material_0.bmp
  4 4.4600 0.3825 63.4707 0.7890 -0.3322 0.5169 0.2165 0.4634
  4 3.5800 -0.5571 63.0293 -0.1717 -0.8080 0.5636 0.2087 0.4495
  4 4.5700 -0.4348 62.7106 0.6636 -0.6263 0.4092 0.2165 0.4475
charger_material_0.bmp
  4 4.4600 0.3825 63.4707 0.7890 -0.3322 0.5169 0.2165 0.4634
  4 3.5600 0.0430 63.7188 -0.3625 -0.6458 0.6720 0.2087 0.4614
  4 3.5800 -0.5571 63.0293 -0.1717 -0.8080 0.5636 0.2087 0.4495
charger_material_0.bmp
  4 4.4600 0.3825 63.4707 0.7890 -0.3322 0.5169 0.2165 0.4634
  4 3.4700 0.9322 64.3226 -0.1884 -0.4033 0.8954 0.2067 0.4752
  4 3.5600 0.0430 63.7188 -0.3625 -0.6458 0.6720 0.2087 0.4614
charger_material_0.bmp
  2 -2.2599 -6.2219 45.3296 0.1434 -0.9374 -0.3173 0.1339 0.2495
  1 -2.0300 -5.8938 43.2013 0.0256 -0.9935 -0.1113 0.1339 0.2238
  1 0.1700 -5.8338 43.9313 0.1437 -0.9883 -0.0506 0.1614 0.2297
charger_material_0.bmp
  1 0.1700 -5.8338 43.9313 0.1437 -0.9883 -0.0506 0.1614 0.2297
  1 -2.0300 -5.8938 43.2013 0.0256 -0.9935 -0.1113 0.1339 0.2238
  1 0.5600 -5.7738 41.9313 0.0217 -0.9840 0.1771 0.1654 0.2040
charger_material_0.bmp
  1 -2.0300 -5.8938 43.2013 0.0256 -0.9935 -0.1113 0.1339 0.2238
  1 -1.6300 -5.6238 41.5913 -0.0709 -0.9940 0.0831 0.1358 0.2020
  1 0.5600 -5.7738 41.9313 0.0217 -0.9840 0.1771 0.1654 0.2040
charger_material_0.bmp
  1 0.5600 -5.7738 41.9313 0.0217 -0.9840 0.1771 0.1654 0.2040
  1 -1.6300 -5.6238 41.5913 -0.0709 -0.9940 0.0831 0.1358 0.2020
  1 -1.4300 -6.3138 39.7013 -0.1257 -0.9755 0.1805 0.1378 0.1802
charger_material_0.bmp
  9 -4.0651 -4.4689 32.9175 -0.1610 -0.7345 -0.6592 0.1004 0.1010
  9 -1.7441 -2.8979 30.5684 0.0068 -0.6198 -0.7847 0.1260 0.0693
  9 -0.8531 -5.2916 33.0495 -0.0651 -0.8224 -0.5651 0.1398 0.0990
charger_material_0.bmp
  9 -0.8531 -5.2916 33.0495 -0.0651 -0.8224 -0.5651 0.1398 0.0990
  9 -1.7441 -2.8979 30.5684 0.0068 -0.6198 -0.7847 0.1260 0.0693
  9 -0.4377 -3.1443 30.6991 -0.1042 -0.5518 -0.8275 0.1417 0.0713
charger_material_0.bmp
  9 -1.7441 -2.8979 30.5684 0.0068 -0.6198 -0.7847 0.1260 0.0693
  9 -0.8446 -1.2634 29.7869 0.0516 -0.3842 -0.9218 0.1358 0.0495
  9 -0.4377 -3.1443 30.6991 -0.1042 -0.5518 -0.8275 0.1417 0.0713
charger_material_0.bmp
  9 -0.4377 -3.1443 30.6991 -0.1042 -0.5518 -0.8275 0.1417 0.0713
  9 -0.8446 -1.2634 29.7869 0.0516 -0.3842 -0.9218 0.1358 0.0495
  9 -0.2441 -1.3634 29.7696 -0.2265 -0.3595 -0.9052 0.1417 0.0495
charger_material_0.bmp
  3 3.2400 -5.4172 54.0059 -0.8035 -0.5546 0.2163 0.5531 0.9802
  3 3.4000 -5.5847 52.2235 -0.8226 -0.4578 0.3373 0.5650 0.9683
  3 1.6300 -7.1086 51.6380 -0.6923 0.7086 0.1362 0.5866 0.9802
charger_material_0.bmp
  3 1.6300 -7.1086 51.6380 -0.6923 0.7086 0.1362 0.5866 0.9802
  3 3.4000 -5.5847 52.2235 -0.8226 -0.4578 0.3373 0.5650 0.9683
  3 1.9900 -6.6478 49.8060 -0.6038 0.7062 0.3698 0.5925 0.9624
charger_material_0.bmp
  3 3.4000 -5.5847 52.2235 -0.8226 -0.4578 0.3373 0.5650 0.9683
  3 2.9900 -5.3557 49.7532 -0.1675 -0.9813 0.0954 0.5827 0.9505
  3 1.9900 -6.6478 49.8060 -0.6038 0.7062 0.3698 0.5925 0.9624
charger_material_0.bmp
  3 1.9900 -6.6478 49.8060 -0.6038 0.7062 0.3698 0.5925 0.9624
  3 2.9900 -5.3557 49.7532 -0.1675 -0.9813 0.0954 0.5827 0.9505
  2 0.6102 -5.7339 47.7498 -0.5432 -0.5256 0.6547 0.6122 0.9446
charger_material_0.bmp
 10 0.4735 7.9209 34.8651 0.1316 0.9913 -0.0064 0.3996 0.1089
  9 -1.3760 8.1604 34.7581 0.1153 0.9926 -0.0381 0.4173 0.1109
  9 -1.5123 7.9441 36.6627 0.1224 0.9829 0.1377 0.4193 0.1327
charger_material_0.bmp
 10 0.4735 7.9209 34.8651 0.1316 0.9913 -0.0064 0.3996 0.1089
 10 0.4504 7.7160 32.8443 0.1265 0.9638 -0.2349 0.3996 0.0871
  9 -1.3760 8.1604 34.7581 0.1153 0.9926 -0.0381 0.4173 0.1109
charger_material_0.bmp
 10 0.4735 7.9209 34.8651 0.1316 0.9913 -0.0064 0.3996 0.1089
 10 2.3566 7.3113 32.9939 0.1495 0.9739 -0.1708 0.3799 0.0851
 10 0.4504 7.7160 32.8443 0.1265 0.9638 -0.2349 0.3996 0.0871
charger_material_0.bmp
 10 0.4735 7.9209 34.8651 0.1316 0.9913 -0.0064 0.3996 0.1089
 10 2.5561 7.7206 34.9438 0.0939 0.9950 -0.0332 0.3780 0.1069
 10 2.3566 7.3113 32.9939 0.1495 0.9739 -0.1708 0.3799 0.0851
charger_material_0.bmp
  3 6.6900 4.9503 52.9564 0.7822 0.6034 -0.1553 0.3287 0.3307
  3 7.4200 3.4363 52.8225 0.9434 0.2944 -0.1526 0.3091 0.3327
  3 7.3800 3.5614 51.1384 0.9329 0.3563 -0.0525 0.3091 0.3109
charger_material_0.bmp
  3 7.3800 3.5614 51.1384 0.9329 0.3563 -0.0525 0.3091 0.3109
  3 7.4200 3.4363 52.8225 0.9434 0.2944 -0.1526 0.3091 0.3327
  3 7.5500 2.1170 51.1779 0.9983 -0.0243 -0.0523 0.2933 0.3129
charger_material_0.bmp
  3 7.4200 3.4363 52.8225 0.9434 0.2944 -0.1526 0.3091 0.3327
  3 7.5900 2.2028 52.7682 0.9854 -0.0161 -0.1695 0.2953 0.3327
  3 7.5500 2.1170 51.1779 0.9983 -0.0243 -0.0523 0.2933 0.3129
charger_material_0.bmp
  3 7.5500 2.1170 51.1779 0.9983 -0.0243 -0.0523 0.2933 0.3129
  3 7.5900 2.2028 52.7682 0.9854 -0.0161 -0.1695 0.2953 0.3327
  3 7.4500 1.0002 52.7205 0.9764 -0.1738 -0.1282 0.2835 0.3327
charger_material_0.bmp
  3 7.0700 -1.6822 53.1187 0.9172 -0.3035 -0.2579 0.2539 0.3366
  3 7.0500 -0.5434 51.6844 0.9764 -0.1738 -0.1282 0.2657 0.3188
  3 7.2700 -0.4222 53.3210 0.9546 -0.0846 -0.2856 0.2677 0.3406
charger_material_0.bmp
  3 7.2700 -0.4222 53.3210 0.9546 -0.0846 -0.2856 0.2677 0.3406
  3 7.0500 -0.5434 51.6844 0.9764 -0.1738 -0.1282 0.2657 0.3188
  3 7.4500 1.0002 52.7205 0.9764 -0.1738 -0.1282 0.2835 0.3327
charger_material_0.bmp
  3 7.0500 -0.5434 51.6844 0.9764 -0.1738 -0.1282 0.2657 0.3188
  3 7.1500 0.8227 51.1203 0.9681 -0.2343 -0.0886 0.2795 0.3129
  3 7.4500 1.0002 52.7205 0.9764 -0.1738 -0.1282 0.2835 0.3327
charger_material_0.bmp
  3 7.4500 1.0002 52.7205 0.9764 -0.1738 -0.1282 0.2835 0.3327
  3 7.1500 0.8227 51.1203 0.9681 -0.2343 -0.0886 0.2795 0.3129
  3 7.5500 2.1170 51.1779 0.9983 -0.0243 -0.0523 0.2933 0.3129
charger_material_0.bmp
  3 2.6100 7.6067 49.8747 0.3305 0.9271 -0.1766 0.3760 0.2832
  3 1.8500 8.1276 51.8493 0.8302 0.5265 -0.1829 0.3898 0.3030
  3 2.9500 7.7069 51.7752 0.4497 0.8887 -0.0898 0.3760 0.3050
charger_material_0.bmp
  3 2.6100 7.6067 49.8747 0.3305 0.9271 -0.1766 0.3760 0.2832
  3 1.4900 7.8618 50.0878 0.9164 0.3225 -0.2372 0.3898 0.2832
  3 1.8500 8.1276 51.8493 0.8302 0.5265 -0.1829 0.3898 0.3030
charger_material_0.bmp
  3 2.6100 7.6067 49.8747 0.3305 0.9271 -0.1766 0.3760 0.2832
  2 1.2103 7.5754 48.6605 0.6862 0.6795 -0.2595 0.3878 0.2673
  3 1.4900 7.8618 50.0878 0.9164 0.3225 -0.2372 0.3898 0.2832
charger_material_0.bmp
  3 2.6100 7.6067 49.8747 0.3305 0.9271 -0.1766 0.3760 0.2832
  2 2.3803 7.3456 48.4103 0.2978 0.9193 -0.2573 0.3760 0.2693
  2 1.2103 7.5754 48.6605 0.6862 0.6795 -0.2595 0.3878 0.2673
charger_material_0.bmp
  4 4.3100 6.4875 58.6587 0.5007 0.8260 0.2589 0.3740 0.3842
  4 5.3400 6.5834 55.9118 0.5876 0.8032 0.0975 0.3583 0.3584
  4 4.5700 6.8736 56.1516 0.4792 0.8748 0.0708 0.3661 0.3584
charger_material_0.bmp
  4 4.3100 6.4875 58.6587 0.5007 0.8260 0.2589 0.3740 0.3842
  4 5.7200 6.0322 56.3837 0.7084 0.6755 0.2046 0.3524 0.3644
  4 5.3400 6.5834 55.9118 0.5876 0.8032 0.0975 0.3583 0.3584
charger_material_0.bmp
  4 4.3100 6.4875 58.6587 0.5007 0.8260 0.2589 0.3740 0.3842
  4 4.8600 6.0321 58.9392 0.5754 0.7218 0.3846 0.3681 0.3901
  4 5.7200 6.0322 56.3837 0.7084 0.6755 0.2046 0.3524 0.3644
charger_material_0.bmp
  4 4.3100 6.4875 58.6587 0.5007 0.8260 0.2589 0.3740 0.3842
  4 3.3200 6.6858 59.3233 0.7881 0.5738 0.2228 0.3858 0.3881
  4 4.8600 6.0321 58.9392 0.5754 0.7218 0.3846 0.3681 0.3901
charger_material_0.bmp
  4 3.8400 3.9171 62.9477 0.9626 0.2537 0.0945 0.3878 0.4515
  4 3.7700 3.7538 62.7855 0.8678 0.3985 0.2969 0.3858 0.4515
  4 3.5400 5.1539 61.4284 0.9011 0.3856 0.1984 0.3858 0.4218
charger_material_0.bmp
  4 3.8400 3.9171 62.9477 0.9626 0.2537 0.0945 0.3878 0.4515
  4 3.9700 2.9959 63.3478 0.9465 0.2755 0.1680 0.3858 0.4673
  4 3.7700 3.7538 62.7855 0.8678 0.3985 0.2969 0.3858 0.4515
charger_material_0.bmp
  4 3.8400 3.9171 62.9477 0.9626 0.2537 0.0945 0.3878 0.4515
  4 4.0400 3.0942 63.5428 0.9626 0.2537 0.0945 0.3878 0.4673
  4 3.9700 2.9959 63.3478 0.9465 0.2755 0.1680 0.3858 0.4673
charger_material_0.bmp
  4 3.8400 3.9171 62.9477 0.9626 0.2537 0.0945 0.3878 0.4515
  4 3.1400 3.2420 64.1559 0.0882 0.4161 0.9050 0.3996 0.4713
  4 4.0400 3.0942 63.5428 0.9626 0.2537 0.0945 0.3878 0.4673
charger_material_0.bmp
 18 30.7120 -1.7768 52.4991 -0.0432 -0.8138 0.5795 0.5591 0.0693
 18 31.2592 -1.9235 52.3742 -0.1795 -0.9279 0.3268 0.5610 0.0614
 18 31.3041 -1.7601 52.5163 0.0489 -0.5540 0.8311 0.5630 0.0614
charger_material_0.bmp
 18 31.3041 -1.7601 52.5163 0.0489 -0.5540 0.8311 0.5630 0.0614
 18 31.2592 -1.9235 52.3742 -0.1795 -0.9279 0.3268 0.5610 0.0614
 18 31.8475 -1.9758 52.3685 0.1593 -0.6288 0.7610 0.5630 0.0535
charger_material_0.bmp
 18 31.2592 -1.9235 52.3742 -0.1795 -0.9279 0.3268 0.5610 0.0614
 18 31.7546 -2.0870 52.1865 -0.2076 -0.9410 0.2673 0.5591 0.0554
 18 31.8475 -1.9758 52.3685 0.1593 -0.6288 0.7610 0.5630 0.0535
charger_material_0.bmp
 18 31.8475 -1.9758 52.3685 0.1593 -0.6288 0.7610 0.5630 0.0535
 18 31.7546 -2.0870 52.1865 -0.2076 -0.9410 0.2673 0.5591 0.0554
 18 31.9844 -2.1170 52.1645 0.1121 -0.8101 0.5755 0.5591 0.0515
charger_material_0.bmp
 18 31.1180 -2.5704 51.4533 -0.7908 -0.4996 -0.3537 0.5374 0.0614
 18 30.8557 -2.3084 51.8685 -0.4647 -0.8232 0.3262 0.5453 0.0653
 18 30.8400 -2.2162 51.6113 -0.6688 -0.4447 -0.5957 0.5394 0.0673
charger_material_0.bmp
 18 31.1180 -2.5704 51.4533 -0.7908 -0.4996 -0.3537 0.5374 0.0614
 18 31.2225 -2.6323 51.6961 -0.2824 -0.6926 0.6638 0.5413 0.0594
 18 30.8557 -2.3084 51.8685 -0.4647 -0.8232 0.3262 0.5453 0.0653
charger_material_0.bmp
 18 31.1180 -2.5704 51.4533 -0.7908 -0.4996 -0.3537 0.5374 0.0614
 18 31.3787 -2.8633 51.4843 -0.4619 -0.8438 0.2731 0.5374 0.0574
 18 31.2225 -2.6323 51.6961 -0.2824 -0.6926 0.6638 0.5413 0.0594
charger_material_0.bmp
 18 31.1180 -2.5704 51.4533 -0.7908 -0.4996 -0.3537 0.5374 0.0614
 18 31.3311 -2.8259 51.3319 -0.6785 -0.5180 -0.5209 0.5354 0.0574
 18 31.3787 -2.8633 51.4843 -0.4619 -0.8438 0.2731 0.5374 0.0574
charger_material_0.bmp
 18 31.5209 -2.8266 51.5421 0.3859 -0.5912 0.7082 0.5394 0.0554
 18 31.4572 -2.4382 51.5923 0.8581 0.2995 0.4172 0.5472 0.0574
 18 31.3417 -2.5547 51.7396 0.4881 -0.1845 0.8530 0.5453 0.0594
charger_material_0.bmp
 18 31.5209 -2.8266 51.5421 0.3859 -0.5912 0.7082 0.5394 0.0554
 18 31.6272 -2.7229 51.4569 0.9566 0.1421 0.2543 0.5413 0.0535
 18 31.4572 -2.4382 51.5923 0.8581 0.2995 0.4172 0.5472 0.0574
charger_material_0.bmp
 18 31.5209 -2.8266 51.5421 0.3859 -0.5912 0.7082 0.5394 0.0554
 18 31.6124 -2.8890 51.3703 0.7825 -0.6174 -0.0804 0.5374 0.0535
 18 31.6272 -2.7229 51.4569 0.9566 0.1421 0.2543 0.5413 0.0535
charger_material_0.bmp
 18 31.5209 -2.8266 51.5421 0.3859 -0.5912 0.7082 0.5394 0.0554
 18 31.4425 -2.9063 51.3285 -0.0349 -0.9074 -0.4189 0.5354 0.0554
 18 31.6124 -2.8890 51.3703 0.7825 -0.6174 -0.0804 0.5374 0.0535
charger_material_0.bmp
 18 32.1920 -1.7703 51.7982 0.4143 0.4566 -0.7873 0.5492 0.0535
 18 32.5805 -2.2820 51.5724 -0.4694 -0.1781 -0.8648 0.5492 0.0455
 18 31.9939 -2.0508 51.8202 -0.2396 -0.3872 -0.8903 0.5531 0.0535
charger_material_0.bmp
 18 32.1920 -1.7703 51.7982 0.4143 0.4566 -0.7873 0.5492 0.0535
 18 32.7163 -2.0835 51.5983 -0.0160 0.6900 -0.7236 0.5453 0.0455
 18 32.5805 -2.2820 51.5724 -0.4694 -0.1781 -0.8648 0.5492 0.0455
charger_material_0.bmp
 18 32.1920 -1.7703 51.7982 0.4143 0.4566 -0.7873 0.5492 0.0535
 18 32.6983 -2.0194 51.7266 0.5626 0.8064 0.1824 0.5433 0.0475
 18 32.7163 -2.0835 51.5983 -0.0160 0.6900 -0.7236 0.5453 0.0455
charger_material_0.bmp
 18 32.1920 -1.7703 51.7982 0.4143 0.4566 -0.7873 0.5492 0.0535
 18 32.2977 -1.7899 51.9920 0.7876 0.5816 0.2035 0.5453 0.0535
 18 32.6983 -2.0194 51.7266 0.5626 0.8064 0.1824 0.5433 0.0475
charger_material_0.bmp
 18 23.1628 0.4232 52.8215 -0.3008 -0.7087 -0.6382 0.5413 0.1683
 18 22.8473 0.8101 52.7131 -0.3496 -0.2727 -0.8963 0.5354 0.1743
 18 23.2141 0.7335 52.6034 -0.2605 -0.2051 -0.9434 0.5335 0.1683
charger_material_0.bmp
 18 23.1628 0.4232 52.8215 -0.3008 -0.7087 -0.6382 0.5413 0.1683
 18 22.8318 0.4908 52.9040 -0.3485 -0.7089 -0.6131 0.5413 0.1743
 18 22.8473 0.8101 52.7131 -0.3496 -0.2727 -0.8963 0.5354 0.1743
charger_material_0.bmp
 18 23.1628 0.4232 52.8215 -0.3008 -0.7087 -0.6382 0.5413 0.1683
 18 23.1715 0.2648 53.2090 -0.2394 -0.9202 -0.3098 0.5472 0.1703
 18 22.8318 0.4908 52.9040 -0.3485 -0.7089 -0.6131 0.5413 0.1743
charger_material_0.bmp
 18 23.1628 0.4232 52.8215 -0.3008 -0.7087 -0.6382 0.5413 0.1683
 18 25.5098 -0.2718 52.6952 -0.2394 -0.9202 -0.3098 0.5512 0.1525
 18 23.1715 0.2648 53.2090 -0.2394 -0.9202 -0.3098 0.5472 0.1703
charger_material_0.bmp
 18 23.1817 2.0595 53.3640 0.0950 0.8930 -0.4399 0.6024 0.1782
 18 23.4989 1.9028 53.2593 0.2218 0.8812 -0.4174 0.6024 0.1723
 18 22.9951 1.7253 52.8220 -0.0418 0.6718 -0.7396 0.6102 0.1762
charger_material_0.bmp
 18 22.9951 1.7253 52.8220 -0.0418 0.6718 -0.7396 0.6102 0.1762
 18 23.4989 1.9028 53.2593 0.2218 0.8812 -0.4174 0.6024 0.1723
 18 23.3704 1.6065 52.7596 0.0213 0.6092 -0.7927 0.6102 0.1703
charger_material_0.bmp
 18 23.4989 1.9028 53.2593 0.2218 0.8812 -0.4174 0.6024 0.1723
 18 26.0046 1.1296 52.6535 0.2218 0.8812 -0.4174 0.6004 0.1505
 18 23.3704 1.6065 52.7596 0.0213 0.6092 -0.7927 0.6102 0.1703
charger_material_0.bmp
 18 23.3704 1.6065 52.7596 0.0213 0.6092 -0.7927 0.6102 0.1703
 18 26.0046 1.1296 52.6535 0.2218 0.8812 -0.4174 0.6004 0.1505
 18 25.9992 0.7624 52.1590 0.0083 0.4720 -0.8815 0.6102 0.1485
charger_material_0.bmp
 18 32.3424 -1.5404 51.7926 -0.0264 -0.3483 -0.9370 0.6181 0.0515
 18 32.2791 -1.0622 51.8470 0.2976 0.1220 -0.9469 0.6122 0.0535
 18 32.4330 -1.2433 51.8516 0.2266 0.6531 -0.7226 0.6142 0.0515
charger_material_0.bmp
 18 32.4330 -1.2433 51.8516 0.2266 0.6531 -0.7226 0.6142 0.0515
 18 32.2791 -1.0622 51.8470 0.2976 0.1220 -0.9469 0.6122 0.0535
 18 32.4907 -1.1360 52.1210 0.9946 0.0541 -0.0888 0.6102 0.0495
charger_material_0.bmp
 18 32.2791 -1.0622 51.8470 0.2976 0.1220 -0.9469 0.6122 0.0535
 18 32.4492 -0.9849 51.8915 -0.1252 -0.4966 -0.8589 0.6102 0.0515
 18 32.4907 -1.1360 52.1210 0.9946 0.0541 -0.0888 0.6102 0.0495
charger_material_0.bmp
 18 32.4907 -1.1360 52.1210 0.9946 0.0541 -0.0888 0.6102 0.0495
 18 32.4492 -0.9849 51.8915 -0.1252 -0.4966 -0.8589 0.6102 0.0515
 18 32.5000 -1.1032 52.0599 0.2387 -0.9588 -0.1540 0.6102 0.0475
charger_material_0.bmp
 18 10.4830 2.0028 58.9407 0.7115 0.2430 0.6594 0.5846 0.3327
 18 11.0700 2.1569 57.7349 0.5103 0.4265 0.7468 0.5846 0.3188
 18 10.2642 2.4319 58.3494 0.5977 0.6348 0.4896 0.5906 0.3228
charger_material_0.bmp
 18 10.2642 2.4319 58.3494 0.5977 0.6348 0.4896 0.5906 0.3228
 18 11.0700 2.1569 57.7349 0.5103 0.4265 0.7468 0.5846 0.3188
 18 11.3545 2.7832 56.9514 0.3610 0.7023 0.6136 0.5945 0.3109
charger_material_0.bmp
 18 11.0700 2.1569 57.7349 0.5103 0.4265 0.7468 0.5846 0.3188
 18 11.6554 2.1507 57.5998 0.2152 0.5682 0.7942 0.5846 0.3129
 18 11.3545 2.7832 56.9514 0.3610 0.7023 0.6136 0.5945 0.3109
charger_material_0.bmp
 18 11.3545 2.7832 56.9514 0.3610 0.7023 0.6136 0.5945 0.3109
 18 11.6554 2.1507 57.5998 0.2152 0.5682 0.7942 0.5846 0.3129
 18 12.2984 2.7546 56.8326 0.1610 0.8465 0.5074 0.5965 0.3010
charger_material_0.bmp
  4 -0.3200 6.3088 64.2212 0.4076 0.5204 0.7504 0.6476 0.8139
  4 -1.7600 4.6388 65.4975 0.2776 0.2490 0.9279 0.6476 0.7861
  4 -0.2200 4.1506 65.0207 0.4061 0.2383 0.8822 0.6654 0.7941
charger_material_0.bmp
  4 -0.2200 4.1506 65.0207 0.4061 0.2383 0.8822 0.6654 0.7941
  4 -1.7600 4.6388 65.4975 0.2776 0.2490 0.9279 0.6476 0.7861
  4 -0.6600 2.9046 65.3200 0.2669 -0.0079 0.9637 0.6693 0.7762
charger_material_0.bmp
  4 -1.7600 4.6388 65.4975 0.2776 0.2490 0.9279 0.6476 0.7861
  4 -3.1300 3.2768 65.8292 0.1915 -0.0451 0.9805 0.6417 0.7644
  4 -0.6600 2.9046 65.3200 0.2669 -0.0079 0.9637 0.6693 0.7762
charger_material_0.bmp
  4 -0.6600 2.9046 65.3200 0.2669 -0.0079 0.9637 0.6693 0.7762
  4 -3.1300 3.2768 65.8292 0.1915 -0.0451 0.9805 0.6417 0.7644
  4 -1.0400 1.8558 65.2660 0.1757 -0.2818 0.9433 0.6732 0.7624
charger_material_0.bmp
  9 -0.0990 -0.0465 29.4267 -0.1467 -0.1426 -0.9789 0.1417 0.0356
 10 0.6809 2.1632 29.1082 -0.5953 0.0808 -0.7994 0.1496 0.0139
 10 0.8996 -0.6609 29.0574 -0.5406 -0.2930 -0.7886 0.1516 0.0396
charger_material_0.bmp
  9 -0.0990 -0.0465 29.4267 -0.1467 -0.1426 -0.9789 0.1417 0.0356
 10 0.2265 1.9557 29.2543 -0.1465 0.0791 -0.9860 0.1417 0.0158
 10 0.6809 2.1632 29.1082 -0.5953 0.0808 -0.7994 0.1496 0.0139
charger_material_0.bmp
  9 -0.0990 -0.0465 29.4267 -0.1467 -0.1426 -0.9789 0.1417 0.0356
  9 -0.4794 2.1629 29.2207 0.4476 -0.0736 -0.8912 0.1358 0.0158
 10 0.2265 1.9557 29.2543 -0.1465 0.0791 -0.9860 0.1417 0.0158
charger_material_0.bmp
  9 -0.0990 -0.0465 29.4267 -0.1467 -0.1426 -0.9789 0.1417 0.0356
  9 -1.3342 -0.0089 29.3166 0.2609 -0.2616 -0.9292 0.1299 0.0376
  9 -0.4794 2.1629 29.2207 0.4476 -0.0736 -0.8912 0.1358 0.0158
charger_material_0.bmp
  4 -0.6800 -6.0932 66.6635 -0.3649 -0.3821 0.8491 0.8661 0.6297
  4 -0.0600 -6.0715 66.8833 0.0548 -0.5169 0.8543 0.8780 0.6356
  4 -0.4700 -5.5546 66.9779 -0.3638 -0.3275 0.8720 0.8642 0.6396
charger_material_0.bmp
  4 -0.6800 -6.0932 66.6635 -0.3649 -0.3821 0.8491 0.8661 0.6297
  4 -0.1800 -6.3678 66.6650 0.1140 -0.6261 0.7714 0.8760 0.6297
  4 -0.0600 -6.0715 66.8833 0.0548 -0.5169 0.8543 0.8780 0.6356
charger_material_0.bmp
  4 -0.6800 -6.0932 66.6635 -0.3649 -0.3821 0.8491 0.8661 0.6297
  4 -0.3500 -6.6037 66.4963 0.0440 -0.7047 0.7081 0.8740 0.6238
  4 -0.1800 -6.3678 66.6650 0.1140 -0.6261 0.7714 0.8760 0.6297
charger_material_0.bmp
  4 -0.6800 -6.0932 66.6635 -0.3649 -0.3821 0.8491 0.8661 0.6297
  4 -0.7500 -6.8307 66.2140 -0.0722 -0.8583 0.5080 0.8701 0.6178
  4 -0.3500 -6.6037 66.4963 0.0440 -0.7047 0.7081 0.8740 0.6238
charger_material_0.bmp
  4 -0.4700 -6.6672 63.1284 0.3672 -0.7101 -0.6007 0.8780 0.5782
  4 -0.4000 -6.7364 63.1925 0.0938 -0.4734 -0.8758 0.8780 0.5802
  4 -0.6400 -6.7364 63.1925 0.0573 -0.4868 -0.8716 0.8760 0.5802
charger_material_0.bmp
  4 -0.6400 -6.7364 63.1925 0.0573 -0.4868 -0.8716 0.8760 0.5802
  4 -0.4000 -6.7364 63.1925 0.0938 -0.4734 -0.8758 0.8780 0.5802
  4 -0.6600 -6.8229 63.2192 0.1234 -0.5036 -0.8551 0.8740 0.5802
charger_material_0.bmp
  4 -0.4000 -6.7364 63.1925 0.0938 -0.4734 -0.8758 0.8780 0.5802
  4 -0.4800 -6.9005 63.3460 -0.1223 -0.8308 -0.5429 0.8760 0.5822
  4 -0.6600 -6.8229 63.2192 0.1234 -0.5036 -0.8551 0.8740 0.5802
charger_material_0.bmp
  4 1.7600 -1.2598 64.2530 0.7429 0.6081 -0.2798 0.9705 0.6059
  4 1.5500 -0.9344 64.7304 0.5385 0.8150 -0.2139 0.9744 0.6158
  4 2.0700 -1.4694 64.9141 0.9222 0.3787 -0.0777 0.9626 0.6139
charger_material_0.bmp
  4 2.0700 -1.4694 64.9141 0.9222 0.3787 -0.0777 0.9626 0.6139
  4 1.5500 -0.9344 64.7304 0.5385 0.8150 -0.2139 0.9744 0.6158
  4 1.8600 -1.1137 65.2839 0.7779 0.6258 0.0571 0.9665 0.6198
charger_material_0.bmp
  4 1.5500 -0.9344 64.7304 0.5385 0.8150 -0.2139 0.9744 0.6158
  4 1.1800 -0.6577 65.1662 0.3282 0.9441 -0.0327 0.9764 0.6257
  4 1.8600 -1.1137 65.2839 0.7779 0.6258 0.0571 0.9665 0.6198
charger_material_0.bmp
  4 1.0000 -6.4479 64.3285 0.7338 -0.6717 -0.1016 0.8957 0.5980
  4 1.2500 -6.1458 65.0038 0.8567 -0.5157 0.0100 0.8996 0.6059
  4 1.0100 -6.5579 65.0317 0.7653 -0.6428 0.0330 0.8937 0.6059
charger_material_0.bmp
  4 1.0100 -6.5579 65.0317 0.7653 -0.6428 0.0330 0.8937 0.6059
  4 1.2500 -6.1458 65.0038 0.8567 -0.5157 0.0100 0.8996 0.6059
  4 1.1900 -6.2654 65.2303 0.8743 -0.4729 0.1092 0.8976 0.6079
charger_material_0.bmp
  4 1.2500 -6.1458 65.0038 0.8567 -0.5157 0.0100 0.8996 0.6059
  4 1.3200 -5.8531 65.4162 0.9078 -0.3701 0.1972 0.9016 0.6119
  4 1.1900 -6.2654 65.2303 0.8743 -0.4729 0.1092 0.8976 0.6079
charger_material_0.bmp
  4 -0.6500 -4.9127 61.6017 -0.3344 -0.4927 -0.8034 0.7146 0.6693
  4 -0.6700 -5.2036 61.6777 -0.2237 0.0267 -0.9743 0.7165 0.6733
  4 -1.4400 -5.0226 61.6126 0.0696 -0.2884 -0.9550 0.7008 0.6693
charger_material_0.bmp
  4 -1.4400 -5.0226 61.6126 0.0696 -0.2884 -0.9550 0.7008 0.6693
  4 -0.6700 -5.2036 61.6777 -0.2237 0.0267 -0.9743 0.7165 0.6733
  4 -1.4300 -5.1793 61.5916 0.1104 0.0170 -0.9937 0.7028 0.6733
charger_material_0.bmp
  4 -0.6700 -5.2036 61.6777 -0.2237 0.0267 -0.9743 0.7165 0.6733
  4 -1.3200 -5.4735 61.5970 0.0445 0.2321 -0.9717 0.7047 0.6792
  4 -1.4300 -5.1793 61.5916 0.1104 0.0170 -0.9937 0.7028 0.6733
charger_material_0.bmp
  4 1.3000 -1.7017 66.6282 0.4713 0.4376 0.7657 0.9547 0.6396
  4 1.5000 -2.4542 66.7924 0.6449 0.1478 0.7499 0.9449 0.6376
  4 1.7900 -2.0485 66.3585 0.7924 0.2334 0.5636 0.9508 0.6317
charger_material_0.bmp
  4 1.7900 -2.0485 66.3585 0.7924 0.2334 0.5636 0.9508 0.6317
  4 1.5000 -2.4542 66.7924 0.6449 0.1478 0.7499 0.9449 0.6376
  4 1.7900 -2.9143 66.4630 0.8307 -0.0646 0.5530 0.9390 0.6297
charger_material_0.bmp
  4 1.5000 -2.4542 66.7924 0.6449 0.1478 0.7499 0.9449 0.6376
  4 1.4200 -3.3743 66.8258 0.7660 -0.1261 0.6304 0.9311 0.6356
  4 1.7900 -2.9143 66.4630 0.8307 -0.0646 0.5530 0.9390 0.6297
charger_material_0.bmp
  4 0.5900 -3.4586 67.5037 0.4398 -0.0454 0.8969 0.9272 0.6535
  4 0.5800 -2.7971 67.4485 0.3747 0.2087 0.9034 0.9370 0.6535
  4 0.1000 -3.3579 67.6575 -0.0223 0.0073 0.9997 0.9272 0.6614
charger_material_0.bmp
  4 0.1000 -3.3579 67.6575 -0.0223 0.0073 0.9997 0.9272 0.6614
  4 0.5800 -2.7971 67.4485 0.3747 0.2087 0.9034 0.9370 0.6535
  4 -0.0100 -2.7278 67.5982 -0.0453 0.2100 0.9766 0.9370 0.6634
charger_material_0.bmp
  4 0.5800 -2.7971 67.4485 0.3747 0.2087 0.9034 0.9370 0.6535
  4 0.1700 -2.2022 67.3653 0.1998 0.4227 0.8840 0.9469 0.6594
  4 -0.0100 -2.7278 67.5982 -0.0453 0.2100 0.9766 0.9370 0.6634
charger_material_0.bmp
  4 -0.9300 -0.3848 66.0608 0.1282 0.9221 0.3652 0.7854 0.6594
  4 -0.9200 -0.2911 65.6459 0.0389 0.9929 0.1128 0.7795 0.6594
  4 -1.4600 -0.3444 65.6866 -0.0699 0.9928 0.0968 0.7795 0.6515
charger_material_0.bmp
  4 -1.4600 -0.3444 65.6866 -0.0699 0.9928 0.0968 0.7795 0.6515
  4 -0.9200 -0.2911 65.6459 0.0389 0.9929 0.1128 0.7795 0.6594
  4 -1.4300 -0.3348 65.2572 -0.1164 0.9743 0.1928 0.7736 0.6495
charger_material_0.bmp
  4 -0.9200 -0.2911 65.6459 0.0389 0.9929 0.1128 0.7795 0.6594
  4 -0.9300 -0.2876 65.2380 0.0749 0.9669 0.2437 0.7736 0.6574
  4 -1.4300 -0.3348 65.2572 -0.1164 0.9743 0.1928 0.7736 0.6495
charger_material_0.bmp
  4 0.1500 -5.0249 60.9614 -0.4210 -0.8845 -0.2011 0.8996 0.5386
  4 0.1300 -5.0184 60.8889 -0.1515 -0.8818 0.4467 0.8976 0.5366
  4 0.2200 -5.0165 60.8987 0.1145 -0.9345 -0.3369 0.8996 0.5386
charger_material_0.bmp
  4 0.2200 -5.0165 60.8987 0.1145 -0.9345 -0.3369 0.8996 0.5386
  4 0.1300 -5.0184 60.8889 -0.1515 -0.8818 0.4467 0.8976 0.5366
  4 0.2000 -5.0297 60.8300 0.4868 -0.8549 0.1794 0.8996 0.5366
charger_material_0.bmp
  4 0.1300 -5.0184 60.8889 -0.1515 -0.8818 0.4467 0.8976 0.5366
  4 0.1600 -5.0783 60.7884 0.4809 -0.6834 0.5493 0.8976 0.5366
  4 0.2000 -5.0297 60.8300 0.4868 -0.8549 0.1794 0.8996 0.5366
charger_material_0.bmp
  4 2.4900 -2.1515 60.0150 0.0177 -0.6887 0.7248 0.7224 0.5941
  4 1.9400 -2.4441 59.6027 0.2456 -0.6317 0.7353 0.7165 0.5960
  4 3.0500 -2.9218 59.5005 -0.0113 -0.7064 0.7077 0.7185 0.5842
charger_material_0.bmp
  4 3.0500 -2.9218 59.5005 -0.0113 -0.7064 0.7077 0.7185 0.5842
  4 1.9400 -2.4441 59.6027 0.2456 -0.6317 0.7353 0.7165 0.5960
  4 2.3800 -3.3642 58.9437 0.0253 -0.7560 0.6541 0.7087 0.5861
charger_material_0.bmp
  4 1.9400 -2.4441 59.6027 0.2456 -0.6317 0.7353 0.7165 0.5960
  4 1.7200 -2.8503 59.3952 0.2925 -0.7679 0.5699 0.7106 0.5960
  4 2.3800 -3.3642 58.9437 0.0253 -0.7560 0.6541 0.7087 0.5861
charger_material_0.bmp
  4 1.7800 -1.8185 60.5317 0.4282 -0.7663 0.4790 0.7264 0.6020
  4 1.3600 -2.0420 60.7475 0.8541 -0.4800 0.2004 0.7244 0.6079
  4 1.4800 -2.1883 60.1952 0.5822 -0.6066 0.5414 0.7205 0.6040
charger_material_0.bmp
  4 1.4800 -2.1883 60.1952 0.5822 -0.6066 0.5414 0.7205 0.6040
  4 1.3600 -2.0420 60.7475 0.8541 -0.4800 0.2004 0.7244 0.6079
  4 1.3500 -2.4956 60.3455 0.8287 -0.4486 0.3346 0.7165 0.6079
charger_material_0.bmp
  4 1.3600 -2.0420 60.7475 0.8541 -0.4800 0.2004 0.7244 0.6079
  4 1.2800 -2.3599 61.0017 0.9662 -0.2578 -0.0036 0.7224 0.6139
  4 1.3500 -2.4956 60.3455 0.8287 -0.4486 0.3346 0.7165 0.6079
charger_material_0.bmp
  4 1.9700 -1.3415 61.1634 0.4466 -0.8097 0.3806 0.7343 0.6040
  4 2.3800 -0.7143 62.3670 0.3476 -0.8911 0.2917 0.7500 0.6040
  4 1.4900 -1.4082 62.0924 0.8962 -0.4333 0.0953 0.7402 0.6139
charger_material_0.bmp
  4 1.4900 -1.4082 62.0924 0.8962 -0.4333 0.0953 0.7402 0.6139
  4 2.3800 -0.7143 62.3670 0.3476 -0.8911 0.2917 0.7500 0.6040
  4 1.5600 -1.1092 62.9108 0.7760 -0.5937 0.2131 0.7500 0.6158
charger_material_0.bmp
  4 2.3800 -0.7143 62.3670 0.3476 -0.8911 0.2917 0.7500 0.6040
  4 2.3600 -0.5472 63.2412 0.3875 -0.8319 0.3972 0.7598 0.6059
  4 1.5600 -1.1092 62.9108 0.7760 -0.5937 0.2131 0.7500 0.6158
charger_material_0.bmp
  4 0.4800 -3.6069 59.8046 0.8243 -0.4988 -0.2679 0.6988 0.6119
  4 0.7800 -3.2858 60.0995 0.8650 -0.4528 -0.2163 0.7047 0.6119
  4 0.5200 -3.7817 60.0620 0.8526 -0.1540 -0.4993 0.6988 0.6158
charger_material_0.bmp
  4 0.5200 -3.7817 60.0620 0.8526 -0.1540 -0.4993 0.6988 0.6158
  4 0.7800 -3.2858 60.0995 0.8650 -0.4528 -0.2163 0.7047 0.6119
  4 0.7500 -3.4526 60.3452 0.9090 -0.2190 -0.3547 0.7067 0.6158
charger_material_0.bmp
  4 0.7800 -3.2858 60.0995 0.8650 -0.4528 -0.2163 0.7047 0.6119
  4 1.0800 -2.7787 60.8883 0.9267 -0.3527 -0.1298 0.7165 0.6158
  4 0.7500 -3.4526 60.3452 0.9090 -0.2190 -0.3547 0.7067 0.6158
charger_material_0.bmp
  2 6.6202 0.0573 46.2642 0.9827 -0.1453 -0.1153 0.2657 0.2515
  2 6.7102 1.4373 46.2453 0.9822 -0.0160 -0.1870 0.2835 0.2495
  2 6.9503 0.4458 48.1245 0.9827 -0.1453 -0.1153 0.2717 0.2772
charger_material_0.bmp
  2 6.9503 0.4458 48.1245 0.9827 -0.1453 -0.1153 0.2717 0.2772
  2 6.7102 1.4373 46.2453 0.9822 -0.0160 -0.1870 0.2835 0.2495
  2 7.1803 1.6658 48.0955 0.9816 -0.0851 -0.1709 0.2854 0.2752
charger_material_0.bmp
  2 6.7102 1.4373 46.2453 0.9822 -0.0160 -0.1870 0.2835 0.2495
  2 6.6602 3.1674 46.1667 0.9008 0.3539 -0.2515 0.3051 0.2495
  2 7.1803 1.6658 48.0955 0.9816 -0.0851 -0.1709 0.2854 0.2752
charger_material_0.bmp
  1 6.4000 -1.6138 43.0113 0.7947 -0.3186 0.5166 0.2500 0.2059
  2 6.1001 -1.6414 44.6629 0.8670 -0.4941 0.0643 0.2500 0.2297
  1 5.8900 -2.0938 43.2613 0.7845 -0.1283 0.6067 0.2441 0.2119
charger_material_0.bmp
  1 5.8900 -2.0938 43.2613 0.7845 -0.1283 0.6067 0.2441 0.2119
  2 6.1001 -1.6414 44.6629 0.8670 -0.4941 0.0643 0.2500 0.2297
  2 5.4601 -2.4815 44.7422 0.9825 -0.0018 0.1864 0.2382 0.2317
charger_material_0.bmp
  2 6.1001 -1.6414 44.6629 0.8670 -0.4941 0.0643 0.2500 0.2297
  2 6.1502 -1.5926 46.1429 0.8969 -0.4282 -0.1108 0.2480 0.2495
  2 5.4601 -2.4815 44.7422 0.9825 -0.0018 0.1864 0.2382 0.2317
charger_material_0.bmp
  2 5.8201 -2.8814 44.6619 0.9848 -0.0527 0.1655 0.2343 0.2297
  2 4.1301 -4.6722 45.7305 0.5769 -0.8125 -0.0834 0.2067 0.2436
  1 4.4000 -4.5038 43.5913 0.5810 -0.8057 0.1148 0.2106 0.2178
charger_material_0.bmp
  1 4.4000 -4.5038 43.5913 0.5810 -0.8057 0.1148 0.2106 0.2178
  2 4.1301 -4.6722 45.7305 0.5769 -0.8125 -0.0834 0.2067 0.2436
  2 2.5301 -5.1415 44.8202 0.3238 -0.9452 -0.0404 0.1890 0.2356
charger_material_0.bmp
  2 4.1301 -4.6722 45.7305 0.5769 -0.8125 -0.0834 0.2067 0.2436
  2 2.2802 -5.7634 47.1897 0.4103 -0.8669 -0.2832 0.1850 0.2653
  2 2.5301 -5.1415 44.8202 0.3238 -0.9452 -0.0404 0.1890 0.2356
charger_material_0.bmp
  3 7.0200 0.6386 49.5510 0.9761 -0.2078 -0.0638 0.2756 0.2931
  3 6.7500 -1.7006 50.9575 0.9417 -0.3237 -0.0914 0.2520 0.3109
  2 6.5403 -1.7944 48.3427 0.9229 -0.3727 -0.0968 0.2480 0.2792
charger_material_0.bmp
  2 6.5403 -1.7944 48.3427 0.9229 -0.3727 -0.0968 0.2480 0.2792
  3 6.7500 -1.7006 50.9575 0.9417 -0.3237 -0.0914 0.2520 0.3109
  3 6.1200 -2.8612 50.6537 0.8068 -0.5844 -0.0869 0.2382 0.3069
charger_material_0.bmp
  3 6.7500 -1.7006 50.9575 0.9417 -0.3237 -0.0914 0.2520 0.3109
  3 6.0900 -3.0934 52.0981 0.7937 -0.5965 -0.1191 0.2362 0.3228
  3 6.1200 -2.8612 50.6537 0.8068 -0.5844 -0.0869 0.2382 0.3069
charger_material_0.bmp
  3 7.4200 3.4363 52.8225 0.9434 0.2944 -0.1526 0.3091 0.3327
  3 6.6900 4.9503 52.9564 0.7822 0.6034 -0.1553 0.3287 0.3307
  3 7.1500 4.4014 53.7216 0.8602 0.4619 -0.2161 0.3209 0.3426
charger_material_0.bmp
  3 7.1500 4.4014 53.7216 0.8602 0.4619 -0.2161 0.3209 0.3426
  3 6.6900 4.9503 52.9564 0.7822 0.6034 -0.1553 0.3287 0.3307
  3 6.7800 5.0883 53.6554 0.8101 0.5742 -0.1187 0.3307 0.3406
charger_material_0.bmp
  3 6.6900 4.9503 52.9564 0.7822 0.6034 -0.1553 0.3287 0.3307
  3 6.0700 6.0235 54.0145 0.7055 0.7037 -0.0841 0.3445 0.3406
  3 6.7800 5.0883 53.6554 0.8101 0.5742 -0.1187 0.3307 0.3406
charger_material_0.bmp
 18 33.0661 -1.6935 51.5749 -0.4595 -0.1069 -0.8817 0.5669 0.0356
 18 33.4599 -1.7866 51.3884 -0.5720 -0.1711 -0.8022 0.5689 0.0297
 18 33.4735 -1.8902 51.4623 -0.3419 -0.9162 -0.2090 0.5689 0.0297
charger_material_0.bmp
 18 33.4735 -1.8902 51.4623 -0.3419 -0.9162 -0.2090 0.5689 0.0297
 18 33.4599 -1.7866 51.3884 -0.5720 -0.1711 -0.8022 0.5689 0.0297
 18 33.6399 -1.9466 51.3689 -0.3270 -0.9344 -0.1415 0.5689 0.0277
charger_material_0.bmp
 18 33.4599 -1.7866 51.3884 -0.5720 -0.1711 -0.8022 0.5689 0.0297
 18 33.6077 -1.8407 51.2476 -0.5720 -0.1711 -0.8022 0.5689 0.0277
 18 33.6399 -1.9466 51.3689 -0.3270 -0.9344 -0.1415 0.5689 0.0277
charger_material_0.bmp
 18 33.6702 -2.6034 51.0678 0.7167 0.2382 -0.6554 0.5433 0.0356
 18 33.4757 -2.4548 51.1198 0.2901 0.8249 -0.4851 0.5433 0.0376
 18 33.6807 -2.5962 51.1273 0.9427 0.2446 -0.2271 0.5433 0.0356
charger_material_0.bmp
 18 33.6807 -2.5962 51.1273 0.9427 0.2446 -0.2271 0.5433 0.0356
 18 33.4757 -2.4548 51.1198 0.2901 0.8249 -0.4851 0.5433 0.0376
 18 33.5414 -2.4517 51.2607 0.6914 0.6331 0.3480 0.5413 0.0376
charger_material_0.bmp
 18 33.4757 -2.4548 51.1198 0.2901 0.8249 -0.4851 0.5433 0.0376
 18 33.3097 -2.3565 51.3879 0.5250 0.8246 0.2106 0.5413 0.0396
 18 33.5414 -2.4517 51.2607 0.6914 0.6331 0.3480 0.5413 0.0376
charger_material_0.bmp
 18 23.7292 1.4119 54.3133 0.3423 0.2447 0.9072 0.5827 0.1723
 18 23.5328 0.8055 54.4516 0.2463 -0.2195 0.9440 0.5728 0.1723
 18 25.6963 0.4756 53.8162 0.2291 -0.1184 0.9662 0.5748 0.1545
charger_material_0.bmp
 18 25.6963 0.4756 53.8162 0.2291 -0.1184 0.9662 0.5748 0.1545
 18 23.5328 0.8055 54.4516 0.2463 -0.2195 0.9440 0.5728 0.1723
 18 24.6845 0.0963 53.8870 0.0647 -0.6263 0.7769 0.5669 0.1545
charger_material_0.bmp
 18 23.5328 0.8055 54.4516 0.2463 -0.2195 0.9440 0.5728 0.1723
 18 23.2769 0.3978 54.2032 -0.0162 -0.7300 0.6832 0.5650 0.1723
 18 24.6845 0.0963 53.8870 0.0647 -0.6263 0.7769 0.5669 0.1545
charger_material_0.bmp
 18 23.3536 1.5554 54.4889 0.3954 0.2330 0.8885 0.5827 0.1782
 18 22.9373 0.9891 54.6479 0.1830 -0.2732 0.9444 0.5728 0.1842
 18 23.1840 0.8826 54.5480 0.2246 -0.3249 0.9187 0.5728 0.1782
charger_material_0.bmp
 18 23.1840 0.8826 54.5480 0.2246 -0.3249 0.9187 0.5728 0.1782
 18 22.9373 0.9891 54.6479 0.1830 -0.2732 0.9444 0.5728 0.1842
 18 22.9577 0.4850 54.2948 0.0203 -0.7105 0.7034 0.5650 0.1782
charger_material_0.bmp
 18 22.9373 0.9891 54.6479 0.1830 -0.2732 0.9444 0.5728 0.1842
 18 22.6840 0.5434 54.3566 -0.0190 -0.7585 0.6514 0.5650 0.1842
 18 22.9577 0.4850 54.2948 0.0203 -0.7105 0.7034 0.5650 0.1782
charger_material_0.bmp
 18 23.2141 0.7335 52.6034 -0.2605 -0.2051 -0.9434 0.6240 0.1683
 18 22.8473 0.8101 52.7131 -0.3496 -0.2727 -0.8963 0.6240 0.1743
 18 23.2694 1.0948 52.5803 -0.1905 0.1155 -0.9749 0.6181 0.1683
charger_material_0.bmp
 18 23.2694 1.0948 52.5803 -0.1905 0.1155 -0.9749 0.6181 0.1683
 18 22.8473 0.8101 52.7131 -0.3496 -0.2727 -0.8963 0.6240 0.1743
 18 22.8599 1.2021 52.6788 -0.2796 0.1562 -0.9473 0.6181 0.1743
charger_material_0.bmp
 18 22.8473 0.8101 52.7131 -0.3496 -0.2727 -0.8963 0.6240 0.1743
 18 22.4893 0.8842 52.8720 -0.3887 -0.2465 -0.8878 0.6240 0.1802
 18 22.8599 1.2021 52.6788 -0.2796 0.1562 -0.9473 0.6181 0.1743
charger_material_0.bmp
 18 28.8601 -0.1798 52.3462 0.0349 0.4267 -0.9037 0.6024 0.0970
 18 28.0756 0.0215 52.3941 0.2397 0.4503 -0.8601 0.6043 0.1149
 18 28.4830 0.2715 52.5774 0.2131 0.7551 -0.6200 0.5965 0.1069
charger_material_0.bmp
 18 28.4830 0.2715 52.5774 0.2131 0.7551 -0.6200 0.5965 0.1069
 18 28.0756 0.0215 52.3941 0.2397 0.4503 -0.8601 0.6043 0.1149
 18 26.7892 0.8535 52.4903 0.2901 0.8249 -0.4851 0.6004 0.1347
charger_material_0.bmp
 18 28.0756 0.0215 52.3941 0.2397 0.4503 -0.8601 0.6043 0.1149
 18 27.0186 0.5643 52.2322 0.2835 0.5815 -0.7625 0.6083 0.1327
 18 26.7892 0.8535 52.4903 0.2901 0.8249 -0.4851 0.6004 0.1347
charger_material_0.bmp
 18 32.4492 -0.9849 51.8915 -0.1252 -0.4966 -0.8589 0.5787 0.0416
 18 32.4557 -0.7166 51.9337 0.1731 0.6948 -0.6981 0.5787 0.0396
 18 32.9366 -0.7290 51.7253 -0.2521 0.6581 -0.7094 0.5827 0.0356
charger_material_0.bmp
 18 32.9366 -0.7290 51.7253 -0.2521 0.6581 -0.7094 0.5827 0.0356
 18 32.4557 -0.7166 51.9337 0.1731 0.6948 -0.6981 0.5787 0.0396
 18 32.9631 -0.6960 51.8747 0.0920 0.9958 -0.0036 0.5807 0.0356
charger_material_0.bmp
 18 32.4557 -0.7166 51.9337 0.1731 0.6948 -0.6981 0.5787 0.0396
 18 32.3587 -0.6081 52.1901 0.5081 0.8566 0.0894 0.5787 0.0376
 18 32.9631 -0.6960 51.8747 0.0920 0.9958 -0.0036 0.5807 0.0356
charger_material_0.bmp
 18 31.2133 -1.9945 51.5451 0.7137 0.5928 -0.3732 0.5295 0.0693
 18 30.9611 -1.6145 51.7913 0.4365 0.2515 -0.8638 0.5295 0.0752
 18 31.0348 -1.8035 51.9725 0.8971 -0.4380 -0.0584 0.5236 0.0733
charger_material_0.bmp
 18 31.0348 -1.8035 51.9725 0.8971 -0.4380 -0.0584 0.5236 0.0733
 18 30.9611 -1.6145 51.7913 0.4365 0.2515 -0.8638 0.5295 0.0752
 18 31.2563 -1.7213 51.9064 -0.1038 -0.5458 -0.8315 0.5217 0.0752
charger_material_0.bmp
 18 30.9611 -1.6145 51.7913 0.4365 0.2515 -0.8638 0.5295 0.0752
 18 30.9967 -1.4260 51.8244 0.1691 0.2108 -0.9628 0.5295 0.0772
 18 31.2563 -1.7213 51.9064 -0.1038 -0.5458 -0.8315 0.5217 0.0752
charger_material_0.bmp
 18 12.3158 2.0859 57.4281 0.2391 0.4205 0.8752 0.5846 0.3030
 18 11.4003 1.5461 57.9215 0.2589 0.3004 0.9180 0.5768 0.3149
 18 12.1801 0.9133 57.8946 0.3424 0.0509 0.9382 0.5689 0.3089
charger_material_0.bmp
 18 12.1801 0.9133 57.8946 0.3424 0.0509 0.9382 0.5689 0.3089
 18 11.4003 1.5461 57.9215 0.2589 0.3004 0.9180 0.5768 0.3149
 18 11.3467 0.8690 58.0614 0.4522 -0.0072 0.8919 0.5689 0.3168
charger_material_0.bmp
 18 11.4003 1.5461 57.9215 0.2589 0.3004 0.9180 0.5768 0.3149
 18 10.6193 1.6138 58.0436 0.6450 0.1212 0.7545 0.5787 0.3248
 18 11.3467 0.8690 58.0614 0.4522 -0.0072 0.8919 0.5689 0.3168
charger_material_0.bmp
 18 13.0064 2.0183 57.3119 0.1891 0.2457 0.9507 0.5827 0.2950
 18 12.9549 1.0206 57.4565 0.3739 0.0243 0.9272 0.5689 0.2970
 18 13.7960 1.0135 57.1028 0.3274 -0.0848 0.9411 0.5669 0.2851
charger_material_0.bmp
 18 13.7960 1.0135 57.1028 0.3274 -0.0848 0.9411 0.5669 0.2851
 18 12.9549 1.0206 57.4565 0.3739 0.0243 0.9272 0.5689 0.2970
 18 13.5603 0.1797 57.1864 0.4098 -0.3030 0.8603 0.5571 0.2891
charger_material_0.bmp
 18 12.9549 1.0206 57.4565 0.3739 0.0243 0.9272 0.5689 0.2970
 18 12.1740 -0.1218 57.5513 0.2884 -0.4268 0.8571 0.5551 0.3069
 18 13.5603 0.1797 57.1864 0.4098 -0.3030 0.8603 0.5571 0.2891
charger_material_0.bmp
  4 1.3500 -5.4322 62.5054 0.7458 -0.1227 -0.6548 0.9094 0.5703
  4 1.0300 -5.4792 62.2598 0.5541 -0.2655 -0.7890 0.9055 0.5663
  4 1.0400 -4.9693 62.2642 0.6961 -0.1125 -0.7091 0.9114 0.5624
charger_material_0.bmp
  4 1.0400 -4.9693 62.2642 0.6961 -0.1125 -0.7091 0.9114 0.5624
  4 1.0300 -5.4792 62.2598 0.5541 -0.2655 -0.7890 0.9055 0.5663
  4 0.7800 -5.2875 62.0908 0.6840 -0.2321 -0.6915 0.9055 0.5604
charger_material_0.bmp
  4 1.0300 -5.4792 62.2598 0.5541 -0.2655 -0.7890 0.9055 0.5663
  4 0.6400 -5.5424 62.0887 0.3354 -0.6664 -0.6659 0.9016 0.5604
  4 0.7800 -5.2875 62.0908 0.6840 -0.2321 -0.6915 0.9055 0.5604
charger_material_0.bmp
  4 -0.2700 0.7725 64.6586 0.1351 -0.2676 0.9540 0.6929 0.7564
  4 -0.9300 -0.0358 64.6909 0.2241 0.4710 0.8532 0.6909 0.7406
  4 -0.3900 -0.0738 64.5455 0.3194 0.5159 0.7949 0.6969 0.7446
charger_material_0.bmp
  4 -0.3900 -0.0738 64.5455 0.3194 0.5159 0.7949 0.6969 0.7446
  4 -0.9300 -0.0358 64.6909 0.2241 0.4710 0.8532 0.6909 0.7406
  4 -0.3900 -0.3672 65.1412 0.2324 0.9510 0.2039 0.7008 0.7366
charger_material_0.bmp
  4 -0.9300 -0.0358 64.6909 0.2241 0.4710 0.8532 0.6909 0.7406
  4 -0.9300 -0.2876 65.2380 0.0749 0.9669 0.2437 0.6929 0.7327
  4 -0.3900 -0.3672 65.1412 0.2324 0.9510 0.2039 0.7008 0.7366
charger_material_0.bmp
  4 0.3800 -4.9320 61.3407 0.7726 -0.5453 -0.3252 0.9035 0.5446
  4 0.6700 -4.8027 61.5909 0.8191 -0.4261 -0.3841 0.9094 0.5505
  4 0.5200 -5.2625 61.6890 0.6581 -0.5250 -0.5397 0.9016 0.5545
charger_material_0.bmp
  4 0.5200 -5.2625 61.6890 0.6581 -0.5250 -0.5397 0.9016 0.5545
  4 0.6700 -4.8027 61.5909 0.8191 -0.4261 -0.3841 0.9094 0.5505
  4 0.8000 -4.9709 61.9896 0.8012 -0.2631 -0.5374 0.9094 0.5584
charger_material_0.bmp
  4 0.6700 -4.8027 61.5909 0.8191 -0.4261 -0.3841 0.9094 0.5505
  4 0.8600 -4.5995 61.9084 0.8246 -0.3713 -0.4268 0.9134 0.5545
  4 0.8000 -4.9709 61.9896 0.8012 -0.2631 -0.5374 0.9094 0.5584
charger_material_0.bmp
  4 1.1200 -5.8648 63.3313 0.0450 -0.9623 -0.2681 0.9016 0.5822
  4 1.3500 -5.7939 63.0632 0.4159 -0.8845 -0.2115 0.9055 0.5782
  4 1.4300 -5.8335 63.3355 0.4814 -0.8476 -0.2233 0.9055 0.5822
charger_material_0.bmp
  4 1.4300 -5.8335 63.3355 0.4814 -0.8476 -0.2233 0.9055 0.5822
  4 1.3500 -5.7939 63.0632 0.4159 -0.8845 -0.2115 0.9055 0.5782
  4 1.6000 -5.6492 63.3410 0.8839 -0.4637 -0.0600 0.9094 0.5842
charger_material_0.bmp
  4 0.6900 -5.9401 63.4170 0.1161 -0.7446 -0.6573 0.8976 0.5822
  4 0.7200 -5.9340 63.3954 0.0331 -0.9918 -0.1234 0.8976 0.5822
  4 0.7500 -5.9560 63.4404 0.2558 -0.7592 -0.5985 0.8976 0.5822
charger_material_0.bmp
  4 0.7500 -5.9560 63.4404 0.2558 -0.7592 -0.5985 0.8976 0.5822
  4 0.7200 -5.9340 63.3954 0.0331 -0.9918 -0.1234 0.8976 0.5822
  4 0.8700 -5.8648 63.3313 0.2250 -0.9552 -0.1921 0.8996 0.5802
charger_material_0.bmp
  4 1.4300 -4.8071 66.2547 0.8216 -0.2795 0.4969 0.9134 0.6257
  4 1.6700 -4.5140 65.9238 0.9128 -0.2348 0.3342 0.9193 0.6198
  4 1.6100 -4.0642 66.3061 0.8533 -0.2022 0.4806 0.9232 0.6277
charger_material_0.bmp
  4 1.6100 -4.0642 66.3061 0.8533 -0.2022 0.4806 0.9232 0.6277
  4 1.6700 -4.5140 65.9238 0.9128 -0.2348 0.3342 0.9193 0.6198
  4 1.7600 -3.9502 66.0502 0.9141 -0.1958 0.3550 0.9252 0.6238
charger_material_0.bmp
  4 2.0600 -3.1291 64.2744 0.8717 0.1447 0.4681 0.9429 0.5980
  4 2.2700 -2.9940 64.0755 0.5537 0.4706 0.6870 0.9429 0.5941
  4 2.0000 -2.7485 64.0285 0.8717 0.4552 0.1813 0.9488 0.5941
charger_material_0.bmp
  4 2.0000 -2.7485 64.0285 0.8717 0.4552 0.1813 0.9488 0.5941
  4 2.2700 -2.9940 64.0755 0.5537 0.4706 0.6870 0.9429 0.5941
  4 2.3200 -2.8594 63.9276 0.6889 0.5626 0.4570 0.9449 0.5921
charger_material_0.bmp
  4 -0.4100 -0.3665 65.5177 0.1803 0.9803 0.0808 0.9902 0.6475
  4 0.3800 -0.5344 65.4379 0.1803 0.9803 0.0808 0.9823 0.6376
  4 -0.3900 -0.3672 65.1412 0.2324 0.9510 0.2039 0.9961 0.6436
charger_material_0.bmp
  4 -0.3900 -0.3672 65.1412 0.2324 0.9510 0.2039 0.9961 0.6436
  4 0.3800 -0.5344 65.4379 0.1803 0.9803 0.0808 0.9823 0.6376
  4 0.8100 -0.6987 64.6853 0.3693 0.9245 0.0940 0.9862 0.6218
charger_material_0.bmp
  4 -0.6900 -6.1371 61.9071 0.1481 -0.8757 0.4597 0.8760 0.5584
  4 -0.7300 -6.1892 61.5811 0.0488 -0.9641 0.2610 0.8760 0.5545
  4 -0.5000 -6.2047 61.5535 0.1660 -0.9688 0.1842 0.8799 0.5525
charger_material_0.bmp
  4 -0.5000 -6.2047 61.5535 0.1660 -0.9688 0.1842 0.8799 0.5525
  4 -0.7300 -6.1892 61.5811 0.0488 -0.9641 0.2610 0.8760 0.5545
  4 -0.7200 -6.2665 61.4431 0.1474 -0.9082 0.3917 0.8760 0.5505
charger_material_0.bmp
 18 12.6253 2.7156 55.0742 0.2901 0.8249 -0.4851 0.4055 0.4257
 18 12.8835 2.1521 54.6861 0.1578 0.3980 -0.9037 0.4193 0.4238
 18 12.4792 2.2214 54.5276 0.1593 0.0844 -0.9836 0.4193 0.4218
charger_material_0.bmp
 18 12.4792 2.2214 54.5276 0.1593 0.0844 -0.9836 0.4193 0.4218
 18 12.8835 2.1521 54.6861 0.1578 0.3980 -0.9037 0.4193 0.4238
 18 12.5323 0.9378 54.5687 -0.0132 0.1953 -0.9807 0.4488 0.4277
charger_material_0.bmp
 18 9.2173 3.6835 56.9484 0.4089 0.9115 -0.0442 0.3091 0.3881
 18 9.4942 3.3518 56.1002 0.1407 0.8917 -0.4302 0.3031 0.3802
 18 8.5972 3.7325 55.7495 0.5848 0.7139 -0.3852 0.3110 0.3723
charger_material_0.bmp
 18 8.5972 3.7325 55.7495 0.5848 0.7139 -0.3852 0.3110 0.3723
 18 9.4942 3.3518 56.1002 0.1407 0.8917 -0.4302 0.3031 0.3802
 18 8.8219 2.9653 55.2254 0.4760 0.5374 -0.6961 0.3012 0.3683
charger_material_0.bmp
  4 5.1800 1.3616 62.9475 0.6072 0.0650 0.7919 0.2283 0.4713
  4 4.1400 2.1227 63.6267 0.9486 0.2168 0.2304 0.2185 0.4931
  4 4.3100 1.2929 63.6530 0.9743 0.1056 0.1990 0.2185 0.4752
charger_material_0.bmp
  4 4.3100 1.2929 63.6530 0.9743 0.1056 0.1990 0.2185 0.4752
  4 4.1400 2.1227 63.6267 0.9486 0.2168 0.2304 0.2185 0.4931
  4 4.2200 2.1383 63.8681 0.9200 0.2435 0.3071 0.2165 0.4931
charger_material_0.bmp
  4 5.5900 -0.8722 61.3282 0.2367 -0.7311 0.6399 0.2303 0.4317
  4 4.5100 -0.8622 61.5401 0.5879 -0.6345 0.5018 0.2185 0.4337
  4 4.6900 -2.3036 59.9118 0.7337 -0.5790 0.3557 0.2205 0.4059
charger_material_0.bmp
  4 4.6900 -2.3036 59.9118 0.7337 -0.5790 0.3557 0.2205 0.4059
  4 4.5100 -0.8622 61.5401 0.5879 -0.6345 0.5018 0.2185 0.4337
  4 4.4600 -1.0558 61.6992 0.7417 -0.5260 0.4161 0.2165 0.4337
charger_material_0.bmp
  4 4.6200 -2.4719 60.0966 0.5559 -0.6707 0.4911 0.2185 0.4059
  4 3.6400 -3.2953 59.1443 -0.2511 -0.8232 0.5092 0.2067 0.3921
  4 4.6100 -3.0612 58.8247 0.7687 -0.5802 0.2690 0.2165 0.3901
charger_material_0.bmp
  4 4.6100 -3.0612 58.8247 0.7687 -0.5802 0.2690 0.2165 0.3901
  4 3.6400 -3.2953 59.1443 -0.2511 -0.8232 0.5092 0.2067 0.3921
  4 3.5500 -4.0658 57.7237 -0.2281 -0.8514 0.4723 0.2028 0.3782
charger_material_0.bmp
  4 3.4300 -0.3776 62.9033 -0.4516 -0.7980 0.3990 0.2067 0.4495
  4 3.4100 -0.7891 61.7094 -0.3394 -0.8234 0.4548 0.2047 0.4337
  4 3.5200 -1.0000 61.8311 -0.5708 -0.7096 0.4130 0.2087 0.4337
charger_material_0.bmp
  4 3.5200 -1.0000 61.8311 -0.5708 -0.7096 0.4130 0.2087 0.4337
  4 3.4100 -0.7891 61.7094 -0.3394 -0.8234 0.4548 0.2047 0.4337
  4 3.4800 -2.1818 60.1226 -0.5294 -0.5933 0.6064 0.2047 0.4079
charger_material_0.bmp
  4 4.6300 -3.4050 57.5058 0.8322 -0.4942 0.2514 0.2185 0.3782
  3 4.5100 -4.7603 55.3014 0.8830 -0.4322 0.1830 0.2106 0.3564
  3 5.9300 -3.8228 55.4087 0.5789 -0.7679 0.2742 0.2283 0.3604
charger_material_0.bmp
  3 5.9300 -3.8228 55.4087 0.5789 -0.7679 0.2742 0.2283 0.3604
  3 4.5100 -4.7603 55.3014 0.8830 -0.4322 0.1830 0.2106 0.3564
  3 4.6500 -4.8054 54.0789 0.8952 -0.4339 0.1014 0.2106 0.3446
charger_material_0.bmp
  4 -0.7900 -4.7227 59.5598 -0.1028 -0.1427 -0.9844 0.6811 0.6257
  4 -0.3900 -4.3626 59.4196 0.1234 -0.5036 -0.8551 0.6831 0.6178
  4 -0.3400 -4.7321 59.5106 0.0911 -0.1247 -0.9880 0.6850 0.6238
charger_material_0.bmp
  4 -0.3400 -4.7321 59.5106 0.0911 -0.1247 -0.9880 0.6850 0.6238
  4 -0.3900 -4.3626 59.4196 0.1234 -0.5036 -0.8551 0.6831 0.6178
  4 0.0000 -4.5894 59.5648 0.4123 -0.1867 -0.8917 0.6890 0.6218
charger_material_0.bmp
  4 1.0500 -2.8465 60.1072 0.6450 -0.7549 0.1186 0.7106 0.6079
  4 0.8300 -3.0517 59.7799 0.7494 -0.6617 -0.0227 0.7047 0.6079
  4 1.2000 -3.0030 59.1292 0.1962 -0.8806 0.4314 0.7028 0.5980
charger_material_0.bmp
  4 1.2000 -3.0030 59.1292 0.1962 -0.8806 0.4314 0.7028 0.5980
  4 0.8300 -3.0517 59.7799 0.7494 -0.6617 -0.0227 0.7047 0.6079
  4 0.5300 -3.4406 59.3961 0.7494 -0.6617 -0.0227 0.6969 0.6059
charger_material_0.bmp
  2 -2.1597 -5.7147 48.8300 -0.3011 -0.8985 -0.3195 0.6004 0.4911
  2 -0.9798 -5.8542 48.1198 -0.0340 -0.9719 -0.2329 0.6083 0.4752
  2 -1.1797 -6.2252 49.3795 0.0008 -0.9527 -0.3039 0.6142 0.4891
charger_material_0.bmp
  2 -1.1797 -6.2252 49.3795 0.0008 -0.9527 -0.3039 0.6142 0.4891
  2 -0.9798 -5.8542 48.1198 -0.0340 -0.9719 -0.2329 0.6083 0.4752
  3 0.3800 -6.1353 49.5278 0.1751 -0.9501 -0.2583 0.6319 0.4812
charger_material_0.bmp
  4 -0.2300 -5.1339 56.7164 0.0902 -0.9037 0.4185 0.6654 0.5762
  3 -1.9900 -6.0224 54.3548 -0.0040 -0.9370 0.3493 0.6319 0.5564
  3 -0.0300 -5.9837 54.4310 0.0538 -0.9418 0.3319 0.6535 0.5465
charger_material_0.bmp
  3 -0.0300 -5.9837 54.4310 0.0538 -0.9418 0.3319 0.6535 0.5465
  3 -1.9900 -6.0224 54.3548 -0.0040 -0.9370 0.3493 0.6319 0.5564
  3 -1.7400 -6.6846 52.4663 0.0308 -0.9712 0.2361 0.6240 0.5327
charger_material_0.bmp
  2 -2.3598 -10.8841 48.0158 -0.4071 -0.7881 0.4617 0.6417 0.9980
  3 -0.1200 -10.2888 50.8136 -0.5903 -0.4776 0.6508 0.6122 0.9980
  3 -0.3300 -8.2358 50.0023 -0.6927 0.5452 0.4722 0.6142 0.9802
charger_material_0.bmp
  3 -0.3300 -8.2358 50.0023 -0.6927 0.5452 0.4722 0.6142 0.9802
  3 -0.1200 -10.2888 50.8136 -0.5903 -0.4776 0.6508 0.6122 0.9980
  3 1.2800 -8.4594 53.1562 -0.8329 0.1812 0.5229 0.5807 0.9960
charger_material_0.bmp
  1 1.7500 6.7462 40.6313 0.3128 0.9456 0.0897 0.3799 0.1762
  1 -0.8000 7.5962 40.3413 0.1672 0.9859 -0.0075 0.4114 0.1762
  1 -0.6000 7.6462 42.3213 0.3205 0.9447 -0.0692 0.4094 0.2000
charger_material_0.bmp
  1 -0.6000 7.6462 42.3213 0.3205 0.9447 -0.0692 0.4094 0.2000
  1 -0.8000 7.5962 40.3413 0.1672 0.9859 -0.0075 0.4114 0.1762
  1 -3.5100 7.8162 41.6313 0.0670 0.9971 -0.0370 0.4409 0.1980
charger_material_0.bmp
  1 6.9900 1.4262 43.1413 0.7339 0.0818 0.6743 0.2835 0.2020
  1 7.0400 -0.0338 42.9713 0.7845 -0.1283 0.6067 0.2677 0.2020
  1 7.5900 0.4162 40.8513 0.9646 -0.0049 0.2638 0.2736 0.1683
charger_material_0.bmp
  1 7.5900 0.4162 40.8513 0.9646 -0.0049 0.2638 0.2736 0.1683
  1 7.0400 -0.0338 42.9713 0.7845 -0.1283 0.6067 0.2677 0.2020
  1 7.1800 -2.0338 40.6113 0.8889 -0.3500 0.2957 0.2500 0.1703
charger_material_0.bmp
  4 5.6300 5.6151 57.9296 0.6194 0.7418 0.2571 0.3563 0.3842
  4 6.3700 5.3025 57.0934 0.5444 0.8339 0.0901 0.3445 0.3762
  3 6.3000 5.5584 55.2634 0.7363 0.6668 0.1147 0.3406 0.3564
charger_material_0.bmp
  3 6.3000 5.5584 55.2634 0.7363 0.6668 0.1147 0.3406 0.3564
  4 6.3700 5.3025 57.0934 0.5444 0.8339 0.0901 0.3445 0.3762
  3 6.7800 5.0295 54.9397 0.6927 0.7209 -0.0199 0.3327 0.3545
charger_material_0.bmp
 10 9.6798 0.2804 28.9792 0.9665 -0.2091 0.1490 0.8307 0.2931
 10 9.7546 2.6372 25.7704 0.9463 0.3149 0.0732 0.8602 0.2594
 10 9.4599 2.8681 28.8377 0.9463 0.3149 0.0732 0.8602 0.2931
charger_material_0.bmp
 10 9.4599 2.8681 28.8377 0.9463 0.3149 0.0732 0.8602 0.2931
 10 9.7546 2.6372 25.7704 0.9463 0.3149 0.0732 0.8602 0.2594
 10 7.9933 5.0670 28.1891 0.6510 0.7577 -0.0457 0.8878 0.2891
charger_material_0.bmp
  9 -0.8147 2.4753 28.5109 0.9211 -0.1036 -0.3754 0.9902 0.9564
  9 -0.4794 2.1629 29.2207 0.4476 -0.0736 -0.8912 0.9941 0.9624
  9 -1.8736 0.6808 28.4436 0.7181 -0.3556 -0.5983 0.9724 0.9545
charger_material_0.bmp
  9 -1.8736 0.6808 28.4436 0.7181 -0.3556 -0.5983 0.9724 0.9545
  9 -0.4794 2.1629 29.2207 0.4476 -0.0736 -0.8912 0.9941 0.9624
  9 -1.3342 -0.0089 29.3166 0.2609 -0.2616 -0.9292 0.9764 0.9723
charger_material_0.bmp
 18 34.0216 -1.9765 51.1164 0.5420 -0.7371 -0.4037 0.5689 0.0238
 18 34.0228 -1.9541 51.0664 -0.1427 -0.3896 -0.9099 0.5689 0.0238
 18 34.0996 -1.7459 51.1033 0.5404 0.5069 -0.6716 0.5669 0.0238
charger_material_0.bmp
 18 34.0996 -1.7459 51.1033 0.5404 0.5069 -0.6716 0.5669 0.0238
 18 34.0228 -1.9541 51.0664 -0.1427 -0.3896 -0.9099 0.5689 0.0238
 18 33.6979 -1.6234 51.3028 -0.1994 0.7072 -0.6783 0.5669 0.0277
charger_material_0.bmp
 18 33.7995 -1.6092 51.4176 0.4791 0.8149 0.3262 0.5728 0.0257
 18 34.1269 -1.7806 51.1985 0.9257 0.0424 0.3759 0.5709 0.0238
 18 34.1397 -1.7486 51.1571 0.9307 0.3246 -0.1688 0.5709 0.0218
charger_material_0.bmp
 18 34.1397 -1.7486 51.1571 0.9307 0.3246 -0.1688 0.5709 0.0218
 18 34.1269 -1.7806 51.1985 0.9257 0.0424 0.3759 0.5709 0.0238
 18 34.0216 -1.9765 51.1164 0.5420 -0.7371 -0.4037 0.5689 0.0238
charger_material_0.bmp
 18 32.8513 -2.1696 51.4989 -0.0866 0.7332 -0.6744 0.5453 0.0436
 18 33.1833 -2.3295 51.2491 -0.0866 0.7332 -0.6744 0.5433 0.0396
 18 33.0887 -2.4882 51.2278 -0.5544 0.0014 -0.8322 0.5453 0.0396
charger_material_0.bmp
 18 33.0887 -2.4882 51.2278 -0.5544 0.0014 -0.8322 0.5453 0.0396
 18 33.1833 -2.3295 51.2491 -0.0866 0.7332 -0.6744 0.5433 0.0396
 18 33.3758 -2.6122 51.0690 -0.3627 -0.1382 -0.9216 0.5453 0.0376
charger_material_0.bmp
 18 30.1602 -1.6068 51.9141 -0.6588 -0.2336 -0.7151 0.5453 0.0772
 18 30.4081 -1.2809 51.7736 -0.0992 0.2901 -0.9518 0.5394 0.0792
 18 30.6090 -1.6558 51.6385 -0.1905 0.1155 -0.9749 0.5374 0.0752
charger_material_0.bmp
 18 30.6090 -1.6558 51.6385 -0.1905 0.1155 -0.9749 0.5374 0.0752
 18 30.4081 -1.2809 51.7736 -0.0992 0.2901 -0.9518 0.5394 0.0792
 18 30.9967 -1.4260 51.8244 0.1691 0.2108 -0.9628 0.5295 0.0772
charger_material_0.bmp
 18 27.9651 0.2289 53.3185 0.2936 0.4555 0.8404 0.5827 0.1188
 18 26.8179 0.7884 53.4481 0.3610 0.7023 0.6136 0.5846 0.1386
 18 26.6531 0.2516 53.5942 0.1846 0.0208 0.9826 0.5768 0.1406
charger_material_0.bmp
 18 26.6531 0.2516 53.5942 0.1846 0.0208 0.9826 0.5768 0.1406
 18 26.8179 0.7884 53.4481 0.3610 0.7023 0.6136 0.5846 0.1386
 18 25.9955 1.0438 53.6273 0.3415 0.5145 0.7866 0.5846 0.1525
charger_material_0.bmp
 18 28.7947 -0.3785 53.1721 0.0989 -0.0534 0.9937 0.5768 0.0990
 18 29.6356 -0.5816 53.1549 0.0989 -0.0534 0.9937 0.5768 0.0871
 18 29.6986 -0.1470 53.0627 0.1621 0.5033 0.8488 0.5846 0.0871
charger_material_0.bmp
 18 29.6986 -0.1470 53.0627 0.1621 0.5033 0.8488 0.5846 0.0871
 18 29.6356 -0.5816 53.1549 0.0989 -0.0534 0.9937 0.5768 0.0871
 18 30.1205 -0.2476 53.0335 0.1674 0.4399 0.8823 0.5846 0.0812
charger_material_0.bmp
 18 26.6900 0.0973 51.9736 0.1532 0.2692 -0.9508 0.6161 0.1307
 18 24.8286 0.4827 52.2527 -0.1321 0.2614 -0.9562 0.6201 0.1465
 18 25.9992 0.7624 52.1590 0.0083 0.4720 -0.8815 0.6102 0.1485
charger_material_0.bmp
 18 25.9992 0.7624 52.1590 0.0083 0.4720 -0.8815 0.6102 0.1485
 18 24.8286 0.4827 52.2527 -0.1321 0.2614 -0.9562 0.6201 0.1465
 18 23.2141 0.7335 52.6034 -0.2605 -0.2051 -0.9434 0.6240 0.1683
charger_material_0.bmp
 18 31.4766 -0.1094 52.0966 0.0505 0.7082 -0.7042 0.6004 0.0634
 18 30.8361 0.0702 52.3821 0.0144 0.9799 -0.1990 0.5965 0.0713
 18 31.5237 -0.0193 52.3060 0.1855 0.9818 0.0397 0.5965 0.0634
charger_material_0.bmp
 18 31.5237 -0.0193 52.3060 0.1855 0.9818 0.0397 0.5965 0.0634
 18 30.8361 0.0702 52.3821 0.0144 0.9799 -0.1990 0.5965 0.0713
 18 30.8211 -0.0345 52.6950 0.1464 0.8939 0.4236 0.5906 0.0713
charger_material_0.bmp
 18 32.1451 -0.5837 51.9039 0.2828 0.2846 -0.9160 0.6043 0.0535
 18 32.3143 -0.5469 52.1704 0.9599 -0.1367 -0.2447 0.6024 0.0515
 18 32.4557 -0.7166 51.9337 0.1731 0.6948 -0.6981 0.6063 0.0515
charger_material_0.bmp
 18 32.4557 -0.7166 51.9337 0.1731 0.6948 -0.6981 0.6063 0.0515
 18 32.3143 -0.5469 52.1704 0.9599 -0.1367 -0.2447 0.6024 0.0515
 18 32.3587 -0.6081 52.1901 0.5081 0.8566 0.0894 0.6043 0.0515
charger_material_0.bmp
 18 32.3755 -0.6980 52.3963 0.6921 0.3562 0.6278 0.5866 0.0495
 18 32.2886 -0.5561 52.3678 0.9566 0.1421 0.2543 0.5886 0.0515
 18 32.1731 -0.5780 52.6314 0.6048 0.1414 0.7837 0.5866 0.0535
charger_material_0.bmp
 18 32.1731 -0.5780 52.6314 0.6048 0.1414 0.7837 0.5866 0.0535
 18 32.2886 -0.5561 52.3678 0.9566 0.1421 0.2543 0.5886 0.0515
 18 32.3642 -0.4649 52.3383 0.6970 -0.2502 0.6720 0.5906 0.0515
charger_material_0.bmp
 18 9.5154 -1.7049 56.3330 0.1273 -0.9335 -0.3353 0.5256 0.3089
 18 9.8710 -1.7092 57.2456 0.3405 -0.8985 0.2770 0.5335 0.3188
 18 9.2967 -1.9146 56.9823 0.2617 -0.9628 -0.0679 0.5276 0.3168
charger_material_0.bmp
 18 9.2967 -1.9146 56.9823 0.2617 -0.9628 -0.0679 0.5276 0.3168
 18 9.8710 -1.7092 57.2456 0.3405 -0.8985 0.2770 0.5335 0.3188
 18 9.0645 -1.8314 57.7903 0.3197 -0.8773 0.3578 0.5315 0.3267
charger_material_0.bmp
 18 15.7661 1.3526 56.3100 0.3139 -0.6434 0.6982 0.5610 0.2634
 18 17.1906 1.1272 55.8623 0.1773 -0.5657 0.8053 0.5610 0.2436
 18 17.3868 1.7268 56.2931 0.2173 -0.4426 0.8700 0.5709 0.2455
charger_material_0.bmp
 18 17.3868 1.7268 56.2931 0.2173 -0.4426 0.8700 0.5709 0.2455
 18 17.1906 1.1272 55.8623 0.1773 -0.5657 0.8053 0.5610 0.2436
 18 19.2510 1.4594 55.6327 0.2458 -0.3582 0.9007 0.5709 0.2257
charger_material_0.bmp
  4 -0.2000 -6.0525 61.8706 0.5391 -0.8079 -0.2383 0.8839 0.5564
  4 -0.0200 -5.8731 61.5308 0.8177 -0.5754 -0.0131 0.8878 0.5525
  4 -0.0300 -5.8036 61.8942 0.8008 -0.5434 -0.2520 0.8898 0.5564
charger_material_0.bmp
  4 -0.0300 -5.8036 61.8942 0.8008 -0.5434 -0.2520 0.8898 0.5564
  4 -0.0200 -5.8731 61.5308 0.8177 -0.5754 -0.0131 0.8878 0.5525
  4 0.1300 -5.4904 61.5086 0.8298 -0.5419 -0.1333 0.8957 0.5505
charger_material_0.bmp
  4 0.3900 -4.9070 60.9389 0.8298 -0.5419 -0.1333 0.9035 0.5386
  4 0.4800 -4.7148 60.9327 0.7694 -0.6352 -0.0683 0.9055 0.5386
  4 0.4600 -4.7633 61.1049 0.8009 -0.5944 -0.0721 0.9055 0.5426
charger_material_0.bmp
  4 0.4600 -4.7633 61.1049 0.8009 -0.5944 -0.0721 0.9055 0.5426
  4 0.4800 -4.7148 60.9327 0.7694 -0.6352 -0.0683 0.9055 0.5386
  4 0.6700 -4.6014 61.2063 0.7684 -0.6101 -0.1934 0.9094 0.5426
charger_material_0.bmp
  4 -0.6800 -5.6060 60.1053 0.1550 -0.9206 -0.3583 0.8799 0.5248
  4 -0.6600 -5.6783 60.3126 0.1992 -0.9221 -0.3318 0.8799 0.5267
  4 -1.0400 -5.7490 60.3159 0.1771 -0.9380 -0.2980 0.8740 0.5267
charger_material_0.bmp
  4 -1.0400 -5.7490 60.3159 0.1771 -0.9380 -0.2980 0.8740 0.5267
  4 -0.6600 -5.6783 60.3126 0.1992 -0.9221 -0.3318 0.8799 0.5267
  4 -0.9900 -5.7662 60.4923 0.1271 -0.9555 -0.2662 0.8740 0.5307
charger_material_0.bmp
  4 0.8100 -0.6987 64.6853 0.3693 0.9245 0.0940 0.7185 0.7446
  4 1.2800 -0.9694 64.2280 0.6677 0.7430 0.0465 0.7264 0.7465
  4 0.8200 -0.3930 64.2604 0.4189 0.0006 0.9080 0.7165 0.7525
charger_material_0.bmp
  4 0.8200 -0.3930 64.2604 0.4189 0.0006 0.9080 0.7165 0.7525
  4 1.2800 -0.9694 64.2280 0.6677 0.7430 0.0465 0.7264 0.7465
  4 1.2000 -0.6454 63.9523 0.8021 0.0379 0.5960 0.7244 0.7525
charger_material_0.bmp
  4 -1.7600 4.6388 65.4975 0.2776 0.2490 0.9279 0.6476 0.7861
  4 -0.3200 6.3088 64.2212 0.4076 0.5204 0.7504 0.6476 0.8139
  4 -2.6900 7.2210 64.1996 0.1962 0.6039 0.7725 0.6240 0.8040
charger_material_0.bmp
  4 -2.6900 7.2210 64.1996 0.1962 0.6039 0.7725 0.6240 0.8040
  4 -0.3200 6.3088 64.2212 0.4076 0.5204 0.7504 0.6476 0.8139
  4 -1.5200 8.4781 62.3608 0.2673 0.7967 0.5420 0.6201 0.8277
charger_material_0.bmp
 10 8.6999 0.2923 36.1018 0.9884 -0.0654 0.1368 0.2717 0.1010
 10 8.6268 3.1640 35.8802 0.9288 0.3247 0.1784 0.2992 0.0990
 10 8.2303 3.0020 37.5696 0.9132 0.3107 0.2638 0.2992 0.1168
charger_material_0.bmp
 10 8.2303 3.0020 37.5696 0.9132 0.3107 0.2638 0.2992 0.1168
 10 8.6268 3.1640 35.8802 0.9288 0.3247 0.1784 0.2992 0.0990
 10 6.7614 5.4267 37.4767 0.6978 0.6382 0.3252 0.3268 0.1228
charger_material_0.bmp
 18 12.4792 2.2214 54.5276 0.1593 0.0844 -0.9836 0.2815 0.3564
 18 12.0929 2.8424 54.7685 0.1422 0.8720 -0.4685 0.2657 0.3604
 18 9.7374 2.2170 54.8739 -0.1417 -0.1181 -0.9828 0.2815 0.3604
charger_material_0.bmp
 18 9.7374 2.2170 54.8739 -0.1417 -0.1181 -0.9828 0.2815 0.3604
 18 12.0929 2.8424 54.7685 0.1422 0.8720 -0.4685 0.2657 0.3604
 18 9.6447 2.8463 55.3374 -0.0160 0.6900 -0.7236 0.2657 0.3703
charger_material_0.bmp
  4 0.6300 -5.9921 63.3047 0.2108 -0.9527 0.2188 0.8957 0.5782
  4 0.6800 -5.9261 63.3837 0.2620 -0.9651 -0.0009 0.8976 0.5802
  4 0.5900 -5.9841 63.2930 0.4456 -0.8950 0.0193 0.8957 0.5802
charger_material_0.bmp
  4 -0.6300 -7.1898 65.0812 0.0474 -0.9849 0.1665 0.8720 0.6040
  4 -0.5100 -7.0387 65.7650 0.0460 -0.9436 0.3279 0.8740 0.6139
  4 -1.0600 -7.0698 65.4961 -0.0865 -0.9392 0.3323 0.8681 0.6079
charger_material_0.bmp
  4 0.3200 -5.9639 62.7597 0.4224 -0.9037 -0.0704 0.8937 0.5703
  4 0.6100 -5.8933 62.7564 0.2351 -0.9684 -0.0834 0.8976 0.5703
  4 0.5400 -5.9324 62.9777 0.2618 -0.9406 -0.2161 0.8957 0.5743
charger_material_0.bmp
  4 1.1200 -6.2333 65.6110 0.7740 -0.5347 0.3390 0.8957 0.6139
  4 1.2400 -6.0504 65.5557 0.9078 -0.3701 0.1972 0.8996 0.6139
  4 1.1800 -5.8401 65.9635 0.8235 -0.3929 0.4093 0.8996 0.6198
charger_material_0.bmp
  4 0.0600 -6.5317 66.3400 0.3911 -0.7513 0.5316 0.8799 0.6238
  4 0.7800 -6.4375 65.8741 0.5559 -0.6707 0.4911 0.8898 0.6158
  4 0.2300 -6.2256 66.5564 0.4522 -0.6257 0.6357 0.8839 0.6297
charger_material_0.bmp
  4 0.1000 -4.0947 67.5846 0.0750 -0.2160 0.9735 0.9134 0.6574
  4 0.5900 -3.4586 67.5037 0.4398 -0.0454 0.8969 0.9272 0.6535
  4 0.1000 -3.3579 67.6575 -0.0223 0.0073 0.9997 0.9272 0.6614
charger_material_0.bmp
  4 0.4500 -6.0361 63.1808 0.1290 -0.9818 0.1392 0.8937 0.5762
  4 0.2600 -6.0049 62.9712 0.3601 -0.9207 -0.1506 0.8917 0.5743
  4 0.5400 -5.9324 62.9777 0.2618 -0.9406 -0.2161 0.8957 0.5743
charger_material_0.bmp
 10 3.6605 -3.4155 30.0731 -0.1028 -0.9393 -0.3272 0.7421 0.3129
 10 2.1122 -2.3274 28.8428 -0.4956 -0.7789 -0.3842 0.7185 0.3030
 10 3.7172 -3.3297 28.9126 -0.3369 -0.9412 -0.0235 0.7421 0.3010
charger_material_0.bmp
  4 0.9300 -6.5519 65.4887 0.6541 -0.6939 0.3011 0.8917 0.6119
  4 1.0100 -6.5579 65.0317 0.7653 -0.6428 0.0330 0.8937 0.6059
  4 1.1900 -6.2654 65.2303 0.8743 -0.4729 0.1092 0.8976 0.6079
charger_material_0.bmp
  4 -0.2100 -6.4199 62.8775 0.4814 -0.8476 -0.2233 0.8819 0.5723
  4 -0.0500 -6.1723 63.0541 0.6804 -0.7274 0.0890 0.8858 0.5743
  4 -0.0700 -6.2363 63.1987 0.7889 -0.4384 -0.4307 0.8858 0.5762
charger_material_0.bmp
 18 9.2306 1.0748 55.3673 -0.0913 -0.0777 -0.9928 0.3091 0.3703
 18 9.7374 2.2170 54.8739 -0.1417 -0.1181 -0.9828 0.2815 0.3604
 18 12.4792 2.2214 54.5276 0.1593 0.0844 -0.9836 0.2815 0.3564
charger_material_0.bmp
  4 -0.6500 -5.6916 60.7224 -0.0349 -0.1963 0.9799 0.7185 0.6376
  4 -0.2700 -5.6313 60.7719 0.0750 -0.2160 0.9735 0.7244 0.6416
  4 -0.6400 -5.1870 60.6463 -0.1939 0.1113 0.9747 0.7165 0.6455
charger_material_0.bmp
  4 1.6900 -3.1856 63.0736 0.9603 -0.0432 -0.2755 0.9409 0.5762
  4 1.7000 -2.9575 62.7755 0.8189 0.0010 -0.5740 0.9469 0.5723
  4 1.8300 -2.9400 63.0267 0.8030 -0.5172 -0.2961 0.9449 0.5762
charger_material_0.bmp
  4 2.1400 -1.9920 65.4823 0.9774 0.1287 0.1679 0.9547 0.6178
  4 2.0700 -1.4694 64.9141 0.9222 0.3787 -0.0777 0.9626 0.6139
  4 1.8600 -1.1137 65.2839 0.7779 0.6258 0.0571 0.9665 0.6198
charger_material_0.bmp
 18 13.4984 1.0787 54.4642 -0.0925 0.0755 -0.9928 0.6319 0.2713
 18 15.6245 1.1667 54.3130 -0.1351 -0.3004 -0.9442 0.6358 0.2515
 18 13.2895 0.1784 54.4686 0.1589 -0.2046 -0.9659 0.6437 0.2733
charger_material_0.bmp
 18 8.9483 2.2642 55.0067 0.2644 0.0427 -0.9635 0.2933 0.3663
 18 9.2306 1.0748 55.3673 -0.0913 -0.0777 -0.9928 0.2835 0.3683
 18 8.5632 0.9722 55.2679 0.3259 0.0572 -0.9437 0.2815 0.3624
charger_material_0.bmp
  4 7.7000 1.7797 60.6074 0.6011 0.2873 0.7458 0.2618 0.4554
  4 6.4700 1.9852 61.5760 0.6175 0.3177 0.7196 0.2480 0.4693
  4 7.7000 0.9374 60.9415 0.6421 0.1129 0.7582 0.2579 0.4436
charger_material_0.bmp
  4 3.2600 0.9728 64.1621 -0.0590 -0.4486 0.8918 0.2047 0.4752
  4 3.4700 0.9322 64.3226 -0.1884 -0.4033 0.8954 0.2067 0.4752
  4 3.1500 1.9399 64.3743 -0.2176 -0.0358 0.9754 0.2047 0.4950
charger_material_0.bmp
  4 3.5700 -2.3674 60.2701 -0.5267 -0.6557 0.5410 0.2067 0.4079
  4 3.4800 -2.1818 60.1226 -0.5294 -0.5933 0.6064 0.2047 0.4079
  4 3.5200 -3.1237 59.0301 -0.5146 -0.7104 0.4801 0.2047 0.3921
charger_material_0.bmp
  9 -0.8446 -1.2634 29.7869 0.0516 -0.3842 -0.9218 0.1358 0.0495
  9 -1.7441 -2.8979 30.5684 0.0068 -0.6198 -0.7847 0.1260 0.0693
  9 -2.4460 -2.0016 29.7742 0.1978 -0.4139 -0.8886 0.1181 0.0594
charger_material_0.bmp
  4 2.8500 -1.5375 60.4576 0.0253 -0.7560 0.6541 0.7303 0.5921
  4 3.4800 -2.1818 60.1226 -0.5294 -0.5933 0.6064 0.7264 0.5842
  4 3.4100 -0.7891 61.7094 -0.3394 -0.8234 0.4548 0.7461 0.5901
charger_material_0.bmp
  4 1.2800 -0.9694 64.2280 0.6677 0.7430 0.0465 0.7657 0.6277
  4 1.5300 -1.2676 63.7862 0.8592 0.4995 -0.1105 0.7579 0.6257
  4 1.2000 -0.6454 63.9523 0.8021 0.0379 0.5960 0.7657 0.6218
charger_material_0.bmp
  4 1.6200 -3.7547 58.4991 0.0245 -0.7912 0.6111 0.6988 0.5861
  4 0.9000 -4.1998 58.0344 0.0874 -0.7443 0.6621 0.6890 0.5861
  4 1.6300 -4.4601 57.0457 0.1962 -0.8806 0.4314 0.6890 0.5703
charger_material_0.bmp
  3 0.1000 -6.5831 52.5657 0.1581 -0.9751 0.1553 0.6437 0.5208
  3 1.8000 -5.9955 52.3295 0.2628 -0.9468 0.1857 0.6654 0.5109
  3 1.6100 -5.7960 54.4001 0.2176 -0.9310 0.2930 0.6732 0.5386
charger_material_0.bmp
  2 -2.7998 -8.8142 48.1175 -0.5535 0.6517 0.5186 0.6437 0.9762
  3 -0.3300 -8.2358 50.0023 -0.6927 0.5452 0.4722 0.6142 0.9802
  2 -0.2697 -6.7543 48.2391 -0.4613 0.6697 0.5819 0.6201 0.9564
charger_material_0.bmp
  2 -2.5798 -7.1332 46.9189 -0.4558 0.6401 0.6184 0.6457 0.9545
  2 -0.2697 -6.7543 48.2391 -0.4613 0.6697 0.5819 0.6201 0.9564
  2 -1.7199 -5.6525 46.0200 -0.5816 0.2223 0.7825 0.6378 0.9366
charger_material_0.bmp
  1 -3.0900 8.6662 43.3613 0.3303 0.9354 -0.1265 0.4390 0.2198
  1 -0.6300 7.8962 44.0913 0.4030 0.8942 -0.1947 0.4114 0.2218
  1 -0.6000 7.6462 42.3213 0.3205 0.9447 -0.0692 0.4094 0.2000
charger_material_0.bmp
 10 0.4504 7.7160 32.8443 0.1265 0.9638 -0.2349 0.3996 0.0871
  9 -1.3337 7.8559 32.6228 0.1065 0.9291 -0.3542 0.4173 0.0871
  9 -1.3760 8.1604 34.7581 0.1153 0.9926 -0.0381 0.4173 0.1109
charger_material_0.bmp
 10 2.1446 6.9054 30.9620 -0.0078 0.8851 -0.4654 0.3799 0.0653
 10 1.0914 4.9241 29.6358 -0.4788 0.4794 -0.7354 0.3898 0.0416
 10 0.3870 6.9482 31.1782 0.0297 0.7284 -0.6845 0.3976 0.0673
charger_material_0.bmp
  9 -1.3309 7.0676 30.9539 0.2299 0.8663 -0.4434 0.4154 0.0673
 10 0.3870 6.9482 31.1782 0.0297 0.7284 -0.6845 0.3976 0.0673
  9 -0.2824 4.9898 29.7974 0.6025 0.4063 -0.6869 0.4035 0.0436
charger_material_0.bmp
  1 2.0200 6.9962 38.8613 0.2102 0.9520 0.2227 0.3780 0.1525
  1 4.1800 6.2962 39.1413 0.4084 0.8475 0.3390 0.3543 0.1505
 10 2.4505 7.5246 36.9653 0.1219 0.9655 0.2302 0.3780 0.1287
charger_material_0.bmp
 10 4.8556 7.2232 33.2331 0.2797 0.9507 -0.1336 0.3543 0.0832
 10 4.8642 7.4321 35.3026 0.3700 0.9268 0.0649 0.3543 0.1050
 10 7.2929 5.7184 34.4289 0.7279 0.6824 0.0671 0.3268 0.0871
charger_material_0.bmp
  1 3.6200 5.8562 42.3013 0.4768 0.8753 0.0801 0.3563 0.1941
  1 5.8700 4.4462 41.0913 0.7038 0.6708 0.2340 0.3248 0.1743
  1 3.8200 6.0462 40.7513 0.4103 0.8904 0.1968 0.3543 0.1723
charger_material_0.bmp
  2 2.1201 6.7188 44.4898 0.5922 0.5471 0.5916 0.3760 0.2218
  1 1.8400 6.5862 42.5413 0.4014 0.9150 -0.0420 0.3780 0.1980
  2 1.2401 7.1883 45.0702 0.7609 0.6152 0.2063 0.3878 0.2297
charger_material_0.bmp
  1 6.1500 -2.5338 43.3313 0.8947 -0.1369 0.4251 0.2402 0.2099
  2 5.8201 -2.8814 44.6619 0.9848 -0.0527 0.1655 0.2343 0.2297
  1 4.4000 -4.5038 43.5913 0.5810 -0.8057 0.1148 0.2106 0.2178
charger_material_0.bmp
  1 0.1700 -5.8338 43.9313 0.1437 -0.9883 -0.0506 0.1614 0.2297
  1 0.5600 -5.7738 41.9313 0.0217 -0.9840 0.1771 0.1654 0.2040
  1 2.9500 -5.4438 42.4513 0.2910 -0.9415 0.1699 0.1909 0.2079
charger_material_0.bmp
  3 7.7300 -1.7829 54.3875 0.8110 -0.3072 -0.4979 0.2559 0.3525
  3 7.4400 -2.5339 54.7827 0.7329 -0.6722 -0.1054 0.2500 0.3564
  3 6.2800 -3.3001 53.4088 0.7479 -0.6013 -0.2813 0.2362 0.3386
charger_material_0.bmp
  3 7.2100 3.5528 49.5195 0.9078 0.3975 -0.1339 0.3091 0.2911
  3 6.1200 5.0757 49.5518 0.7190 0.6755 -0.1635 0.3287 0.2891
  3 6.3600 5.1770 51.1906 0.7421 0.6612 -0.1100 0.3307 0.3089
charger_material_0.bmp
  2 5.9003 4.9357 48.2282 0.7301 0.6583 -0.1834 0.3287 0.2733
  2 4.0703 6.4957 48.2695 0.5056 0.8331 -0.2244 0.3563 0.2693
  3 4.2900 6.6217 49.7022 0.5645 0.8084 -0.1667 0.3563 0.2851
charger_material_0.bmp
  4 4.5700 6.8736 56.1516 0.4792 0.8748 0.0708 0.3661 0.3584
  4 5.3400 6.5834 55.9118 0.5876 0.8032 0.0975 0.3583 0.3584
  3 4.8900 6.6476 53.5629 0.5300 0.8412 -0.1068 0.3563 0.3307
charger_material_0.bmp
  4 6.5400 2.7614 61.1629 0.5794 0.4026 0.7086 0.3465 0.4455
  4 6.4700 1.9852 61.5760 0.6175 0.3177 0.7196 0.3445 0.4594
  4 7.7000 1.7797 60.6074 0.6011 0.2873 0.7458 0.3268 0.4495
charger_material_0.bmp
  4 6.5200 3.8565 60.3936 0.5421 0.6364 0.5488 0.3484 0.4257
  4 7.1400 4.5923 58.2778 0.4962 0.8101 0.3122 0.3386 0.3941
  4 6.0000 4.8109 59.3152 0.4976 0.7785 0.3826 0.3543 0.4059
charger_material_0.bmp
  4 3.3200 6.6858 59.3233 0.7881 0.5738 0.2228 0.3858 0.3881
  4 3.5400 5.1539 61.4284 0.9011 0.3856 0.1984 0.3858 0.4218
  4 4.8600 6.0321 58.9392 0.5754 0.7218 0.3846 0.3681 0.3901
charger_material_0.bmp
 10 9.1917 -2.3323 25.5907 0.6251 -0.7472 0.2259 0.8031 0.2574
 10 8.8528 -1.6491 28.7882 0.7751 -0.6095 0.1668 0.8091 0.2911
 10 7.3289 -3.0988 28.1810 0.5048 -0.8493 0.1543 0.7854 0.2871
charger_material_0.bmp
 10 5.4193 -3.5516 30.0661 0.1405 -0.9896 0.0295 0.7657 0.3109
 10 3.7172 -3.3297 28.9126 -0.3369 -0.9412 -0.0235 0.7421 0.3010
 10 5.5029 -3.9152 27.3327 0.0767 -0.9880 0.1338 0.7618 0.2792
charger_material_0.bmp
 10 0.9572 2.4735 28.4938 -0.8757 0.1598 -0.4557 0.9921 0.2911
 10 0.6809 2.1632 29.1082 -0.5953 0.0808 -0.7994 0.9921 0.3010
 10 1.0914 4.9241 29.6358 -0.4788 0.4794 -0.7354 0.9665 0.3109
charger_material_0.bmp
 10 10.0483 0.0485 25.6568 0.9031 -0.4118 0.1220 0.8307 0.2574
 10 9.6798 0.2804 28.9792 0.9665 -0.2091 0.1490 0.8307 0.2931
 10 8.8528 -1.6491 28.7882 0.7751 -0.6095 0.1668 0.8091 0.2911
charger_material_0.bmp
  9 -0.4794 2.1629 29.2207 0.4476 -0.0736 -0.8912 0.7205 0.9624
  9 -0.8147 2.4753 28.5109 0.9211 -0.1036 -0.3754 0.7264 0.9564
  9 -0.2824 4.9898 29.7974 0.6025 0.4063 -0.6869 0.7461 0.9782
charger_material_0.bmp
 18 32.5478 -1.1853 52.0983 0.5913 0.7677 0.2471 0.5610 0.0396
 18 33.0846 -1.3938 51.7994 0.4864 0.8446 0.2238 0.5610 0.0356
 18 32.4330 -1.2433 51.8516 0.2266 0.6531 -0.7226 0.5630 0.0416
charger_material_0.bmp
 18 33.4735 -1.8902 51.4623 -0.3419 -0.9162 -0.2090 0.5689 0.0297
 18 33.0994 -1.7971 51.6453 -0.2847 -0.9030 -0.3219 0.5689 0.0356
 18 33.0661 -1.6935 51.5749 -0.4595 -0.1069 -0.8817 0.5669 0.0356
charger_material_0.bmp
 18 33.0846 -1.3938 51.7994 0.4864 0.8446 0.2238 0.5768 0.0356
 18 32.5478 -1.1853 52.0983 0.5913 0.7677 0.2471 0.5787 0.0436
 18 33.0506 -1.5181 51.8911 0.6043 0.0883 0.7919 0.5748 0.0356
charger_material_0.bmp
 18 32.5478 -1.1853 52.0983 0.5913 0.7677 0.2471 0.5787 0.0436
 18 32.4907 -1.1360 52.1210 0.9946 0.0541 -0.0888 0.5787 0.0436
 18 32.3735 -1.3201 52.4280 0.6141 0.0325 0.7885 0.5748 0.0475
charger_material_0.bmp
 18 31.0313 -2.1926 51.9444 0.4455 -0.3594 0.8199 0.5492 0.0634
 18 30.8557 -2.3084 51.8685 -0.4647 -0.8232 0.3262 0.5453 0.0653
 18 31.2225 -2.6323 51.6961 -0.2824 -0.6926 0.6638 0.5413 0.0594
charger_material_0.bmp
 18 31.3417 -2.5547 51.7396 0.4881 -0.1845 0.8530 0.5453 0.0594
 18 31.4572 -2.4382 51.5923 0.8581 0.2995 0.4172 0.5472 0.0574
 18 31.1818 -2.0474 51.8228 0.8123 0.2077 0.5450 0.5512 0.0614
charger_material_0.bmp
 18 32.7567 -2.3383 51.4772 -0.5652 -0.0823 -0.8209 0.5492 0.0436
 18 32.5805 -2.2820 51.5724 -0.4694 -0.1781 -0.8648 0.5492 0.0455
 18 32.7163 -2.0835 51.5983 -0.0160 0.6900 -0.7236 0.5453 0.0455
charger_material_0.bmp
 18 33.6807 -2.5962 51.1273 0.9427 0.2446 -0.2271 0.5433 0.0356
 18 33.5907 -2.7535 51.0748 0.4454 -0.7848 -0.4309 0.5453 0.0356
 18 33.6702 -2.6034 51.0678 0.7167 0.2382 -0.6554 0.5433 0.0356
charger_material_0.bmp
 18 32.1028 -0.2572 52.4152 0.3610 0.7023 0.6136 0.5925 0.0554
 18 32.2724 -0.2417 52.2840 0.2971 0.6960 0.6537 0.5945 0.0535
 18 32.2498 -0.1857 52.1585 0.0249 0.9947 0.0994 0.5965 0.0535
charger_material_0.bmp
 18 29.7294 -1.3313 52.6956 -0.3363 -0.7948 0.5052 0.5610 0.0832
 18 29.9390 -1.0745 52.9654 -0.0068 -0.5122 0.8588 0.5689 0.0812
 18 29.4446 -1.1726 52.7539 -0.2372 -0.8465 0.4766 0.5630 0.0871
charger_material_0.bmp
 18 29.7210 -1.2076 52.1945 -0.5317 -0.4394 -0.7240 0.5512 0.0851
 18 29.6783 -1.3776 52.4076 -0.5746 -0.8149 -0.0755 0.5571 0.0832
 18 29.4327 -1.2687 52.4566 -0.4244 -0.8732 -0.2394 0.5571 0.0871
charger_material_0.bmp
 18 29.4754 -1.0887 52.2440 -0.3441 -0.4770 -0.8088 0.5531 0.0871
 18 28.7115 -0.8002 52.3533 -0.2218 -0.4326 -0.8739 0.5551 0.0970
 18 29.5774 -0.7539 52.1401 -0.1801 0.0329 -0.9831 0.5472 0.0891
charger_material_0.bmp
 18 26.0438 1.2010 53.0465 0.3313 0.9400 0.0817 0.5945 0.1525
 18 23.6142 2.0227 53.6817 0.4105 0.9119 0.0048 0.5945 0.1723
 18 23.6888 1.8027 54.0951 0.4355 0.6947 0.5725 0.5886 0.1723
charger_material_0.bmp
 18 25.9955 1.0438 53.6273 0.3415 0.5145 0.7866 0.5846 0.1525
 18 23.7292 1.4119 54.3133 0.3423 0.2447 0.9072 0.5827 0.1723
 18 25.6963 0.4756 53.8162 0.2291 -0.1184 0.9662 0.5748 0.1545
charger_material_0.bmp
 18 23.1446 0.1919 53.9119 -0.2446 -0.9374 0.2480 0.5591 0.1723
 18 23.1191 0.2094 53.5410 -0.2520 -0.9623 -0.1019 0.5531 0.1723
 18 25.3782 -0.3428 53.1525 -0.1434 -0.9629 0.2286 0.5591 0.1545
charger_material_0.bmp
 18 22.5826 0.3898 54.0114 -0.0560 -0.9587 0.2788 0.5591 0.1842
 18 22.5128 0.3458 53.6760 -0.0315 -0.9993 0.0197 0.5531 0.1822
 18 22.8203 0.3204 53.9759 -0.1795 -0.9279 0.3268 0.5591 0.1782
charger_material_0.bmp
 18 23.6142 2.0227 53.6817 0.4105 0.9119 0.0048 0.5945 0.1723
 18 23.2919 2.2007 53.7578 0.2126 0.9737 -0.0817 0.5945 0.1782
 18 23.3144 1.9786 54.2211 0.3830 0.7264 0.5706 0.5886 0.1782
charger_material_0.bmp
 18 30.1532 0.0750 52.7685 0.0824 0.9291 0.3604 0.5906 0.0812
 18 30.1594 0.0294 52.4601 -0.0570 0.9391 -0.3389 0.5965 0.0812
 18 29.7813 0.0783 52.7333 0.0884 0.9893 0.1165 0.5925 0.0871
charger_material_0.bmp
 18 32.5478 -1.1853 52.0983 0.5913 0.7677 0.2471 0.6122 0.0475
 18 32.4330 -1.2433 51.8516 0.2266 0.6531 -0.7226 0.6142 0.0515
 18 32.4907 -1.1360 52.1210 0.9946 0.0541 -0.0888 0.6102 0.0495
charger_material_0.bmp
 18 32.3424 -1.5404 51.7926 -0.0264 -0.3483 -0.9370 0.6181 0.0515
 18 32.3159 -1.7194 51.9819 -0.0702 -0.9876 -0.1403 0.6201 0.0495
 18 32.2731 -1.7086 51.9698 0.8445 -0.4279 -0.3221 0.6220 0.0495
charger_material_0.bmp
 18 31.2563 -1.7213 51.9064 -0.1038 -0.5458 -0.8315 0.6260 0.0634
 18 31.5651 -1.3657 51.7666 -0.1415 0.0782 -0.9868 0.6201 0.0614
 18 31.7671 -1.9689 51.8035 -0.2484 -0.4586 -0.8532 0.6280 0.0574
charger_material_0.bmp
 18 32.2731 -1.7086 51.9698 0.8445 -0.4279 -0.3221 0.6220 0.0495
 18 32.2977 -1.7899 51.9920 0.7876 0.5816 0.2035 0.6240 0.0495
 18 32.1920 -1.7703 51.7982 0.4143 0.4566 -0.7873 0.6240 0.0535
charger_material_0.bmp
 18 32.7444 -0.3863 51.9082 0.1273 -0.9335 -0.3353 0.6024 0.0495
 18 32.6483 -0.3220 51.8267 -0.3355 -0.4180 -0.8443 0.6024 0.0495
 18 32.7712 -0.2801 51.7763 -0.3680 -0.5479 -0.7513 0.6024 0.0475
charger_material_0.bmp
 18 33.1064 -0.0262 51.6676 0.0681 0.9824 0.1737 0.6024 0.0416
 18 33.4137 -0.0302 51.5109 0.8563 0.5017 -0.1227 0.6043 0.0376
 18 33.3789 -0.0189 51.4872 0.0505 0.7082 -0.7042 0.6043 0.0376
charger_material_0.bmp
 18 34.0557 -0.8528 51.2758 0.6177 -0.5736 0.5380 0.5925 0.0257
 18 34.0578 -0.7534 51.2904 0.6921 0.3562 0.6278 0.5945 0.0257
 18 33.7211 -0.8823 51.5070 0.6105 -0.4195 0.6719 0.5906 0.0317
charger_material_0.bmp
 18 32.5000 -1.1032 52.0599 0.2387 -0.9588 -0.1540 0.5807 0.0436
 18 32.4329 -1.0773 52.3680 0.7017 -0.1436 0.6979 0.5807 0.0475
 18 32.4907 -1.1360 52.1210 0.9946 0.0541 -0.0888 0.5787 0.0436
charger_material_0.bmp
 18 33.1904 -0.9900 51.7185 0.1117 -0.9734 -0.1999 0.5866 0.0356
 18 33.0270 -1.0444 51.8264 0.1117 -0.9734 -0.1999 0.5846 0.0396
 18 32.9455 -0.9587 51.7128 -0.2218 -0.4326 -0.8739 0.5827 0.0376
charger_material_0.bmp
 18 34.0886 -0.7210 51.2356 0.5983 0.8013 -0.0072 0.5906 0.0238
 18 34.0781 -0.8708 51.2303 0.7553 -0.6373 -0.1530 0.5925 0.0257
 18 34.0699 -0.7386 51.1872 0.2376 0.2398 -0.9413 0.5906 0.0238
charger_material_0.bmp
 18 32.9631 -0.6960 51.8747 0.0920 0.9958 -0.0036 0.5807 0.0356
 18 33.1263 -0.7016 51.7640 0.0477 0.9978 0.0468 0.5827 0.0337
 18 32.9366 -0.7290 51.7253 -0.2521 0.6581 -0.7094 0.5827 0.0356
charger_material_0.bmp
 18 11.2688 -0.2429 57.6561 0.4858 -0.4681 0.7382 0.5551 0.3168
 18 11.4164 -1.1056 57.0395 0.3171 -0.6857 0.6552 0.5433 0.3149
 18 12.1740 -0.1218 57.5513 0.2884 -0.4268 0.8571 0.5551 0.3069
charger_material_0.bmp
 18 9.3261 0.2153 59.5904 0.5149 -0.2600 0.8169 0.5630 0.3406
 18 9.2864 -0.5188 59.2371 0.4833 -0.5656 0.6682 0.5531 0.3386
 18 10.2987 0.2958 59.0649 0.6020 -0.3251 0.7293 0.5630 0.3307
charger_material_0.bmp
 18 13.7960 1.0135 57.1028 0.3274 -0.0848 0.9411 0.5669 0.2851
 18 15.6284 2.6153 56.9338 0.1755 0.2028 0.9634 0.5807 0.2693
 18 13.0064 2.0183 57.3119 0.1891 0.2457 0.9507 0.5827 0.2950
charger_material_0.bmp
 18 15.3375 0.9256 56.0610 0.4426 -0.7729 0.4547 0.5531 0.2673
 18 15.2589 0.6167 55.6129 0.3405 -0.8985 0.2770 0.5453 0.2653
 18 17.1683 0.6638 55.4984 0.1064 -0.7444 0.6592 0.5531 0.2416
charger_material_0.bmp
  4 -0.6200 -4.5666 60.8025 0.0895 -0.9802 0.1768 0.7165 0.6554
  4 -0.1000 -4.6990 60.6955 -0.5916 -0.5337 0.6043 0.7244 0.6554
  4 -0.6400 -4.7236 61.0464 -0.1445 -0.9225 -0.3579 0.7146 0.6614
charger_material_0.bmp
  4 1.5100 -5.6321 62.9508 0.8179 -0.4850 -0.3095 0.9075 0.5782
  4 1.3200 -5.6684 62.6014 0.6069 -0.6504 -0.4568 0.9055 0.5723
  4 1.5700 -5.3295 62.8828 0.8836 -0.1500 -0.4436 0.9114 0.5762
charger_material_0.bmp
  4 0.3900 -4.9070 60.9389 0.8298 -0.5419 -0.1333 0.9035 0.5386
  4 0.3200 -5.0029 60.9165 0.4876 -0.7558 -0.4371 0.9016 0.5386
  4 0.2900 -4.9651 60.8482 0.5801 -0.7960 -0.1727 0.9016 0.5366
charger_material_0.bmp
  4 0.2100 -5.1647 61.0289 -0.0068 -0.5128 -0.8585 0.8996 0.5406
  4 0.1300 -5.1553 61.0780 -0.3989 -0.3885 -0.8306 0.8976 0.5406
  4 0.1600 -5.0389 60.9947 -0.4238 -0.6481 -0.6327 0.8996 0.5386
charger_material_0.bmp
  4 0.4600 -4.7448 60.7755 0.7800 -0.6254 -0.0207 0.9055 0.5347
  4 0.3600 -4.9038 60.7958 0.7338 -0.6717 -0.1016 0.9016 0.5366
  4 0.3800 -4.8568 60.5628 0.7653 -0.6428 0.0330 0.9035 0.5327
charger_material_0.bmp
  4 0.6500 -4.5690 60.6299 0.8177 -0.5754 -0.0131 0.9094 0.5327
  4 0.6800 -4.5417 60.8792 0.7800 -0.6254 -0.0207 0.9094 0.5366
  4 0.4600 -4.7448 60.7755 0.7800 -0.6254 -0.0207 0.9055 0.5347
charger_material_0.bmp
  4 -0.7300 -5.1718 59.5540 -0.0106 -0.1734 -0.9848 0.8799 0.5129
  4 -0.7900 -4.7227 59.5598 -0.1028 -0.1427 -0.9844 0.8799 0.5069
  4 -0.3400 -4.7321 59.5106 0.0911 -0.1247 -0.9880 0.8898 0.5089
charger_material_0.bmp
  4 -0.2700 -5.3859 59.8189 0.3432 -0.8309 -0.4379 0.8878 0.5208
  4 -0.2700 -5.2882 59.6373 0.3672 -0.7101 -0.6007 0.8878 0.5168
  4 0.0500 -5.1650 59.9090 0.6209 -0.6908 -0.3704 0.8937 0.5208
charger_material_0.bmp
  4 1.0800 6.5168 62.5932 0.6277 0.5820 0.5169 0.6535 0.8376
  4 0.7100 5.5297 63.8204 0.5101 0.4430 0.7373 0.6614 0.8198
  4 1.9400 4.7422 63.4823 0.4979 0.5072 0.7035 0.6811 0.8277
charger_material_0.bmp
  4 -1.1700 0.8044 64.8256 0.1351 -0.2676 0.9540 0.6811 0.7485
  4 -1.0400 1.8558 65.2660 0.1757 -0.2818 0.9433 0.6732 0.7624
  4 -2.5700 1.1681 65.1836 0.1317 -0.3902 0.9113 0.6594 0.7446
charger_material_0.bmp
  4 -1.5200 8.4781 62.3608 0.2673 0.7967 0.5420 0.6201 0.8277
  4 -0.5300 9.4359 59.9684 0.3440 0.8956 0.2821 0.6142 0.8535
  4 -3.9900 10.4151 59.4452 0.2214 0.9373 0.2693 0.5846 0.8416
charger_material_0.bmp
  2 -0.9097 9.1161 47.8119 0.1081 0.9240 0.3669 0.5472 0.9525
  2 -2.6098 9.6964 47.3924 0.3588 0.9139 -0.1898 0.5295 0.9446
  3 -1.0200 9.5393 49.7005 0.5275 0.8289 -0.1862 0.5551 0.9327
charger_material_0.bmp
  4 -0.5600 9.7947 56.5197 0.4735 0.8803 0.0288 0.5945 0.8812
  3 -0.8200 9.9848 53.7159 0.5471 0.8364 -0.0329 0.5768 0.9010
  4 -3.5000 10.7099 56.1411 0.2870 0.9574 0.0310 0.5689 0.8653
charger_material_0.bmp
  3 -3.3400 11.0571 53.4963 0.3942 0.9182 -0.0395 0.5551 0.8871
  3 -0.8200 9.9848 53.7159 0.5471 0.8364 -0.0329 0.5768 0.9010
  3 -0.9600 9.9167 51.1980 0.5846 0.7994 -0.1389 0.5630 0.9188
charger_material_0.bmp
  3 -3.4800 11.3303 51.0613 0.4793 0.8432 -0.2433 0.5413 0.9069
  3 -0.9600 9.9167 51.1980 0.5846 0.7994 -0.1389 0.5630 0.9188
  3 -1.0200 9.5393 49.7005 0.5275 0.8289 -0.1862 0.5551 0.9327
charger_material_0.bmp
  4 0.9100 -3.9388 60.7843 0.9285 -0.2700 -0.2549 0.9193 0.5347
  4 0.7900 -4.2569 60.8248 0.9182 -0.3871 -0.0845 0.9154 0.5366
  4 0.7500 -4.3105 60.4380 0.9180 -0.3072 -0.2507 0.9134 0.5287
charger_material_0.bmp
 18 22.8473 0.8101 52.7131 -0.3496 -0.2727 -0.8963 0.5354 0.1743
 18 22.8318 0.4908 52.9040 -0.3485 -0.7089 -0.6131 0.5413 0.1743
 18 22.4893 0.8842 52.8720 -0.3887 -0.2465 -0.8878 0.5354 0.1802
charger_material_0.bmp
 18 13.2514 -0.3255 54.7564 0.3964 -0.7130 -0.5784 0.5236 0.2792
 18 12.4824 -0.5170 54.4268 0.1115 -0.6260 -0.7718 0.5177 0.2851
 18 12.7425 0.1110 54.2477 0.1953 -0.0870 -0.9769 0.5138 0.2772
charger_material_0.bmp
 18 9.6447 2.8463 55.3374 -0.0160 0.6900 -0.7236 0.2657 0.3703
 18 9.4942 3.3518 56.1002 0.1407 0.8917 -0.4302 0.2539 0.3842
 18 12.0929 2.8424 54.7685 0.1422 0.8720 -0.4685 0.2657 0.3604
charger_material_0.bmp
 10 1.1815 2.5769 27.8009 -0.9866 -0.0134 -0.1627 0.6575 0.2851
 10 1.2176 -0.4896 28.2164 -0.8827 -0.4196 -0.2117 0.6929 0.2950
 10 0.9572 2.4735 28.4938 -0.8757 0.1598 -0.4557 0.6575 0.2911
charger_material_0.bmp
  9 -1.8438 0.6807 28.4409 0.9240 -0.2774 -0.2632 0.9724 0.9545
  9 -1.0111 2.5878 27.6836 0.8495 -0.4617 -0.2553 0.9843 0.9465
  9 -0.8147 2.4753 28.5109 0.8655 -0.4531 -0.2134 0.9902 0.9564
charger_material_0.bmp
  9 -1.7377 6.7292 30.2637 0.5098 0.8147 -0.2762 0.7677 0.9842
  9 -4.1598 7.2537 29.8913 0.2649 0.9028 -0.3388 0.7913 0.9782
  9 -3.8634 7.8023 31.4412 0.2264 0.9140 -0.3366 0.7913 0.9941
end
