version 1
nodes
  0 "Bip01"  -1
  1 "Bip01 Pelvis"   0
  2 "Bip01 Spine"   1
  3 "Bip01 Spine1"   2
  4 "Bip01 Spine2"   3
  5 "Bip01 Neck"   4
  6 "Bip01 R Clavicle"   5
  7 "Bip01 R UpperArm"   6
  8 "Bip01 R Forearm"   7
  9 "Bip01 R Thigh"   1
 10 "Bip01 L Thigh"   1
 11 "Bip01 L Calf"  10
 12 "Bip01 L Foot"  11
 13 "Bip01 L Toe0"  12
 14 "Bip01 R Calf"   9
 15 "Bip01 R Foot"  14
 16 "Bip01 R Toe0"  15
 17 "Bip01 L Clavicle"   5
 18 "Bip01 L UpperArm"  17
end
skeleton
time 0
  0 2.915886 -2.915886 -2.978717 -0.081851 -0.140975 -1.519078
  1 0.000000 0.000000 0.000000 -1.570796 -1.570796 0.000000
  2 4.484989 -0.004008 0.000006 -0.200738 0.019211 -0.026248
  3 5.037136 -0.005101 -0.000238 -0.012079 0.134411 -0.020734
  4 6.388059 -0.005253 -0.000001 -0.183053 -0.062617 -0.335665
  5 6.146608 1.394838 0.000001 0.101447 0.192865 0.467366
  6 -1.771582 0.594407 -3.430309 -1.081959 1.355632 1.653997
  7 5.760270 -0.000012 -0.000009 -1.138332 -0.811915 0.676302
  8 10.965153 0.000065 -0.000006 0.000013 0.000002 -0.274567
  9 0.000007 -0.000004 -4.044200 -0.187895 2.819043 -0.327858
 10 -0.000007 0.000007 4.044200 -0.050763 -2.688109 -0.444190
 11 17.182070 0.000091 0.000546 0.000004 -0.000009 -2.479722
 12 16.782913 0.000650 -0.000234 0.032233 -0.084952 1.001930
 13 5.168527 5.004116 -0.000135 -0.160110 0.009537 2.416314
 14 17.182070 0.000099 0.000206 -0.000001 -0.000007 -2.309758
 15 16.782906 0.000656 -0.000113 -0.029888 0.487025 1.327731
 16 5.168479 5.004167 -0.000064 0.000011 -0.000001 2.067008
 17 -2.892715 1.188161 2.344351 -0.850816 -0.842473 3.517280
 18 5.760273 0.000016 0.000006 0.998521 0.624244 0.663695
time 1
  0 2.904167 -2.904167 -2.978717 -0.081851 -0.140975 -1.519078
  1 0.000000 0.000000 0.000000 -1.570796 -1.570796 0.000000
  2 4.484989 -0.004008 0.000006 -0.199568 0.018731 -0.026508
  3 5.037136 -0.005101 -0.000238 -0.012912 0.134616 -0.020764
  4 6.388059 -0.005253 -0.000001 -0.183556 -0.062769 -0.337266
  5 6.146608 1.394838 0.000001 0.103248 0.190371 0.470145
  6 -1.779395 0.598314 -3.426403 -1.071006 1.356713 1.661723
  7 5.760270 -0.000012 -0.000009 -1.140715 -0.808768 0.678646
  8 10.965153 0.000065 -0.000006 0.000013 0.000002 -0.278405
  9 0.000007 -0.000004 -4.044200 -0.187895 2.819139 -0.327858
 10 -0.000007 0.000007 4.044200 -0.049517 -2.687834 -0.445146
 11 17.182070 0.000091 0.000546 0.000004 -0.000009 -2.480152
 12 16.782913 0.000650 -0.000234 0.032528 -0.085638 1.000945
 13 5.168527 5.004116 -0.000135 -0.160110 0.009537 2.417097
 14 17.182070 0.000099 0.000206 -0.000001 -0.000007 -2.310580
 15 16.782906 0.000656 -0.000113 -0.030359 0.486840 1.327317
 16 5.168479 5.004167 -0.000064 0.000011 -0.000001 2.067797
 17 -2.884902 1.199881 2.344351 -0.852292 -0.846465 3.516331
 18 5.760273 0.000016 0.000006 0.998113 0.627357 0.664907
time 2
  0 2.892448 -2.892448 -2.990436 -0.081851 -0.140975 -1.519078
  1 0.000000 0.000000 0.000000 -1.570796 -1.570796 0.000000
  2 4.484989 -0.004008 0.000006 -0.198041 0.018316 -0.026638
  3 5.037136 -0.005101 -0.000238 -0.013712 0.134542 -0.020945
  4 6.388059 -0.005253 -0.000001 -0.184083 -0.063283 -0.339395
  5 6.146608 1.394838 0.000001 0.105618 0.187067 0.473678
  6 -1.791114 0.598314 -3.418590 -1.056624 1.358058 1.672024
  7 5.760270 -0.000012 -0.000009 -1.144391 -0.805660 0.682164
  8 10.965153 0.000065 -0.000006 0.000013 0.000002 -0.281810
  9 0.000007 -0.000004 -4.044200 -0.187611 2.819139 -0.327953
 10 -0.000007 0.000007 4.044200 -0.048559 -2.687558 -0.445528
 11 17.182070 0.000091 0.000546 0.000004 -0.000009 -2.480654
 12 16.782913 0.000650 -0.000234 0.032748 -0.086379 0.999927
 13 5.168527 5.004116 -0.000135 -0.160110 0.009537 2.417913
 14 17.182070 0.000099 0.000206 -0.000001 -0.000007 -2.311197
 15 16.782906 0.000656 -0.000113 -0.030815 0.486655 1.326903
 16 5.168479 5.004167 -0.000064 0.000011 -0.000001 2.068566
 17 -2.873183 1.211600 2.352164 -0.853768 -0.851432 3.514908
 18 5.760273 0.000016 0.000006 0.997571 0.630566 0.665985
time 3
  0 2.892448 -2.892448 -2.990436 -0.081851 -0.140975 -1.519078
  1 0.000000 0.000000 0.000000 -1.570796 -1.570796 0.000000
  2 4.484989 -0.004008 0.000006 -0.196254 0.017757 -0.026801
  3 5.037136 -0.005101 -0.000238 -0.014392 0.134177 -0.021248
  4 6.388059 -0.005253 -0.000001 -0.184790 -0.063930 -0.342034
  5 6.146608 1.394838 0.000001 0.108442 0.183090 0.478005
  6 -1.798927 0.598314 -3.418590 -1.039099 1.359772 1.684710
  7 5.760270 -0.000012 -0.000009 -1.148407 -0.802630 0.686802
  8 10.965153 0.000065 -0.000006 0.000013 0.000002 -0.284844
  9 0.000007 -0.000004 -4.044200 -0.187611 2.819139 -0.328240
 10 -0.000007 0.000007 4.044200 -0.047792 -2.687283 -0.446675
 11 17.182070 0.000091 0.000546 0.000004 -0.000009 -2.481156
 12 16.782913 0.000650 -0.000234 0.033043 -0.087139 0.998636
 13 5.168527 5.004116 -0.000135 -0.160110 0.009537 2.418761
 14 17.182070 0.000099 0.000206 -0.000001 -0.000007 -2.311951
 15 16.782906 0.000656 -0.000113 -0.031303 0.486470 1.326489
 16 5.168479 5.004167 -0.000064 0.000011 -0.000001 2.069456
 17 -2.861464 1.231132 2.363883 -0.855244 -0.857247 3.512820
 18 5.760273 0.000016 0.000006 0.996552 0.633776 0.667287
time 4
  0 2.884635 -2.884635 -3.002155 -0.081851 -0.140975 -1.519078
  1 0.000000 0.000000 0.000000 -1.570796 -1.570796 0.000000
  2 4.484989 -0.004008 0.000006 -0.194206 0.017229 -0.026866
  3 5.037136 -0.005101 -0.000238 -0.014936 0.133650 -0.021701
  4 6.388059 -0.005253 -0.000001 -0.185545 -0.064710 -0.345166
  5 6.146608 1.394838 0.000001 0.111645 0.178539 0.482888
  6 -1.802833 0.606126 -3.406871 -1.018812 1.361565 1.699304
  7 5.760270 -0.000012 -0.000009 -1.153376 -0.799640 0.692410
  8 10.965153 0.000065 -0.000006 0.000013 0.000002 -0.288063
  9 0.000007 -0.000004 -4.044200 -0.187611 2.819139 -0.328526
 10 -0.000007 0.000007 4.044200 -0.046258 -2.686915 -0.447057
 11 17.182070 0.000091 0.000546 0.000004 -0.000009 -2.481658
 12 16.782913 0.000650 -0.000234 0.033313 -0.087880 0.997549
 13 5.168527 5.004116 -0.000135 -0.160110 0.009537 2.419643
 14 17.182070 0.000099 0.000206 -0.000001 -0.000007 -2.312773
 15 16.782906 0.000656 -0.000113 -0.031791 0.486285 1.325962
 16 5.168479 5.004167 -0.000064 0.000011 -0.000001 2.070326
 17 -2.841932 1.250663 2.363883 -0.856628 -0.863785 3.510164
 18 5.760273 0.000016 0.000006 0.995534 0.637034 0.668589
time 5
  0 2.872916 -2.872916 -3.009968 -0.081851 -0.140975 -1.519078
  1 0.000000 0.000000 0.000000 -1.570796 -1.570796 0.000000
  2 4.484989 -0.004008 0.000006 -0.191932 0.016638 -0.026834
  3 5.037136 -0.005101 -0.000238 -0.015344 0.132889 -0.022245
  4 6.388059 -0.005253 -0.000001 -0.186360 -0.065700 -0.348615
  5 6.146608 1.394838 0.000001 0.115114 0.173552 0.488168
  6 -1.822365 0.606126 -3.406871 -0.996144 1.363516 1.715519
  7 5.760270 -0.000012 -0.000009 -1.159094 -0.796650 0.698781
  8 10.965153 0.000065 -0.000006 0.000013 0.000002 -0.290911
  9 0.000007 -0.000004 -4.044200 -0.187516 2.819139 -0.328622
 10 -0.000007 0.000007 4.044200 -0.045492 -2.686731 -0.448204
 11 17.182070 0.000091 0.000546 0.000004 -0.000009 -2.482088
 12 16.782913 0.000650 -0.000234 0.033607 -0.088714 0.996564
 13 5.168527 5.004116 -0.000135 -0.160110 0.009537 2.420524
 14 17.182070 0.000099 0.000206 -0.000001 -0.000007 -2.313527
 15 16.782906 0.000656 -0.000113 -0.032279 0.486100 1.325510
 16 5.168479 5.004167 -0.000064 0.000011 -0.000001 2.071196
 17 -2.830213 1.274102 2.375602 -0.858473 -0.870889 3.507223
 18 5.760273 0.000016 0.000006 0.994381 0.640390 0.669891
time 6
  0 2.861197 -2.861197 -3.009968 -0.081851 -0.140975 -1.519078
  1 0.000000 0.000000 0.000000 -1.570796 -1.570796 0.000000
  2 4.484989 -0.004008 0.000006 -0.189527 0.016062 -0.026769
  3 5.037136 -0.005101 -0.000238 -0.015701 0.131938 -0.022849
  4 6.388059 -0.005253 -0.000001 -0.187199 -0.066899 -0.352344
  5 6.146608 1.394838 0.000001 0.118772 0.168210 0.493884
  6 -1.830178 0.606126 -3.399058 -0.971666 1.365441 1.733451
  7 5.760270 -0.000012 -0.000009 -1.165016 -0.793660 0.705561
  8 10.965153 0.000065 -0.000006 0.000013 0.000002 -0.293759
  9 0.000007 -0.000004 -4.044200 -0.187326 2.819617 -0.329386
 10 -0.000007 0.000007 4.044200 -0.044054 -2.686272 -0.449064
 11 17.182070 0.000091 0.000546 0.000004 -0.000009 -2.482805
 12 16.782913 0.000650 -0.000234 0.033926 -0.089511 0.995477
 13 5.168527 5.004116 -0.000135 -0.160110 0.009537 2.421438
 14 17.182070 0.000099 0.000206 -0.000001 -0.000007 -2.314418
 15 16.782906 0.000656 -0.000113 -0.032783 0.485894 1.325021
 16 5.168479 5.004167 -0.000064 0.000011 -0.000001 2.072147
 17 -2.806774 1.293633 2.383415 -0.860318 -0.878402 3.504092
 18 5.760273 0.000016 0.000006 0.992887 0.643794 0.671193
time 7
  0 2.861197 -2.861197 -3.021687 -0.081851 -0.140975 -1.519078
  1 0.000000 0.000000 0.000000 -1.570796 -1.570796 0.000000
  2 4.484989 -0.004008 0.000006 -0.186992 0.015423 -0.026606
  3 5.037136 -0.005101 -0.000238 -0.015973 0.130899 -0.023544
  4 6.388059 -0.005253 -0.000001 -0.188038 -0.068155 -0.356373
  5 6.146608 1.394838 0.000001 0.122526 0.162669 0.499680
  6 -1.841897 0.606126 -3.387339 -0.945950 1.367366 1.752146
  7 5.760270 -0.000012 -0.000009 -1.171687 -0.790670 0.713156
  8 10.965153 0.000065 -0.000006 0.000013 0.000002 -0.296978
  9 0.000007 -0.000004 -4.044200 -0.187326 2.819712 -0.329386
 10 -0.000007 0.000007 4.044200 -0.042808 -2.685905 -0.449447
 11 17.182070 0.000091 0.000546 0.000004 -0.000009 -2.483307
 12 16.782913 0.000650 -0.000234 0.034244 -0.090363 0.994289
 13 5.168527 5.004116 -0.000135 -0.160110 0.009537 2.422384
 14 17.182070 0.000099 0.000206 -0.000001 -0.000007 -2.315104
 15 16.782906 0.000656 -0.000113 -0.033645 0.485915 1.324381
 16 5.168479 5.004167 -0.000064 -0.000285 -0.000073 2.073219
 17 -2.787242 1.324884 2.395134 -0.862163 -0.886198 3.500961
 18 5.760273 0.000016 0.000006 0.991326 0.647296 0.672495
time 8
  0 2.857291 -2.857291 -3.029500 -0.081851 -0.140975 -1.519078
  1 0.000000 0.000000 0.000000 -1.570796 -1.570796 0.000000
  2 4.484989 -0.004008 0.000006 -0.184360 0.014784 -0.026508
  3 5.037136 -0.005101 -0.000238 -0.016109 0.129670 -0.024299
  4 6.388059 -0.005253 -0.000001 -0.188865 -0.069621 -0.360543
  5 6.146608 1.394838 0.000001 0.126279 0.157050 0.505595
  6 -1.853616 0.610033 -3.383433 -0.919472 1.369238 1.771604
  7 5.760270 -0.000012 -0.000009 -1.178290 -0.787680 0.721108
  8 10.965153 0.000065 -0.000006 0.000013 0.000002 -0.299826
  9 0.000007 -0.000004 -4.044200 -0.187326 2.819712 -0.329482
 10 -0.000007 0.000007 4.044200 -0.041754 -2.685629 -0.450594
 11 17.182070 0.000091 0.000546 0.000004 -0.000009 -2.483809
 12 16.782913 0.000650 -0.000234 0.034588 -0.091197 0.992862
 13 5.168527 5.004116 -0.000135 -0.160110 0.009537 2.423331
 14 17.182070 0.000099 0.000206 -0.000001 -0.000007 -2.316131
 15 16.782906 0.000656 -0.000113 -0.033759 0.485565 1.324381
 16 5.168479 5.004167 -0.000064 -0.000088 -0.000013 2.073725
 17 -2.767711 1.348323 2.406853 -0.864285 -0.894119 3.497925
 18 5.760273 0.000016 0.000006 0.989765 0.650846 0.673797
time 9
  0 2.841665 -2.841665 -3.037313 -0.081851 -0.140975 -1.519078
  1 0.000000 0.000000 0.000000 -1.570796 -1.570796 0.000000
  2 4.484989 -0.004008 0.000006 -0.181728 0.014208 -0.026280
  3 5.037136 -0.005101 -0.000238 -0.016195 0.128382 -0.025055
  4 6.388059 -0.005253 -0.000001 -0.189668 -0.071029 -0.364783
  5 6.146608 1.394838 0.000001 0.129975 0.151450 0.511272
  6 -1.865335 0.610033 -3.375620 -0.892899 1.370952 1.791252
  7 5.760270 -0.000012 -0.000009 -1.184961 -0.784611 0.729366
  8 10.965153 0.000065 -0.000006 0.000013 0.000002 -0.303169
  9 0.000007 -0.000004 -4.044200 -0.187326 2.819999 -0.329673
 10 -0.000007 0.000007 4.044200 -0.040220 -2.685261 -0.451263
 11 17.182070 0.000091 0.000546 0.000004 -0.000009 -2.484311
 12 16.782913 0.000650 -0.000234 0.034907 -0.092068 0.991741
 13 5.168527 5.004116 -0.000135 -0.160110 0.009537 2.424310
 14 17.182070 0.000099 0.000206 -0.000001 -0.000007 -2.316885
 15 16.782906 0.000656 -0.000113 -0.034426 0.485257 1.323516
 16 5.168479 5.004167 -0.000064 0.000011 -0.000001 2.074999
 17 -2.744272 1.360042 2.414666 -0.866406 -0.902072 3.495079
 18 5.760273 0.000016 0.000006 0.988136 0.654542 0.675054
time 10
  0 2.837759 -2.837759 -3.041219 -0.081851 -0.140975 -1.519078
  1 0.000000 0.000000 0.000000 -1.570796 -1.570796 0.000000
  2 4.484989 -0.004008 0.000006 -0.179063 0.013489 -0.026150
  3 5.037136 -0.005101 -0.000238 -0.016126 0.126992 -0.025871
  4 6.388059 -0.005253 -0.000001 -0.190411 -0.072609 -0.369076
  5 6.146608 1.394838 0.000001 0.133501 0.146008 0.516869
  6 -1.877054 0.617846 -3.371714 -0.866802 1.372534 1.810615
  7 5.760270 -0.000012 -0.000009 -1.191564 -0.781582 0.737675
  8 10.965153 0.000065 -0.000006 0.000013 0.000002 -0.306574
  9 0.000007 -0.000004 -4.044200 -0.187231 2.820190 -0.330055
 10 -0.000007 0.000007 4.044200 -0.039357 -2.684894 -0.452219
 11 17.182070 0.000091 0.000546 0.000004 -0.000009 -2.484956
 12 16.782913 0.000650 -0.000234 0.035225 -0.092902 0.990587
 13 5.168527 5.004116 -0.000135 -0.160110 0.009537 2.425322
 14 17.182070 0.000099 0.000206 -0.000001 -0.000007 -2.317708
 15 16.782906 0.000656 -0.000113 -0.034979 0.485010 1.322989
 16 5.168479 5.004167 -0.000064 0.000011 -0.000001 2.076011
 17 -2.724741 1.383480 2.426385 -0.868713 -0.909868 3.492422
 18 5.760273 0.000016 0.000006 0.986575 0.658383 0.676221
time 11
  0 2.829946 -2.829946 -3.052938 -0.081851 -0.140975 -1.519078
  1 0.000000 0.000000 0.000000 -1.570796 -1.570796 0.000000
  2 4.484989 -0.004008 0.000006 -0.176463 0.012946 -0.025922
  3 5.037136 -0.005101 -0.000238 -0.015990 0.125515 -0.026656
  4 6.388059 -0.005253 -0.000001 -0.191094 -0.074074 -0.373316
  5 6.146608 1.394838 0.000001 0.136799 0.140864 0.522149
  6 -1.896586 0.617846 -3.363901 -0.841848 1.373879 1.829310
  7 5.760270 -0.000012 -0.000009 -1.197826 -0.778474 0.745984
  8 10.965153 0.000065 -0.000006 0.000013 0.000002 -0.310475
  9 0.000007 -0.000004 -4.044200 -0.187231 2.820285 -0.330246
 10 -0.000007 0.000007 4.044200 -0.037920 -2.684618 -0.453174
 11 17.182070 0.000091 0.000546 0.000004 -0.000009 -2.485458
 12 16.782913 0.000650 -0.000234 0.035569 -0.093810 0.989092
 13 5.168527 5.004116 -0.000135 -0.160110 0.009537 2.426301
 14 17.182070 0.000099 0.000206 -0.000001 -0.000007 -2.318735
 15 16.782906 0.000656 -0.000113 -0.035548 0.484784 1.322462
 16 5.168479 5.004167 -0.000064 0.000011 -0.000001 2.077002
 17 -2.709115 1.403012 2.430291 -0.871203 -0.917380 3.490525
 18 5.760273 0.000016 0.000006 0.985014 0.662323 0.677254
time 12
  0 2.818227 -2.818227 -3.052938 -0.081851 -0.140975 -1.519078
  1 0.000000 0.000000 0.000000 -1.570796 -1.570796 0.000000
  2 4.484989 -0.004008 0.000006 -0.173928 0.012338 -0.025662
  3 5.037136 -0.005101 -0.000238 -0.015752 0.124037 -0.027442
  4 6.388059 -0.005253 -0.000001 -0.191718 -0.075673 -0.377433
  5 6.146608 1.394838 0.000001 0.139794 0.136154 0.526873
  6 -1.904399 0.617846 -3.352182 -0.818894 1.375118 1.846670
  7 5.760270 -0.000012 -0.000009 -1.204293 -0.775365 0.754445
  8 10.965153 0.000065 -0.000006 0.000013 0.000002 -0.314623
  9 0.000007 -0.000004 -4.044200 -0.187136 2.820285 -0.330819
 10 -0.000007 0.000007 4.044200 -0.036386 -2.684159 -0.453939
 11 17.182070 0.000091 0.000546 0.000004 -0.000009 -2.485960
 12 16.782913 0.000650 -0.000234 0.035937 -0.094681 0.987938
 13 5.168527 5.004116 -0.000135 -0.160110 0.009537 2.427312
 14 17.182070 0.000099 0.000206 -0.000001 -0.000007 -2.319626
 15 16.782906 0.000656 -0.000113 -0.036101 0.484558 1.321898
 16 5.168479 5.004167 -0.000064 0.000011 -0.000001 2.077953
 17 -2.693490 1.426450 2.438104 -0.873879 -0.924484 3.489291
 18 5.760273 0.000016 0.000006 0.983453 0.666408 0.678421
time 13
  0 2.806508 -2.806508 -3.064657 -0.081851 -0.140975 -1.519078
  1 0.000000 0.000000 0.000000 -1.570796 -1.570796 0.000000
  2 4.484989 -0.004008 0.000006 -0.171556 0.011699 -0.025434
  3 5.037136 -0.005101 -0.000238 -0.015378 0.122530 -0.028197
  4 6.388059 -0.005253 -0.000001 -0.192281 -0.077215 -0.381374
  5 6.146608 1.394838 0.000001 0.142580 0.131702 0.531319
  6 -1.908305 0.629565 -3.352182 -0.796988 1.376173 1.863076
  7 5.760270 -0.000012 -0.000009 -1.210215 -0.772257 0.762346
  8 10.965153 0.000065 -0.000006 0.000013 0.000002 -0.318956
  9 0.000007 -0.000004 -4.044200 -0.186757 2.820285 -0.330915
 10 -0.000007 0.000007 4.044200 -0.035044 -2.683883 -0.455277
 11 17.182070 0.000091 0.000546 0.000004 -0.000009 -2.486677
 12 16.782913 0.000650 -0.000234 0.036305 -0.095589 0.986715
 13 5.168527 5.004116 -0.000135 -0.160110 0.009537 2.428324
 14 17.182070 0.000099 0.000206 -0.000001 -0.000007 -2.320517
 15 16.782906 0.000656 -0.000113 -0.036654 0.484311 1.321371
 16 5.168479 5.004167 -0.000064 0.000011 -0.000001 2.079025
 17 -2.677864 1.445982 2.445917 -0.876739 -0.931306 3.488248
 18 5.760273 0.000016 0.000006 0.981892 0.670687 0.679364
time 14
  0 2.798695 -2.798695 -3.072470 -0.081851 -0.140975 -1.519078
  1 0.000000 0.000000 0.000000 -1.570796 -1.570796 0.000000
  2 4.484989 -0.004008 0.000006 -0.169314 0.011204 -0.025238
  3 5.037136 -0.005101 -0.000238 -0.014953 0.121052 -0.028892
  4 6.388059 -0.005253 -0.000001 -0.192568 -0.078604 -0.385104
  5 6.146608 1.394838 0.000001 0.145329 0.127290 0.535805
  6 -1.920024 0.629565 -3.344369 -0.775177 1.377122 1.879577
  7 5.760270 -0.000012 -0.000009 -1.215184 -0.769110 0.769483
  8 10.965153 0.000065 -0.000006 0.000013 0.000002 -0.324157
  9 0.000007 -0.000004 -4.044200 -0.186757 2.820668 -0.331011
 10 -0.000007 0.000007 4.044200 -0.033607 -2.683516 -0.456137
 11 17.182070 0.000091 0.000546 0.000004 -0.000009 -2.487179
 12 16.782913 0.000650 -0.000234 0.036672 -0.096534 0.985220
 13 5.168527 5.004116 -0.000135 -0.160110 0.009537 2.429336
 14 17.182070 0.000099 0.000206 -0.000001 -0.000007 -2.321408
 15 16.782906 0.000656 -0.000113 -0.037256 0.484085 1.320844
 16 5.168479 5.004167 -0.000064 0.000011 -0.000001 2.080057
 17 -2.662239 1.457701 2.461542 -0.879598 -0.938033 3.487489
 18 5.760273 0.000016 0.000006 0.980603 0.675113 0.680262
time 15
  0 2.786976 -2.786976 -3.084189 -0.081851 -0.140975 -1.519078
  1 0.000000 0.000000 0.000000 -1.570796 -1.570796 0.000000
  2 4.484989 -0.004008 0.000006 -0.167299 0.010612 -0.025011
  3 5.037136 -0.005101 -0.000238 -0.014409 0.119618 -0.029527
  4 6.388059 -0.005253 -0.000001 -0.192904 -0.079974 -0.388482
  5 6.146608 1.394838 0.000001 0.148001 0.122917 0.540132
  6 -1.927837 0.629565 -3.340463 -0.753366 1.377966 1.895983
  7 5.760270 -0.000012 -0.000009 -1.220085 -0.766002 0.776721
  8 10.965153 0.000065 -0.000006 0.000013 0.000002 -0.329605
  9 0.000007 -0.000004 -4.044200 -0.186757 2.820763 -0.331202
 10 -0.000007 0.000007 4.044200 -0.032552 -2.683149 -0.456806
 11 17.182070 0.000091 0.000546 0.000004 -0.000009 -2.487824
 12 16.782913 0.000650 -0.000234 0.037016 -0.097442 0.984100
 13 5.168527 5.004116 -0.000135 -0.160110 0.009537 2.430380
 14 17.182070 0.000099 0.000206 -0.000001 -0.000007 -2.322299
 15 16.782906 0.000656 -0.000113 -0.037825 0.483838 1.320317
 16 5.168479 5.004167 -0.000064 0.000011 -0.000001 2.081028
 17 -2.638800 1.477233 2.461542 -0.882274 -0.944665 3.486635
 18 5.760273 0.000016 0.000006 0.979245 0.679733 0.681070
time 16
  0 2.775257 -2.775257 -3.084189 -0.081851 -0.140975 -1.519078
  1 0.000000 0.000000 0.000000 -1.570796 -1.570796 0.000000
  2 4.484989 -0.004008 0.000006 -0.165544 0.010165 -0.024783
  3 5.037136 -0.005101 -0.000238 -0.013695 0.118213 -0.030101
  4 6.388059 -0.005253 -0.000001 -0.193000 -0.081345 -0.391508
  5 6.146608 1.394838 0.000001 0.150655 0.118583 0.544340
  6 -1.935650 0.629565 -3.332650 -0.731555 1.378836 1.912484
  7 5.760270 -0.000012 -0.000009 -1.224578 -0.762894 0.782991
  8 10.965153 0.000065 -0.000006 0.000013 0.000002 -0.335734
  9 0.000007 -0.000004 -4.044200 -0.186472 2.820858 -0.331584
 10 -0.000007 0.000007 4.044200 -0.031115 -2.682873 -0.457667
 11 17.182070 0.000091 0.000546 0.000004 -0.000009 -2.488398
 12 16.782913 0.000650 -0.000234 0.037384 -0.098351 0.982809
 13 5.168527 5.004116 -0.000135 -0.160110 0.009537 2.431392
 14 17.182070 0.000099 0.000206 -0.000001 -0.000007 -2.323121
 15 16.782906 0.000656 -0.000113 -0.038671 0.483838 1.319677
 16 5.168479 5.004167 -0.000064 -0.000310 -0.000073 2.082161
 17 -2.627081 1.500671 2.469355 -0.885133 -0.951172 3.485781
 18 5.760273 0.000016 0.000006 0.978159 0.684498 0.681564
time 17
  0 2.775257 -2.775257 -3.095908 -0.081851 -0.140975 -1.519078
  1 0.000000 0.000000 0.000000 -1.570796 -1.570796 0.000000
  2 4.484989 -0.004008 0.000006 -0.164049 0.009701 -0.024685
  3 5.037136 -0.005101 -0.000238 -0.012895 0.116940 -0.030554
  4 6.388059 -0.005253 -0.000001 -0.192928 -0.082544 -0.394077
  5 6.146608 1.394838 0.000001 0.153233 0.114270 0.548548
  6 -1.947369 0.629565 -3.320931 -0.709744 1.379548 1.929080
  7 5.760270 -0.000012 -0.000009 -1.227777 -0.759864 0.788190
  8 10.965153 0.000065 -0.000006 0.000013 0.000002 -0.342173
  9 0.000007 -0.000004 -4.044200 -0.186472 2.820858 -0.331870
 10 -0.000007 0.000007 4.044200 -0.029773 -2.682505 -0.458527
 11 17.182070 0.000091 0.000546 0.000004 -0.000009 -2.488900
 12 16.782913 0.000650 -0.000234 0.037751 -0.099277 0.981281
 13 5.168527 5.004116 -0.000135 -0.160110 0.009537 2.432404
 14 17.182070 0.000099 0.000206 -0.000001 -0.000007 -2.324149
 15 16.782906 0.000656 -0.000113 -0.038931 0.483386 1.319226
 16 5.168479 5.004167 -0.000064 0.000011 -0.000001 2.083112
 17 -2.607549 1.516297 2.473261 -0.887717 -0.957585 3.484738
 18 5.760273 0.000016 0.000006 0.977209 0.689556 0.682327
time 18
  0 2.763538 -2.763538 -3.103721 -0.081851 -0.140975 -1.519078
  1 0.000000 0.000000 0.000000 -1.570796 -1.570796 0.000000
  2 4.484989 -0.004008 0.000006 -0.162912 0.009350 -0.024490
  3 5.037136 -0.005101 -0.000238 -0.012028 0.115741 -0.030917
  4 6.388059 -0.005253 -0.000001 -0.192592 -0.083476 -0.396100
  5 6.146608 1.394838 0.000001 0.155792 0.109976 0.552716
  6 -1.959088 0.637377 -3.320931 -0.688218 1.380181 1.945486
  7 5.760270 -0.000012 -0.000009 -1.230568 -0.756913 0.793186
  8 10.965153 0.000065 -0.000006 0.000013 0.000002 -0.349354
  9 0.000007 -0.000004 -4.044200 -0.186472 2.820858 -0.332444
 10 -0.000007 0.000007 4.044200 -0.028719 -2.682046 -0.459387
 11 17.182070 0.000091 0.000546 0.000004 -0.000009 -2.489545
 12 16.782913 0.000650 -0.000234 0.038144 -0.100185 0.980194
 13 5.168527 5.004116 -0.000135 -0.160110 0.009537 2.433415
 14 17.182070 0.000099 0.000206 -0.000001 -0.000007 -2.325040
 15 16.782906 0.000656 -0.000113 -0.039793 0.483324 1.318548
 16 5.168479 5.004167 -0.000064 -0.000285 -0.000061 2.084245
 17 -2.595830 1.531922 2.481074 -0.890576 -0.963871 3.483694
 18 5.760273 0.000016 0.000006 0.976598 0.694760 0.682776
time 19
  0 2.744006 -2.744006 -3.115440 -0.081851 -0.140975 -1.519078
  1 0.000000 0.000000 0.000000 -1.570796 -1.570796 0.000000
  2 4.484989 -0.004008 0.000006 -0.162132 0.008982 -0.024425
  3 5.037136 -0.005101 -0.000238 -0.011025 0.114702 -0.031128
  4 6.388059 -0.005253 -0.000001 -0.192221 -0.084390 -0.397578
  5 6.146608 1.394838 0.000001 0.158313 0.105702 0.556924
  6 -1.970807 0.637377 -3.313118 -0.666503 1.380761 1.962178
  7 5.760270 -0.000012 -0.000009 -1.232202 -0.754159 0.796907
  8 10.965153 0.000065 -0.000006 0.000013 0.000002 -0.356474
  9 0.000007 -0.000004 -4.044200 -0.186188 2.821336 -0.332444
 10 -0.000007 0.000007 4.044200 -0.027281 -2.681679 -0.460725
 11 17.182070 0.000091 0.000546 0.000004 -0.000009 -2.490119
 12 16.782913 0.000650 -0.000234 0.038512 -0.101093 0.978869
 13 5.168527 5.004116 -0.000135 -0.160110 0.009537 2.434427
 14 17.182070 0.000099 0.000206 -0.000001 -0.000007 -2.325931
 15 16.782906 0.000656 -0.000113 -0.040086 0.482872 1.318134
 16 5.168479 5.004167 -0.000064 0.000011 -0.000001 2.085135
 17 -2.576298 1.551454 2.492793 -0.892883 -0.970001 3.482366
 18 5.760273 0.000016 0.000006 0.976395 0.700206 0.682866
time 20
  0 2.744006 -2.744006 -3.115440 -0.081851 -0.140975 -1.519078
  1 0.000000 0.000000 0.000000 -1.570796 -1.570796 0.000000
  2 4.484989 -0.004008 0.000006 -0.161807 0.008694 -0.024360
  3 5.037136 -0.005101 -0.000238 -0.009851 0.113795 -0.031189
  4 6.388059 -0.005253 -0.000001 -0.191562 -0.085056 -0.398352
  5 6.146608 1.394838 0.000001 0.160796 0.101447 0.561013
  6 -1.978620 0.637377 -3.313118 -0.644977 1.381341 1.978584
  7 5.760270 -0.000012 -0.000009 -1.232542 -0.751602 0.799507
  8 10.965153 0.000065 -0.000006 0.000013 0.000002 -0.364336
  9 0.000007 -0.000004 -4.044200 -0.185998 2.821432 -0.332635
 10 -0.000007 0.000007 4.044200 -0.025843 -2.681311 -0.461586
 11 17.182070 0.000091 0.000546 0.000004 -0.000009 -2.490549
 12 16.782913 0.000650 -0.000234 0.038880 -0.101964 0.977375
 13 5.168527 5.004116 -0.000135 -0.160110 0.009537 2.435439
 14 17.182070 0.000099 0.000206 -0.000001 -0.000007 -2.326753
 15 16.782906 0.000656 -0.000113 -0.040638 0.482666 1.317607
 16 5.168479 5.004167 -0.000064 0.000011 -0.000001 2.086126
 17 -2.564579 1.570986 2.492793 -0.895281 -0.976005 3.481037
 18 5.760273 0.000016 0.000006 0.976123 0.705945 0.683315
time 21
  0 2.732287 -2.732287 -3.127159 -0.081851 -0.140975 -1.519078
  1 0.000000 0.000000 0.000000 -1.570796 -1.570796 0.000000
  2 4.484989 -0.004008 0.000006 -0.161807 0.008455 -0.024327
  3 5.037136 -0.005101 -0.000238 -0.008644 0.112990 -0.031128
  4 6.388059 -0.005253 -0.000001 -0.190675 -0.085570 -0.398651
  5 6.146608 1.394838 0.000001 0.163260 0.097213 0.565062
  6 -1.982526 0.637377 -3.301399 -0.623166 1.381763 1.995276
  7 5.760270 -0.000012 -0.000009 -1.232542 -0.749241 0.801597
  8 10.965153 0.000065 -0.000006 0.000013 0.000002 -0.372137
  9 0.000007 -0.000004 -4.044200 -0.185903 2.821432 -0.333017
 10 -0.000007 0.000007 4.044200 -0.024406 -2.681036 -0.462255
 11 17.182070 0.000091 0.000546 0.000004 -0.000009 -2.491194
 12 16.782913 0.000650 -0.000234 0.039247 -0.102872 0.976322
 13 5.168527 5.004116 -0.000135 -0.160110 0.009537 2.436418
 14 17.182070 0.000099 0.000206 -0.000001 -0.000007 -2.327644
 15 16.782906 0.000656 -0.000113 -0.041191 0.482399 1.317118
 16 5.168479 5.004167 -0.000064 0.000011 -0.000001 2.087077
 17 -2.545048 1.582705 2.500606 -0.897218 -0.981820 3.479424
 18 5.760273 0.000016 0.000006 0.976463 0.711586 0.683225
time 22
  0 2.720568 -2.720568 -3.134972 -0.081851 -0.140975 -1.519078
  1 0.000000 0.000000 0.000000 -1.570796 -1.570796 0.000000
  2 4.484989 -0.004008 0.000006 -0.162034 0.008279 -0.024327
  3 5.037136 -0.005101 -0.000238 -0.007113 0.112156 -0.030977
  4 6.388059 -0.005253 -0.000001 -0.189464 -0.085989 -0.398581
  5 6.146608 1.394838 0.000001 0.165687 0.092978 0.569151
  6 -1.990339 0.641284 -3.301399 -0.601641 1.382132 2.011777
  7 5.760270 -0.000012 -0.000009 -1.232202 -0.747117 0.803381
  8 10.965153 0.000065 -0.000006 0.000013 0.000002 -0.380371
  9 0.000007 -0.000004 -4.044200 -0.185808 2.821432 -0.333112
 10 -0.000007 0.000007 4.044200 -0.023447 -2.680760 -0.463115
 11 17.182070 0.000091 0.000546 0.000004 -0.000009 -2.491768
 12 16.782913 0.000650 -0.000234 0.039640 -0.103743 0.975031
 13 5.168527 5.004116 -0.000135 -0.160110 0.009537 2.437397
 14 17.182070 0.000099 0.000206 -0.000001 -0.000007 -2.328535
 15 16.782906 0.000656 -0.000113 -0.042005 0.482399 1.316478
 16 5.168479 5.004167 -0.000064 -0.000310 -0.000073 2.088129
 17 -2.525516 1.602237 2.500606 -0.899064 -0.987478 3.477432
 18 5.760273 0.000016 0.000006 0.977073 0.716935 0.682731
time 23
  0 2.720568 -2.720568 -3.138878 -0.081851 -0.140975 -1.519078
  1 0.000000 0.000000 0.000000 -1.570796 -1.570796 0.000000
  2 4.484989 -0.004008 0.000006 -0.162489 0.008039 -0.024360
  3 5.037136 -0.005101 -0.000238 -0.005464 0.111351 -0.030705
  4 6.388059 -0.005253 -0.000001 -0.188134 -0.086331 -0.398176
  5 6.146608 1.394838 0.000001 0.168075 0.088744 0.573081
  6 -2.002058 0.649096 -3.289680 -0.579925 1.382475 2.028374
  7 5.760270 -0.000012 -0.000009 -1.231113 -0.745228 0.804859
  8 10.965153 0.000065 -0.000006 0.000013 0.000002 -0.388976
  9 0.000007 -0.000004 -4.044200 -0.185808 2.821814 -0.333304
 10 -0.000007 0.000007 4.044200 -0.022010 -2.680393 -0.463879
 11 17.182070 0.000091 0.000546 0.000004 -0.000009 -2.492270
 12 16.782913 0.000650 -0.000234 0.040008 -0.104614 0.973605
 13 5.168527 5.004116 -0.000135 -0.160110 0.009537 2.438344
 14 17.182070 0.000099 0.000206 -0.000001 -0.000007 -2.329220
 15 16.782906 0.000656 -0.000113 -0.042265 0.481926 1.316064
 16 5.168479 5.004167 -0.000064 0.000011 -0.000001 2.089060
 17 -2.513797 1.613956 2.512325 -0.900540 -0.992916 3.474966
 18 5.760273 0.000016 0.000006 0.978159 0.721750 0.681878
time 24
  0 2.712755 -2.712755 -3.150597 -0.081851 -0.140975 -1.519078
  1 0.000000 0.000000 0.000000 -1.570796 -1.570796 0.000000
  2 4.484989 -0.004008 0.000006 -0.163172 0.007799 -0.024392
  3 5.037136 -0.005101 -0.000238 -0.003559 0.110561 -0.030373
  4 6.388059 -0.005253 -0.000001 -0.186708 -0.086712 -0.397455
  5 6.146608 1.394838 0.000001 0.170463 0.084509 0.577050
  6 -2.013777 0.649096 -3.289680 -0.558400 1.382712 2.045066
  7 5.760270 -0.000012 -0.000009 -1.229615 -0.743497 0.805726
  8 10.965153 0.000065 -0.000006 0.000013 0.000002 -0.397396
  9 0.000007 -0.000004 -4.044200 -0.185808 2.821909 -0.333972
 10 -0.000007 0.000007 4.044200 -0.020572 -2.680117 -0.464740
 11 17.182070 0.000091 0.000546 0.000004 -0.000009 -2.492700
 12 16.782913 0.000650 -0.000234 0.040376 -0.105467 0.972586
 13 5.168527 5.004116 -0.000135 -0.160110 0.009537 2.439290
 14 17.182070 0.000099 0.000206 -0.000001 -0.000007 -2.330111
 15 16.782906 0.000656 -0.000113 -0.042753 0.481700 1.315575
 16 5.168479 5.004167 -0.000064 0.000011 -0.000001 2.089950
 17 -2.494265 1.637394 2.512325 -0.901647 -0.998260 3.472214
 18 5.760273 0.000016 0.000006 0.979788 0.726273 0.680711
time 25
  0 2.701036 -2.701036 -3.158410 -0.081851 -0.140975 -1.519078
  1 0.000000 0.000000 0.000000 -1.570796 -1.570796 0.000000
  2 4.484989 -0.004008 0.000006 -0.164049 0.007592 -0.024425
  3 5.037136 -0.005101 -0.000238 -0.001638 0.109756 -0.029980
  4 6.388059 -0.005253 -0.000001 -0.184934 -0.086921 -0.396452
  5 6.146608 1.394838 0.000001 0.172814 0.080275 0.581099
  6 -2.021590 0.649096 -3.281867 -0.536684 1.382844 2.061758
  7 5.760270 -0.000012 -0.000009 -1.227641 -0.741963 0.807051
  8 10.965153 0.000065 -0.000006 0.000013 0.000002 -0.406187
  9 0.000007 -0.000004 -4.044200 -0.185808 2.822005 -0.333972
 10 -0.000007 0.000007 4.044200 -0.019709 -2.679657 -0.465600
 11 17.182070 0.000091 0.000546 0.000004 -0.000009 -2.493202
 12 16.782913 0.000650 -0.000234 0.040743 -0.106301 0.971363
 13 5.168527 5.004116 -0.000135 -0.160110 0.009537 2.440204
 14 17.182070 0.000099 0.000206 -0.000001 -0.000007 -2.331002
 15 16.782906 0.000656 -0.000113 -0.043290 0.481453 1.315086
 16 5.168479 5.004167 -0.000064 0.000011 -0.000001 2.090921
 17 -2.478639 1.645207 2.524044 -0.902754 -1.003510 3.469463
 18 5.760273 0.000016 0.000006 0.981892 0.730747 0.679768
time 26
  0 2.689317 -2.689317 -3.158410 -0.081851 -0.140975 -1.519078
  1 0.000000 0.000000 0.000000 -1.570796 -1.570796 0.000000
  2 4.484989 -0.004008 0.000006 -0.165057 0.007464 -0.024490
  3 5.037136 -0.005101 -0.000238 0.000369 0.108966 -0.029527
  4 6.388059 -0.005253 -0.000001 -0.183149 -0.087283 -0.395238
  5 6.146608 1.394838 0.000001 0.175164 0.076021 0.585029
  6 -2.033309 0.660816 -3.277961 -0.514873 1.382976 2.078450
  7 5.760270 -0.000012 -0.000009 -1.225395 -0.740586 0.807612
  8 10.965153 0.000065 -0.000006 0.000013 0.000002 -0.415040
  9 0.000007 -0.000004 -4.044200 -0.185713 2.822005 -0.334068
 10 -0.000007 0.000007 4.044200 -0.018176 -2.679382 -0.466365
 11 17.182070 0.000091 0.000546 0.000004 -0.000009 -2.493704
 12 16.782913 0.000650 -0.000234 0.041087 -0.107097 0.970209
 13 5.168527 5.004116 -0.000135 -0.160110 0.009537 2.441118
 14 17.182070 0.000099 0.000206 -0.000001 -0.000007 -2.331687
 15 16.782906 0.000656 -0.000113 -0.044038 0.481515 1.314597
 16 5.168479 5.004167 -0.000064 -0.000322 -0.000073 2.091811
 17 -2.459107 1.668645 2.524044 -0.903861 -1.008696 3.466427
 18 5.760273 0.000016 0.000006 0.984471 0.735123 0.678556
time 27
  0 2.689317 -2.689317 -3.170129 -0.081851 -0.140975 -1.519078
  1 0.000000 0.000000 0.000000 -1.570796 -1.570796 0.000000
  2 4.484989 -0.004008 0.000006 -0.166259 0.007288 -0.024620
  3 5.037136 -0.005101 -0.000238 0.002631 0.108161 -0.029013
  4 6.388059 -0.005253 -0.000001 -0.181243 -0.087397 -0.393760
  5 6.146608 1.394838 0.000001 0.177496 0.071766 0.588960
  6 -2.033309 0.660816 -3.270148 -0.493062 1.383002 2.095142
  7 5.760270 -0.000012 -0.000009 -1.222808 -0.739366 0.808070
  8 10.965153 0.000065 -0.000006 0.000013 0.000002 -0.424017
  9 0.000007 -0.000004 -4.044200 -0.185713 2.822005 -0.334259
 10 -0.000007 0.000007 4.044200 -0.017409 -2.679106 -0.467129
 11 17.182070 0.000091 0.000546 0.000004 -0.000009 -2.494206
 12 16.782913 0.000650 -0.000234 0.041406 -0.107894 0.968850
 13 5.168527 5.004116 -0.000135 -0.160110 0.009537 2.441966
 14 17.182070 0.000099 0.000206 -0.000001 -0.000007 -2.332578
 15 16.782906 0.000656 -0.000113 -0.044282 0.481042 1.314145
 16 5.168479 5.004167 -0.000064 0.000011 -0.000001 2.092681
 17 -2.447388 1.688177 2.531857 -0.904506 -1.013852 3.463296
 18 5.760273 0.000016 0.000006 0.987661 0.739354 0.677523
time 28
  0 2.681504 -2.681504 -3.177942 -0.081851 -0.140975 -1.519078
  1 0.000000 0.000000 0.000000 -1.570796 -1.570796 0.000000
  2 4.484989 -0.004008 0.000006 -0.167591 0.007128 -0.024718
  3 5.037136 -0.005101 -0.000238 0.004978 0.107400 -0.028439
  4 6.388059 -0.005253 -0.000001 -0.179194 -0.087530 -0.392071
  5 6.146608 1.394838 0.000001 0.179808 0.067473 0.592929
  6 -2.045028 0.660816 -3.266242 -0.471156 1.383002 2.112025
  7 5.760270 -0.000012 -0.000009 -1.219949 -0.738304 0.808733
  8 10.965153 0.000065 -0.000006 0.000013 0.000002 -0.433180
  9 0.000007 -0.000004 -4.044200 -0.185619 2.822387 -0.334832
 10 -0.000007 0.000007 4.044200 -0.015971 -2.678831 -0.467894
 11 17.182070 0.000091 0.000546 0.000004 -0.000009 -2.494636
 12 16.782913 0.000650 -0.000234 0.041773 -0.108636 0.967797
 13 5.168527 5.004116 -0.000135 -0.160110 0.009537 2.442815
 14 17.182070 0.000099 0.000206 -0.000001 -0.000007 -2.333058
 15 16.782906 0.000656 -0.000113 -0.044721 0.480857 1.313731
 16 5.168479 5.004167 -0.000064 0.000011 -0.000001 2.093531
 17 -2.427856 1.699896 2.531857 -0.905244 -1.018912 3.460070
 18 5.760273 0.000016 0.000006 0.991259 0.743488 0.676356
time 29
  0 2.669785 -2.669785 -3.181848 -0.081851 -0.140975 -1.519078
  1 0.000000 0.000000 0.000000 -1.570796 -1.570796 0.000000
  2 4.484989 -0.004008 0.000006 -0.169054 0.006968 -0.024750
  3 5.037136 -0.005101 -0.000238 0.007273 0.106640 -0.027835
  4 6.388059 -0.005253 -0.000001 -0.176976 -0.087740 -0.390206
  5 6.146608 1.394838 0.000001 0.182102 0.063159 0.596978
  6 -2.052841 0.660816 -3.258429 -0.449345 1.382897 2.128812
  7 5.760270 -0.000012 -0.000009 -1.216954 -0.737360 0.808937
  8 10.965153 0.000065 -0.000006 0.000013 0.000002 -0.442095
  9 0.000007 -0.000004 -4.044200 -0.185239 2.822578 -0.334832
 10 -0.000007 0.000007 4.044200 -0.014725 -2.678555 -0.468659
 11 17.182070 0.000091 0.000546 0.000004 -0.000009 -2.495138
 12 16.782913 0.000650 -0.000234 0.042239 -0.109581 0.966914
 13 5.168527 5.004116 -0.000135 -0.159884 0.009537 2.443402
 14 17.182070 0.000099 0.000206 -0.000001 -0.000007 -2.334017
 15 16.782906 0.000656 -0.000113 -0.045192 0.480631 1.313279
 16 5.168479 5.004167 -0.000064 0.000011 -0.000001 2.094340
 17 -2.416137 1.719428 2.543576 -0.905982 -1.023942 3.456465
 18 5.760273 0.000016 0.000006 0.994991 0.747476 0.675054
time 30
  0 2.665879 -2.665879 -3.189661 -0.081851 -0.140975 -1.519078
  1 0.000000 0.000000 0.000000 -1.570796 -1.570796 0.000000
  2 4.484989 -0.004008 0.000006 -0.170614 0.006856 -0.024880
  3 5.037136 -0.005101 -0.000238 0.009739 0.105893 -0.027231
  4 6.388059 -0.005253 -0.000001 -0.174783 -0.087835 -0.388218
  5 6.146608 1.394838 0.000001 0.184414 0.058826 0.600908
  6 -2.064560 0.668628 -3.250616 -0.427534 1.382712 2.145694
  7 5.760270 -0.000012 -0.000009 -1.213278 -0.736533 0.808937
  8 10.965153 0.000065 -0.000006 0.000013 0.000002 -0.451072
  9 0.000007 -0.000004 -4.044200 -0.185239 2.822674 -0.334928
 10 -0.000007 0.000007 4.044200 -0.013863 -2.678279 -0.469328
 11 17.182070 0.000091 0.000546 0.000004 -0.000009 -2.495568
 12 16.782913 0.000650 -0.000234 0.042387 -0.110100 0.965827
 13 5.168527 5.004116 -0.000135 -0.160110 0.009537 2.444414
 14 17.182070 0.000099 0.000206 -0.000001 -0.000007 -2.334634
 15 16.782906 0.000656 -0.000113 -0.045632 0.480425 1.312865
 16 5.168479 5.004167 -0.000064 0.000011 -0.000001 2.095129
 17 -2.396605 1.731147 2.543576 -0.906351 -1.028908 3.452765
 18 5.760273 0.000016 0.000006 0.999199 0.751318 0.674111
time 31
  0 2.658066 -2.658066 -3.189661 -0.081851 -0.140975 -1.519078
  1 0.000000 0.000000 0.000000 -1.570796 -1.570796 0.000000
  2 4.484989 -0.004008 0.000006 -0.172238 0.006745 -0.024978
  3 5.037136 -0.005101 -0.000238 0.012256 0.105133 -0.026596
  4 6.388059 -0.005253 -0.000001 -0.172554 -0.087930 -0.386107
  5 6.146608 1.394838 0.000001 0.186708 0.054453 0.604878
  6 -2.076279 0.668628 -3.246710 -0.405342 1.382475 2.162577
  7 5.760270 -0.000012 -0.000009 -1.210283 -0.735825 0.808835
  8 10.965153 0.000065 -0.000006 0.000013 0.000002 -0.459925
  9 0.000007 -0.000004 -4.044200 -0.185239 2.822769 -0.335501
 10 -0.000007 0.000007 4.044200 -0.012904 -2.678096 -0.470188
 11 17.182070 0.000091 0.000546 0.000004 -0.000009 -2.495855
 12 16.782913 0.000650 -0.000234 0.042705 -0.110767 0.964842
 13 5.168527 5.004116 -0.000135 -0.160110 0.009537 2.445165
 14 17.182070 0.000099 0.000206 -0.000001 -0.000007 -2.335319
 15 16.782906 0.000656 -0.000113 -0.046315 0.480487 1.312376
 16 5.168479 5.004167 -0.000064 -0.000310 -0.000061 2.095918
 17 -2.380980 1.754585 2.547482 -0.906628 -1.033844 3.448780
 18 5.760273 0.000016 0.000006 1.003950 0.755014 0.672899
time 32
  0 2.650253 -2.650253 -3.201380 -0.081851 -0.140975 -1.519078
  1 0.000000 0.000000 0.000000 -1.570796 -1.570796 0.000000
  2 4.484989 -0.004008 0.000006 -0.173961 0.006665 -0.025043
  3 5.037136 -0.005101 -0.000238 0.014807 0.104416 -0.025931
  4 6.388059 -0.005253 -0.000001 -0.170385 -0.087987 -0.383855
  5 6.146608 1.394838 0.000001 0.188983 0.050040 0.608927
  6 -2.076279 0.668628 -3.238897 -0.383436 1.382185 2.179460
  7 5.760270 -0.000012 -0.000009 -1.206539 -0.735156 0.808580
  8 10.965153 0.000065 -0.000006 0.000013 0.000002 -0.468778
  9 0.000007 -0.000004 -4.044200 -0.185239 2.822769 -0.335501
 10 -0.000007 0.000007 4.044200 -0.012138 -2.677820 -0.470761
 11 17.182070 0.000091 0.000546 0.000004 -0.000009 -2.496357
 12 16.782913 0.000650 -0.000234 0.043220 -0.111638 0.963959
 13 5.168527 5.004116 -0.000135 -0.159817 0.009519 2.445752
 14 17.182070 0.000099 0.000206 -0.000001 -0.000007 -2.335936
 15 16.782906 0.000656 -0.000113 -0.046689 0.480302 1.312000
 16 5.168479 5.004167 -0.000064 -0.000310 -0.000061 2.096626
 17 -2.361448 1.770211 2.555295 -0.906628 -1.038716 3.444795
 18 5.760273 0.000016 0.000006 1.008633 0.758564 0.672046
time 33
  0 2.646347 -2.646347 -3.201380 -0.081851 -0.140975 -1.519078
  1 0.000000 0.000000 0.000000 -1.570796 -1.570796 0.000000
  2 4.484989 -0.004008 0.000006 -0.175748 0.006601 -0.025108
  3 5.037136 -0.005101 -0.000238 0.017273 0.103743 -0.025297
  4 6.388059 -0.005253 -0.000001 -0.168144 -0.087987 -0.381515
  5 6.146608 1.394838 0.000001 0.191276 0.045588 0.612857
  6 -2.084092 0.672535 -3.234991 -0.361244 1.381763 2.196438
  7 5.760270 -0.000012 -0.000009 -1.203204 -0.734606 0.807867
  8 10.965153 0.000065 -0.000006 0.000013 0.000002 -0.477136
  9 0.000007 -0.000004 -4.044200 -0.184954 2.822769 -0.335501
 10 -0.000007 0.000007 4.044200 -0.010892 -2.677453 -0.471622
 11 17.182070 0.000091 0.000546 0.000004 -0.000009 -2.496787
 12 16.782913 0.000650 -0.000234 0.043269 -0.112045 0.963009
 13 5.168527 5.004116 -0.000135 -0.160110 0.009537 2.446568
 14 17.182070 0.000099 0.000206 -0.000001 -0.000007 -2.336553
 15 16.782906 0.000656 -0.000113 -0.046803 0.479911 1.311736
 16 5.168479 5.004167 -0.000064 0.000011 -0.000001 2.097254
 17 -2.345823 1.785836 2.563108 -0.906351 -1.043588 3.440336
 18 5.760273 0.000016 0.000006 1.013860 0.761871 0.671058
time 34
  0 2.638534 -2.638534 -3.209193 -0.081851 -0.140975 -1.519078
  1 0.000000 0.000000 0.000000 -1.570796 -1.570796 0.000000
  2 4.484989 -0.004008 0.000006 -0.177535 0.006601 -0.025206
  3 5.037136 -0.005101 -0.000238 0.019756 0.103026 -0.024632
  4 6.388059 -0.005253 -0.000001 -0.165915 -0.087987 -0.379157
  5 6.146608 1.394838 0.000001 0.193570 0.041096 0.616946
  6 -2.095811 0.680347 -3.227178 -0.339052 1.381341 2.213607
  7 5.760270 -0.000012 -0.000009 -1.199528 -0.734133 0.807612
  8 10.965153 0.000065 -0.000006 0.000013 0.000002 -0.485803
  9 0.000007 -0.000004 -4.044200 -0.184954 2.822769 -0.335596
 10 -0.000007 0.000007 4.044200 -0.010029 -2.677269 -0.471908
 11 17.182070 0.000091 0.000546 0.000004 -0.000009 -2.497074
 12 16.782913 0.000650 -0.000234 0.043515 -0.112620 0.962024
 13 5.168527 5.004116 -0.000135 -0.160110 0.009537 2.447188
 14 17.182070 0.000099 0.000206 -0.000001 -0.000007 -2.337101
 15 16.782906 0.000656 -0.000113 -0.047421 0.480014 1.311360
 16 5.168479 5.004167 -0.000064 -0.000322 -0.000061 2.097941
 17 -2.322384 1.805368 2.563108 -0.905982 -1.048398 3.435592
 18 5.760273 0.000016 0.000006 1.019086 0.765032 0.670160
time 35
  0 2.634628 -2.634628 -3.213099 -0.081851 -0.140975 -1.519078
  1 0.000000 0.000000 0.000000 -1.570796 -1.570796 0.000000
  2 4.484989 -0.004008 0.000006 -0.179355 0.006601 -0.025238
  3 5.037136 -0.005101 -0.000238 0.022154 0.102338 -0.024028
  4 6.388059 -0.005253 -0.000001 -0.163722 -0.087987 -0.376747
  5 6.146608 1.394838 0.000001 0.195863 0.036545 0.620995
  6 -2.099717 0.680347 -3.215459 -0.316479 1.380761 2.230585
  7 5.760270 -0.000012 -0.000009 -1.195784 -0.733661 0.807000
  8 10.965153 0.000065 -0.000006 0.000013 0.000002 -0.494037
  9 0.000007 -0.000004 -4.044200 -0.184954 2.823056 -0.335788
 10 -0.000007 0.000007 4.044200 -0.009166 -2.677177 -0.472482
 11 17.182070 0.000091 0.000546 0.000004 -0.000009 -2.497360
 12 16.782913 0.000650 -0.000234 0.043784 -0.113139 0.961208
 13 5.168527 5.004116 -0.000135 -0.160110 0.009537 2.447776
 14 17.182070 0.000099 0.000206 -0.000001 -0.000007 -2.337649
 15 16.782906 0.000656 -0.000113 -0.047486 0.479603 1.311097
 16 5.168479 5.004167 -0.000064 0.000011 -0.000001 2.098467
 17 -2.310665 1.817087 2.567014 -0.905521 -1.053176 3.430754
 18 5.760273 0.000016 0.000006 1.024379 0.767998 0.669352
time 36
  0 2.626815 -2.626815 -3.213099 -0.081851 -0.140975 -1.519078
  1 0.000000 0.000000 0.000000 -1.570796 -1.570796 0.000000
  2 4.484989 -0.004008 0.000006 -0.181208 0.006601 -0.025304
  3 5.037136 -0.005101 -0.000238 0.024517 0.101709 -0.023423
  4 6.388059 -0.005253 -0.000001 -0.161540 -0.087987 -0.374319
  5 6.146608 1.394838 0.000001 0.198157 0.031935 0.625084
  6 -2.111436 0.680347 -3.215459 -0.294192 1.380181 2.247754
  7 5.760270 -0.000012 -0.000009 -1.191972 -0.733268 0.805981
  8 10.965153 0.000065 -0.000006 0.000013 0.000002 -0.502024
  9 0.000007 -0.000004 -4.044200 -0.184954 2.823151 -0.336265
 10 -0.000007 0.000007 4.044200 -0.008496 -2.676901 -0.473151
 11 17.182070 0.000091 0.000546 0.000004 -0.000009 -2.497719
 12 16.782913 0.000650 -0.000234 0.044030 -0.113620 0.960665
 13 5.168527 5.004116 -0.000135 -0.160110 0.009537 2.448330
 14 17.182070 0.000099 0.000206 -0.000001 -0.000007 -2.338129
 15 16.782906 0.000656 -0.000113 -0.048088 0.479685 1.310607
 16 5.168479 5.004167 -0.000064 -0.000285 -0.000061 2.099175
 17 -2.291133 1.836619 2.574827 -0.904506 -1.057922 3.425441
 18 5.760273 0.000016 0.000006 1.029945 0.770721 0.668589
time 37
  0 2.626815 -2.626815 -3.220912 -0.081851 -0.140975 -1.519078
  1 0.000000 0.000000 0.000000 -1.570796 -1.570796 0.000000
  2 4.484989 -0.004008 0.000006 -0.183027 0.006697 -0.025304
  3 5.037136 -0.005101 -0.000238 0.026881 0.101138 -0.022879
  4 6.388059 -0.005253 -0.000001 -0.159599 -0.087968 -0.371926
  5 6.146608 1.394838 0.000001 0.200470 0.027265 0.629252
  6 -2.119249 0.684254 -3.203740 -0.271619 1.379469 2.264923
  7 5.760270 -0.000012 -0.000009 -1.188773 -0.732875 0.805471
  8 10.965153 0.000065 -0.000006 0.000013 0.000002 -0.509700
  9 0.000007 -0.000004 -4.044200 -0.184670 2.823151 -0.336361
 10 -0.000007 0.000007 4.044200 -0.007729 -2.676810 -0.473438
 11 17.182070 0.000091 0.000546 0.000004 -0.000009 -2.498006
 12 16.782913 0.000650 -0.000234 0.044201 -0.114084 0.960020
 13 5.168527 5.004116 -0.000135 -0.160110 0.009537 2.448820
 14 17.182070 0.000099 0.000206 -0.000001 -0.000007 -2.338540
 15 16.782906 0.000656 -0.000113 -0.048039 0.479356 1.310532
 16 5.168479 5.004167 -0.000064 0.000011 -0.000001 2.099519
 17 -2.267695 1.848338 2.578733 -0.903492 -1.062669 3.419653
 18 5.760273 0.000016 0.000006 1.035375 0.773250 0.668050
time 38
  0 2.622909 -2.622909 -3.220912 -0.081851 -0.140975 -1.519078
  1 0.000000 0.000000 0.000000 -1.570796 -1.570796 0.000000
  2 4.484989 -0.004008 0.000006 -0.184815 0.006777 -0.025271
  3 5.037136 -0.005101 -0.000238 0.029092 0.100553 -0.022335
  4 6.388059 -0.005253 -0.000001 -0.157597 -0.087930 -0.369551
  5 6.146608 1.394838 0.000001 0.202782 0.022516 0.633381
  6 -2.127062 0.692067 -3.203740 -0.249046 1.378757 2.282092
  7 5.760270 -0.000012 -0.000009 -1.185233 -0.732481 0.804553
  8 10.965153 0.000065 -0.000006 0.000013 0.000002 -0.517130
  9 0.000007 -0.000004 -4.044200 -0.184670 2.823151 -0.336361
 10 -0.000007 0.000007 4.044200 -0.007537 -2.676626 -0.473820
 11 17.182070 0.000091 0.000546 0.000004 -0.000009 -2.498221
 12 16.782913 0.000650 -0.000234 0.044398 -0.114491 0.959205
 13 5.168527 5.004116 -0.000135 -0.160110 0.009537 2.449277
 14 17.182070 0.000099 0.000206 -0.000001 -0.000007 -2.338951
 15 16.782906 0.000656 -0.000113 -0.048543 0.479459 1.310193
 16 5.168479 5.004167 -0.000064 -0.000310 -0.000061 2.100045
 17 -2.248163 1.867870 2.586546 -0.902292 -1.067352 3.413866
 18 5.760273 0.000016 0.000006 1.041076 0.775536 0.667601
time 39
  0 2.619002 -2.619002 -3.220912 -0.081851 -0.140975 -1.519078
  1 0.000000 0.000000 0.000000 -1.570796 -1.570796 0.000000
  2 4.484989 -0.004008 0.000006 -0.186537 0.006968 -0.025238
  3 5.037136 -0.005101 -0.000238 0.031133 0.099953 -0.021882
  4 6.388059 -0.005253 -0.000001 -0.155896 -0.087892 -0.367246
  5 6.146608 1.394838 0.000001 0.205095 0.017708 0.637668
  6 -2.138781 0.692067 -3.195927 -0.226282 1.377913 2.299452
  7 5.760270 -0.000012 -0.000009 -1.182170 -0.732088 0.803534
  8 10.965153 0.000065 -0.000006 0.000013 0.000002 -0.524064
  9 0.000007 -0.000004 -4.044200 -0.184480 2.823151 -0.336361
 10 -0.000007 0.000007 4.044200 -0.006770 -2.676442 -0.474202
 11 17.182070 0.000091 0.000546 0.000004 -0.000009 -2.498436
 12 16.782913 0.000650 -0.000234 0.044594 -0.114844 0.958899
 13 5.168527 5.004116 -0.000135 -0.160110 0.009537 2.449669
 14 17.182070 0.000099 0.000206 -0.000001 -0.000007 -2.339294
 15 16.782906 0.000656 -0.000113 -0.048787 0.479356 1.310005
 16 5.168479 5.004167 -0.000064 -0.000310 -0.000061 2.100450
 17 -2.228631 1.887402 2.586546 -0.900540 -1.072067 3.407510
 18 5.760273 0.000016 0.000006 1.046370 0.777578 0.667242
time 40
  0 2.615096 -2.615096 -3.232631 -0.081851 -0.140975 -1.519078
  1 0.000000 0.000000 0.000000 -1.570796 -1.570796 0.000000
  2 4.484989 -0.004008 0.000006 -0.188194 0.007144 -0.025108
  3 5.037136 -0.005101 -0.000238 0.033122 0.099426 -0.021489
  4 6.388059 -0.005253 -0.000001 -0.154254 -0.087797 -0.365047
  5 6.146608 1.394838 0.000001 0.207426 0.012820 0.641876
  6 -2.146594 0.703786 -3.184208 -0.203328 1.376964 2.316620
  7 5.760270 -0.000012 -0.000009 -1.179107 -0.731694 0.802208
  8 10.965153 0.000065 -0.000006 0.000013 0.000002 -0.530750
  9 0.000007 -0.000004 -4.044200 -0.184480 2.823151 -0.336361
 10 -0.000007 0.000007 4.044200 -0.006195 -2.676350 -0.474680
 11 17.182070 0.000091 0.000546 0.000004 -0.000009 -2.498508
 12 16.782913 0.000650 -0.000234 0.044716 -0.115159 0.958254
 13 5.168527 5.004116 -0.000135 -0.160110 0.009537 2.449995
 14 17.182070 0.000099 0.000206 -0.000001 -0.000007 -2.339568
 15 16.782906 0.000656 -0.000113 -0.048966 0.479274 1.309855
 16 5.168479 5.004167 -0.000064 -0.000322 -0.000061 2.100754
 17 -2.213006 1.903027 2.594359 -0.898695 -1.076720 3.400774
 18 5.760273 0.000016 0.000006 1.052071 0.779378 0.666838
time 41
  0 2.607283 -2.607283 -3.232631 -0.081851 -0.140975 -1.519078
  1 0.000000 0.000000 0.000000 -1.570796 -1.570796 0.000000
  2 4.484989 -0.004008 0.000006 -0.189787 0.007352 -0.025011
  3 5.037136 -0.005101 -0.000238 0.034891 0.098958 -0.021127
  4 6.388059 -0.005253 -0.000001 -0.152792 -0.087759 -0.362971
  5 6.146608 1.394838 0.000001 0.209777 0.007774 0.646203
  6 -2.162219 0.703786 -3.184208 -0.180755 1.375962 2.333598
  7 5.760270 -0.000012 -0.000009 -1.176520 -0.732009 0.801597
  8 10.965153 0.000065 -0.000006 0.000013 0.000002 -0.534960
  9 0.000007 -0.000004 -4.044200 -0.184480 2.823151 -0.336456
 10 -0.000007 0.000007 4.044200 -0.006004 -2.676350 -0.474776
 11 17.182070 0.000091 0.000546 0.000004 -0.000009 -2.498723
 12 16.782913 0.000650 -0.000234 0.044814 -0.115400 0.958050
 13 5.168527 5.004116 -0.000135 -0.160110 0.009537 2.450289
 14 17.182070 0.000099 0.000206 -0.000001 -0.000007 -2.339842
 15 16.782906 0.000656 -0.000113 -0.048852 0.478945 1.309742
 16 5.168479 5.004167 -0.000064 0.000011 -0.000001 2.100996
 17 -2.193474 1.922559 2.594359 -0.896388 -1.081403 3.393373
 18 5.760273 0.000016 0.000006 1.057433 0.780885 0.666838
time 42
  0 2.607283 -2.607283 -3.232631 -0.081851 -0.140975 -1.519078
  1 0.000000 0.000000 0.000000 -1.570796 -1.570796 0.000000
  2 4.484989 -0.004008 0.000006 -0.191282 0.007560 -0.024880
  3 5.037136 -0.005101 -0.000238 0.036472 0.098460 -0.020885
  4 6.388059 -0.005253 -0.000001 -0.151437 -0.087625 -0.361018
  5 6.146608 1.394838 0.000001 0.212146 0.002748 0.650451
  6 -2.162219 0.703786 -3.172489 -0.158182 1.375013 2.350291
  7 5.760270 -0.000012 -0.000009 -1.175227 -0.733661 0.800985
  8 10.965153 0.000065 -0.000006 0.000013 0.000002 -0.535579
  9 0.000007 -0.000004 -4.044200 -0.184385 2.823151 -0.336456
 10 -0.000007 0.000007 4.044200 -0.005524 -2.676258 -0.474967
 11 17.182070 0.000091 0.000546 0.000004 -0.000009 -2.498723
 12 16.782913 0.000650 -0.000234 0.044913 -0.115603 0.957778
 13 5.168527 5.004116 -0.000135 -0.160110 0.009537 2.450517
 14 17.182070 0.000099 0.000206 -0.000001 -0.000007 -2.340048
 15 16.782906 0.000656 -0.000113 -0.049275 0.479130 1.309516
 16 5.168479 5.004167 -0.000064 -0.000285 -0.000061 2.101279
 17 -2.173943 1.942091 2.598265 -0.893621 -1.086056 3.385973
 18 5.760273 0.000016 0.000006 1.062659 0.782150 0.667197
time 43
  0 2.607283 -2.607283 -3.232631 -0.081851 -0.140975 -1.519078
  1 0.000000 0.000000 0.000000 -1.570796 -1.570796 0.000000
  2 4.484989 -0.004008 0.000006 -0.192647 0.007831 -0.024718
  3 5.037136 -0.005101 -0.000238 0.037969 0.098065 -0.020704
  4 6.388059 -0.005253 -0.000001 -0.150455 -0.087549 -0.359241
  5 6.146608 1.394838 0.000001 0.214515 -0.002278 0.654817
  6 -2.170032 0.711598 -3.164676 -0.135990 1.373879 2.366887
  7 5.760270 -0.000012 -0.000009 -1.174342 -0.736297 0.800169
  8 10.965153 0.000065 -0.000006 0.000013 0.000002 -0.532917
  9 0.000007 -0.000004 -4.044200 -0.184385 2.823151 -0.336647
 10 -0.000007 0.000007 4.044200 -0.005333 -2.676167 -0.475062
 11 17.182070 0.000091 0.000546 0.000004 -0.000009 -2.498938
 12 16.782913 0.000650 -0.000234 0.045011 -0.115752 0.957337
 13 5.168527 5.004116 -0.000135 -0.160110 0.009537 2.450680
 14 17.182070 0.000099 0.000206 -0.000001 -0.000007 -2.340048
 15 16.782906 0.000656 -0.000113 -0.049096 0.478883 1.309554
 16 5.168479 5.004167 -0.000064 0.000011 -0.000001 2.101360
 17 -2.162223 1.953810 2.606078 -0.890669 -1.090677 3.377814
 18 5.760273 0.000016 0.000006 1.067817 0.783122 0.667556
time 44
  0 2.607283 -2.607283 -3.232631 -0.081851 -0.140975 -1.519078
  1 0.000000 0.000000 0.000000 -1.570796 -1.570796 0.000000
  2 4.484989 -0.004008 0.000006 -0.193881 0.008215 -0.024425
  3 5.037136 -0.005101 -0.000238 0.039142 0.097641 -0.020643
  4 6.388059 -0.005253 -0.000001 -0.149628 -0.087492 -0.357640
  5 6.146608 1.394838 0.000001 0.216923 -0.007501 0.659264
  6 -2.173938 0.711598 -3.152957 -0.113227 1.372745 2.383674
  7 5.760270 -0.000012 -0.000009 -1.173525 -0.739563 0.799711
  8 10.965153 0.000065 -0.000006 0.000013 0.000002 -0.528150
  9 0.000007 -0.000004 -4.044200 -0.184385 2.823151 -0.336647
 10 -0.000007 0.000007 4.044200 -0.005333 -2.676167 -0.475349
 11 17.182070 0.000091 0.000546 0.000004 -0.000009 -2.499010
 12 16.782913 0.000650 -0.000234 0.045060 -0.115863 0.957235
 13 5.168527 5.004116 -0.000135 -0.160110 0.009537 2.450778
 14 17.182070 0.000099 0.000206 -0.000001 -0.000007 -2.340253
 15 16.782906 0.000656 -0.000113 -0.049145 0.478842 1.309478
 16 5.168479 5.004167 -0.000064 0.000011 -0.000001 2.101441
 17 -2.138785 1.973342 2.606078 -0.887348 -1.095297 3.369275
 18 5.760273 0.000016 0.000006 1.072636 0.783852 0.668095
time 45
  0 2.607283 -2.607283 -3.232631 -0.081851 -0.140975 -1.519078
  1 0.000000 0.000000 0.000000 -1.570796 -1.570796 0.000000
  2 4.484989 -0.004008 0.000006 -0.194986 0.008583 -0.024164
  3 5.037136 -0.005101 -0.000238 0.040146 0.097319 -0.020643
  4 6.388059 -0.005253 -0.000001 -0.148968 -0.087435 -0.356285
  5 6.146608 1.394838 0.000001 0.219330 -0.012903 0.663948
  6 -2.181751 0.723318 -3.152957 -0.089892 1.371374 2.400843
  7 5.760270 -0.000012 -0.000009 -1.172708 -0.743222 0.799456
  8 10.965153 0.000065 -0.000006 0.000013 0.000002 -0.522020
  9 0.000007 -0.000004 -4.044200 -0.184385 2.823151 -0.336647
 10 -0.000007 0.000007 4.044200 -0.005333 -2.676167 -0.475349
 11 17.182070 0.000091 0.000546 0.000004 -0.000009 -2.499010
 12 16.782913 0.000650 -0.000234 0.045060 -0.115863 0.957235
 13 5.168527 5.004116 -0.000135 -0.160110 0.009537 2.450811
 14 17.182070 0.000099 0.000206 -0.000001 -0.000007 -2.340322
 15 16.782906 0.000656 -0.000113 -0.049161 0.478842 1.309478
 16 5.168479 5.004167 -0.000064 0.000011 -0.000001 2.101522
 17 -2.115347 1.996780 2.609984 -0.883657 -1.099950 3.360357
 18 5.760273 0.000016 0.000006 1.077251 0.784241 0.668858
time 46
  0 2.607283 -2.607283 -3.232631 -0.081851 -0.140975 -1.519078
  1 0.000000 0.000000 0.000000 -1.570796 -1.570796 0.000000
  2 4.484989 -0.004008 0.000006 -0.195994 0.009094 -0.023806
  3 5.037136 -0.005101 -0.000238 0.040996 0.096953 -0.020825
  4 6.388059 -0.005253 -0.000001 -0.148789 -0.087397 -0.355071
  5 6.146608 1.394838 0.000001 0.221794 -0.018464 0.668672
  6 -2.193470 0.723318 -3.141238 -0.065795 1.369818 2.418775
  7 5.760270 -0.000012 -0.000009 -1.172504 -0.746999 0.798691
  8 10.965153 0.000065 -0.000006 0.000013 0.000002 -0.514901
  9 0.000007 -0.000004 -4.044200 -0.184385 2.823151 -0.336647
 10 -0.000007 0.000007 4.044200 -0.005333 -2.676167 -0.475349
 11 17.182070 0.000091 0.000546 0.000004 -0.000009 -2.499010
 12 16.782913 0.000650 -0.000234 0.045011 -0.115826 0.957235
 13 5.168527 5.004116 -0.000135 -0.160110 0.009537 2.450746
 14 17.182070 0.000099 0.000206 -0.000001 -0.000007 -2.340253
 15 16.782906 0.000656 -0.000113 -0.049161 0.478842 1.309478
 16 5.168479 5.004167 -0.000064 0.000011 -0.000001 2.101441
 17 -2.095815 2.016312 2.617797 -0.879322 -1.104633 3.350490
 18 5.760273 0.000016 0.000006 1.081934 0.784387 0.669891
time 47
  0 2.607283 -2.607283 -3.232631 -0.081851 -0.140975 -1.519078
  1 0.000000 0.000000 0.000000 -1.570796 -1.570796 0.000000
  2 4.484989 -0.004008 0.000006 -0.196936 0.009669 -0.023253
  3 5.037136 -0.005101 -0.000238 0.041540 0.096675 -0.021157
  4 6.388059 -0.005253 -0.000001 -0.148849 -0.087378 -0.353910
  5 6.146608 1.394838 0.000001 0.224353 -0.024281 0.673555
  6 -2.205189 0.735037 -3.133425 -0.041222 1.368157 2.436612
  7 5.760270 -0.000012 -0.000009 -1.172300 -0.750933 0.797519
  8 10.965153 0.000065 -0.000006 0.000013 0.000002 -0.507038
  9 0.000007 -0.000004 -4.044200 -0.184385 2.823151 -0.336647
 10 -0.000007 0.000007 4.044200 -0.005333 -2.676258 -0.475062
 11 17.182070 0.000091 0.000546 0.000004 -0.000009 -2.498938
 12 16.782913 0.000650 -0.000234 0.044962 -0.115715 0.957439
 13 5.168527 5.004116 -0.000135 -0.160110 0.009537 2.450615
 14 17.182070 0.000099 0.000206 -0.000001 -0.000007 -2.340048
 15 16.782906 0.000656 -0.000113 -0.049096 0.478883 1.309478
 16 5.168479 5.004167 -0.000064 0.000011 -0.000001 2.101360
 17 -2.076283 2.028031 2.617797 -0.874617 -1.109474 3.339864
 18 5.760273 0.000016 0.000006 1.086821 0.784241 0.671866
time 48
  0 2.607283 -2.607283 -3.232631 -0.081851 -0.140975 -1.519078
  1 0.000000 0.000000 0.000000 -1.570796 -1.570796 0.000000
  2 4.484989 -0.004008 0.000006 -0.197846 0.010453 -0.022732
  3 5.037136 -0.005101 -0.000238 0.041897 0.096397 -0.021671
  4 6.388059 -0.005253 -0.000001 -0.149112 -0.087264 -0.352819
  5 6.146608 1.394838 0.000001 0.226988 -0.030375 0.678676
  6 -2.213002 0.735037 -3.129519 -0.016268 1.366443 2.454830
  7 5.760270 -0.000012 -0.000009 -1.172436 -0.754946 0.795684
  8 10.965153 0.000065 -0.000006 0.000013 0.000002 -0.498804
  9 0.000007 -0.000004 -4.044200 -0.184480 2.823151 -0.336647
 10 -0.000007 0.000007 4.044200 -0.006004 -2.676258 -0.474776
 11 17.182070 0.000091 0.000546 0.000004 -0.000009 -2.498723
 12 16.782913 0.000650 -0.000234 0.045060 -0.115715 0.958084
 13 5.168527 5.004116 -0.000135 -0.159817 0.009519 2.450223
 14 17.182070 0.000099 0.000206 -0.000001 -0.000007 -2.339911
 15 16.782906 0.000656 -0.000113 -0.049275 0.479212 1.309441
 16 5.168479 5.004167 -0.000064 -0.000310 -0.000061 2.101279
 17 -2.045032 2.047563 2.629516 -0.869082 -1.114409 3.328479
 18 5.760273 0.000016 0.000006 1.092115 0.783852 0.674201
time 49
  0 2.615096 -2.615096 -3.232631 -0.081851 -0.140975 -1.519078
  1 0.000000 0.000000 0.000000 -1.570796 -1.570796 0.000000
  2 4.484989 -0.004008 0.000006 -0.198756 0.011379 -0.021950
  3 5.037136 -0.005101 -0.000238 0.042118 0.096149 -0.022305
  4 6.388059 -0.005253 -0.000001 -0.149735 -0.087035 -0.351834
  5 6.146608 1.394838 0.000001 0.229698 -0.036688 0.683955
  6 -2.224721 0.742849 -3.121706 0.009067 1.364571 2.473239
  7 5.760270 -0.000012 -0.000009 -1.172572 -0.758999 0.793849
  8 10.965153 0.000065 -0.000006 0.000013 0.000002 -0.490075
  9 0.000007 -0.000004 -4.044200 -0.184670 2.823151 -0.336456
 10 -0.000007 0.000007 4.044200 -0.006195 -2.676350 -0.474680
 11 17.182070 0.000091 0.000546 0.000004 -0.000009 -2.498651
 12 16.782913 0.000650 -0.000234 0.044716 -0.115196 0.958220
 13 5.168527 5.004116 -0.000135 -0.160110 0.009537 2.450028
 14 17.182070 0.000099 0.000206 -0.000001 -0.000007 -2.339705
 15 16.782906 0.000656 -0.000113 -0.048901 0.479068 1.309554
 16 5.168479 5.004167 -0.000064 0.000011 -0.000001 2.100996
 17 -2.013781 2.071001 2.629516 -0.863270 -1.119470 3.316525
 18 5.760273 0.000016 0.000006 1.097816 0.783220 0.677074
time 50
  0 2.619002 -2.619002 -3.220912 -0.081851 -0.140975 -1.519078
  1 0.000000 0.000000 0.000000 -1.570796 -1.570796 0.000000
  2 4.484989 -0.004008 0.000006 -0.199601 0.012370 -0.021202
  3 5.037136 -0.005101 -0.000238 0.042135 0.095915 -0.023030
  4 6.388059 -0.005253 -0.000001 -0.150586 -0.086845 -0.350884
  5 6.146608 1.394838 0.000001 0.232447 -0.043198 0.689314
  6 -2.236440 0.742849 -3.109987 0.034783 1.362567 2.491361
  7 5.760270 -0.000012 -0.000009 -1.173457 -0.763090 0.791759
  8 10.965153 0.000065 -0.000006 0.000013 0.000002 -0.481098
  9 0.000007 -0.000004 -4.044200 -0.184954 2.823151 -0.336456
 10 -0.000007 0.000007 4.044200 -0.006770 -2.676442 -0.474202
 11 17.182070 0.000091 0.000546 0.000004 -0.000009 -2.498436
 12 16.782913 0.000650 -0.000234 0.044545 -0.114807 0.958933
 13 5.168527 5.004116 -0.000135 -0.160110 0.009537 2.449636
 14 17.182070 0.000099 0.000206 -0.000001 -0.000007 -2.339294
 15 16.782906 0.000656 -0.000113 -0.048722 0.479171 1.309591
 16 5.168479 5.004167 -0.000064 0.000011 -0.000001 2.100713
 17 -1.990343 2.090533 2.641235 -0.856997 -1.124594 3.303622
 18 5.760273 0.000016 0.000006 1.103585 0.782393 0.680262
time 51
  0 2.622909 -2.622909 -3.220912 -0.081851 -0.140975 -1.519078
  1 0.000000 0.000000 0.000000 -1.570796 -1.570796 0.000000
  2 4.484989 -0.004008 0.000006 -0.200413 0.013425 -0.020355
  3 5.037136 -0.005101 -0.000238 0.041999 0.095754 -0.023876
  4 6.388059 -0.005253 -0.000001 -0.151737 -0.086731 -0.350004
  5 6.146608 1.394838 0.000001 0.235233 -0.049925 0.694832
  6 -2.248159 0.754568 -3.102174 0.060499 1.360431 2.509770
  7 5.760270 -0.000012 -0.000009 -1.174274 -0.767143 0.789465
  8 10.965153 0.000065 -0.000006 0.000013 0.000002 -0.471935
  9 0.000007 -0.000004 -4.044200 -0.184954 2.823151 -0.336456
 10 -0.000007 0.000007 4.044200 -0.007537 -2.676626 -0.473820
 11 17.182070 0.000091 0.000546 0.000004 -0.000009 -2.498006
 12 16.782913 0.000650 -0.000234 0.044349 -0.114362 0.959408
 13 5.168527 5.004116 -0.000135 -0.160110 0.009537 2.449147
 14 17.182070 0.000099 0.000206 -0.000001 -0.000007 -2.339020
 15 16.782906 0.000656 -0.000113 -0.048543 0.479315 1.309667
 16 5.168479 5.004167 -0.000064 0.000011 -0.000001 2.100369
 17 -1.959092 2.113971 2.641235 -0.849985 -1.129781 3.289865
 18 5.760273 0.000016 0.000006 1.109829 0.781372 0.683988
time 52
  0 2.626815 -2.626815 -3.220912 -0.081851 -0.140975 -1.519078
  1 0.000000 0.000000 0.000000 -1.570796 -1.570796 0.000000
  2 4.484989 -0.004008 0.000006 -0.201193 0.014528 -0.019444
  3 5.037136 -0.005101 -0.000238 0.041676 0.095593 -0.024783
  4 6.388059 -0.005253 -0.000001 -0.152887 -0.086541 -0.349178
  5 6.146608 1.394838 0.000001 0.238058 -0.056831 0.700589
  6 -2.259879 0.758475 -3.090455 0.086596 1.358137 2.527988
  7 5.760270 -0.000012 -0.000009 -1.175227 -0.771116 0.787120
  8 10.965153 0.000065 -0.000006 0.000013 0.000002 -0.462154
  9 0.000007 -0.000004 -4.044200 -0.184954 2.823151 -0.336361
 10 -0.000007 0.000007 4.044200 -0.008304 -2.676901 -0.473151
 11 17.182070 0.000091 0.000546 0.000004 -0.000009 -2.497791
 12 16.782913 0.000650 -0.000234 0.044128 -0.113861 0.960156
 13 5.168527 5.004116 -0.000135 -0.160110 0.009537 2.448559
 14 17.182070 0.000099 0.000206 -0.000001 -0.000007 -2.338540
 15 16.782906 0.000656 -0.000113 -0.048331 0.479500 1.309742
 16 5.168479 5.004167 -0.000064 0.000011 -0.000001 2.099944
 17 -1.935654 2.141315 2.641235 -0.842421 -1.134999 3.275539
 18 5.760273 0.000016 0.000006 1.116005 0.780156 0.687894
time 53
  0 2.634628 -2.634628 -3.213099 -0.081851 -0.140975 -1.519078
  1 0.000000 0.000000 0.000000 -1.570796 -1.570796 0.000000
  2 4.484989 -0.004008 0.000006 -0.201908 0.015727 -0.018500
  3 5.037136 -0.005101 -0.000238 0.041268 0.095476 -0.025750
  4 6.388059 -0.005253 -0.000001 -0.154350 -0.086236 -0.348403
  5 6.146608 1.394838 0.000001 0.240882 -0.063875 0.706265
  6 -2.267691 0.766288 -3.078736 0.112122 1.355711 2.546206
  7 5.760270 -0.000012 -0.000009 -1.176248 -0.775011 0.784061
  8 10.965153 0.000065 -0.000006 0.000013 0.000002 -0.452620
  9 0.000007 -0.000004 -4.044200 -0.185239 2.823056 -0.336361
 10 -0.000007 0.000007 4.044200 -0.009071 -2.677085 -0.472577
 11 17.182070 0.000091 0.000546 0.000004 -0.000009 -2.497504
 12 16.782913 0.000650 -0.000234 0.043834 -0.113268 0.961073
 13 5.168527 5.004116 -0.000135 -0.160110 0.009537 2.447939
 14 17.182070 0.000099 0.000206 -0.000001 -0.000007 -2.337992
 15 16.782906 0.000656 -0.000113 -0.048088 0.479685 1.309817
 16 5.168479 5.004167 -0.000064 0.000011 -0.000001 2.099519
 17 -1.904403 2.156941 2.649048 -0.834303 -1.140248 3.260454
 18 5.760273 0.000016 0.000006 1.122317 0.778745 0.691980
time 54
  0 2.638534 -2.638534 -3.209193 -0.081851 -0.140975 -1.519078
  1 0.000000 0.000000 0.000000 -1.570796 -1.570796 0.000000
  2 4.484989 -0.004008 0.000006 -0.202591 0.016957 -0.017556
  3 5.037136 -0.005101 -0.000238 0.040707 0.095432 -0.026747
  4 6.388059 -0.005253 -0.000001 -0.155860 -0.086008 -0.347664
  5 6.146608 1.394838 0.000001 0.243725 -0.071078 0.712180
  6 -2.279410 0.778007 -3.070923 0.138219 1.353101 2.564329
  7 5.760270 -0.000012 -0.000009 -1.177337 -0.778788 0.781462
  8 10.965153 0.000065 -0.000006 0.000013 0.000002 -0.442962
  9 0.000007 -0.000004 -4.044200 -0.185239 2.822769 -0.336361
 10 -0.000007 0.000007 4.044200 -0.010029 -2.677269 -0.472004
 11 17.182070 0.000091 0.000546 0.000004 -0.000009 -2.497074
 12 16.782913 0.000650 -0.000234 0.043564 -0.112638 0.962024
 13 5.168527 5.004116 -0.000135 -0.160110 0.009537 2.447221
 14 17.182070 0.000099 0.000206 -0.000001 -0.000007 -2.337512
 15 16.782906 0.000656 -0.000113 -0.048104 0.480096 1.309742
 16 5.168479 5.004167 -0.000064 -0.000285 -0.000061 2.099175
 17 -1.873152 2.184286 2.649048 -0.825539 -1.145466 3.244894
 18 5.760273 0.000016 0.000006 1.128697 0.777238 0.696290
time 55
  0 2.646347 -2.646347 -3.201380 -0.081851 -0.140975 -1.519078
  1 0.000000 0.000000 0.000000 -1.570796 -1.570796 0.000000
  2 4.484989 -0.004008 0.000006 -0.203241 0.018188 -0.016579
  3 5.037136 -0.005101 -0.000238 0.039993 0.095402 -0.027744
  4 6.388059 -0.005253 -0.000001 -0.157454 -0.085665 -0.346978
  5 6.146608 1.394838 0.000001 0.246569 -0.078379 0.718095
  6 -2.291130 0.778007 -3.059204 0.164316 1.350332 2.582261
  7 5.760270 -0.000012 -0.000009 -1.178290 -0.782369 0.778403
  8 10.965153 0.000065 -0.000006 0.000013 0.000002 -0.433366
  9 0.000007 -0.000004 -4.044200 -0.185619 2.822769 -0.336361
 10 -0.000007 0.000007 4.044200 -0.011275 -2.677545 -0.471622
 11 17.182070 0.000091 0.000546 0.000004 -0.000009 -2.496715
 12 16.782913 0.000650 -0.000234 0.043220 -0.111953 0.963042
 13 5.168527 5.004116 -0.000135 -0.160110 0.009537 2.446470
 14 17.182070 0.000099 0.000206 -0.000001 -0.000007 -2.336827
 15 16.782906 0.000656 -0.000113 -0.047486 0.480281 1.310344
 16 5.168479 5.004167 -0.000064 -0.000199 -0.000037 2.098204
 17 -1.841901 2.207724 2.649048 -0.816406 -1.150684 3.228576
 18 5.760273 0.000016 0.000006 1.135077 0.775536 0.701004
time 56
  0 2.654160 -2.654160 -3.197474 -0.081851 -0.140975 -1.519078
  1 0.000000 0.000000 0.000000 -1.570796 -1.570796 0.000000
  2 4.484989 -0.004008 0.000006 -0.203826 0.019387 -0.015667
  3 5.037136 -0.005101 -0.000238 0.039244 0.095476 -0.028741
  4 6.388059 -0.005253 -0.000001 -0.159036 -0.085399 -0.346327
  5 6.146608 1.394838 0.000001 0.249393 -0.085760 0.724010
  6 -2.298942 0.785819 -3.047485 0.190127 1.347379 2.599525
  7 5.760270 -0.000012 -0.000009 -1.179243 -0.785713 0.775345
  8 10.965153 0.000065 -0.000006 0.000013 0.000002 -0.423832
  9 0.000007 -0.000004 -4.044200 -0.185713 2.822769 -0.336361
 10 -0.000007 0.000007 4.044200 -0.012138 -2.677912 -0.470761
 11 17.182070 0.000091 0.000546 0.000004 -0.000009 -2.496285
 12 16.782913 0.000650 -0.000234 0.042902 -0.111174 0.964027
 13 5.168527 5.004116 -0.000135 -0.160110 0.009537 2.445622
 14 17.182070 0.000099 0.000206 -0.000001 -0.000007 -2.336210
 15 16.782906 0.000656 -0.000113 -0.047177 0.480343 1.310193
 16 5.168479 5.004167 -0.000064 0.000011 -0.000001 2.097860
 17 -1.810650 2.227256 2.660767 -0.806535 -1.155871 3.211688
 18 5.760273 0.000016 0.000006 1.141321 0.773785 0.705404
time 57
  0 2.658066 -2.658066 -3.189661 -0.081851 -0.140975 -1.519078
  1 0.000000 0.000000 0.000000 -1.570796 -1.570796 0.000000
  2 4.484989 -0.004008 0.000006 -0.204378 0.020521 -0.014789
  3 5.037136 -0.005101 -0.000238 0.038445 0.095593 -0.029739
  4 6.388059 -0.005253 -0.000001 -0.160701 -0.085056 -0.345729
  5 6.146608 1.394838 0.000001 0.252198 -0.093240 0.730004
  6 -2.310661 0.797539 -3.035766 0.215462 1.344241 2.616885
  7 5.760270 -0.000012 -0.000009 -1.179992 -0.788821 0.771879
  8 10.965153 0.000065 -0.000006 0.000013 0.000002 -0.414731
  9 0.000007 -0.000004 -4.044200 -0.185808 2.822674 -0.336361
 10 -0.000007 0.000007 4.044200 -0.013671 -2.678188 -0.469614
 11 17.182070 0.000091 0.000546 0.000004 -0.000009 -2.495640
 12 16.782913 0.000650 -0.000234 0.042534 -0.110415 0.965182
 13 5.168527 5.004116 -0.000135 -0.160110 0.009537 2.444741
 14 17.182070 0.000099 0.000206 -0.000001 -0.000007 -2.335525
 15 16.782906 0.000656 -0.000113 -0.046819 0.480569 1.310344
 16 5.168479 5.004167 -0.000064 0.000011 -0.000001 2.097254
 17 -1.771586 2.250694 2.660767 -0.796295 -1.160995 3.194041
 18 5.760273 0.000016 0.000006 1.147633 0.771888 0.710163
time 58
  0 2.669785 -2.669785 -3.181848 -0.081851 -0.140975 -1.519078
  1 0.000000 0.000000 0.000000 -1.570796 -1.570796 0.000000
  2 4.484989 -0.004008 0.000006 -0.204898 0.021672 -0.013812
  3 5.037136 -0.005101 -0.000238 0.037425 0.095797 -0.030675
  4 6.388059 -0.005253 -0.000001 -0.162379 -0.084618 -0.345149
  5 6.146608 1.394838 0.000001 0.254985 -0.100739 0.735959
  6 -2.322381 0.809258 -3.024047 0.240797 1.340945 2.633863
  7 5.760270 -0.000012 -0.000009 -1.180400 -0.791654 0.769024
  8 10.965153 0.000065 -0.000006 0.000013 0.000002 -0.405568
  9 0.000007 -0.000004 -4.044200 -0.185808 2.822578 -0.336265
 10 -0.000007 0.000007 4.044200 -0.014534 -2.678463 -0.469232
 11 17.182070 0.000091 0.000546 0.000004 -0.000009 -2.495138
 12 16.782913 0.000650 -0.000234 0.042117 -0.109581 0.966609
 13 5.168527 5.004116 -0.000135 -0.160110 0.009537 2.443827
 14 17.182070 0.000099 0.000206 -0.000001 -0.000007 -2.334771
 15 16.782906 0.000656 -0.000113 -0.046445 0.480816 1.310495
 16 5.168479 5.004167 -0.000064 0.000011 -0.000001 2.096586
 17 -1.740335 2.270226 2.660767 -0.785409 -1.166024 3.176015
 18 5.760273 0.000016 0.000006 1.153945 0.769895 0.714787
time 59
  0 2.677598 -2.677598 -3.177942 -0.081851 -0.140975 -1.519078
  1 0.000000 0.000000 0.000000 -1.570796 -1.570796 0.000000
  2 4.484989 -0.004008 0.000006 -0.205353 0.022743 -0.013161
  3 5.037136 -0.005101 -0.000238 0.036438 0.096032 -0.031521
  4 6.388059 -0.005253 -0.000001 -0.164117 -0.084314 -0.344603
  5 6.146608 1.394838 0.000001 0.257714 -0.108298 0.741953
  6 -2.334100 0.809258 -3.016234 0.265751 1.337491 2.650555
  7 5.760270 -0.000012 -0.000009 -1.180468 -0.794132 0.765507
  8 10.965153 0.000065 -0.000006 0.000013 0.000002 -0.397087
  9 0.000007 -0.000004 -4.044200 -0.185903 2.822387 -0.335788
 10 -0.000007 0.000007 4.044200 -0.015971 -2.678831 -0.467989
 11 17.182070 0.000091 0.000546 0.000004 -0.000009 -2.494636
 12 16.782913 0.000650 -0.000234 0.041773 -0.108710 0.967797
 13 5.168527 5.004116 -0.000135 -0.160110 0.009537 2.442880
 14 17.182070 0.000099 0.000206 -0.000001 -0.000007 -2.334017
 15 16.782906 0.000656 -0.000113 -0.046315 0.481330 1.310570
 16 5.168479 5.004167 -0.000064 -0.000310 -0.000061 2.095918
 17 -1.716897 2.293664 2.660767 -0.774062 -1.170959 3.157704
 18 5.760273 0.000016 0.000006 1.159782 0.767852 0.719277
time 60
  0 2.689317 -2.689317 -3.170129 -0.081851 -0.140975 -1.519078
  1 0.000000 0.000000 0.000000 -1.570796 -1.570796 0.000000
  2 4.484989 -0.004008 0.000006 -0.205743 0.023750 -0.012412
  3 5.037136 -0.005101 -0.000238 0.035401 0.096324 -0.032337
  4 6.388059 -0.005253 -0.000001 -0.165711 -0.083876 -0.344075
  5 6.146608 1.394838 0.000001 0.260406 -0.115837 0.747908
  6 -2.349725 0.817070 -3.004515 0.290229 1.333799 2.666770
  7 5.760270 -0.000012 -0.000009 -1.180468 -0.796257 0.762703
  8 10.965153 0.000065 -0.000006 0.000013 0.000002 -0.388914
  9 0.000007 -0.000004 -4.044200 -0.185998 2.822005 -0.335596
 10 -0.000007 0.000007 4.044200 -0.017409 -2.679198 -0.467129
 11 17.182070 0.000091 0.000546 0.000004 -0.000009 -2.494206
 12 16.782913 0.000650 -0.000234 0.041357 -0.107802 0.968986
 13 5.168527 5.004116 -0.000135 -0.160110 0.009537 2.441868
 14 17.182070 0.000099 0.000206 -0.000001 -0.000007 -2.333058
 15 16.782906 0.000656 -0.000113 -0.045632 0.481371 1.310871
 16 5.168479 5.004167 -0.000064 0.000011 -0.000001 2.095129
 17 -1.673927 2.313196 2.672486 -0.762346 -1.175800 3.138634
 18 5.760273 0.000016 0.000006 1.165823 0.765761 0.723587
time 61
  0 2.689317 -2.689317 -3.158410 -0.081851 -0.140975 -1.519078
  1 0.000000 0.000000 0.000000 -1.570796 -1.570796 0.000000
  2 4.484989 -0.004008 0.000006 -0.206100 0.024645 -0.011761
  3 5.037136 -0.005101 -0.000238 0.034245 0.096763 -0.033002
  4 6.388059 -0.005253 -0.000001 -0.167137 -0.083381 -0.343565
  5 6.146608 1.394838 0.000001 0.263041 -0.123376 0.753783
  6 -2.361444 0.828789 -2.992796 0.314421 1.329976 2.682413
  7 5.760270 -0.000012 -0.000009 -1.180400 -0.797988 0.759390
  8 10.965153 0.000065 -0.000006 0.000013 0.000002 -0.380990
  9 0.000007 -0.000004 -4.044200 -0.186472 2.822005 -0.335501
 10 -0.000007 0.000007 4.044200 -0.018463 -2.679474 -0.466173
 11 17.182070 0.000091 0.000546 0.000004 -0.000009 -2.493489
 12 16.782913 0.000650 -0.000234 0.040989 -0.106856 0.970548
 13 5.168527 5.004116 -0.000135 -0.160110 0.009537 2.440824
 14 17.182070 0.000099 0.000206 -0.000001 -0.000007 -2.332441
 15 16.782906 0.000656 -0.000113 -0.045192 0.481659 1.311097
 16 5.168479 5.004167 -0.000064 0.000011 -0.000001 2.094340
 17 -1.642676 2.340540 2.672486 -0.750261 -1.180484 3.119375
 18 5.760273 0.000016 0.000006 1.171252 0.763621 0.727493
time 62
  0 2.701036 -2.701036 -3.150597 -0.081851 -0.140975 -1.519078
  1 0.000000 0.000000 0.000000 -1.570796 -1.570796 0.000000
  2 4.484989 -0.004008 0.000006 -0.206425 0.025412 -0.011370
  3 5.037136 -0.005101 -0.000238 0.033122 0.097231 -0.033576
  4 6.388059 -0.005253 -0.000001 -0.168527 -0.082867 -0.343072
  5 6.146608 1.394838 0.000001 0.265619 -0.130875 0.759698
  6 -2.373163 0.832696 -2.984983 0.337851 1.325915 2.697579
  7 5.760270 -0.000012 -0.000009 -1.179379 -0.799247 0.756586
  8 10.965153 0.000065 -0.000006 0.000013 0.000002 -0.374118
  9 0.000007 -0.000004 -4.044200 -0.186472 2.822005 -0.335501
 10 -0.000007 0.000007 4.044200 -0.019901 -2.679841 -0.465313
 11 17.182070 0.000091 0.000546 0.000004 -0.000009 -2.492915
 12 16.782913 0.000650 -0.000234 0.040572 -0.105874 0.971737
 13 5.168527 5.004116 -0.000135 -0.160110 0.009537 2.439747
 14 17.182070 0.000099 0.000206 -0.000001 -0.000007 -2.331619
 15 16.782906 0.000656 -0.000113 -0.044721 0.481967 1.311322
 16 5.168479 5.004167 -0.000064 0.000011 -0.000001 2.093531
 17 -1.611425 2.356166 2.672486 -0.737438 -1.185010 3.099641
 18 5.760273 0.000016 0.000006 1.176818 0.761433 0.731399
time 63
  0 2.712755 -2.712755 -3.146691 -0.081851 -0.140975 -1.519078
  1 0.000000 0.000000 0.000000 -1.570796 -1.570796 0.000000
  2 4.484989 -0.004008 0.000006 -0.206685 0.026115 -0.010947
  3 5.037136 -0.005101 -0.000238 0.032017 0.097787 -0.033999
  4 6.388059 -0.005253 -0.000001 -0.169870 -0.082487 -0.342597
  5 6.146608 1.394838 0.000001 0.268121 -0.138295 0.765494
  6 -2.380976 0.840509 -2.973264 0.360805 1.321696 2.712268
  7 5.760270 -0.000012 -0.000009 -1.178358 -0.800034 0.753426
  8 10.965153 0.000065 -0.000006 0.000013 0.000002 -0.367741
  9 0.000007 -0.000004 -4.044200 -0.186757 2.821814 -0.335501
 10 -0.000007 0.000007 4.044200 -0.021435 -2.680300 -0.464166
 11 17.182070 0.000091 0.000546 0.000004 -0.000009 -2.492413
 12 16.782913 0.000650 -0.000234 0.040106 -0.104874 0.973367
 13 5.168527 5.004116 -0.000135 -0.160110 0.009537 2.438670
 14 17.182070 0.000099 0.000206 -0.000001 -0.000007 -2.330728
 15 16.782906 0.000656 -0.000113 -0.044233 0.482255 1.311586
 16 5.168479 5.004167 -0.000064 0.000011 -0.000001 2.092681
 17 -1.576268 2.375698 2.672486 -0.724707 -1.189411 3.079623
 18 5.760273 0.000016 0.000006 1.181772 0.759293 0.735215
time 64
  0 2.720568 -2.720568 -3.138878 -0.081851 -0.140975 -1.519078
  1 0.000000 0.000000 0.000000 -1.570796 -1.570796 0.000000
  2 4.484989 -0.004008 0.000006 -0.206880 0.026563 -0.010784
  3 5.037136 -0.005101 -0.000238 0.030758 0.098460 -0.034271
  4 6.388059 -0.005253 -0.000001 -0.170852 -0.081973 -0.342158
  5 6.146608 1.394838 0.000001 0.270566 -0.145656 0.771131
  6 -2.392695 0.848321 -2.961545 0.383283 1.317319 2.726480
  7 5.760270 -0.000012 -0.000009 -1.176452 -0.800270 0.750979
  8 10.965153 0.000065 -0.000006 0.000013 0.000002 -0.361860
  9 0.000007 -0.000004 -4.044200 -0.187136 2.821432 -0.335405
 10 -0.000007 0.000007 4.044200 -0.022776 -2.680668 -0.463210
 11 17.182070 0.000091 0.000546 0.000004 -0.000009 -2.491768
 12 16.782913 0.000650 -0.000234 0.039713 -0.103891 0.974624
 13 5.168527 5.004116 -0.000135 -0.160110 0.009537 2.437560
 14 17.182070 0.000099 0.000206 -0.000001 -0.000007 -2.329837
 15 16.782906 0.000656 -0.000113 -0.043777 0.482584 1.311849
 16 5.168479 5.004167 -0.000064 0.000011 -0.000001 2.091811
 17 -1.545017 2.399136 2.672486 -0.711515 -1.193623 3.059509
 18 5.760273 0.000016 0.000006 1.186523 0.757153 0.738313
time 65
  0 2.732287 -2.732287 -3.127159 -0.081851 -0.140975 -1.519078
  1 0.000000 0.000000 0.000000 -1.570796 -1.570796 0.000000
  2 4.484989 -0.004008 0.000006 -0.207043 0.026930 -0.010784
  3 5.037136 -0.005101 -0.000238 0.029670 0.099236 -0.034362
  4 6.388059 -0.005253 -0.000001 -0.171715 -0.081383 -0.341700
  5 6.146608 1.394838 0.000001 0.272916 -0.152898 0.776768
  6 -2.404414 0.860040 -2.953732 0.404903 1.312652 2.739929
  7 5.760270 -0.000012 -0.000009 -1.173729 -0.799994 0.748430
  8 10.965153 0.000065 -0.000006 0.000013 0.000002 -0.357031
  9 0.000007 -0.000004 -4.044200 -0.187231 2.821432 -0.334832
 10 -0.000007 0.000007 4.044200 -0.024406 -2.681036 -0.462255
 11 17.182070 0.000091 0.000546 0.000004 -0.000009 -2.491194
 12 16.782913 0.000650 -0.000234 0.039247 -0.102872 0.976288
 13 5.168527 5.004116 -0.000135 -0.160110 0.009537 2.436418
 14 17.182070 0.000099 0.000206 -0.000001 -0.000007 -2.328946
 15 16.782906 0.000656 -0.000113 -0.043290 0.482872 1.312150
 16 5.168479 5.004167 -0.000064 0.000011 -0.000001 2.090921
 17 -1.513766 2.418668 2.672486 -0.697954 -1.197615 3.039396
 18 5.760273 0.000016 0.000006 1.191071 0.755014 0.741276
time 66
  0 2.744006 -2.744006 -3.115440 -0.081851 -0.140975 -1.519078
  1 0.000000 0.000000 0.000000 -1.570796 -1.570796 0.000000
  2 4.484989 -0.004008 0.000006 -0.207173 0.027122 -0.010784
  3 5.037136 -0.005101 -0.000238 0.028378 0.100114 -0.034271
  4 6.388059 -0.005253 -0.000001 -0.172446 -0.080793 -0.341208
  5 6.146608 1.394838 0.000001 0.275191 -0.160022 0.782246
  6 -2.408320 0.863947 -2.945919 0.425476 1.307932 2.752805
  7 5.760270 -0.000012 -0.000009 -1.170666 -0.799011 0.745474
  8 10.965153 0.000065 -0.000006 0.000013 0.000002 -0.353378
  9 0.000007 -0.000004 -4.044200 -0.187326 2.821336 -0.334832
 10 -0.000007 0.000007 4.044200 -0.025939 -2.681403 -0.461108
 11 17.182070 0.000091 0.000546 0.000004 -0.000009 -2.490549
 12 16.782913 0.000650 -0.000234 0.038831 -0.101834 0.977579
 13 5.168527 5.004116 -0.000135 -0.160110 0.009537 2.435276
 14 17.182070 0.000099 0.000206 -0.000001 -0.000007 -2.327918
 15 16.782906 0.000656 -0.000113 -0.042753 0.483180 1.312489
 16 5.168479 5.004167 -0.000064 0.000011 -0.000001 2.089950
 17 -1.482515 2.438200 2.672486 -0.684116 -1.201450 3.018903
 18 5.760273 0.000016 0.000006 1.194871 0.753020 0.743880
time 67
  0 2.755725 -2.755725 -3.103721 -0.081851 -0.140975 -1.519078
  1 0.000000 0.000000 0.000000 -1.570796 -1.570796 0.000000
  2 4.484989 -0.004008 0.000006 -0.207303 0.027234 -0.011077
  3 5.037136 -0.005101 -0.000238 0.027017 0.101226 -0.034090
  4 6.388059 -0.005253 -0.000001 -0.173141 -0.080127 -0.340609
  5 6.146608 1.394838 0.000001 0.277390 -0.166987 0.787526
  6 -2.416133 0.871760 -2.945919 0.445763 1.303001 2.765014
  7 5.760270 -0.000012 -0.000009 -1.166854 -0.797358 0.742874
  8 10.965153 0.000065 -0.000006 0.000013 0.000002 -0.350221
  9 0.000007 -0.000004 -4.044200 -0.187326 2.821241 -0.334832
 10 -0.000007 0.000007 4.044200 -0.027473 -2.681862 -0.460152
 11 17.182070 0.000091 0.000546 0.000004 -0.000009 -2.489832
 12 16.782913 0.000650 -0.000234 0.038414 -0.100815 0.979277
 13 5.168527 5.004116 -0.000135 -0.160110 0.009537 2.434134
 14 17.182070 0.000099 0.000206 -0.000001 -0.000007 -2.327027
 15 16.782906 0.000656 -0.000113 -0.042249 0.483468 1.312828
 16 5.168479 5.004167 -0.000064 0.000011 -0.000001 2.089060
 17 -1.451264 2.453825 2.672486 -0.670555 -1.205034 2.998600
 18 5.760273 0.000016 0.000006 1.198536 0.751318 0.746439
time 68
  0 2.763538 -2.763538 -3.103721 -0.081851 -0.140975 -1.519078
  1 0.000000 0.000000 0.000000 -1.570796 -1.570796 0.000000
  2 4.484989 -0.004008 0.000006 -0.207400 0.027314 -0.011370
  3 5.037136 -0.005101 -0.000238 0.025470 0.102411 -0.033788
  4 6.388059 -0.005253 -0.000001 -0.173825 -0.079289 -0.339994
  5 6.146608 1.394838 0.000001 0.279475 -0.173794 0.792766
  6 -2.427852 0.883479 -2.926387 0.464907 1.297912 2.776747
  7 5.760270 -0.000012 -0.000009 -1.162566 -0.795234 0.739510
  8 10.965153 0.000065 -0.000006 0.000013 0.000002 -0.347497
  9 0.000007 -0.000004 -4.044200 -0.187611 2.820858 -0.334259
 10 -0.000007 0.000007 4.044200 -0.028910 -2.682230 -0.459196
 11 17.182070 0.000091 0.000546 0.000004 -0.000009 -2.489330
 12 16.782913 0.000650 -0.000234 0.037997 -0.099777 0.980534
 13 5.168527 5.004116 -0.000135 -0.160110 0.009537 2.432991
 14 17.182070 0.000099 0.000206 -0.000001 -0.000007 -2.326068
 15 16.782906 0.000656 -0.000113 -0.041712 0.483941 1.313468
 16 5.168479 5.004167 -0.000064 -0.000199 -0.000037 2.087826
 17 -1.420013 2.473357 2.672486 -0.656717 -1.208429 2.978676
 18 5.760273 0.000016 0.000006 1.201726 0.749907 0.748729
time 69
  0 2.775257 -2.775257 -3.095908 -0.081851 -0.140975 -1.519078
  1 0.000000 0.000000 0.000000 -1.570796 -1.570796 0.000000
  2 4.484989 -0.004008 0.000006 -0.207498 0.027282 -0.011761
  3 5.037136 -0.005101 -0.000238 0.023922 0.103772 -0.033365
  4 6.388059 -0.005253 -0.000001 -0.174472 -0.078509 -0.339307
  5 6.146608 1.394838 0.000001 0.281484 -0.180383 0.797768
  6 -2.439571 0.891291 -2.922481 0.483480 1.292744 2.787429
  7 5.760270 -0.000012 -0.000009 -1.157256 -0.792598 0.736553
  8 10.965153 0.000065 -0.000006 0.000013 0.000002 -0.345454
  9 0.000007 -0.000004 -4.044200 -0.187895 2.820858 -0.334068
 10 -0.000007 0.000007 4.044200 -0.030444 -2.682689 -0.458049
 11 17.182070 0.000091 0.000546 0.000004 -0.000009 -2.488613
 12 16.782913 0.000650 -0.000234 0.037580 -0.098758 0.982164
 13 5.168527 5.004116 -0.000135 -0.160110 0.009537 2.431849
 14 17.182070 0.000099 0.000206 -0.000001 -0.000007 -2.325040
 15 16.782906 0.000656 -0.000113 -0.041159 0.484085 1.313580
 16 5.168479 5.004167 -0.000064 0.000011 -0.000001 2.087077
 17 -1.388762 2.492889 2.672486 -0.642787 -1.211604 2.958657
 18 5.760273 0.000016 0.000006 1.204306 0.748740 0.751333
time 70
  0 2.786976 -2.786976 -3.084189 -0.081851 -0.140975 -1.519078
  1 0.000000 0.000000 0.000000 -1.570796 -1.570796 0.000000
  2 4.484989 -0.004008 0.000006 -0.207595 0.027202 -0.012314
  3 5.037136 -0.005101 -0.000238 0.022188 0.105250 -0.032881
  4 6.388059 -0.005253 -0.000001 -0.175035 -0.077519 -0.338568
  5 6.146608 1.394838 0.000001 0.283380 -0.186754 0.802651
  6 -2.447384 0.895198 -2.914668 0.500719 1.287444 2.797635
  7 5.760270 -0.000012 -0.000009 -1.152015 -0.789529 0.733138
  8 10.965153 0.000065 -0.000006 0.000013 0.000002 -0.343535
  9 0.000007 -0.000004 -4.044200 -0.187895 2.820763 -0.333972
 10 -0.000007 0.000007 4.044200 -0.031977 -2.683057 -0.456998
 11 17.182070 0.000091 0.000546 0.000004 -0.000009 -2.487896
 12 16.782913 0.000650 -0.000234 0.037114 -0.097720 0.983692
 13 5.168527 5.004116 -0.000135 -0.160110 0.009537 2.430707
 14 17.182070 0.000099 0.000206 -0.000001 -0.000007 -2.324149
 15 16.782906 0.000656 -0.000113 -0.040590 0.484352 1.313957
 16 5.168479 5.004167 -0.000064 0.000011 -0.000001 2.086126
 17 -1.365324 2.504608 2.672486 -0.629134 -1.214527 2.939208
 18 5.760273 0.000016 0.000006 1.206409 0.747816 0.753488
time 71
  0 2.798695 -2.798695 -3.072470 -0.081851 -0.140975 -1.519078
  1 0.000000 0.000000 0.000000 -1.570796 -1.570796 0.000000
  2 4.484989 -0.004008 0.000006 -0.207660 0.027074 -0.012868
  3 5.037136 -0.005101 -0.000238 0.020487 0.106801 -0.032337
  4 6.388059 -0.005253 -0.000001 -0.175490 -0.076663 -0.337829
  5 6.146608 1.394838 0.000001 0.285180 -0.192888 0.807255
  6 -2.447384 0.903010 -2.902949 0.517102 1.282170 2.807078
  7 5.760270 -0.000012 -0.000009 -1.145684 -0.786027 0.729417
  8 10.965153 0.000065 -0.000006 0.000013 0.000002 -0.342173
  9 0.000007 -0.000004 -4.044200 -0.187990 2.820285 -0.333972
 10 -0.000007 0.000007 4.044200 -0.033415 -2.683424 -0.456137
 11 17.182070 0.000091 0.000546 0.000004 -0.000009 -2.487394
 12 16.782913 0.000650 -0.000234 0.036721 -0.096701 0.985051
 13 5.168527 5.004116 -0.000135 -0.160110 0.009537 2.429564
 14 17.182070 0.000099 0.000206 -0.000001 -0.000007 -2.323121
 15 16.782906 0.000656 -0.000113 -0.040037 0.484640 1.314408
 16 5.168479 5.004167 -0.000064 0.000011 -0.000001 2.085135
 17 -1.334073 2.524140 2.672486 -0.615665 -1.217230 2.919853
 18 5.760273 0.000016 0.000006 1.207970 0.747135 0.755643
time 72
  0 2.806508 -2.806508 -3.064657 -0.081851 -0.140975 -1.519078
  1 0.000000 0.000000 0.000000 -1.570796 -1.570796 0.000000
  2 4.484989 -0.004008 0.000006 -0.207725 0.026835 -0.013519
  3 5.037136 -0.005101 -0.000238 0.018582 0.108439 -0.031703
  4 6.388059 -0.005253 -0.000001 -0.176078 -0.075673 -0.337108
  5 6.146608 1.394838 0.000001 0.286867 -0.198765 0.811702
  6 -2.459103 0.914730 -2.891230 0.532722 1.276949 2.815567
  7 5.760270 -0.000012 -0.000009 -1.139626 -0.782172 0.725900
  8 10.965153 0.000065 -0.000006 0.000013 0.000002 -0.341368
  9 0.000007 -0.000004 -4.044200 -0.188275 2.820285 -0.333304
 10 -0.000007 0.000007 4.044200 -0.034949 -2.683792 -0.455277
 11 17.182070 0.000091 0.000546 0.000004 -0.000009 -2.486749
 12 16.782913 0.000650 -0.000234 0.036354 -0.095719 0.986579
 13 5.168527 5.004116 -0.000135 -0.160110 0.009537 2.428455
 14 17.182070 0.000099 0.000206 -0.000001 -0.000007 -2.322299
 15 16.782906 0.000656 -0.000113 -0.039776 0.485154 1.314785
 16 5.168479 5.004167 -0.000064 -0.000310 -0.000073 2.084184
 17 -1.314541 2.535859 2.672486 -0.602473 -1.219713 2.901448
 18 5.760273 0.000016 0.000006 1.208921 0.746746 0.757798
time 73
  0 2.818227 -2.818227 -3.052938 -0.081851 -0.140975 -1.519078
  1 0.000000 0.000000 0.000000 -1.570796 -1.570796 0.000000
  2 4.484989 -0.004008 0.000006 -0.207758 0.026595 -0.014105
  3 5.037136 -0.005101 -0.000238 0.016695 0.110151 -0.031038
  4 6.388059 -0.005253 -0.000001 -0.176461 -0.074626 -0.336316
  5 6.146608 1.394838 0.000001 0.288460 -0.204326 0.815909
  6 -2.470822 0.914730 -2.883417 0.547104 1.271649 2.823675
  7 5.760270 -0.000012 -0.000009 -1.132955 -0.777962 0.722688
  8 10.965153 0.000065 -0.000006 0.000013 0.000002 -0.340811
  9 0.000007 -0.000004 -4.044200 -0.188275 2.820285 -0.333304
 10 -0.000007 0.000007 4.044200 -0.036386 -2.684159 -0.454035
 11 17.182070 0.000091 0.000546 0.000004 -0.000009 -2.486175
 12 16.782913 0.000650 -0.000234 0.035937 -0.094755 0.987938
 13 5.168527 5.004116 -0.000135 -0.160110 0.009537 2.427378
 14 17.182070 0.000099 0.000206 -0.000001 -0.000007 -2.321203
 15 16.782906 0.000656 -0.000113 -0.039175 0.485442 1.315274
 16 5.168479 5.004167 -0.000064 -0.000322 -0.000073 2.083132
 17 -1.283290 2.555391 2.672486 -0.589373 -1.221945 2.883611
 18 5.760273 0.000016 0.000006 1.208989 0.746649 0.759549
time 74
  0 2.829946 -2.829946 -3.052938 -0.081851 -0.140975 -1.519078
  1 0.000000 0.000000 0.000000 -1.570796 -1.570796 0.000000
  2 4.484989 -0.004008 0.000006 -0.207725 0.026339 -0.014854
  3 5.037136 -0.005101 -0.000238 0.014773 0.111922 -0.030313
  4 6.388059 -0.005253 -0.000001 -0.176941 -0.073656 -0.335577
  5 6.146608 1.394838 0.000001 0.289919 -0.209589 0.819840
  6 -2.478635 0.922542 -2.883417 0.560343 1.266428 2.830733
  7 5.760270 -0.000012 -0.000009 -1.126011 -0.773438 0.719120
  8 10.965153 0.000065 -0.000006 0.000013 0.000002 -0.340687
  9 0.000007 -0.000004 -4.044200 -0.188749 2.820190 -0.333017
 10 -0.000007 0.000007 4.044200 -0.037920 -2.684618 -0.453174
 11 17.182070 0.000091 0.000546 0.000004 -0.000009 -2.485458
 12 16.782913 0.000650 -0.000234 0.035569 -0.093773 0.989126
 13 5.168527 5.004116 -0.000135 -0.160110 0.009537 2.426301
 14 17.182070 0.000099 0.000206 -0.000001 -0.000007 -2.320380
 15 16.782906 0.000656 -0.000113 -0.038378 0.485442 1.315838
 16 5.168479 5.004167 -0.000064 0.000011 -0.000001 2.082080
 17 -1.259852 2.567110 2.672486 -0.577012 -1.223863 2.866249
 18 5.760273 0.000016 0.000006 1.207767 0.746746 0.760851
time 75
  0 2.837759 -2.837759 -3.041219 -0.081851 -0.140975 -1.519078
  1 0.000000 0.000000 0.000000 -1.570796 -1.570796 0.000000
  2 4.484989 -0.004008 0.000006 -0.207693 0.026019 -0.015667
  3 5.037136 -0.005101 -0.000238 0.012715 0.113751 -0.029557
  4 6.388059 -0.005253 -0.000001 -0.177420 -0.072647 -0.334891
  5 6.146608 1.394838 0.000001 0.291284 -0.214516 0.823531
  6 -2.478635 0.926449 -2.867792 0.572820 1.261339 2.837410
  7 5.760270 -0.000012 -0.000009 -1.118592 -0.768638 0.715501
  8 10.965153 0.000065 -0.000006 0.000013 0.000002 -0.341058
  9 0.000007 -0.000004 -4.044200 -0.188844 2.819999 -0.332635
 10 -0.000007 0.000007 4.044200 -0.039453 -2.684894 -0.452219
 11 17.182070 0.000091 0.000546 0.000004 -0.000009 -2.484956
 12 16.782913 0.000650 -0.000234 0.035225 -0.092865 0.990655
 13 5.168527 5.004116 -0.000135 -0.160110 0.009537 2.425256
 14 17.182070 0.000099 0.000206 -0.000001 -0.000007 -2.319489
 15 16.782906 0.000656 -0.000113 -0.037809 0.485668 1.316365
 16 5.168479 5.004167 -0.000064 0.000011 -0.000001 2.081028
 17 -1.232507 2.578829 2.672486 -0.564558 -1.225435 2.849267
 18 5.760273 0.000016 0.000006 1.204238 0.747135 0.760851
time 76
  0 2.849478 -2.849478 -3.037313 -0.081851 -0.140975 -1.519078
  1 0.000000 0.000000 0.000000 -1.570796 -1.570796 0.000000
  2 4.484989 -0.004008 0.000006 -0.207628 0.025620 -0.016449
  3 5.037136 -0.005101 -0.000238 0.010760 0.115550 -0.028772
  4 6.388059 -0.005253 -0.000001 -0.177731 -0.071562 -0.334205
  5 6.146608 1.394838 0.000001 0.292535 -0.219087 0.826945
  6 -2.490354 0.934261 -2.859979 0.584154 1.256329 2.843133
  7 5.760270 -0.000012 -0.000009 -1.111717 -0.763602 0.712544
  8 10.965153 0.000065 -0.000006 0.000013 0.000002 -0.341368
  9 0.000007 -0.000004 -4.044200 -0.188844 2.819712 -0.332444
 10 -0.000007 0.000007 4.044200 -0.040220 -2.685261 -0.451263
 11 17.182070 0.000091 0.000546 0.000004 -0.000009 -2.484311
 12 16.782913 0.000650 -0.000234 0.035005 -0.092105 0.991606
 13 5.168527 5.004116 -0.000135 -0.159963 0.009537 2.424571
 14 17.182070 0.000099 0.000206 -0.000001 -0.000007 -2.318598
 15 16.782906 0.000656 -0.000113 -0.037256 0.485915 1.316930
 16 5.168479 5.004167 -0.000064 0.000011 -0.000001 2.080057
 17 -1.216882 2.586642 2.672486 -0.552842 -1.226629 2.833328
 18 5.760273 0.000016 0.000006 1.198536 0.747719 0.759998
time 77
  0 2.857291 -2.857291 -3.029500 -0.081851 -0.140975 -1.519078
  1 0.000000 0.000000 0.000000 -1.570796 -1.570796 0.000000
  2 4.484989 -0.004008 0.000006 -0.207530 0.025252 -0.017295
  3 5.037136 -0.005101 -0.000238 0.008770 0.117379 -0.027986
  4 6.388059 -0.005253 -0.000001 -0.178199 -0.070458 -0.333589
  5 6.146608 1.394838 0.000001 0.293653 -0.223282 0.830081
  6 -2.494261 0.938168 -2.859979 0.594726 1.251451 2.848474
  7 5.760270 -0.000012 -0.000009 -1.104025 -0.758369 0.709078
  8 10.965153 0.000065 -0.000006 0.000013 0.000002 -0.342173
  9 0.000007 -0.000004 -4.044200 -0.188844 2.819712 -0.332444
 10 -0.000007 0.000007 4.044200 -0.041754 -2.685629 -0.450594
 11 17.182070 0.000091 0.000546 0.000004 -0.000009 -2.483809
 12 16.782913 0.000650 -0.000234 0.034539 -0.091160 0.992930
 13 5.168527 5.004116 -0.000135 -0.160110 0.009537 2.423298
 14 17.182070 0.000099 0.000206 -0.000001 -0.000007 -2.317708
 15 16.782906 0.000656 -0.000113 -0.036589 0.486223 1.317871
 16 5.168479 5.004167 -0.000064 -0.000088 -0.000013 2.078661
 17 -1.197350 2.598361 2.672486 -0.541402 -1.227478 2.818053
 18 5.760273 0.000016 0.000006 1.191274 0.748448 0.758202
time 78
  0 2.861197 -2.861197 -3.021687 -0.081851 -0.140975 -1.519078
  1 0.000000 0.000000 0.000000 -1.570796 -1.570796 0.000000
  2 4.484989 -0.004008 0.000006 -0.207368 0.024805 -0.018174
  3 5.037136 -0.005101 -0.000238 0.006746 0.119223 -0.027170
  4 6.388059 -0.005253 -0.000001 -0.178487 -0.069583 -0.333026
  5 6.146608 1.394838 0.000001 0.294658 -0.227061 0.832940
  6 -2.494261 0.945981 -2.848260 0.603965 1.246810 2.853148
  7 5.760270 -0.000012 -0.000009 -1.096945 -0.752979 0.706376
  8 10.965153 0.000065 -0.000006 0.000013 0.000002 -0.343349
  9 0.000007 -0.000004 -4.044200 -0.188844 2.819617 -0.331870
 10 -0.000007 0.000007 4.044200 -0.042808 -2.685905 -0.449447
 11 17.182070 0.000091 0.000546 0.000004 -0.000009 -2.483307
 12 16.782913 0.000650 -0.000234 0.034244 -0.090326 0.994323
 13 5.168527 5.004116 -0.000135 -0.160110 0.009537 2.422352
 14 17.182070 0.000099 0.000206 -0.000001 -0.000007 -2.316885
 15 16.782906 0.000656 -0.000113 -0.036101 0.486326 1.318097
 16 5.168479 5.004167 -0.000064 0.000011 -0.000001 2.077953
 17 -1.177818 2.606174 2.660767 -0.530517 -1.227981 2.803632
 18 5.760273 0.000016 0.000006 1.182655 0.749226 0.755643
time 79
  0 2.861197 -2.861197 -3.017781 -0.081851 -0.140975 -1.519078
  1 0.000000 0.000000 0.000000 -1.570796 -1.570796 0.000000
  2 4.484989 -0.004008 0.000006 -0.207140 0.024389 -0.019021
  3 5.037136 -0.005101 -0.000238 0.004808 0.121008 -0.026384
  4 6.388059 -0.005253 -0.000001 -0.178930 -0.068593 -0.332551
  5 6.146608 1.394838 0.000001 0.295549 -0.230405 0.835441
  6 -2.502073 0.945981 -2.848260 0.612251 1.242354 2.857154
  7 5.760270 -0.000012 -0.000009 -1.089458 -0.747432 0.703318
  8 10.965153 0.000065 -0.000006 0.000013 0.000002 -0.344649
  9 0.000007 -0.000004 -4.044200 -0.188844 2.819139 -0.331488
 10 -0.000007 0.000007 4.044200 -0.044054 -2.686272 -0.449064
 11 17.182070 0.000091 0.000546 0.000004 -0.000009 -2.482805
 12 16.782913 0.000650 -0.000234 0.033926 -0.089548 0.995409
 13 5.168527 5.004116 -0.000135 -0.160110 0.009537 2.421503
 14 17.182070 0.000099 0.000206 -0.000001 -0.000007 -2.315994
 15 16.782906 0.000656 -0.000113 -0.035548 0.486511 1.318736
 16 5.168479 5.004167 -0.000064 0.000011 -0.000001 2.077002
 17 -1.166099 2.610080 2.660767 -0.520553 -1.228169 2.790729
 18 5.760273 0.000016 0.000006 1.172610 0.750053 0.752456
time 80
  0 2.872916 -2.872916 -3.009968 -0.081851 -0.140975 -1.519078
  1 0.000000 0.000000 0.000000 -1.570796 -1.570796 0.000000
  2 4.484989 -0.004008 0.000006 -0.206913 0.023942 -0.019834
  3 5.037136 -0.005101 -0.000238 0.002869 0.122764 -0.025599
  4 6.388059 -0.005253 -0.000001 -0.179266 -0.067584 -0.332111
  5 6.146608 1.394838 0.000001 0.296288 -0.233294 0.837584
  6 -2.502073 0.957700 -2.840447 0.619489 1.238135 2.860588
  7 5.760270 -0.000012 -0.000009 -1.082446 -0.741766 0.701075
  8 10.965153 0.000065 -0.000006 0.000013 0.000002 -0.346135
  9 0.000007 -0.000004 -4.044200 -0.188844 2.819139 -0.331202
 10 -0.000007 0.000007 4.044200 -0.044916 -2.686548 -0.448204
 11 17.182070 0.000091 0.000546 0.000004 -0.000009 -2.482303
 12 16.782913 0.000650 -0.000234 0.033680 -0.088825 0.996462
 13 5.168527 5.004116 -0.000135 -0.160110 0.009537 2.420655
 14 17.182070 0.000099 0.000206 -0.000001 -0.000007 -2.315104
 15 16.782906 0.000656 -0.000113 -0.035044 0.486655 1.319376
 16 5.168479 5.004167 -0.000064 0.000011 -0.000001 2.076011
 17 -1.146567 2.621799 2.660767 -0.511144 -1.228012 2.778775
 18 5.760273 0.000016 0.000006 1.161275 0.750831 0.748729
time 81
  0 2.884635 -2.884635 -3.002155 -0.081851 -0.140975 -1.519078
  1 0.000000 0.000000 0.000000 -1.570796 -1.570796 0.000000
  2 4.484989 -0.004008 0.000006 -0.206588 0.023430 -0.020681
  3 5.037136 -0.005101 -0.000238 0.000879 0.124490 -0.024843
  4 6.388059 -0.005253 -0.000001 -0.179553 -0.066747 -0.331848
  5 6.146608 1.394838 0.000001 0.296990 -0.235965 0.839529
  6 -2.509886 0.957700 -2.836541 0.626157 1.234074 2.863831
  7 5.760270 -0.000012 -0.000009 -1.075027 -0.736061 0.698781
  8 10.965153 0.000065 -0.000006 0.000013 0.000002 -0.347992
  9 0.000007 -0.000004 -4.044200 -0.188844 2.819139 -0.330915
 10 -0.000007 0.000007 4.044200 -0.046258 -2.686823 -0.447535
 11 17.182070 0.000091 0.000546 0.000004 -0.000009 -2.481873
 12 16.782913 0.000650 -0.000234 0.033411 -0.088158 0.997413
 13 5.168527 5.004116 -0.000135 -0.160110 0.009537 2.419904
 14 17.182070 0.000099 0.000206 -0.000001 -0.000007 -2.314418
 15 16.782906 0.000656 -0.000113 -0.034507 0.486799 1.320091
 16 5.168479 5.004167 -0.000064 0.000011 -0.000001 2.074999
 17 -1.134848 2.621799 2.660767 -0.502380 -1.227666 2.767390
 18 5.760273 0.000016 0.000006 1.149262 0.751512 0.744374
time 82
  0 2.892448 -2.892448 -2.998249 -0.081851 -0.140975 -1.519078
  1 0.000000 0.000000 0.000000 -1.570796 -1.570796 0.000000
  2 4.484989 -0.004008 0.000006 -0.206230 0.022951 -0.021495
  3 5.037136 -0.005101 -0.000238 -0.000804 0.126115 -0.024148
  4 6.388059 -0.005253 -0.000001 -0.179985 -0.065833 -0.331636
  5 6.146608 1.394838 0.000001 0.297672 -0.238617 0.841514
  6 -2.513793 0.957700 -2.832634 0.632443 1.230040 2.866883
  7 5.760270 -0.000012 -0.000009 -1.068219 -0.730357 0.696793
  8 10.965153 0.000065 -0.000006 0.000013 0.000002 -0.349664
  9 0.000007 -0.000004 -4.044200 -0.188844 2.819139 -0.330915
 10 -0.000007 0.000007 4.044200 -0.047025 -2.687099 -0.446675
 11 17.182070 0.000091 0.000546 0.000004 -0.000009 -2.481443
 12 16.782913 0.000650 -0.000234 0.033165 -0.087528 0.998296
 13 5.168527 5.004116 -0.000135 -0.160110 0.009537 2.419186
 14 17.182070 0.000099 0.000206 -0.000001 -0.000007 -2.313801
 15 16.782906 0.000656 -0.000113 -0.034068 0.486840 1.320430
 16 5.168479 5.004167 -0.000064 0.000097 0.000023 2.074372
 17 -1.123129 2.633518 2.660767 -0.493892 -1.227321 2.756384
 18 5.760273 0.000016 0.000006 1.136638 0.752096 0.740064
time 83
  0 2.892448 -2.892448 -2.990436 -0.081851 -0.140975 -1.519078
  1 0.000000 0.000000 0.000000 -1.570796 -1.570796 0.000000
  2 4.484989 -0.004008 0.000006 -0.205775 0.022455 -0.022243
  3 5.037136 -0.005101 -0.000238 -0.002624 0.127636 -0.023453
  4 6.388059 -0.005253 -0.000001 -0.180236 -0.065110 -0.331601
  5 6.146608 1.394838 0.000001 0.298354 -0.241268 0.843459
  6 -2.513793 0.965512 -2.828728 0.638729 1.225979 2.869840
  7 5.760270 -0.000012 -0.000009 -1.061548 -0.724612 0.694958
  8 10.965153 0.000065 -0.000006 0.000013 0.000002 -0.352016
  9 0.000007 -0.000004 -4.044200 -0.188844 2.819139 -0.330246
 10 -0.000007 0.000007 4.044200 -0.047792 -2.687375 -0.446101
 11 17.182070 0.000091 0.000546 0.000004 -0.000009 -2.480941
 12 16.782913 0.000650 -0.000234 0.032994 -0.086935 0.999111
 13 5.168527 5.004116 -0.000135 -0.160110 0.009537 2.418566
 14 17.182070 0.000099 0.000206 -0.000001 -0.000007 -2.313116
 15 16.782906 0.000656 -0.000113 -0.033450 0.487066 1.321521
 16 5.168479 5.004167 -0.000064 0.000011 -0.000001 2.073057
 17 -1.111410 2.641331 2.660767 -0.485221 -1.226912 2.745094
 18 5.760273 0.000016 0.000006 1.123539 0.752533 0.735574
time 84
  0 2.892448 -2.892448 -2.990436 -0.081851 -0.140975 -1.519078
  1 0.000000 0.000000 0.000000 -1.570796 -1.570796 0.000000
  2 4.484989 -0.004008 0.000006 -0.205288 0.021976 -0.023025
  3 5.037136 -0.005101 -0.000238 -0.004273 0.129026 -0.022849
  4 6.388059 -0.005253 -0.000001 -0.180680 -0.064482 -0.331689
  5 6.146608 1.394838 0.000001 0.299018 -0.243900 0.845444
  6 -2.513793 0.965512 -2.828728 0.645015 1.222024 2.872320
  7 5.760270 -0.000012 -0.000009 -1.055626 -0.718908 0.693480
  8 10.965153 0.000065 -0.000006 0.000013 0.000002 -0.354183
  9 0.000007 -0.000004 -4.044200 -0.188844 2.819043 -0.330055
 10 -0.000007 0.000007 4.044200 -0.048559 -2.687558 -0.445719
 11 17.182070 0.000091 0.000546 0.000004 -0.000009 -2.480654
 12 16.782913 0.000650 -0.000234 0.032798 -0.086453 0.999621
 13 5.168527 5.004116 -0.000135 -0.160110 0.009537 2.417978
 14 17.182070 0.000099 0.000206 -0.000001 -0.000007 -2.312499
 15 16.782906 0.000656 -0.000113 -0.032962 0.487128 1.322311
 16 5.168479 5.004167 -0.000064 0.000011 -0.000001 2.072147
 17 -1.103597 2.641331 2.660767 -0.476826 -1.226472 2.734278
 18 5.760273 0.000016 0.000006 1.110372 0.752728 0.730905
time 85
  0 2.904167 -2.904167 -2.986530 -0.081851 -0.140975 -1.519078
  1 0.000000 0.000000 0.000000 -1.570796 -1.570796 0.000000
  2 4.484989 -0.004008 0.000006 -0.204735 0.021448 -0.023741
  3 5.037136 -0.005101 -0.000238 -0.005940 0.130343 -0.022275
  4 6.388059 -0.005253 -0.000001 -0.180955 -0.063911 -0.331900
  5 6.146608 1.394838 0.000001 0.299662 -0.246512 0.847429
  6 -2.521605 0.969419 -2.820915 0.650825 1.218069 2.874991
  7 5.760270 -0.000012 -0.000009 -1.049636 -0.713281 0.692817
  8 10.965153 0.000065 -0.000006 0.000013 0.000002 -0.356350
  9 0.000007 -0.000004 -4.044200 -0.188844 2.818948 -0.329482
 10 -0.000007 0.000007 4.044200 -0.049325 -2.687742 -0.445146
 11 17.182070 0.000091 0.000546 0.000004 -0.000009 -2.480439
 12 16.782913 0.000650 -0.000234 0.032650 -0.085990 1.000436
 13 5.168527 5.004116 -0.000135 -0.160110 0.009537 2.417489
 14 17.182070 0.000099 0.000206 -0.000001 -0.000007 -2.311951
 15 16.782906 0.000656 -0.000113 -0.032474 0.487169 1.323102
 16 5.168479 5.004167 -0.000064 0.000011 -0.000001 2.071196
 17 -1.091878 2.653050 2.660767 -0.468431 -1.226032 2.723653
 18 5.760273 0.000016 0.000006 1.097273 0.752679 0.726191
time 86
  0 2.904167 -2.904167 -2.978717 -0.081851 -0.140975 -1.519078
  1 0.000000 0.000000 0.000000 -1.570796 -1.570796 0.000000
  2 4.484989 -0.004008 0.000006 -0.204086 0.021001 -0.024392
  3 5.037136 -0.005101 -0.000238 -0.007369 0.131499 -0.021791
  4 6.388059 -0.005253 -0.000001 -0.181411 -0.063359 -0.332287
  5 6.146608 1.394838 0.000001 0.300307 -0.249104 0.849255
  6 -2.525512 0.969419 -2.817009 0.656635 1.214219 2.877471
  7 5.760270 -0.000012 -0.000009 -1.044054 -0.707734 0.692206
  8 10.965153 0.000065 -0.000006 0.000013 0.000002 -0.358888
  9 0.000007 -0.000004 -4.044200 -0.188749 2.818661 -0.329386
 10 -0.000007 0.000007 4.044200 -0.049517 -2.687834 -0.445146
 11 17.182070 0.000091 0.000546 0.000004 -0.000009 -2.480152
 12 16.782913 0.000650 -0.000234 0.032479 -0.085619 1.000945
 13 5.168527 5.004116 -0.000135 -0.160110 0.009537 2.417097
 14 17.182070 0.000099 0.000206 -0.000001 -0.000007 -2.311334
 15 16.782906 0.000656 -0.000113 -0.031986 0.487210 1.323930
 16 5.168479 5.004167 -0.000064 0.000011 -0.000001 2.070326
 17 -1.080159 2.653050 2.660767 -0.460313 -1.225623 2.713406
 18 5.760273 0.000016 0.000006 1.084445 0.752387 0.721836
time 87
  0 2.904167 -2.904167 -2.978717 -0.081851 -0.140975 -1.519078
  1 0.000000 0.000000 0.000000 -1.570796 -1.570796 0.000000
  2 4.484989 -0.004008 0.000006 -0.203371 0.020490 -0.024978
  3 5.037136 -0.005101 -0.000238 -0.008797 0.132538 -0.021368
  4 6.388059 -0.005253 -0.000001 -0.181698 -0.062959 -0.332850
  5 6.146608 1.394838 0.000001 0.300932 -0.251637 0.851240
  6 -2.525512 0.977232 -2.817009 0.662159 1.210501 2.879760
  7 5.760270 -0.000012 -0.000009 -1.039017 -0.702344 0.692002
  8 10.965153 0.000065 -0.000006 0.000013 0.000002 -0.361241
  9 0.000007 -0.000004 -4.044200 -0.188275 2.818661 -0.328718
 10 -0.000007 0.000007 4.044200 -0.050092 -2.687926 -0.444572
 11 17.182070 0.000091 0.000546 0.000004 -0.000009 -2.479937
 12 16.782913 0.000650 -0.000234 0.032381 -0.085360 1.001285
 13 5.168527 5.004116 -0.000135 -0.160110 0.009537 2.416771
 14 17.182070 0.000099 0.000206 -0.000001 -0.000007 -2.310923
 15 16.782906 0.000656 -0.000113 -0.031547 0.487210 1.324795
 16 5.168479 5.004167 -0.000064 0.000011 -0.000001 2.069456
 17 -1.068440 2.660863 2.660767 -0.452656 -1.225183 2.703254
 18 5.760273 0.000016 0.000006 1.072093 0.751755 0.717885
time 88
  0 2.904167 -2.904167 -2.978717 -0.081851 -0.140975 -1.519078
  1 0.000000 0.000000 0.000000 -1.570796 -1.570796 0.000000
  2 4.484989 -0.004008 0.000006 -0.202591 0.020058 -0.025434
  3 5.037136 -0.005101 -0.000238 -0.010038 0.133343 -0.021066
  4 6.388059 -0.005253 -0.000001 -0.182190 -0.062750 -0.333589
  5 6.146608 1.394838 0.000001 0.301558 -0.254150 0.853066
  6 -2.525512 0.977232 -2.809196 0.667588 1.206836 2.881763
  7 5.760270 -0.000012 -0.000009 -1.034388 -0.697151 0.692257
  8 10.965153 0.000065 -0.000006 0.000013 0.000002 -0.363841
  9 0.000007 -0.000004 -4.044200 -0.188275 2.818661 -0.328526
 10 -0.000007 0.000007 4.044200 -0.050380 -2.688018 -0.444381
 11 17.182070 0.000091 0.000546 0.000004 -0.000009 -2.479937
 12 16.782913 0.000650 -0.000234 0.032332 -0.085119 1.001455
 13 5.168527 5.004116 -0.000135 -0.160110 0.009537 2.416510
 14 17.182070 0.000099 0.000206 -0.000001 -0.000007 -2.310512
 15 16.782906 0.000656 -0.000113 -0.031108 0.487210 1.325661
 16 5.168479 5.004167 -0.000064 0.000011 -0.000001 2.068566
 17 -1.060627 2.668675 2.660767 -0.444999 -1.224806 2.693482
 18 5.760273 0.000016 0.000006 1.060623 0.750831 0.714069
time 89
  0 2.915886 -2.915886 -2.978717 -0.081851 -0.140975 -1.519078
  1 0.000000 0.000000 0.000000 -1.570796 -1.570796 0.000000
  2 4.484989 -0.004008 0.000006 -0.201713 0.019595 -0.025922
  3 5.037136 -0.005101 -0.000238 -0.011195 0.133972 -0.020855
  4 6.388059 -0.005253 -0.000001 -0.182525 -0.062617 -0.334539
  5 6.146608 1.394838 0.000001 0.302145 -0.256604 0.854892
  6 -2.533324 0.988951 -2.805290 0.672636 1.203329 2.883766
  7 5.760270 -0.000012 -0.000009 -1.030440 -0.692115 0.692970
  8 10.965153 0.000065 -0.000006 0.000013 0.000002 -0.366503
  9 0.000007 -0.000004 -4.044200 -0.187895 2.818661 -0.328240
 10 -0.000007 0.000007 4.044200 -0.050763 -2.688109 -0.444190
 11 17.182070 0.000091 0.000546 0.000004 -0.000009 -2.479722
 12 16.782913 0.000650 -0.000234 0.032479 -0.085230 1.001998
 13 5.168527 5.004116 -0.000135 -0.159817 0.009537 2.416216
 14 17.182070 0.000099 0.000206 -0.000001 -0.000007 -2.310169
 15 16.782906 0.000656 -0.000113 -0.030685 0.487128 1.326602
 16 5.168479 5.004167 -0.000064 0.000011 -0.000001 2.067797
 17 -1.041095 2.672582 2.660767 -0.438080 -1.224460 2.683995
 18 5.760273 0.000016 0.000006 1.050103 0.749615 0.711016
time 90
  0 2.915886 -2.915886 -2.978717 -0.081851 -0.140975 -1.519078
  1 0.000000 0.000000 0.000000 -1.570796 -1.570796 0.000000
  2 4.484989 -0.004008 0.000006 -0.200738 0.019211 -0.026248
  3 5.037136 -0.005101 -0.000238 -0.012079 0.134411 -0.020734
  4 6.388059 -0.005253 -0.000001 -0.183053 -0.062617 -0.335665
  5 6.146608 1.394838 0.000001 0.302733 -0.258998 0.856599
  6 -2.533324 0.988951 -2.801383 0.677684 1.199980 2.885483
  7 5.760270 -0.000012 -0.000009 -1.026764 -0.687315 0.694143
  8 10.965153 0.000065 -0.000006 0.000013 0.000002 -0.369165
  9 0.000007 -0.000004 -4.044200 -0.187895 2.818661 -0.327858
 10 -0.000007 0.000007 4.044200 -0.050763 -2.688109 -0.444190
 11 17.182070 0.000091 0.000546 0.000004 -0.000009 -2.479722
 12 16.782913 0.000650 -0.000234 0.032233 -0.084952 1.001930
 13 5.168527 5.004116 -0.000135 -0.160110 0.009537 2.416314
 14 17.182070 0.000099 0.000206 -0.000001 -0.000007 -2.309758
 15 16.782906 0.000656 -0.000113 -0.030294 0.487066 1.327543
 16 5.168479 5.004167 -0.000064 0.000011 -0.000001 2.067008
 17 -1.029376 2.680395 2.660767 -0.431346 -1.224146 2.675172
 18 5.760273 0.000016 0.000006 1.040940 0.748011 0.708861
time 91
  0 2.915886 -2.915886 -2.978717 -0.081851 -0.140975 -1.519078
  1 0.000000 0.000000 0.000000 -1.570796 -1.570796 0.000000
  2 4.484989 -0.004008 0.000006 -0.199568 0.018731 -0.026508
  3 5.037136 -0.005101 -0.000238 -0.012912 0.134616 -0.020764
  4 6.388059 -0.005253 -0.000001 -0.183556 -0.062769 -0.337266
  5 6.146608 1.394838 0.000001 0.303283 -0.261333 0.858425
  6 -2.533324 0.988951 -2.797477 0.682351 1.196684 2.887295
  7 5.760270 -0.000012 -0.000009 -1.024314 -0.682279 0.696182
  8 10.965153 0.000065 -0.000006 0.000013 0.000002 -0.372013
  9 0.000007 -0.000004 -4.044200 -0.187611 2.818661 -0.327858
 10 -0.000007 0.000007 4.044200 -0.050763 -2.688109 -0.444190
 11 17.182070 0.000091 0.000546 0.000004 -0.000009 -2.479722
 12 16.782913 0.000650 -0.000234 0.032283 -0.084989 1.001659
 13 5.168527 5.004116 -0.000135 -0.160110 0.009537 2.416379
 14 17.182070 0.000099 0.000206 -0.000001 -0.000007 -2.309895
 15 16.782906 0.000656 -0.000113 -0.030294 0.487025 1.327655
 16 5.168479 5.004167 -0.000064 0.000011 -0.000001 2.067008
 17 -1.029376 2.684301 2.660767 -0.424888 -1.223863 2.666728
 18 5.760273 0.000016 0.000006 1.032185 0.745871 0.707020
time 92
  0 2.904167 -2.904167 -2.978717 -0.081851 -0.140975 -1.519078
  1 0.000000 0.000000 0.000000 -1.570796 -1.570796 0.000000
  2 4.484989 -0.004008 0.000006 -0.198041 0.018316 -0.026638
  3 5.037136 -0.005101 -0.000238 -0.013712 0.134542 -0.020945
  4 6.388059 -0.005253 -0.000001 -0.184083 -0.063283 -0.339395
  5 6.146608 1.394838 0.000001 0.303832 -0.263588 0.860013
  6 -2.541137 0.988951 -2.797477 0.687113 1.193309 2.889012
  7 5.760270 -0.000012 -0.000009 -1.021931 -0.676574 0.699036
  8 10.965153 0.000065 -0.000006 0.000013 0.000002 -0.376037
  9 0.000007 -0.000004 -4.044200 -0.187611 2.818661 -0.327858
 10 -0.000007 0.000007 4.044200 -0.050380 -2.688018 -0.444381
 11 17.182070 0.000091 0.000546 0.000004 -0.000009 -2.479937
 12 16.782913 0.000650 -0.000234 0.032332 -0.085119 1.001455
 13 5.168527 5.004116 -0.000135 -0.160110 0.009537 2.416510
 14 17.182070 0.000099 0.000206 -0.000001 -0.000007 -2.309895
 15 16.782906 0.000656 -0.000113 -0.030311 0.486984 1.327693
 16 5.168479 5.004167 -0.000064 0.000011 -0.000001 2.067008
 17 -1.009844 2.684301 2.649048 -0.418892 -1.223580 2.658568
 18 5.760273 0.000016 0.000006 1.023294 0.743099 0.705269
time 93
  0 2.904167 -2.904167 -2.978717 -0.081851 -0.140975 -1.519078
  1 0.000000 0.000000 0.000000 -1.570796 -1.570796 0.000000
  2 4.484989 -0.004008 0.000006 -0.196254 0.017757 -0.026801
  3 5.037136 -0.005101 -0.000238 -0.014392 0.134177 -0.021248
  4 6.388059 -0.005253 -0.000001 -0.184790 -0.063930 -0.342034
  5 6.146608 1.394838 0.000001 0.304344 -0.265785 0.861720
  6 -2.545043 0.996763 -2.797477 0.691399 1.189934 2.890538
  7 5.760270 -0.000012 -0.000009 -1.020706 -0.670318 0.703063
  8 10.965153 0.000065 -0.000006 0.000013 0.000002 -0.380680
  9 0.000007 -0.000004 -4.044200 -0.187611 2.818661 -0.327858
 10 -0.000007 0.000007 4.044200 -0.050092 -2.687926 -0.444572
 11 17.182070 0.000091 0.000546 0.000004 -0.000009 -2.479937
 12 16.782913 0.000650 -0.000234 0.032381 -0.085360 1.001285
 13 5.168527 5.004116 -0.000135 -0.160110 0.009537 2.416771
 14 17.182070 0.000099 0.000206 -0.000001 -0.000007 -2.310032
 15 16.782906 0.000656 -0.000113 -0.030311 0.486922 1.327881
 16 5.168479 5.004167 -0.000064 0.000011 -0.000001 2.067008
 17 -0.998125 2.692114 2.649048 -0.413172 -1.223266 2.650884
 18 5.760273 0.000016 0.000006 1.014335 0.739695 0.703608
time 94
  0 2.904167 -2.904167 -2.978717 -0.081851 -0.140975 -1.519078
  1 0.000000 0.000000 0.000000 -1.570796 -1.570796 0.000000
  2 4.484989 -0.004008 0.000006 -0.194206 0.017229 -0.026866
  3 5.037136 -0.005101 -0.000238 -0.014936 0.133650 -0.021701
  4 6.388059 -0.005253 -0.000001 -0.185545 -0.064710 -0.345166
  5 6.146608 1.394838 0.000001 0.304837 -0.267882 0.863268
  6 -2.545043 0.996763 -2.797477 0.695590 1.186559 2.891969
  7 5.760270 -0.000012 -0.000009 -1.019617 -0.663591 0.708314
  8 10.965153 0.000065 -0.000006 0.000013 0.000002 -0.385757
  9 0.000007 -0.000004 -4.044200 -0.187326 2.818661 -0.327762
 10 -0.000007 0.000007 4.044200 -0.049517 -2.687834 -0.445146
 11 17.182070 0.000091 0.000546 0.000004 -0.000009 -2.480152
 12 16.782913 0.000650 -0.000234 0.032479 -0.085619 1.000945
 13 5.168527 5.004116 -0.000135 -0.160110 0.009537 2.417097
 14 17.182070 0.000099 0.000206 -0.000001 -0.000007 -2.310307
 15 16.782906 0.000656 -0.000113 -0.030311 0.486799 1.328107
 16 5.168479 5.004167 -0.000064 0.000011 -0.000001 2.067008
 17 -0.994219 2.696020 2.649048 -0.407729 -1.222920 2.643483
 18 5.760273 0.000016 0.000006 1.005240 0.735853 0.701947
time 95
  0 2.904167 -2.904167 -2.986530 -0.081851 -0.140975 -1.519078
  1 0.000000 0.000000 0.000000 -1.570796 -1.570796 0.000000
  2 4.484989 -0.004008 0.000006 -0.191932 0.016638 -0.026834
  3 5.037136 -0.005101 -0.000238 -0.015344 0.132889 -0.022245
  4 6.388059 -0.005253 -0.000001 -0.186360 -0.065700 -0.348615
  5 6.146608 1.394838 0.000001 0.305311 -0.269901 0.864737
  6 -2.545043 0.996763 -2.785758 0.699876 1.183210 2.893209
  7 5.760270 -0.000012 -0.000009 -1.018800 -0.656548 0.713564
  8 10.965153 0.000065 -0.000006 0.000013 0.000002 -0.391700
  9 0.000007 -0.000004 -4.044200 -0.187326 2.818661 -0.327762
 10 -0.000007 0.000007 4.044200 -0.049325 -2.687742 -0.445146
 11 17.182070 0.000091 0.000546 0.000004 -0.000009 -2.480439
 12 16.782913 0.000650 -0.000234 0.032650 -0.085990 1.000436
 13 5.168527 5.004116 -0.000135 -0.160110 0.009537 2.417489
 14 17.182070 0.000099 0.000206 -0.000001 -0.000007 -2.310512
 15 16.782906 0.000656 -0.000113 -0.030376 0.486655 1.328408
 16 5.168479 5.004167 -0.000064 0.000011 -0.000001 2.067008
 17 -0.986406 2.696020 2.649048 -0.402563 -1.222543 2.636558
 18 5.760273 0.000016 0.000006 0.996009 0.731525 0.700600
time 96
  0 2.892448 -2.892448 -2.990436 -0.081851 -0.140975 -1.519078
  1 0.000000 0.000000 0.000000 -1.570796 -1.570796 0.000000
  2 4.484989 -0.004008 0.000006 -0.189527 0.016062 -0.026769
  3 5.037136 -0.005101 -0.000238 -0.015701 0.131938 -0.022849
  4 6.388059 -0.005253 -0.000001 -0.187199 -0.066899 -0.352344
  5 6.146608 1.394838 0.000001 0.305747 -0.271840 0.866166
  6 -2.545043 1.000670 -2.785758 0.703686 1.179993 2.894449
  7 5.760270 -0.000012 -0.000009 -1.018800 -0.649230 0.719732
  8 10.965153 0.000065 -0.000006 0.000013 0.000002 -0.397953
  9 0.000007 -0.000004 -4.044200 -0.187326 2.818661 -0.327284
 10 -0.000007 0.000007 4.044200 -0.048559 -2.687558 -0.445719
 11 17.182070 0.000091 0.000546 0.000004 -0.000009 -2.480654
 12 16.782913 0.000650 -0.000234 0.032798 -0.086453 0.999621
 13 5.168527 5.004116 -0.000135 -0.160110 0.009537 2.417978
 14 17.182070 0.000099 0.000206 -0.000001 -0.000007 -2.310786
 15 16.782906 0.000656 -0.000113 -0.030376 0.486470 1.328784
 16 5.168479 5.004167 -0.000064 0.000011 -0.000001 2.067008
 17 -0.974687 2.703833 2.649048 -0.397858 -1.222165 2.630201
 18 5.760273 0.000016 0.000006 0.987118 0.726807 0.699253
time 97
  0 2.892448 -2.892448 -2.990436 -0.081851 -0.140975 -1.519078
  1 0.000000 0.000000 0.000000 -1.570796 -1.570796 0.000000
  2 4.484989 -0.004008 0.000006 -0.186992 0.015423 -0.026606
  3 5.037136 -0.005101 -0.000238 -0.015973 0.130899 -0.023544
  4 6.388059 -0.005253 -0.000001 -0.188038 -0.068155 -0.356373
  5 6.146608 1.394838 0.000001 0.306164 -0.273640 0.867516
  6 -2.552856 1.000670 -2.785758 0.707305 1.176776 2.895498
  7 5.760270 -0.000012 -0.000009 -1.018800 -0.641834 0.726613
  8 10.965153 0.000065 -0.000006 0.000013 0.000002 -0.404268
  9 0.000007 -0.000004 -4.044200 -0.187136 2.818948 -0.327093
 10 -0.000007 0.000007 4.044200 -0.047792 -2.687375 -0.446101
 11 17.182070 0.000091 0.000546 0.000004 -0.000009 -2.480941
 12 16.782913 0.000650 -0.000234 0.032994 -0.086935 0.999111
 13 5.168527 5.004116 -0.000135 -0.160110 0.009537 2.418566
 14 17.182070 0.000099 0.000206 -0.000001 -0.000007 -2.311060
 15 16.782906 0.000656 -0.000113 -0.030425 0.486285 1.329198
 16 5.168479 5.004167 -0.000064 0.000011 -0.000001 2.067008
 17 -0.962968 2.703833 2.649048 -0.393707 -1.221757 2.624129
 18 5.760273 0.000016 0.000006 0.978159 0.721798 0.697996
time 98
  0 2.892448 -2.892448 -2.998249 -0.081851 -0.140975 -1.519078
  1 0.000000 0.000000 0.000000 -1.570796 -1.570796 0.000000
  2 4.484989 -0.004008 0.000006 -0.184360 0.014784 -0.026508
  3 5.037136 -0.005101 -0.000238 -0.016109 0.129670 -0.024299
  4 6.388059 -0.005253 -0.000001 -0.188865 -0.069621 -0.360543
  5 6.146608 1.394838 0.000001 0.306562 -0.275362 0.868786
  6 -2.552856 1.008482 -2.785758 0.710734 1.173744 2.896452
  7 5.760270 -0.000012 -0.000009 -1.018800 -0.634437 0.733240
  8 10.965153 0.000065 -0.000006 0.000013 0.000002 -0.410892
  9 0.000007 -0.000004 -4.044200 -0.186757 2.819043 -0.326998
 10 -0.000007 0.000007 4.044200 -0.047025 -2.687099 -0.446675
 11 17.182070 0.000091 0.000546 0.000004 -0.000009 -2.481443
 12 16.782913 0.000650 -0.000234 0.033165 -0.087528 0.998296
 13 5.168527 5.004116 -0.000135 -0.160110 0.009537 2.419186
 14 17.182070 0.000099 0.000206 -0.000001 -0.000007 -2.311471
 15 16.782906 0.000656 -0.000113 -0.030441 0.486038 1.329725
 16 5.168479 5.004167 -0.000064 0.000011 -0.000001 2.067008
 17 -0.955155 2.703833 2.649048 -0.389648 -1.221348 2.618531
 18 5.760273 0.000016 0.000006 0.969811 0.716546 0.696739
time 99
  0 2.884635 -2.884635 -3.002155 -0.081851 -0.140975 -1.519078
  1 0.000000 0.000000 0.000000 -1.570796 -1.570796 0.000000
  2 4.484989 -0.004008 0.000006 -0.181728 0.014208 -0.026280
  3 5.037136 -0.005101 -0.000238 -0.016195 0.128382 -0.025055
  4 6.388059 -0.005253 -0.000001 -0.189668 -0.071029 -0.364783
  5 6.146608 1.394838 0.000001 0.306922 -0.276965 0.869858
  6 -2.556763 1.008482 -2.785758 0.713877 1.170817 2.897501
  7 5.760270 -0.000012 -0.000009 -1.019685 -0.627159 0.740478
  8 10.965153 0.000065 -0.000006 0.000013 0.000002 -0.417702
  9 0.000007 -0.000004 -4.044200 -0.186472 2.819043 -0.326998
 10 -0.000007 0.000007 4.044200 -0.046258 -2.686823 -0.447535
 11 17.182070 0.000091 0.000546 0.000004 -0.000009 -2.481873
 12 16.782913 0.000650 -0.000234 0.033411 -0.088158 0.997413
 13 5.168527 5.004116 -0.000135 -0.160110 0.009537 2.419904
 14 17.182070 0.000099 0.000206 -0.000001 -0.000007 -2.311814
 15 16.782906 0.000656 -0.000113 -0.030506 0.485812 1.330177
 16 5.168479 5.004167 -0.000064 0.000011 -0.000001 2.067008
 17 -0.955155 2.715552 2.649048 -0.385773 -1.220908 2.613598
 18 5.760273 0.000016 0.000006 0.961395 0.711148 0.695751
time 100
  0 2.872916 -2.872916 -3.009968 -0.081851 -0.140975 -1.519078
  1 0.000000 0.000000 0.000000 -1.570796 -1.570796 0.000000
  2 4.484989 -0.004008 0.000006 -0.179063 0.013489 -0.026150
  3 5.037136 -0.005101 -0.000238 -0.016126 0.126992 -0.025871
  4 6.388059 -0.005253 -0.000001 -0.190411 -0.072609 -0.369076
  5 6.146608 1.394838 0.000001 0.307263 -0.278429 0.871049
  6 -2.556763 1.008482 -2.774039 0.716734 1.168180 2.898169
  7 5.760270 -0.000012 -0.000009 -1.020502 -0.620156 0.747258
  8 10.965153 0.000065 -0.000006 0.000013 0.000002 -0.424513
  9 0.000007 -0.000004 -4.044200 -0.185998 2.819139 -0.326902
 10 -0.000007 0.000007 4.044200 -0.044916 -2.686548 -0.448204
 11 17.182070 0.000091 0.000546 0.000004 -0.000009 -2.482303
 12 16.782913 0.000650 -0.000234 0.033680 -0.088825 0.996462
 13 5.168527 5.004116 -0.000135 -0.160110 0.009537 2.420655
 14 17.182070 0.000099 0.000206 -0.000001 -0.000007 -2.312225
 15 16.782906 0.000656 -0.000113 -0.030555 0.485565 1.330892
 16 5.168479 5.004167 -0.000064 0.000011 -0.000001 2.067008
 17 -0.943436 2.715552 2.649048 -0.382452 -1.220436 2.608854
 18 5.760273 0.000016 0.000006 0.953862 0.705702 0.694584
time 101
  0 2.861197 -2.861197 -3.017781 -0.081851 -0.140975 -1.519078
  1 0.000000 0.000000 0.000000 -1.570796 -1.570796 0.000000
  2 4.484989 -0.004008 0.000006 -0.176463 0.012946 -0.025922
  3 5.037136 -0.005101 -0.000238 -0.015990 0.125515 -0.026656
  4 6.388059 -0.005253 -0.000001 -0.191094 -0.074074 -0.373316
  5 6.146608 1.394838 0.000001 0.307567 -0.279774 0.871962
  6 -2.556763 1.012389 -2.774039 0.719401 1.165675 2.898932
  7 5.760270 -0.000012 -0.000009 -1.021387 -0.613506 0.754598
  8 10.965153 0.000065 -0.000006 0.000013 0.000002 -0.431075
  9 0.000007 -0.000004 -4.044200 -0.185808 2.819139 -0.326329
 10 -0.000007 0.000007 4.044200 -0.044054 -2.686272 -0.449064
 11 17.182070 0.000091 0.000546 0.000004 -0.000009 -2.482805
 12 16.782913 0.000650 -0.000234 0.033926 -0.089548 0.995409
 13 5.168527 5.004116 -0.000135 -0.160110 0.009537 2.421503
 14 17.182070 0.000099 0.000206 -0.000001 -0.000007 -2.312636
 15 16.782906 0.000656 -0.000113 -0.030603 0.485257 1.331494
 16 5.168479 5.004167 -0.000064 0.000011 -0.000001 2.067008
 17 -0.935623 2.715552 2.641235 -0.379500 -1.219965 2.604585
 18 5.760273 0.000016 0.000006 0.946667 0.700206 0.693686
time 102
  0 2.861197 -2.861197 -3.021687 -0.081851 -0.140975 -1.519078
  1 0.000000 0.000000 0.000000 -1.570796 -1.570796 0.000000
  2 4.484989 -0.004008 0.000006 -0.173928 0.012338 -0.025662
  3 5.037136 -0.005101 -0.000238 -0.015752 0.124037 -0.027442
  4 6.388059 -0.005253 -0.000001 -0.191718 -0.075673 -0.377433
  5 6.146608 1.394838 0.000001 0.307832 -0.280981 0.872875
  6 -2.556763 1.012389 -2.774039 0.721782 1.163381 2.899409
  7 5.760270 -0.000012 -0.000009 -1.022340 -0.607330 0.761327
  8 10.965153 0.000065 -0.000006 0.000013 0.000002 -0.437266
  9 0.000007 -0.000004 -4.044200 -0.185713 2.819139 -0.326329
 10 -0.000007 0.000007 4.044200 -0.042808 -2.685905 -0.449447
 11 17.182070 0.000091 0.000546 0.000004 -0.000009 -2.483307
 12 16.782913 0.000650 -0.000234 0.034244 -0.090326 0.994323
 13 5.168527 5.004116 -0.000135 -0.160110 0.009537 2.422384
 14 17.182070 0.000099 0.000206 -0.000001 -0.000007 -2.313116
 15 16.782906 0.000656 -0.000113 -0.030620 0.484969 1.332096
 16 5.168479 5.004167 -0.000064 0.000011 -0.000001 2.067008
 17 -0.931717 2.715552 2.641235 -0.377009 -1.219493 2.600790
 18 5.760273 0.000016 0.000006 0.939880 0.694711 0.692833
time 103
  0 2.857291 -2.857291 -3.029500 -0.081851 -0.140975 -1.519078
  1 0.000000 0.000000 0.000000 -1.570796 -1.570796 0.000000
  2 4.484989 -0.004008 0.000006 -0.171556 0.011699 -0.025434
  3 5.037136 -0.005101 -0.000238 -0.015378 0.122530 -0.028197
  4 6.388059 -0.005253 -0.000001 -0.192281 -0.077215 -0.381374
  5 6.146608 1.394838 0.000001 0.308078 -0.282050 0.873669
  6 -2.556763 1.012389 -2.774039 0.723687 1.161377 2.899981
  7 5.760270 -0.000012 -0.000009 -1.023429 -0.601821 0.767750
  8 10.965153 0.000065 -0.000006 0.000013 0.000002 -0.442962
  9 0.000007 -0.000004 -4.044200 -0.185239 2.819139 -0.326042
 10 -0.000007 0.000007 4.044200 -0.041754 -2.685629 -0.450594
 11 17.182070 0.000091 0.000546 0.000004 -0.000009 -2.483809
 12 16.782913 0.000650 -0.000234 0.034539 -0.091160 0.992930
 13 5.168527 5.004116 -0.000135 -0.160110 0.009537 2.423298
 14 17.182070 0.000099 0.000206 -0.000001 -0.000007 -2.313664
 15 16.782906 0.000656 -0.000113 -0.030685 0.484640 1.332736
 16 5.168479 5.004167 -0.000064 0.000011 -0.000001 2.067008
 17 -0.923904 2.727271 2.641235 -0.374426 -1.218959 2.597469
 18 5.760273 0.000016 0.000006 0.934043 0.689410 0.691980
time 104
  0 2.849478 -2.849478 -3.037313 -0.081851 -0.140975 -1.519078
  1 0.000000 0.000000 0.000000 -1.570796 -1.570796 0.000000
  2 4.484989 -0.004008 0.000006 -0.169314 0.011204 -0.025238
  3 5.037136 -0.005101 -0.000238 -0.014953 0.121052 -0.028892
  4 6.388059 -0.005253 -0.000001 -0.192568 -0.078604 -0.385104
  5 6.146608 1.394838 0.000001 0.308287 -0.282960 0.874344
  6 -2.556763 1.020202 -2.766226 0.725306 1.159716 2.900458
  7 5.760270 -0.000012 -0.000009 -1.024586 -0.597061 0.773918
  8 10.965153 0.000065 -0.000006 0.000013 0.000002 -0.448348
  9 0.000007 -0.000004 -4.044200 -0.184670 2.819139 -0.325660
 10 -0.000007 0.000007 4.044200 -0.040220 -2.685261 -0.451263
 11 17.182070 0.000091 0.000546 0.000004 -0.000009 -2.484311
 12 16.782913 0.000650 -0.000234 0.034858 -0.092031 0.991741
 13 5.168527 5.004116 -0.000135 -0.160110 0.009537 2.424245
 14 17.182070 0.000099 0.000206 -0.000001 -0.000007 -2.314281
 15 16.782906 0.000656 -0.000113 -0.030750 0.484311 1.333489
 16 5.168479 5.004167 -0.000064 0.000011 -0.000001 2.067008
 17 -0.923904 2.727271 2.641235 -0.372581 -1.218425 2.594433
 18 5.760273 0.000016 0.000006 0.928817 0.684255 0.691127
time 105
  0 2.837759 -2.837759 -3.041219 -0.081851 -0.140975 -1.519078
  1 0.000000 0.000000 0.000000 -1.570796 -1.570796 0.000000
  2 4.484989 -0.004008 0.000006 -0.167299 0.010612 -0.025011
  3 5.037136 -0.005101 -0.000238 -0.014409 0.119618 -0.029527
  4 6.388059 -0.005253 -0.000001 -0.192904 -0.079974 -0.388482
  5 6.146608 1.394838 0.000001 0.308457 -0.283732 0.874860
  6 -2.564575 1.020202 -2.766226 0.726830 1.158371 2.900744
  7 5.760270 -0.000012 -0.000009 -1.025675 -0.593245 0.779678
  8 10.965153 0.000065 -0.000006 0.000013 0.000002 -0.453177
  9 0.000007 -0.000004 -4.044200 -0.184290 2.819712 -0.325469
 10 -0.000007 0.000007 4.044200 -0.039453 -2.684894 -0.452219
 11 17.182070 0.000091 0.000546 0.000004 -0.000009 -2.484956
 12 16.782913 0.000650 -0.000234 0.035225 -0.092865 0.990655
 13 5.168527 5.004116 -0.000135 -0.160110 0.009537 2.425256
 14 17.182070 0.000099 0.000206 -0.000001 -0.000007 -2.314829
 15 16.782906 0.000656 -0.000113 -0.030815 0.483941 1.334204
 16 5.168479 5.004167 -0.000064 0.000011 -0.000001 2.067008
 17 -0.923904 2.727271 2.641235 -0.371013 -1.217890 2.592346
 18 5.760273 0.000016 0.000006 0.924473 0.679343 0.690229
time 106
  0 2.829946 -2.829946 -3.052938 -0.081851 -0.140975 -1.519078
  1 0.000000 0.000000 0.000000 -1.570796 -1.570796 0.000000
  2 4.484989 -0.004008 0.000006 -0.165544 0.010165 -0.024783
  3 5.037136 -0.005101 -0.000238 -0.013695 0.118213 -0.030101
  4 6.388059 -0.005253 -0.000001 -0.193000 -0.081345 -0.391508
  5 6.146608 1.394838 0.000001 0.308590 -0.284326 0.875376
  6 -2.564575 1.020202 -2.766226 0.727973 1.157369 2.900935
  7 5.760270 -0.000012 -0.000009 -1.026696 -0.590451 0.785132
  8 10.965153 0.000065 -0.000006 0.000013 0.000002 -0.457263
  9 0.000007 -0.000004 -4.044200 -0.183816 2.819712 -0.325469
 10 -0.000007 0.000007 4.044200 -0.037920 -2.684618 -0.453174
 11 17.182070 0.000091 0.000546 0.000004 -0.000009 -2.485458
 12 16.782913 0.000650 -0.000234 0.035569 -0.093773 0.989126
 13 5.168527 5.004116 -0.000135 -0.160110 0.009537 2.426301
 14 17.182070 0.000099 0.000206 -0.000001 -0.000007 -2.315309
 15 16.782906 0.000656 -0.000113 -0.030864 0.483571 1.334919
 16 5.168479 5.004167 -0.000064 0.000011 -0.000001 2.067008
 17 -0.912185 2.727271 2.641235 -0.369629 -1.217293 2.590259
 18 5.760273 0.000016 0.000006 0.920944 0.674772 0.689645
time 107
  0 2.818227 -2.818227 -3.052938 -0.081851 -0.140975 -1.519078
  1 0.000000 0.000000 0.000000 -1.570796 -1.570796 0.000000
  2 4.484989 -0.004008 0.000006 -0.164049 0.009701 -0.024685
  3 5.037136 -0.005101 -0.000238 -0.012895 0.116940 -0.030554
  4 6.388059 -0.005253 -0.000001 -0.192928 -0.082544 -0.394077
  5 6.146608 1.394838 0.000001 0.308685 -0.284761 0.875654
  6 -2.564575 1.020202 -2.766226 0.728735 1.156789 2.901221
  7 5.760270 -0.000012 -0.000009 -1.028330 -0.588838 0.789465
  8 10.965153 0.000065 -0.000006 0.000013 0.000002 -0.460482
  9 0.000007 -0.000004 -4.044200 -0.183721 2.819712 -0.324705
 10 -0.000007 0.000007 4.044200 -0.036386 -2.684159 -0.454035
 11 17.182070 0.000091 0.000546 0.000004 -0.000009 -2.486175
 12 16.782913 0.000650 -0.000234 0.035937 -0.094755 0.987938
 13 5.168527 5.004116 -0.000135 -0.160110 0.009537 2.427378
 14 17.182070 0.000099 0.000206 -0.000001 -0.000007 -2.315994
 15 16.782906 0.000656 -0.000113 -0.030929 0.483201 1.335747
 16 5.168479 5.004167 -0.000064 0.000011 -0.000001 2.067008
 17 -0.912185 2.727271 2.641235 -0.368614 -1.216696 2.588930
 18 5.760273 0.000016 0.000006 0.918365 0.670590 0.688927
time 108
  0 2.806508 -2.806508 -3.064657 -0.081851 -0.140975 -1.519078
  1 0.000000 0.000000 0.000000 -1.570796 -1.570796 0.000000
  2 4.484989 -0.004008 0.000006 -0.162912 0.009350 -0.024490
  3 5.037136 -0.005101 -0.000238 -0.012028 0.115741 -0.030917
  4 6.388059 -0.005253 -0.000001 -0.192592 -0.083476 -0.396100
  5 6.146608 1.394838 0.000001 0.308742 -0.285018 0.875892
  6 -2.564575 1.020202 -2.766226 0.729116 1.156631 2.901412
  7 5.760270 -0.000012 -0.000009 -1.029555 -0.588563 0.793339
  8 10.965153 0.000065 -0.000006 0.000013 0.000002 -0.462649
  9 0.000007 -0.000004 -4.044200 -0.182772 2.819999 -0.324514
 10 -0.000007 0.000007 4.044200 -0.034949 -2.683792 -0.455277
 11 17.182070 0.000091 0.000546 0.000004 -0.000009 -2.486749
 12 16.782913 0.000650 -0.000234 0.036354 -0.095719 0.986579
 13 5.168527 5.004116 -0.000135 -0.160110 0.009537 2.428455
 14 17.182070 0.000099 0.000206 -0.000001 -0.000007 -2.316406
 15 16.782906 0.000656 -0.000113 -0.030994 0.482810 1.336575
 16 5.168479 5.004167 -0.000064 0.000011 -0.000001 2.067008
 17 -0.912185 2.727271 2.641235 -0.368245 -1.216099 2.588077
 18 5.760273 0.000016 0.000006 0.916804 0.666894 0.688074
time 109
  0 2.798695 -2.798695 -3.072470 -0.081851 -0.140975 -1.519078
  1 0.000000 0.000000 0.000000 -1.570796 -1.570796 0.000000
  2 4.484989 -0.004008 0.000006 -0.162132 0.008982 -0.024425
  3 5.037136 -0.005101 -0.000238 -0.011025 0.114702 -0.031128
  4 6.388059 -0.005253 -0.000001 -0.192221 -0.084390 -0.397578
  5 6.146608 1.394838 0.000001 0.308761 -0.285097 0.875892
  6 -2.564575 1.020202 -2.766226 0.729116 1.156921 2.901412
  7 5.760270 -0.000012 -0.000009 -1.030508 -0.589743 0.795837
  8 10.965153 0.000065 -0.000006 0.000013 0.000002 -0.463887
  9 0.000007 -0.000004 -4.044200 -0.182678 2.820094 -0.324227
 10 -0.000007 0.000007 4.044200 -0.033415 -2.683424 -0.456137
 11 17.182070 0.000091 0.000546 0.000004 -0.000009 -2.487394
 12 16.782913 0.000650 -0.000234 0.036721 -0.096701 0.985051
 13 5.168527 5.004116 -0.000135 -0.160110 0.009537 2.429564
 14 17.182070 0.000099 0.000206 -0.000001 -0.000007 -2.317159
 15 16.782906 0.000656 -0.000113 -0.031108 0.482440 1.337478
 16 5.168479 5.004167 -0.000064 0.000011 -0.000001 2.067008
 17 -0.912185 2.727271 2.641235 -0.367876 -1.215438 2.587792
 18 5.760273 0.000016 0.000006 0.916261 0.663733 0.687490
time 110
  0 2.786976 -2.786976 -3.084189 -0.081851 -0.140975 -1.519078
  1 0.000000 0.000000 0.000000 -1.570796 -1.570796 0.000000
  2 4.484989 -0.004008 0.000006 -0.161807 0.008694 -0.024360
  3 5.037136 -0.005101 -0.000238 -0.009851 0.113795 -0.031189
  4 6.388059 -0.005253 -0.000001 -0.191562 -0.085056 -0.398352
  5 6.146608 1.394838 0.000001 0.308723 -0.284979 0.875773
  6 -2.564575 1.020202 -2.766226 0.728735 1.157580 2.901221
  7 5.760270 -0.000012 -0.000009 -1.031393 -0.592182 0.797723
  8 10.965153 0.000065 -0.000006 0.000013 0.000002 -0.464073
  9 0.000007 -0.000004 -4.044200 -0.182108 2.820285 -0.323941
 10 -0.000007 0.000007 4.044200 -0.031977 -2.683057 -0.456998
 11 17.182070 0.000091 0.000546 0.000004 -0.000009 -2.487896
 12 16.782913 0.000650 -0.000234 0.037114 -0.097720 0.983692
 13 5.168527 5.004116 -0.000135 -0.160110 0.009537 2.430707
 14 17.182070 0.000099 0.000206 -0.000001 -0.000007 -2.317708
 15 16.782906 0.000656 -0.000113 -0.031173 0.482029 1.338306
 16 5.168479 5.004167 -0.000064 0.000011 -0.000001 2.067008
 17 -0.912185 2.727271 2.641235 -0.368153 -1.214715 2.588077
 18 5.760273 0.000016 0.000006 0.915718 0.661399 0.686772
time 111
  0 2.775257 -2.775257 -3.095908 -0.081851 -0.140975 -1.519078
  1 0.000000 0.000000 0.000000 -1.570796 -1.570796 0.000000
  2 4.484989 -0.004008 0.000006 -0.161807 0.008455 -0.024327
  3 5.037136 -0.005101 -0.000238 -0.008644 0.112990 -0.031128
  4 6.388059 -0.005253 -0.000001 -0.190675 -0.085570 -0.398651
  5 6.146608 1.394838 0.000001 0.308666 -0.284662 0.875614
  6 -2.564575 1.020202 -2.766226 0.727973 1.158582 2.901221
  7 5.760270 -0.000012 -0.000009 -1.032414 -0.595527 0.799252
  8 10.965153 0.000065 -0.000006 0.000013 0.000002 -0.464073
  9 0.000007 -0.000004 -4.044200 -0.181444 2.820285 -0.323845
 10 -0.000007 0.000007 4.044200 -0.030444 -2.682689 -0.458049
 11 17.182070 0.000091 0.000546 0.000004 -0.000009 -2.488613
 12 16.782913 0.000650 -0.000234 0.037580 -0.098758 0.982164
 13 5.168527 5.004116 -0.000135 -0.160110 0.009537 2.431849
 14 17.182070 0.000099 0.000206 -0.000001 -0.000007 -2.318461
 15 16.782906 0.000656 -0.000113 -0.031238 0.481638 1.339134
 16 5.168479 5.004167 -0.000064 0.000011 -0.000001 2.067008
 17 -0.912185 2.727271 2.641235 -0.368614 -1.213961 2.588930
 18 5.760273 0.000016 0.000006 0.915718 0.659551 0.685874
time 112
  0 2.763538 -2.763538 -3.103721 -0.081851 -0.140975 -1.519078
  1 0.000000 0.000000 0.000000 -1.570796 -1.570796 0.000000
  2 4.484989 -0.004008 0.000006 -0.162034 0.008279 -0.024327
  3 5.037136 -0.005101 -0.000238 -0.007113 0.112156 -0.030977
  4 6.388059 -0.005253 -0.000001 -0.189464 -0.085989 -0.398581
  5 6.146608 1.394838 0.000001 0.308552 -0.284147 0.875257
  6 -2.564575 1.020202 -2.766226 0.726830 1.159927 2.900935
  7 5.760270 -0.000012 -0.000009 -1.033163 -0.599697 0.799864
  8 10.965153 0.000065 -0.000006 0.000013 0.000002 -0.463887
  9 0.000007 -0.000004 -4.044200 -0.181160 2.820285 -0.323750
 10 -0.000007 0.000007 4.044200 -0.028910 -2.682230 -0.459196
 11 17.182070 0.000091 0.000546 0.000004 -0.000009 -2.489330
 12 16.782913 0.000650 -0.000234 0.037997 -0.099777 0.980534
 13 5.168527 5.004116 -0.000135 -0.160110 0.009537 2.432991
 14 17.182070 0.000099 0.000206 -0.000001 -0.000007 -2.319078
 15 16.782906 0.000656 -0.000113 -0.031303 0.481227 1.340075
 16 5.168479 5.004167 -0.000064 0.000011 -0.000001 2.067008
 17 -0.923904 2.727271 2.641235 -0.369906 -1.213144 2.590259
 18 5.760273 0.000016 0.000006 0.916261 0.658043 0.685021
time 113
  0 2.755725 -2.755725 -3.103721 -0.081851 -0.140975 -1.519078
  1 0.000000 0.000000 0.000000 -1.570796 -1.570796 0.000000
  2 4.484989 -0.004008 0.000006 -0.162489 0.008039 -0.024360
  3 5.037136 -0.005101 -0.000238 -0.005464 0.111351 -0.030705
  4 6.388059 -0.005253 -0.000001 -0.188134 -0.086331 -0.398176
  5 6.146608 1.394838 0.000001 0.308382 -0.283435 0.874701
  6 -2.564575 1.020202 -2.766226 0.725306 1.161509 2.900458
  7 5.760270 -0.000012 -0.000009 -1.033503 -0.604694 0.800781
  8 10.965153 0.000065 -0.000006 0.000013 0.000002 -0.463144
  9 0.000007 -0.000004 -4.044200 -0.180591 2.820285 -0.323081
 10 -0.000007 0.000007 4.044200 -0.027473 -2.681862 -0.460152
 11 17.182070 0.000091 0.000546 0.000004 -0.000009 -2.489832
 12 16.782913 0.000650 -0.000234 0.038414 -0.100815 0.979277
 13 5.168527 5.004116 -0.000135 -0.160110 0.009537 2.434134
 14 17.182070 0.000099 0.000206 -0.000001 -0.000007 -2.319626
 15 16.782906 0.000656 -0.000113 -0.031368 0.480816 1.340902
 16 5.168479 5.004167 -0.000064 0.000011 -0.000001 2.067008
 17 -0.923904 2.727271 2.641235 -0.371474 -1.212264 2.592441
 18 5.760273 0.000016 0.000006 0.916804 0.656779 0.684033
time 114
  0 2.744006 -2.744006 -3.115440 -0.081851 -0.140975 -1.519078
  1 0.000000 0.000000 0.000000 -1.570796 -1.570796 0.000000
  2 4.484989 -0.004008 0.000006 -0.163172 0.007799 -0.024392
  3 5.037136 -0.005101 -0.000238 -0.003559 0.110561 -0.030373
  4 6.388059 -0.005253 -0.000001 -0.186708 -0.086712 -0.397455
  5 6.146608 1.394838 0.000001 0.308173 -0.282505 0.874026
  6 -2.556763 1.012389 -2.766226 0.723687 1.163434 2.899981
  7 5.760270 -0.000012 -0.000009 -1.034388 -0.610398 0.801138
  8 10.965153 0.000065 -0.000006 0.000013 0.000002 -0.462030
  9 0.000007 -0.000004 -4.044200 -0.180401 2.820763 -0.322699
 10 -0.000007 0.000007 4.044200 -0.025939 -2.681403 -0.461108
 11 17.182070 0.000091 0.000546 0.000004 -0.000009 -2.490549
 12 16.782913 0.000650 -0.000234 0.038831 -0.101834 0.977579
 13 5.168527 5.004116 -0.000135 -0.160110 0.009537 2.435276
 14 17.182070 0.000099 0.000206 -0.000001 -0.000007 -2.320243
 15 16.782906 0.000656 -0.000113 -0.031465 0.480425 1.341730
 16 5.168479 5.004167 -0.000064 0.000011 -0.000001 2.067008
 17 -0.923904 2.727271 2.641235 -0.373319 -1.211321 2.595002
 18 5.760273 0.000016 0.000006 0.917890 0.655806 0.682776
time 115
  0 2.732287 -2.732287 -3.127159 -0.081851 -0.140975 -1.519078
  1 0.000000 0.000000 0.000000 -1.570796 -1.570796 0.000000
  2 4.484989 -0.004008 0.000006 -0.164049 0.007592 -0.024425
  3 5.037136 -0.005101 -0.000238 -0.001638 0.109756 -0.029980
  4 6.388059 -0.005253 -0.000001 -0.184934 -0.086921 -0.396452
  5 6.146608 1.394838 0.000001 0.307927 -0.281357 0.873153
  6 -2.556763 1.012389 -2.774039 0.721401 1.165675 2.899409
  7 5.760270 -0.000012 -0.000009 -1.034933 -0.616811 0.801240
  8 10.965153 0.000065 -0.000006 0.000013 0.000002 -0.460668
  9 0.000007 -0.000004 -4.044200 -0.179737 2.820858 -0.322412
 10 -0.000007 0.000007 4.044200 -0.024406 -2.681036 -0.462255
 11 17.182070 0.000091 0.000546 0.000004 -0.000009 -2.491194
 12 16.782913 0.000650 -0.000234 0.039247 -0.102872 0.976288
 13 5.168527 5.004116 -0.000135 -0.160110 0.009537 2.436418
 14 17.182070 0.000099 0.000206 -0.000001 -0.000007 -2.320928
 15 16.782906 0.000656 -0.000113 -0.031547 0.480014 1.342709
 16 5.168479 5.004167 -0.000064 0.000011 -0.000001 2.067008
 17 -0.931717 2.715552 2.641235 -0.375902 -1.210283 2.598702
 18 5.760273 0.000016 0.000006 0.919383 0.655028 0.681115
time 116
  0 2.720568 -2.720568 -3.138878 -0.081851 -0.140975 -1.519078
  1 0.000000 0.000000 0.000000 -1.570796 -1.570796 0.000000
  2 4.484989 -0.004008 0.000006 -0.165057 0.007464 -0.024490
  3 5.037136 -0.005101 -0.000238 0.000369 0.108966 -0.029527
  4 6.388059 -0.005253 -0.000001 -0.183149 -0.087283 -0.395238
  5 6.146608 1.394838 0.000001 0.307604 -0.279972 0.872121
  6 -2.556763 1.012389 -2.774039 0.718639 1.168180 2.898741
  7 5.760270 -0.000012 -0.000009 -1.035341 -0.623814 0.801036
  8 10.965153 0.000065 -0.000006 0.000013 0.000002 -0.459182
  9 0.000007 -0.000004 -4.044200 -0.179547 2.820858 -0.322316
 10 -0.000007 0.000007 4.044200 -0.022776 -2.680668 -0.463210
 11 17.182070 0.000091 0.000546 0.000004 -0.000009 -2.491768
 12 16.782913 0.000650 -0.000234 0.039713 -0.103891 0.974624
 13 5.168527 5.004116 -0.000135 -0.160110 0.009537 2.437560
 14 17.182070 0.000099 0.000206 -0.000001 -0.000007 -2.321545
 15 16.782906 0.000656 -0.000113 -0.031612 0.479603 1.343537
 16 5.168479 5.004167 -0.000064 0.000011 -0.000001 2.067008
 17 -0.935623 2.715552 2.641235 -0.378762 -1.209183 2.602687
 18 5.760273 0.000016 0.000006 0.921012 0.654493 0.679813
time 117
  0 2.712755 -2.712755 -3.146691 -0.081851 -0.140975 -1.519078
  1 0.000000 0.000000 0.000000 -1.570796 -1.570796 0.000000
  2 4.484989 -0.004008 0.000006 -0.166259 0.007288 -0.024620
  3 5.037136 -0.005101 -0.000238 0.002631 0.108161 -0.029013
  4 6.388059 -0.005253 -0.000001 -0.181243 -0.087397 -0.393760
  5 6.146608 1.394838 0.000001 0.307244 -0.278370 0.870930
  6 -2.556763 1.008482 -2.774039 0.715496 1.170896 2.897978
  7 5.760270 -0.000012 -0.000009 -1.035341 -0.631368 0.800220
  8 10.965153 0.000065 -0.000006 0.000013 0.000002 -0.457263
  9 0.000007 -0.000004 -4.044200 -0.179073 2.820858 -0.322221
 10 -0.000007 0.000007 4.044200 -0.021435 -2.680300 -0.464166
 11 17.182070 0.000091 0.000546 0.000004 -0.000009 -2.492413
 12 16.782913 0.000650 -0.000234 0.040106 -0.104874 0.973367
 13 5.168527 5.004116 -0.000135 -0.160110 0.009537 2.438670
 14 17.182070 0.000099 0.000206 -0.000001 -0.000007 -2.322093
 15 16.782906 0.000656 -0.000113 -0.031677 0.479212 1.344252
 16 5.168479 5.004167 -0.000064 0.000011 -0.000001 2.067008
 17 -0.943436 2.715552 2.649048 -0.382452 -1.207989 2.607431
 18 5.760273 0.000016 0.000006 0.922641 0.654104 0.678107
time 118
  0 2.701036 -2.701036 -3.150597 -0.081851 -0.140975 -1.519078
  1 0.000000 0.000000 0.000000 -1.570796 -1.570796 0.000000
  2 4.484989 -0.004008 0.000006 -0.167591 0.007128 -0.024718
  3 5.037136 -0.005101 -0.000238 0.004978 0.107400 -0.028439
  4 6.388059 -0.005253 -0.000001 -0.179194 -0.087530 -0.392071
  5 6.146608 1.394838 0.000001 0.306827 -0.276510 0.869620
  6 -2.556763 1.008482 -2.785758 0.711972 1.173902 2.896929
  7 5.760270 -0.000012 -0.000009 -1.036022 -0.639434 0.799507
  8 10.965153 0.000065 -0.000006 0.000013 0.000002 -0.455096
  9 0.000007 -0.000004 -4.044200 -0.178219 2.821241 -0.321648
 10 -0.000007 0.000007 4.044200 -0.019901 -2.679841 -0.465313
 11 17.182070 0.000091 0.000546 0.000004 -0.000009 -2.492915
 12 16.782913 0.000650 -0.000234 0.040572 -0.105874 0.971737
 13 5.168527 5.004116 -0.000135 -0.160110 0.009537 2.439747
 14 17.182070 0.000099 0.000206 -0.000001 -0.000007 -2.322710
 15 16.782906 0.000656 -0.000113 -0.031774 0.478842 1.345080
 16 5.168479 5.004167 -0.000064 0.000011 -0.000001 2.067008
 17 -0.955155 2.715552 2.649048 -0.386142 -1.206731 2.612934
 18 5.760273 0.000016 0.000006 0.924745 0.653958 0.676356
time 119
  0 2.689317 -2.689317 -3.158410 -0.081851 -0.140975 -1.519078
  1 0.000000 0.000000 0.000000 -1.570796 -1.570796 0.000000
  2 4.484989 -0.004008 0.000006 -0.169054 0.006968 -0.024750
  3 5.037136 -0.005101 -0.000238 0.007273 0.106640 -0.027835
  4 6.388059 -0.005253 -0.000001 -0.176976 -0.087740 -0.390206
  5 6.146608 1.394838 0.000001 0.306353 -0.274412 0.868032
  6 -2.552856 1.008482 -2.785758 0.708067 1.177198 2.895689
  7 5.760270 -0.000012 -0.000009 -1.036226 -0.647932 0.798844
  8 10.965153 0.000065 -0.000006 0.000013 0.000002 -0.452496
  9 0.000007 -0.000004 -4.044200 -0.178219 2.821336 -0.321457
 10 -0.000007 0.000007 4.044200 -0.018463 -2.679474 -0.466173
 11 17.182070 0.000091 0.000546 0.000004 -0.000009 -2.493489
 12 16.782913 0.000650 -0.000234 0.040989 -0.106856 0.970548
 13 5.168527 5.004116 -0.000135 -0.160110 0.009537 2.440824
 14 17.182070 0.000099 0.000206 -0.000001 -0.000007 -2.323258
 15 16.782906 0.000656 -0.000113 -0.031840 0.478431 1.345908
 16 5.168479 5.004167 -0.000064 0.000011 -0.000001 2.067008
 17 -0.962968 2.703833 2.649048 -0.390755 -1.205348 2.618911
 18 5.760273 0.000016 0.000006 0.927188 0.653909 0.674650
time 120
  0 2.689317 -2.689317 -3.170129 -0.081851 -0.140975 -1.519078
  1 0.000000 0.000000 0.000000 -1.570796 -1.570796 0.000000
  2 4.484989 -0.004008 0.000006 -0.170614 0.006856 -0.024880
  3 5.037136 -0.005101 -0.000238 0.009739 0.105893 -0.027231
  4 6.388059 -0.005253 -0.000001 -0.174783 -0.087835 -0.388218
  5 6.146608 1.394838 0.000001 0.305804 -0.272057 0.866325
  6 -2.545043 1.000670 -2.785758 0.703686 1.180705 2.894449
  7 5.760270 -0.000012 -0.000009 -1.036226 -0.656824 0.797519
  8 10.965153 0.000065 -0.000006 0.000013 0.000002 -0.449896
  9 0.000007 -0.000004 -4.044200 -0.177555 2.821432 -0.321170
 10 -0.000007 0.000007 4.044200 -0.017409 -2.679198 -0.467129
 11 17.182070 0.000091 0.000546 0.000004 -0.000009 -2.494206
 12 16.782913 0.000650 -0.000234 0.041357 -0.107802 0.968986
 13 5.168527 5.004116 -0.000135 -0.160110 0.009537 2.441868
 14 17.182070 0.000099 0.000206 -0.000001 -0.000007 -2.323875
 15 16.782906 0.000656 -0.000113 -0.031921 0.478040 1.346623
 16 5.168479 5.004167 -0.000064 0.000011 -0.000001 2.067008
 17 -0.974687 2.703833 2.649048 -0.395644 -1.203871 2.625932
 18 5.760273 0.000016 0.000006 0.929428 0.654055 0.672899
time 121
  0 2.677598 -2.677598 -3.177942 -0.081851 -0.140975 -1.519078
  1 0.000000 0.000000 0.000000 -1.570796 -1.570796 0.000000
  2 4.484989 -0.004008 0.000006 -0.172238 0.006745 -0.024978
  3 5.037136 -0.005101 -0.000238 0.012256 0.105133 -0.026596
  4 6.388059 -0.005253 -0.000001 -0.172554 -0.087930 -0.386107
  5 6.146608 1.394838 0.000001 0.305197 -0.269445 0.864340
  6 -2.545043 0.996763 -2.785758 0.698733 1.184502 2.892732
  7 5.760270 -0.000012 -0.000009 -1.036226 -0.665991 0.795786
  8 10.965153 0.000065 -0.000006 0.000013 0.000002 -0.447048
  9 0.000007 -0.000004 -4.044200 -0.176986 2.821432 -0.320788
 10 -0.000007 0.000007 4.044200 -0.015971 -2.678831 -0.467989
 11 17.182070 0.000091 0.000546 0.000004 -0.000009 -2.494636
 12 16.782913 0.000650 -0.000234 0.041773 -0.108710 0.967797
 13 5.168527 5.004116 -0.000135 -0.160110 0.009537 2.442880
 14 17.182070 0.000099 0.000206 -0.000001 -0.000007 -2.324423
 15 16.782906 0.000656 -0.000113 -0.031986 0.477732 1.347376
 16 5.168479 5.004167 -0.000064 0.000011 -0.000001 2.067008
 17 -0.986406 2.696020 2.649048 -0.401087 -1.202299 2.633427
 18 5.760273 0.000016 0.000006 0.932007 0.654298 0.671193
time 122
  0 2.669785 -2.669785 -3.181848 -0.081851 -0.140975 -1.519078
  1 0.000000 0.000000 0.000000 -1.570796 -1.570796 0.000000
  2 4.484989 -0.004008 0.000006 -0.173961 0.006665 -0.025043
  3 5.037136 -0.005101 -0.000238 0.014807 0.104416 -0.025931
  4 6.388059 -0.005253 -0.000001 -0.170385 -0.087987 -0.383855
  5 6.146608 1.394838 0.000001 0.304534 -0.266576 0.862276
  6 -2.545043 0.996763 -2.797477 0.693209 1.188431 2.891015
  7 5.760270 -0.000012 -0.000009 -1.036226 -0.675472 0.794052
  8 10.965153 0.000065 -0.000006 0.000013 0.000002 -0.444262
  9 0.000007 -0.000004 -4.044200 -0.176701 2.821432 -0.320788
 10 -0.000007 0.000007 4.044200 -0.014534 -2.678463 -0.469232
 11 17.182070 0.000091 0.000546 0.000004 -0.000009 -2.495138
 12 16.782913 0.000650 -0.000234 0.042117 -0.109581 0.966609
 13 5.168527 5.004116 -0.000135 -0.160110 0.009537 2.443827
 14 17.182070 0.000099 0.000206 -0.000001 -0.000007 -2.324903
 15 16.782906 0.000656 -0.000113 -0.032035 0.477382 1.348091
 16 5.168479 5.004167 -0.000064 0.000011 -0.000001 2.067008
 17 -0.994219 2.696020 2.649048 -0.406991 -1.200602 2.641586
 18 5.760273 0.000016 0.000006 0.934722 0.654688 0.669397
time 123
  0 2.658066 -2.658066 -3.189661 -0.081851 -0.140975 -1.519078
  1 0.000000 0.000000 0.000000 -1.570796 -1.570796 0.000000
  2 4.484989 -0.004008 0.000006 -0.175748 0.006601 -0.025108
  3 5.037136 -0.005101 -0.000238 0.017273 0.103743 -0.025297
  4 6.388059 -0.005253 -0.000001 -0.168144 -0.087987 -0.381515
  5 6.146608 1.394838 0.000001 0.303776 -0.263430 0.859894
  6 -2.541137 0.988951 -2.797477 0.687113 1.192650 2.889012
  7 5.760270 -0.000012 -0.000009 -1.036226 -0.685112 0.792115
  8 10.965153 0.000065 -0.000006 0.000013 0.000002 -0.440919
  9 0.000007 -0.000004 -4.044200 -0.176416 2.821432 -0.320215
 10 -0.000007 0.000007 4.044200 -0.013671 -2.678188 -0.469614
 11 17.182070 0.000091 0.000546 0.000004 -0.000009 -2.495640
 12 16.782913 0.000650 -0.000234 0.042534 -0.110415 0.965182
 13 5.168527 5.004116 -0.000135 -0.160110 0.009537 2.444741
 14 17.182070 0.000099 0.000206 -0.000001 -0.000007 -2.325451
 15 16.782906 0.000656 -0.000113 -0.032100 0.477012 1.348806
 16 5.168479 5.004167 -0.000064 0.000011 -0.000001 2.067008
 17 -1.009844 2.684301 2.649048 -0.413449 -1.198747 2.650694
 18 5.760273 0.000016 0.000006 0.937708 0.655125 0.667646
time 124
  0 2.654160 -2.654160 -3.197474 -0.081851 -0.140975 -1.519078
  1 0.000000 0.000000 0.000000 -1.570796 -1.570796 0.000000
  2 4.484989 -0.004008 0.000006 -0.177535 0.006601 -0.025206
  3 5.037136 -0.005101 -0.000238 0.019756 0.103026 -0.024632
  4 6.388059 -0.005253 -0.000001 -0.165915 -0.087987 -0.379157
  5 6.146608 1.394838 0.000001 0.302960 -0.259987 0.857393
  6 -2.533324 0.988951 -2.801383 0.680446 1.197106 2.886723
  7 5.760270 -0.000012 -0.000009 -1.036226 -0.694908 0.789924
  8 10.965153 0.000065 -0.000006 0.000013 0.000002 -0.437514
  9 0.000007 -0.000004 -4.044200 -0.176037 2.821814 -0.320023
 10 -0.000007 0.000007 4.044200 -0.012138 -2.677912 -0.470761
 11 17.182070 0.000091 0.000546 0.000004 -0.000009 -2.496285
 12 16.782913 0.000650 -0.000234 0.042902 -0.111174 0.964027
 13 5.168527 5.004116 -0.000135 -0.160110 0.009537 2.445622
 14 17.182070 0.000099 0.000206 -0.000001 -0.000007 -2.325931
 15 16.782906 0.000656 -0.000113 -0.032165 0.476745 1.349408
 16 5.168479 5.004167 -0.000064 0.000011 -0.000001 2.067008
 17 -1.029376 2.680395 2.660767 -0.420368 -1.196767 2.660371
 18 5.760273 0.000016 0.000006 0.940423 0.655660 0.665940
time 125
  0 2.646347 -2.646347 -3.201380 -0.081851 -0.140975 -1.519078
  1 0.000000 0.000000 0.000000 -1.570796 -1.570796 0.000000
  2 4.484989 -0.004008 0.000006 -0.179355 0.006601 -0.025238
  3 5.037136 -0.005101 -0.000238 0.022154 0.102338 -0.024028
  4 6.388059 -0.005253 -0.000001 -0.163722 -0.087987 -0.376747
  5 6.146608 1.394838 0.000001 0.302070 -0.256287 0.854654
  6 -2.533324 0.988951 -2.805290 0.673017 1.201694 2.884052
  7 5.760270 -0.000012 -0.000009 -1.036226 -0.704783 0.787579
  8 10.965153 0.000065 -0.000006 0.000013 0.000002 -0.434109
  9 0.000007 -0.000004 -4.044200 -0.175563 2.821909 -0.319928
 10 -0.000007 0.000007 4.044200 -0.011275 -2.677545 -0.471622
 11 17.182070 0.000091 0.000546 0.000004 -0.000009 -2.496715
 12 16.782913 0.000650 -0.000234 0.043220 -0.111953 0.963042
 13 5.168527 5.004116 -0.000135 -0.160110 0.009537 2.446470
 14 17.182070 0.000099 0.000206 -0.000001 -0.000007 -2.326342
 15 16.782906 0.000656 -0.000113 -0.032230 0.476457 1.350047
 16 5.168479 5.004167 -0.000064 0.000011 -0.000001 2.067008
 17 -1.048908 2.672582 2.660767 -0.427748 -1.194661 2.670997
 18 5.760273 0.000016 0.000006 0.943477 0.656244 0.664234
time 126
  0 2.638534 -2.638534 -3.209193 -0.081851 -0.140975 -1.519078
  1 0.000000 0.000000 0.000000 -1.570796 -1.570796 0.000000
  2 4.484989 -0.004008 0.000006 -0.181208 0.006601 -0.025304
  3 5.037136 -0.005101 -0.000238 0.024517 0.101709 -0.023423
  4 6.388059 -0.005253 -0.000001 -0.161540 -0.087987 -0.374319
  5 6.146608 1.394838 0.000001 0.301103 -0.252290 0.851717
  6 -2.525512 0.977232 -2.817009 0.665207 1.206493 2.881000
  7 5.760270 -0.000012 -0.000009 -1.036158 -0.714658 0.785285
  8 10.965153 0.000065 -0.000006 0.000013 0.000002 -0.430642
  9 0.000007 -0.000004 -4.044200 -0.175183 2.822005 -0.319928
 10 -0.000007 0.000007 4.044200 -0.010029 -2.677269 -0.472004
 11 17.182070 0.000091 0.000546 0.000004 -0.000009 -2.497074
 12 16.782913 0.000650 -0.000234 0.043564 -0.112638 0.962024
 13 5.168527 5.004116 -0.000135 -0.160110 0.009537 2.447221
 14 17.182070 0.000099 0.000206 -0.000001 -0.000007 -2.326753
 15 16.782906 0.000656 -0.000113 -0.032279 0.476169 1.350650
 16 5.168479 5.004167 -0.000064 0.000011 -0.000001 2.067008
 17 -1.060627 2.664769 2.660767 -0.435497 -1.192397 2.682097
 18 5.760273 0.000016 0.000006 0.946260 0.656876 0.662483
time 127
  0 2.634628 -2.634628 -3.213099 -0.081851 -0.140975 -1.519078
  1 0.000000 0.000000 0.000000 -1.570796 -1.570796 0.000000
  2 4.484989 -0.004008 0.000006 -0.183027 0.006697 -0.025304
  3 5.037136 -0.005101 -0.000238 0.026881 0.101138 -0.022879
  4 6.388059 -0.005253 -0.000001 -0.159599 -0.087968 -0.371926
  5 6.146608 1.394838 0.000001 0.300041 -0.247996 0.848461
  6 -2.525512 0.969419 -2.817009 0.656635 1.211503 2.877757
  7 5.760270 -0.000012 -0.000009 -1.035954 -0.724494 0.782532
  8 10.965153 0.000065 -0.000006 0.000013 0.000002 -0.426741
  9 0.000007 -0.000004 -4.044200 -0.174899 2.822005 -0.319355
 10 -0.000007 0.000007 4.044200 -0.009071 -2.677085 -0.472577
 11 17.182070 0.000091 0.000546 0.000004 -0.000009 -2.497504
 12 16.782913 0.000650 -0.000234 0.043834 -0.113268 0.961073
 13 5.168527 5.004116 -0.000135 -0.160110 0.009537 2.447939
 14 17.182070 0.000099 0.000206 -0.000001 -0.000007 -2.327233
 15 16.782906 0.000656 -0.000113 -0.032344 0.475902 1.351177
 16 5.168479 5.004167 -0.000064 0.000011 -0.000001 2.067008
 17 -1.080159 2.653050 2.660767 -0.443892 -1.189945 2.694052
 18 5.760273 0.000016 0.000006 0.949314 0.657508 0.661226
time 128
  0 2.626815 -2.626815 -3.220912 -0.081851 -0.140975 -1.519078
  1 0.000000 0.000000 0.000000 -1.570796 -1.570796 0.000000
  2 4.484989 -0.004008 0.000006 -0.184815 0.006777 -0.025271
  3 5.037136 -0.005101 -0.000238 0.029092 0.100553 -0.022335
  4 6.388059 -0.005253 -0.000001 -0.157597 -0.087930 -0.369551
  5 6.146608 1.394838 0.000001 0.298885 -0.243405 0.845047
  6 -2.513793 0.965512 -2.828728 0.647301 1.216645 2.874037
  7 5.760270 -0.000012 -0.000009 -1.035341 -0.734251 0.779423
  8 10.965153 0.000065 -0.000006 0.000013 0.000002 -0.423151
  9 0.000007 -0.000004 -4.044200 -0.174614 2.822005 -0.319259
 10 -0.000007 0.000007 4.044200 -0.008304 -2.676901 -0.473151
 11 17.182070 0.000091 0.000546 0.000004 -0.000009 -2.497791
 12 16.782913 0.000650 -0.000234 0.044128 -0.113861 0.960156
 13 5.168527 5.004116 -0.000135 -0.160110 0.009537 2.448559
 14 17.182070 0.000099 0.000206 -0.000001 -0.000007 -2.327507
 15 16.782906 0.000656 -0.000113 -0.032393 0.475655 1.351703
 16 5.168479 5.004167 -0.000064 0.000011 -0.000001 2.067008
 17 -1.103597 2.641331 2.660767 -0.452656 -1.187336 2.706480
 18 5.760273 0.000016 0.000006 0.952368 0.658189 0.659924
time 129
  0 2.622909 -2.622909 -3.220912 -0.081851 -0.140975 -1.519078
  1 0.000000 0.000000 0.000000 -1.570796 -1.570796 0.000000
  2 4.484989 -0.004008 0.000006 -0.186537 0.006968 -0.025238
  3 5.037136 -0.005101 -0.000238 0.031133 0.099953 -0.021882
  4 6.388059 -0.005253 -0.000001 -0.155896 -0.087892 -0.367246
  5 6.146608 1.394838 0.000001 0.297634 -0.238518 0.841475
  6 -2.513793 0.957700 -2.832634 0.637205 1.221945 2.869840
  7 5.760270 -0.000012 -0.000009 -1.035341 -0.743891 0.776517
  8 10.965153 0.000065 -0.000006 0.000013 0.000002 -0.419126
  9 0.000007 -0.000004 -4.044200 -0.174519 2.822005 -0.319259
 10 -0.000007 0.000007 4.044200 -0.007537 -2.676626 -0.473820
 11 17.182070 0.000091 0.000546 0.000004 -0.000009 -2.498006
 12 16.782913 0.000650 -0.000234 0.044349 -0.114362 0.959408
 13 5.168527 5.004116 -0.000135 -0.160110 0.009537 2.449147
 14 17.182070 0.000099 0.000206 -0.000001 -0.000007 -2.327781
 15 16.782906 0.000656 -0.000113 -0.032409 0.475470 1.352155
 16 5.168479 5.004167 -0.000064 0.000011 -0.000001 2.067008
 17 -1.123129 2.633518 2.660767 -0.461789 -1.184507 2.719952
 18 5.760273 0.000016 0.000006 0.955083 0.658821 0.658622
time 130
  0 2.619002 -2.619002 -3.220912 -0.081851 -0.140975 -1.519078
  1 0.000000 0.000000 0.000000 -1.570796 -1.570796 0.000000
  2 4.484989 -0.004008 0.000006 -0.188194 0.007144 -0.025108
  3 5.037136 -0.005101 -0.000238 0.033122 0.099426 -0.021489
  4 6.388059 -0.005253 -0.000001 -0.154254 -0.087797 -0.365047
  5 6.146608 1.394838 0.000001 0.296288 -0.233294 0.837584
  6 -2.502073 0.957700 -2.840447 0.626252 1.227403 2.865071
  7 5.760270 -0.000012 -0.000009 -1.035273 -0.753294 0.773357
  8 10.965153 0.000065 -0.000006 0.000013 0.000002 -0.415474
  9 0.000007 -0.000004 -4.044200 -0.174519 2.822005 -0.318972
 10 -0.000007 0.000007 4.044200 -0.006770 -2.676442 -0.474202
 11 17.182070 0.000091 0.000546 0.000004 -0.000009 -2.498436
 12 16.782913 0.000650 -0.000234 0.044545 -0.114807 0.958933
 13 5.168527 5.004116 -0.000135 -0.160110 0.009537 2.449636
 14 17.182070 0.000099 0.000206 -0.000001 -0.000007 -2.328124
 15 16.782906 0.000656 -0.000113 -0.032458 0.475285 1.352531
 16 5.168479 5.004167 -0.000064 0.000011 -0.000001 2.067008
 17 -1.146567 2.621799 2.660767 -0.471291 -1.181521 2.733709
 18 5.760273 0.000016 0.000006 0.958070 0.659453 0.657724
time 131
  0 2.615096 -2.615096 -3.232631 -0.081851 -0.140975 -1.519078
  1 0.000000 0.000000 0.000000 -1.570796 -1.570796 0.000000
  2 4.484989 -0.004008 0.000006 -0.189787 0.007352 -0.025011
  3 5.037136 -0.005101 -0.000238 0.034891 0.098958 -0.021127
  4 6.388059 -0.005253 -0.000001 -0.152792 -0.087759 -0.362971
  5 6.146608 1.394838 0.000001 0.294753 -0.227398 0.833098
  6 -2.494261 0.945981 -2.848260 0.613775 1.233204 2.859634
  7 5.760270 -0.000012 -0.000009 -1.035069 -0.762421 0.769789
  8 10.965153 0.000065 -0.000006 0.000013 0.000002 -0.411450
  9 0.000007 -0.000004 -4.044200 -0.174424 2.822005 -0.318972
 10 -0.000007 0.000007 4.044200 -0.006195 -2.676350 -0.474680
 11 17.182070 0.000091 0.000546 0.000004 -0.000009 -2.498651
 12 16.782913 0.000650 -0.000234 0.044716 -0.115196 0.958220
 13 5.168527 5.004116 -0.000135 -0.160110 0.009537 2.450028
 14 17.182070 0.000099 0.000206 -0.000001 -0.000007 -2.328398
 15 16.782906 0.000656 -0.000113 -0.032474 0.475141 1.352719
 16 5.168479 5.004167 -0.000064 0.000011 -0.000001 2.067008
 17 -1.173912 2.606174 2.660767 -0.482176 -1.178095 2.749648
 18 5.760273 0.000016 0.000006 0.960852 0.660037 0.656871
time 132
  0 2.607283 -2.607283 -3.232631 -0.081851 -0.140975 -1.519078
  1 0.000000 0.000000 0.000000 -1.570796 -1.570796 0.000000
  2 4.484989 -0.004008 0.000006 -0.191282 0.007560 -0.024880
  3 5.037136 -0.005101 -0.000238 0.036472 0.098460 -0.020885
  4 6.388059 -0.005253 -0.000001 -0.151437 -0.087625 -0.361018
  5 6.146608 1.394838 0.000001 0.292895 -0.220452 0.827977
  6 -2.490354 0.934261 -2.859979 0.599012 1.239585 2.852957
  7 5.760270 -0.000012 -0.000009 -1.035001 -0.771234 0.766730
  8 10.965153 0.000065 -0.000006 0.000013 0.000002 -0.407487
  9 0.000007 -0.000004 -4.044200 -0.173760 2.822005 -0.318972
 10 -0.000007 0.000007 4.044200 -0.006004 -2.676258 -0.474776
 11 17.182070 0.000091 0.000546 0.000004 -0.000009 -2.498723
 12 16.782913 0.000650 -0.000234 0.045060 -0.115715 0.958084
 13 5.168527 5.004116 -0.000135 -0.159817 0.009519 2.450223
 14 17.182070 0.000099 0.000206 -0.000001 -0.000007 -2.328535
 15 16.782906 0.000656 -0.000113 -0.032523 0.475018 1.353021
 16 5.168479 5.004167 -0.000064 0.000011 -0.000001 2.067008
 17 -1.209069 2.586642 2.672486 -0.494354 -1.174040 2.767769
 18 5.760273 0.000016 0.000006 0.963499 0.660572 0.656287
time 133
  0 2.607283 -2.607283 -3.232631 -0.081851 -0.140975 -1.519078
  1 0.000000 0.000000 0.000000 -1.570796 -1.570796 0.000000
  2 4.484989 -0.004008 0.000006 -0.192647 0.007831 -0.024718
  3 5.037136 -0.005101 -0.000238 0.037969 0.098065 -0.020704
  4 6.388059 -0.005253 -0.000001 -0.150455 -0.087549 -0.359241
  5 6.146608 1.394838 0.000001 0.290734 -0.212537 0.822063
  6 -2.478635 0.926449 -2.871698 0.582058 1.246362 2.844945
  7 5.760270 -0.000012 -0.000009 -1.035001 -0.779654 0.763315
  8 10.965153 0.000065 -0.000006 0.000013 0.000002 -0.403525
  9 0.000007 -0.000004 -4.044200 -0.173665 2.822387 -0.318686
 10 -0.000007 0.000007 4.044200 -0.005333 -2.676258 -0.475062
 11 17.182070 0.000091 0.000546 0.000004 -0.000009 -2.498938
 12 16.782913 0.000650 -0.000234 0.044962 -0.115715 0.957439
 13 5.168527 5.004116 -0.000135 -0.160110 0.009537 2.450615
 14 17.182070 0.000099 0.000206 -0.000001 -0.000007 -2.328672
 15 16.782906 0.000656 -0.000113 -0.032539 0.474956 1.353021
 16 5.168479 5.004167 -0.000064 0.000011 -0.000001 2.067008
 17 -1.248133 2.574923 2.672486 -0.508099 -1.169387 2.788072
 18 5.760273 0.000016 0.000006 0.966011 0.661010 0.655928
time 134
  0 2.607283 -2.607283 -3.232631 -0.081851 -0.140975 -1.519078
  1 0.000000 0.000000 0.000000 -1.570796 -1.570796 0.000000
  2 4.484989 -0.004008 0.000006 -0.193881 0.008215 -0.024425
  3 5.037136 -0.005101 -0.000238 0.039142 0.097641 -0.020643
  4 6.388059 -0.005253 -0.000001 -0.149628 -0.087492 -0.357640
  5 6.146608 1.394838 0.000001 0.288270 -0.203712 0.815393
  6 -2.470822 0.914730 -2.883417 0.562343 1.253613 2.835693
  7 5.760270 -0.000012 -0.000009 -1.035137 -0.787680 0.759645
  8 10.965153 0.000065 -0.000006 0.000013 0.000002 -0.399749
  9 0.000007 -0.000004 -4.044200 -0.173665 2.822387 -0.318686
 10 -0.000007 0.000007 4.044200 -0.005333 -2.676167 -0.475349
 11 17.182070 0.000091 0.000546 0.000004 -0.000009 -2.499010
 12 16.782913 0.000650 -0.000234 0.045011 -0.115826 0.957235
 13 5.168527 5.004116 -0.000135 -0.160110 0.009537 2.450746
 14 17.182070 0.000099 0.000206 -0.000001 -0.000007 -2.328672
 15 16.782906 0.000656 -0.000113 -0.032539 0.474915 1.353133
 16 5.168479 5.004167 -0.000064 0.000011 -0.000001 2.067008
 17 -1.283290 2.547578 2.672486 -0.522860 -1.164107 2.810273
 18 5.760273 0.000016 0.000006 0.968250 0.661399 0.655838
time 135
  0 2.607283 -2.607283 -3.232631 -0.081851 -0.140975 -1.519078
  1 0.000000 0.000000 0.000000 -1.570796 -1.570796 0.000000
  2 4.484989 -0.004008 0.000006 -0.194986 0.008583 -0.024164
  3 5.037136 -0.005101 -0.000238 0.040146 0.097319 -0.020643
  4 6.388059 -0.005253 -0.000001 -0.148968 -0.087435 -0.356285
  5 6.146608 1.394838 0.000001 0.285503 -0.194036 0.808129
  6 -2.459103 0.903010 -2.902949 0.540532 1.261207 2.824533
  7 5.760270 -0.000012 -0.000009 -1.035341 -0.795195 0.756586
  8 10.965153 0.000065 -0.000006 0.000013 0.000002 -0.395910
  9 0.000007 -0.000004 -4.044200 -0.173665 2.822387 -0.318590
 10 -0.000007 0.000007 4.044200 -0.005333 -2.676167 -0.475349
 11 17.182070 0.000091 0.000546 0.000004 -0.000009 -2.499010
 12 16.782913 0.000650 -0.000234 0.045060 -0.115863 0.957235
 13 5.168527 5.004116 -0.000135 -0.160110 0.009537 2.450811
 14 17.182070 0.000099 0.000206 -0.000001 -0.000007 -2.328809
 15 16.782906 0.000656 -0.000113 -0.032539 0.474874 1.353133
 16 5.168479 5.004167 -0.000064 0.000011 -0.000001 2.067008
 17 -1.326260 2.524140 2.672486 -0.538543 -1.158166 2.834371
 18 5.760273 0.000016 0.000006 0.970286 0.661690 0.656018
time 136
  0 2.607283 -2.607283 -3.232631 -0.081851 -0.140975 -1.519078
  1 0.000000 0.000000 0.000000 -1.570796 -1.570796 0.000000
  2 4.484989 -0.004008 0.000006 -0.195994 0.009094 -0.023806
  3 5.037136 -0.005101 -0.000238 0.040996 0.096953 -0.020825
  4 6.388059 -0.005253 -0.000001 -0.148789 -0.087397 -0.355071
  5 6.146608 1.394838 0.000001 0.282432 -0.183569 0.800150
  6 -2.439571 0.891291 -2.914668 0.515578 1.269302 2.811847
  7 5.760270 -0.000012 -0.000009 -1.035886 -0.802866 0.753018
  8 10.965153 0.000065 -0.000006 0.000013 0.000002 -0.391577
  9 0.000007 -0.000004 -4.044200 -0.173665 2.822387 -0.318590
 10 -0.000007 0.000007 4.044200 -0.005333 -2.676167 -0.475349
 11 17.182070 0.000091 0.000546 0.000004 -0.000009 -2.499010
 12 16.782913 0.000650 -0.000234 0.045060 -0.115863 0.957235
 13 5.168527 5.004116 -0.000135 -0.160110 0.009537 2.450778
 14 17.182070 0.000099 0.000206 -0.000001 -0.000007 -2.328672
 15 16.782906 0.000656 -0.000113 -0.032539 0.474874 1.353133
 16 5.168479 5.004167 -0.000064 0.000011 -0.000001 2.067008
 17 -1.377043 2.500701 2.672486 -0.554963 -1.151627 2.859323
 18 5.760273 0.000016 0.000006 0.972390 0.661934 0.656467
time 137
  0 2.607283 -2.607283 -3.232631 -0.081851 -0.140975 -1.519078
  1 0.000000 0.000000 0.000000 -1.570796 -1.570796 0.000000
  2 4.484989 -0.004008 0.000006 -0.196936 0.009669 -0.023253
  3 5.037136 -0.005101 -0.000238 0.041540 0.096675 -0.021157
  4 6.388059 -0.005253 -0.000001 -0.148849 -0.087378 -0.353910
  5 6.146608 1.394838 0.000001 0.279058 -0.172389 0.791615
  6 -2.427852 0.883479 -2.934200 0.487861 1.277819 2.796872
  7 5.760270 -0.000012 -0.000009 -1.036226 -0.811286 0.748889
  8 10.965153 0.000065 -0.000006 0.000013 0.000002 -0.386252
  9 0.000007 -0.000004 -4.044200 -0.173665 2.822387 -0.318686
 10 -0.000007 0.000007 4.044200 -0.005333 -2.676167 -0.475062
 11 17.182070 0.000091 0.000546 0.000004 -0.000009 -2.498938
 12 16.782913 0.000650 -0.000234 0.045011 -0.115752 0.957337
 13 5.168527 5.004116 -0.000135 -0.160110 0.009537 2.450680
 14 17.182070 0.000099 0.000206 -0.000001 -0.000007 -2.328672
 15 16.782906 0.000656 -0.000113 -0.032539 0.474915 1.353133
 16 5.168479 5.004167 -0.000064 0.000011 -0.000001 2.067008
 17 -1.427826 2.473357 2.672486 -0.571845 -1.144460 2.886078
 18 5.760273 0.000016 0.000006 0.973951 0.662323 0.657320
time 138
  0 2.607283 -2.607283 -3.232631 -0.081851 -0.140975 -1.519078
  1 0.000000 0.000000 0.000000 -1.570796 -1.570796 0.000000
  2 4.484989 -0.004008 0.000006 -0.197846 0.010453 -0.022732
  3 5.037136 -0.005101 -0.000238 0.041897 0.096397 -0.021671
  4 6.388059 -0.005253 -0.000001 -0.149112 -0.087264 -0.352819
  5 6.146608 1.394838 0.000001 0.275362 -0.160536 0.782564
  6 -2.408320 0.863947 -2.945919 0.457097 1.286653 2.779513
  7 5.760270 -0.000012 -0.000009 -1.037247 -0.820178 0.744403
  8 10.965153 0.000065 -0.000006 0.000013 0.000002 -0.380123
  9 0.000007 -0.000004 -4.044200 -0.173760 2.822387 -0.318686
 10 -0.000007 0.000007 4.044200 -0.005524 -2.676258 -0.474967
 11 17.182070 0.000091 0.000546 0.000004 -0.000009 -2.498723
 12 16.782913 0.000650 -0.000234 0.044913 -0.115603 0.957778
 13 5.168527 5.004116 -0.000135 -0.160110 0.009537 2.450517
 14 17.182070 0.000099 0.000206 -0.000001 -0.000007 -2.328535
 15 16.782906 0.000656 -0.000113 -0.032523 0.474997 1.353021
 16 5.168479 5.004167 -0.000064 0.000011 -0.000001 2.067008
 17 -1.482515 2.438200 2.672486 -0.589004 -1.136696 2.913497
 18 5.760273 0.000016 0.000006 0.974969 0.662955 0.657724
time 139
  0 2.607283 -2.607283 -3.232631 -0.081851 -0.140975 -1.519078
  1 0.000000 0.000000 0.000000 -1.570796 -1.570796 0.000000
  2 4.484989 -0.004008 0.000006 -0.198756 0.011379 -0.021950
  3 5.037136 -0.005101 -0.000238 0.042118 0.096149 -0.022305
  4 6.388059 -0.005253 -0.000001 -0.149735 -0.087035 -0.351834
  5 6.146608 1.394838 0.000001 0.271362 -0.148090 0.772957
  6 -2.396601 0.852228 -2.961545 0.422809 1.295750 2.759291
  7 5.760270 -0.000012 -0.000009 -1.038268 -0.829384 0.739306
  8 10.965153 0.000065 -0.000006 0.000013 0.000002 -0.373375
  9 0.000007 -0.000004 -4.044200 -0.173950 2.822005 -0.318972
 10 -0.000007 0.000007 4.044200 -0.006004 -2.676350 -0.474776
 11 17.182070 0.000091 0.000546 0.000004 -0.000009 -2.498723
 12 16.782913 0.000650 -0.000234 0.045060 -0.115640 0.957914
 13 5.168527 5.004116 -0.000135 -0.159791 0.009519 2.450419
 14 17.182070 0.000099 0.000206 -0.000001 -0.000007 -2.328535
 15 16.782906 0.000656 -0.000113 -0.032474 0.475059 1.353021
 16 5.168479 5.004167 -0.000064 0.000011 -0.000001 2.067008
 17 -1.537204 2.406949 2.672486 -0.606256 -1.128429 2.941675
 18 5.760273 0.000016 0.000006 0.975037 0.663927 0.657320
time 140
  0 2.615096 -2.615096 -3.232631 -0.081851 -0.140975 -1.519078
  1 0.000000 0.000000 0.000000 -1.570796 -1.570796 0.000000
  2 4.484989 -0.004008 0.000006 -0.199601 0.012370 -0.021202
  3 5.037136 -0.005101 -0.000238 0.042135 0.095915 -0.023030
  4 6.388059 -0.005253 -0.000001 -0.150586 -0.086845 -0.350884
  5 6.146608 1.394838 0.000001 0.267059 -0.135090 0.762993
  6 -2.377069 0.840509 -2.981077 0.384997 1.305058 2.736400
  7 5.760270 -0.000012 -0.000009 -1.039902 -0.838669 0.734565
  8 10.965153 0.000065 -0.000006 0.000013 0.000002 -0.366317
  9 0.000007 -0.000004 -4.044200 -0.174424 2.822005 -0.318972
 10 -0.000007 0.000007 4.044200 -0.006195 -2.676350 -0.474680
 11 17.182070 0.000091 0.000546 0.000004 -0.000009 -2.498508
 12 16.782913 0.000650 -0.000234 0.044716 -0.115159 0.958254
 13 5.168527 5.004116 -0.000135 -0.160110 0.009537 2.449995
 14 17.182070 0.000099 0.000206 -0.000001 -0.000007 -2.328329
 15 16.782906 0.000656 -0.000113 -0.032474 0.475141 1.352719
 16 5.168479 5.004167 -0.000064 0.000011 -0.000001 2.067008
 17 -1.591893 2.367885 2.672486 -0.623414 -1.119627 2.970232
 18 5.760273 0.000016 0.000006 0.974902 0.665095 0.656467
time 141
  0 2.619002 -2.619002 -3.220912 -0.081851 -0.140975 -1.519078
  1 0.000000 0.000000 0.000000 -1.570796 -1.570796 0.000000
  2 4.484989 -0.004008 0.000006 -0.200413 0.013425 -0.020355
  3 5.037136 -0.005101 -0.000238 0.041999 0.095754 -0.023876
  4 6.388059 -0.005253 -0.000001 -0.151737 -0.086731 -0.350004
  5 6.146608 1.394838 0.000001 0.262434 -0.121634 0.752473
  6 -2.353631 0.820977 -2.992796 0.343566 1.314366 2.710074
  7 5.760270 -0.000012 -0.000009 -1.041059 -0.847915 0.729213
  8 10.965153 0.000065 -0.000006 0.000013 0.000002 -0.358888
  9 0.000007 -0.000004 -4.044200 -0.174519 2.822005 -0.318972
 10 -0.000007 0.000007 4.044200 -0.006770 -2.676442 -0.474202
 11 17.182070 0.000091 0.000546 0.000004 -0.000009 -2.498436
 12 16.782913 0.000650 -0.000234 0.044594 -0.114844 0.958899
 13 5.168527 5.004116 -0.000135 -0.160110 0.009537 2.449669
 14 17.182070 0.000099 0.000206 -0.000001 -0.000007 -2.328192
 15 16.782906 0.000656 -0.000113 -0.032458 0.475285 1.352569
 16 5.168479 5.004167 -0.000064 0.000011 -0.000001 2.067008
 17 -1.650489 2.336634 2.672486 -0.640481 -1.110354 2.998884
 18 5.760273 0.000016 0.000006 0.974019 0.666408 0.655030
time 142
  0 2.622909 -2.622909 -3.220912 -0.081851 -0.140975 -1.519078
  1 0.000000 0.000000 0.000000 -1.570796 -1.570796 0.000000
  2 4.484989 -0.004008 0.000006 -0.201193 0.014528 -0.019444
  3 5.037136 -0.005101 -0.000238 0.041676 0.095593 -0.024783
  4 6.388059 -0.005253 -0.000001 -0.152887 -0.086541 -0.349178
  5 6.146608 1.394838 0.000001 0.257525 -0.107744 0.741437
  6 -2.334100 0.809258 -3.016234 0.298039 1.323542 2.680601
  7 5.760270 -0.000012 -0.000009 -1.042897 -0.856885 0.723810
  8 10.965153 0.000065 -0.000006 0.000013 0.000002 -0.351459
  9 0.000007 -0.000004 -4.044200 -0.174519 2.822005 -0.319259
 10 -0.000007 0.000007 4.044200 -0.007537 -2.676626 -0.473820
 11 17.182070 0.000091 0.000546 0.000004 -0.000009 -2.498221
 12 16.782913 0.000650 -0.000234 0.044398 -0.114491 0.959205
 13 5.168527 5.004116 -0.000135 -0.160110 0.009537 2.449277
 14 17.182070 0.000099 0.000206 -0.000001 -0.000007 -2.327918
 15 16.782906 0.000656 -0.000113 -0.032409 0.475429 1.352230
 16 5.168479 5.004167 -0.000064 0.000011 -0.000001 2.067008
 17 -1.716897 2.293664 2.660767 -0.656994 -1.100578 3.027916
 18 5.760273 0.000016 0.000006 0.972933 0.667672 0.653414
time 143
  0 2.626815 -2.626815 -3.220912 -0.081851 -0.140975 -1.519078
  1 0.000000 0.000000 0.000000 -1.570796 -1.570796 0.000000
  2 4.484989 -0.004008 0.000006 -0.201908 0.015727 -0.018500
  3 5.037136 -0.005101 -0.000238 0.041268 0.095476 -0.025750
  4 6.388059 -0.005253 -0.000001 -0.154350 -0.086236 -0.348403
  5 6.146608 1.394838 0.000001 0.252312 -0.093517 0.730163
  6 -2.310661 0.797539 -3.035766 0.248512 1.332481 2.647312
  7 5.760270 -0.000012 -0.000009 -1.044667 -0.865344 0.718865
  8 10.965153 0.000065 -0.000006 0.000013 0.000002 -0.344030
  9 0.000007 -0.000004 -4.044200 -0.174519 2.822005 -0.319259
 10 -0.000007 0.000007 4.044200 -0.007729 -2.676810 -0.473438
 11 17.182070 0.000091 0.000546 0.000004 -0.000009 -2.498006
 12 16.782913 0.000650 -0.000234 0.044201 -0.114084 0.960020
 13 5.168527 5.004116 -0.000135 -0.160110 0.009537 2.448820
 14 17.182070 0.000099 0.000206 -0.000001 -0.000007 -2.327644
 15 16.782906 0.000656 -0.000113 -0.032409 0.475573 1.351703
 16 5.168479 5.004167 -0.000064 0.000011 -0.000001 2.067008
 17 -1.771586 2.250694 2.660767 -0.673138 -1.090331 3.056853
 18 5.760273 0.000016 0.000006 0.971915 0.668742 0.651708
time 144
  0 2.626815 -2.626815 -3.213099 -0.081851 -0.140975 -1.519078
  1 0.000000 0.000000 0.000000 -1.570796 -1.570796 0.000000
  2 4.484989 -0.004008 0.000006 -0.202591 0.016957 -0.017556
  3 5.037136 -0.005101 -0.000238 0.040707 0.095432 -0.026747
  4 6.388059 -0.005253 -0.000001 -0.155860 -0.086008 -0.347664
  5 6.146608 1.394838 0.000001 0.246815 -0.078993 0.718571
  6 -2.291130 0.778007 -3.059204 0.195175 1.340945 2.610208
  7 5.760270 -0.000012 -0.000009 -1.046641 -0.873094 0.713513
  8 10.965153 0.000065 -0.000006 0.000013 0.000002 -0.336663
  9 0.000007 -0.000004 -4.044200 -0.174899 2.822005 -0.319259
 10 -0.000007 0.000007 4.044200 -0.008496 -2.676901 -0.473151
 11 17.182070 0.000091 0.000546 0.000004 -0.000009 -2.497719
 12 16.782913 0.000650 -0.000234 0.044030 -0.113620 0.960665
 13 5.168527 5.004116 -0.000135 -0.160110 0.009537 2.448330
 14 17.182070 0.000099 0.000206 -0.000001 -0.000007 -2.327370
 15 16.782906 0.000656 -0.000113 -0.032344 0.475758 1.351478
 16 5.168479 5.004167 -0.000064 0.000011 -0.000001 2.067008
 17 -1.834088 2.207724 2.649048 -0.688821 -1.079643 3.085410
 18 5.760273 0.000016 0.000006 0.970761 0.669569 0.650271
time 145
  0 2.634628 -2.634628 -3.213099 -0.081851 -0.140975 -1.519078
  1 0.000000 0.000000 0.000000 -1.570796 -1.570796 0.000000
  2 4.484989 -0.004008 0.000006 -0.203241 0.018188 -0.016579
  3 5.037136 -0.005101 -0.000238 0.039993 0.095402 -0.027744
  4 6.388059 -0.005253 -0.000001 -0.157454 -0.085665 -0.346978
  5 6.146608 1.394838 0.000001 0.241034 -0.064232 0.706623
  6 -2.267691 0.766288 -3.078736 0.137457 1.348882 2.569861
  7 5.760270 -0.000012 -0.000009 -1.048751 -0.879980 0.708976
  8 10.965153 0.000065 -0.000006 0.000013 0.000002 -0.329914
  9 0.000007 -0.000004 -4.044200 -0.175183 2.822005 -0.319832
 10 -0.000007 0.000007 4.044200 -0.009166 -2.677177 -0.472482
 11 17.182070 0.000091 0.000546 0.000004 -0.000009 -2.497360
 12 16.782913 0.000650 -0.000234 0.043784 -0.113139 0.961208
 13 5.168527 5.004116 -0.000135 -0.160110 0.009537 2.447776
 14 17.182070 0.000099 0.000206 -0.000001 -0.000007 -2.327096
 15 16.782906 0.000656 -0.000113 -0.032327 0.475984 1.351064
 16 5.168479 5.004167 -0.000064 0.000011 -0.000001 2.067008
 17 -1.896590 2.164754 2.649048 -0.703858 -1.068547 3.113777
 18 5.760273 0.000016 0.000006 0.969676 0.669958 0.649104
time 146
  0 2.638534 -2.638534 -3.209193 -0.081851 -0.140975 -1.519078
  1 0.000000 0.000000 0.000000 -1.570796 -1.570796 0.000000
  2 4.484989 -0.004008 0.000006 -0.203826 0.019387 -0.015667
  3 5.037136 -0.005101 -0.000238 0.039244 0.095476 -0.028741
  4 6.388059 -0.005253 -0.000001 -0.159036 -0.085399 -0.346327
  5 6.146608 1.394838 0.000001 0.234987 -0.049332 0.694316
  6 -2.236440 0.754568 -3.102174 0.076500 1.356212 2.525508
  7 5.760270 -0.000012 -0.000009 -1.050793 -0.885802 0.704490
  8 10.965153 0.000065 -0.000006 0.000013 0.000002 -0.323785
  9 0.000007 -0.000004 -4.044200 -0.175278 2.822005 -0.319928
 10 -0.000007 0.000007 4.044200 -0.010029 -2.677269 -0.471908
 11 17.182070 0.000091 0.000546 0.000004 -0.000009 -2.497074
 12 16.782913 0.000650 -0.000234 0.043515 -0.112620 0.962024
 13 5.168527 5.004116 -0.000135 -0.160110 0.009537 2.447188
 14 17.182070 0.000099 0.000206 -0.000001 -0.000007 -2.326753
 15 16.782906 0.000656 -0.000113 -0.032279 0.476169 1.350650
 16 5.168479 5.004167 -0.000064 0.000011 -0.000001 2.067008
 17 -1.970811 2.113971 2.641235 -0.718065 -1.057105 3.141576
 18 5.760273 0.000016 0.000006 0.968725 0.669860 0.648610
time 147
  0 2.646347 -2.646347 -3.201380 -0.081851 -0.140975 -1.519078
  1 0.000000 0.000000 0.000000 -1.570796 -1.570796 0.000000
  2 4.484989 -0.004008 0.000006 -0.204378 0.020521 -0.014789
  3 5.037136 -0.005101 -0.000238 0.038445 0.095593 -0.029739
  4 6.388059 -0.005253 -0.000001 -0.160701 -0.085056 -0.345729
  5 6.146608 1.394838 0.000001 0.228675 -0.034293 0.681970
  6 -2.216908 0.735037 -3.121706 0.011829 1.362778 2.478008
  7 5.760270 -0.000012 -0.000009 -1.053584 -0.890288 0.700463
  8 10.965153 0.000065 -0.000006 0.000013 0.000002 -0.318647
  9 0.000007 -0.000004 -4.044200 -0.175373 2.821909 -0.319928
 10 -0.000007 0.000007 4.044200 -0.010892 -2.677453 -0.471622
 11 17.182070 0.000091 0.000546 0.000004 -0.000009 -2.496787
 12 16.782913 0.000650 -0.000234 0.043269 -0.112045 0.963009
 13 5.168527 5.004116 -0.000135 -0.160110 0.009537 2.446568
 14 17.182070 0.000099 0.000206 -0.000001 -0.000007 -2.326479
 15 16.782906 0.000656 -0.000113 -0.032230 0.476416 1.350047
 16 5.168479 5.004167 -0.000064 0.000011 -0.000001 2.067008
 17 -2.033313 2.059282 2.629516 -0.731534 -1.045286 3.168900
 18 5.760273 0.000016 0.000006 0.968590 0.669131 0.648655
time 148
  0 2.650253 -2.650253 -3.201380 -0.081851 -0.140975 -1.519078
  1 0.000000 0.000000 0.000000 -1.570796 -1.570796 0.000000
  2 4.484989 -0.004008 0.000006 -0.204898 0.021672 -0.013812
  3 5.037136 -0.005101 -0.000238 0.037425 0.095797 -0.030675
  4 6.388059 -0.005253 -0.000001 -0.162379 -0.084618 -0.345149
  5 6.146608 1.394838 0.000001 0.222135 -0.019235 0.669228
  6 -2.193470 0.723318 -3.141238 -0.055699 1.368368 2.427646
  7 5.760270 -0.000012 -0.000009 -1.056307 -0.893317 0.696895
  8 10.965153 0.000065 -0.000006 0.000013 0.000002 -0.314065
  9 0.000007 -0.000004 -4.044200 -0.175942 2.821814 -0.319928
 10 -0.000007 0.000007 4.044200 -0.012138 -2.677820 -0.470761
 11 17.182070 0.000091 0.000546 0.000004 -0.000009 -2.496357
 12 16.782913 0.000650 -0.000234 0.043000 -0.111434 0.963926
 13 5.168527 5.004116 -0.000135 -0.160110 0.009537 2.445883
 14 17.182070 0.000099 0.000206 -0.000001 -0.000007 -2.326136
 15 16.782906 0.000656 -0.000113 -0.032165 0.476642 1.349633
 16 5.168479 5.004167 -0.000064 0.000011 -0.000001 2.067008
 17 -2.088002 2.016312 2.617797 -0.744080 -1.033215 3.195275
 18 5.760273 0.000016 0.000006 0.968657 0.667818 0.649508
time 149
  0 2.658066 -2.658066 -3.189661 -0.081851 -0.140975 -1.519078
  1 0.000000 0.000000 0.000000 -1.570796 -1.570796 0.000000
  2 4.484989 -0.004008 0.000006 -0.205353 0.022743 -0.013161
  3 5.037136 -0.005101 -0.000238 0.036438 0.096032 -0.031521
  4 6.388059 -0.005253 -0.000001 -0.164117 -0.084314 -0.344603
  5 6.146608 1.394838 0.000001 0.215368 -0.004058 0.656485
  6 -2.170032 0.711598 -3.164676 -0.125323 1.373114 2.375472
  7 5.760270 -0.000012 -0.000009 -1.059234 -0.894615 0.693990
  8 10.965153 0.000065 -0.000006 0.000013 0.000002 -0.310722
  9 0.000007 -0.000004 -4.044200 -0.176037 2.821814 -0.320119
 10 -0.000007 0.000007 4.044200 -0.012904 -2.678096 -0.470188
 11 17.182070 0.000091 0.000546 0.000004 -0.000009 -2.495855
 12 16.782913 0.000650 -0.000234 0.042705 -0.110767 0.964842
 13 5.168527 5.004116 -0.000135 -0.160110 0.009537 2.445165
 14 17.182070 0.000099 0.000206 -0.000001 -0.000007 -2.325725
 15 16.782906 0.000656 -0.000113 -0.032149 0.476889 1.349107
 16 5.168479 5.004167 -0.000064 0.000011 -0.000001 2.067008
 17 -2.150504 1.965529 2.606078 -0.756073 -1.020956 3.221365
 18 5.760273 0.000016 0.000006 0.968725 0.666213 0.650630
time 150
  0 2.665879 -2.665879 -3.189661 -0.081851 -0.140975 -1.519078
  1 0.000000 0.000000 0.000000 -1.570796 -1.570796 0.000000
  2 4.484989 -0.004008 0.000006 -0.205743 0.023750 -0.012412
  3 5.037136 -0.005101 -0.000238 0.035401 0.096324 -0.032337
  4 6.388059 -0.005253 -0.000001 -0.165711 -0.083876 -0.344075
  5 6.146608 1.394838 0.000001 0.208393 0.010802 0.643702
  6 -2.150500 0.703786 -3.184208 -0.196376 1.376911 2.321199
  7 5.760270 -0.000012 -0.000009 -1.062365 -0.894812 0.691237
  8 10.965153 0.000065 -0.000006 0.000013 0.000002 -0.308122
  9 0.000007 -0.000004 -4.044200 -0.176416 2.821432 -0.320788
 10 -0.000007 0.000007 4.044200 -0.013863 -2.678279 -0.469328
 11 17.182070 0.000091 0.000546 0.000004 -0.000009 -2.495568
 12 16.782913 0.000650 -0.000234 0.042387 -0.110100 0.965827
 13 5.168527 5.004116 -0.000135 -0.160110 0.009537 2.444414
 14 17.182070 0.000099 0.000206 -0.000001 -0.000007 -2.325314
 15 16.782906 0.000656 -0.000113 -0.032083 0.477156 1.348504
 16 5.168479 5.004167 -0.000064 0.000011 -0.000001 2.067008
 17 -2.205194 1.910840 2.594359 -0.767051 -1.008508 3.246602
 18 5.760273 0.000016 0.000006 0.969133 0.664365 0.651663
time 151
  0 2.669785 -2.669785 -3.181848 -0.081851 -0.140975 -1.519078
  1 0.000000 0.000000 0.000000 -1.570796 -1.570796 0.000000
  2 4.484989 -0.004008 0.000006 -0.206100 0.024645 -0.011761
  3 5.037136 -0.005101 -0.000238 0.034245 0.096763 -0.033002
  4 6.388059 -0.005253 -0.000001 -0.167137 -0.083381 -0.343565
  5 6.146608 1.394838 0.000001 0.201247 0.025682 0.630602
  6 -2.127062 0.692067 -3.203740 -0.269619 1.379891 2.265400
  7 5.760270 -0.000012 -0.000009 -1.065360 -0.894694 0.688994
  8 10.965153 0.000065 -0.000006 0.000013 0.000002 -0.305893
  9 0.000007 -0.000004 -4.044200 -0.176701 2.821432 -0.320788
 10 -0.000007 0.000007 4.044200 -0.014725 -2.678555 -0.468659
 11 17.182070 0.000091 0.000546 0.000004 -0.000009 -2.495138
 12 16.782913 0.000650 -0.000234 0.042068 -0.109395 0.966846
 13 5.168527 5.004116 -0.000135 -0.160110 0.009537 2.443631
 14 17.182070 0.000099 0.000206 -0.000001 -0.000007 -2.324903
 15 16.782906 0.000656 -0.000113 -0.032035 0.477444 1.347978
 16 5.168479 5.004167 -0.000064 0.000011 -0.000001 2.067008
 17 -2.259882 1.860057 2.578733 -0.777291 -0.995934 3.271080
 18 5.760273 0.000016 0.000006 0.969336 0.662177 0.652561
time 152
  0 2.681504 -2.681504 -3.177942 -0.081851 -0.140975 -1.519078
  1 0.000000 0.000000 0.000000 -1.570796 -1.570796 0.000000
  2 4.484989 -0.004008 0.000006 -0.206425 0.025412 -0.011370
  3 5.037136 -0.005101 -0.000238 0.033122 0.097231 -0.033576
  4 6.388059 -0.005253 -0.000001 -0.168527 -0.082867 -0.343072
  5 6.146608 1.394838 0.000001 0.193930 0.040384 0.617581
  6 -2.095811 0.680347 -3.227178 -0.343719 1.381974 2.208361
  7 5.760270 -0.000012 -0.000009 -1.068287 -0.894183 0.687006
  8 10.965153 0.000065 -0.000006 0.000013 0.000002 -0.303665
  9 0.000007 -0.000004 -4.044200 -0.176986 2.821432 -0.320788
 10 -0.000007 0.000007 4.044200 -0.015971 -2.678831 -0.467894
 11 17.182070 0.000091 0.000546 0.000004 -0.000009 -2.494636
 12 16.782913 0.000650 -0.000234 0.041773 -0.108636 0.967797
 13 5.168527 5.004116 -0.000135 -0.160110 0.009537 2.442815
 14 17.182070 0.000099 0.000206 -0.000001 -0.000007 -2.324423
 15 16.782906 0.000656 -0.000113 -0.031986 0.477732 1.347376
 16 5.168479 5.004167 -0.000064 0.000011 -0.000001 2.067008
 17 -2.322384 1.805368 2.563108 -0.786701 -0.983361 3.294609
 18 5.760273 0.000016 0.000006 0.970151 0.659842 0.653773
time 153
  0 2.689317 -2.689317 -3.170129 -0.081851 -0.140975 -1.519078
  1 0.000000 0.000000 0.000000 -1.570796 -1.570796 0.000000
  2 4.484989 -0.004008 0.000006 -0.206685 0.026115 -0.010947
  3 5.037136 -0.005101 -0.000238 0.032017 0.097787 -0.033999
  4 6.388059 -0.005253 -0.000001 -0.169870 -0.082487 -0.342597
  5 6.146608 1.394838 0.000001 0.186500 0.054829 0.604600
  6 -2.064560 0.668628 -3.246710 -0.417819 1.383266 2.150941
  7 5.760270 -0.000012 -0.000009 -1.071759 -0.893435 0.685273
  8 10.965153 0.000065 -0.000006 0.000013 0.000002 -0.301560
  9 0.000007 -0.000004 -4.044200 -0.177555 2.821432 -0.321170
 10 -0.000007 0.000007 4.044200 -0.017409 -2.679106 -0.467129
 11 17.182070 0.000091 0.000546 0.000004 -0.000009 -2.494206
 12 16.782913 0.000650 -0.000234 0.041602 -0.108117 0.968986
 13 5.168527 5.004116 -0.000135 -0.159817 0.009519 2.441836
 14 17.182070 0.000099 0.000206 -0.000001 -0.000007 -2.324012
 15 16.782906 0.000656 -0.000113 -0.031921 0.478040 1.346736
 16 5.168479 5.004167 -0.000064 0.000011 -0.000001 2.067008
 17 -2.380980 1.750679 2.547482 -0.795280 -0.970787 3.317379
 18 5.760273 0.000016 0.000006 0.970829 0.657265 0.654716
time 154
  0 2.689317 -2.689317 -3.158410 -0.081851 -0.140975 -1.519078
  1 0.000000 0.000000 0.000000 -1.570796 -1.570796 0.000000
  2 4.484989 -0.004008 0.000006 -0.206880 0.026563 -0.010784
  3 5.037136 -0.005101 -0.000238 0.030758 0.098460 -0.034271
  4 6.388059 -0.005253 -0.000001 -0.170852 -0.081973 -0.342158
  5 6.146608 1.394838 0.000001 0.178974 0.069016 0.591580
  6 -2.045028 0.660816 -3.266242 -0.491443 1.383688 2.094093
  7 5.760270 -0.000012 -0.000009 -1.074890 -0.892373 0.684152
  8 10.965153 0.000065 -0.000006 0.000013 0.000002 -0.299641
  9 0.000007 -0.000004 -4.044200 -0.177650 2.821336 -0.321457
 10 -0.000007 0.000007 4.044200 -0.018176 -2.679382 -0.466365
 11 17.182070 0.000091 0.000546 0.000004 -0.000009 -2.493704
 12 16.782913 0.000650 -0.000234 0.041087 -0.107097 0.970209
 13 5.168527 5.004116 -0.000135 -0.160110 0.009537 2.441118
 14 17.182070 0.000099 0.000206 -0.000001 -0.000007 -2.323532
 15 16.782906 0.000656 -0.000113 -0.031856 0.478369 1.346096
 16 5.168479 5.004167 -0.000064 0.000011 -0.000001 2.067008
 17 -2.439576 1.699896 2.531857 -0.803214 -0.958245 3.339105
 18 5.760273 0.000016 0.000006 0.971440 0.654542 0.655569
time 155
  0 2.701036 -2.701036 -3.158410 -0.081851 -0.140975 -1.519078
  1 0.000000 0.000000 0.000000 -1.570796 -1.570796 0.000000
  2 4.484989 -0.004008 0.000006 -0.207043 0.026930 -0.010784
  3 5.037136 -0.005101 -0.000238 0.029670 0.099236 -0.034362
  4 6.388059 -0.005253 -0.000001 -0.171715 -0.081383 -0.341700
  5 6.146608 1.394838 0.000001 0.171392 0.082847 0.578718
  6 -2.013777 0.649096 -3.281867 -0.563543 1.383424 2.038389
  7 5.760270 -0.000012 -0.000009 -1.077886 -0.891114 0.682928
  8 10.965153 0.000065 -0.000006 0.000013 0.000002 -0.297783
  9 0.000007 -0.000004 -4.044200 -0.178219 2.821241 -0.321457
 10 -0.000007 0.000007 4.044200 -0.019709 -2.679657 -0.465600
 11 17.182070 0.000091 0.000546 0.000004 -0.000009 -2.493202
 12 16.782913 0.000650 -0.000234 0.040842 -0.106375 0.970854
 13 5.168527 5.004116 -0.000135 -0.159963 0.009537 2.440530
 14 17.182070 0.000099 0.000206 -0.000001 -0.000007 -2.322984
 15 16.782906 0.000656 -0.000113 -0.031791 0.478657 1.345381
 16 5.168479 5.004167 -0.000064 0.000011 -0.000001 2.067008
 17 -2.490358 1.645207 2.524044 -0.810225 -0.945860 3.360072
 18 5.760273 0.000016 0.000006 0.972390 0.651721 0.656018
time 156
  0 2.712755 -2.712755 -3.150597 -0.081851 -0.140975 -1.519078
  1 0.000000 0.000000 0.000000 -1.570796 -1.570796 0.000000
  2 4.484989 -0.004008 0.000006 -0.207173 0.027122 -0.010784
  3 5.037136 -0.005101 -0.000238 0.028378 0.100114 -0.034271
  4 6.388059 -0.005253 -0.000001 -0.172446 -0.080793 -0.341208
  5 6.146608 1.394838 0.000001 0.163772 0.096303 0.565895
  6 -1.982526 0.641284 -3.301399 -0.633358 1.382343 1.984402
  7 5.760270 -0.000012 -0.000009 -1.080745 -0.889540 0.681552
  8 10.965153 0.000065 -0.000006 0.000013 0.000002 -0.296297
  9 0.000007 -0.000004 -4.044200 -0.178503 2.820858 -0.321743
 10 -0.000007 0.000007 4.044200 -0.020572 -2.680117 -0.464740
 11 17.182070 0.000091 0.000546 0.000004 -0.000009 -2.492700
 12 16.782913 0.000650 -0.000234 0.040376 -0.105467 0.972586
 13 5.168527 5.004116 -0.000135 -0.160110 0.009537 2.439290
 14 17.182070 0.000099 0.000206 -0.000001 -0.000007 -2.322436
 15 16.782906 0.000656 -0.000113 -0.031726 0.478986 1.344779
 16 5.168479 5.004167 -0.000064 0.000011 -0.000001 2.067008
 17 -2.545048 1.590518 2.500606 -0.816775 -0.933663 3.380091
 18 5.760273 0.000016 0.000006 0.973476 0.648852 0.656871
time 157
  0 2.720568 -2.720568 -3.138878 -0.081851 -0.140975 -1.519078
  1 0.000000 0.000000 0.000000 -1.570796 -1.570796 0.000000
  2 4.484989 -0.004008 0.000006 -0.207303 0.027234 -0.011077
  3 5.037136 -0.005101 -0.000238 0.027017 0.101226 -0.034090
  4 6.388059 -0.005253 -0.000001 -0.173141 -0.080127 -0.340609
  5 6.146608 1.394838 0.000001 0.156171 0.109343 0.553391
  6 -1.959088 0.637377 -3.320931 -0.700314 1.380629 1.933087
  7 5.760270 -0.000012 -0.000009 -1.083604 -0.887652 0.680583
  8 10.965153 0.000065 -0.000006 0.000013 0.000002 -0.294812
  9 0.000007 -0.000004 -4.044200 -0.179073 2.820858 -0.322316
 10 -0.000007 0.000007 4.044200 -0.022010 -2.680393 -0.463879
 11 17.182070 0.000091 0.000546 0.000004 -0.000009 -2.492270
 12 16.782913 0.000650 -0.000234 0.040008 -0.104614 0.973605
 13 5.168527 5.004116 -0.000135 -0.160110 0.009537 2.438344
 14 17.182070 0.000099 0.000206 -0.000001 -0.000007 -2.321956
 15 16.782906 0.000656 -0.000113 -0.031677 0.479315 1.344064
 16 5.168479 5.004167 -0.000064 0.000011 -0.000001 2.067008
 17 -2.588017 1.539735 2.481074 -0.822679 -0.921687 3.399256
 18 5.760273 0.000016 0.000006 0.974562 0.646226 0.657634
time 158
  0 2.720568 -2.720568 -3.134972 -0.081851 -0.140975 -1.519078
  1 0.000000 0.000000 0.000000 -1.570796 -1.570796 0.000000
  2 4.484989 -0.004008 0.000006 -0.207400 0.027314 -0.011370
  3 5.037136 -0.005101 -0.000238 0.025470 0.102411 -0.033788
  4 6.388059 -0.005253 -0.000001 -0.173825 -0.079289 -0.339994
  5 6.146608 1.394838 0.000001 0.148646 0.121888 0.541084
  6 -1.935650 0.629565 -3.332650 -0.763843 1.378335 1.884823
  7 5.760270 -0.000012 -0.000009 -1.086258 -0.885448 0.679003
  8 10.965153 0.000065 -0.000006 0.000013 0.000002 -0.293511
  9 0.000007 -0.000004 -4.044200 -0.179547 2.820858 -0.322316
 10 -0.000007 0.000007 4.044200 -0.023447 -2.680760 -0.463115
 11 17.182070 0.000091 0.000546 0.000004 -0.000009 -2.491768
 12 16.782913 0.000650 -0.000234 0.039861 -0.103966 0.974692
 13 5.168527 5.004116 -0.000135 -0.159791 0.009519 2.437528
 14 17.182070 0.000099 0.000206 -0.000001 -0.000007 -2.321408
 15 16.782906 0.000656 -0.000113 -0.031612 0.479685 1.343349
 16 5.168479 5.004167 -0.000064 0.000011 -0.000001 2.067008
 17 -2.638800 1.485046 2.461542 -0.827753 -0.910025 3.417471
 18 5.760273 0.000016 0.000006 0.975920 0.643745 0.658532
time 159
  0 2.732287 -2.732287 -3.127159 -0.081851 -0.140975 -1.519078
  1 0.000000 0.000000 0.000000 -1.570796 -1.570796 0.000000
  2 4.484989 -0.004008 0.000006 -0.207498 0.027282 -0.011761
  3 5.037136 -0.005101 -0.000238 0.023922 0.103772 -0.033365
  4 6.388059 -0.005253 -0.000001 -0.174472 -0.078509 -0.339307
  5 6.146608 1.394838 0.000001 0.141197 0.133918 0.529096
  6 -1.904399 0.617846 -3.352182 -0.823466 1.375619 1.839707
  7 5.760270 -0.000012 -0.000009 -1.088505 -0.882970 0.677270
  8 10.965153 0.000065 -0.000006 0.000013 0.000002 -0.292273
  9 0.000007 -0.000004 -4.044200 -0.179737 2.820858 -0.322507
 10 -0.000007 0.000007 4.044200 -0.024406 -2.681036 -0.462255
 11 17.182070 0.000091 0.000546 0.000004 -0.000009 -2.491194
 12 16.782913 0.000650 -0.000234 0.039247 -0.102872 0.976322
 13 5.168527 5.004116 -0.000135 -0.160110 0.009537 2.436418
 14 17.182070 0.000099 0.000206 -0.000001 -0.000007 -2.320928
 15 16.782906 0.000656 -0.000113 -0.031547 0.480014 1.342709
 16 5.168479 5.004167 -0.000064 0.000011 -0.000001 2.067008
 17 -2.681770 1.434263 2.442010 -0.832550 -0.898708 3.434454
 18 5.760273 0.000016 0.000006 0.977141 0.641460 0.659475
time 160
  0 2.744006 -2.744006 -3.115440 -0.081851 -0.140975 -1.519078
  1 0.000000 0.000000 0.000000 -1.570796 -1.570796 0.000000
  2 4.484989 -0.004008 0.000006 -0.207595 0.027202 -0.012314
  3 5.037136 -0.005101 -0.000238 0.022188 0.105250 -0.032881
  4 6.388059 -0.005253 -0.000001 -0.175035 -0.077519 -0.338568
  5 6.146608 1.394838 0.000001 0.133918 0.145375 0.517544
  6 -1.884867 0.617846 -3.363901 -0.878898 1.372534 1.798120
  7 5.760270 -0.000012 -0.000009 -1.091091 -0.880255 0.675945
  8 10.965153 0.000065 -0.000006 0.000013 0.000002 -0.290911
  9 0.000007 -0.000004 -4.044200 -0.180021 2.820763 -0.322699
 10 -0.000007 0.000007 4.044200 -0.025843 -2.681311 -0.461586
 11 17.182070 0.000091 0.000546 0.000004 -0.000009 -2.490549
 12 16.782913 0.000650 -0.000234 0.039125 -0.102224 0.977375
 13 5.168527 5.004116 -0.000135 -0.159791 0.009519 2.435570
 14 17.182070 0.000099 0.000206 -0.000001 -0.000007 -2.320380
 15 16.782906 0.000656 -0.000113 -0.031482 0.480384 1.341919
 16 5.168479 5.004167 -0.000064 0.000011 -0.000001 2.067008
 17 -2.724741 1.383480 2.426385 -0.836517 -0.887832 3.450583
 18 5.760273 0.000016 0.000006 0.978227 0.639369 0.660328
time 161
  0 2.744006 -2.744006 -3.115440 -0.081851 -0.140975 -1.519078
  1 0.000000 0.000000 0.000000 -1.570796 -1.570796 0.000000
  2 4.484989 -0.004008 0.000006 -0.207660 0.027074 -0.012868
  3 5.037136 -0.005101 -0.000238 0.020487 0.106801 -0.032337
  4 6.388059 -0.005253 -0.000001 -0.175490 -0.076663 -0.337829
  5 6.146608 1.394838 0.000001 0.126809 0.156238 0.506389
  6 -1.853616 0.610033 -3.383433 -0.930330 1.369159 1.760062
  7 5.760270 -0.000012 -0.000009 -1.093338 -0.877265 0.674263
  8 10.965153 0.000065 -0.000006 0.000013 0.000002 -0.289983
  9 0.000007 -0.000004 -4.044200 -0.180591 2.820668 -0.322985
 10 -0.000007 0.000007 4.044200 -0.027281 -2.681679 -0.460725
 11 17.182070 0.000091 0.000546 0.000004 -0.000009 -2.490119
 12 16.782913 0.000650 -0.000234 0.038512 -0.101093 0.978869
 13 5.168527 5.004116 -0.000135 -0.160110 0.009537 2.434427
 14 17.182070 0.000099 0.000206 -0.000001 -0.000007 -2.319763
 15 16.782906 0.000656 -0.000113 -0.031417 0.480713 1.341166
 16 5.168479 5.004167 -0.000064 0.000011 -0.000001 2.067008
 17 -2.767711 1.348323 2.406853 -0.840207 -0.877365 3.466047
 18 5.760273 0.000016 0.000006 0.979720 0.637521 0.661585
time 162
  0 2.763538 -2.763538 -3.103721 -0.081851 -0.140975 -1.519078
  1 0.000000 0.000000 0.000000 -1.570796 -1.570796 0.000000
  2 4.484989 -0.004008 0.000006 -0.207725 0.026835 -0.013519
  3 5.037136 -0.005101 -0.000238 0.018582 0.108439 -0.031703
  4 6.388059 -0.005253 -0.000001 -0.176078 -0.075673 -0.337108
  5 6.146608 1.394838 0.000001 0.119967 0.166449 0.495750
  6 -1.830178 0.606126 -3.395152 -0.977571 1.365599 1.725725
  7 5.760270 -0.000012 -0.000009 -1.095380 -0.874117 0.672580
  8 10.965153 0.000065 -0.000006 0.000013 0.000002 -0.288868
  9 0.000007 -0.000004 -4.044200 -0.181065 2.820285 -0.323176
 10 -0.000007 0.000007 4.044200 -0.028719 -2.682046 -0.459387
 11 17.182070 0.000091 0.000546 0.000004 -0.000009 -2.489545
 12 16.782913 0.000650 -0.000234 0.038144 -0.100185 0.980194
 13 5.168527 5.004116 -0.000135 -0.160110 0.009537 2.433415
 14 17.182070 0.000099 0.000206 -0.000001 -0.000007 -2.319215
 15 16.782906 0.000656 -0.000113 -0.031352 0.481083 1.340376
 16 5.168479 5.004167 -0.000064 0.000011 -0.000001 2.067008
 17 -2.798962 1.305353 2.387321 -0.843159 -0.867463 3.479994
 18 5.760273 0.000016 0.000006 0.980806 0.635916 0.662483
time 163
  0 2.775257 -2.775257 -3.095908 -0.081851 -0.140975 -1.519078
  1 0.000000 0.000000 0.000000 -1.570796 -1.570796 0.000000
  2 4.484989 -0.004008 0.000006 -0.207758 0.026595 -0.014105
  3 5.037136 -0.005101 -0.000238 0.016695 0.110151 -0.031038
  4 6.388059 -0.005253 -0.000001 -0.176461 -0.074626 -0.336316
  5 6.146608 1.394838 0.000001 0.113427 0.175986 0.485627
  6 -1.810646 0.606126 -3.406871 -1.020431 1.362013 1.694821
  7 5.760270 -0.000012 -0.000009 -1.097966 -0.870734 0.670847
  8 10.965153 0.000065 -0.000006 0.000013 0.000002 -0.288125
  9 0.000007 -0.000004 -4.044200 -0.181160 2.820285 -0.323845
 10 -0.000007 0.000007 4.044200 -0.029773 -2.682505 -0.458527
 11 17.182070 0.000091 0.000546 0.000004 -0.000009 -2.488900
 12 16.782913 0.000650 -0.000234 0.037751 -0.099277 0.981281
 13 5.168527 5.004116 -0.000135 -0.160110 0.009537 2.432404
 14 17.182070 0.000099 0.000206 -0.000001 -0.000007 -2.318735
 15 16.782906 0.000656 -0.000113 -0.031287 0.481453 1.339548
 16 5.168479 5.004167 -0.000064 0.000011 -0.000001 2.067008
 17 -2.838025 1.262383 2.375602 -0.846019 -0.858127 3.493276
 18 5.760273 0.000016 0.000006 0.982300 0.634554 0.663695
time 164
  0 2.775257 -2.775257 -3.084189 -0.081851 -0.140975 -1.519078
  1 0.000000 0.000000 0.000000 -1.570796 -1.570796 0.000000
  2 4.484989 -0.004008 0.000006 -0.207725 0.026339 -0.014854
  3 5.037136 -0.005101 -0.000238 0.014773 0.111922 -0.030313
  4 6.388059 -0.005253 -0.000001 -0.176941 -0.073656 -0.335577
  5 6.146608 1.394838 0.000001 0.107229 0.184811 0.476179
  6 -1.791114 0.598314 -3.418590 -1.058910 1.358427 1.667255
  7 5.760270 -0.000012 -0.000009 -1.100077 -0.867232 0.668910
  8 10.965153 0.000065 -0.000006 0.000013 0.000002 -0.287320
  9 0.000007 -0.000004 -4.044200 -0.182014 2.820285 -0.323845
 10 -0.000007 0.000007 4.044200 -0.031115 -2.682873 -0.457667
 11 17.182070 0.000091 0.000546 0.000004 -0.000009 -2.488398
 12 16.782913 0.000650 -0.000234 0.037384 -0.098351 0.982809
 13 5.168527 5.004116 -0.000135 -0.160110 0.009537 2.431392
 14 17.182070 0.000099 0.000206 -0.000001 -0.000007 -2.318187
 15 16.782906 0.000656 -0.000113 -0.031221 0.481782 1.338720
 16 5.168479 5.004167 -0.000064 0.000011 -0.000001 2.067008
 17 -2.869276 1.219412 2.352164 -0.848233 -0.849420 3.505136
 18 5.760273 0.000016 0.000006 0.983453 0.633484 0.664683
time 165
  0 2.786976 -2.786976 -3.084189 -0.081851 -0.140975 -1.519078
  1 0.000000 0.000000 0.000000 -1.570796 -1.570796 0.000000
  2 4.484989 -0.004008 0.000006 -0.207693 0.026019 -0.015667
  3 5.037136 -0.005101 -0.000238 0.012715 0.113751 -0.029557
  4 6.388059 -0.005253 -0.000001 -0.177420 -0.072647 -0.334891
  5 6.146608 1.394838 0.000001 0.101447 0.192865 0.467366
  6 -1.771582 0.594407 -3.430309 -1.093198 1.354973 1.643314
  7 5.760270 -0.000012 -0.000009 -1.102119 -0.863573 0.667330
  8 10.965153 0.000065 -0.000006 0.000013 0.000002 -0.286268
  9 0.000007 -0.000004 -4.044200 -0.182108 2.820190 -0.324036
 10 -0.000007 0.000007 4.044200 -0.032552 -2.683149 -0.456806
 11 17.182070 0.000091 0.000546 0.000004 -0.000009 -2.487824
 12 16.782913 0.000650 -0.000234 0.037016 -0.097442 0.984100
 13 5.168527 5.004116 -0.000135 -0.160110 0.009537 2.430380
 14 17.182070 0.000099 0.000206 -0.000001 -0.000007 -2.317502
 15 16.782906 0.000656 -0.000113 -0.031156 0.482173 1.338042
 16 5.168479 5.004167 -0.000064 0.000011 -0.000001 2.067008
 17 -2.892715 1.188161 2.344351 -0.850354 -0.841373 3.516236
 18 5.760273 0.000016 0.000006 0.984879 0.632706 0.665536
time 166
  0 2.798695 -2.798695 -3.072470 -0.081851 -0.140975 -1.519078
  1 0.000000 0.000000 0.000000 -1.570796 -1.570796 0.000000
  2 4.484989 -0.004008 0.000006 -0.207628 0.025620 -0.016449
  3 5.037136 -0.005101 -0.000238 0.010760 0.115550 -0.028772
  4 6.388059 -0.005253 -0.000001 -0.177731 -0.071562 -0.334205
  5 6.146608 1.394838 0.000001 0.096500 0.199652 0.459903
  6 -1.755957 0.594407 -3.438122 -1.121295 1.351914 1.623951
  7 5.760270 -0.000012 -0.000009 -1.104773 -0.859836 0.666158
  8 10.965153 0.000065 -0.000006 0.000013 0.000002 -0.285525
  9 0.000007 -0.000004 -4.044200 -0.182678 2.820094 -0.324418
 10 -0.000007 0.000007 4.044200 -0.033607 -2.683516 -0.456137
 11 17.182070 0.000091 0.000546 0.000004 -0.000009 -2.487179
 12 16.782913 0.000650 -0.000234 0.036672 -0.096534 0.985220
 13 5.168527 5.004116 -0.000135 -0.160110 0.009537 2.429336
 14 17.182070 0.000099 0.000206 -0.000001 -0.000007 -2.317022
 15 16.782906 0.000656 -0.000113 -0.031059 0.482481 1.337214
 16 5.168479 5.004167 -0.000064 0.000011 -0.000001 2.067008
 17 -2.916152 1.156911 2.332632 -0.851830 -0.834489 3.525249
 18 5.760273 0.000016 0.000006 0.986032 0.631880 0.666299
time 167
  0 2.806508 -2.806508 -3.064657 -0.081851 -0.140975 -1.519078
  1 0.000000 0.000000 0.000000 -1.570796 -1.570796 0.000000
  2 4.484989 -0.004008 0.000006 -0.207530 0.025252 -0.017295
  3 5.037136 -0.005101 -0.000238 0.008770 0.117379 -0.027986
  4 6.388059 -0.005253 -0.000001 -0.178199 -0.070458 -0.333589
  5 6.146608 1.394838 0.000001 0.092671 0.204816 0.454107
  6 -1.748144 0.594407 -3.445935 -1.142059 1.349462 1.609548
  7 5.760270 -0.000012 -0.000009 -1.106884 -0.855980 0.664781
  8 10.965153 0.000065 -0.000006 0.000013 0.000002 -0.284906
  9 0.000007 -0.000004 -4.044200 -0.182962 2.819999 -0.324705
 10 -0.000007 0.000007 4.044200 -0.035044 -2.683883 -0.455277
 11 17.182070 0.000091 0.000546 0.000004 -0.000009 -2.486677
 12 16.782913 0.000650 -0.000234 0.036305 -0.095589 0.986715
 13 5.168527 5.004116 -0.000135 -0.160110 0.009537 2.428324
 14 17.182070 0.000099 0.000206 -0.000001 -0.000007 -2.316406
 15 16.782906 0.000656 -0.000113 -0.030994 0.482872 1.336575
 16 5.168479 5.004167 -0.000064 0.000011 -0.000001 2.067008
 17 -2.935684 1.133472 2.313100 -0.852661 -0.829113 3.531890
 18 5.760273 0.000016 0.000006 0.987186 0.630761 0.666434
time 168
  0 2.818227 -2.818227 -3.052938 -0.081851 -0.140975 -1.519078
  1 0.000000 0.000000 0.000000 -1.570796 -1.570796 0.000000
  2 4.484989 -0.004008 0.000006 -0.207368 0.024805 -0.018174
  3 5.037136 -0.005101 -0.000238 0.006746 0.119223 -0.027170
  4 6.388059 -0.005253 -0.000001 -0.178487 -0.069583 -0.333026
  5 6.146608 1.394838 0.000001 0.089904 0.208497 0.449939
  6 -1.736425 0.594407 -3.449841 -1.156345 1.347748 1.600010
  7 5.760270 -0.000012 -0.000009 -1.109607 -0.852124 0.663405
  8 10.965153 0.000065 -0.000006 0.000013 0.000002 -0.284225
  9 0.000007 -0.000004 -4.044200 -0.183721 2.819712 -0.324896
 10 -0.000007 0.000007 4.044200 -0.036386 -2.684159 -0.453939
 11 17.182070 0.000091 0.000546 0.000004 -0.000009 -2.485960
 12 16.782913 0.000650 -0.000234 0.035937 -0.094681 0.987938
 13 5.168527 5.004116 -0.000135 -0.160110 0.009537 2.427312
 14 17.182070 0.000099 0.000206 -0.000001 -0.000007 -2.315857
 15 16.782906 0.000656 -0.000113 -0.030929 0.483242 1.335747
 16 5.168479 5.004167 -0.000064 0.000011 -0.000001 2.067008
 17 -2.947403 1.113940 2.313100 -0.853030 -0.825153 3.536349
 18 5.760273 0.000016 0.000006 0.988679 0.629351 0.666434
time 169
  0 2.829946 -2.829946 -3.052938 -0.081851 -0.140975 -1.519078
  1 0.000000 0.000000 0.000000 -1.570796 -1.570796 0.000000
  2 4.484989 -0.004008 0.000006 -0.207140 0.024389 -0.019021
  3 5.037136 -0.005101 -0.000238 0.004808 0.121008 -0.026384
  4 6.388059 -0.005253 -0.000001 -0.178930 -0.068593 -0.332551
  5 6.146608 1.394838 0.000001 0.088122 0.210851 0.447280
  6 -1.728612 0.594407 -3.449841 -1.165013 1.346667 1.594287
  7 5.760270 -0.000012 -0.000009 -1.112261 -0.848190 0.662742
  8 10.965153 0.000065 -0.000006 0.000013 0.000002 -0.283792
  9 0.000007 -0.000004 -4.044200 -0.183816 2.819712 -0.325469
 10 -0.000007 0.000007 4.044200 -0.037920 -2.684618 -0.453174
 11 17.182070 0.000091 0.000546 0.000004 -0.000009 -2.485458
 12 16.782913 0.000650 -0.000234 0.035569 -0.093810 0.989092
 13 5.168527 5.004116 -0.000135 -0.160110 0.009537 2.426301
 14 17.182070 0.000099 0.000206 -0.000001 -0.000007 -2.315309
 15 16.782906 0.000656 -0.000113 -0.030864 0.483571 1.334919
 16 5.168479 5.004167 -0.000064 0.000011 -0.000001 2.067008
 17 -2.955216 1.102221 2.301381 -0.853030 -0.822481 3.539006
 18 5.760273 0.000016 0.000006 0.989765 0.627843 0.666299
time 170
  0 2.837759 -2.837759 -3.041219 -0.081851 -0.140975 -1.519078
  1 0.000000 0.000000 0.000000 -1.570796 -1.570796 0.000000
  2 4.484989 -0.004008 0.000006 -0.206913 0.023942 -0.019834
  3 5.037136 -0.005101 -0.000238 0.002869 0.122764 -0.025599
  4 6.388059 -0.005253 -0.000001 -0.179266 -0.067584 -0.332111
  5 6.146608 1.394838 0.000001 0.087212 0.212058 0.445970
  6 -1.724706 0.594407 -3.449841 -1.169204 1.346113 1.591807
  7 5.760270 -0.000012 -0.000009 -1.114576 -0.844295 0.662029
  8 10.965153 0.000065 -0.000006 0.000013 0.000002 -0.282925
  9 0.000007 -0.000004 -4.044200 -0.184290 2.819712 -0.325469
 10 -0.000007 0.000007 4.044200 -0.039357 -2.684894 -0.452219
 11 17.182070 0.000091 0.000546 0.000004 -0.000009 -2.484956
 12 16.782913 0.000650 -0.000234 0.035471 -0.093143 0.990587
 13 5.168527 5.004116 -0.000135 -0.159777 0.009519 2.425289
 14 17.182070 0.000099 0.000206 -0.000001 -0.000007 -2.314829
 15 16.782906 0.000656 -0.000113 -0.030815 0.483941 1.334279
 16 5.168479 5.004167 -0.000064 0.000011 -0.000001 2.067008
 17 -2.955216 1.094409 2.301381 -0.853030 -0.820940 3.540144
 18 5.760273 0.000016 0.000006 0.991191 0.626238 0.665805
time 171
  0 2.841665 -2.841665 -3.037313 -0.081851 -0.140975 -1.519078
  1 0.000000 0.000000 0.000000 -1.570796 -1.570796 0.000000
  2 4.484989 -0.004008 0.000006 -0.206588 0.023430 -0.020681
  3 5.037136 -0.005101 -0.000238 0.000879 0.124490 -0.024843
  4 6.388059 -0.005253 -0.000001 -0.179553 -0.066747 -0.331848
  5 6.146608 1.394838 0.000001 0.087060 0.212256 0.445731
  6 -1.724706 0.594407 -3.449841 -1.168918 1.346113 1.592093
  7 5.760270 -0.000012 -0.000009 -1.117435 -0.840400 0.661213
  8 10.965153 0.000065 -0.000006 0.000013 0.000002 -0.282182
  9 0.000007 -0.000004 -4.044200 -0.184670 2.819139 -0.325660
 10 -0.000007 0.000007 4.044200 -0.040220 -2.685261 -0.451263
 11 17.182070 0.000091 0.000546 0.000004 -0.000009 -2.484311
 12 16.782913 0.000650 -0.000234 0.034907 -0.092068 0.991741
 13 5.168527 5.004116 -0.000135 -0.160110 0.009537 2.424310
 14 17.182070 0.000099 0.000206 -0.000001 -0.000007 -2.314281
 15 16.782906 0.000656 -0.000113 -0.030750 0.484270 1.333489
 16 5.168479 5.004167 -0.000064 0.000011 -0.000001 2.067008
 17 -2.955216 1.094409 2.301381 -0.852661 -0.820469 3.539860
 18 5.760273 0.000016 0.000006 0.992344 0.624633 0.665087
time 172
  0 2.857291 -2.857291 -3.029500 -0.081851 -0.140975 -1.519078
  1 0.000000 0.000000 0.000000 -1.570796 -1.570796 0.000000
  2 4.484989 -0.004008 0.000006 -0.206230 0.022951 -0.021495
  3 5.037136 -0.005101 -0.000238 -0.000804 0.126115 -0.024148
  4 6.388059 -0.005253 -0.000001 -0.179985 -0.065833 -0.331636
  5 6.146608 1.394838 0.000001 0.087572 0.211583 0.446486
  6 -1.724706 0.594407 -3.449841 -1.165394 1.346535 1.594764
  7 5.760270 -0.000012 -0.000009 -1.120430 -0.836544 0.661009
  8 10.965153 0.000065 -0.000006 0.000013 0.000002 -0.281563
  9 0.000007 -0.000004 -4.044200 -0.185239 2.819139 -0.326042
 10 -0.000007 0.000007 4.044200 -0.041754 -2.685629 -0.450594
 11 17.182070 0.000091 0.000546 0.000004 -0.000009 -2.483809
 12 16.782913 0.000650 -0.000234 0.034759 -0.091401 0.992760
 13 5.168527 5.004116 -0.000135 -0.159831 0.009537 2.423559
 14 17.182070 0.000099 0.000206 -0.000001 -0.000007 -2.313664
 15 16.782906 0.000656 -0.000113 -0.030685 0.484599 1.332774
 16 5.168479 5.004167 -0.000064 0.000011 -0.000001 2.067008
 17 -2.955216 1.094409 2.301381 -0.852199 -0.820878 3.538437
 18 5.760273 0.000016 0.000006 0.993430 0.623126 0.664503
time 173
  0 2.861197 -2.861197 -3.021687 -0.081851 -0.140975 -1.519078
  1 0.000000 0.000000 0.000000 -1.570796 -1.570796 0.000000
  2 4.484989 -0.004008 0.000006 -0.205775 0.022455 -0.022243
  3 5.037136 -0.005101 -0.000238 -0.002624 0.127636 -0.023453
  4 6.388059 -0.005253 -0.000001 -0.180236 -0.065110 -0.331601
  5 6.146608 1.394838 0.000001 0.088615 0.210218 0.447994
  6 -1.728612 0.594407 -3.449841 -1.158727 1.347247 1.599533
  7 5.760270 -0.000012 -0.000009 -1.123969 -0.832807 0.661162
  8 10.965153 0.000065 -0.000006 0.000013 0.000002 -0.280820
  9 0.000007 -0.000004 -4.044200 -0.185713 2.819139 -0.326329
 10 -0.000007 0.000007 4.044200 -0.042808 -2.685905 -0.449447
 11 17.182070 0.000091 0.000546 0.000004 -0.000009 -2.483307
 12 16.782913 0.000650 -0.000234 0.034244 -0.090363 0.994289
 13 5.168527 5.004116 -0.000135 -0.160110 0.009537 2.422384
 14 17.182070 0.000099 0.000206 -0.000001 -0.000007 -2.313116
 15 16.782906 0.000656 -0.000113 -0.030620 0.484969 1.332096
 16 5.168479 5.004167 -0.000064 0.000011 -0.000001 2.067008
 17 -2.955216 1.102221 2.301381 -0.851554 -0.822104 3.536065
 18 5.760273 0.000016 0.000006 0.994448 0.621813 0.663785
time 174
  0 2.861197 -2.861197 -3.009968 -0.081851 -0.140975 -1.519078
  1 0.000000 0.000000 0.000000 -1.570796 -1.570796 0.000000
  2 4.484989 -0.004008 0.000006 -0.205288 0.021976 -0.023025
  3 5.037136 -0.005101 -0.000238 -0.004273 0.129026 -0.022849
  4 6.388059 -0.005253 -0.000001 -0.180680 -0.064482 -0.331689
  5 6.146608 1.394838 0.000001 0.090074 0.208259 0.450217
  6 -1.736425 0.594407 -3.449841 -1.150059 1.348302 1.606019
  7 5.760270 -0.000012 -0.000009 -1.127169 -0.829148 0.661927
  8 10.965153 0.000065 -0.000006 0.000013 0.000002 -0.280077
  9 0.000007 -0.000004 -4.044200 -0.185808 2.819139 -0.326425
 10 -0.000007 0.000007 4.044200 -0.044054 -2.686272 -0.449064
 11 17.182070 0.000091 0.000546 0.000004 -0.000009 -2.482805
 12 16.782913 0.000650 -0.000234 0.033926 -0.089511 0.995477
 13 5.168527 5.004116 -0.000135 -0.160110 0.009537 2.421438
 14 17.182070 0.000099 0.000206 -0.000001 -0.000007 -2.312636
 15 16.782906 0.000656 -0.000113 -0.030603 0.485257 1.331419
 16 5.168479 5.004167 -0.000064 0.000011 -0.000001 2.067008
 17 -2.947403 1.113940 2.313100 -0.850816 -0.823990 3.533219
 18 5.760273 0.000016 0.000006 0.995534 0.620743 0.663201
time 175
  0 2.872916 -2.872916 -3.009968 -0.081851 -0.140975 -1.519078
  1 0.000000 0.000000 0.000000 -1.570796 -1.570796 0.000000
  2 4.484989 -0.004008 0.000006 -0.204735 0.021448 -0.023741
  3 5.037136 -0.005101 -0.000238 -0.005940 0.130343 -0.022275
  4 6.388059 -0.005253 -0.000001 -0.180955 -0.063911 -0.331900
  5 6.146608 1.394838 0.000001 0.091856 0.205905 0.452956
  6 -1.740331 0.594407 -3.445935 -1.139297 1.349462 1.613459
  7 5.760270 -0.000012 -0.000009 -1.131049 -0.825646 0.662742
  8 10.965153 0.000065 -0.000006 0.000013 0.000002 -0.279396
  9 0.000007 -0.000004 -4.044200 -0.185998 2.819139 -0.326998
 10 -0.000007 0.000007 4.044200 -0.045492 -2.686731 -0.448204
 11 17.182070 0.000091 0.000546 0.000004 -0.000009 -2.482088
 12 16.782913 0.000650 -0.000234 0.033607 -0.088714 0.996564
 13 5.168527 5.004116 -0.000135 -0.160110 0.009537 2.420524
 14 17.182070 0.000099 0.000206 -0.000001 -0.000007 -2.312088
 15 16.782906 0.000656 -0.000113 -0.030506 0.485586 1.330741
 16 5.168479 5.004167 -0.000064 0.000011 -0.000001 2.067008
 17 -2.935684 1.125660 2.313100 -0.850447 -0.826410 3.530088
 18 5.760273 0.000016 0.000006 0.996485 0.620014 0.662483
time 176
  0 2.884635 -2.884635 -3.002155 -0.081851 -0.140975 -1.519078
  1 0.000000 0.000000 0.000000 -1.570796 -1.570796 0.000000
  2 4.484989 -0.004008 0.000006 -0.204086 0.021001 -0.024392
  3 5.037136 -0.005101 -0.000238 -0.007369 0.131499 -0.021791
  4 6.388059 -0.005253 -0.000001 -0.181411 -0.063359 -0.332287
  5 6.146608 1.394838 0.000001 0.093827 0.203253 0.455814
  6 -1.748144 0.594407 -3.438122 -1.127582 1.350754 1.621662
  7 5.760270 -0.000012 -0.000009 -1.134861 -0.822302 0.663966
  8 10.965153 0.000065 -0.000006 0.000013 0.000002 -0.278653
  9 0.000007 -0.000004 -4.044200 -0.186472 2.819043 -0.326998
 10 -0.000007 0.000007 4.044200 -0.046258 -2.686915 -0.447057
 11 17.182070 0.000091 0.000546 0.000004 -0.000009 -2.481658
 12 16.782913 0.000650 -0.000234 0.033313 -0.087880 0.997549
 13 5.168527 5.004116 -0.000135 -0.160110 0.009537 2.419643
 14 17.182070 0.000099 0.000206 -0.000001 -0.000007 -2.311609
 15 16.782906 0.000656 -0.000113 -0.030490 0.485915 1.330026
 16 5.168479 5.004167 -0.000064 0.000011 -0.000001 2.067008
 17 -2.923965 1.133472 2.320913 -0.850078 -0.829271 3.526577
 18 5.760273 0.000016 0.000006 0.997095 0.619673 0.662079
time 177
  0 2.892448 -2.892448 -2.990436 -0.081851 -0.140975 -1.519078
  1 0.000000 0.000000 0.000000 -1.570796 -1.570796 0.000000
  2 4.484989 -0.004008 0.000006 -0.203371 0.020490 -0.024978
  3 5.037136 -0.005101 -0.000238 -0.008797 0.132538 -0.021368
  4 6.388059 -0.005253 -0.000001 -0.181698 -0.062959 -0.332850
  5 6.146608 1.394838 0.000001 0.095894 0.200483 0.458990
  6 -1.755957 0.594407 -3.438122 -1.115486 1.352125 1.630437
  7 5.760270 -0.000012 -0.000009 -1.138877 -0.819155 0.665291
  8 10.965153 0.000065 -0.000006 0.000013 0.000002 -0.277786
  9 0.000007 -0.000004 -4.044200 -0.186757 2.818948 -0.326998
 10 -0.000007 0.000007 4.044200 -0.047792 -2.687283 -0.446675
 11 17.182070 0.000091 0.000546 0.000004 -0.000009 -2.481156
 12 16.782913 0.000650 -0.000234 0.033043 -0.087139 0.998636
 13 5.168527 5.004116 -0.000135 -0.160110 0.009537 2.418761
 14 17.182070 0.000099 0.000206 -0.000001 -0.000007 -2.311197
 15 16.782906 0.000656 -0.000113 -0.030441 0.486223 1.329424
 16 5.168479 5.004167 -0.000064 0.000011 -0.000001 2.067008
 17 -2.923965 1.149098 2.320913 -0.849709 -0.832414 3.523447
 18 5.760273 0.000016 0.000006 0.997638 0.619868 0.662079
time 178
  0 2.892448 -2.892448 -2.990436 -0.081851 -0.140975 -1.519078
  1 0.000000 0.000000 0.000000 -1.570796 -1.570796 0.000000
  2 4.484989 -0.004008 0.000006 -0.202591 0.020058 -0.025434
  3 5.037136 -0.005101 -0.000238 -0.010038 0.133343 -0.021066
  4 6.388059 -0.005253 -0.000001 -0.182190 -0.062750 -0.333589
  5 6.146608 1.394838 0.000001 0.097922 0.197713 0.462007
  6 -1.759863 0.594407 -3.438122 -1.103294 1.353417 1.639117
  7 5.760270 -0.000012 -0.000009 -1.143574 -0.816204 0.667381
  8 10.965153 0.000065 -0.000006 0.000013 0.000002 -0.276672
  9 0.000007 -0.000004 -4.044200 -0.187326 2.818661 -0.327284
 10 -0.000007 0.000007 4.044200 -0.048559 -2.687558 -0.445528
 11 17.182070 0.000091 0.000546 0.000004 -0.000009 -2.480654
 12 16.782913 0.000650 -0.000234 0.032798 -0.086453 1.000232
 13 5.168527 5.004116 -0.000135 -0.160017 0.009537 2.417587
 14 17.182070 0.000099 0.000206 -0.000001 -0.000007 -2.310718
 15 16.782906 0.000656 -0.000113 -0.030376 0.486511 1.328709
 16 5.168479 5.004167 -0.000064 0.000011 -0.000001 2.067008
 17 -2.912246 1.168630 2.332632 -0.849709 -0.835746 3.520505
 18 5.760273 0.000016 0.000006 0.998113 0.620646 0.662079
time 179
  0 2.904167 -2.904167 -2.978717 -0.081851 -0.140975 -1.519078
  1 0.000000 0.000000 0.000000 -1.570796 -1.570796 0.000000
  2 4.484989 -0.004008 0.000006 -0.201713 0.019595 -0.025922
  3 5.037136 -0.005101 -0.000238 -0.011195 0.133972 -0.020855
  4 6.388059 -0.005253 -0.000001 -0.182525 -0.062617 -0.334539
  5 6.146608 1.394838 0.000001 0.099798 0.195140 0.464866
  6 -1.767676 0.594407 -3.434216 -1.091674 1.354630 1.647034
  7 5.760270 -0.000012 -0.000009 -1.148407 -0.813489 0.670287
  8 10.965153 0.000065 -0.000006 0.000013 0.000002 -0.275867
  9 0.000007 -0.000004 -4.044200 -0.187326 2.818661 -0.327762
 10 -0.000007 0.000007 4.044200 -0.049517 -2.687834 -0.445146
 11 17.182070 0.000091 0.000546 0.000004 -0.000009 -2.480152
 12 16.782913 0.000650 -0.000234 0.032528 -0.085638 1.000945
 13 5.168527 5.004116 -0.000135 -0.160110 0.009537 2.417097
 14 17.182070 0.000099 0.000206 -0.000001 -0.000007 -2.310307
 15 16.782906 0.000656 -0.000113 -0.030311 0.486799 1.328107
 16 5.168479 5.004167 -0.000064 0.000011 -0.000001 2.067008
 17 -2.904433 1.176442 2.332632 -0.850078 -0.839141 3.518608
 18 5.760273 0.000016 0.000006 0.998521 0.622056 0.662797
time 180
  0 2.915886 -2.915886 -2.978717 -0.081851 -0.140975 -1.519078
  1 0.000000 0.000000 0.000000 -1.570796 -1.570796 0.000000
  2 4.484989 -0.004008 0.000006 -0.200738 0.019211 -0.026248
  3 5.037136 -0.005101 -0.000238 -0.012079 0.134411 -0.020734
  4 6.388059 -0.005253 -0.000001 -0.183053 -0.062617 -0.335665
  5 6.146608 1.394838 0.000001 0.101447 0.192865 0.467366
  6 -1.771582 0.594407 -3.430309 -1.081959 1.355632 1.653997
  7 5.760270 -0.000012 -0.000009 -1.138332 -0.811915 0.676302
  8 10.965153 0.000065 -0.000006 0.000013 0.000002 -0.274567
  9 0.000007 -0.000004 -4.044200 -0.187895 2.819043 -0.327858
 10 -0.000007 0.000007 4.044200 -0.050763 -2.688109 -0.444190
 11 17.182070 0.000091 0.000546 0.000004 -0.000009 -2.479722
 12 16.782913 0.000650 -0.000234 0.032233 -0.084952 1.001930
 13 5.168527 5.004116 -0.000135 -0.160110 0.009537 2.416314
 14 17.182070 0.000099 0.000206 -0.000001 -0.000007 -2.309758
 15 16.782906 0.000656 -0.000113 -0.029888 0.487025 1.327731
 16 5.168479 5.004167 -0.000064 0.000011 -0.000001 2.067008
 17 -2.892715 1.188161 2.344351 -0.850816 -0.842473 3.517280
 18 5.760273 0.000016 0.000006 0.998521 0.624244 0.663695
end
