version 1
nodes
  0 "Bip01"  -1
  1 "Bip01 Pelvis"   0
  2 "Bip01 Spine"   1
  3 "Bip01 Spine1"   2
  4 "Bip01 Spine2"   3
  5 "Bip01 Neck"   4
  6 "Bip01 R Clavicle"   5
  7 "Bip01 R UpperArm"   6
  8 "Bip01 R Forearm"   7
  9 "Bip01 R Thigh"   1
 10 "Bip01 L Thigh"   1
 11 "Bip01 L Calf"  10
 12 "Bip01 L Foot"  11
 13 "Bip01 L Toe0"  12
 14 "Bip01 R Calf"   9
 15 "Bip01 R Foot"  14
 16 "Bip01 R Toe0"  15
 17 "Bip01 L Clavicle"   5
 18 "Bip01 L UpperArm"  17
end
skeleton
time 0
  0 2.915886 -2.915886 0.533109 -0.081851 -0.140975 -1.519078
  1 0.000000 0.000000 0.000000 -1.570796 -1.570796 0.000000
  2 4.484989 -0.004008 0.000006 -0.129017 0.004811 -0.014105
  3 5.037136 -0.005101 -0.000238 0.102353 0.151135 -0.014509
  4 6.388059 -0.005253 -0.000001 -0.195229 -0.060162 -0.301885
  5 6.146608 1.394838 0.000001 0.007922 -0.092963 0.811027
  6 -2.185658 1.656940 -2.785758 -0.319146 1.201984 2.021697
  7 5.760270 -0.000012 -0.000009 -0.994771 -0.815260 0.676556
  8 10.965153 0.000065 -0.000006 0.000013 0.000002 -0.262433
  9 0.000007 -0.000004 -4.044200 0.043960 3.068106 0.032615
 10 -0.000007 0.000007 4.044200 -0.169994 -2.891417 -0.190231
 11 17.182070 0.000091 0.000546 0.000004 -0.000009 -0.722965
 12 16.782913 0.000650 -0.000234 -0.108267 -0.072036 0.371132
 13 5.168527 5.004116 -0.000135 0.000010 0.000000 1.570793
 14 17.182070 0.000099 0.000206 -0.000001 -0.000007 -0.536527
 15 16.782906 0.000656 -0.000113 0.140855 0.135405 0.423093
 16 5.168479 5.004167 -0.000064 0.000011 -0.000001 1.570802
 17 -1.650489 1.699896 3.102187 -0.591956 -1.277552 2.889778
 18 5.760273 0.000016 0.000006 1.022208 0.733908 0.858771
time 1
  0 2.861197 -2.861197 0.525296 -0.081564 -0.140629 -1.514947
  1 0.000000 0.000000 0.000000 -1.570796 -1.570796 0.000000
  2 4.484989 -0.004008 0.000006 -0.133047 0.003404 -0.014789
  3 5.037136 -0.005101 -0.000238 0.102438 0.148940 -0.011397
  4 6.388059 -0.005253 -0.000001 -0.190927 -0.060047 -0.290273
  5 6.146608 1.394838 0.000001 0.006330 -0.092488 0.809995
  6 -2.185658 1.656940 -2.774039 -0.307050 1.199110 2.034383
  7 5.760270 -0.000012 -0.000009 -0.980272 -0.824505 0.659378
  8 10.965153 0.000065 -0.000006 0.000013 0.000002 -0.263609
  9 0.000007 -0.000004 -4.044200 0.044719 3.069826 0.032328
 10 -0.000007 0.000007 4.044200 -0.169323 -2.889672 -0.191569
 11 17.182070 0.000091 0.000546 0.000004 -0.000009 -0.723467
 12 16.782913 0.000650 -0.000234 -0.103828 -0.073778 0.370487
 13 5.168527 5.004116 -0.000135 0.000010 0.000000 1.570793
 14 17.182070 0.000099 0.000206 -0.000001 -0.000007 -0.539473
 15 16.782906 0.000656 -0.000113 0.144498 0.133164 0.426141
 16 5.168479 5.004167 -0.000064 0.000011 -0.000001 1.570802
 17 -1.650489 1.699896 3.102187 -0.604779 -1.273151 2.902396
 18 5.760273 0.000016 0.000006 1.004426 0.738479 0.837400
time 2
  0 2.806508 -2.806508 0.513577 -0.081277 -0.140382 -1.510628
  1 0.000000 0.000000 0.000000 -1.570796 -1.570796 0.000000
  2 4.484989 -0.004008 0.000006 -0.137662 0.001774 -0.016058
  3 5.037136 -0.005101 -0.000238 0.102506 0.146775 -0.008405
  4 6.388059 -0.005253 -0.000001 -0.186744 -0.060219 -0.278908
  5 6.146608 1.394838 0.000001 0.001895 -0.091162 0.806978
  6 -2.185658 1.668659 -2.774039 -0.300002 1.193942 2.044875
  7 5.760270 -0.000012 -0.000009 -0.965841 -0.833987 0.641996
  8 10.965153 0.000065 -0.000006 0.000013 0.000002 -0.262990
  9 0.000007 -0.000004 -4.044200 0.045573 3.072119 0.032328
 10 -0.000007 0.000007 4.044200 -0.168652 -2.888018 -0.193098
 11 17.182070 0.000091 0.000546 0.000004 -0.000009 -0.724184
 12 16.782913 0.000650 -0.000234 -0.098923 -0.075464 0.369773
 13 5.168527 5.004116 -0.000135 0.000010 0.000000 1.570793
 14 17.182070 0.000099 0.000206 -0.000001 -0.000007 -0.542557
 15 16.782906 0.000656 -0.000113 0.148483 0.130964 0.429302
 16 5.168479 5.004167 -0.000064 0.000011 -0.000001 1.570802
 17 -1.662208 1.676458 3.110000 -0.629226 -1.268122 2.927918
 18 5.760273 0.000016 0.000006 0.986032 0.742758 0.815850
time 3
  0 2.744006 -2.744006 0.501858 -0.081277 -0.139987 -1.505558
  1 0.000000 0.000000 0.000000 -1.570796 -1.570796 0.000000
  2 4.484989 -0.004008 0.000006 -0.141984 0.000288 -0.017067
  3 5.037136 -0.005101 -0.000238 0.102557 0.144624 -0.005353
  4 6.388059 -0.005253 -0.000001 -0.182417 -0.060314 -0.267401
  5 6.146608 1.394838 0.000001 -0.005157 -0.089144 0.802254
  6 -2.185658 1.676472 -2.766226 -0.298001 1.186585 2.052124
  7 5.760270 -0.000012 -0.000009 -0.950321 -0.843469 0.623084
  8 10.965153 0.000065 -0.000006 0.000013 0.000002 -0.262742
  9 0.000007 -0.000004 -4.044200 0.046332 3.073838 0.032328
 10 -0.000007 0.000007 4.044200 -0.168460 -2.886272 -0.194628
 11 17.182070 0.000091 0.000546 0.000004 -0.000009 -0.725331
 12 16.782913 0.000650 -0.000234 -0.093773 -0.077095 0.369536
 13 5.168527 5.004116 -0.000135 0.000010 0.000000 1.570793
 14 17.182070 0.000099 0.000206 -0.000001 -0.000007 -0.545435
 15 16.782906 0.000656 -0.000113 0.152744 0.128764 0.432577
 16 5.168479 5.004167 -0.000064 0.000011 -0.000001 1.570802
 17 -1.673927 1.645207 3.121719 -0.662806 -1.262715 2.963591
 18 5.760273 0.000016 0.000006 0.967164 0.747476 0.793760
time 4
  0 2.701036 -2.701036 0.490139 -0.081086 -0.139641 -1.500582
  1 0.000000 0.000000 0.000000 -1.570796 -1.570796 0.000000
  2 4.484989 -0.004008 0.000006 -0.145201 -0.000799 -0.016937
  3 5.037136 -0.005101 -0.000238 0.102795 0.142473 -0.002060
  4 6.388059 -0.005253 -0.000001 -0.177911 -0.060352 -0.255437
  5 6.146608 1.394838 0.000001 -0.014559 -0.086611 0.796100
  6 -2.193470 1.688191 -2.754507 -0.301906 1.177409 2.055272
  7 5.760270 -0.000012 -0.000009 -0.932622 -0.852715 0.603765
  8 10.965153 0.000065 -0.000006 0.000013 0.000002 -0.263671
  9 0.000007 -0.000004 -4.044200 0.047186 3.076035 0.032424
 10 -0.000007 0.000007 4.044200 -0.167789 -2.884527 -0.196253
 11 17.182070 0.000091 0.000546 0.000004 -0.000009 -0.726407
 12 16.782913 0.000650 -0.000234 -0.088353 -0.078707 0.368958
 13 5.168527 5.004116 -0.000135 0.000010 0.000000 1.570793
 14 17.182070 0.000099 0.000206 -0.000001 -0.000007 -0.548313
 15 16.782906 0.000656 -0.000113 0.157233 0.126564 0.435926
 16 5.168479 5.004167 -0.000064 0.000011 -0.000001 1.570802
 17 -1.693459 1.606143 3.133438 -0.702290 -1.256931 3.006569
 18 5.760273 0.000016 0.000006 0.947821 0.753263 0.769831
time 5
  0 2.658066 -2.658066 0.482326 -0.080990 -0.139196 -1.495418
  1 0.000000 0.000000 0.000000 -1.570796 -1.570796 0.000000
  2 4.484989 -0.004008 0.000006 -0.146436 -0.001470 -0.014789
  3 5.037136 -0.005101 -0.000238 0.103271 0.140351 0.001596
  4 6.388059 -0.005253 -0.000001 -0.173034 -0.060238 -0.242699
  5 6.146608 1.394838 0.000001 -0.025856 -0.083722 0.788717
  6 -2.197377 1.707723 -2.742788 -0.312098 1.166519 2.053746
  7 5.760270 -0.000012 -0.000009 -0.910568 -0.861488 0.582611
  8 10.965153 0.000065 -0.000006 0.000013 0.000002 -0.267509
  9 0.000007 -0.000004 -4.044200 0.047945 3.077851 0.032615
 10 -0.000007 0.000007 4.044200 -0.167118 -2.882781 -0.197973
 11 17.182070 0.000091 0.000546 0.000004 -0.000009 -0.727554
 12 16.782913 0.000650 -0.000234 -0.082835 -0.080301 0.368687
 13 5.168527 5.004116 -0.000135 0.000010 0.000000 1.570793
 14 17.182070 0.000099 0.000206 -0.000001 -0.000007 -0.551123
 15 16.782906 0.000656 -0.000113 0.161852 0.124323 0.439238
 16 5.168479 5.004167 -0.000064 0.000011 -0.000001 1.570802
 17 -1.716897 1.551454 3.145157 -0.745556 -1.250833 3.054196
 18 5.760273 0.000016 0.000006 0.928885 0.760606 0.742533
time 6
  0 2.607283 -2.607283 0.470607 -0.080799 -0.138801 -1.490254
  1 0.000000 0.000000 0.000000 -1.570796 -1.570796 0.000000
  2 4.484989 -0.004008 0.000006 -0.137044 0.000479 -0.001409
  3 5.037136 -0.005101 -0.000238 0.105074 0.138332 0.007368
  4 6.388059 -0.005253 -0.000001 -0.165663 -0.059077 -0.225721
  5 6.146608 1.394838 0.000001 -0.038745 -0.080635 0.780420
  6 -2.197377 1.723348 -2.723256 -0.328575 1.154073 2.047355
  7 5.760270 -0.000012 -0.000009 -0.859855 -0.874117 0.546470
  8 10.965153 0.000065 -0.000006 0.000013 0.000002 -0.275248
  9 0.000007 -0.000004 -4.044200 0.049083 3.080144 0.033093
 10 -0.000007 0.000007 4.044200 -0.166927 -2.881036 -0.199885
 11 17.182070 0.000091 0.000546 0.000004 -0.000009 -0.728558
 12 16.782913 0.000650 -0.000234 -0.077268 -0.081876 0.368449
 13 5.168527 5.004116 -0.000135 0.000010 0.000000 1.570793
 14 17.182070 0.000099 0.000206 -0.000001 -0.000007 -0.553864
 15 16.782906 0.000656 -0.000113 0.166471 0.122123 0.442549
 16 5.168479 5.004167 -0.000064 0.000011 -0.000001 1.570802
 17 -1.736429 1.500671 3.156876 -0.790483 -1.244578 3.104290
 18 5.760273 0.000016 0.000006 0.904723 0.780496 0.694135
time 7
  0 2.552594 -2.552594 0.458888 -0.080512 -0.138455 -1.485184
  1 0.000000 0.000000 0.000000 -1.570796 -1.570796 0.000000
  2 4.484989 -0.004008 0.000006 -0.128757 0.002653 0.009953
  3 5.037136 -0.005101 -0.000238 0.106740 0.136298 0.012867
  4 6.388059 -0.005253 -0.000001 -0.158280 -0.058049 -0.208866
  5 6.146608 1.394838 0.000001 -0.052905 -0.077529 0.771409
  6 -2.205189 1.742880 -2.703724 -0.363625 1.136723 2.024177
  7 5.760270 -0.000012 -0.000009 -0.847874 -0.862432 0.542035
  8 10.965153 0.000065 -0.000006 0.000013 0.000002 -0.324157
  9 0.000007 -0.000004 -4.044200 0.049842 3.081863 0.033093
 10 -0.000007 0.000007 4.044200 -0.166256 -2.879382 -0.201605
 11 17.182070 0.000091 0.000546 0.000004 -0.000009 -0.729776
 12 16.782913 0.000650 -0.000234 -0.071750 -0.083451 0.367837
 13 5.168527 5.004116 -0.000135 0.000010 0.000000 1.570793
 14 17.182070 0.000099 0.000206 -0.000001 -0.000007 -0.556605
 15 16.782906 0.000656 -0.000113 0.171025 0.119882 0.445824
 16 5.168479 5.004167 -0.000064 0.000011 -0.000001 1.570802
 17 -1.759867 1.434263 3.176408 -0.835410 -1.238480 3.154858
 18 5.760273 0.000016 0.000006 0.883547 0.796253 0.649777
time 8
  0 2.501811 -2.501811 0.451075 -0.080512 -0.138109 -1.480208
  1 0.000000 0.000000 0.000000 -1.570796 -1.570796 0.000000
  2 4.484989 -0.004008 0.000006 -0.142666 0.000703 -0.002743
  3 5.037136 -0.005101 -0.000238 0.105822 0.133855 0.014046
  4 6.388059 -0.005253 -0.000001 -0.155728 -0.059020 -0.199770
  5 6.146608 1.394838 0.000001 -0.067993 -0.074521 0.761961
  6 -2.213002 1.762412 -2.688099 -0.406485 1.117395 1.994131
  7 5.760270 -0.000012 -0.000009 -0.900017 -0.838040 0.576902
  8 10.965153 0.000065 -0.000006 0.000013 0.000002 -0.367246
  9 0.000007 -0.000004 -4.044200 0.050696 3.084156 0.033093
 10 -0.000007 0.000007 4.044200 -0.165681 -2.877637 -0.203230
 11 17.182070 0.000091 0.000546 0.000004 -0.000009 -0.730709
 12 16.782913 0.000650 -0.000234 -0.066379 -0.085082 0.367532
 13 5.168527 5.004116 -0.000135 0.000010 0.000000 1.570793
 14 17.182070 0.000099 0.000206 -0.000001 -0.000007 -0.559278
 15 16.782906 0.000656 -0.000113 0.175449 0.117600 0.448985
 16 5.168479 5.004167 -0.000064 0.000011 -0.000001 1.570802
 17 -1.791118 1.360042 3.188127 -0.862163 -1.236374 3.189203
 18 5.760273 0.000016 0.000006 0.907709 0.759731 0.671148
time 9
  0 2.454935 -2.454935 0.439356 -0.080321 -0.137763 -1.475607
  1 0.000000 0.000000 0.000000 -1.570796 -1.570796 0.000000
  2 4.484989 -0.004008 0.000006 -0.155470 -0.000783 -0.016091
  3 5.037136 -0.005101 -0.000238 0.105142 0.131470 0.015224
  4 6.388059 -0.005253 -0.000001 -0.152792 -0.059762 -0.190586
  5 6.146608 1.394838 0.000001 -0.083669 -0.071770 0.752314
  6 -2.216908 1.793663 -2.660754 -0.447726 1.099992 1.965707
  7 5.760270 -0.000012 -0.000009 -0.889329 -0.852479 0.578278
  8 10.965153 0.000065 -0.000006 0.000013 0.000002 -0.325705
  9 0.000007 -0.000004 -4.044200 0.051550 3.086258 0.033093
 10 -0.000007 0.000007 4.044200 -0.165489 -2.875983 -0.205046
 11 17.182070 0.000091 0.000546 0.000004 -0.000009 -0.731641
 12 16.782913 0.000650 -0.000234 -0.061229 -0.086694 0.366785
 13 5.168527 5.004116 -0.000135 0.000010 0.000000 1.570793
 14 17.182070 0.000099 0.000206 -0.000001 -0.000007 -0.562019
 15 16.782906 0.000656 -0.000113 0.179580 0.115317 0.451995
 16 5.168479 5.004167 -0.000064 0.000011 -0.000001 1.570802
 17 -1.810650 1.317072 3.207659 -0.883381 -1.237128 3.218899
 18 5.760273 0.000016 0.000006 0.931464 0.724814 0.695437
time 10
  0 2.392433 -2.392433 0.427637 -0.080225 -0.137368 -1.471288
  1 0.000000 0.000000 0.000000 -1.570796 -1.570796 0.000000
  2 4.484989 -0.004008 0.000006 -0.145038 0.002701 -0.008180
  3 5.037136 -0.005101 -0.000238 0.107166 0.129626 0.020452
  4 6.388059 -0.005253 -0.000001 -0.144786 -0.058163 -0.174242
  5 6.146608 1.394838 0.000001 -0.099592 -0.069416 0.742747
  6 -2.228628 1.817101 -2.641222 -0.486300 1.082747 1.939573
  7 5.760270 -0.000012 -0.000009 -0.800497 -0.885881 0.538008
  8 10.965153 0.000065 -0.000006 0.000013 0.000002 -0.272895
  9 0.000007 -0.000004 -4.044200 0.052309 3.088073 0.033093
 10 -0.000007 0.000007 4.044200 -0.164722 -2.874237 -0.206575
 11 17.182070 0.000091 0.000546 0.000004 -0.000009 -0.732143
 12 16.782913 0.000650 -0.000234 -0.056422 -0.088362 0.365970
 13 5.168527 5.004116 -0.000135 0.000010 0.000000 1.570793
 14 17.182070 0.000099 0.000206 -0.000001 -0.000007 -0.564760
 15 16.782906 0.000656 -0.000113 0.183467 0.113015 0.454893
 16 5.168479 5.004167 -0.000064 0.000011 -0.000001 1.570802
 17 -1.830182 1.242851 3.219378 -0.914008 -1.239171 3.258082
 18 5.760273 0.000016 0.000006 0.897325 0.757834 0.661630
time 11
  0 2.341650 -2.341650 0.419824 -0.079843 -0.137170 -1.467157
  1 0.000000 0.000000 0.000000 -1.570796 -1.570796 0.000000
  2 4.484989 -0.004008 0.000006 -0.129050 0.007432 0.005493
  3 5.037136 -0.005101 -0.000238 0.109835 0.127914 0.026707
  4 6.388059 -0.005253 -0.000001 -0.135558 -0.056317 -0.155962
  5 6.146608 1.394838 0.000001 -0.115381 -0.067516 0.733458
  6 -2.236440 1.836633 -2.617784 -0.516016 1.068139 1.920878
  7 5.760270 -0.000012 -0.000009 -0.706423 -0.913185 0.488104
  8 10.965153 0.000065 -0.000006 0.000013 0.000002 -0.279025
  9 0.000007 -0.000004 -4.044200 0.053068 3.090366 0.032519
 10 -0.000007 0.000007 4.044200 -0.164243 -2.872584 -0.208105
 11 17.182070 0.000091 0.000546 0.000004 -0.000009 -0.732573
 12 16.782913 0.000650 -0.000234 -0.052032 -0.090104 0.365019
 13 5.168527 5.004116 -0.000135 0.000010 0.000000 1.570793
 14 17.182070 0.000099 0.000206 -0.000001 -0.000007 -0.567433
 15 16.782906 0.000656 -0.000113 0.186899 0.110671 0.457528
 16 5.168479 5.004167 -0.000064 0.000011 -0.000001 1.570802
 17 -1.853620 1.168630 3.238910 -0.947588 -1.241497 3.299922
 18 5.760273 0.000016 0.000006 0.845947 0.805298 0.609684
time 12
  0 2.279148 -2.279148 0.415918 -0.079556 -0.136923 -1.463683
  1 0.000000 0.000000 0.000000 -1.570796 -1.570796 0.000000
  2 4.484989 -0.004008 0.000006 -0.116961 0.010772 0.018222
  3 5.037136 -0.005101 -0.000238 0.112029 0.126027 0.032508
  4 6.388059 -0.005253 -0.000001 -0.127157 -0.055289 -0.138385
  5 6.146608 1.394838 0.000001 -0.130716 -0.066190 0.725002
  6 -2.248159 1.860071 -2.594346 -0.530017 1.062180 1.916204
  7 5.760270 -0.000012 -0.000009 -0.667555 -0.923415 0.458437
  8 10.965153 0.000065 -0.000006 0.000013 0.000002 -0.301126
  9 0.000007 -0.000004 -4.044200 0.053827 3.092086 0.032328
 10 -0.000007 0.000007 4.044200 -0.163955 -2.870838 -0.208965
 11 17.182070 0.000091 0.000546 0.000004 -0.000009 -0.732573
 12 16.782913 0.000650 -0.000234 -0.048133 -0.091920 0.363898
 13 5.168527 5.004116 -0.000135 0.000010 0.000000 1.570793
 14 17.182070 0.000099 0.000206 -0.000001 -0.000007 -0.570174
 15 16.782906 0.000656 -0.000113 0.189794 0.108286 0.459974
 16 5.168479 5.004167 -0.000064 0.000011 -0.000001 1.570802
 17 -1.865339 1.102221 3.250629 -0.990854 -1.241686 3.350680
 18 5.760273 0.000016 0.000006 0.801898 0.841869 0.558862
time 13
  0 2.220552 -2.220552 0.408105 -0.079269 -0.136676 -1.461054
  1 0.000000 0.000000 0.000000 -1.570796 -1.570796 0.000000
  2 4.484989 -0.004008 0.000006 -0.111469 0.012994 0.025253
  3 5.037136 -0.005101 -0.000238 0.113441 0.123920 0.037222
  4 6.388059 -0.005253 -0.000001 -0.120289 -0.054966 -0.122815
  5 6.146608 1.394838 0.000001 -0.145236 -0.065518 0.717301
  6 -2.255972 1.879603 -2.567001 -0.539732 1.059121 1.913915
  7 5.760270 -0.000012 -0.000009 -0.659182 -0.928805 0.444929
  8 10.965153 0.000065 -0.000006 0.000013 0.000002 -0.328924
  9 0.000007 -0.000004 -4.044200 0.054491 3.094283 0.031564
 10 -0.000007 0.000007 4.044200 -0.163476 -2.869184 -0.209921
 11 17.182070 0.000091 0.000546 0.000004 -0.000009 -0.732143
 12 16.782913 0.000650 -0.000234 -0.044822 -0.093736 0.362675
 13 5.168527 5.004116 -0.000135 0.000010 0.000000 1.570793
 14 17.182070 0.000099 0.000206 -0.000001 -0.000007 -0.572915
 15 16.782906 0.000656 -0.000113 0.192136 0.105901 0.462119
 16 5.168479 5.004167 -0.000064 0.000011 -0.000001 1.570802
 17 -1.877058 1.039719 3.258442 -1.052294 -1.236342 3.417187
 18 5.760273 0.000016 0.000006 0.792872 0.853686 0.523797
time 14
  0 2.154144 -2.154144 0.408105 -0.078791 -0.136528 -1.458707
  1 0.000000 0.000000 0.000000 -1.570796 -1.570796 0.000000
  2 4.484989 -0.004008 0.000006 -0.125085 0.012322 0.013143
  3 5.037136 -0.005101 -0.000238 0.112403 0.121564 0.038491
  4 6.388059 -0.005253 -0.000001 -0.117821 -0.055936 -0.113420
  5 6.146608 1.394838 0.000001 -0.158599 -0.065557 0.710950
  6 -2.267691 1.903041 -2.543563 -0.550685 1.053531 1.909718
  7 5.760270 -0.000012 -0.000009 -0.699888 -0.928097 0.465828
  8 10.965153 0.000065 -0.000006 0.000013 0.000002 -0.352945
  9 0.000007 -0.000004 -4.044200 0.055250 3.096003 0.030035
 10 -0.000007 0.000007 4.044200 -0.163189 -2.867439 -0.210590
 11 17.182070 0.000091 0.000546 0.000004 -0.000009 -0.731426
 12 16.782913 0.000650 -0.000234 -0.042198 -0.095756 0.361011
 13 5.168527 5.004116 -0.000135 0.000010 0.000000 1.570793
 14 17.182070 0.000099 0.000206 -0.000001 -0.000007 -0.575725
 15 16.782906 0.000656 -0.000113 0.193795 0.103434 0.463963
 16 5.168479 5.004167 -0.000064 0.000011 -0.000001 1.570802
 17 -1.896590 0.988937 3.277974 -1.114380 -1.229835 3.483220
 18 5.760273 0.000016 0.000006 0.809161 0.844300 0.535021
time 15
  0 2.079923 -2.079923 0.408105 -0.078313 -0.136429 -1.457768
  1 0.000000 0.000000 0.000000 -1.570796 -1.570796 0.000000
  2 4.484989 -0.004008 0.000006 -0.137727 0.011379 0.001228
  3 5.037136 -0.005101 -0.000238 0.111553 0.119252 0.039791
  4 6.388059 -0.005253 -0.000001 -0.115004 -0.056907 -0.104113
  5 6.146608 1.394838 0.000001 -0.170427 -0.066369 0.706027
  6 -2.267691 1.922573 -2.520125 -0.568210 1.043854 1.897795
  7 5.760270 -0.000012 -0.000009 -0.729840 -0.931126 0.502071
  8 10.965153 0.000065 -0.000006 0.000013 0.000002 -0.378142
  9 0.000007 -0.000004 -4.044200 0.056009 3.097722 0.028507
 10 -0.000007 0.000007 4.044200 -0.162805 -2.865785 -0.211163
 11 17.182070 0.000091 0.000546 0.000004 -0.000009 -0.729992
 12 16.782913 0.000650 -0.000234 -0.040383 -0.097850 0.359041
 13 5.168527 5.004116 -0.000135 0.000010 0.000000 1.570793
 14 17.182070 0.000099 0.000206 -0.000001 -0.000007 -0.578466
 15 16.782906 0.000656 -0.000113 0.194657 0.100987 0.465506
 16 5.168479 5.004167 -0.000064 0.000011 -0.000001 1.570802
 17 -1.896590 0.934247 3.289693 -1.170285 -1.223768 3.541757
 18 5.760273 0.000016 0.000006 0.826604 0.834282 0.547682
time 16
  0 1.997889 -1.997889 0.408105 -0.077548 -0.136429 -1.456923
  1 0.000000 0.000000 0.000000 -1.570796 -1.570796 0.000000
  2 4.484989 -0.004008 0.000006 -0.125508 0.014001 0.011353
  3 5.037136 -0.005101 -0.000238 0.113781 0.117335 0.045048
  4 6.388059 -0.005253 -0.000001 -0.106723 -0.056317 -0.087909
  5 6.146608 1.394838 0.000001 -0.180379 -0.067991 0.702851
  6 -2.287223 1.942105 -2.500593 -0.586212 1.033096 1.883583
  7 5.760270 -0.000012 -0.000009 -0.688929 -0.946706 0.512674
  8 10.965153 0.000065 -0.000006 0.000013 0.000002 -0.405940
  9 0.000007 -0.000004 -4.044200 0.056768 3.099442 0.026787
 10 -0.000007 0.000007 4.044200 -0.162518 -2.864040 -0.211163
 11 17.182070 0.000091 0.000546 0.000004 -0.000009 -0.728056
 12 16.782913 0.000650 -0.000234 -0.039353 -0.100055 0.356528
 13 5.168527 5.004116 -0.000135 0.000010 0.000000 1.570793
 14 17.182070 0.000099 0.000206 -0.000001 -0.000007 -0.581412
 15 16.782906 0.000656 -0.000113 0.194657 0.098479 0.466635
 16 5.168479 5.004167 -0.000064 0.000011 -0.000001 1.570802
 17 -1.896590 0.891277 3.301412 -1.212721 -1.220279 3.586159
 18 5.760273 0.000016 0.000006 0.819749 0.847024 0.509610
time 17
  0 1.911949 -1.911949 0.408105 -0.076974 -0.136528 -1.456923
  1 0.000000 0.000000 0.000000 -1.570796 -1.570796 0.000000
  2 4.484989 -0.004008 0.000006 -0.112509 0.016414 0.022161
  3 5.037136 -0.005101 -0.000238 0.115924 0.115463 0.050336
  4 6.388059 -0.005253 -0.000001 -0.098286 -0.055727 -0.071828
  5 6.146608 1.394838 0.000001 -0.188113 -0.070504 0.701819
  6 -2.291130 1.953824 -2.477155 -0.594307 1.022944 1.877383
  7 5.760270 -0.000012 -0.000009 -0.636106 -0.959925 0.499166
  8 10.965153 0.000065 -0.000006 0.000013 0.000002 -0.420427
  9 0.000007 -0.000004 -4.044200 0.057526 3.101257 0.024685
 10 -0.000007 0.000007 4.044200 -0.162518 -2.862294 -0.211068
 11 17.182070 0.000091 0.000546 0.000004 -0.000009 -0.725905
 12 16.782913 0.000650 -0.000234 -0.038887 -0.102390 0.354184
 13 5.168527 5.004116 -0.000135 0.000010 0.000000 1.570793
 14 17.182070 0.000099 0.000206 -0.000001 -0.000007 -0.584153
 15 16.782906 0.000656 -0.000113 0.194169 0.095909 0.467538
 16 5.168479 5.004167 -0.000064 0.000011 -0.000001 1.570802
 17 -1.884871 0.863933 3.309225 -1.242333 -1.222983 3.617467
 18 5.760273 0.000016 0.000006 0.812419 0.861564 0.490978
time 18
  0 1.826009 -1.826009 0.408105 -0.076305 -0.136528 -1.457111
  1 0.000000 0.000000 0.000000 -1.570796 -1.570796 0.000000
  2 4.484989 -0.004008 0.000006 -0.121868 0.016654 0.012948
  3 5.037136 -0.005101 -0.000238 0.115328 0.113473 0.051968
  4 6.388059 -0.005253 -0.000001 -0.095194 -0.056317 -0.062468
  5 6.146608 1.394838 0.000001 -0.193287 -0.073947 0.702970
  6 -2.298942 1.973356 -2.461529 -0.581068 1.010340 1.891023
  7 5.760270 -0.000012 -0.000009 -0.619225 -0.946431 0.442431
  8 10.965153 0.000065 -0.000006 0.000013 0.000002 -0.397087
  9 0.000007 -0.000004 -4.044200 0.058191 3.103072 0.022965
 10 -0.000007 0.000007 4.044200 -0.162422 -2.860549 -0.210399
 11 17.182070 0.000091 0.000546 0.000004 -0.000009 -0.723467
 12 16.782913 0.000650 -0.000234 -0.038593 -0.104799 0.351433
 13 5.168527 5.004116 -0.000135 0.000010 0.000000 1.570793
 14 17.182070 0.000099 0.000206 -0.000001 -0.000007 -0.587032
 15 16.782906 0.000656 -0.000113 0.193551 0.093277 0.468366
 16 5.168479 5.004167 -0.000064 0.000011 -0.000001 1.570802
 17 -1.873152 0.848307 3.320944 -1.262537 -1.230558 3.637770
 18 5.760273 0.000016 0.000006 0.827622 0.858598 0.537760
time 19
  0 1.732256 -1.732256 0.415918 -0.075540 -0.136528 -1.457768
  1 0.000000 0.000000 0.000000 -1.570796 -1.570796 0.000000
  2 4.484989 -0.004008 0.000006 -0.132982 0.014864 0.001879
  3 5.037136 -0.005101 -0.000238 0.114495 0.111278 0.053116
  4 6.388059 -0.005253 -0.000001 -0.092437 -0.057459 -0.054111
  5 6.146608 1.394838 0.000001 -0.195562 -0.078379 0.706781
  6 -2.310661 1.985075 -2.445904 -0.560781 1.001164 1.907905
  7 5.760270 -0.000012 -0.000009 -0.609899 -0.934864 0.390947
  8 10.965153 0.000065 -0.000006 0.000013 0.000002 -0.371951
  9 0.000007 -0.000004 -4.044200 0.058950 3.104792 0.020577
 10 -0.000007 0.000007 4.044200 -0.162039 -2.858895 -0.210016
 11 17.182070 0.000091 0.000546 0.000004 -0.000009 -0.720814
 12 16.782913 0.000650 -0.000234 -0.038323 -0.107246 0.348546
 13 5.168527 5.004116 -0.000135 0.000010 0.000000 1.570793
 14 17.182070 0.000099 0.000206 -0.000001 -0.000007 -0.589841
 15 16.782906 0.000656 -0.000113 0.192803 0.090604 0.469119
 16 5.168479 5.004167 -0.000064 0.000011 -0.000001 1.570802
 17 -1.853620 0.848307 3.332663 -1.271946 -1.238102 3.644886
 18 5.760273 0.000016 0.000006 0.832305 0.851303 0.564608
time 20
  0 1.638503 -1.638503 0.415918 -0.074775 -0.136528 -1.457862
  1 0.000000 0.000000 0.000000 -1.570796 -1.570796 0.000000
  2 4.484989 -0.004008 0.000006 -0.127295 0.008726 0.004679
  3 5.037136 -0.005101 -0.000238 0.115873 0.108366 0.056773
  4 6.388059 -0.005253 -0.000001 -0.085258 -0.059438 -0.041338
  5 6.146608 1.394838 0.000001 -0.195543 -0.084078 0.713371
  6 -2.310661 1.992887 -2.438091 -0.545542 1.002588 1.915632
  7 5.760270 -0.000012 -0.000009 -0.584781 -0.957722 0.393547
  8 10.965153 0.000065 -0.000006 0.000013 0.000002 -0.384395
  9 0.000007 -0.000004 -4.044200 0.059329 3.106798 0.018284
 10 -0.000007 0.000007 4.044200 -0.161943 -2.857058 -0.209634
 11 17.182070 0.000091 0.000546 0.000004 -0.000009 -0.717946
 12 16.782913 0.000650 -0.000234 -0.038225 -0.109784 0.345693
 13 5.168527 5.004116 -0.000135 0.000010 0.000000 1.570793
 14 17.182070 0.000099 0.000206 -0.000001 -0.000007 -0.592719
 15 16.782906 0.000656 -0.000113 0.191957 0.087849 0.469834
 16 5.168479 5.004167 -0.000064 0.000011 -0.000001 1.570802
 17 -1.830182 0.860026 3.344382 -1.257647 -1.240366 3.622970
 18 5.760273 0.000016 0.000006 0.782555 0.842647 0.471448
time 21
  0 1.540844 -1.540844 0.419824 -0.074201 -0.136676 -1.458519
  1 0.000000 0.000000 0.000000 -1.570796 -1.570796 0.000000
  2 4.484989 -0.004008 0.000006 -0.121478 0.004779 0.008292
  3 5.037136 -0.005101 -0.000238 0.116995 0.106098 0.060066
  4 6.388059 -0.005253 -0.000001 -0.078990 -0.060809 -0.030201
  5 6.146608 1.394838 0.000001 -0.194084 -0.091122 0.722303
  6 -2.322381 2.004607 -2.414653 -0.526874 1.007835 1.923357
  7 5.760270 -0.000012 -0.000009 -0.569125 -0.983532 0.417097
  8 10.965153 0.000065 -0.000006 0.000013 0.000002 -0.408045
  9 0.000007 -0.000004 -4.044200 0.060088 3.108613 0.016086
 10 -0.000007 0.000007 4.044200 -0.161751 -2.855220 -0.208965
 11 17.182070 0.000091 0.000546 0.000004 -0.000009 -0.715078
 12 16.782913 0.000650 -0.000234 -0.038225 -0.112360 0.342637
 13 5.168527 5.004116 -0.000135 0.000010 0.000000 1.570793
 14 17.182070 0.000099 0.000206 -0.000001 -0.000007 -0.595461
 15 16.782906 0.000656 -0.000113 0.190965 0.085053 0.470474
 16 5.168479 5.004167 -0.000064 0.000011 -0.000001 1.570802
 17 -1.791118 0.883465 3.356101 -1.243441 -1.243415 3.598872
 18 5.760273 0.000016 0.000006 0.738914 0.834720 0.383944
time 22
  0 1.447091 -1.447091 0.427637 -0.073436 -0.136775 -1.459364
  1 0.000000 0.000000 0.000000 -1.570796 -1.570796 0.000000
  2 4.484989 -0.004008 0.000006 -0.123850 0.006601 0.006144
  3 5.037136 -0.005101 -0.000238 0.116604 0.105059 0.061698
  4 6.388059 -0.005253 -0.000001 -0.076126 -0.060352 -0.023093
  5 6.146608 1.394838 0.000001 -0.191335 -0.099354 0.733458
  6 -2.322381 2.016326 -2.406840 -0.503158 1.011711 1.934040
  7 5.760270 -0.000012 -0.000009 -0.567423 -0.990338 0.428005
  8 10.965153 0.000065 -0.000006 0.000013 0.000002 -0.420303
  9 0.000007 -0.000004 -4.044200 0.060847 3.110429 0.013794
 10 -0.000007 0.000007 4.044200 -0.161751 -2.853291 -0.208391
 11 17.182070 0.000091 0.000546 0.000004 -0.000009 -0.711923
 12 16.782913 0.000650 -0.000234 -0.038323 -0.114955 0.339274
 13 5.168527 5.004116 -0.000135 0.000010 0.000000 1.570793
 14 17.182070 0.000099 0.000206 -0.000001 -0.000007 -0.598270
 15 16.782906 0.000656 -0.000113 0.189924 0.082195 0.471000
 16 5.168479 5.004167 -0.000064 0.000011 -0.000001 1.570802
 17 -1.748148 0.914716 3.371727 -1.252204 -1.252342 3.597828
 18 5.760273 0.000016 0.000006 0.738914 0.840702 0.390455
time 23
  0 1.349432 -1.349432 0.427637 -0.072480 -0.136874 -1.459646
  1 0.000000 0.000000 0.000000 -1.570796 -1.570796 0.000000
  2 4.484989 -0.004008 0.000006 -0.126938 0.009110 0.003572
  3 5.037136 -0.005101 -0.000238 0.116026 0.104094 0.063239
  4 6.388059 -0.005253 -0.000001 -0.073501 -0.059762 -0.016214
  5 6.146608 1.394838 0.000001 -0.187449 -0.108694 0.746439
  6 -2.334100 2.028045 -2.383402 -0.467632 1.009760 1.955501
  7 5.760270 -0.000012 -0.000009 -0.547954 -0.972594 0.367550
  8 10.965153 0.000065 -0.000006 0.000013 0.000002 -0.397953
  9 0.000007 -0.000004 -4.044200 0.061511 3.112435 0.011501
 10 -0.000007 0.000007 4.044200 -0.161751 -2.851362 -0.208105
 11 17.182070 0.000091 0.000546 0.000004 -0.000009 -0.708553
 12 16.782913 0.000650 -0.000234 -0.038519 -0.117642 0.336116
 13 5.168527 5.004116 -0.000135 0.000010 0.000000 1.570793
 14 17.182070 0.000099 0.000206 -0.000001 -0.000007 -0.601011
 15 16.782906 0.000656 -0.000113 0.188753 0.079296 0.471490
 16 5.168479 5.004167 -0.000064 0.000011 -0.000001 1.570802
 17 -1.705178 0.945967 3.387352 -1.267149 -1.263501 3.601244
 18 5.760273 0.000016 0.000006 0.748416 0.850476 0.418201
time 24
  0 1.243960 -1.243960 0.431543 -0.071715 -0.136923 -1.460491
  1 0.000000 0.000000 0.000000 -1.570796 -1.570796 0.000000
  2 4.484989 -0.004008 0.000006 -0.130610 0.012003 0.000707
  3 5.037136 -0.005101 -0.000238 0.115345 0.103260 0.064659
  4 6.388059 -0.005253 -0.000001 -0.071165 -0.059115 -0.009581
  5 6.146608 1.394838 0.000001 -0.182540 -0.119023 0.761127
  6 -2.334100 2.039764 -2.363870 -0.432106 1.007545 1.975150
  7 5.760270 -0.000012 -0.000009 -0.525695 -0.954457 0.305055
  8 10.965153 0.000065 -0.000006 0.000013 0.000002 -0.368732
  9 0.000007 -0.000004 -4.044200 0.062270 3.114346 0.009208
 10 -0.000007 0.000007 4.044200 -0.161176 -2.849524 -0.207244
 11 17.182070 0.000091 0.000546 0.000004 -0.000009 -0.704968
 12 16.782913 0.000650 -0.000234 -0.038838 -0.120329 0.332787
 13 5.168527 5.004116 -0.000135 0.000010 0.000000 1.570793
 14 17.182070 0.000099 0.000206 -0.000001 -0.000007 -0.603615
 15 16.782906 0.000656 -0.000113 0.187517 0.076356 0.471904
 16 5.168479 5.004167 -0.000064 0.000011 -0.000001 1.570802
 17 -1.642676 0.988937 3.399071 -1.281079 -1.276326 3.602857
 18 5.760273 0.000016 0.000006 0.760497 0.860397 0.448461
time 25
  0 1.150207 -1.150207 0.439356 -0.070950 -0.137022 -1.461430
  1 0.000000 0.000000 0.000000 -1.570796 -1.570796 0.000000
  2 4.484989 -0.004008 0.000006 -0.134672 0.015215 -0.002581
  3 5.037136 -0.005101 -0.000238 0.114614 0.102499 0.065989
  4 6.388059 -0.005253 -0.000001 -0.068875 -0.058220 -0.003159
  5 6.146608 1.394838 0.000001 -0.176777 -0.130183 0.777125
  6 -2.341912 2.059296 -2.352151 -0.407247 1.010762 1.981446
  7 5.760270 -0.000012 -0.000009 -0.501394 -0.962837 0.295268
  8 10.965153 0.000065 -0.000006 0.000013 0.000002 -0.355174
  9 0.000007 -0.000004 -4.044200 0.063124 3.116161 0.006819
 10 -0.000007 0.000007 4.044200 -0.161080 -2.847687 -0.206289
 11 17.182070 0.000091 0.000546 0.000004 -0.000009 -0.701311
 12 16.782913 0.000650 -0.000234 -0.039304 -0.123072 0.329289
 13 5.168527 5.004116 -0.000135 0.000010 0.000000 1.570793
 14 17.182070 0.000099 0.000206 -0.000001 -0.000007 -0.606288
 15 16.782906 0.000656 -0.000113 0.186167 0.073354 0.472242
 16 5.168479 5.004167 -0.000064 0.000011 -0.000001 1.570802
 17 -1.587987 1.039719 3.418603 -1.286891 -1.289874 3.594318
 18 5.760273 0.000016 0.000006 0.766063 0.867351 0.461077
time 26
  0 1.040829 -1.040829 0.451075 -0.070281 -0.137121 -1.462744
  1 0.000000 0.000000 0.000000 -1.570796 -1.570796 0.000000
  2 4.484989 -0.004008 0.000006 -0.138929 0.018556 -0.005966
  3 5.037136 -0.005101 -0.000238 0.113883 0.101826 0.067258
  4 6.388059 -0.005253 -0.000001 -0.066790 -0.057440 0.003034
  5 6.146608 1.394838 0.000001 -0.170276 -0.142095 0.794235
  6 -2.345819 2.071015 -2.332619 -0.384293 1.016115 1.984593
  7 5.760270 -0.000012 -0.000009 -0.473145 -0.979637 0.297664
  8 10.965153 0.000065 -0.000006 0.000013 0.000002 -0.343101
  9 0.000007 -0.000004 -4.044200 0.063788 3.118263 0.004622
 10 -0.000007 0.000007 4.044200 -0.160984 -2.845850 -0.205046
 11 17.182070 0.000091 0.000546 0.000004 -0.000009 -0.697439
 12 16.782913 0.000650 -0.000234 -0.039819 -0.125870 0.325553
 13 5.168527 5.004116 -0.000135 0.000010 0.000000 1.570793
 14 17.182070 0.000099 0.000206 -0.000001 -0.000007 -0.608755
 15 16.782906 0.000656 -0.000113 0.184752 0.070352 0.472468
 16 5.168479 5.004167 -0.000064 0.000011 -0.000001 1.570802
 17 -1.517672 1.094409 3.430322 -1.267980 -1.301096 3.559309
 18 5.760273 0.000016 0.000006 0.747873 0.861613 0.407201
time 27
  0 0.939263 -0.939263 0.451075 -0.069420 -0.137170 -1.463683
  1 0.000000 0.000000 0.000000 -1.570796 -1.570796 0.000000
  2 4.484989 -0.004008 0.000006 -0.143219 0.021992 -0.009417
  3 5.037136 -0.005101 -0.000238 0.113050 0.101182 0.068436
  4 6.388059 -0.005253 -0.000001 -0.064885 -0.056469 0.008963
  5 6.146608 1.394838 0.000001 -0.163168 -0.154620 0.812218
  6 -2.349725 2.078828 -2.320900 -0.355815 1.020914 1.992319
  7 5.760270 -0.000012 -0.000009 -0.450273 -0.989158 0.292821
  8 10.965153 0.000065 -0.000006 0.000013 0.000002 -0.333567
  9 0.000007 -0.000004 -4.044200 0.064547 3.120173 0.002233
 10 -0.000007 0.000007 4.044200 -0.160984 -2.843920 -0.204186
 11 17.182070 0.000091 0.000546 0.000004 -0.000009 -0.693352
 12 16.782913 0.000650 -0.000234 -0.040432 -0.128631 0.321817
 13 5.168527 5.004116 -0.000135 0.000010 0.000000 1.570793
 14 17.182070 0.000099 0.000206 -0.000001 -0.000007 -0.611222
 15 16.782906 0.000656 -0.000113 0.183207 0.067330 0.472656
 16 5.168479 5.004167 -0.000064 0.000011 -0.000001 1.570802
 17 -1.451264 1.145191 3.438135 -1.242702 -1.314173 3.517090
 18 5.760273 0.000016 0.000006 0.725679 0.857868 0.350182
time 28
  0 0.833791 -0.833791 0.458888 -0.068655 -0.137269 -1.464716
  1 0.000000 0.000000 0.000000 -1.570796 -1.570796 0.000000
  2 4.484989 -0.004008 0.000006 -0.147378 0.025284 -0.012705
  3 5.037136 -0.005101 -0.000238 0.112148 0.100626 0.069585
  4 6.388059 -0.005253 -0.000001 -0.062895 -0.055632 0.014593
  5 6.146608 1.394838 0.000001 -0.155548 -0.167620 0.830756
  6 -2.353631 2.098360 -2.301368 -0.321432 1.024526 2.005291
  7 5.760270 -0.000012 -0.000009 -0.432847 -0.989354 0.275592
  8 10.965153 0.000065 -0.000006 0.000013 0.000002 -0.325024
  9 0.000007 -0.000004 -4.044200 0.065400 3.122275 -0.000060
 10 -0.000007 0.000007 4.044200 -0.160888 -2.842083 -0.202752
 11 17.182070 0.000091 0.000546 0.000004 -0.000009 -0.689265
 12 16.782913 0.000650 -0.000234 -0.041168 -0.131485 0.318047
 13 5.168527 5.004116 -0.000135 0.000010 0.000000 1.570793
 14 17.182070 0.000099 0.000206 -0.000001 -0.000007 -0.613552
 15 16.782906 0.000656 -0.000113 0.181678 0.064246 0.472769
 16 5.168479 5.004167 -0.000064 0.000011 -0.000001 1.570802
 17 -1.377043 1.207693 3.449854 -1.226189 -1.333002 3.485212
 18 5.760273 0.000016 0.000006 0.713259 0.869491 0.341832
time 29
  0 0.724413 -0.724413 0.458888 -0.067699 -0.137368 -1.466218
  1 0.000000 0.000000 0.000000 -1.570796 -1.570796 0.000000
  2 4.484989 -0.004008 0.000006 -0.151180 0.028337 -0.015765
  3 5.037136 -0.005101 -0.000238 0.111349 0.100026 0.070703
  4 6.388059 -0.005253 -0.000001 -0.061050 -0.054661 0.020012
  5 6.146608 1.394838 0.000001 -0.147530 -0.180957 0.849652
  6 -2.353631 2.113985 -2.289649 -0.285620 1.028297 2.019217
  7 5.760270 -0.000012 -0.000009 -0.414604 -0.988882 0.256018
  8 10.965153 0.000065 -0.000006 0.000013 0.000002 -0.315304
  9 0.000007 -0.000004 -4.044200 0.065970 3.123995 -0.001971
 10 -0.000007 0.000007 4.044200 -0.160888 -2.840154 -0.201605
 11 17.182070 0.000091 0.000546 0.000004 -0.000009 -0.684963
 12 16.782913 0.000650 -0.000234 -0.042026 -0.134302 0.314210
 13 5.168527 5.004116 -0.000135 0.000010 0.000000 1.570793
 14 17.182070 0.000099 0.000206 -0.000001 -0.000007 -0.615745
 15 16.782906 0.000656 -0.000113 0.180019 0.061162 0.472807
 16 5.168479 5.004167 -0.000064 0.000011 -0.000001 1.570802
 17 -1.302822 1.274102 3.461573 -1.205064 -1.353057 3.448780
 18 5.760273 0.000016 0.000006 0.699074 0.883886 0.335860
time 30
  0 0.618941 -0.618941 0.470607 -0.066934 -0.137516 -1.467345
  1 0.000000 0.000000 0.000000 -1.570796 -1.570796 0.000000
  2 4.484989 -0.004008 0.000006 -0.154463 0.031006 -0.018435
  3 5.037136 -0.005101 -0.000238 0.110482 0.099543 0.071821
  4 6.388059 -0.005253 -0.000001 -0.059204 -0.053862 0.025079
  5 6.146608 1.394838 0.000001 -0.139208 -0.194511 0.868667
  6 -2.353631 2.125704 -2.277930 -0.248950 1.032173 2.034097
  7 5.760270 -0.000012 -0.000009 -0.395272 -0.987938 0.234201
  8 10.965153 0.000065 -0.000006 0.000013 0.000002 -0.304965
  9 0.000007 -0.000004 -4.044200 0.066729 3.126288 -0.004741
 10 -0.000007 0.000007 4.044200 -0.160505 -2.838316 -0.200171
 11 17.182070 0.000091 0.000546 0.000004 -0.000009 -0.680374
 12 16.782913 0.000650 -0.000234 -0.042909 -0.137137 0.310270
 13 5.168527 5.004116 -0.000135 0.000010 0.000000 1.570793
 14 17.182070 0.000099 0.000206 -0.000001 -0.000007 -0.617869
 15 16.782906 0.000656 -0.000113 0.178295 0.058119 0.472769
 16 5.168479 5.004167 -0.000064 0.000011 -0.000001 1.570802
 17 -1.220788 1.328791 3.461573 -1.176927 -1.373709 3.405517
 18 5.760273 0.000016 0.000006 0.683871 0.899837 0.331505
time 31
  0 0.505656 -0.505656 0.470607 -0.065978 -0.137615 -1.468753
  1 0.000000 0.000000 0.000000 -1.570796 -1.570796 0.000000
  2 4.484989 -0.004008 0.000006 -0.156185 0.032876 -0.019737
  3 5.037136 -0.005101 -0.000238 0.109580 0.099265 0.072606
  4 6.388059 -0.005253 -0.000001 -0.057718 -0.052777 0.028422
  5 6.146608 1.394838 0.000001 -0.130659 -0.208105 0.887444
  6 -2.353631 2.133517 -2.266211 -0.211138 1.036049 2.050121
  7 5.760270 -0.000012 -0.000009 -0.377710 -0.986679 0.212791
  8 10.965153 0.000065 -0.000006 0.000013 0.000002 -0.294316
  9 0.000007 -0.000004 -4.044200 0.067582 3.128007 -0.006557
 10 -0.000007 0.000007 4.044200 -0.160409 -2.836571 -0.198738
 11 17.182070 0.000091 0.000546 0.000004 -0.000009 -0.675785
 12 16.782913 0.000650 -0.000234 -0.043939 -0.139991 0.306398
 13 5.168527 5.004116 -0.000135 0.000010 0.000000 1.570793
 14 17.182070 0.000099 0.000206 -0.000001 -0.000007 -0.619925
 15 16.782906 0.000656 -0.000113 0.176555 0.055014 0.472656
 16 5.168479 5.004167 -0.000064 0.000011 -0.000001 1.570802
 17 -1.146567 1.383480 3.469386 -1.139196 -1.394267 3.352577
 18 5.760273 0.000016 0.000006 0.669211 0.915788 0.328497
time 32
  0 0.400184 -0.400184 0.482326 -0.065213 -0.137763 -1.470443
  1 0.000000 0.000000 0.000000 -1.570796 -1.570796 0.000000
  2 4.484989 -0.004008 0.000006 -0.156412 0.033915 -0.019769
  3 5.037136 -0.005101 -0.000238 0.108475 0.099470 0.072999
  4 6.388059 -0.005253 -0.000001 -0.056891 -0.051483 0.029407
  5 6.146608 1.394838 0.000001 -0.121959 -0.221600 0.905824
  6 -2.353631 2.145236 -2.258398 -0.172564 1.039820 2.067099
  7 5.760270 -0.000012 -0.000009 -0.363142 -0.984869 0.194543
  8 10.965153 0.000065 -0.000006 0.000013 0.000002 -0.284287
  9 0.000007 -0.000004 -4.044200 0.068247 3.130205 -0.008945
 10 -0.000007 0.000007 4.044200 -0.160217 -2.834825 -0.197208
 11 17.182070 0.000091 0.000546 0.000004 -0.000009 -0.670910
 12 16.782913 0.000650 -0.000234 -0.045018 -0.142863 0.302424
 13 5.168527 5.004116 -0.000135 0.000010 0.000000 1.570793
 14 17.182070 0.000099 0.000206 -0.000001 -0.000007 -0.621981
 15 16.782906 0.000656 -0.000113 0.174717 0.051930 0.472468
 16 5.168479 5.004167 -0.000064 0.000011 -0.000001 1.570802
 17 -1.068440 1.434263 3.469386 -1.087719 -1.413913 3.286449
 18 5.760273 0.000016 0.000006 0.657130 0.930620 0.328048
time 33
  0 0.290806 -0.290806 0.490139 -0.064161 -0.137961 -1.472227
  1 0.000000 0.000000 0.000000 -1.570796 -1.570796 0.000000
  2 4.484989 -0.004008 0.000006 -0.156672 0.034586 -0.019672
  3 5.037136 -0.005101 -0.000238 0.107302 0.099909 0.073120
  4 6.388059 -0.005253 -0.000001 -0.056423 -0.049922 0.029319
  5 6.146608 1.394838 0.000001 -0.113164 -0.234838 0.923529
  6 -2.353631 2.153049 -2.246679 -0.133228 1.043406 2.085413
  7 5.760270 -0.000012 -0.000009 -0.351775 -0.982312 0.178435
  8 10.965153 0.000065 -0.000006 0.000013 0.000002 -0.275310
  9 0.000007 -0.000004 -4.044200 0.069005 3.132115 -0.011238
 10 -0.000007 0.000007 4.044200 -0.160217 -2.832988 -0.195584
 11 17.182070 0.000091 0.000546 0.000004 -0.000009 -0.665890
 12 16.782913 0.000650 -0.000234 -0.046171 -0.145717 0.298315
 13 5.168527 5.004116 -0.000135 0.000010 0.000000 1.570793
 14 17.182070 0.000099 0.000206 -0.000001 -0.000007 -0.623694
 15 16.782906 0.000656 -0.000113 0.172814 0.048846 0.472205
 16 5.168479 5.004167 -0.000064 0.000011 -0.000001 1.570802
 17 -0.994219 1.500671 3.461573 -1.018161 -1.431862 3.202485
 18 5.760273 0.000016 0.000006 0.647085 0.943848 0.329709
time 34
  0 0.185334 -0.185334 0.490139 -0.063492 -0.137961 -1.473824
  1 0.000000 0.000000 0.000000 -1.570796 -1.570796 0.000000
  2 4.484989 -0.004008 0.000006 -0.156965 0.035082 -0.019379
  3 5.037136 -0.005101 -0.000238 0.105890 0.100421 0.073150
  4 6.388059 -0.005253 -0.000001 -0.056376 -0.048495 0.028686
  5 6.146608 1.394838 0.000001 -0.104331 -0.247620 0.940242
  6 -2.361444 2.160861 -2.238866 -0.093892 1.046702 2.105062
  7 5.760270 -0.000012 -0.000009 -0.344014 -0.979322 0.164876
  8 10.965153 0.000065 -0.000006 0.000013 0.000002 -0.267819
  9 0.000007 -0.000004 -4.044200 0.069859 3.134313 -0.013340
 10 -0.000007 0.000007 4.044200 -0.160217 -2.831242 -0.194054
 11 17.182070 0.000091 0.000546 0.000004 -0.000009 -0.660800
 12 16.782913 0.000650 -0.000234 -0.047446 -0.148571 0.293968
 13 5.168527 5.004116 -0.000135 0.000010 0.000000 1.570793
 14 17.182070 0.000099 0.000206 -0.000001 -0.000007 -0.625476
 15 16.782906 0.000656 -0.000113 0.170944 0.045762 0.471904
 16 5.168479 5.004167 -0.000064 0.000011 -0.000001 1.570802
 17 -0.923904 1.563173 3.449854 -0.926001 -1.447171 3.096226
 18 5.760273 0.000016 0.000006 0.639212 0.954644 0.331864
time 35
  0 0.079862 -0.079862 0.501858 -0.062631 -0.138208 -1.475138
  1 0.000000 0.000000 0.000000 -1.570796 -1.570796 0.000000
  2 4.484989 -0.004008 0.000006 -0.158232 0.034634 -0.019086
  3 5.037136 -0.005101 -0.000238 0.103764 0.101782 0.072244
  4 6.388059 -0.005253 -0.000001 -0.057981 -0.046382 0.024270
  5 6.146608 1.394838 0.000001 -0.095478 -0.259789 0.956002
  6 -2.361444 2.164768 -2.234960 -0.054080 1.049655 2.125760
  7 5.760270 -0.000012 -0.000009 -0.347895 -0.975151 0.160339
  8 10.965153 0.000065 -0.000006 0.000013 0.000002 -0.262433
  9 0.000007 -0.000004 -4.044200 0.070618 3.136128 -0.015155
 10 -0.000007 0.000007 4.044200 -0.160217 -2.829497 -0.191856
 11 17.182070 0.000091 0.000546 0.000004 -0.000009 -0.655494
 12 16.782913 0.000650 -0.000234 -0.048795 -0.151406 0.289960
 13 5.168527 5.004116 -0.000135 0.000010 0.000000 1.570793
 14 17.182070 0.000099 0.000206 -0.000001 -0.000007 -0.627052
 15 16.782906 0.000656 -0.000113 0.168992 0.042719 0.471490
 16 5.168479 5.004167 -0.000064 0.000011 -0.000001 1.570802
 17 -0.849683 1.613956 3.449854 -0.809856 -1.458707 2.967006
 18 5.760273 0.000016 0.000006 0.639280 0.960626 0.342370
time 36
  0 -0.025610 0.025610 0.505764 -0.061675 -0.138356 -1.477297
  1 0.000000 0.000000 0.000000 -1.570796 -1.570796 0.000000
  2 4.484989 -0.004008 0.000006 -0.161709 0.033339 -0.019737
  3 5.037136 -0.005101 -0.000238 0.100618 0.104006 0.070249
  4 6.388059 -0.005253 -0.000001 -0.061829 -0.043984 0.015895
  5 6.146608 1.394838 0.000001 -0.086645 -0.271167 0.970173
  6 -2.361444 2.164768 -2.234960 -0.013220 1.051659 2.149605
  7 5.760270 -0.000012 -0.000009 -0.367227 -0.969329 0.165436
  8 10.965153 0.000065 -0.000006 0.000013 0.000002 -0.259028
  9 0.000007 -0.000004 -4.044200 0.071282 3.138230 -0.017448
 10 -0.000007 0.000007 4.044200 -0.160217 -2.827843 -0.190135
 11 17.182070 0.000091 0.000546 0.000004 -0.000009 -0.649973
 12 16.782913 0.000650 -0.000234 -0.050193 -0.154223 0.285511
 13 5.168527 5.004116 -0.000135 0.000010 0.000000 1.570793
 14 17.182070 0.000099 0.000206 -0.000001 -0.000007 -0.628491
 15 16.782906 0.000656 -0.000113 0.166959 0.039676 0.471038
 16 5.168479 5.004167 -0.000064 0.000011 -0.000001 1.570802
 17 -0.787181 1.668645 3.438135 -0.678489 -1.465402 2.822986
 18 5.760273 0.000016 0.000006 0.648578 0.961112 0.364325
time 37
  0 -0.131082 0.131082 0.513577 -0.060910 -0.138455 -1.478987
  1 0.000000 0.000000 0.000000 -1.570796 -1.570796 0.000000
  2 4.484989 -0.004008 0.000006 -0.166161 0.031661 -0.021169
  3 5.037136 -0.005101 -0.000238 0.097251 0.106406 0.067923
  4 6.388059 -0.005253 -0.000001 -0.066227 -0.041510 0.006447
  5 6.146608 1.394838 0.000001 -0.077850 -0.281555 0.982797
  6 -2.361444 2.164768 -2.234960 0.029259 1.052582 2.176026
  7 5.760270 -0.000012 -0.000009 -0.392345 -0.962365 0.173490
  8 10.965153 0.000065 -0.000006 0.000013 0.000002 -0.257542
  9 0.000007 -0.000004 -4.044200 0.072041 3.140140 -0.019454
 10 -0.000007 0.000007 4.044200 -0.160217 -2.826282 -0.187842
 11 17.182070 0.000091 0.000546 0.000004 -0.000009 -0.644452
 12 16.782913 0.000650 -0.000234 -0.051689 -0.157058 0.281469
 13 5.168527 5.004116 -0.000135 0.000010 0.000000 1.570793
 14 17.182070 0.000099 0.000206 -0.000001 -0.000007 -0.629999
 15 16.782906 0.000656 -0.000113 0.164861 0.036654 0.470549
 16 5.168479 5.004167 -0.000064 0.000011 -0.000001 1.570802
 17 -0.732492 1.719428 3.418603 -0.547768 -1.467288 2.680769
 18 5.760273 0.000016 0.000006 0.661338 0.958048 0.389152
time 38
  0 -0.236554 0.236554 0.525296 -0.059954 -0.138603 -1.480677
  1 0.000000 0.000000 0.000000 -1.570796 -1.570796 0.000000
  2 4.484989 -0.004008 0.000006 -0.170581 0.029935 -0.022276
  3 5.037136 -0.005101 -0.000238 0.093697 0.109010 0.065445
  4 6.388059 -0.005253 -0.000001 -0.070961 -0.038845 -0.003722
  5 6.146608 1.394838 0.000001 -0.069131 -0.290776 0.993555
  6 -2.361444 2.160861 -2.234960 0.070214 1.052661 2.203210
  7 5.760270 -0.000012 -0.000009 -0.420458 -0.954024 0.183787
  8 10.965153 0.000065 -0.000006 0.000013 0.000002 -0.258037
  9 0.000007 -0.000004 -4.044200 0.072800 3.141764 -0.021270
 10 -0.000007 0.000007 4.044200 -0.160409 -2.824720 -0.185834
 11 17.182070 0.000091 0.000546 0.000004 -0.000009 -0.638931
 12 16.782913 0.000650 -0.000234 -0.053234 -0.159838 0.277190
 13 5.168527 5.004116 -0.000135 0.000010 0.000000 1.570793
 14 17.182070 0.000099 0.000206 -0.000001 -0.000007 -0.631301
 15 16.782906 0.000656 -0.000113 0.162649 0.033693 0.469984
 16 5.168479 5.004167 -0.000064 0.000011 -0.000001 1.570802
 17 -0.677803 1.770211 3.406884 -0.430977 -1.465245 2.554017
 18 5.760273 0.000016 0.000006 0.676541 0.952456 0.415148
time 39
  0 -0.342026 0.342026 0.533109 -0.058902 -0.138702 -1.482461
  1 0.000000 0.000000 0.000000 -1.570796 -1.570796 0.000000
  2 4.484989 -0.004008 0.000006 -0.173961 0.028433 -0.022243
  3 5.037136 -0.005101 -0.000238 0.090177 0.111746 0.062967
  4 6.388059 -0.005253 -0.000001 -0.075767 -0.036200 -0.014243
  5 6.146608 1.394838 0.000001 -0.060487 -0.298612 1.002209
  6 -2.365350 2.153049 -2.234960 0.107074 1.052450 2.228773
  7 5.760270 -0.000012 -0.000009 -0.449388 -0.944188 0.195052
  8 10.965153 0.000065 -0.000006 0.000013 0.000002 -0.260947
  9 0.000007 -0.000004 -4.044200 0.073559 3.143484 -0.022894
 10 -0.000007 0.000007 4.044200 -0.160505 -2.823158 -0.183445
 11 17.182070 0.000091 0.000546 0.000004 -0.000009 -0.633123
 12 16.782913 0.000650 -0.000234 -0.054877 -0.162599 0.272842
 13 5.168527 5.004116 -0.000135 0.000010 0.000000 1.570793
 14 17.182070 0.000099 0.000206 -0.000001 -0.000007 -0.632466
 15 16.782906 0.000656 -0.000113 0.160372 0.030753 0.469382
 16 5.168479 5.004167 -0.000064 0.000011 -0.000001 1.570802
 17 -0.634833 1.813181 3.399071 -0.334573 -1.460404 2.449180
 18 5.760273 0.000016 0.000006 0.692694 0.945647 0.439841
time 40
  0 -0.447498 0.447498 0.537015 -0.058137 -0.138801 -1.484433
  1 0.000000 0.000000 0.000000 -1.570796 -1.570796 0.000000
  2 4.484989 -0.004008 0.000006 -0.175228 0.027586 -0.020095
  3 5.037136 -0.005101 -0.000238 0.086810 0.114672 0.060671
  4 6.388059 -0.005253 -0.000001 -0.080381 -0.033269 -0.024694
  5 6.146608 1.394838 0.000001 -0.051957 -0.304865 1.008640
  6 -2.365350 2.145236 -2.246679 0.138504 1.052582 2.250997
  7 5.760270 -0.000012 -0.000009 -0.475527 -0.932897 0.206929
  8 10.965153 0.000065 -0.000006 0.000013 0.000002 -0.266457
  9 0.000007 -0.000004 -4.044200 0.074318 3.145586 -0.025091
 10 -0.000007 0.000007 4.044200 -0.160888 -2.821688 -0.181533
 11 17.182070 0.000091 0.000546 0.000004 -0.000009 -0.627315
 12 16.782913 0.000650 -0.000234 -0.056569 -0.165323 0.268597
 13 5.168527 5.004116 -0.000135 0.000010 0.000000 1.570793
 14 17.182070 0.000099 0.000206 -0.000001 -0.000007 -0.633494
 15 16.782906 0.000656 -0.000113 0.158079 0.027895 0.468742
 16 5.168479 5.004167 -0.000064 0.000011 -0.000001 1.570802
 17 -0.603582 1.848338 3.383446 -0.258927 -1.453803 2.367303
 18 5.760273 0.000016 0.000006 0.708576 0.938936 0.461077
time 41
  0 -0.545157 0.545157 0.544828 -0.057372 -0.139048 -1.486686
  1 0.000000 0.000000 0.000000 -1.570796 -1.570796 0.000000
  2 4.484989 -0.004008 0.000006 -0.165739 0.029568 -0.006422
  3 5.037136 -0.005101 -0.000238 0.084123 0.118462 0.059492
  4 6.388059 -0.005253 -0.000001 -0.083844 -0.029215 -0.034617
  5 6.146608 1.394838 0.000001 -0.043010 -0.309535 1.012729
  6 -2.365350 2.129611 -2.258398 0.162792 1.054164 2.268834
  7 5.760270 -0.000012 -0.000009 -0.477297 -0.919362 0.206573
  8 10.965153 0.000065 -0.000006 0.000013 0.000002 -0.275248
  9 0.000007 -0.000004 -4.044200 0.075172 3.147305 -0.026811
 10 -0.000007 0.000007 4.044200 -0.160888 -2.820126 -0.178857
 11 17.182070 0.000091 0.000546 0.000004 -0.000009 -0.621579
 12 16.782913 0.000650 -0.000234 -0.058286 -0.168010 0.264216
 13 5.168527 5.004116 -0.000135 0.000010 0.000000 1.570793
 14 17.182070 0.000099 0.000206 -0.000001 -0.000007 -0.634522
 15 16.782906 0.000656 -0.000113 0.155639 0.025058 0.468027
 16 5.168479 5.004167 -0.000064 0.000011 -0.000001 1.570802
 17 -0.584050 1.887402 3.367820 -0.195642 -1.445913 2.300037
 18 5.760273 0.000016 0.000006 0.717467 0.940736 0.462334
time 42
  0 -0.646723 0.646723 0.556547 -0.056416 -0.139196 -1.488470
  1 0.000000 0.000000 0.000000 -1.570796 -1.570796 0.000000
  2 4.484989 -0.004008 0.000006 -0.157355 0.031613 0.005200
  3 5.037136 -0.005101 -0.000238 0.080892 0.122808 0.057286
  4 6.388059 -0.005253 -0.000001 -0.088806 -0.024647 -0.047707
  5 6.146608 1.394838 0.000001 -0.033116 -0.312819 1.014912
  6 -2.373163 2.110079 -2.266211 0.168602 1.057328 2.270360
  7 5.760270 -0.000012 -0.000009 -0.534204 -0.887652 0.253877
  8 10.965153 0.000065 -0.000006 0.000013 0.000002 -0.324157
  9 0.000007 -0.000004 -4.044200 0.076026 3.148643 -0.028340
 10 -0.000007 0.000007 4.044200 -0.160984 -2.818840 -0.176372
 11 17.182070 0.000091 0.000546 0.000004 -0.000009 -0.615556
 12 16.782913 0.000650 -0.000234 -0.060076 -0.170660 0.260072
 13 5.168527 5.004116 -0.000135 0.000010 0.000000 1.570793
 14 17.182070 0.000099 0.000206 -0.000001 -0.000007 -0.635481
 15 16.782906 0.000656 -0.000113 0.153167 0.022283 0.467312
 16 5.168479 5.004167 -0.000064 0.000011 -0.000001 1.570802
 17 -0.564518 1.922559 3.344382 -0.135586 -1.437049 2.238084
 18 5.760273 0.000016 0.000006 0.736199 0.939666 0.477105
time 43
  0 -0.744382 0.744382 0.556547 -0.055364 -0.139295 -1.490911
  1 0.000000 0.000000 0.000000 -1.570796 -1.570796 0.000000
  2 4.484989 -0.004008 0.000006 -0.171166 0.029456 -0.007952
  3 5.037136 -0.005101 -0.000238 0.075025 0.126919 0.050639
  4 6.388059 -0.005253 -0.000001 -0.098777 -0.021488 -0.069136
  5 6.146608 1.394838 0.000001 -0.022387 -0.314758 1.015349
  6 -2.377069 2.078828 -2.289649 0.164697 1.062971 2.264351
  7 5.760270 -0.000012 -0.000009 -0.654145 -0.848741 0.340278
  8 10.965153 0.000065 -0.000006 0.000013 0.000002 -0.367246
  9 0.000007 -0.000004 -4.044200 0.077259 3.150458 -0.029964
 10 -0.000007 0.000007 4.044200 -0.161080 -2.817462 -0.173791
 11 17.182070 0.000091 0.000546 0.000004 -0.000009 -0.609677
 12 16.782913 0.000650 -0.000234 -0.061940 -0.173236 0.255623
 13 5.168527 5.004116 -0.000135 0.000010 0.000000 1.570793
 14 17.182070 0.000099 0.000206 -0.000001 -0.000007 -0.636235
 15 16.782906 0.000656 -0.000113 0.150695 0.019569 0.466560
 16 5.168479 5.004167 -0.000064 0.000011 -0.000001 1.570802
 17 -0.560612 1.961623 3.324850 -0.033831 -1.426078 2.137801
 18 5.760273 0.000016 0.000006 0.817509 0.890938 0.574979
time 44
  0 -0.842041 0.842041 0.564360 -0.054695 -0.139443 -1.492695
  1 0.000000 0.000000 0.000000 -1.570796 -1.570796 0.000000
  2 4.484989 -0.004008 0.000006 -0.183807 0.027570 -0.021625
  3 5.037136 -0.005101 -0.000238 0.069192 0.131148 0.043779
  4 6.388059 -0.005253 -0.000001 -0.108760 -0.018138 -0.091339
  5 6.146608 1.394838 0.000001 -0.010938 -0.315491 1.014039
  6 -2.380976 2.059296 -2.309181 0.161268 1.072437 2.260917
  7 5.760270 -0.000012 -0.000009 -0.697914 -0.839102 0.375910
  8 10.965153 0.000065 -0.000006 0.000013 0.000002 -0.325705
  9 0.000007 -0.000004 -4.044200 0.078018 3.152082 -0.031492
 10 -0.000007 0.000007 4.044200 -0.161655 -2.816176 -0.171497
 11 17.182070 0.000091 0.000546 0.000004 -0.000009 -0.603654
 12 16.782913 0.000650 -0.000234 -0.063804 -0.175794 0.251649
 13 5.168527 5.004116 -0.000135 0.000010 0.000000 1.570793
 14 17.182070 0.000099 0.000206 -0.000001 -0.000007 -0.636989
 15 16.782906 0.000656 -0.000113 0.148125 0.016916 0.465769
 16 5.168479 5.004167 -0.000064 0.000011 -0.000001 1.570802
 17 -0.560612 1.996780 3.309225 0.071428 -1.413379 2.036570
 18 5.760273 0.000016 0.000006 0.891013 0.840312 0.668409
time 45
  0 -0.935794 0.935794 0.576079 -0.053834 -0.139542 -1.494761
  1 0.000000 0.000000 0.000000 -1.570796 -1.570796 0.000000
  2 4.484989 -0.004008 0.000006 -0.173246 0.031070 -0.013226
  3 5.037136 -0.005101 -0.000238 0.066114 0.135932 0.040758
  4 6.388059 -0.005253 -0.000001 -0.113938 -0.012923 -0.106892
  5 6.146608 1.394838 0.000001 0.001060 -0.315055 1.011419
  6 -2.384882 2.028045 -2.332619 0.157268 1.083802 2.258437
  7 5.760270 -0.000012 -0.000009 -0.664015 -0.842957 0.369895
  8 10.965153 0.000065 -0.000006 0.000013 0.000002 -0.272895
  9 0.000007 -0.000004 -4.044200 0.078872 3.153515 -0.033021
 10 -0.000007 0.000007 4.044200 -0.161751 -2.814981 -0.168439
 11 17.182070 0.000091 0.000546 0.000004 -0.000009 -0.597487
 12 16.782913 0.000650 -0.000234 -0.065766 -0.178295 0.247472
 13 5.168527 5.004116 -0.000135 0.000010 0.000000 1.570793
 14 17.182070 0.000099 0.000206 -0.000001 -0.000007 -0.637537
 15 16.782906 0.000656 -0.000113 0.145474 0.014305 0.464941
 16 5.168479 5.004167 -0.000064 0.000011 -0.000001 1.570802
 17 -0.564518 2.028031 3.281880 0.153717 -1.401874 1.959437
 18 5.760273 0.000016 0.000006 0.895289 0.855826 0.693641
time 46
  0 -1.021734 1.021734 0.579985 -0.052878 -0.139641 -1.496920
  1 0.000000 0.000000 0.000000 -1.570796 -1.570796 0.000000
  2 4.484989 -0.004008 0.000006 -0.157095 0.035529 0.000805
  3 5.037136 -0.005101 -0.000238 0.063631 0.140834 0.038673
  4 6.388059 -0.005253 -0.000001 -0.117976 -0.007537 -0.120968
  5 6.146608 1.394838 0.000001 0.013742 -0.313551 1.007330
  6 -2.384882 1.992887 -2.359964 0.159934 1.096775 2.264160
  7 5.760270 -0.000012 -0.000009 -0.631205 -0.842918 0.361382
  8 10.965153 0.000065 -0.000006 0.000013 0.000002 -0.279025
  9 0.000007 -0.000004 -4.044200 0.079631 3.154853 -0.034550
 10 -0.000007 0.000007 4.044200 -0.161943 -2.813787 -0.165953
 11 17.182070 0.000091 0.000546 0.000004 -0.000009 -0.591464
 12 16.782913 0.000650 -0.000234 -0.067728 -0.180742 0.243193
 13 5.168527 5.004116 -0.000135 0.000010 0.000000 1.570793
 14 17.182070 0.000099 0.000206 -0.000001 -0.000007 -0.638085
 15 16.782906 0.000656 -0.000113 0.142823 0.011817 0.464114
 16 5.168479 5.004167 -0.000064 0.000011 -0.000001 1.570802
 17 -0.576237 2.059282 3.258442 0.219862 -1.390086 1.899665
 18 5.760273 0.000016 0.000006 0.885312 0.886901 0.704102
time 47
  0 -1.115487 1.115487 0.587798 -0.052113 -0.139888 -1.499455
  1 0.000000 0.000000 0.000000 -1.570796 -1.570796 0.000000
  2 4.484989 -0.004008 0.000006 -0.144811 0.038726 0.013924
  3 5.037136 -0.005101 -0.000238 0.060689 0.145458 0.036134
  4 6.388059 -0.005253 -0.000001 -0.123262 -0.002684 -0.135817
  5 6.146608 1.394838 0.000001 0.026764 -0.311078 1.002170
  6 -2.392695 1.953824 -2.395121 0.184603 1.113097 2.292489
  7 5.760270 -0.000012 -0.000009 -0.654213 -0.829266 0.373463
  8 10.965153 0.000065 -0.000006 0.000013 0.000002 -0.301126
  9 0.000007 -0.000004 -4.044200 0.080579 3.156095 -0.035983
 10 -0.000007 0.000007 4.044200 -0.162422 -2.812777 -0.162990
 11 17.182070 0.000091 0.000546 0.000004 -0.000009 -0.585441
 12 16.782913 0.000650 -0.000234 -0.069788 -0.183114 0.239287
 13 5.168527 5.004116 -0.000135 0.000010 0.000000 1.570793
 14 17.182070 0.000099 0.000206 -0.000001 -0.000007 -0.638428
 15 16.782906 0.000656 -0.000113 0.140172 0.009391 0.463248
 16 5.168479 5.004167 -0.000064 0.000011 -0.000001 1.570802
 17 -0.595769 2.102252 3.227191 0.256762 -1.379776 1.869021
 18 5.760273 0.000016 0.000006 0.887755 0.907958 0.721342
time 48
  0 -1.201427 1.201427 0.595611 -0.051157 -0.140036 -1.501239
  1 0.000000 0.000000 0.000000 -1.570796 -1.570796 0.000000
  2 4.484989 -0.004008 0.000006 -0.139059 0.040580 0.021119
  3 5.037136 -0.005101 -0.000238 0.057083 0.149730 0.032508
  4 6.388059 -0.005253 -0.000001 -0.129973 0.001351 -0.152672
  5 6.146608 1.394838 0.000001 0.040070 -0.307734 0.995897
  6 -2.396601 1.910854 -2.414653 0.215462 1.130658 2.327876
  7 5.760270 -0.000012 -0.000009 -0.703700 -0.811207 0.397879
  8 10.965153 0.000065 -0.000006 0.000013 0.000002 -0.328924
  9 0.000007 -0.000004 -4.044200 0.081813 3.157146 -0.036938
 10 -0.000007 0.000007 4.044200 -0.162518 -2.811766 -0.160505
 11 17.182070 0.000091 0.000546 0.000004 -0.000009 -0.579419
 12 16.782913 0.000650 -0.000234 -0.071799 -0.185412 0.235381
 13 5.168527 5.004116 -0.000135 0.000010 0.000000 1.570793
 14 17.182070 0.000099 0.000206 -0.000001 -0.000007 -0.638839
 15 16.782906 0.000656 -0.000113 0.137455 0.007047 0.462382
 16 5.168479 5.004167 -0.000064 0.000011 -0.000001 1.570802
 17 -0.615301 2.133503 3.207659 0.248737 -1.373489 1.882209
 18 5.760273 0.000016 0.000006 0.925695 0.902463 0.753937
time 49
  0 -1.283461 1.283461 0.607330 -0.050392 -0.140135 -1.503774
  1 0.000000 0.000000 0.000000 -1.570796 -1.570796 0.000000
  2 4.484989 -0.004008 0.000006 -0.152448 0.039477 0.008716
  3 5.037136 -0.005101 -0.000238 0.051199 0.153564 0.025468
  4 6.388059 -0.005253 -0.000001 -0.140627 0.003883 -0.175632
  5 6.146608 1.394838 0.000001 0.053548 -0.303579 0.988712
  6 -2.404414 1.867884 -2.445904 0.238702 1.146848 2.356967
  7 5.760270 -0.000012 -0.000009 -0.793690 -0.785477 0.448956
  8 10.965153 0.000065 -0.000006 0.000013 0.000002 -0.352945
  9 0.000007 -0.000004 -4.044200 0.082666 3.158674 -0.038467
 10 -0.000007 0.000007 4.044200 -0.163189 -2.810847 -0.157447
 11 17.182070 0.000091 0.000546 0.000004 -0.000009 -0.573396
 12 16.782913 0.000650 -0.000234 -0.073908 -0.187617 0.231509
 13 5.168527 5.004116 -0.000135 0.000010 0.000000 1.570793
 14 17.182070 0.000099 0.000206 -0.000001 -0.000007 -0.639113
 15 16.782906 0.000656 -0.000113 0.134707 0.004806 0.461517
 16 5.168479 5.004167 -0.000064 0.000011 -0.000001 1.570802
 17 -0.646552 2.164754 3.184221 0.231209 -1.368680 1.905738
 18 5.760273 0.000016 0.000006 0.984471 0.869977 0.826131
time 50
  0 -1.357682 1.357682 0.611236 -0.049627 -0.140283 -1.505652
  1 0.000000 0.000000 0.000000 -1.570796 -1.570796 0.000000
  2 4.484989 -0.004008 0.000006 -0.164797 0.038134 -0.003264
  3 5.037136 -0.005101 -0.000238 0.045758 0.157032 0.018639
  4 6.388059 -0.005253 -0.000001 -0.150982 0.005957 -0.198081
  5 6.146608 1.394838 0.000001 0.067082 -0.298750 0.980693
  6 -2.408320 1.817101 -2.477155 0.244988 1.162590 2.370702
  7 5.760270 -0.000012 -0.000009 -0.865981 -0.760572 0.509717
  8 10.965153 0.000065 -0.000006 0.000013 0.000002 -0.378142
  9 0.000007 -0.000004 -4.044200 0.083425 3.159534 -0.039231
 10 -0.000007 0.000007 4.044200 -0.163284 -2.810020 -0.154484
 11 17.182070 0.000091 0.000546 0.000004 -0.000009 -0.567301
 12 16.782913 0.000650 -0.000234 -0.076017 -0.189785 0.227705
 13 5.168527 5.004116 -0.000135 0.000010 0.000000 1.570793
 14 17.182070 0.000099 0.000206 -0.000001 -0.000007 -0.639319
 15 16.782906 0.000656 -0.000113 0.131926 0.002689 0.460614
 16 5.168479 5.004167 -0.000064 0.000011 -0.000001 1.570802
 17 -0.677803 2.196005 3.156876 0.213312 -1.363524 1.930215
 18 5.760273 0.000016 0.000006 1.038497 0.834477 0.892533
time 51
  0 -1.435809 1.435809 0.619049 -0.048575 -0.140382 -1.508093
  1 0.000000 0.000000 0.000000 -1.570796 -1.570796 0.000000
  2 4.484989 -0.004008 0.000006 -0.152253 0.040308 0.007121
  3 5.037136 -0.005101 -0.000238 0.043547 0.160660 0.016131
  4 6.388059 -0.005253 -0.000001 -0.155308 0.010125 -0.212332
  5 6.146608 1.394838 0.000001 0.080540 -0.293329 0.972119
  6 -2.408320 1.762412 -2.508406 0.242226 1.178279 2.376425
  7 5.760270 -0.000012 -0.000009 -0.870950 -0.748455 0.550293
  8 10.965153 0.000065 -0.000006 0.000013 0.000002 -0.405940
  9 0.000007 -0.000004 -4.044200 0.084089 3.160585 -0.040664
 10 -0.000007 0.000007 4.044200 -0.163955 -2.809194 -0.151999
 11 17.182070 0.000091 0.000546 0.000004 -0.000009 -0.561565
 12 16.782913 0.000650 -0.000234 -0.078151 -0.191842 0.223969
 13 5.168527 5.004116 -0.000135 0.000010 0.000000 1.570793
 14 17.182070 0.000099 0.000206 -0.000001 -0.000007 -0.639456
 15 16.782906 0.000656 -0.000113 0.129161 0.000633 0.459748
 16 5.168479 5.004167 -0.000064 0.000011 -0.000001 1.570802
 17 -0.709054 2.227256 3.121719 0.205286 -1.356452 1.946344
 18 5.760273 0.000016 0.000006 1.072568 0.828155 0.912916
time 52
  0 -1.506124 1.506124 0.630768 -0.047906 -0.140481 -1.510535
  1 0.000000 0.000000 0.000000 -1.570796 -1.570796 0.000000
  2 4.484989 -0.004008 0.000006 -0.138864 0.042290 0.018287
  3 5.037136 -0.005101 -0.000238 0.041778 0.163938 0.013985
  4 6.388059 -0.005253 -0.000001 -0.159107 0.014122 -0.225545
  5 6.146608 1.394838 0.000001 0.093865 -0.287412 0.962949
  6 -2.408320 1.723348 -2.543563 0.242226 1.190804 2.385105
  7 5.760270 -0.000012 -0.000009 -0.868908 -0.736927 0.570428
  8 10.965153 0.000065 -0.000006 0.000013 0.000002 -0.420427
  9 0.000007 -0.000004 -4.044200 0.085038 3.161636 -0.041524
 10 -0.000007 0.000007 4.044200 -0.164051 -2.808551 -0.148940
 11 17.182070 0.000091 0.000546 0.000004 -0.000009 -0.555757
 12 16.782913 0.000650 -0.000234 -0.080358 -0.193825 0.220267
 13 5.168527 5.004116 -0.000135 0.000010 0.000000 1.570793
 14 17.182070 0.000099 0.000206 -0.000001 -0.000007 -0.639456
 15 16.782906 0.000656 -0.000113 0.126396 -0.001321 0.458845
 16 5.168479 5.004167 -0.000064 0.000011 -0.000001 1.570802
 17 -0.744211 2.250694 3.102187 0.219493 -1.347713 1.941790
 18 5.760273 0.000016 0.000006 1.105146 0.822124 0.950988
time 53
  0 -1.580345 1.580345 0.638581 -0.047141 -0.140629 -1.512318
  1 0.000000 0.000000 0.000000 -1.570796 -1.570796 0.000000
  2 4.484989 -0.004008 0.000006 -0.147866 0.041906 0.008944
  3 5.037136 -0.005101 -0.000238 0.037493 0.166498 0.008395
  4 6.388059 -0.005253 -0.000001 -0.167437 0.015911 -0.244441
  5 6.146608 1.394838 0.000001 0.106906 -0.281140 0.953461
  6 -2.416133 1.668659 -2.574814 0.250512 1.192966 2.402083
  7 5.760270 -0.000012 -0.000009 -0.906756 -0.707223 0.549987
  8 10.965153 0.000065 -0.000006 0.000013 0.000002 -0.397087
  9 0.000007 -0.000004 -4.044200 0.085797 3.162305 -0.042289
 10 -0.000007 0.000007 4.044200 -0.164722 -2.807999 -0.145977
 11 17.182070 0.000091 0.000546 0.000004 -0.000009 -0.550021
 12 16.782913 0.000650 -0.000234 -0.082516 -0.195715 0.217041
 13 5.168527 5.004116 -0.000135 0.000010 0.000000 1.570793
 14 17.182070 0.000099 0.000206 -0.000001 -0.000007 -0.639456
 15 16.782906 0.000656 -0.000113 0.123647 -0.003109 0.457979
 16 5.168479 5.004167 -0.000064 0.000011 -0.000001 1.570802
 17 -0.783275 2.278039 3.070936 0.244770 -1.337937 1.927179
 18 5.760273 0.000016 0.000006 1.144511 0.787791 1.035933
time 54
  0 -1.642847 1.642847 0.642487 -0.046376 -0.140728 -1.514853
  1 0.000000 0.000000 0.000000 -1.570796 -1.570796 0.000000
  2 4.484989 -0.004008 0.000006 -0.158525 0.039445 -0.002092
  3 5.037136 -0.005101 -0.000238 0.033479 0.168239 0.002835
  4 6.388059 -0.005253 -0.000001 -0.175191 0.016958 -0.262721
  5 6.146608 1.394838 0.000001 0.119588 -0.274610 0.943616
  6 -2.416133 1.613970 -2.598252 0.263751 1.194601 2.423735
  7 5.760270 -0.000012 -0.000009 -0.949300 -0.682594 0.531687
  8 10.965153 0.000065 -0.000006 0.000013 0.000002 -0.371951
  9 0.000007 -0.000004 -4.044200 0.086651 3.162973 -0.043148
 10 -0.000007 0.000007 4.044200 -0.164914 -2.807540 -0.142918
 11 17.182070 0.000091 0.000546 0.000004 -0.000009 -0.544428
 12 16.782913 0.000650 -0.000234 -0.084748 -0.197494 0.213543
 13 5.168527 5.004116 -0.000135 0.000010 0.000000 1.570793
 14 17.182070 0.000099 0.000206 -0.000001 -0.000007 -0.639456
 15 16.782906 0.000656 -0.000113 0.120882 -0.004836 0.457076
 16 5.168479 5.004167 -0.000064 0.000011 -0.000001 1.570802
 17 -0.826245 2.301477 3.047498 0.256393 -1.326212 1.926136
 18 5.760273 0.000016 0.000006 1.166569 0.753068 1.093535
time 55
  0 -1.697536 1.697536 0.650300 -0.045611 -0.140876 -1.516825
  1 0.000000 0.000000 0.000000 -1.570796 -1.570796 0.000000
  2 4.484989 -0.004008 0.000006 -0.152870 0.033164 0.000642
  3 5.037136 -0.005101 -0.000238 0.032085 0.169044 0.000116
  4 6.388059 -0.005253 -0.000001 -0.177839 0.017814 -0.275318
  5 6.146608 1.394838 0.000001 0.131814 -0.267961 0.933652
  6 -2.416133 1.571000 -2.629503 0.283562 1.205992 2.453113
  7 5.760270 -0.000012 -0.000009 -0.963799 -0.681020 0.562986
  8 10.965153 0.000065 -0.000006 0.000013 0.000002 -0.384395
  9 0.000007 -0.000004 -4.044200 0.087979 3.163642 -0.043913
 10 -0.000007 0.000007 4.044200 -0.165489 -2.806989 -0.140338
 11 17.182070 0.000091 0.000546 0.000004 -0.000009 -0.539122
 12 16.782913 0.000650 -0.000234 -0.086955 -0.199162 0.210520
 13 5.168527 5.004116 -0.000135 0.000010 0.000000 1.570793
 14 17.182070 0.000099 0.000206 -0.000001 -0.000007 -0.639319
 15 16.782906 0.000656 -0.000113 0.118117 -0.006420 0.456210
 16 5.168479 5.004167 -0.000064 0.000011 -0.000001 1.570802
 17 -0.869215 2.321009 3.016247 0.236652 -1.307100 1.956116
 18 5.760273 0.000016 0.000006 1.148787 0.745044 1.046304
time 56
  0 -1.760038 1.760038 0.662019 -0.044846 -0.140975 -1.519078
  1 0.000000 0.000000 0.000000 -1.570796 -1.570796 0.000000
  2 4.484989 -0.004008 0.000006 -0.145948 0.028017 0.004614
  3 5.037136 -0.005101 -0.000238 0.031371 0.169234 -0.001727
  4 6.388059 -0.005253 -0.000001 -0.179337 0.018880 -0.285294
  5 6.146608 1.394838 0.000001 0.143471 -0.261313 0.923569
  6 -2.416133 1.520217 -2.656848 0.308230 1.219440 2.487451
  7 5.760270 -0.000012 -0.000009 -0.973056 -0.682476 0.606976
  8 10.965153 0.000065 -0.000006 0.000013 0.000002 -0.408045
  9 0.000007 -0.000004 -4.044200 0.088738 3.164024 -0.044677
 10 -0.000007 0.000007 4.044200 -0.165776 -2.806713 -0.137375
 11 17.182070 0.000091 0.000546 0.000004 -0.000009 -0.533816
 12 16.782913 0.000650 -0.000234 -0.089187 -0.200737 0.207667
 13 5.168527 5.004116 -0.000135 0.000010 0.000000 1.570793
 14 17.182070 0.000099 0.000206 -0.000001 -0.000007 -0.639250
 15 16.782906 0.000656 -0.000113 0.115336 -0.007818 0.455383
 16 5.168479 5.004167 -0.000064 0.000011 -0.000001 1.570802
 17 -0.904372 2.336634 2.992809 0.214050 -1.288931 1.988848
 18 5.760273 0.000016 0.000006 1.130869 0.741543 0.994807
time 57
  0 -1.814727 1.814727 0.669832 -0.043794 -0.141074 -1.521707
  1 0.000000 0.000000 0.000000 -1.570796 -1.570796 0.000000
  2 4.484989 -0.004008 0.000006 -0.147118 0.028449 0.002856
  3 5.037136 -0.005101 -0.000238 0.030112 0.169410 -0.004115
  4 6.388059 -0.005253 -0.000001 -0.182441 0.020479 -0.295024
  5 6.146608 1.394838 0.000001 0.154522 -0.254803 0.913605
  6 -2.427852 1.469434 -2.680286 0.331565 1.230119 2.520262
  7 5.760270 -0.000012 -0.000009 -0.988917 -0.672994 0.631087
  8 10.965153 0.000065 -0.000006 0.000013 0.000002 -0.420303
  9 0.000007 -0.000004 -4.044200 0.088928 3.164502 -0.045441
 10 -0.000007 0.000007 4.044200 -0.166256 -2.806713 -0.134221
 11 17.182070 0.000091 0.000546 0.000004 -0.000009 -0.528797
 12 16.782913 0.000650 -0.000234 -0.091762 -0.202127 0.204780
 13 5.168527 5.004116 -0.000135 0.000010 0.000000 1.570793
 14 17.182070 0.000099 0.000206 -0.000001 -0.000007 -0.638976
 15 16.782906 0.000656 -0.000113 0.112262 -0.009031 0.454479
 16 5.168479 5.004167 -0.000064 0.000011 -0.000001 1.570802
 17 -0.943436 2.352260 2.965464 0.203349 -1.280601 2.009625
 18 5.760273 0.000016 0.000006 1.144850 0.729385 1.021566
time 58
  0 -1.845978 1.845978 0.673738 -0.043029 -0.141222 -1.525087
  1 0.000000 0.000000 0.000000 -1.570796 -1.570796 0.000000
  2 4.484989 -0.004008 0.000006 -0.150693 0.030958 -0.000530
  3 5.037136 -0.005101 -0.000238 0.028854 0.169410 -0.006471
  4 6.388059 -0.005253 -0.000001 -0.185785 0.022154 -0.303996
  5 6.146608 1.394838 0.000001 0.165175 -0.247956 0.903045
  6 -2.427852 1.426464 -2.703724 0.350709 1.232413 2.548877
  7 5.760270 -0.000012 -0.000009 -1.009134 -0.655683 0.597546
  8 10.965153 0.000065 -0.000006 0.000013 0.000002 -0.397953
  9 0.000007 -0.000004 -4.044200 0.089592 3.164024 -0.046206
 10 -0.000007 0.000007 4.044200 -0.167118 -2.806897 -0.130971
 11 17.182070 0.000091 0.000546 0.000004 -0.000009 -0.523706
 12 16.782913 0.000650 -0.000234 -0.095048 -0.203239 0.202708
 13 5.168527 5.004116 -0.000135 0.000010 0.000000 1.570793
 14 17.182070 0.000099 0.000206 -0.000001 -0.000007 -0.638428
 15 16.782906 0.000656 -0.000113 0.108635 -0.009791 0.453426
 16 5.168479 5.004167 -0.000064 0.000011 -0.000001 1.570802
 17 -0.986406 2.367885 2.953745 0.192740 -1.275038 2.030688
 18 5.760273 0.000016 0.000006 1.165483 0.714698 1.068348
time 59
  0 -1.877229 1.877229 0.685457 -0.042073 -0.141469 -1.528561
  1 0.000000 0.000000 0.000000 -1.570796 -1.570796 0.000000
  2 4.484989 -0.004008 0.000006 -0.154398 0.033403 -0.003915
  3 5.037136 -0.005101 -0.000238 0.028055 0.168810 -0.008375
  4 6.388059 -0.005253 -0.000001 -0.188266 0.023581 -0.311316
  5 6.146608 1.394838 0.000001 0.175733 -0.240279 0.891374
  6 -2.427852 1.371775 -2.734975 0.364710 1.235472 2.574058
  7 5.760270 -0.000012 -0.000009 -1.024654 -0.644037 0.561762
  8 10.965153 0.000065 -0.000006 0.000013 0.000002 -0.368732
  9 0.000007 -0.000004 -4.044200 0.090256 3.163547 -0.046683
 10 -0.000007 0.000007 4.044200 -0.167981 -2.807724 -0.127912
 11 17.182070 0.000091 0.000546 0.000004 -0.000009 -0.518902
 12 16.782913 0.000650 -0.000234 -0.098825 -0.204110 0.200806
 13 5.168527 5.004116 -0.000135 0.000010 0.000000 1.570793
 14 17.182070 0.000099 0.000206 -0.000001 -0.000007 -0.637948
 15 16.782906 0.000656 -0.000113 0.104569 -0.010161 0.452259
 16 5.168479 5.004167 -0.000064 0.000011 -0.000001 1.570802
 17 -1.037189 2.375698 2.926400 0.180655 -1.269599 2.054501
 18 5.760273 0.000016 0.000006 1.183808 0.700303 1.110730
time 60
  0 -1.896761 1.896761 0.704989 -0.041021 -0.141568 -1.532786
  1 0.000000 0.000000 0.000000 -1.570796 -1.570796 0.000000
  2 4.484989 -0.004008 0.000006 -0.157745 0.035225 -0.008180
  3 5.037136 -0.005101 -0.000238 0.028310 0.167683 -0.009554
  4 6.388059 -0.005253 -0.000001 -0.189896 0.024590 -0.317297
  5 6.146608 1.394838 0.000001 0.186120 -0.231830 0.878671
  6 -2.427852 1.328805 -2.754507 0.371282 1.247680 2.593993
  7 5.760270 -0.000012 -0.000009 -1.024518 -0.647853 0.574455
  8 10.965153 0.000065 -0.000006 0.000013 0.000002 -0.354059
  9 0.000007 -0.000004 -4.044200 0.090256 3.162305 -0.046970
 10 -0.000007 0.000007 4.044200 -0.169227 -2.808642 -0.123993
 11 17.182070 0.000091 0.000546 0.000004 -0.000009 -0.514314
 12 16.782913 0.000650 -0.000234 -0.103092 -0.204740 0.199142
 13 5.168527 5.004116 -0.000135 0.000010 0.000000 1.570793
 14 17.182070 0.000099 0.000206 -0.000001 -0.000007 -0.637126
 15 16.782906 0.000656 -0.000113 0.100080 -0.010203 0.451017
 16 5.168479 5.004167 -0.000064 0.000011 -0.000001 1.570802
 17 -1.084065 2.375698 2.902962 0.166817 -1.262181 2.081161
 18 5.760273 0.000016 0.000006 1.194871 0.688340 1.132101
time 61
  0 -1.900667 1.900667 0.712802 -0.039778 -0.141815 -1.537199
  1 0.000000 0.000000 0.000000 -1.570796 -1.570796 0.000000
  2 4.484989 -0.004008 0.000006 -0.161612 0.036936 -0.014105
  3 5.037136 -0.005101 -0.000238 0.029313 0.166528 -0.010249
  4 6.388059 -0.005253 -0.000001 -0.191538 0.025085 -0.322892
  5 6.146608 1.394838 0.000001 0.196280 -0.222668 0.865253
  6 -2.427852 1.274116 -2.785758 0.374806 1.262842 2.612402
  7 5.760270 -0.000012 -0.000009 -1.018868 -0.656233 0.601012
  8 10.965153 0.000065 -0.000006 0.000013 0.000002 -0.340625
  9 0.000007 -0.000004 -4.044200 0.090351 3.160585 -0.047448
 10 -0.000007 0.000007 4.044200 -0.170089 -2.810020 -0.120170
 11 17.182070 0.000091 0.000546 0.000004 -0.000009 -0.510227
 12 16.782913 0.000650 -0.000234 -0.107752 -0.205129 0.198089
 13 5.168527 5.004116 -0.000135 0.000010 0.000000 1.570793
 14 17.182070 0.000099 0.000206 -0.000001 -0.000007 -0.636372
 15 16.782906 0.000656 -0.000113 0.095266 -0.009874 0.449662
 16 5.168479 5.004167 -0.000064 0.000011 -0.000001 1.570802
 17 -1.134848 2.387417 2.883430 0.143846 -1.248224 2.117877
 18 5.760273 0.000016 0.000006 1.191274 0.684790 1.093984
time 62
  0 -1.896761 1.896761 0.724521 -0.038822 -0.141914 -1.542175
  1 0.000000 0.000000 0.000000 -1.570796 -1.570796 0.000000
  2 4.484989 -0.004008 0.000006 -0.165512 0.038582 -0.020062
  3 5.037136 -0.005101 -0.000238 0.030367 0.165211 -0.010853
  4 6.388059 -0.005253 -0.000001 -0.192940 0.025408 -0.328082
  5 6.146608 1.394838 0.000001 0.206156 -0.212874 0.851081
  6 -2.427852 1.219426 -2.805290 0.379949 1.275604 2.633291
  7 5.760270 -0.000012 -0.000009 -1.020842 -0.657847 0.620587
  8 10.965153 0.000065 -0.000006 0.000013 0.000002 -0.333567
  9 0.000007 -0.000004 -4.044200 0.090351 3.158865 -0.047734
 10 -0.000007 0.000007 4.044200 -0.170952 -2.811491 -0.116920
 11 17.182070 0.000091 0.000546 0.000004 -0.000009 -0.506355
 12 16.782913 0.000650 -0.000234 -0.112681 -0.205240 0.197648
 13 5.168527 5.004116 -0.000135 0.000010 0.000000 1.570793
 14 17.182070 0.000099 0.000206 -0.000001 -0.000007 -0.635481
 15 16.782906 0.000656 -0.000113 0.090289 -0.009175 0.448307
 16 5.168479 5.004167 -0.000064 0.000011 -0.000001 1.570802
 17 -1.197350 2.387417 2.852179 0.125211 -1.234016 2.151273
 18 5.760273 0.000016 0.000006 1.187406 0.682894 1.055822
time 63
  0 -1.888948 1.888948 0.736240 -0.037770 -0.142161 -1.547246
  1 0.000000 0.000000 0.000000 -1.570796 -1.570796 0.000000
  2 4.484989 -0.004008 0.000006 -0.168989 0.040340 -0.024327
  3 5.037136 -0.005101 -0.000238 0.031014 0.163660 -0.011699
  4 6.388059 -0.005253 -0.000001 -0.193863 0.026322 -0.332762
  5 6.146608 1.394838 0.000001 0.215728 -0.202545 0.836512
  6 -2.427852 1.156924 -2.828728 0.387664 1.285361 2.656946
  7 5.760270 -0.000012 -0.000009 -1.028738 -0.652968 0.627723
  8 10.965153 0.000065 -0.000006 0.000013 0.000002 -0.331648
  9 0.000007 -0.000004 -4.044200 0.090351 3.156955 -0.047734
 10 -0.000007 0.000007 4.044200 -0.171911 -2.813328 -0.113097
 11 17.182070 0.000091 0.000546 0.000004 -0.000009 -0.502985
 12 16.782913 0.000650 -0.000234 -0.117807 -0.205092 0.197240
 13 5.168527 5.004116 -0.000135 0.000010 0.000000 1.570793
 14 17.182070 0.000099 0.000206 -0.000001 -0.000007 -0.634453
 15 16.782906 0.000656 -0.000113 0.085133 -0.008208 0.446915
 16 5.168479 5.004167 -0.000064 0.000011 -0.000001 1.570802
 17 -1.252039 2.387417 2.828741 0.118938 -1.224460 2.173474
 18 5.760273 0.000016 0.000006 1.191749 0.677495 1.061928
time 64
  0 -1.865510 1.865510 0.747959 -0.036718 -0.142408 -1.551940
  1 0.000000 0.000000 0.000000 -1.570796 -1.570796 0.000000
  2 4.484989 -0.004008 0.000006 -0.171556 0.042258 -0.025238
  3 5.037136 -0.005101 -0.000238 0.030724 0.161860 -0.013180
  4 6.388059 -0.005253 -0.000001 -0.194043 0.028016 -0.336844
  5 6.146608 1.394838 0.000001 0.224941 -0.191741 0.821546
  6 -2.427852 1.102235 -2.852166 0.395474 1.295117 2.681173
  7 5.760270 -0.000012 -0.000009 -1.034116 -0.649781 0.631750
  8 10.965153 0.000065 -0.000006 0.000013 0.000002 -0.329914
  9 0.000007 -0.000004 -4.044200 0.090256 3.154280 -0.047734
 10 -0.000007 0.000007 4.044200 -0.173061 -2.815349 -0.109943
 11 17.182070 0.000091 0.000546 0.000004 -0.000009 -0.500332
 12 16.782913 0.000650 -0.000234 -0.123006 -0.204703 0.197648
 13 5.168527 5.004116 -0.000135 0.000010 0.000000 1.570793
 14 17.182070 0.000099 0.000206 -0.000001 -0.000007 -0.633288
 15 16.782906 0.000656 -0.000113 0.079961 -0.006934 0.445485
 16 5.168479 5.004167 -0.000064 0.000011 -0.000001 1.570802
 17 -1.314541 2.387417 2.809209 0.112019 -1.215030 2.196528
 18 5.760273 0.000016 0.000006 1.194871 0.674578 1.066507
time 65
  0 -1.834259 1.834259 0.759678 -0.035571 -0.142556 -1.556916
  1 0.000000 0.000000 0.000000 -1.570796 -1.570796 0.000000
  2 4.484989 -0.004008 0.000006 -0.172726 0.044335 -0.021202
  3 5.037136 -0.005101 -0.000238 0.028956 0.159782 -0.015688
  4 6.388059 -0.005253 -0.000001 -0.193264 0.030928 -0.340257
  5 6.146608 1.394838 0.000001 0.233755 -0.180581 0.806303
  6 -2.427852 1.039733 -2.883417 0.403284 1.304715 2.705782
  7 5.760270 -0.000012 -0.000009 -1.034388 -0.649034 0.631138
  8 10.965153 0.000065 -0.000006 0.000013 0.000002 -0.328986
  9 0.000007 -0.000004 -4.044200 0.090256 3.152082 -0.047734
 10 -0.000007 0.000007 4.044200 -0.173923 -2.817462 -0.106884
 11 17.182070 0.000091 0.000546 0.000004 -0.000009 -0.498181
 12 16.782913 0.000650 -0.000234 -0.128156 -0.204054 0.198089
 13 5.168527 5.004116 -0.000135 0.000010 0.000000 1.570793
 14 17.182070 0.000099 0.000206 -0.000001 -0.000007 -0.632329
 15 16.782906 0.000656 -0.000113 0.074838 -0.005391 0.444092
 16 5.168479 5.004167 -0.000064 0.000011 -0.000001 1.570802
 17 -1.377043 2.375698 2.777958 0.104731 -1.205694 2.220437
 18 5.760273 0.000016 0.000006 1.195889 0.675404 1.068393
time 66
  0 -1.791289 1.791289 0.779210 -0.034806 -0.142754 -1.561798
  1 0.000000 0.000000 0.000000 -1.570796 -1.570796 0.000000
  2 4.484989 -0.004008 0.000006 -0.172953 0.046621 -0.013519
  3 5.037136 -0.005101 -0.000238 0.025742 0.157514 -0.019283
  4 6.388059 -0.005253 -0.000001 -0.191825 0.034677 -0.343600
  5 6.146608 1.394838 0.000001 0.242133 -0.169124 0.790980
  6 -2.416133 0.988951 -2.902949 0.411094 1.314234 2.730677
  7 5.760270 -0.000012 -0.000009 -1.032618 -0.649584 0.628488
  8 10.965153 0.000065 -0.000006 0.000013 0.000002 -0.328119
  9 0.000007 -0.000004 -4.044200 0.090161 3.149216 -0.047734
 10 -0.000007 0.000007 4.044200 -0.174786 -2.819759 -0.103826
 11 17.182070 0.000091 0.000546 0.000004 -0.000009 -0.496675
 12 16.782913 0.000650 -0.000234 -0.133281 -0.203183 0.199142
 13 5.168527 5.004116 -0.000135 0.000010 0.000000 1.570793
 14 17.182070 0.000099 0.000206 -0.000001 -0.000007 -0.631164
 15 16.782906 0.000656 -0.000113 0.069845 -0.003562 0.442700
 16 5.168479 5.004167 -0.000064 0.000011 -0.000001 1.570802
 17 -1.439545 2.367885 2.754520 0.097720 -1.196484 2.244535
 18 5.760273 0.000016 0.000006 1.195482 0.678322 1.069695
time 67
  0 -1.740506 1.740506 0.787023 -0.034041 -0.142902 -1.566399
  1 0.000000 0.000000 0.000000 -1.570796 -1.570796 0.000000
  2 4.484989 -0.004008 0.000006 -0.172921 0.049002 -0.005022
  3 5.037136 -0.005101 -0.000238 0.021660 0.155276 -0.023695
  4 6.388059 -0.005253 -0.000001 -0.190327 0.038712 -0.347418
  5 6.146608 1.394838 0.000001 0.250075 -0.157509 0.775736
  6 -2.416133 0.922542 -2.926387 0.419285 1.323542 2.756048
  7 5.760270 -0.000012 -0.000009 -1.032074 -0.649899 0.625072
  8 10.965153 0.000065 -0.000006 0.000013 0.000002 -0.327562
  9 0.000007 -0.000004 -4.044200 0.089592 3.146446 -0.047734
 10 -0.000007 0.000007 4.044200 -0.175648 -2.822055 -0.101436
 11 17.182070 0.000091 0.000546 0.000004 -0.000009 -0.495958
 12 16.782913 0.000650 -0.000234 -0.138211 -0.202016 0.200806
 13 5.168527 5.004116 -0.000135 0.000010 0.000000 1.570793
 14 17.182070 0.000099 0.000206 -0.000001 -0.000007 -0.629999
 15 16.782906 0.000656 -0.000113 0.065112 -0.001506 0.441383
 16 5.168479 5.004167 -0.000064 0.000011 -0.000001 1.570802
 17 -1.502047 2.356166 2.734988 0.090432 -1.187462 2.268254
 18 5.760273 0.000016 0.000006 1.195414 0.680754 1.071895
time 68
  0 -1.685817 1.685817 0.790929 -0.033276 -0.143001 -1.571094
  1 0.000000 0.000000 0.000000 -1.570796 -1.570796 0.000000
  2 4.484989 -0.004008 0.000006 -0.172661 0.051368 0.004256
  3 5.037136 -0.005101 -0.000238 0.017035 0.153008 -0.028741
  4 6.388059 -0.005253 -0.000001 -0.188733 0.042899 -0.351605
  5 6.146608 1.394838 0.000001 0.257544 -0.145795 0.760611
  6 -2.408320 0.871760 -2.953732 0.427857 1.332639 2.781706
  7 5.760270 -0.000012 -0.000009 -1.031393 -0.650017 0.622014
  8 10.965153 0.000065 -0.000006 0.000013 0.000002 -0.327067
  9 0.000007 -0.000004 -4.044200 0.089497 3.143484 -0.047734
 10 -0.000007 0.000007 4.044200 -0.176224 -2.824444 -0.099907
 11 17.182070 0.000091 0.000546 0.000004 -0.000009 -0.495958
 12 16.782913 0.000650 -0.000234 -0.142871 -0.200626 0.202742
 13 5.168527 5.004116 -0.000135 0.000010 0.000000 1.570793
 14 17.182070 0.000099 0.000206 -0.000001 -0.000007 -0.628834
 15 16.782906 0.000656 -0.000113 0.060607 0.000818 0.440103
 16 5.168479 5.004167 -0.000064 0.000011 -0.000001 1.570802
 17 -1.568455 2.344447 2.711550 0.083882 -1.178598 2.292067
 18 5.760273 0.000016 0.000006 1.195279 0.682894 1.074903
time 69
  0 -1.623315 1.623315 0.810461 -0.032798 -0.143149 -1.574567
  1 0.000000 0.000000 0.000000 -1.570796 -1.570796 0.000000
  2 4.484989 -0.004008 0.000006 -0.172173 0.053893 0.014413
  3 5.037136 -0.005101 -0.000238 0.011882 0.150725 -0.034271
  4 6.388059 -0.005253 -0.000001 -0.187044 0.047315 -0.355986
  5 6.146608 1.394838 0.000001 0.264557 -0.134081 0.745883
  6 -2.396601 0.809258 -2.961545 0.436810 1.341446 2.807555
  7 5.760270 -0.000012 -0.000009 -1.031393 -0.650096 0.618395
  8 10.965153 0.000065 -0.000006 0.000013 0.000002 -0.326819
  9 0.000007 -0.000004 -4.044200 0.088928 3.140618 -0.047543
 10 -0.000007 0.000007 4.044200 -0.176894 -2.826833 -0.098378
 11 17.182070 0.000091 0.000546 0.000004 -0.000009 -0.496890
 12 16.782913 0.000650 -0.000234 -0.147187 -0.198995 0.204882
 13 5.168527 5.004116 -0.000135 0.000010 0.000000 1.570793
 14 17.182070 0.000099 0.000206 -0.000001 -0.000007 -0.627669
 15 16.782906 0.000656 -0.000113 0.056557 0.003305 0.438899
 16 5.168479 5.004167 -0.000064 0.000011 -0.000001 1.570802
 17 -1.619238 2.332728 2.692018 0.077240 -1.169922 2.315122
 18 5.760273 0.000016 0.000006 1.194871 0.684985 1.078405
time 70
  0 -1.549094 1.549094 0.810461 -0.032511 -0.143347 -1.578041
  1 0.000000 0.000000 0.000000 -1.570796 -1.570796 0.000000
  2 4.484989 -0.004008 0.000006 -0.171523 0.056354 0.025156
  3 5.037136 -0.005101 -0.000238 0.006372 0.148384 -0.040103
  4 6.388059 -0.005253 -0.000001 -0.185342 0.051768 -0.360490
  5 6.146608 1.394838 0.000001 0.271097 -0.122505 0.731473
  6 -2.392695 0.754568 -2.984983 0.446144 1.349963 2.833690
  7 5.760270 -0.000012 -0.000009 -1.031393 -0.650253 0.614419
  8 10.965153 0.000065 -0.000006 0.000013 0.000002 -0.326386
  9 0.000007 -0.000004 -4.044200 0.088738 3.137656 -0.046970
 10 -0.000007 0.000007 4.044200 -0.177182 -2.829129 -0.097517
 11 17.182070 0.000091 0.000546 0.000004 -0.000009 -0.498683
 12 16.782913 0.000650 -0.000234 -0.151013 -0.197105 0.207667
 13 5.168527 5.004116 -0.000135 0.000010 0.000000 1.570793
 14 17.182070 0.000099 0.000206 -0.000001 -0.000007 -0.626641
 15 16.782906 0.000656 -0.000113 0.052979 0.006019 0.437808
 16 5.168479 5.004167 -0.000064 0.000011 -0.000001 1.570802
 17 -1.681740 2.313196 2.660767 0.071428 -1.161529 2.337607
 18 5.760273 0.000016 0.000006 1.194328 0.687124 1.081862
time 71
  0 -1.463154 1.463154 0.818274 -0.032511 -0.143347 -1.580858
  1 0.000000 0.000000 0.000000 -1.570796 -1.570796 0.000000
  2 4.484989 -0.004008 0.000006 -0.170711 0.058880 0.036485
  3 5.037136 -0.005101 -0.000238 0.000726 0.145941 -0.046056
  4 6.388059 -0.005253 -0.000001 -0.183400 0.056393 -0.364924
  5 6.146608 1.394838 0.000001 0.277162 -0.111127 0.717698
  6 -2.384882 0.703786 -3.004515 0.456335 1.358216 2.859634
  7 5.760270 -0.000012 -0.000009 -1.031257 -0.650607 0.610086
  8 10.965153 0.000065 -0.000006 0.000013 0.000002 -0.326386
  9 0.000007 -0.000004 -4.044200 0.088169 3.134695 -0.046779
 10 -0.000007 0.000007 4.044200 -0.177661 -2.831426 -0.097422
 11 17.182070 0.000091 0.000546 0.000004 -0.000009 -0.501551
 12 16.782913 0.000650 -0.000234 -0.154250 -0.195011 0.211097
 13 5.168527 5.004116 -0.000135 0.000010 0.000000 1.570793
 14 17.182070 0.000099 0.000206 -0.000001 -0.000007 -0.625476
 15 16.782906 0.000656 -0.000113 0.049921 0.008918 0.436829
 16 5.168479 5.004167 -0.000064 0.000011 -0.000001 1.570802
 17 -1.736429 2.301477 2.641235 0.065893 -1.153388 2.358859
 18 5.760273 0.000016 0.000006 1.193785 0.689605 1.085319
time 72
  0 -1.369401 1.369401 0.818274 -0.032702 -0.143495 -1.583205
  1 0.000000 0.000000 0.000000 -1.570796 -1.570796 0.000000
  2 4.484989 -0.004008 0.000006 -0.169736 0.061357 0.048204
  3 5.037136 -0.005101 -0.000238 -0.004835 0.143468 -0.051978
  4 6.388059 -0.005253 -0.000001 -0.181531 0.061151 -0.369164
  5 6.146608 1.394838 0.000001 0.282773 -0.100086 0.704439
  6 -2.373163 0.660816 -3.024047 0.466812 1.366074 2.885769
  7 5.760270 -0.000012 -0.000009 -1.030304 -0.651276 0.604886
  8 10.965153 0.000065 -0.000006 0.000013 0.000002 -0.326076
  9 0.000007 -0.000004 -4.044200 0.087979 3.131638 -0.046206
 10 -0.000007 0.000007 4.044200 -0.177661 -2.833539 -0.098378
 11 17.182070 0.000091 0.000546 0.000004 -0.000009 -0.505423
 12 16.782913 0.000650 -0.000234 -0.156898 -0.192639 0.214528
 13 5.168527 5.004116 -0.000135 0.000010 0.000000 1.570793
 14 17.182070 0.000099 0.000206 -0.000001 -0.000007 -0.624448
 15 16.782906 0.000656 -0.000113 0.047563 0.011961 0.436039
 16 5.168479 5.004167 -0.000064 0.000011 -0.000001 1.570802
 17 -1.791118 2.281945 2.617797 0.060819 -1.145561 2.378973
 18 5.760273 0.000016 0.000006 1.192767 0.692523 1.088372
time 73
  0 -1.283461 1.283461 0.818274 -0.032989 -0.143594 -1.584332
  1 0.000000 0.000000 0.000000 -1.570796 -1.570796 0.000000
  2 4.484989 -0.004008 0.000006 -0.168631 0.063850 0.060086
  3 5.037136 -0.005101 -0.000238 -0.010311 0.140922 -0.057659
  4 6.388059 -0.005253 -0.000001 -0.179433 0.066119 -0.373105
  5 6.146608 1.394838 0.000001 0.287929 -0.089480 0.692093
  6 -2.361444 0.606126 -3.047485 0.478146 1.373457 2.911618
  7 5.760270 -0.000012 -0.000009 -1.028534 -0.652260 0.599789
  8 10.965153 0.000065 -0.000006 0.000013 0.000002 -0.325705
  9 0.000007 -0.000004 -4.044200 0.087410 3.129058 -0.045441
 10 -0.000007 0.000007 4.044200 -0.177086 -2.835560 -0.099333
 11 17.182070 0.000091 0.000546 0.000004 -0.000009 -0.510227
 12 16.782913 0.000650 -0.000234 -0.158738 -0.190063 0.218773
 13 5.168527 5.004116 -0.000135 0.000010 0.000000 1.570793
 14 17.182070 0.000099 0.000206 -0.000001 -0.000007 -0.623420
 15 16.782906 0.000656 -0.000113 0.045920 0.015189 0.435399
 16 5.168479 5.004167 -0.000064 0.000011 -0.000001 1.570802
 17 -1.841901 2.270226 2.594359 0.056483 -1.138111 2.397758
 18 5.760273 0.000016 0.000006 1.191614 0.696218 1.090976
time 74
  0 -1.177989 1.177989 0.818274 -0.033754 -0.143594 -1.584895
  1 0.000000 0.000000 0.000000 -1.570796 -1.570796 0.000000
  2 4.484989 -0.004008 0.000006 -0.167429 0.066311 0.072229
  3 5.037136 -0.005101 -0.000238 -0.015514 0.138200 -0.063007
  4 6.388059 -0.005253 -0.000001 -0.177420 0.070972 -0.376606
  5 6.146608 1.394838 0.000001 0.292649 -0.079408 0.680660
  6 -2.349725 0.563156 -3.059204 0.489862 1.380471 2.936989
  7 5.760270 -0.000012 -0.000009 -1.025471 -0.653755 0.593621
  8 10.965153 0.000065 -0.000006 0.000013 0.000002 -0.325024
  9 0.000007 -0.000004 -4.044200 0.087315 3.126288 -0.044486
 10 -0.000007 0.000007 4.044200 -0.176894 -2.837398 -0.101532
 11 17.182070 0.000091 0.000546 0.000004 -0.000009 -0.516250
 12 16.782913 0.000650 -0.000234 -0.159817 -0.187265 0.223018
 13 5.168527 5.004116 -0.000135 0.000010 0.000000 1.570793
 14 17.182070 0.000099 0.000206 -0.000001 -0.000007 -0.622392
 15 16.782906 0.000656 -0.000113 0.045156 0.018541 0.434947
 16 5.168479 5.004167 -0.000064 0.000011 -0.000001 1.570802
 17 -1.896590 2.250694 2.574827 0.053070 -1.131038 2.414930
 18 5.760273 0.000016 0.000006 1.189713 0.700741 1.092682
time 75
  0 -1.060798 1.060798 0.818274 -0.034710 -0.143594 -1.584895
  1 0.000000 0.000000 0.000000 -1.570796 -1.570796 0.000000
  2 4.484989 -0.004008 0.000006 -0.166161 0.068741 0.084437
  3 5.037136 -0.005101 -0.000238 -0.020361 0.135523 -0.067751
  4 6.388059 -0.005253 -0.000001 -0.175239 0.076035 -0.379509
  5 6.146608 1.394838 0.000001 0.297084 -0.069554 0.669863
  6 -2.334100 0.524093 -3.078736 0.502720 1.387274 2.962743
  7 5.760270 -0.000012 -0.000009 -1.020842 -0.655722 0.586485
  8 10.965153 0.000065 -0.000006 0.000013 0.000002 -0.324281
  9 0.000007 -0.000004 -4.044200 0.087125 3.123995 -0.043148
 10 -0.000007 0.000007 4.044200 -0.176128 -2.839235 -0.104208
 11 17.182070 0.000091 0.000546 0.000004 -0.000009 -0.522990
 12 16.782913 0.000650 -0.000234 -0.160234 -0.184170 0.227875
 13 5.168527 5.004116 -0.000135 0.000010 0.000000 1.570793
 14 17.182070 0.000099 0.000206 -0.000001 -0.000007 -0.621090
 15 16.782906 0.000656 -0.000113 0.045042 0.022159 0.434533
 16 5.168479 5.004167 -0.000064 0.000011 -0.000001 1.570802
 17 -1.935654 2.238975 2.555295 0.049841 -1.124091 2.431059
 18 5.760273 0.000016 0.000006 1.187813 0.706431 1.093400
time 76
  0 -0.935794 0.935794 0.810461 -0.035762 -0.143594 -1.583956
  1 0.000000 0.000000 0.000000 -1.570796 -1.570796 0.000000
  2 4.484989 -0.004008 0.000006 -0.164829 0.071138 0.096547
  3 5.037136 -0.005101 -0.000238 -0.024476 0.132655 -0.071831
  4 6.388059 -0.005253 -0.000001 -0.172974 0.081021 -0.381673
  5 6.146608 1.394838 0.000001 0.301330 -0.059562 0.659383
  6 -2.322381 0.481123 -3.098268 0.516625 1.394156 2.989068
  7 5.760270 -0.000012 -0.000009 -1.014648 -0.658319 0.578584
  8 10.965153 0.000065 -0.000006 0.000013 0.000002 -0.322980
  9 0.000007 -0.000004 -4.044200 0.086651 3.121224 -0.041524
 10 -0.000007 0.000007 4.044200 -0.175553 -2.841164 -0.107171
 11 17.182070 0.000091 0.000546 0.000004 -0.000009 -0.530231
 12 16.782913 0.000650 -0.000234 -0.160283 -0.180630 0.233207
 13 5.168527 5.004116 -0.000135 0.000010 0.000000 1.570793
 14 17.182070 0.000099 0.000206 -0.000001 -0.000007 -0.619377
 15 16.782906 0.000656 -0.000113 0.045302 0.026127 0.433931
 16 5.168479 5.004167 -0.000064 0.000011 -0.000001 1.570802
 17 -1.978624 2.219443 2.531857 0.046612 -1.117050 2.446618
 18 5.760273 0.000016 0.000006 1.184962 0.713434 1.092682
time 77
  0 -0.799071 0.799071 0.810461 -0.037005 -0.143594 -1.583205
  1 0.000000 0.000000 0.000000 -1.570796 -1.570796 0.000000
  2 4.484989 -0.004008 0.000006 -0.163497 0.073440 0.108430
  3 5.037136 -0.005101 -0.000238 -0.027912 0.129714 -0.074973
  4 6.388059 -0.005253 -0.000001 -0.170625 0.086141 -0.383028
  5 6.146608 1.394838 0.000001 0.305311 -0.049549 0.649617
  6 -2.310661 0.438153 -3.109987 0.530721 1.401091 3.015871
  7 5.760270 -0.000012 -0.000009 -1.006071 -0.661505 0.569969
  8 10.965153 0.000065 -0.000006 0.000013 0.000002 -0.321618
  9 0.000007 -0.000004 -4.044200 0.086366 3.118263 -0.039804
 10 -0.000007 0.000007 4.044200 -0.174786 -2.843277 -0.110803
 11 17.182070 0.000091 0.000546 0.000004 -0.000009 -0.537903
 12 16.782913 0.000650 -0.000234 -0.159989 -0.176794 0.238438
 13 5.168527 5.004116 -0.000135 0.000010 0.000000 1.570793
 14 17.182070 0.000099 0.000206 -0.000001 -0.000007 -0.616910
 15 16.782906 0.000656 -0.000113 0.045969 0.030465 0.433179
 16 5.168479 5.004167 -0.000064 0.000011 -0.000001 1.570802
 17 -2.033313 2.196005 2.512325 0.043660 -1.110040 2.461608
 18 5.760273 0.000016 0.000006 1.181840 0.721993 1.090482
time 78
  0 -0.650629 0.650629 0.810461 -0.038822 -0.143594 -1.581609
  1 0.000000 0.000000 0.000000 -1.570796 -1.570796 0.000000
  2 4.484989 -0.004008 0.000006 -0.162164 0.075709 0.120084
  3 5.037136 -0.005101 -0.000238 -0.030411 0.126714 -0.077088
  4 6.388059 -0.005253 -0.000001 -0.168180 0.091261 -0.383362
  5 6.146608 1.394838 0.000001 0.308931 -0.039616 0.640050
  6 -2.291130 0.406902 -3.129519 0.545580 1.407920 3.042578
  7 5.760270 -0.000012 -0.000009 -0.994703 -0.665401 0.559825
  8 10.965153 0.000065 -0.000006 0.000013 0.000002 -0.319637
  9 0.000007 -0.000004 -4.044200 0.085797 3.115492 -0.037511
 10 -0.000007 0.000007 4.044200 -0.174594 -2.845574 -0.113957
 11 17.182070 0.000091 0.000546 0.000004 -0.000009 -0.545862
 12 16.782913 0.000650 -0.000234 -0.159302 -0.172606 0.244110
 13 5.168527 5.004116 -0.000135 0.000010 0.000000 1.570793
 14 17.182070 0.000099 0.000206 -0.000001 -0.000007 -0.614100
 15 16.782906 0.000656 -0.000113 0.047010 0.035112 0.432238
 16 5.168479 5.004167 -0.000064 0.000011 -0.000001 1.570802
 17 -2.076283 2.188192 2.492793 0.040985 -1.103156 2.476409
 18 5.760273 0.000016 0.000006 1.178039 0.732351 1.086621
time 79
  0 -0.490468 0.490468 0.810461 -0.040352 -0.143594 -1.579919
  1 0.000000 0.000000 0.000000 -1.570796 -1.570796 0.000000
  2 4.484989 -0.004008 0.000006 -0.160832 0.077915 0.131250
  3 5.037136 -0.005101 -0.000238 -0.031942 0.123642 -0.077995
  4 6.388059 -0.005253 -0.000001 -0.165555 0.096209 -0.382623
  5 6.146608 1.394838 0.000001 0.312135 -0.029841 0.630721
  6 -2.279410 0.363932 -3.141238 0.560247 1.414565 3.068713
  7 5.760270 -0.000012 -0.000009 -0.981157 -0.669925 0.548305
  8 10.965153 0.000065 -0.000006 0.000013 0.000002 -0.317471
  9 0.000007 -0.000004 -4.044200 0.085607 3.112626 -0.034550
 10 -0.000007 0.000007 4.044200 -0.173827 -2.847779 -0.117207
 11 17.182070 0.000091 0.000546 0.000004 -0.000009 -0.554036
 12 16.782913 0.000650 -0.000234 -0.158443 -0.168122 0.249951
 13 5.168527 5.004116 -0.000135 0.000010 0.000000 1.570793
 14 17.182070 0.000099 0.000206 -0.000001 -0.000007 -0.610742
 15 16.782906 0.000656 -0.000113 0.048425 0.040005 0.431146
 16 5.168479 5.004167 -0.000064 0.000011 -0.000001 1.570802
 17 -2.107534 2.172566 2.473261 0.038402 -1.096555 2.490261
 18 5.760273 0.000016 0.000006 1.173764 0.744655 1.080515
time 80
  0 -0.322494 0.322494 0.810461 -0.042264 -0.143495 -1.577947
  1 0.000000 0.000000 0.000000 -1.570796 -1.570796 0.000000
  2 4.484989 -0.004008 0.000006 -0.159565 0.080024 0.141896
  3 5.037136 -0.005101 -0.000238 -0.032265 0.120496 -0.077542
  4 6.388059 -0.005253 -0.000001 -0.162931 0.101329 -0.380600
  5 6.146608 1.394838 0.000001 0.314845 -0.020324 0.621789
  6 -2.259879 0.332681 -3.152957 0.573963 1.420946 3.093608
  7 5.760270 -0.000012 -0.000009 -0.963731 -0.675158 0.535205
  8 10.965153 0.000065 -0.000006 0.000013 0.000002 -0.314561
  9 0.000007 -0.000004 -4.044200 0.084848 3.109187 -0.031492
 10 -0.000007 0.000007 4.044200 -0.173348 -2.850260 -0.120935
 11 17.182070 0.000091 0.000546 0.000004 -0.000009 -0.562282
 12 16.782913 0.000650 -0.000234 -0.157242 -0.163378 0.256133
 13 5.168527 5.004116 -0.000135 0.000010 0.000000 1.570793
 14 17.182070 0.000099 0.000206 -0.000001 -0.000007 -0.606836
 15 16.782906 0.000656 -0.000113 0.050084 0.045104 0.429942
 16 5.168479 5.004167 -0.000064 0.000011 -0.000001 1.570802
 17 -2.150504 2.153035 2.461542 0.035634 -1.090331 2.503923
 18 5.760273 0.000016 0.000006 1.168130 0.759099 1.071895
time 81
  0 -0.142801 0.142801 0.810461 -0.044272 -0.143495 -1.575694
  1 0.000000 0.000000 0.000000 -1.570796 -1.570796 0.000000
  2 4.484989 -0.004008 0.000006 -0.158395 0.082038 0.151987
  3 5.037136 -0.005101 -0.000238 -0.031126 0.117218 -0.075517
  4 6.388059 -0.005253 -0.000001 -0.160138 0.106182 -0.377169
  5 6.146608 1.394838 0.000001 0.316968 -0.011142 0.613135
  6 -2.236440 0.301430 -3.172489 0.586059 1.427037 3.116500
  7 5.760270 -0.000012 -0.000009 -0.943241 -0.681099 0.520116
  8 10.965153 0.000065 -0.000006 0.000013 0.000002 -0.311156
  9 0.000007 -0.000004 -4.044200 0.084374 3.106416 -0.028340
 10 -0.000007 0.000007 4.044200 -0.173061 -2.852648 -0.124376
 11 17.182070 0.000091 0.000546 0.000004 -0.000009 -0.570743
 12 16.782913 0.000650 -0.000234 -0.155746 -0.158485 0.262246
 13 5.168527 5.004116 -0.000135 0.000010 0.000000 1.570793
 14 17.182070 0.000099 0.000206 -0.000001 -0.000007 -0.602588
 15 16.782906 0.000656 -0.000113 0.052068 0.050450 0.428625
 16 5.168479 5.004167 -0.000064 0.000011 -0.000001 1.570802
 17 -2.173943 2.133503 2.438104 0.033328 -1.084641 2.517015
 18 5.760273 0.000016 0.000006 1.161818 0.775973 1.060895
time 82
  0 0.036892 -0.036892 0.810461 -0.046376 -0.143347 -1.573629
  1 0.000000 0.000000 0.000000 -1.570796 -1.570796 0.000000
  2 4.484989 -0.004008 0.000006 -0.157192 0.084052 0.161916
  3 5.037136 -0.005101 -0.000238 -0.028728 0.113985 -0.072193
  4 6.388059 -0.005253 -0.000001 -0.157322 0.111435 -0.372542
  5 6.146608 1.394838 0.000001 0.318466 -0.002376 0.604838
  6 -2.228628 0.270179 -3.184208 0.595488 1.432759 3.136625
  7 5.760270 -0.000012 -0.000009 -0.918191 -0.687354 0.503142
  8 10.965153 0.000065 -0.000006 0.000013 0.000002 -0.307008
  9 0.000007 -0.000004 -4.044200 0.084089 3.103455 -0.024423
 10 -0.000007 0.000007 4.044200 -0.172390 -2.855220 -0.128008
 11 17.182070 0.000091 0.000546 0.000004 -0.000009 -0.579132
 12 16.782913 0.000650 -0.000234 -0.154054 -0.153352 0.268189
 13 5.168527 5.004116 -0.000135 0.000010 0.000000 1.570793
 14 17.182070 0.000099 0.000206 -0.000001 -0.000007 -0.597928
 15 16.782906 0.000656 -0.000113 0.054329 0.055857 0.427195
 16 5.168479 5.004167 -0.000064 0.000011 -0.000001 1.570802
 17 -2.216913 2.113971 2.426385 0.030837 -1.079549 2.529634
 18 5.760273 0.000016 0.000006 1.154285 0.795669 1.046753
time 83
  0 0.220491 -0.220491 0.810461 -0.048384 -0.143347 -1.570530
  1 0.000000 0.000000 0.000000 -1.570796 -1.570796 0.000000
  2 4.484989 -0.004008 0.000006 -0.155925 0.086114 0.172529
  3 5.037136 -0.005101 -0.000238 -0.024935 0.110839 -0.067902
  4 6.388059 -0.005253 -0.000001 -0.154266 0.116935 -0.366947
  5 6.146608 1.394838 0.000001 0.319224 0.005538 0.596740
  6 -2.216908 0.246740 -3.195927 0.601298 1.437980 3.152554
  7 5.760270 -0.000012 -0.000009 -0.887423 -0.693610 0.482548
  8 10.965153 0.000065 -0.000006 0.000013 0.000002 -0.297226
  9 0.000007 -0.000004 -4.044200 0.083425 3.100015 -0.020505
 10 -0.000007 0.000007 4.044200 -0.171911 -2.857793 -0.131831
 11 17.182070 0.000091 0.000546 0.000004 -0.000009 -0.587808
 12 16.782913 0.000650 -0.000234 -0.152141 -0.148126 0.274642
 13 5.168527 5.004116 -0.000135 0.000010 0.000000 1.570793
 14 17.182070 0.000099 0.000206 -0.000001 -0.000007 -0.592994
 15 16.782906 0.000656 -0.000113 0.056801 0.061429 0.425652
 16 5.168479 5.004167 -0.000064 0.000011 -0.000001 1.570802
 17 -2.248163 2.090533 2.406853 0.028254 -1.075179 2.541778
 18 5.760273 0.000016 0.000006 1.145529 0.818331 1.029872
time 84
  0 0.407997 -0.407997 0.810461 -0.050583 -0.143248 -1.567713
  1 0.000000 0.000000 0.000000 -1.570796 -1.570796 0.000000
  2 4.484989 -0.004008 0.000006 -0.154528 0.088239 0.183630
  3 5.037136 -0.005101 -0.000238 -0.020106 0.107693 -0.062735
  4 6.388059 -0.005253 -0.000001 -0.151054 0.122950 -0.360402
  5 6.146608 1.394838 0.000001 0.319205 0.013157 0.588960
  6 -2.205189 0.227209 -3.203740 0.602060 1.442647 3.163332
  7 5.760270 -0.000012 -0.000009 -0.850665 -0.699472 0.459355
  8 10.965153 0.000065 -0.000006 0.000013 0.000002 -0.280015
  9 0.000007 -0.000004 -4.044200 0.082761 3.097245 -0.016684
 10 -0.000007 0.000007 4.044200 -0.171623 -2.860365 -0.135272
 11 17.182070 0.000091 0.000546 0.000004 -0.000009 -0.596268
 12 16.782913 0.000650 -0.000234 -0.150032 -0.142752 0.280688
 13 5.168527 5.004116 -0.000135 0.000010 0.000000 1.570793
 14 17.182070 0.000099 0.000206 -0.000001 -0.000007 -0.587785
 15 16.782906 0.000656 -0.000113 0.059501 0.067083 0.424071
 16 5.168479 5.004167 -0.000064 0.000011 -0.000001 1.570802
 17 -2.279414 2.071001 2.395134 0.025763 -1.071690 2.553447
 18 5.760273 0.000016 0.000006 1.135552 0.843668 1.009937
time 85
  0 0.611128 -0.611128 0.798742 -0.052878 -0.143100 -1.564615
  1 0.000000 0.000000 0.000000 -1.570796 -1.570796 0.000000
  2 4.484989 -0.004008 0.000006 -0.153065 0.090397 0.195057
  3 5.037136 -0.005101 -0.000238 -0.014222 0.104577 -0.056752
  4 6.388059 -0.005253 -0.000001 -0.147602 0.129059 -0.353083
  5 6.146608 1.394838 0.000001 0.318333 0.019884 0.581338
  6 -2.193470 0.207677 -3.215459 0.596916 1.446576 3.167339
  7 5.760270 -0.000012 -0.000009 -0.809074 -0.704547 0.433307
  8 10.965153 0.000065 -0.000006 0.000013 0.000002 -0.258285
  9 0.000007 -0.000004 -4.044200 0.082571 3.094283 -0.012480
 10 -0.000007 0.000007 4.044200 -0.171623 -2.863029 -0.138904
 11 17.182070 0.000091 0.000546 0.000004 -0.000009 -0.604657
 12 16.782913 0.000650 -0.000234 -0.147751 -0.137341 0.287141
 13 5.168527 5.004116 -0.000135 0.000010 0.000000 1.570793
 14 17.182070 0.000099 0.000206 -0.000001 -0.000007 -0.582235
 15 16.782906 0.000656 -0.000113 0.062396 0.072758 0.422453
 16 5.168479 5.004167 -0.000064 0.000011 -0.000001 1.570802
 17 -2.310665 2.047563 2.387321 0.023180 -1.069176 2.564832
 18 5.760273 0.000016 0.000006 1.123471 0.871436 0.986546
time 86
  0 0.798634 -0.798634 0.798742 -0.055173 -0.143001 -1.561798
  1 0.000000 0.000000 0.000000 -1.570796 -1.570796 0.000000
  2 4.484989 -0.004008 0.000006 -0.151570 0.092539 0.206646
  3 5.037136 -0.005101 -0.000238 -0.007556 0.101387 -0.050044
  4 6.388059 -0.005253 -0.000001 -0.144163 0.135397 -0.344937
  5 6.146608 1.394838 0.000001 0.316532 0.025741 0.573875
  6 -2.185658 0.195958 -3.227178 0.584058 1.449872 3.163332
  7 5.760270 -0.000012 -0.000009 -0.763671 -0.708521 0.405424
  8 10.965153 0.000065 -0.000006 0.000013 0.000002 -0.235812
  9 0.000007 -0.000004 -4.044200 0.081907 3.091321 -0.008181
 10 -0.000007 0.000007 4.044200 -0.171048 -2.865694 -0.142632
 11 17.182070 0.000091 0.000546 0.000004 -0.000009 -0.613118
 12 16.782913 0.000650 -0.000234 -0.145347 -0.131911 0.293152
 13 5.168527 5.004116 -0.000135 0.000010 0.000000 1.570793
 14 17.182070 0.000099 0.000206 -0.000001 -0.000007 -0.576684
 15 16.782906 0.000656 -0.000113 0.065421 0.078453 0.420835
 16 5.168479 5.004167 -0.000064 0.000011 -0.000001 1.570802
 17 -2.334104 2.024125 2.383415 0.020597 -1.067761 2.575743
 18 5.760273 0.000016 0.000006 1.108404 0.901296 0.959249
time 87
  0 0.990046 -0.990046 0.790929 -0.057659 -0.142754 -1.558418
  1 0.000000 0.000000 0.000000 -1.570796 -1.570796 0.000000
  2 4.484989 -0.004008 0.000006 -0.150010 0.094648 0.218268
  3 5.037136 -0.005101 -0.000238 -0.000192 0.098109 -0.042641
  4 6.388059 -0.005253 -0.000001 -0.140399 0.141792 -0.336070
  5 6.146608 1.394838 0.000001 0.313727 0.030649 0.566650
  6 -2.173938 0.184239 -3.227178 0.562343 1.452298 3.150361
  7 5.760270 -0.000012 -0.000009 -0.716225 -0.711157 0.376521
  8 10.965153 0.000065 -0.000006 0.000013 0.000002 -0.216681
  9 0.000007 -0.000004 -4.044200 0.081243 3.088073 -0.003499
 10 -0.000007 0.000007 4.044200 -0.170856 -2.868358 -0.146455
 11 17.182070 0.000091 0.000546 0.000004 -0.000009 -0.621507
 12 16.782913 0.000650 -0.000234 -0.142821 -0.126463 0.299537
 13 5.168527 5.004116 -0.000135 0.000010 0.000000 1.570793
 14 17.182070 0.000099 0.000206 -0.000001 -0.000007 -0.570928
 15 16.782906 0.000656 -0.000113 0.068609 0.084107 0.419217
 16 5.168479 5.004167 -0.000064 0.000011 -0.000001 1.570802
 17 -2.353635 1.996780 2.383415 0.017645 -1.067572 2.586369
 18 5.760273 0.000016 0.000006 1.090350 0.932955 0.927956
time 88
  0 1.181458 -1.181458 0.787023 -0.059954 -0.142655 -1.555038
  1 0.000000 0.000000 0.000000 -1.570796 -1.570796 0.000000
  2 4.484989 -0.004008 0.000006 -0.148418 0.096742 0.229727
  3 5.037136 -0.005101 -0.000238 0.007546 0.094671 -0.034634
  4 6.388059 -0.005253 -0.000001 -0.136552 0.148053 -0.326534
  5 6.146608 1.394838 0.000001 0.309860 0.034487 0.559464
  6 -2.173938 0.176426 -3.234991 0.531102 1.453722 3.127469
  7 5.760270 -0.000012 -0.000009 -0.667487 -0.712337 0.347262
  8 10.965153 0.000065 -0.000006 0.000013 0.000002 -0.203061
  9 0.000007 -0.000004 -4.044200 0.080674 3.085589 0.001182
 10 -0.000007 0.000007 4.044200 -0.170856 -2.870930 -0.149609
 11 17.182070 0.000091 0.000546 0.000004 -0.000009 -0.629753
 12 16.782913 0.000650 -0.000234 -0.140173 -0.121052 0.305481
 13 5.168527 5.004116 -0.000135 0.000010 0.000000 1.570793
 14 17.182070 0.000099 0.000206 -0.000001 -0.000007 -0.565240
 15 16.782906 0.000656 -0.000113 0.071894 0.089720 0.417636
 16 5.168479 5.004167 -0.000064 0.000011 -0.000001 1.570802
 17 -2.377074 1.965529 2.387321 0.014416 -1.068704 2.596236
 18 5.760273 0.000016 0.000006 1.067681 0.965975 0.891231
time 89
  0 1.372870 -1.372870 0.779210 -0.062153 -0.142556 -1.551564
  1 0.000000 0.000000 0.000000 -1.570796 -1.570796 0.000000
  2 4.484989 -0.004008 0.000006 -0.146826 0.098756 0.241089
  3 5.037136 -0.005101 -0.000238 0.015640 0.091086 -0.026112
  4 6.388059 -0.005253 -0.000001 -0.132610 0.154296 -0.316400
  5 6.146608 1.394838 0.000001 0.304458 0.037178 0.551049
  6 -2.173938 0.172519 -3.234991 0.487766 1.453537 3.093131
  7 5.760270 -0.000012 -0.000009 -0.618612 -0.712022 0.319175
  8 10.965153 0.000065 -0.000006 0.000013 0.000002 -0.199037
  9 0.000007 -0.000004 -4.044200 0.080390 3.082341 0.005386
 10 -0.000007 0.000007 4.044200 -0.170760 -2.873410 -0.153432
 11 17.182070 0.000091 0.000546 0.000004 -0.000009 -0.637712
 12 16.782913 0.000650 -0.000234 -0.137451 -0.115715 0.311764
 13 5.168527 5.004116 -0.000135 0.000010 0.000000 1.570793
 14 17.182070 0.000099 0.000206 -0.000001 -0.000007 -0.559552
 15 16.782906 0.000656 -0.000113 0.075277 0.095148 0.416168
 16 5.168479 5.004167 -0.000064 0.000011 -0.000001 1.570802
 17 -2.396605 1.934278 2.399040 0.012202 -1.071942 2.606387
 18 5.760273 0.000016 0.000006 1.037479 1.002157 0.844000
time 90
  0 1.552563 -1.552563 0.767491 -0.064639 -0.142408 -1.548090
  1 0.000000 0.000000 0.000000 -1.570796 -1.570796 0.000000
  2 4.484989 -0.004008 0.000006 -0.145266 0.100690 0.251864
  3 5.037136 -0.005101 -0.000238 0.024058 0.087340 -0.017108
  4 6.388059 -0.005253 -0.000001 -0.128511 0.160329 -0.305738
  5 6.146608 1.394838 0.000001 0.297293 0.038742 0.540410
  6 -2.181751 0.172519 -3.227178 0.431381 1.451296 3.047824
  7 5.760270 -0.000012 -0.000009 -0.571303 -0.710331 0.292821
  8 10.965153 0.000065 -0.000006 0.000013 0.000002 -0.208014
  9 0.000007 -0.000004 -4.044200 0.079631 3.080048 0.009781
 10 -0.000007 0.000007 4.044200 -0.170760 -2.875891 -0.156587
 11 17.182070 0.000091 0.000546 0.000004 -0.000009 -0.645886
 12 16.782913 0.000650 -0.000234 -0.134655 -0.110489 0.317776
 13 5.168527 5.004116 -0.000135 0.000010 0.000000 1.570793
 14 17.182070 0.000099 0.000206 -0.000001 -0.000007 -0.554138
 15 16.782906 0.000656 -0.000113 0.078709 0.100473 0.414851
 16 5.168479 5.004167 -0.000064 0.000011 -0.000001 1.570802
 17 -2.408325 1.891308 2.414666 0.011833 -1.077663 2.616444
 18 5.760273 0.000016 0.000006 0.994991 1.042132 0.781055
time 91
  0 1.732256 -1.732256 0.755772 -0.066743 -0.142260 -1.544804
  1 0.000000 0.000000 0.000000 -1.570796 -1.570796 0.000000
  2 4.484989 -0.004008 0.000006 -0.143738 0.102464 0.262184
  3 5.037136 -0.005101 -0.000238 0.032442 0.083346 -0.007710
  4 6.388059 -0.005253 -0.000001 -0.124148 0.166039 -0.294566
  5 6.146608 1.394838 0.000001 0.288611 0.039137 0.528421
  6 -2.193470 0.172519 -3.215459 0.367091 1.447235 2.995554
  7 5.760270 -0.000012 -0.000009 -0.525763 -0.707144 0.268863
  8 10.965153 0.000065 -0.000006 0.000013 0.000002 -0.229311
  9 0.000007 -0.000004 -4.044200 0.079536 3.077278 0.013985
 10 -0.000007 0.000007 4.044200 -0.170377 -2.878188 -0.159932
 11 17.182070 0.000091 0.000546 0.000004 -0.000009 -0.653845
 12 16.782913 0.000650 -0.000234 -0.131884 -0.105430 0.323651
 13 5.168527 5.004116 -0.000135 0.000010 0.000000 1.570793
 14 17.182070 0.000099 0.000206 -0.000001 -0.000007 -0.549067
 15 16.782906 0.000656 -0.000113 0.082173 0.105716 0.413684
 16 5.168479 5.004167 -0.000064 0.000011 -0.000001 1.570802
 17 -2.427856 1.844432 2.438104 0.012940 -1.085458 2.625932
 18 5.760273 0.000016 0.000006 0.936622 1.083711 0.699298
time 92
  0 1.911949 -1.911949 0.744053 -0.068942 -0.142062 -1.541330
  1 0.000000 0.000000 0.000000 -1.570796 -1.570796 0.000000
  2 4.484989 -0.004008 0.000006 -0.142244 0.104174 0.271787
  3 5.037136 -0.005101 -0.000238 0.040707 0.079088 0.002050
  4 6.388059 -0.005253 -0.000001 -0.119834 0.171406 -0.282989
  5 6.146608 1.394838 0.000001 0.278679 0.038405 0.515837
  6 -2.205189 0.176426 -3.203740 0.299277 1.441408 2.940042
  7 5.760270 -0.000012 -0.000009 -0.481177 -0.702659 0.247454
  8 10.965153 0.000065 -0.000006 0.000013 0.000002 -0.259337
  9 0.000007 -0.000004 -4.044200 0.078872 3.074985 0.018284
 10 -0.000007 0.000007 4.044200 -0.170185 -2.880393 -0.163277
 11 17.182070 0.000091 0.000546 0.000004 -0.000009 -0.661732
 12 16.782913 0.000650 -0.000234 -0.129039 -0.100537 0.329391
 13 5.168527 5.004116 -0.000135 0.000010 0.000000 1.570793
 14 17.182070 0.000099 0.000206 -0.000001 -0.000007 -0.544407
 15 16.782906 0.000656 -0.000113 0.085670 0.110712 0.412744
 16 5.168479 5.004167 -0.000064 0.000011 -0.000001 1.570802
 17 -2.427856 1.793649 2.469355 0.015154 -1.094952 2.634470
 18 5.760273 0.000016 0.000006 0.857417 1.124172 0.595811
time 93
  0 2.072110 -2.072110 0.724521 -0.070950 -0.141914 -1.537950
  1 0.000000 0.000000 0.000000 -1.570796 -1.570796 0.000000
  2 4.484989 -0.004008 0.000006 -0.140814 0.105740 0.280479
  3 5.037136 -0.005101 -0.000238 0.048632 0.074581 0.012082
  4 6.388059 -0.005253 -0.000001 -0.115328 0.176374 -0.271078
  5 6.146608 1.394838 0.000001 0.267798 0.036565 0.503650
  6 -2.228628 0.184239 -3.195927 0.231368 1.433972 2.884052
  7 5.760270 -0.000012 -0.000009 -0.437748 -0.697505 0.228797
  8 10.965153 0.000065 -0.000006 0.000013 0.000002 -0.295802
  9 0.000007 -0.000004 -4.044200 0.078018 3.072692 0.021628
 10 -0.000007 0.000007 4.044200 -0.170089 -2.882506 -0.166623
 11 17.182070 0.000091 0.000546 0.000004 -0.000009 -0.669476
 12 16.782913 0.000650 -0.000234 -0.126268 -0.095867 0.335131
 13 5.168527 5.004116 -0.000135 0.000010 0.000000 1.570793
 14 17.182070 0.000099 0.000206 -0.000001 -0.000007 -0.540227
 15 16.782906 0.000656 -0.000113 0.089118 0.115441 0.412104
 16 5.168479 5.004167 -0.000064 0.000011 -0.000001 1.570802
 17 -2.439576 1.738960 2.500606 0.018014 -1.105702 2.642060
 18 5.760273 0.000016 0.000006 0.753642 1.160548 0.468440
time 94
  0 2.228365 -2.228365 0.704989 -0.073054 -0.141716 -1.534758
  1 0.000000 0.000000 0.000000 -1.570796 -1.570796 0.000000
  2 4.484989 -0.004008 0.000006 -0.139514 0.107099 0.288195
  3 5.037136 -0.005101 -0.000238 0.056250 0.069797 0.022295
  4 6.388059 -0.005253 -0.000001 -0.110738 0.180694 -0.258868
  5 6.146608 1.394838 0.000001 0.256217 0.033676 0.492733
  6 -2.248159 0.203770 -3.172489 0.166316 1.425376 2.829493
  7 5.760270 -0.000012 -0.000009 -0.396157 -0.692311 0.212588
  8 10.965153 0.000065 -0.000006 0.000013 0.000002 -0.337282
  9 0.000007 -0.000004 -4.044200 0.077354 3.070494 0.025258
 10 -0.000007 0.000007 4.044200 -0.170089 -2.884527 -0.169968
 11 17.182070 0.000091 0.000546 0.000004 -0.000009 -0.677219
 12 16.782913 0.000650 -0.000234 -0.123619 -0.091475 0.340905
 13 5.168527 5.004116 -0.000135 0.000010 0.000000 1.570793
 14 17.182070 0.000099 0.000206 -0.000001 -0.000007 -0.536869
 15 16.782906 0.000656 -0.000113 0.092517 0.119943 0.411803
 16 5.168479 5.004167 -0.000064 0.000011 -0.000001 1.570802
 17 -2.447388 1.688177 2.531857 0.020966 -1.117364 2.647943
 18 5.760273 0.000016 0.000006 0.624959 1.189581 0.317498
time 95
  0 2.372901 -2.372901 0.681551 -0.074966 -0.141568 -1.531941
  1 0.000000 0.000000 0.000000 -1.570796 -1.570796 0.000000
  2 4.484989 -0.004008 0.000006 -0.138311 0.108313 0.294771
  3 5.037136 -0.005101 -0.000238 0.063189 0.064720 0.032690
  4 6.388059 -0.005253 -0.000001 -0.106088 0.184367 -0.246429
  5 6.146608 1.394838 0.000001 0.244199 0.029837 0.483682
  6 -2.267691 0.227209 -3.164676 0.105550 1.415778 2.777223
  7 5.760270 -0.000012 -0.000009 -0.356539 -0.687630 0.198417
  8 10.965153 0.000065 -0.000006 0.000013 0.000002 -0.382290
  9 0.000007 -0.000004 -4.044200 0.077259 3.068106 0.027647
 10 -0.000007 0.000007 4.044200 -0.170089 -2.886272 -0.173218
 11 17.182070 0.000091 0.000546 0.000004 -0.000009 -0.685106
 12 16.782913 0.000650 -0.000234 -0.120946 -0.087361 0.346407
 13 5.168527 5.004116 -0.000135 0.000010 0.000000 1.570793
 14 17.182070 0.000099 0.000206 -0.000001 -0.000007 -0.534265
 15 16.782906 0.000656 -0.000113 0.095884 0.124138 0.411916
 16 5.168479 5.004167 -0.000064 0.000011 -0.000001 1.570802
 17 -2.439576 1.637394 2.563108 0.023918 -1.129498 2.651643
 18 5.760273 0.000016 0.000006 0.475032 1.208450 0.148282
time 96
  0 2.509624 -2.509624 0.662019 -0.076496 -0.141469 -1.528749
  1 0.000000 0.000000 0.000000 -1.570796 -1.570796 0.000000
  2 4.484989 -0.004008 0.000006 -0.137272 0.109352 0.300044
  3 5.037136 -0.005101 -0.000238 0.069311 0.059335 0.043145
  4 6.388059 -0.005253 -0.000001 -0.101402 0.187336 -0.233903
  5 6.146608 1.394838 0.000001 0.231973 0.025128 0.477529
  6 -2.287223 0.246740 -3.141238 0.050689 1.405626 2.727243
  7 5.760270 -0.000012 -0.000009 -0.318828 -0.683931 0.185214
  8 10.965153 0.000065 -0.000006 0.000013 0.000002 -0.428599
  9 0.000007 -0.000004 -4.044200 0.076500 3.066386 0.030131
 10 -0.000007 0.000007 4.044200 -0.169610 -2.887742 -0.176945
 11 17.182070 0.000091 0.000546 0.000004 -0.000009 -0.692922
 12 16.782913 0.000650 -0.000234 -0.118371 -0.083525 0.351569
 13 5.168527 5.004116 -0.000135 0.000010 0.000000 1.570793
 14 17.182070 0.000099 0.000206 -0.000001 -0.000007 -0.532757
 15 16.782906 0.000656 -0.000113 0.099104 0.128024 0.412518
 16 5.168479 5.004167 -0.000064 0.000011 -0.000001 1.570802
 17 -2.439576 1.594424 2.598265 0.026409 -1.141788 2.652971
 18 5.760273 0.000016 0.000006 0.315399 1.215550 -0.026590
time 97
  0 2.634628 -2.634628 0.630768 -0.078217 -0.141321 -1.526026
  1 0.000000 0.000000 0.000000 -1.570796 -1.570796 0.000000
  2 4.484989 -0.004008 0.000006 -0.136394 0.110199 0.303853
  3 5.037136 -0.005101 -0.000238 0.074650 0.053673 0.053630
  4 6.388059 -0.005253 -0.000001 -0.096716 0.189506 -0.221253
  5 6.146608 1.394838 0.000001 0.219804 0.019726 0.475147
  6 -2.298942 0.281898 -3.133425 0.000495 1.395158 2.679170
  7 5.760270 -0.000012 -0.000009 -0.284044 -0.681610 0.173643
  8 10.965153 0.000065 -0.000006 0.000013 0.000002 -0.474907
  9 0.000007 -0.000004 -4.044200 0.075741 3.064667 0.031660
 10 -0.000007 0.000007 4.044200 -0.169514 -2.889120 -0.180099
 11 17.182070 0.000091 0.000546 0.000004 -0.000009 -0.700594
 12 16.782913 0.000650 -0.000234 -0.115894 -0.080097 0.357037
 13 5.168527 5.004116 -0.000135 0.000010 0.000000 1.570793
 14 17.182070 0.000099 0.000206 -0.000001 -0.000007 -0.532346
 15 16.782906 0.000656 -0.000113 0.102227 0.131580 0.413609
 16 5.168479 5.004167 -0.000064 0.000011 -0.000001 1.570802
 17 -2.416137 1.563173 2.629516 0.027885 -1.153890 2.651643
 18 5.760273 0.000016 0.000006 0.161400 1.211271 -0.191270
time 98
  0 2.744006 -2.744006 0.599517 -0.079556 -0.141222 -1.523397
  1 0.000000 0.000000 0.000000 -1.570796 -1.570796 0.000000
  2 4.484989 -0.004008 0.000006 -0.135712 0.110839 0.306132
  3 5.037136 -0.005101 -0.000238 0.078783 0.047688 0.064115
  4 6.388059 -0.005253 -0.000001 -0.092054 0.190838 -0.208655
  5 6.146608 1.394838 0.000001 0.207900 0.013730 0.477370
  6 -2.322381 0.332681 -3.117800 -0.044270 1.384769 2.631765
  7 5.760270 -0.000012 -0.000009 -0.252187 -0.681020 0.162225
  8 10.965153 0.000065 -0.000006 0.000013 0.000002 -0.519296
  9 0.000007 -0.000004 -4.044200 0.074982 3.063043 0.032615
 10 -0.000007 0.000007 4.044200 -0.169323 -2.890223 -0.184018
 11 17.182070 0.000091 0.000546 0.000004 -0.000009 -0.708553
 12 16.782913 0.000650 -0.000234 -0.113613 -0.077002 0.361996
 13 5.168527 5.004116 -0.000135 0.000010 0.000000 1.570793
 14 17.182070 0.000099 0.000206 -0.000001 -0.000007 -0.533237
 15 16.782906 0.000656 -0.000113 0.105187 0.134706 0.415265
 16 5.168479 5.004167 -0.000064 0.000011 -0.000001 1.570802
 17 -2.404418 1.539735 2.660767 0.028623 -1.165490 2.646614
 18 5.760273 0.000016 0.000006 0.024708 1.198043 -0.331617
time 99
  0 2.837759 -2.837759 0.564360 -0.080799 -0.141074 -1.521050
  1 0.000000 0.000000 0.000000 -1.570796 -1.570796 0.000000
  2 4.484989 -0.004008 0.000006 -0.135224 0.111174 0.306588
  3 5.037136 -0.005101 -0.000238 0.081742 0.041382 0.074510
  4 6.388059 -0.005253 -0.000001 -0.087464 0.191200 -0.196129
  5 6.146608 1.394838 0.000001 0.196432 0.007319 0.484873
  6 -2.334100 0.383463 -3.102174 -0.083701 1.374828 2.584550
  7 5.760270 -0.000012 -0.000009 -0.223257 -0.682436 0.150450
  8 10.965153 0.000065 -0.000006 0.000013 0.000002 -0.560095
  9 0.000007 -0.000004 -4.044200 0.074223 3.061610 0.032615
 10 -0.000007 0.000007 4.044200 -0.168748 -2.891050 -0.187364
 11 17.182070 0.000091 0.000546 0.000004 -0.000009 -0.716512
 12 16.782913 0.000650 -0.000234 -0.111455 -0.074371 0.366954
 13 5.168527 5.004116 -0.000135 0.000010 0.000000 1.570793
 14 17.182070 0.000099 0.000206 -0.000001 -0.000007 -0.535567
 15 16.782906 0.000656 -0.000113 0.107952 0.137420 0.417561
 16 5.168479 5.004167 -0.000064 0.000011 -0.000001 1.570802
 17 -2.377074 1.528016 2.692018 0.027516 -1.176240 2.638170
 18 5.760273 0.000016 0.000006 -0.087551 1.179223 -0.440626
time 100
  0 2.915886 -2.915886 0.533109 -0.081851 -0.140975 -1.519078
  1 0.000000 0.000000 0.000000 -1.570796 -1.570796 0.000000
  2 4.484989 -0.004008 0.000006 -0.135094 0.111366 0.305579
  3 5.037136 -0.005101 -0.000238 0.083800 0.034680 0.085237
  4 6.388059 -0.005253 -0.000001 -0.082826 0.190667 -0.183303
  5 6.146608 1.394838 0.000001 0.185628 0.000968 0.498648
  6 -2.341912 0.449872 -3.090455 -0.118846 1.365705 2.535524
  7 5.760270 -0.000012 -0.000009 -0.195280 -0.685898 0.137298
  8 10.965153 0.000065 -0.000006 0.000013 0.000002 -0.595631
  9 0.000007 -0.000004 -4.044200 0.073464 3.060081 0.031851
 10 -0.000007 0.000007 4.044200 -0.168556 -2.891509 -0.191091
 11 17.182070 0.000091 0.000546 0.000004 -0.000009 -0.724471
 12 16.782913 0.000650 -0.000234 -0.109542 -0.072184 0.371777
 13 5.168527 5.004116 -0.000135 0.000010 0.000000 1.570793
 14 17.182070 0.000099 0.000206 -0.000001 -0.000007 -0.539336
 15 16.782906 0.000656 -0.000113 0.110538 0.139661 0.420534
 16 5.168479 5.004167 -0.000064 0.000011 -0.000001 1.570802
 17 -2.345823 1.531922 2.715456 0.026870 -1.185953 2.623275
 18 5.760273 0.000016 0.000006 -0.183113 1.157436 -0.523954
time 101
  0 2.986201 -2.986201 0.482326 -0.082520 -0.140975 -1.516919
  1 0.000000 0.000000 0.000000 -1.570796 -1.570796 0.000000
  2 4.484989 -0.004008 0.000006 -0.135322 0.111414 0.303267
  3 5.037136 -0.005101 -0.000238 0.085143 0.027569 0.096689
  4 6.388059 -0.005253 -0.000001 -0.078187 0.189487 -0.169738
  5 6.146608 1.394838 0.000001 0.174804 -0.005918 0.518735
  6 -2.341912 0.535812 -3.074830 -0.151134 1.356634 2.482682
  7 5.760270 -0.000012 -0.000009 -0.167235 -0.691210 0.119763
  8 10.965153 0.000065 -0.000006 0.000013 0.000002 -0.624295
  9 0.000007 -0.000004 -4.044200 0.072136 3.059030 0.029271
 10 -0.000007 0.000007 4.044200 -0.167310 -2.891601 -0.196253
 11 17.182070 0.000091 0.000546 0.000004 -0.000009 -0.735011
 12 16.782913 0.000650 -0.000234 -0.107482 -0.070442 0.377619
 13 5.168527 5.004116 -0.000135 0.000010 0.000000 1.570793
 14 17.182070 0.000099 0.000206 -0.000001 -0.000007 -0.547628
 15 16.782906 0.000656 -0.000113 0.113205 0.141593 0.425765
 16 5.168479 5.004167 -0.000064 0.000011 -0.000001 1.570802
 17 -2.298946 1.551454 2.742801 0.027516 -1.195384 2.601074
 18 5.760273 0.000016 0.000006 -0.270870 1.133218 -0.591119
time 102
  0 3.033077 -3.033077 0.396386 -0.083285 -0.140975 -1.514853
  1 0.000000 0.000000 0.000000 -1.570796 -1.570796 0.000000
  2 4.484989 -0.004008 0.000006 -0.135907 0.111334 0.299979
  3 5.037136 -0.005101 -0.000238 0.085976 0.020063 0.108836
  4 6.388059 -0.005253 -0.000001 -0.073549 0.187736 -0.155627
  5 6.146608 1.394838 0.000001 0.163222 -0.013655 0.544340
  6 -2.334100 0.629565 -3.059204 -0.181613 1.346904 2.426501
  7 5.760270 -0.000012 -0.000009 -0.138237 -0.698134 0.097436
  8 10.965153 0.000065 -0.000006 0.000013 0.000002 -0.644168
  9 0.000007 -0.000004 -4.044200 0.071187 3.057788 0.022965
 10 -0.000007 0.000007 4.044200 -0.166256 -2.891050 -0.203421
 11 17.182070 0.000091 0.000546 0.000004 -0.000009 -0.749494
 12 16.782913 0.000650 -0.000234 -0.105054 -0.069071 0.385498
 13 5.168527 5.004116 -0.000135 0.000010 0.000000 1.570793
 14 17.182070 0.000099 0.000206 -0.000001 -0.000007 -0.561882
 15 16.782906 0.000656 -0.000113 0.116263 0.143217 0.434270
 16 5.168479 5.004167 -0.000064 0.000011 -0.000001 1.570802
 17 -2.255976 1.582705 2.766239 0.028623 -1.205348 2.573276
 18 5.760273 0.000016 0.000006 -0.351569 1.107297 -0.644816
time 103
  0 3.072141 -3.072141 0.290914 -0.083859 -0.141074 -1.511755
  1 0.000000 0.000000 0.000000 -1.570796 -1.570796 0.000000
  2 4.484989 -0.004008 0.000006 -0.136784 0.111126 0.295617
  3 5.037136 -0.005101 -0.000238 0.086214 0.012206 0.121527
  4 6.388059 -0.005253 -0.000001 -0.068911 0.185414 -0.140937
  5 6.146608 1.394838 0.000001 0.150958 -0.021867 0.574510
  6 -2.322381 0.742849 -3.047485 -0.209615 1.336436 2.368222
  7 5.760270 -0.000012 -0.000009 -0.109170 -0.706121 0.071185
  8 10.965153 0.000065 -0.000006 0.000013 0.000002 -0.658346
  9 0.000007 -0.000004 -4.044200 0.069670 3.056642 0.015227
 10 -0.000007 0.000007 4.044200 -0.163955 -2.889947 -0.212693
 11 17.182070 0.000091 0.000546 0.000004 -0.000009 -0.766846
 12 16.782913 0.000650 -0.000234 -0.102332 -0.068070 0.394465
 13 5.168527 5.004116 -0.000135 0.000010 0.000000 1.570793
 14 17.182070 0.000099 0.000206 -0.000001 -0.000007 -0.580796
 15 16.782906 0.000656 -0.000113 0.119646 0.144574 0.445184
 16 5.168479 5.004167 -0.000064 0.000011 -0.000001 1.570802
 17 -2.193474 1.613956 2.797490 0.030099 -1.215816 2.540544
 18 5.760273 0.000016 0.000006 -0.425955 1.080113 -0.687108
time 104
  0 3.115111 -3.115111 0.165910 -0.084337 -0.141222 -1.508844
  1 0.000000 0.000000 0.000000 -1.570796 -1.570796 0.000000
  2 4.484989 -0.004008 0.000006 -0.137922 0.110839 0.290343
  3 5.037136 -0.005101 -0.000238 0.085891 0.004144 0.134732
  4 6.388059 -0.005253 -0.000001 -0.064297 0.182578 -0.125823
  5 6.146608 1.394838 0.000001 0.138069 -0.030237 0.608649
  6 -2.298942 0.860040 -3.024047 -0.234188 1.325467 2.309180
  7 5.760270 -0.000012 -0.000009 -0.079219 -0.714580 0.042282
  8 10.965153 0.000065 -0.000006 0.000013 0.000002 -0.669985
  9 0.000007 -0.000004 -4.044200 0.067582 3.055495 0.006055
 10 -0.000007 0.000007 4.044200 -0.161751 -2.888569 -0.222442
 11 17.182070 0.000091 0.000546 0.000004 -0.000009 -0.786349
 12 16.782913 0.000650 -0.000234 -0.099340 -0.067403 0.404178
 13 5.168527 5.004116 -0.000135 0.000010 0.000000 1.570793
 14 17.182070 0.000099 0.000206 -0.000001 -0.000007 -0.602588
 15 16.782906 0.000656 -0.000113 0.123338 0.145664 0.457716
 16 5.168479 5.004167 -0.000064 0.000011 -0.000001 1.570802
 17 -2.138785 1.656926 2.820928 0.031852 -1.226755 2.503164
 18 5.760273 0.000016 0.000006 -0.494437 1.052052 -0.720017
time 105
  0 3.134643 -3.134643 0.037000 -0.084528 -0.141321 -1.505652
  1 0.000000 0.000000 0.000000 -1.570796 -1.570796 0.000000
  2 4.484989 -0.004008 0.000006 -0.139254 0.110375 0.284223
  3 5.037136 -0.005101 -0.000238 0.085075 -0.004152 0.148360
  4 6.388059 -0.005253 -0.000001 -0.059719 0.179343 -0.110358
  5 6.146608 1.394838 0.000001 0.124611 -0.038587 0.645965
  6 -2.279410 0.988951 -3.004515 -0.255618 1.314023 2.250425
  7 5.760270 -0.000012 -0.000009 -0.049268 -0.723235 0.011646
  8 10.965153 0.000065 -0.000006 0.000013 0.000002 -0.680014
  9 0.000007 -0.000004 -4.044200 0.065970 3.054349 -0.003499
 10 -0.000007 0.000007 4.044200 -0.159451 -2.886824 -0.232765
 11 17.182070 0.000091 0.000546 0.000004 -0.000009 -0.806640
 12 16.782913 0.000650 -0.000234 -0.096078 -0.067014 0.413926
 13 5.168527 5.004116 -0.000135 0.000010 0.000000 1.570793
 14 17.182070 0.000099 0.000206 -0.000001 -0.000007 -0.626024
 15 16.782906 0.000656 -0.000113 0.127193 0.146507 0.471113
 16 5.168479 5.004167 -0.000064 0.000011 -0.000001 1.570802
 17 -2.064564 1.707709 2.852179 0.033789 -1.238008 2.462937
 18 5.760273 0.000016 0.000006 -0.557828 1.023311 -0.745294
time 106
  0 3.154175 -3.154175 -0.099723 -0.085006 -0.141568 -1.502366
  1 0.000000 0.000000 0.000000 -1.570796 -1.570796 0.000000
  2 4.484989 -0.004008 0.000006 -0.140781 0.109848 0.277387
  3 5.037136 -0.005101 -0.000238 0.083902 -0.012697 0.162320
  4 6.388059 -0.005253 -0.000001 -0.055285 0.175517 -0.094612
  5 6.146608 1.394838 0.000001 0.110716 -0.046720 0.685662
  6 -2.248159 1.113954 -2.984983 -0.273524 1.302210 2.192528
  7 5.760270 -0.000012 -0.000009 -0.018704 -0.731891 -0.020977
  8 10.965153 0.000065 -0.000006 0.000013 0.000002 -0.687629
  9 0.000007 -0.000004 -4.044200 0.064357 3.053585 -0.013531
 10 -0.000007 0.000007 4.044200 -0.157055 -2.884986 -0.243756
 11 17.182070 0.000091 0.000546 0.000004 -0.000009 -0.826860
 12 16.782913 0.000650 -0.000234 -0.092669 -0.066884 0.423911
 13 5.168527 5.004116 -0.000135 0.000010 0.000000 1.570793
 14 17.182070 0.000099 0.000206 -0.000001 -0.000007 -0.649735
 15 16.782906 0.000656 -0.000113 0.131259 0.147021 0.484662
 16 5.168479 5.004167 -0.000064 0.000011 -0.000001 1.570802
 17 -1.982530 1.754585 2.883430 0.035634 -1.249545 2.420243
 18 5.760273 0.000016 0.000006 -0.615519 0.993890 -0.765183
time 107
  0 3.158081 -3.158081 -0.236446 -0.085102 -0.141815 -1.499455
  1 0.000000 0.000000 0.000000 -1.570796 -1.570796 0.000000
  2 4.484989 -0.004008 0.000006 -0.142374 0.109177 0.269899
  3 5.037136 -0.005101 -0.000238 0.082235 -0.021359 0.176552
  4 6.388059 -0.005253 -0.000001 -0.050839 0.171406 -0.078672
  5 6.146608 1.394838 0.000001 0.096519 -0.054417 0.727146
  6 -2.213002 1.242865 -2.961545 -0.288287 1.290239 2.136538
  7 5.760270 -0.000012 -0.000009 0.012200 -0.740310 -0.056353
  8 10.965153 0.000065 -0.000006 0.000013 0.000002 -0.693758
  9 0.000007 -0.000004 -4.044200 0.062460 3.053011 -0.023372
 10 -0.000007 0.000007 4.044200 -0.154083 -2.883057 -0.253792
 11 17.182070 0.000091 0.000546 0.000004 -0.000009 -0.846363
 12 16.782913 0.000650 -0.000234 -0.089162 -0.067014 0.432945
 13 5.168527 5.004116 -0.000135 0.000010 0.000000 1.570793
 14 17.182070 0.000099 0.000206 -0.000001 -0.000007 -0.672623
 15 16.782906 0.000656 -0.000113 0.135439 0.147288 0.497871
 16 5.168479 5.004167 -0.000064 0.000011 -0.000001 1.570802
 17 -1.896590 1.793649 2.902962 0.037387 -1.261238 2.376316
 18 5.760273 0.000016 0.000006 -0.667508 0.963884 -0.780314
time 108
  0 3.158081 -3.158081 -0.353637 -0.085102 -0.142062 -1.496169
  1 0.000000 0.000000 0.000000 -1.570796 -1.570796 0.000000
  2 4.484989 -0.004008 0.000006 -0.144063 0.108457 0.261858
  3 5.037136 -0.005101 -0.000238 0.080313 -0.030094 0.190966
  4 6.388059 -0.005253 -0.000001 -0.046392 0.166972 -0.062644
  5 6.146608 1.394838 0.000001 0.082151 -0.061560 0.769662
  6 -2.170032 1.360056 -2.953732 -0.299621 1.278373 2.082933
  7 5.760270 -0.000012 -0.000009 0.043581 -0.748297 -0.092800
  8 10.965153 0.000065 -0.000006 0.000013 0.000002 -0.698030
  9 0.000007 -0.000004 -4.044200 0.060657 3.052725 -0.032257
 10 -0.000007 0.000007 4.044200 -0.151879 -2.881219 -0.263255
 11 17.182070 0.000091 0.000546 0.000004 -0.000009 -0.864217
 12 16.782913 0.000650 -0.000234 -0.085606 -0.067329 0.441402
 13 5.168527 5.004116 -0.000135 0.000010 0.000000 1.570793
 14 17.182070 0.000099 0.000206 -0.000001 -0.000007 -0.694004
 15 16.782906 0.000656 -0.000113 0.139684 0.147206 0.510177
 16 5.168479 5.004167 -0.000064 0.000011 -0.000001 1.570802
 17 -1.810650 1.844432 2.934213 0.038863 -1.272994 2.332294
 18 5.760273 0.000016 0.000006 -0.713660 0.933101 -0.792121
time 109
  0 3.146362 -3.146362 -0.470828 -0.085102 -0.142309 -1.492695
  1 0.000000 0.000000 0.000000 -1.570796 -1.570796 0.000000
  2 4.484989 -0.004008 0.000006 -0.145786 0.107674 0.253329
  3 5.037136 -0.005101 -0.000238 0.077984 -0.038859 0.205470
  4 6.388059 -0.005253 -0.000001 -0.042222 0.162118 -0.046563
  5 6.146608 1.394838 0.000001 0.067821 -0.068031 0.812218
  6 -2.127062 1.488966 -2.926387 -0.307907 1.266639 2.031903
  7 5.760270 -0.000012 -0.000009 0.075301 -0.755654 -0.131133
  8 10.965153 0.000065 -0.000006 0.000013 0.000002 -0.700754
  9 0.000007 -0.000004 -4.044200 0.059044 3.052725 -0.039996
 10 -0.000007 0.000007 4.044200 -0.149579 -2.879382 -0.271857
 11 17.182070 0.000091 0.000546 0.000004 -0.000009 -0.879919
 12 16.782913 0.000650 -0.000234 -0.082001 -0.067792 0.448296
 13 5.168527 5.004116 -0.000135 0.000010 0.000000 1.570793
 14 17.182070 0.000099 0.000206 -0.000001 -0.000007 -0.712781
 15 16.782906 0.000656 -0.000113 0.143977 0.146877 0.521129
 16 5.168479 5.004167 -0.000064 0.000011 -0.000001 1.570802
 17 -1.724710 1.887402 2.953745 0.039140 -1.284373 2.288937
 18 5.760273 0.000016 0.000006 -0.752958 0.901442 -0.801639
time 110
  0 3.126830 -3.126830 -0.564581 -0.085102 -0.142556 -1.489221
  1 0.000000 0.000000 0.000000 -1.570796 -1.570796 0.000000
  2 4.484989 -0.004008 0.000006 -0.147476 0.106779 0.244539
  3 5.037136 -0.005101 -0.000238 0.075416 -0.047638 0.220004
  4 6.388059 -0.005253 -0.000001 -0.037979 0.157170 -0.030535
  5 6.146608 1.394838 0.000001 0.053699 -0.073729 0.854217
  6 -2.064560 1.606157 -2.902949 -0.314098 1.255195 1.984116
  7 5.760270 -0.000012 -0.000009 0.107295 -0.762225 -0.170944
  8 10.965153 0.000065 -0.000006 0.000013 0.000002 -0.702054
  9 0.000007 -0.000004 -4.044200 0.057621 3.053202 -0.046206
 10 -0.000007 0.000007 4.044200 -0.148045 -2.877637 -0.278930
 11 17.182070 0.000091 0.000546 0.000004 -0.000009 -0.892610
 12 16.782913 0.000650 -0.000234 -0.078445 -0.068441 0.453798
 13 5.168527 5.004116 -0.000135 0.000010 0.000000 1.570793
 14 17.182070 0.000099 0.000206 -0.000001 -0.000007 -0.728474
 15 16.782906 0.000656 -0.000113 0.148190 0.146178 0.530311
 16 5.168479 5.004167 -0.000064 0.000011 -0.000001 1.570802
 17 -1.630957 1.922559 2.981090 0.037387 -1.295564 2.248140
 18 5.760273 0.000016 0.000006 -0.784857 0.868762 -0.809451
time 111
  0 3.103392 -3.103392 -0.638802 -0.085006 -0.142902 -1.486123
  1 0.000000 0.000000 0.000000 -1.570796 -1.570796 0.000000
  2 4.484989 -0.004008 0.000006 -0.149068 0.105820 0.235359
  3 5.037136 -0.005101 -0.000238 0.072644 -0.056329 0.234478
  4 6.388059 -0.005253 -0.000001 -0.033940 0.151917 -0.014648
  5 6.146608 1.394838 0.000001 0.040013 -0.078656 0.894788
  6 -2.013777 1.723348 -2.883417 -0.317908 1.244226 1.939763
  7 5.760270 -0.000012 -0.000009 0.139288 -0.767890 -0.211366
  8 10.965153 0.000065 -0.000006 0.000013 0.000002 -0.701992
  9 0.000007 -0.000004 -4.044200 0.056293 3.053871 -0.050887
 10 -0.000007 0.000007 4.044200 -0.146512 -2.876167 -0.284474
 11 17.182070 0.000091 0.000546 0.000004 -0.000009 -0.901573
 12 16.782913 0.000650 -0.000234 -0.074938 -0.069108 0.457059
 13 5.168527 5.004116 -0.000135 0.000010 0.000000 1.570793
 14 17.182070 0.000099 0.000206 -0.000001 -0.000007 -0.739986
 15 16.782906 0.000656 -0.000113 0.152353 0.145191 0.537273
 16 5.168479 5.004167 -0.000064 0.000011 -0.000001 1.570802
 17 -1.545017 1.953810 3.008434 0.033420 -1.306314 2.211614
 18 5.760273 0.000016 0.000006 -0.808137 0.834769 -0.816814
time 112
  0 3.072141 -3.072141 -0.681772 -0.084528 -0.143149 -1.483212
  1 0.000000 0.000000 0.000000 -1.570796 -1.570796 0.000000
  2 4.484989 -0.004008 0.000006 -0.150563 0.104813 0.226016
  3 5.037136 -0.005101 -0.000238 0.069685 -0.064918 0.248831
  4 6.388059 -0.005253 -0.000001 -0.030021 0.146512 0.001081
  5 6.146608 1.394838 0.000001 0.026972 -0.082772 0.933136
  6 -1.947369 1.824914 -2.859979 -0.319908 1.233916 1.899512
  7 5.760270 -0.000012 -0.000009 0.171826 -0.772533 -0.252044
  8 10.965153 0.000065 -0.000006 0.000013 0.000002 -0.700754
  9 0.000007 -0.000004 -4.044200 0.055250 3.054922 -0.054518
 10 -0.000007 0.000007 4.044200 -0.145745 -2.874789 -0.288775
 11 17.182070 0.000091 0.000546 0.000004 -0.000009 -0.908313
 12 16.782913 0.000650 -0.000234 -0.071627 -0.069942 0.459436
 13 5.168527 5.004116 -0.000135 0.000010 0.000000 1.570793
 14 17.182070 0.000099 0.000206 -0.000001 -0.000007 -0.749032
 15 16.782906 0.000656 -0.000113 0.156355 0.143978 0.542768
 16 5.168479 5.004167 -0.000064 0.000011 -0.000001 1.570802
 17 -1.462983 1.985061 3.027966 0.025394 -1.316059 2.181064
 18 5.760273 0.000016 0.000006 -0.823611 0.798392 -0.823729
time 113
  0 3.040890 -3.040890 -0.736461 -0.084528 -0.143347 -1.480677
  1 0.000000 0.000000 0.000000 -1.570796 -1.570796 0.000000
  2 4.484989 -0.004008 0.000006 -0.151895 0.103758 0.216640
  3 5.037136 -0.005101 -0.000238 0.066692 -0.073375 0.262912
  4 6.388059 -0.005253 -0.000001 -0.026222 0.140916 0.016458
  5 6.146608 1.394838 0.000001 0.014822 -0.086136 0.968467
  6 -1.896586 1.918666 -2.832634 -0.320765 1.224371 1.863362
  7 5.760270 -0.000012 -0.000009 0.204023 -0.776113 -0.293537
  8 10.965153 0.000065 -0.000006 0.000013 0.000002 -0.698525
  9 0.000007 -0.000004 -4.044200 0.054016 3.056069 -0.057862
 10 -0.000007 0.000007 4.044200 -0.144403 -2.873319 -0.292789
 11 17.182070 0.000091 0.000546 0.000004 -0.000009 -0.914121
 12 16.782913 0.000650 -0.000234 -0.068488 -0.070924 0.460931
 13 5.168527 5.004116 -0.000135 0.000010 0.000000 1.570793
 14 17.182070 0.000099 0.000206 -0.000001 -0.000007 -0.757461
 15 16.782906 0.000656 -0.000113 0.160193 0.142580 0.547811
 16 5.168479 5.004167 -0.000064 0.000011 -0.000001 1.570802
 17 -1.388762 2.008499 3.047498 0.013217 -1.324515 2.157535
 18 5.760273 0.000016 0.000006 -0.831756 0.759439 -0.830104
time 114
  0 3.009639 -3.009639 -0.779431 -0.084050 -0.143594 -1.478236
  1 0.000000 0.000000 0.000000 -1.570796 -1.570796 0.000000
  2 4.484989 -0.004008 0.000006 -0.153033 0.102688 0.207232
  3 5.037136 -0.005101 -0.000238 0.063631 -0.081598 0.276691
  4 6.388059 -0.005253 -0.000001 -0.022627 0.135435 0.031536
  5 6.146608 1.394838 0.000001 0.003714 -0.088768 0.999986
  6 -1.834084 1.996794 -2.817009 -0.320765 1.215722 1.831981
  7 5.760270 -0.000012 -0.000009 0.235949 -0.778631 -0.334215
  8 10.965153 0.000065 -0.000006 0.000013 0.000002 -0.695182
  9 0.000007 -0.000004 -4.044200 0.053068 3.057311 -0.061014
 10 -0.000007 0.000007 4.044200 -0.143445 -2.871941 -0.295944
 11 17.182070 0.000091 0.000546 0.000004 -0.000009 -0.919140
 12 16.782913 0.000650 -0.000234 -0.065594 -0.071999 0.462391
 13 5.168527 5.004116 -0.000135 0.000010 0.000000 1.570793
 14 17.182070 0.000099 0.000206 -0.000001 -0.000007 -0.765136
 15 16.782906 0.000656 -0.000113 0.163820 0.141018 0.552402
 16 5.168479 5.004167 -0.000064 0.000011 -0.000001 1.570802
 17 -1.314541 2.024125 3.070936 -0.002743 -1.331682 2.141406
 18 5.760273 0.000016 0.000006 -0.834674 0.718929 -0.835851
time 115
  0 2.966669 -2.966669 -0.818495 -0.083859 -0.143742 -1.476452
  1 0.000000 0.000000 0.000000 -1.570796 -1.570796 0.000000
  2 4.484989 -0.004008 0.000006 -0.153910 0.101601 0.197922
  3 5.037136 -0.005101 -0.000238 0.060570 -0.089646 0.290077
  4 6.388059 -0.005253 -0.000001 -0.019044 0.129763 0.046174
  5 6.146608 1.394838 0.000001 -0.005896 -0.090766 1.026901
  6 -1.791114 2.071015 -2.797477 -0.320289 1.208207 1.805655
  7 5.760270 -0.000012 -0.000009 0.267057 -0.780047 -0.374536
  8 10.965153 0.000065 -0.000006 0.000013 0.000002 -0.691096
  9 0.000007 -0.000004 -4.044200 0.051550 3.058743 -0.063976
 10 -0.000007 0.000007 4.044200 -0.142774 -2.870471 -0.299098
 11 17.182070 0.000091 0.000546 0.000004 -0.000009 -0.923227
 12 16.782913 0.000650 -0.000234 -0.062970 -0.073185 0.463206
 13 5.168527 5.004116 -0.000135 0.000010 0.000000 1.570793
 14 17.182070 0.000099 0.000206 -0.000001 -0.000007 -0.772126
 15 16.782906 0.000656 -0.000113 0.167203 0.139352 0.556429
 16 5.168479 5.004167 -0.000064 0.000011 -0.000001 1.570802
 17 -1.248133 2.028031 3.090468 -0.021470 -1.337528 2.132773
 18 5.760273 0.000016 0.000006 -0.832774 0.677885 -0.841508
time 116
  0 2.923699 -2.923699 -0.849746 -0.083285 -0.143841 -1.474762
  1 0.000000 0.000000 0.000000 -1.570796 -1.570796 0.000000
  2 4.484989 -0.004008 0.000006 -0.154495 0.100498 0.188871
  3 5.037136 -0.005101 -0.000238 0.057611 -0.097430 0.302950
  4 6.388059 -0.005253 -0.000001 -0.015604 0.124320 0.060302
  5 6.146608 1.394838 0.000001 -0.014161 -0.092211 1.048576
  6 -1.748144 2.125704 -2.785758 -0.319527 1.201747 1.784766
  7 5.760270 -0.000012 -0.000009 0.297893 -0.780401 -0.414194
  8 10.965153 0.000065 -0.000006 0.000013 0.000002 -0.686081
  9 0.000007 -0.000004 -4.044200 0.050127 3.060081 -0.066938
 10 -0.000007 0.000007 4.044200 -0.142007 -2.869093 -0.301965
 11 17.182070 0.000091 0.000546 0.000004 -0.000009 -0.926812
 12 16.782913 0.000650 -0.000234 -0.060714 -0.074482 0.463614
 13 5.168527 5.004116 -0.000135 0.000010 0.000000 1.570793
 14 17.182070 0.000099 0.000206 -0.000001 -0.000007 -0.778362
 15 16.782906 0.000656 -0.000113 0.170228 0.137563 0.559966
 16 5.168479 5.004167 -0.000064 0.000011 -0.000001 1.570802
 17 -1.209069 2.039750 3.102187 -0.042595 -1.342086 2.131729
 18 5.760273 0.000016 0.000006 -0.827276 0.637278 -0.847389
time 117
  0 2.861197 -2.861197 -0.873184 -0.082998 -0.143940 -1.473354
  1 0.000000 0.000000 0.000000 -1.570796 -1.570796 0.000000
  2 4.484989 -0.004008 0.000006 -0.154755 0.099411 0.179952
  3 5.037136 -0.005101 -0.000238 0.054822 -0.104921 0.315248
  4 6.388059 -0.005253 -0.000001 -0.012164 0.118896 0.073832
  5 6.146608 1.394838 0.000001 -0.020511 -0.093180 1.064614
  6 -1.716893 2.164768 -2.766226 -0.318765 1.196737 1.769505
  7 5.760270 -0.000012 -0.000009 0.327844 -0.779772 -0.452119
  8 10.965153 0.000065 -0.000006 0.000013 0.000002 -0.680262
  9 0.000007 -0.000004 -4.044200 0.049083 3.061801 -0.069517
 10 -0.000007 0.000007 4.044200 -0.141432 -2.867531 -0.304355
 11 17.182070 0.000091 0.000546 0.000004 -0.000009 -0.929250
 12 16.782913 0.000650 -0.000234 -0.058850 -0.075835 0.463614
 13 5.168527 5.004116 -0.000135 0.000010 0.000000 1.570793
 14 17.182070 0.000099 0.000206 -0.000001 -0.000007 -0.783776
 15 16.782906 0.000656 -0.000113 0.172977 0.135734 0.562977
 16 5.168479 5.004167 -0.000064 0.000011 -0.000001 1.570802
 17 -1.166099 2.047563 3.110000 -0.064920 -1.345261 2.137232
 18 5.760273 0.000016 0.000006 -0.819132 0.598130 -0.853181
time 118
  0 2.826040 -2.826040 -0.892716 -0.082520 -0.143940 -1.472978
  1 0.000000 0.000000 0.000000 -1.570796 -1.570796 0.000000
  2 4.484989 -0.004008 0.000006 -0.154625 0.098388 0.171520
  3 5.037136 -0.005101 -0.000238 0.052288 -0.112106 0.326851
  4 6.388059 -0.005253 -0.000001 -0.008941 0.113624 0.086693
  5 6.146608 1.394838 0.000001 -0.025003 -0.093814 1.075888
  6 -1.693455 2.196019 -2.754507 -0.318003 1.193230 1.758822
  7 5.760270 -0.000012 -0.000009 0.356910 -0.778237 -0.488208
  8 10.965153 0.000065 -0.000006 0.000013 0.000002 -0.674195
  9 0.000007 -0.000004 -4.044200 0.047660 3.063425 -0.071906
 10 -0.000007 0.000007 4.044200 -0.141240 -2.866245 -0.305884
 11 17.182070 0.000091 0.000546 0.000004 -0.000009 -0.930971
 12 16.782913 0.000650 -0.000234 -0.057452 -0.077280 0.463342
 13 5.168527 5.004116 -0.000135 0.000010 0.000000 1.570793
 14 17.182070 0.000099 0.000206 -0.000001 -0.000007 -0.788436
 15 16.782906 0.000656 -0.000113 0.175270 0.133863 0.565386
 16 5.168479 5.004167 -0.000064 0.000011 -0.000001 1.570802
 17 -1.142661 2.047563 3.121719 -0.086600 -1.347116 2.147004
 18 5.760273 0.000016 0.000006 -0.809155 0.561364 -0.858838
time 119
  0 2.767444 -2.767444 -0.904435 -0.082042 -0.143841 -1.472509
  1 0.000000 0.000000 0.000000 -1.570796 -1.570796 0.000000
  2 4.484989 -0.004008 0.000006 -0.154073 0.097397 0.163479
  3 5.037136 -0.005101 -0.000238 0.050043 -0.118953 0.337669
  4 6.388059 -0.005253 -0.000001 -0.005801 0.108523 0.098815
  5 6.146608 1.394838 0.000001 -0.027827 -0.094170 1.083073
  6 -1.681736 2.207738 -2.754507 -0.317622 1.191094 1.752146
  7 5.760270 -0.000012 -0.000009 0.384887 -0.775956 -0.522157
  8 10.965153 0.000065 -0.000006 0.000013 0.000002 -0.667818
  9 0.000007 -0.000004 -4.044200 0.046142 3.065049 -0.074199
 10 -0.000007 0.000007 4.044200 -0.141144 -2.864775 -0.307127
 11 17.182070 0.000091 0.000546 0.000004 -0.000009 -0.931903
 12 16.782913 0.000650 -0.000234 -0.056569 -0.078744 0.462629
 13 5.168527 5.004116 -0.000135 0.000010 0.000000 1.570793
 14 17.182070 0.000099 0.000206 -0.000001 -0.000007 -0.792205
 15 16.782906 0.000656 -0.000113 0.177124 0.131992 0.567192
 16 5.168479 5.004167 -0.000064 0.000011 -0.000001 1.570802
 17 -1.123129 2.047563 3.121719 -0.107172 -1.348090 2.159717
 18 5.760273 0.000016 0.000006 -0.798160 0.528052 -0.864764
time 120
  0 2.712755 -2.712755 -0.916154 -0.081564 -0.143594 -1.472978
  1 0.000000 0.000000 0.000000 -1.570796 -1.570796 0.000000
  2 4.484989 -0.004008 0.000006 -0.153065 0.096502 0.156057
  3 5.037136 -0.005101 -0.000238 0.048172 -0.125406 0.347641
  4 6.388059 -0.005253 -0.000001 -0.002697 0.103727 0.110163
  5 6.146608 1.394838 0.000001 -0.029230 -0.094348 1.086527
  6 -1.673923 2.219457 -2.754507 -0.317241 1.190013 1.748903
  7 5.760270 -0.000012 -0.000009 0.411843 -0.773044 -0.553354
  8 10.965153 0.000065 -0.000006 0.000013 0.000002 -0.661070
  9 0.000007 -0.000004 -4.044200 0.044625 3.066673 -0.076492
 10 -0.000007 0.000007 4.044200 -0.140761 -2.863489 -0.308369
 11 17.182070 0.000091 0.000546 0.000004 -0.000009 -0.931903
 12 16.782913 0.000650 -0.000234 -0.056226 -0.080245 0.461610
 13 5.168527 5.004116 -0.000135 0.000010 0.000000 1.570793
 14 17.182070 0.000099 0.000206 -0.000001 -0.000007 -0.795151
 15 16.782906 0.000656 -0.000113 0.178539 0.130080 0.568359
 16 5.168479 5.004167 -0.000064 0.000011 -0.000001 1.570802
 17 -1.111410 2.047563 3.133438 -0.125807 -1.348530 2.174328
 18 5.760273 0.000016 0.000006 -0.787097 0.499068 -0.870062
time 121
  0 2.665879 -2.665879 -0.916154 -0.081086 -0.143347 -1.474011
  1 0.000000 0.000000 0.000000 -1.570796 -1.570796 0.000000
  2 4.484989 -0.004008 0.000006 -0.151538 0.095719 0.149220
  3 5.037136 -0.005101 -0.000238 0.046710 -0.131478 0.356615
  4 6.388059 -0.005253 -0.000001 0.000360 0.099140 0.120649
  5 6.146608 1.394838 0.000001 -0.029420 -0.094368 1.087043
  6 -1.673923 2.219457 -2.754507 -0.317241 1.189960 1.748616
  7 5.760270 -0.000012 -0.000009 0.438051 -0.769031 -0.584244
  8 10.965153 0.000065 -0.000006 0.000013 0.000002 -0.651412
  9 0.000007 -0.000004 -4.044200 0.042727 3.068393 -0.078880
 10 -0.000007 0.000007 4.044200 -0.141432 -2.861927 -0.308369
 11 17.182070 0.000091 0.000546 0.000004 -0.000009 -0.931186
 12 16.782913 0.000650 -0.000234 -0.055956 -0.081802 0.460048
 13 5.168527 5.004116 -0.000135 0.000010 0.000000 1.570793
 14 17.182070 0.000099 0.000206 -0.000001 -0.000007 -0.797276
 15 16.782906 0.000656 -0.000113 0.179645 0.128209 0.568961
 16 5.168479 5.004167 -0.000064 0.000011 -0.000001 1.570802
 17 -1.111410 2.047563 3.133438 -0.142135 -1.348813 2.189413
 18 5.760273 0.000016 0.000006 -0.776577 0.475482 -0.874866
time 122
  0 2.607283 -2.607283 -0.912248 -0.080512 -0.143149 -1.475795
  1 0.000000 0.000000 0.000000 -1.570796 -1.570796 0.000000
  2 4.484989 -0.004008 0.000006 -0.149490 0.095032 0.143067
  3 5.037136 -0.005101 -0.000238 0.045758 -0.137126 0.364562
  4 6.388059 -0.005253 -0.000001 0.003380 0.095010 0.130150
  5 6.146608 1.394838 0.000001 -0.028623 -0.094269 1.085058
  6 -1.673923 2.219457 -2.754507 -0.317241 1.190725 1.750619
  7 5.760270 -0.000012 -0.000009 0.464802 -0.763444 -0.614982
  8 10.965153 0.000065 -0.000006 0.000013 0.000002 -0.637111
  9 0.000007 -0.000004 -4.044200 0.040166 3.070494 -0.080505
 10 -0.000007 0.000007 4.044200 -0.143445 -2.859998 -0.308369
 11 17.182070 0.000091 0.000546 0.000004 -0.000009 -0.929537
 12 16.782913 0.000650 -0.000234 -0.055392 -0.083303 0.458553
 13 5.168527 5.004116 -0.000135 0.000010 0.000000 1.570793
 14 17.182070 0.000099 0.000206 -0.000001 -0.000007 -0.798304
 15 16.782906 0.000656 -0.000113 0.180686 0.126255 0.568923
 16 5.168479 5.004167 -0.000064 0.000011 -0.000001 1.570802
 17 -1.115316 2.047563 3.121719 -0.155051 -1.349379 2.203929
 18 5.760273 0.000016 0.000006 -0.767210 0.458120 -0.878727
time 123
  0 2.552594 -2.552594 -0.892716 -0.080034 -0.142655 -1.478424
  1 0.000000 0.000000 0.000000 -1.570796 -1.570796 0.000000
  2 4.484989 -0.004008 0.000006 -0.146826 0.094409 0.137826
  3 5.037136 -0.005101 -0.000238 0.045417 -0.142247 0.371301
  4 6.388059 -0.005253 -0.000001 0.006376 0.091261 0.138630
  5 6.146608 1.394838 0.000001 -0.027088 -0.094091 1.081128
  6 -1.681736 2.207738 -2.754507 -0.317527 1.192096 1.754339
  7 5.760270 -0.000012 -0.000009 0.490806 -0.756638 -0.644700
  8 10.965153 0.000065 -0.000006 0.000013 0.000002 -0.618662
  9 0.000007 -0.000004 -4.044200 0.037130 3.072596 -0.082893
 10 -0.000007 0.000007 4.044200 -0.145841 -2.857793 -0.307413
 11 17.182070 0.000091 0.000546 0.000004 -0.000009 -0.926884
 12 16.782913 0.000650 -0.000234 -0.054681 -0.084841 0.456481
 13 5.168527 5.004116 -0.000135 0.000010 0.000000 1.570793
 14 17.182070 0.000099 0.000206 -0.000001 -0.000007 -0.798509
 15 16.782906 0.000656 -0.000113 0.181548 0.124323 0.568283
 16 5.168479 5.004167 -0.000064 0.000011 -0.000001 1.570802
 17 -1.134848 2.047563 3.121719 -0.164460 -1.350636 2.216927
 18 5.760273 0.000016 0.000006 -0.759880 0.448103 -0.881331
time 124
  0 2.501811 -2.501811 -0.880997 -0.079556 -0.142161 -1.481710
  1 0.000000 0.000000 0.000000 -1.570796 -1.570796 0.000000
  2 4.484989 -0.004008 0.000006 -0.143543 0.093993 0.133431
  3 5.037136 -0.005101 -0.000238 0.045707 -0.146944 0.376830
  4 6.388059 -0.005253 -0.000001 0.009372 0.087949 0.146037
  5 6.146608 1.394838 0.000001 -0.025003 -0.093814 1.075888
  6 -1.693455 2.196019 -2.754507 -0.317622 1.193942 1.759299
  7 5.760270 -0.000012 -0.000009 0.515379 -0.749005 -0.671920
  8 10.965153 0.000065 -0.000006 0.000013 0.000002 -0.597055
  9 0.000007 -0.000004 -4.044200 0.033620 3.074794 -0.084422
 10 -0.000007 0.000007 4.044200 -0.149579 -2.855220 -0.305884
 11 17.182070 0.000091 0.000546 0.000004 -0.000009 -0.923514
 12 16.782913 0.000650 -0.000234 -0.053994 -0.086305 0.454036
 13 5.168527 5.004116 -0.000135 0.000010 0.000000 1.570793
 14 17.182070 0.000099 0.000206 -0.000001 -0.000007 -0.797618
 15 16.782906 0.000656 -0.000113 0.182231 0.122452 0.566929
 16 5.168479 5.004167 -0.000064 0.000011 -0.000001 1.570802
 17 -1.142661 2.047563 3.121719 -0.168612 -1.354314 2.226509
 18 5.760273 0.000016 0.000006 -0.755062 0.448540 -0.881196
time 125
  0 2.454935 -2.454935 -0.853652 -0.079269 -0.141469 -1.485935
  1 0.000000 0.000000 0.000000 -1.570796 -1.570796 0.000000
  2 4.484989 -0.004008 0.000006 -0.138799 0.093673 0.130111
  3 5.037136 -0.005101 -0.000238 0.047169 -0.150938 0.380063
  4 6.388059 -0.005253 -0.000001 0.012464 0.085075 0.151632
  5 6.146608 1.394838 0.000001 -0.022634 -0.093477 1.069973
  6 -1.705174 2.176487 -2.766226 -0.318003 1.195972 1.765022
  7 5.760270 -0.000012 -0.000009 0.537638 -0.742238 -0.694349
  8 10.965153 0.000065 -0.000006 0.000013 0.000002 -0.573591
  9 0.000007 -0.000004 -4.044200 0.029730 3.077182 -0.085950
 10 -0.000007 0.000007 4.044200 -0.154083 -2.852648 -0.303877
 11 17.182070 0.000091 0.000546 0.000004 -0.000009 -0.919427
 12 16.782913 0.000650 -0.000234 -0.053528 -0.087769 0.451217
 13 5.168527 5.004116 -0.000135 0.000010 0.000000 1.570793
 14 17.182070 0.000099 0.000206 -0.000001 -0.000007 -0.795700
 15 16.782906 0.000656 -0.000113 0.182540 0.120684 0.564896
 16 5.168479 5.004167 -0.000064 0.000011 -0.000001 1.570802
 17 -1.154380 2.047563 3.110000 -0.168243 -1.361230 2.232296
 18 5.760273 0.000016 0.000006 -0.749768 0.461768 -0.877470
time 126
  0 2.392433 -2.392433 -0.818495 -0.078791 -0.140629 -1.490911
  1 0.000000 0.000000 0.000000 -1.570796 -1.570796 0.000000
  2 4.484989 -0.004008 0.000006 -0.131877 0.093482 0.127832
  3 5.037136 -0.005101 -0.000238 0.049890 -0.154055 0.380305
  4 6.388059 -0.005253 -0.000001 0.015724 0.082734 0.154834
  5 6.146608 1.394838 0.000001 -0.020169 -0.093141 1.063780
  6 -1.716893 2.164768 -2.766226 -0.318003 1.198187 1.770841
  7 5.760270 -0.000012 -0.000009 0.556970 -0.737832 -0.709794
  8 10.965153 0.000065 -0.000006 0.000013 0.000002 -0.548518
  9 0.000007 -0.000004 -4.044200 0.025177 3.079571 -0.087383
 10 -0.000007 0.000007 4.044200 -0.158684 -2.849892 -0.301392
 11 17.182070 0.000091 0.000546 0.000004 -0.000009 -0.914551
 12 16.782913 0.000650 -0.000234 -0.053234 -0.089233 0.448330
 13 5.168527 5.004116 -0.000135 0.000010 0.000000 1.570793
 14 17.182070 0.000099 0.000206 -0.000001 -0.000007 -0.793096
 15 16.782906 0.000656 -0.000113 0.182654 0.118895 0.562375
 16 5.168479 5.004167 -0.000064 0.000011 -0.000001 1.570802
 17 -1.166099 2.047563 3.110000 -0.165291 -1.370377 2.235996
 18 5.760273 0.000016 0.000006 -0.741487 0.486278 -0.871409
time 127
  0 2.349463 -2.349463 -0.787244 -0.078313 -0.139789 -1.496451
  1 0.000000 0.000000 0.000000 -1.570796 -1.570796 0.000000
  2 4.484989 -0.004008 0.000006 -0.123168 0.093450 0.126367
  3 5.037136 -0.005101 -0.000238 0.053716 -0.156367 0.377948
  4 6.388059 -0.005253 -0.000001 0.019055 0.080907 0.155960
  5 6.146608 1.394838 0.000001 -0.017876 -0.092804 1.057984
  6 -1.724706 2.145236 -2.774039 -0.318384 1.200191 1.776468
  7 5.760270 -0.000012 -0.000009 0.573035 -0.736101 -0.717899
  8 10.965153 0.000065 -0.000006 0.000013 0.000002 -0.522702
  9 0.000007 -0.000004 -4.044200 0.020338 3.082245 -0.088912
 10 -0.000007 0.000007 4.044200 -0.164243 -2.846768 -0.298620
 11 17.182070 0.000091 0.000546 0.000004 -0.000009 -0.909317
 12 16.782913 0.000650 -0.000234 -0.053136 -0.090808 0.445409
 13 5.168527 5.004116 -0.000135 0.000010 0.000000 1.570793
 14 17.182070 0.000099 0.000206 -0.000001 -0.000007 -0.790354
 15 16.782906 0.000656 -0.000113 0.182654 0.116983 0.559590
 16 5.168479 5.004167 -0.000064 0.000011 -0.000001 1.570802
 17 -1.177818 2.039750 3.110000 -0.162246 -1.380750 2.239127
 18 5.760273 0.000016 0.000006 -0.729406 0.519347 -0.863552
time 128
  0 2.290867 -2.290867 -0.744274 -0.077739 -0.138801 -1.502929
  1 0.000000 0.000000 0.000000 -1.570796 -1.570796 0.000000
  2 4.484989 -0.004008 0.000006 -0.112964 0.093482 0.125749
  3 5.037136 -0.005101 -0.000238 0.058580 -0.157918 0.373295
  4 6.388059 -0.005253 -0.000001 0.022651 0.079327 0.155221
  5 6.146608 1.394838 0.000001 -0.015961 -0.092508 1.053141
  6 -1.736425 2.133517 -2.774039 -0.318384 1.201905 1.781237
  7 5.760270 -0.000012 -0.000009 0.585628 -0.737242 -0.719224
  8 10.965153 0.000065 -0.000006 0.000013 0.000002 -0.497442
  9 0.000007 -0.000004 -4.044200 0.015026 3.084634 -0.090632
 10 -0.000007 0.000007 4.044200 -0.170089 -2.843828 -0.295752
 11 17.182070 0.000091 0.000546 0.000004 -0.000009 -0.903509
 12 16.782913 0.000650 -0.000234 -0.053234 -0.092383 0.442319
 13 5.168527 5.004116 -0.000135 0.000010 0.000000 1.570793
 14 17.182070 0.000099 0.000206 -0.000001 -0.000007 -0.787271
 15 16.782906 0.000656 -0.000113 0.182475 0.115071 0.556579
 16 5.168479 5.004167 -0.000064 0.000011 -0.000001 1.570802
 17 -1.189537 2.039750 3.102187 -0.161232 -1.391281 2.243681
 18 5.760273 0.000016 0.000006 -0.712642 0.558155 -0.854483
time 129
  0 2.236178 -2.236178 -0.713023 -0.077261 -0.137763 -1.509220
  1 0.000000 0.000000 0.000000 -1.570796 -1.570796 0.000000
  2 4.484989 -0.004008 0.000006 -0.101557 0.093641 0.125879
  3 5.037136 -0.005101 -0.000238 0.064294 -0.158869 0.366738
  4 6.388059 -0.005253 -0.000001 0.026150 0.078204 0.152969
  5 6.146608 1.394838 0.000001 -0.014653 -0.092290 1.049767
  6 -1.740331 2.129611 -2.785758 -0.318384 1.203118 1.784480
  7 5.760270 -0.000012 -0.000009 0.594545 -0.741373 -0.713311
  8 10.965153 0.000065 -0.000006 0.000013 0.000002 -0.473421
  9 0.000007 -0.000004 -4.044200 0.009049 3.087882 -0.092829
 10 -0.000007 0.000007 4.044200 -0.176128 -2.840521 -0.292216
 11 17.182070 0.000091 0.000546 0.000004 -0.000009 -0.897701
 12 16.782913 0.000650 -0.000234 -0.053700 -0.094125 0.438821
 13 5.168527 5.004116 -0.000135 0.000010 0.000000 1.570793
 14 17.182070 0.000099 0.000206 -0.000001 -0.000007 -0.783913
 15 16.782906 0.000656 -0.000113 0.182215 0.113117 0.553343
 16 5.168479 5.004167 -0.000064 0.000011 -0.000001 1.570802
 17 -1.197350 2.039750 3.102187 -0.166398 -1.401025 2.252125
 18 5.760273 0.000016 0.000006 -0.690584 0.600026 -0.844965
time 130
  0 2.177582 -2.177582 -0.673959 -0.076974 -0.136528 -1.516637
  1 0.000000 0.000000 0.000000 -1.570796 -1.570796 0.000000
  2 4.484989 -0.004008 0.000006 -0.089306 0.093849 0.126562
  3 5.037136 -0.005101 -0.000238 0.070790 -0.159162 0.358640
  4 6.388059 -0.005253 -0.000001 0.029830 0.077443 0.149327
  5 6.146608 1.394838 0.000001 -0.014161 -0.092211 1.048576
  6 -1.748144 2.125704 -2.785758 -0.318384 1.203698 1.785529
  7 5.760270 -0.000012 -0.000009 0.599515 -0.748651 -0.699956
  8 10.965153 0.000065 -0.000006 0.000013 0.000002 -0.451134
  9 0.000007 -0.000004 -4.044200 0.003073 3.090939 -0.094453
 10 -0.000007 0.000007 4.044200 -0.182262 -2.837398 -0.288775
 11 17.182070 0.000091 0.000546 0.000004 -0.000009 -0.891392
 12 16.782913 0.000650 -0.000234 -0.054632 -0.095941 0.435628
 13 5.168527 5.004116 -0.000135 0.000010 0.000000 1.570793
 14 17.182070 0.000099 0.000206 -0.000001 -0.000007 -0.780418
 15 16.782906 0.000656 -0.000113 0.181792 0.111061 0.549881
 16 5.168479 5.004167 -0.000064 0.000011 -0.000001 1.570802
 17 -1.209069 2.039750 3.102187 -0.181343 -1.408852 2.268254
 18 5.760273 0.000016 0.000006 -0.662214 0.642141 -0.835761
time 131
  0 2.115080 -2.115080 -0.630989 -0.076496 -0.135342 -1.524242
  1 0.000000 0.000000 0.000000 -1.570796 -1.570796 0.000000
  2 4.484989 -0.004008 0.000006 -0.076437 0.094057 0.127767
  3 5.037136 -0.005101 -0.000238 0.077711 -0.158957 0.349363
  4 6.388059 -0.005253 -0.000001 0.033317 0.076967 0.144700
  5 6.146608 1.394838 0.000001 -0.014161 -0.092211 1.048576
  6 -1.748144 2.125704 -2.785758 -0.318384 1.203856 1.785720
  7 5.760270 -0.000012 -0.000009 0.600536 -0.758841 -0.680178
  8 10.965153 0.000065 -0.000006 0.000013 0.000002 -0.429713
  9 0.000007 -0.000004 -4.044200 -0.003094 3.093710 -0.096269
 10 -0.000007 0.000007 4.044200 -0.188396 -2.834366 -0.285047
 11 17.182070 0.000091 0.000546 0.000004 -0.000009 -0.884723
 12 16.782913 0.000650 -0.000234 -0.056005 -0.097813 0.431994
 13 5.168527 5.004116 -0.000135 0.000010 0.000000 1.570793
 14 17.182070 0.000099 0.000206 -0.000001 -0.000007 -0.776649
 15 16.782906 0.000656 -0.000113 0.181239 0.108985 0.546230
 16 5.168479 5.004167 -0.000064 0.000011 -0.000001 1.570802
 17 -1.209069 2.039750 3.102187 -0.208741 -1.413347 2.295293
 18 5.760273 0.000016 0.000006 -0.627668 0.681872 -0.827051
time 132
  0 2.048672 -2.048672 -0.588019 -0.076018 -0.134156 -1.531941
  1 0.000000 0.000000 0.000000 -1.570796 -1.570796 0.000000
  2 4.484989 -0.004008 0.000006 -0.063341 0.094249 0.129362
  3 5.037136 -0.005101 -0.000238 0.084939 -0.158240 0.339301
  4 6.388059 -0.005253 -0.000001 0.036901 0.076815 0.139281
  5 6.146608 1.394838 0.000001 -0.014161 -0.092211 1.048576
  6 -1.748144 2.125704 -2.785758 -0.318384 1.204041 1.785720
  7 5.760270 -0.000012 -0.000009 0.598493 -0.771234 -0.655099
  8 10.965153 0.000065 -0.000006 0.000013 0.000002 -0.406806
  9 0.000007 -0.000004 -4.044200 -0.009640 3.097245 -0.098371
 10 -0.000007 0.000007 4.044200 -0.194434 -2.831242 -0.281224
 11 17.182070 0.000091 0.000546 0.000004 -0.000009 -0.877697
 12 16.782913 0.000650 -0.000234 -0.057967 -0.099777 0.428326
 13 5.168527 5.004116 -0.000135 0.000010 0.000000 1.570793
 14 17.182070 0.000099 0.000206 -0.000001 -0.000007 -0.772606
 15 16.782906 0.000656 -0.000113 0.180572 0.106888 0.542316
 16 5.168479 5.004167 -0.000064 0.000011 -0.000001 1.570802
 17 -1.209069 2.039750 3.102187 -0.248687 -1.412719 2.334476
 18 5.760273 0.000016 0.000006 -0.586674 0.716644 -0.819823
time 133
  0 1.986170 -1.986170 -0.545049 -0.075444 -0.132723 -1.540485
  1 0.000000 0.000000 0.000000 -1.570796 -1.570796 0.000000
  2 4.484989 -0.004008 0.000006 -0.050309 0.094473 0.131218
  3 5.037136 -0.005101 -0.000238 0.092456 -0.157172 0.328755
  4 6.388059 -0.005253 -0.000001 0.040196 0.076815 0.133299
  5 6.146608 1.394838 0.000001 -0.014161 -0.092211 1.048576
  6 -1.748144 2.125704 -2.785758 -0.318384 1.204252 1.785720
  7 5.760270 -0.000012 -0.000009 0.592844 -0.785044 -0.625279
  8 10.965153 0.000065 -0.000006 0.000013 0.000002 -0.383466
  9 0.000007 -0.000004 -4.044200 -0.016470 3.100588 -0.100472
 10 -0.000007 0.000007 4.044200 -0.200472 -2.828394 -0.277305
 11 17.182070 0.000091 0.000546 0.000004 -0.000009 -0.870240
 12 16.782913 0.000650 -0.000234 -0.060616 -0.101834 0.424862
 13 5.168527 5.004116 -0.000135 0.000010 0.000000 1.570793
 14 17.182070 0.000099 0.000206 -0.000001 -0.000007 -0.768494
 15 16.782906 0.000656 -0.000113 0.179759 0.104729 0.538252
 16 5.168479 5.004167 -0.000064 0.000011 -0.000001 1.570802
 17 -1.209069 2.039750 3.102187 -0.299794 -1.406558 2.384191
 18 5.760273 0.000016 0.000006 -0.538893 0.748011 -0.813717
time 134
  0 1.923668 -1.923668 -0.490360 -0.074966 -0.131389 -1.549123
  1 0.000000 0.000000 0.000000 -1.570796 -1.570796 0.000000
  2 4.484989 -0.004008 0.000006 -0.037636 0.094712 0.133203
  3 5.037136 -0.005101 -0.000238 0.099853 -0.155796 0.318119
  4 6.388059 -0.005253 -0.000001 0.043408 0.076967 0.127106
  5 6.146608 1.394838 0.000001 -0.014161 -0.092211 1.048576
  6 -1.748144 2.125704 -2.785758 -0.318289 1.204410 1.785720
  7 5.760270 -0.000012 -0.000009 0.584947 -0.799562 -0.592247
  8 10.965153 0.000065 -0.000006 0.000013 0.000002 -0.359755
  9 0.000007 -0.000004 -4.044200 -0.023585 3.104123 -0.102670
 10 -0.000007 0.000007 4.044200 -0.206510 -2.825730 -0.272717
 11 17.182070 0.000091 0.000546 0.000004 -0.000009 -0.862568
 12 16.782913 0.000650 -0.000234 -0.064049 -0.103929 0.421126
 13 5.168527 5.004116 -0.000135 0.000010 0.000000 1.570793
 14 17.182070 0.000099 0.000206 -0.000001 -0.000007 -0.763971
 15 16.782906 0.000656 -0.000113 0.178848 0.102549 0.533999
 16 5.168479 5.004167 -0.000064 0.000011 -0.000001 1.570802
 17 -1.209069 2.039750 3.102187 -0.355422 -1.395776 2.437985
 18 5.760273 0.000016 0.000006 -0.484188 0.778745 -0.805770
time 135
  0 1.849447 -1.849447 -0.451296 -0.074488 -0.129956 -1.558418
  1 0.000000 0.000000 0.000000 -1.570796 -1.570796 0.000000
  2 4.484989 -0.004008 0.000006 -0.025644 0.094872 0.135320
  3 5.037136 -0.005101 -0.000238 0.107268 -0.154201 0.307785
  4 6.388059 -0.005253 -0.000001 0.046428 0.077367 0.120860
  5 6.146608 1.394838 0.000001 -0.014161 -0.092211 1.048576
  6 -1.748144 2.125704 -2.785758 -0.318289 1.204621 1.785720
  7 5.760270 -0.000012 -0.000009 0.573580 -0.814040 -0.557075
  8 10.965153 0.000065 -0.000006 0.000013 0.000002 -0.336601
  9 0.000007 -0.000004 -4.044200 -0.030890 3.107563 -0.104485
 10 -0.000007 0.000007 4.044200 -0.211398 -2.823250 -0.268034
 11 17.182070 0.000091 0.000546 0.000004 -0.000009 -0.854537
 12 16.782913 0.000650 -0.000234 -0.068341 -0.106115 0.417356
 13 5.168527 5.004116 -0.000135 0.000010 0.000000 1.570793
 14 17.182070 0.000099 0.000206 -0.000001 -0.000007 -0.759311
 15 16.782906 0.000656 -0.000113 0.177791 0.100350 0.529558
 16 5.168479 5.004167 -0.000064 0.000011 -0.000001 1.570802
 17 -1.209069 2.039750 3.102187 -0.409851 -1.381128 2.489881
 18 5.760273 0.000016 0.000006 -0.423851 0.808362 -0.795129
time 136
  0 1.775226 -1.775226 -0.396607 -0.074010 -0.128424 -1.567713
  1 0.000000 0.000000 0.000000 -1.570796 -1.570796 0.000000
  2 4.484989 -0.004008 0.000006 -0.014628 0.095016 0.137436
  3 5.037136 -0.005101 -0.000238 0.114291 -0.152489 0.298055
  4 6.388059 -0.005253 -0.000001 0.049269 0.077824 0.114843
  5 6.146608 1.394838 0.000001 -0.014161 -0.092211 1.048576
  6 -1.748144 2.125704 -2.785758 -0.318003 1.204779 1.785720
  7 5.760270 -0.000012 -0.000009 0.560646 -0.827850 -0.521342
  8 10.965153 0.000065 -0.000006 0.000013 0.000002 -0.314189
  9 0.000007 -0.000004 -4.044200 -0.038384 3.110906 -0.106874
 10 -0.000007 0.000007 4.044200 -0.216382 -2.821137 -0.263159
 11 17.182070 0.000091 0.000546 0.000004 -0.000009 -0.846148
 12 16.782913 0.000650 -0.000234 -0.073589 -0.108358 0.413552
 13 5.168527 5.004116 -0.000135 0.000010 0.000000 1.570793
 14 17.182070 0.000099 0.000206 -0.000001 -0.000007 -0.754377
 15 16.782906 0.000656 -0.000113 0.176571 0.098150 0.524930
 16 5.168479 5.004167 -0.000064 0.000011 -0.000001 1.570802
 17 -1.209069 2.039750 3.102187 -0.458837 -1.363524 2.535990
 18 5.760273 0.000016 0.000006 -0.359034 0.836325 -0.781077
time 137
  0 1.701005 -1.701005 -0.345824 -0.073532 -0.126843 -1.577290
  1 0.000000 0.000000 0.000000 -1.570796 -1.570796 0.000000
  2 4.484989 -0.004008 0.000006 -0.004879 0.095080 0.139324
  3 5.037136 -0.005101 -0.000238 0.120770 -0.150778 0.289292
  4 6.388059 -0.005253 -0.000001 0.051714 0.078185 0.109389
  5 6.146608 1.394838 0.000001 -0.014161 -0.092211 1.048576
  6 -1.748144 2.125704 -2.785758 -0.318003 1.204911 1.786006
  7 5.760270 -0.000012 -0.000009 0.545398 -0.840361 -0.486781
  8 10.965153 0.000065 -0.000006 0.000013 0.000002 -0.293511
  9 0.000007 -0.000004 -4.044200 -0.045974 3.114823 -0.108593
 10 -0.000007 0.000007 4.044200 -0.220312 -2.819391 -0.258571
 11 17.182070 0.000091 0.000546 0.000004 -0.000009 -0.837472
 12 16.782913 0.000650 -0.000234 -0.079794 -0.110655 0.409748
 13 5.168527 5.004116 -0.000135 0.000010 0.000000 1.570793
 14 17.182070 0.000099 0.000206 -0.000001 -0.000007 -0.749306
 15 16.782906 0.000656 -0.000113 0.175254 0.095909 0.520188
 16 5.168479 5.004167 -0.000064 0.000011 -0.000001 1.570802
 17 -1.209069 2.039750 3.102187 -0.501180 -1.344035 2.574984
 18 5.760273 0.000016 0.000006 -0.291842 0.862002 -0.763522
time 138
  0 1.626784 -1.626784 -0.298948 -0.073054 -0.125311 -1.587430
  1 0.000000 0.000000 0.000000 -1.570796 -1.570796 0.000000
  2 4.484989 -0.004008 0.000006 0.003116 0.095160 0.141082
  3 5.037136 -0.005101 -0.000238 0.126756 -0.149227 0.281889
  4 6.388059 -0.005253 -0.000001 0.053847 0.078661 0.104674
  5 6.146608 1.394838 0.000001 -0.014161 -0.092211 1.048576
  6 -1.748144 2.125704 -2.785758 -0.318003 1.205069 1.786006
  7 5.760270 -0.000012 -0.000009 0.529810 -0.850984 -0.454871
  8 10.965153 0.000065 -0.000006 0.000013 0.000002 -0.274567
  9 0.000007 -0.000004 -4.044200 -0.053658 3.118263 -0.110886
 10 -0.000007 0.000007 4.044200 -0.223954 -2.818013 -0.253123
 11 17.182070 0.000091 0.000546 0.000004 -0.000009 -0.828294
 12 16.782913 0.000650 -0.000234 -0.087151 -0.112990 0.405944
 13 5.168527 5.004116 -0.000135 0.000010 0.000000 1.570793
 14 17.182070 0.000099 0.000206 -0.000001 -0.000007 -0.744029
 15 16.782906 0.000656 -0.000113 0.173790 0.093647 0.515258
 16 5.168479 5.004167 -0.000064 0.000011 -0.000001 1.570802
 17 -1.209069 2.039750 3.102187 -0.536697 -1.323666 2.606387
 18 5.760273 0.000016 0.000006 -0.224243 0.885005 -0.742690
time 139
  0 1.552563 -1.552563 -0.248165 -0.072480 -0.123631 -1.597664
  1 0.000000 0.000000 0.000000 -1.570796 -1.570796 0.000000
  2 4.484989 -0.004008 0.000006 0.009258 0.095224 0.142416
  3 5.037136 -0.005101 -0.000238 0.131994 -0.147954 0.276178
  4 6.388059 -0.005253 -0.000001 0.055585 0.079118 0.100979
  5 6.146608 1.394838 0.000001 -0.014161 -0.092211 1.048576
  6 -1.748144 2.125704 -2.785758 -0.318003 1.205201 1.786006
  7 5.760270 -0.000012 -0.000009 0.514018 -0.859285 -0.427753
  8 10.965153 0.000065 -0.000006 0.000013 0.000002 -0.258161
  9 0.000007 -0.000004 -4.044200 -0.061153 3.122180 -0.112510
 10 -0.000007 0.000007 4.044200 -0.226350 -2.817095 -0.247866
 11 17.182070 0.000091 0.000546 0.000004 -0.000009 -0.819116
 12 16.782913 0.000650 -0.000234 -0.095735 -0.115400 0.402174
 13 5.168527 5.004116 -0.000135 0.000010 0.000000 1.570793
 14 17.182070 0.000099 0.000206 -0.000001 -0.000007 -0.738547
 15 16.782906 0.000656 -0.000113 0.172180 0.091509 0.510177
 16 5.168479 5.004167 -0.000064 0.000011 -0.000001 1.570802
 17 -1.209069 2.039750 3.102187 -0.565941 -1.303454 2.632098
 18 5.760273 0.000016 0.000006 -0.159087 0.904895 -0.720017
time 140
  0 1.478342 -1.478342 -0.193476 -0.072289 -0.121951 -1.607898
  1 0.000000 0.000000 0.000000 -1.570796 -1.570796 0.000000
  2 4.484989 -0.004008 0.000006 0.013190 0.095272 0.143295
  3 5.037136 -0.005101 -0.000238 0.136194 -0.147032 0.272491
  4 6.388059 -0.005253 -0.000001 0.056891 0.079327 0.098569
  5 6.146608 1.394838 0.000001 -0.014161 -0.092211 1.048576
  6 -1.748144 2.125704 -2.785758 -0.318003 1.205333 1.786006
  7 5.760270 -0.000012 -0.000009 0.498974 -0.864793 -0.406395
  8 10.965153 0.000065 -0.000006 0.000013 0.000002 -0.244541
  9 0.000007 -0.000004 -4.044200 -0.068932 3.125810 -0.114230
 10 -0.000007 0.000007 4.044200 -0.227884 -2.816543 -0.242609
 11 17.182070 0.000091 0.000546 0.000004 -0.000009 -0.809437
 12 16.782913 0.000650 -0.000234 -0.105569 -0.117809 0.398438
 13 5.168527 5.004116 -0.000135 0.000010 0.000000 1.570793
 14 17.182070 0.000099 0.000206 -0.000001 -0.000007 -0.732859
 15 16.782906 0.000656 -0.000113 0.170407 0.089247 0.505021
 16 5.168479 5.004167 -0.000064 0.000011 -0.000001 1.570802
 17 -1.209069 2.039750 3.102187 -0.589742 -1.284405 2.652212
 18 5.760273 0.000016 0.000006 -0.099292 0.921381 -0.696806
time 141
  0 1.404121 -1.404121 -0.130974 -0.071715 -0.120370 -1.618132
  1 0.000000 0.000000 0.000000 -1.570796 -1.570796 0.000000
  2 4.484989 -0.004008 0.000006 0.014620 0.095272 0.143621
  3 5.037136 -0.005101 -0.000238 0.139443 -0.146593 0.271192
  4 6.388059 -0.005253 -0.000001 0.057730 0.079537 0.097742
  5 6.146608 1.394838 0.000001 -0.014161 -0.092211 1.048576
  6 -1.748144 2.125704 -2.785758 -0.318003 1.205412 1.786006
  7 5.760270 -0.000012 -0.000009 0.480595 -0.867429 -0.390949
  8 10.965153 0.000065 -0.000006 0.000013 0.000002 -0.237669
  9 0.000007 -0.000004 -4.044200 -0.076426 3.129536 -0.115854
 10 -0.000007 0.000007 4.044200 -0.228650 -2.816451 -0.237066
 11 17.182070 0.000091 0.000546 0.000004 -0.000009 -0.799399
 12 16.782913 0.000650 -0.000234 -0.116654 -0.120292 0.394600
 13 5.168527 5.004116 -0.000135 0.000010 0.000000 1.570793
 14 17.182070 0.000099 0.000206 -0.000001 -0.000007 -0.727034
 15 16.782906 0.000656 -0.000113 0.168504 0.087006 0.499677
 16 5.168479 5.004167 -0.000064 0.000011 -0.000001 1.570802
 17 -1.209069 2.039750 3.102187 -0.609392 -1.267650 2.668151
 18 5.760273 0.000016 0.000006 -0.048457 0.934511 -0.675390
time 142
  0 1.329900 -1.329900 -0.088004 -0.071428 -0.118591 -1.628554
  1 0.000000 0.000000 0.000000 -1.570796 -1.570796 0.000000
  2 4.484989 -0.004008 0.000006 0.013580 0.095272 0.143881
  3 5.037136 -0.005101 -0.000238 0.142078 -0.146520 0.272129
  4 6.388059 -0.005253 -0.000001 0.057993 0.079613 0.098129
  5 6.146608 1.394838 0.000001 -0.014161 -0.092211 1.048576
  6 -1.748144 2.125704 -2.785758 -0.318003 1.205465 1.786006
  7 5.760270 -0.000012 -0.000009 0.457995 -0.867154 -0.379633
  8 10.965153 0.000065 -0.000006 0.000013 0.000002 -0.238412
  9 0.000007 -0.000004 -4.044200 -0.084110 3.133262 -0.117861
 10 -0.000007 0.000007 4.044200 -0.228555 -2.816819 -0.231426
 11 17.182070 0.000091 0.000546 0.000004 -0.000009 -0.789289
 12 16.782913 0.000650 -0.000234 -0.128671 -0.122757 0.391000
 13 5.168527 5.004116 -0.000135 0.000010 0.000000 1.570793
 14 17.182070 0.000099 0.000206 -0.000001 -0.000007 -0.720935
 15 16.782906 0.000656 -0.000113 0.166520 0.084806 0.494296
 16 5.168479 5.004167 -0.000064 0.000011 -0.000001 1.570802
 17 -1.209069 2.039750 3.102187 -0.624890 -1.254040 2.680769
 18 5.760273 0.000016 0.000006 -0.010042 0.945064 -0.658195
time 143
  0 1.255679 -1.255679 -0.025502 -0.070950 -0.116911 -1.639445
  1 0.000000 0.000000 0.000000 -1.570796 -1.570796 0.000000
  2 4.484989 -0.004008 0.000006 0.010558 0.095320 0.144565
  3 5.037136 -0.005101 -0.000238 0.144782 -0.146549 0.274757
  4 6.388059 -0.005253 -0.000001 0.057934 0.079784 0.099290
  5 6.146608 1.394838 0.000001 -0.014161 -0.092211 1.048576
  6 -1.748144 2.125704 -2.785758 -0.318003 1.205544 1.786006
  7 5.760270 -0.000012 -0.000009 0.434851 -0.864085 -0.372089
  8 10.965153 0.000065 -0.000006 0.000013 0.000002 -0.243860
  9 0.000007 -0.000004 -4.044200 -0.091605 3.136701 -0.119294
 10 -0.000007 0.000007 4.044200 -0.227788 -2.817370 -0.225787
 11 17.182070 0.000091 0.000546 0.000004 -0.000009 -0.778892
 12 16.782913 0.000650 -0.000234 -0.141718 -0.125240 0.387740
 13 5.168527 5.004116 -0.000135 0.000010 0.000000 1.570793
 14 17.182070 0.000099 0.000206 -0.000001 -0.000007 -0.714631
 15 16.782906 0.000656 -0.000113 0.164357 0.082606 0.488764
 16 5.168479 5.004167 -0.000064 0.000011 -0.000001 1.570802
 17 -1.209069 2.039750 3.102187 -0.635499 -1.245804 2.689498
 18 5.760273 0.000016 0.000006 0.007197 0.952553 -0.653930
time 144
  0 1.169739 -1.169739 0.025281 -0.070472 -0.115231 -1.649867
  1 0.000000 0.000000 0.000000 -1.570796 -1.570796 0.000000
  2 4.484989 -0.004008 0.000006 0.005910 0.095400 0.145542
  3 5.037136 -0.005101 -0.000238 0.147452 -0.146637 0.278897
  4 6.388059 -0.005253 -0.000001 0.057310 0.080108 0.101120
  5 6.146608 1.394838 0.000001 -0.014161 -0.092211 1.048576
  6 -1.748144 2.125704 -2.785758 -0.318003 1.205544 1.786006
  7 5.760270 -0.000012 -0.000009 0.415860 -0.858655 -0.369846
  8 10.965153 0.000065 -0.000006 0.000013 0.000002 -0.251908
  9 0.000007 -0.000004 -4.044200 -0.099289 3.140522 -0.120249
 10 -0.000007 0.000007 4.044200 -0.226254 -2.818197 -0.219861
 11 17.182070 0.000091 0.000546 0.000004 -0.000009 -0.768280
 12 16.782913 0.000650 -0.000234 -0.155550 -0.127760 0.384106
 13 5.168527 5.004116 -0.000135 0.000010 0.000000 1.570793
 14 17.182070 0.000099 0.000206 -0.000001 -0.000007 -0.708258
 15 16.782906 0.000656 -0.000113 0.162031 0.080406 0.483156
 16 5.168479 5.004167 -0.000064 0.000011 -0.000001 1.570802
 17 -1.209069 2.039750 3.102187 -0.640942 -1.243038 2.694052
 18 5.760273 0.000016 0.000006 -0.000133 0.956541 -0.666052
time 145
  0 1.095518 -1.095518 0.079970 -0.070281 -0.113551 -1.660758
  1 0.000000 0.000000 0.000000 -1.570796 -1.570796 0.000000
  2 4.484989 -0.004008 0.000006 -0.000199 0.095527 0.146811
  3 5.037136 -0.005101 -0.000238 0.150020 -0.146827 0.284336
  4 6.388059 -0.005253 -0.000001 0.056376 0.080412 0.103495
  5 6.146608 1.394838 0.000001 -0.014161 -0.092211 1.048576
  6 -1.748144 2.125704 -2.785758 -0.318003 1.205465 1.786006
  7 5.760270 -0.000012 -0.000009 0.405172 -0.851456 -0.373822
  8 10.965153 0.000065 -0.000006 0.000013 0.000002 -0.258904
  9 0.000007 -0.000004 -4.044200 -0.106784 3.144153 -0.121491
 10 -0.000007 0.000007 4.044200 -0.223954 -2.819391 -0.214222
 11 17.182070 0.000091 0.000546 0.000004 -0.000009 -0.757453
 12 16.782913 0.000650 -0.000234 -0.170044 -0.130225 0.380981
 13 5.168527 5.004116 -0.000135 0.000010 0.000000 1.570793
 14 17.182070 0.000099 0.000206 -0.000001 -0.000007 -0.701748
 15 16.782906 0.000656 -0.000113 0.159575 0.078227 0.477511
 16 5.168479 5.004167 -0.000064 0.000011 -0.000001 1.570802
 17 -1.209069 2.039750 3.102187 -0.642418 -1.243635 2.695664
 18 5.760273 0.000016 0.000006 -0.022191 0.957514 -0.687243
time 146
  0 1.013484 -1.013484 0.130753 -0.069707 -0.111772 -1.671180
  1 0.000000 0.000000 0.000000 -1.570796 -1.570796 0.000000
  2 4.484989 -0.004008 0.000006 -0.007738 0.095703 0.148244
  3 5.037136 -0.005101 -0.000238 0.152350 -0.147149 0.290863
  4 6.388059 -0.005253 -0.000001 0.055117 0.080945 0.106433
  5 6.146608 1.394838 0.000001 -0.014350 -0.094051 1.049370
  6 -1.748144 2.125704 -2.774039 -0.312955 1.204832 1.789726
  7 5.760270 -0.000012 -0.000009 0.407215 -0.842997 -0.384781
  8 10.965153 0.000065 -0.000006 0.000013 0.000002 -0.262433
  9 0.000007 -0.000004 -4.044200 -0.113899 3.147497 -0.122638
 10 -0.000007 0.000007 4.044200 -0.221270 -2.820861 -0.208105
 11 17.182070 0.000091 0.000546 0.000004 -0.000009 -0.746411
 12 16.782913 0.000650 -0.000234 -0.185151 -0.132671 0.377517
 13 5.168527 5.004116 -0.000135 0.000010 0.000000 1.570793
 14 17.182070 0.000099 0.000206 -0.000001 -0.000007 -0.695169
 15 16.782906 0.000656 -0.000113 0.157038 0.076068 0.471791
 16 5.168479 5.004167 -0.000064 0.000011 -0.000001 1.570802
 17 -1.197350 2.039750 3.102187 -0.638728 -1.247218 2.691680
 18 5.760273 0.000016 0.000006 -0.048389 0.956200 -0.709287
time 147
  0 0.939263 -0.939263 0.185442 -0.069516 -0.110092 -1.682165
  1 0.000000 0.000000 0.000000 -1.570796 -1.570796 0.000000
  2 4.484989 -0.004008 0.000006 -0.016545 0.095847 0.149643
  3 5.037136 -0.005101 -0.000238 0.154391 -0.147427 0.298236
  4 6.388059 -0.005253 -0.000001 0.053571 0.081478 0.109688
  5 6.146608 1.394838 0.000001 -0.014710 -0.097751 1.051156
  6 -1.755957 2.129611 -2.766226 -0.303145 1.203619 1.796975
  7 5.760270 -0.000012 -0.000009 0.419263 -0.833633 -0.401705
  8 10.965153 0.000065 -0.000006 0.000013 0.000002 -0.263361
  9 0.000007 -0.000004 -4.044200 -0.121204 3.150841 -0.123975
 10 -0.000007 0.000007 4.044200 -0.218587 -2.822239 -0.201701
 11 17.182070 0.000091 0.000546 0.000004 -0.000009 -0.735226
 12 16.782913 0.000650 -0.000234 -0.200674 -0.135080 0.374460
 13 5.168527 5.004116 -0.000135 0.000010 0.000000 1.570793
 14 17.182070 0.000099 0.000206 -0.000001 -0.000007 -0.688316
 15 16.782906 0.000656 -0.000113 0.154321 0.073971 0.465995
 16 5.168479 5.004167 -0.000064 0.000011 -0.000001 1.570802
 17 -1.177818 2.039750 3.110000 -0.630333 -1.251619 2.682382
 18 5.760273 0.000016 0.000006 -0.068411 0.953574 -0.724507
time 148
  0 0.865042 -0.865042 0.240131 -0.069229 -0.108412 -1.692399
  1 0.000000 0.000000 0.000000 -1.570796 -1.570796 0.000000
  2 4.484989 -0.004008 0.000006 -0.026262 0.096007 0.151043
  3 5.037136 -0.005101 -0.000238 0.156244 -0.147837 0.306274
  4 6.388059 -0.005253 -0.000001 0.051785 0.082068 0.113242
  5 6.146608 1.394838 0.000001 -0.014995 -0.100521 1.052387
  6 -1.759863 2.133517 -2.766226 -0.296954 1.202696 1.801935
  7 5.760270 -0.000012 -0.000009 0.434034 -0.823404 -0.420463
  8 10.965153 0.000065 -0.000006 0.000013 0.000002 -0.263671
  9 0.000007 -0.000004 -4.044200 -0.128129 3.154280 -0.124835
 10 -0.000007 0.000007 4.044200 -0.214849 -2.823893 -0.195584
 11 17.182070 0.000091 0.000546 0.000004 -0.000009 -0.723897
 12 16.782913 0.000650 -0.000234 -0.216566 -0.137452 0.371302
 13 5.168527 5.004116 -0.000135 0.000010 0.000000 1.570793
 14 17.182070 0.000099 0.000206 -0.000001 -0.000007 -0.681463
 15 16.782906 0.000656 -0.000113 0.151443 0.071853 0.460200
 16 5.168479 5.004167 -0.000064 0.000011 -0.000001 1.570802
 17 -1.166099 2.039750 3.110000 -0.616772 -1.254574 2.668151
 18 5.760273 0.000016 0.000006 -0.072008 0.947739 -0.724103
time 149
  0 0.779102 -0.779102 0.302633 -0.068942 -0.106732 -1.702727
  1 0.000000 0.000000 0.000000 -1.570796 -1.570796 0.000000
  2 4.484989 -0.004008 0.000006 -0.036758 0.096135 0.152248
  3 5.037136 -0.005101 -0.000238 0.157605 -0.148188 0.314734
  4 6.388059 -0.005253 -0.000001 0.049904 0.082715 0.117060
  5 6.146608 1.394838 0.000001 -0.014900 -0.099591 1.051990
  6 -1.755957 2.133517 -2.766226 -0.300478 1.202907 1.798692
  7 5.760270 -0.000012 -0.000009 0.450644 -0.812584 -0.441567
  8 10.965153 0.000065 -0.000006 0.000013 0.000002 -0.263671
  9 0.000007 -0.000004 -4.044200 -0.134580 3.157528 -0.125217
 10 -0.000007 0.000007 4.044200 -0.211207 -2.825730 -0.189180
 11 17.182070 0.000091 0.000546 0.000004 -0.000009 -0.712425
 12 16.782913 0.000650 -0.000234 -0.232654 -0.139750 0.367939
 13 5.168527 5.004116 -0.000135 0.000010 0.000000 1.570793
 14 17.182070 0.000099 0.000206 -0.000001 -0.000007 -0.674473
 15 16.782906 0.000656 -0.000113 0.148434 0.069797 0.454366
 16 5.168479 5.004167 -0.000064 0.000011 -0.000001 1.570802
 17 -1.173912 2.039750 3.110000 -0.600628 -1.254951 2.652971
 18 5.760273 0.000016 0.000006 -0.064203 0.938061 -0.711981
time 150
  0 0.704881 -0.704881 0.353416 -0.068464 -0.105052 -1.712961
  1 0.000000 0.000000 0.000000 -1.570796 -1.570796 0.000000
  2 4.484989 -0.004008 0.000006 -0.047872 0.096295 0.153159
  3 5.037136 -0.005101 -0.000238 0.158642 -0.148554 0.323437
  4 6.388059 -0.005253 -0.000001 0.047807 0.083305 0.120948
  5 6.146608 1.394838 0.000001 -0.014161 -0.092211 1.048576
  6 -1.748144 2.125704 -2.785758 -0.322194 1.204779 1.782000
  7 5.760270 -0.000012 -0.000009 0.468002 -0.801450 -0.463027
  8 10.965153 0.000065 -0.000006 0.000013 0.000002 -0.263671
  9 0.000007 -0.000004 -4.044200 -0.141031 3.160585 -0.125695
 10 -0.000007 0.000007 4.044200 -0.207373 -2.827568 -0.182489
 11 17.182070 0.000091 0.000546 0.000004 -0.000009 -0.700594
 12 16.782913 0.000650 -0.000234 -0.248840 -0.141992 0.364849
 13 5.168527 5.004116 -0.000135 0.000010 0.000000 1.570793
 14 17.182070 0.000099 0.000206 -0.000001 -0.000007 -0.667347
 15 16.782906 0.000656 -0.000113 0.145295 0.067741 0.448533
 16 5.168479 5.004167 -0.000064 0.000011 -0.000001 1.570802
 17 -1.209069 2.039750 3.102187 -0.590849 -1.249890 2.647183
 18 5.760273 0.000016 0.000006 -0.059927 0.928432 -0.700263
time 151
  0 0.622847 -0.622847 0.408105 -0.068273 -0.103520 -1.723101
  1 0.000000 0.000000 0.000000 -1.570796 -1.570796 0.000000
  2 4.484989 -0.004008 0.000006 -0.059409 0.096422 0.153745
  3 5.037136 -0.005101 -0.000238 0.159186 -0.148905 0.332139
  4 6.388059 -0.005253 -0.000001 0.045517 0.083971 0.124854
  5 6.146608 1.394838 0.000001 -0.013080 -0.080418 1.043415
  6 -1.724706 2.113985 -2.797477 -0.355815 1.207627 1.755389
  7 5.760270 -0.000012 -0.000009 0.486245 -0.790277 -0.485150
  8 10.965153 0.000065 -0.000006 0.000013 0.000002 -0.263609
  9 0.000007 -0.000004 -4.044200 -0.147102 3.163642 -0.126364
 10 -0.000007 0.000007 4.044200 -0.203443 -2.829405 -0.176085
 11 17.182070 0.000091 0.000546 0.000004 -0.000009 -0.688978
 12 16.782913 0.000650 -0.000234 -0.264977 -0.144179 0.361792
 13 5.168527 5.004116 -0.000135 0.000010 0.000000 1.570793
 14 17.182070 0.000099 0.000206 -0.000001 -0.000007 -0.660220
 15 16.782906 0.000656 -0.000113 0.142026 0.065788 0.442738
 16 5.168479 5.004167 -0.000064 0.000011 -0.000001 1.570802
 17 -1.248133 2.039750 3.090468 -0.590849 -1.240932 2.652117
 18 5.760273 0.000016 0.000006 -0.072551 0.922499 -0.699410
time 152
  0 0.548626 -0.548626 0.458888 -0.067986 -0.101939 -1.733335
  1 0.000000 0.000000 0.000000 -1.570796 -1.570796 0.000000
  2 4.484989 -0.004008 0.000006 -0.071140 0.096502 0.153875
  3 5.037136 -0.005101 -0.000238 0.159118 -0.149139 0.340661
  4 6.388059 -0.005253 -0.000001 0.043264 0.084618 0.128707
  5 6.146608 1.394838 0.000001 -0.012113 -0.068149 1.038731
  6 -1.697361 2.102266 -2.820915 -0.391246 1.210132 1.726678
  7 5.760270 -0.000012 -0.000009 0.503535 -0.779339 -0.507018
  8 10.965153 0.000065 -0.000006 0.000013 0.000002 -0.263052
  9 0.000007 -0.000004 -4.044200 -0.153174 3.166413 -0.126364
 10 -0.000007 0.000007 4.044200 -0.199705 -2.831242 -0.169012
 11 17.182070 0.000091 0.000546 0.000004 -0.000009 -0.677004
 12 16.782913 0.000650 -0.000234 -0.280967 -0.146273 0.358396
 13 5.168527 5.004116 -0.000135 0.000010 0.000000 1.570793
 14 17.182070 0.000099 0.000206 -0.000001 -0.000007 -0.653093
 15 16.782906 0.000656 -0.000113 0.138643 0.063814 0.436942
 16 5.168479 5.004167 -0.000064 0.000011 -0.000001 1.570802
 17 -1.295009 2.028031 3.070936 -0.591218 -1.232727 2.657335
 18 5.760273 0.000016 0.000006 -0.116599 0.922305 -0.718401
time 153
  0 0.474405 -0.474405 0.505764 -0.067699 -0.100407 -1.742724
  1 0.000000 0.000000 0.000000 -1.570796 -1.570796 0.000000
  2 4.484989 -0.004008 0.000006 -0.082904 0.096582 0.153355
  3 5.037136 -0.005101 -0.000238 0.158489 -0.149300 0.348759
  4 6.388059 -0.005253 -0.000001 0.041023 0.085265 0.132402
  5 6.146608 1.394838 0.000001 -0.011222 -0.055406 1.034404
  6 -1.673923 2.098360 -2.848260 -0.428296 1.212294 1.696347
  7 5.760270 -0.000012 -0.000009 0.519327 -0.769070 -0.528376
  8 10.965153 0.000065 -0.000006 0.000013 0.000002 -0.262804
  9 0.000007 -0.000004 -4.044200 -0.158486 3.169279 -0.126459
 10 -0.000007 0.000007 4.044200 -0.195872 -2.833172 -0.162226
 11 17.182070 0.000091 0.000546 0.000004 -0.000009 -0.665102
 12 16.782913 0.000650 -0.000234 -0.296712 -0.148330 0.355271
 13 5.168527 5.004116 -0.000135 0.000010 0.000000 1.570793
 14 17.182070 0.000099 0.000206 -0.000001 -0.000007 -0.645829
 15 16.782906 0.000656 -0.000113 0.135113 0.061902 0.431222
 16 5.168479 5.004167 -0.000064 0.000011 -0.000001 1.570802
 17 -1.345792 2.028031 3.047498 -0.590019 -1.225277 2.660656
 18 5.760273 0.000016 0.000006 -0.180127 0.924250 -0.747898
time 154
  0 0.400184 -0.400184 0.556547 -0.067412 -0.098826 -1.752113
  1 0.000000 0.000000 0.000000 -1.570796 -1.570796 0.000000
  2 4.484989 -0.004008 0.000006 -0.094505 0.096470 0.152313
  3 5.037136 -0.005101 -0.000238 0.157112 -0.149388 0.356222
  4 6.388059 -0.005253 -0.000001 0.038902 0.085951 0.135815
  5 6.146608 1.394838 0.000001 -0.010445 -0.042248 1.030315
  6 -1.642672 2.090547 -2.867792 -0.466394 1.214087 1.664775
  7 5.760270 -0.000012 -0.000009 0.533758 -0.759785 -0.548256
  8 10.965153 0.000065 -0.000006 0.000013 0.000002 -0.262309
  9 0.000007 -0.000004 -4.044200 -0.163799 3.171476 -0.126364
 10 -0.000007 0.000007 4.044200 -0.192038 -2.834917 -0.155440
 11 17.182070 0.000091 0.000546 0.000004 -0.000009 -0.652912
 12 16.782913 0.000650 -0.000234 -0.312064 -0.150257 0.352045
 13 5.168527 5.004116 -0.000135 0.000010 0.000000 1.570793
 14 17.182070 0.000099 0.000206 -0.000001 -0.000007 -0.638702
 15 16.782906 0.000656 -0.000113 0.131438 0.060031 0.425539
 16 5.168479 5.004167 -0.000064 0.000011 -0.000001 1.570802
 17 -1.388762 2.028031 3.035779 -0.593340 -1.216727 2.668151
 18 5.760273 0.000016 0.000006 -0.235713 0.925271 -0.772546
time 155
  0 0.325963 -0.325963 0.607330 -0.066934 -0.097393 -1.761409
  1 0.000000 0.000000 0.000000 -1.570796 -1.570796 0.000000
  2 4.484989 -0.004008 0.000006 -0.105782 0.096295 0.150457
  3 5.037136 -0.005101 -0.000238 0.155139 -0.149270 0.362870
  4 6.388059 -0.005253 -0.000001 0.036781 0.086560 0.138929
  5 6.146608 1.394838 0.000001 -0.009706 -0.028694 1.026266
  6 -1.611421 2.078828 -2.891230 -0.505063 1.215432 1.632154
  7 5.760270 -0.000012 -0.000009 0.545330 -0.751917 -0.566352
  8 10.965153 0.000065 -0.000006 0.000013 0.000002 -0.262123
  9 0.000007 -0.000004 -4.044200 -0.168448 3.174247 -0.126364
 10 -0.000007 0.000007 4.044200 -0.188300 -2.836663 -0.148940
 11 17.182070 0.000091 0.000546 0.000004 -0.000009 -0.640867
 12 16.782913 0.000650 -0.000234 -0.326877 -0.152166 0.348546
 13 5.168527 5.004116 -0.000135 0.000010 0.000000 1.570793
 14 17.182070 0.000099 0.000206 -0.000001 -0.000007 -0.631575
 15 16.782906 0.000656 -0.000113 0.127616 0.058201 0.419932
 16 5.168479 5.004167 -0.000064 0.000011 -0.000001 1.570802
 17 -1.439545 2.024125 3.012341 -0.601089 -1.207046 2.679536
 18 5.760273 0.000016 0.000006 -0.279761 0.925660 -0.789832
time 156
  0 0.251742 -0.251742 0.662019 -0.066743 -0.096108 -1.770046
  1 0.000000 0.000000 0.000000 -1.570796 -1.570796 0.000000
  2 4.484989 -0.004008 0.000006 -0.116506 0.096007 0.147658
  3 5.037136 -0.005101 -0.000238 0.152299 -0.149022 0.368460
  4 6.388059 -0.005253 -0.000001 0.034731 0.086940 0.141586
  5 6.146608 1.394838 0.000001 -0.009024 -0.014763 1.022296
  6 -1.576264 2.071015 -2.914668 -0.544494 1.216355 1.599056
  7 5.760270 -0.000012 -0.000009 0.554043 -0.745818 -0.582307
  8 10.965153 0.000065 -0.000006 0.000013 0.000002 -0.261628
  9 0.000007 -0.000004 -4.044200 -0.173001 3.176444 -0.125886
 10 -0.000007 0.000007 4.044200 -0.185233 -2.838224 -0.141963
 11 17.182070 0.000091 0.000546 0.000004 -0.000009 -0.628749
 12 16.782913 0.000650 -0.000234 -0.341101 -0.153945 0.344980
 13 5.168527 5.004116 -0.000135 0.000010 0.000000 1.570793
 14 17.182070 0.000099 0.000206 -0.000001 -0.000007 -0.624448
 15 16.782906 0.000656 -0.000113 0.123712 0.056392 0.414399
 16 5.168479 5.004167 -0.000064 0.000011 -0.000001 1.570802
 17 -1.494234 2.016312 2.992809 -0.615757 -1.196452 2.697467
 18 5.760273 0.000016 0.000006 -0.308606 0.926925 -0.797284
time 157
  0 0.185334 -0.185334 0.704989 -0.066456 -0.094774 -1.778590
  1 0.000000 0.000000 0.000000 -1.570796 -1.570796 0.000000
  2 4.484989 -0.004008 0.000006 -0.126515 0.095479 0.144012
  3 5.037136 -0.005101 -0.000238 0.148575 -0.148583 0.372811
  4 6.388059 -0.005253 -0.000001 0.033018 0.087397 0.143697
  5 6.146608 1.394838 0.000001 -0.008360 -0.000497 1.018247
  6 -1.545013 2.067109 -2.945919 -0.583830 1.216856 1.566149
  7 5.760270 -0.000012 -0.000009 0.558876 -0.741923 -0.595306
  8 10.965153 0.000065 -0.000006 0.000013 0.000002 -0.261628
  9 0.000007 -0.000004 -4.044200 -0.176701 3.178355 -0.125504
 10 -0.000007 0.000007 4.044200 -0.182166 -2.839786 -0.134890
 11 17.182070 0.000091 0.000546 0.000004 -0.000009 -0.616488
 12 16.782913 0.000650 -0.000234 -0.354516 -0.155668 0.341618
 13 5.168527 5.004116 -0.000135 0.000010 0.000000 1.570793
 14 17.182070 0.000099 0.000206 -0.000001 -0.000007 -0.617458
 15 16.782906 0.000656 -0.000113 0.119646 0.054706 0.409018
 16 5.168479 5.004167 -0.000064 0.000011 -0.000001 1.570802
 17 -1.545017 2.016312 2.965464 -0.638636 -1.184664 2.723178
 18 5.760273 0.000016 0.000006 -0.314715 0.929599 -0.790819
time 158
  0 0.111113 -0.111113 0.747959 -0.066265 -0.093588 -1.786289
  1 0.000000 0.000000 0.000000 -1.570796 -1.570796 0.000000
  2 4.484989 -0.004008 0.000006 -0.135582 0.094872 0.139324
  3 5.037136 -0.005101 -0.000238 0.144000 -0.147910 0.375652
  4 6.388059 -0.005253 -0.000001 0.031460 0.087740 0.145228
  5 6.146608 1.394838 0.000001 -0.007754 0.014007 1.013920
  6 -1.513762 2.047577 -2.953732 -0.623166 1.216935 1.533624
  7 5.760270 -0.000012 -0.000009 0.559012 -0.740586 -0.605501
  8 10.965153 0.000065 -0.000006 0.000013 0.000002 -0.262061
  9 0.000007 -0.000004 -4.044200 -0.179832 3.180457 -0.125217
 10 -0.000007 0.000007 4.044200 -0.179866 -2.841164 -0.127912
 11 17.182070 0.000091 0.000546 0.000004 -0.000009 -0.604371
 12 16.782913 0.000650 -0.000234 -0.367097 -0.157373 0.337882
 13 5.168527 5.004116 -0.000135 0.000010 0.000000 1.570793
 14 17.182070 0.000099 0.000206 -0.000001 -0.000007 -0.610468
 15 16.782906 0.000656 -0.000113 0.115466 0.052979 0.403749
 16 5.168479 5.004167 -0.000064 0.000011 -0.000001 1.570802
 17 -1.591893 2.012405 2.953745 -0.663913 -1.172405 2.751546
 18 5.760273 0.000016 0.000006 -0.310235 0.933684 -0.777395
time 159
  0 0.048611 -0.048611 0.790929 -0.065978 -0.092402 -1.793988
  1 0.000000 0.000000 0.000000 -1.570796 -1.570796 0.000000
  2 4.484989 -0.004008 0.000006 -0.143543 0.093993 0.133431
  3 5.037136 -0.005101 -0.000238 0.138422 -0.147032 0.376800
  4 6.388059 -0.005253 -0.000001 0.030081 0.087949 0.146037
  5 6.146608 1.394838 0.000001 -0.007147 0.028848 1.009315
  6 -1.474698 2.047577 -2.981077 -0.661740 1.216645 1.501957
  7 5.760270 -0.000012 -0.000009 0.554860 -0.742199 -0.612382
  8 10.965153 0.000065 -0.000006 0.000013 0.000002 -0.262433
  9 0.000007 -0.000004 -4.044200 -0.182678 3.182081 -0.124357
 10 -0.000007 0.000007 4.044200 -0.177661 -2.842359 -0.120935
 11 17.182070 0.000091 0.000546 0.000004 -0.000009 -0.592181
 12 16.782913 0.000650 -0.000234 -0.378648 -0.158967 0.334044
 13 5.168527 5.004116 -0.000135 0.000010 0.000000 1.570793
 14 17.182070 0.000099 0.000206 -0.000001 -0.000007 -0.603752
 15 16.782906 0.000656 -0.000113 0.111156 0.051375 0.398631
 16 5.168479 5.004167 -0.000064 0.000011 -0.000001 1.570802
 17 -1.642676 2.004593 2.922494 -0.689190 -1.159611 2.780388
 18 5.760273 0.000016 0.000006 -0.297068 0.939180 -0.756563
time 160
  0 -0.013891 0.013891 0.833899 -0.065691 -0.091315 -1.800842
  1 0.000000 0.000000 0.000000 -1.570796 -1.570796 0.000000
  2 4.484989 -0.004008 0.000006 -0.150823 0.092778 0.125749
  3 5.037136 -0.005101 -0.000238 0.130906 -0.145788 0.376347
  4 6.388059 -0.005253 -0.000001 0.029278 0.087759 0.146741
  5 6.146608 1.394838 0.000001 -0.006635 0.043926 1.004313
  6 -1.439541 2.039764 -3.004515 -0.696409 1.216355 1.475059
  7 5.760270 -0.000012 -0.000009 0.543424 -0.746133 -0.616868
  8 10.965153 0.000065 -0.000006 0.000013 0.000002 -0.262371
  9 0.000007 -0.000004 -4.044200 -0.185239 3.183418 -0.123975
 10 -0.000007 0.000007 4.044200 -0.176799 -2.843461 -0.113957
 11 17.182070 0.000091 0.000546 0.000004 -0.000009 -0.580136
 12 16.782913 0.000650 -0.000234 -0.389120 -0.160542 0.330002
 13 5.168527 5.004116 -0.000135 0.000010 0.000000 1.570793
 14 17.182070 0.000099 0.000206 -0.000001 -0.000007 -0.597105
 15 16.782906 0.000656 -0.000113 0.106683 0.049792 0.393701
 16 5.168479 5.004167 -0.000064 0.000011 -0.000001 1.570802
 17 -1.697365 1.996780 2.902962 -0.712622 -1.146378 2.807901
 18 5.760273 0.000016 0.000006 -0.277182 0.946037 -0.727829
time 161
  0 -0.088112 0.088112 0.872963 -0.065213 -0.090327 -1.807602
  1 0.000000 0.000000 0.000000 -1.570796 -1.570796 0.000000
  2 4.484989 -0.004008 0.000006 -0.157842 0.091100 0.115787
  3 5.037136 -0.005101 -0.000238 0.120889 -0.144281 0.374473
  4 6.388059 -0.005253 -0.000001 0.029135 0.087150 0.147814
  5 6.146608 1.394838 0.000001 -0.006067 0.059202 0.998676
  6 -1.408290 2.028045 -3.024047 -0.724888 1.216302 1.454456
  7 5.760270 -0.000012 -0.000009 0.525045 -0.751917 -0.619773
  8 10.965153 0.000065 -0.000006 0.000013 0.000002 -0.261628
  9 0.000007 -0.000004 -4.044200 -0.187136 3.184565 -0.122829
 10 -0.000007 0.000007 4.044200 -0.176128 -2.844196 -0.106884
 11 17.182070 0.000091 0.000546 0.000004 -0.000009 -0.568233
 12 16.782913 0.000650 -0.000234 -0.398341 -0.162043 0.325621
 13 5.168527 5.004116 -0.000135 0.000010 0.000000 1.570793
 14 17.182070 0.000099 0.000206 -0.000001 -0.000007 -0.590664
 15 16.782906 0.000656 -0.000113 0.102113 0.048250 0.388997
 16 5.168479 5.004167 -0.000064 0.000011 -0.000001 1.570802
 17 -1.755961 1.992874 2.871711 -0.731995 -1.132830 2.832000
 18 5.760273 0.000016 0.000006 -0.253563 0.954061 -0.691418
time 162
  0 -0.150614 0.150614 0.915933 -0.064926 -0.089388 -1.813611
  1 0.000000 0.000000 0.000000 -1.570796 -1.570796 0.000000
  2 4.484989 -0.004008 0.000006 -0.164667 0.089055 0.103872
  3 5.037136 -0.005101 -0.000238 0.108713 -0.142481 0.371331
  4 6.388059 -0.005253 -0.000001 0.029242 0.086141 0.149063
  5 6.146608 1.394838 0.000001 -0.005612 0.074675 0.992523
  6 -1.369226 2.016326 -3.047485 -0.750604 1.216381 1.437001
  7 5.760270 -0.000012 -0.000009 0.498974 -0.759825 -0.620487
  8 10.965153 0.000065 -0.000006 0.000013 0.000002 -0.261628
  9 0.000007 -0.000004 -4.044200 -0.187895 3.185807 -0.121873
 10 -0.000007 0.000007 4.044200 -0.176128 -2.844747 -0.099907
 11 17.182070 0.000091 0.000546 0.000004 -0.000009 -0.556259
 12 16.782913 0.000650 -0.000234 -0.406140 -0.163544 0.321410
 13 5.168527 5.004116 -0.000135 0.000010 0.000000 1.570793
 14 17.182070 0.000099 0.000206 -0.000001 -0.000007 -0.584428
 15 16.782906 0.000656 -0.000113 0.097429 0.046790 0.384481
 16 5.168479 5.004167 -0.000064 0.000011 -0.000001 1.570802
 17 -1.810650 1.985061 2.840460 -0.746202 -1.119156 2.851923
 18 5.760273 0.000016 0.000006 -0.228451 0.963252 -0.648273
time 163
  0 -0.205303 0.205303 0.947184 -0.064639 -0.088548 -1.819057
  1 0.000000 0.000000 0.000000 -1.570796 -1.570796 0.000000
  2 4.484989 -0.004008 0.000006 -0.171199 0.086625 0.090297
  3 5.037136 -0.005101 -0.000238 0.094802 -0.140447 0.366980
  4 6.388059 -0.005253 -0.000001 0.029830 0.084942 0.150242
  5 6.146608 1.394838 0.000001 -0.005157 0.090287 0.985536
  6 -1.334069 2.004607 -3.074830 -0.776415 1.216302 1.420309
  7 5.760270 -0.000012 -0.000009 0.466640 -0.770172 -0.616409
  8 10.965153 0.000065 -0.000006 0.000013 0.000002 -0.262990
  9 0.000007 -0.000004 -4.044200 -0.188749 3.186857 -0.120918
 10 -0.000007 0.000007 4.044200 -0.177086 -2.845206 -0.093694
 11 17.182070 0.000091 0.000546 0.000004 -0.000009 -0.544715
 12 16.782913 0.000650 -0.000234 -0.412467 -0.165008 0.316825
 13 5.168527 5.004116 -0.000135 0.000010 0.000000 1.570793
 14 17.182070 0.000099 0.000206 -0.000001 -0.000007 -0.578603
 15 16.782906 0.000656 -0.000113 0.092631 0.045433 0.380190
 16 5.168479 5.004167 -0.000064 0.000011 -0.000001 1.570802
 17 -1.865339 1.973342 2.809209 -0.754966 -1.106394 2.867198
 18 5.760273 0.000016 0.000006 -0.201031 0.976431 -0.594127
time 164
  0 -0.267805 0.267805 0.990154 -0.064161 -0.087856 -1.823939
  1 0.000000 0.000000 0.000000 -1.570796 -1.570796 0.000000
  2 4.484989 -0.004008 0.000006 -0.177438 0.083892 0.075517
  3 5.037136 -0.005101 -0.000238 0.079497 -0.138326 0.361480
  4 6.388059 -0.005253 -0.000001 0.030489 0.083476 0.151157
  5 6.146608 1.394838 0.000001 -0.004759 0.106038 0.977676
  6 -1.302818 1.992887 -3.098268 -0.805274 1.215511 1.401614
  7 5.760270 -0.000012 -0.000009 0.427295 -0.783116 -0.605806
  8 10.965153 0.000065 -0.000006 0.000013 0.000002 -0.267076
  9 0.000007 -0.000004 -4.044200 -0.188275 3.187431 -0.120058
 10 -0.000007 0.000007 4.044200 -0.179195 -2.845482 -0.086812
 11 17.182070 0.000091 0.000546 0.000004 -0.000009 -0.533314
 12 16.782913 0.000650 -0.000234 -0.417225 -0.166435 0.312036
 13 5.168527 5.004116 -0.000135 0.000010 0.000000 1.570793
 14 17.182070 0.000099 0.000206 -0.000001 -0.000007 -0.572915
 15 16.782906 0.000656 -0.000113 0.087703 0.044076 0.376164
 16 5.168479 5.004167 -0.000064 0.000011 -0.000001 1.570802
 17 -1.927841 1.961623 2.777958 -0.759671 -1.094732 2.879627
 18 5.760273 0.000016 0.000006 -0.166960 0.993501 -0.526109
time 165
  0 -0.322494 0.322494 1.013592 -0.063683 -0.087214 -1.828352
  1 0.000000 0.000000 0.000000 -1.570796 -1.570796 0.000000
  2 4.484989 -0.004008 0.000006 -0.183320 0.080967 0.059728
  3 5.037136 -0.005101 -0.000238 0.063223 -0.136175 0.354923
  4 6.388059 -0.005253 -0.000001 0.031172 0.082106 0.151579
  5 6.146608 1.394838 0.000001 -0.004474 0.121888 0.968744
  6 -1.271567 1.977262 -3.121706 -0.840229 1.213586 1.378245
  7 5.760270 -0.000012 -0.000009 0.381075 -0.798617 -0.587303
  8 10.965153 0.000065 -0.000006 0.000013 0.000002 -0.275248
  9 0.000007 -0.000004 -4.044200 -0.187611 3.187813 -0.118816
 10 -0.000007 0.000007 4.044200 -0.182166 -2.845299 -0.080408
 11 17.182070 0.000091 0.000546 0.000004 -0.000009 -0.522057
 12 16.782913 0.000650 -0.000234 -0.420217 -0.167862 0.307009
 13 5.168527 5.004116 -0.000135 0.000010 0.000000 1.570793
 14 17.182070 0.000099 0.000206 -0.000001 -0.000007 -0.567707
 15 16.782906 0.000656 -0.000113 0.082840 0.042822 0.372438
 16 5.168479 5.004167 -0.000064 0.000011 -0.000001 1.570802
 17 -1.990343 1.942091 2.742801 -0.761608 -1.083132 2.890442
 18 5.760273 0.000016 0.000006 -0.126644 1.010424 -0.449246
time 166
  0 -0.373277 0.373277 1.044843 -0.063492 -0.086769 -1.832389
  1 0.000000 0.000000 0.000000 -1.570796 -1.570796 0.000000
  2 4.484989 -0.004008 0.000006 -0.188909 0.077819 0.043321
  3 5.037136 -0.005101 -0.000238 0.046285 -0.134068 0.347429
  4 6.388059 -0.005253 -0.000001 0.031663 0.080774 0.151280
  5 6.146608 1.394838 0.000001 -0.004209 0.137797 0.958860
  6 -1.240316 1.953824 -3.141238 -0.889756 1.204779 1.343145
  7 5.760270 -0.000012 -0.000009 0.285096 -0.818683 -0.520016
  8 10.965153 0.000065 -0.000006 0.000013 0.000002 -0.324157
  9 0.000007 -0.000004 -4.044200 -0.186757 3.188100 -0.117861
 10 -0.000007 0.000007 4.044200 -0.186287 -2.844931 -0.074196
 11 17.182070 0.000091 0.000546 0.000004 -0.000009 -0.511230
 12 16.782913 0.000650 -0.000234 -0.421247 -0.169308 0.301575
 13 5.168527 5.004116 -0.000135 0.000010 0.000000 1.570793
 14 17.182070 0.000099 0.000206 -0.000001 -0.000007 -0.562773
 15 16.782906 0.000656 -0.000113 0.078237 0.041568 0.369051
 16 5.168479 5.004167 -0.000064 0.000011 -0.000001 1.570802
 17 -2.052845 1.934278 2.711550 -0.762346 -1.070559 2.901163
 18 5.760273 0.000016 0.000006 -0.081782 1.023311 -0.369645
time 167
  0 -0.427966 0.427966 1.072188 -0.062918 -0.086374 -1.835018
  1 0.000000 0.000000 0.000000 -1.570796 -1.570796 0.000000
  2 4.484989 -0.004008 0.000006 -0.194076 0.074526 0.026588
  3 5.037136 -0.005101 -0.000238 0.029228 -0.131990 0.339059
  4 6.388059 -0.005253 -0.000001 0.032071 0.079613 0.150066
  5 6.146608 1.394838 0.000001 -0.004133 0.153725 0.947705
  6 -1.209065 1.942105 -3.164676 -0.945569 1.192887 1.303847
  7 5.760270 -0.000012 -0.000009 0.185712 -0.835364 -0.444268
  8 10.965153 0.000065 -0.000006 0.000013 0.000002 -0.367246
  9 0.000007 -0.000004 -4.044200 -0.185239 3.188386 -0.116428
 10 -0.000007 0.000007 4.044200 -0.191654 -2.844380 -0.067983
 11 17.182070 0.000091 0.000546 0.000004 -0.000009 -0.500332
 12 16.782913 0.000650 -0.000234 -0.420118 -0.170698 0.295835
 13 5.168527 5.004116 -0.000135 0.000010 0.000000 1.570793
 14 17.182070 0.000099 0.000206 -0.000001 -0.000007 -0.558250
 15 16.782906 0.000656 -0.000113 0.073976 0.040396 0.366003
 16 5.168479 5.004167 -0.000064 0.000011 -0.000001 1.570802
 17 -2.115347 1.910840 2.672486 -0.763084 -1.055910 2.912548
 18 5.760273 0.000016 0.000006 -0.034747 1.028612 -0.295206
time 168
  0 -0.470936 0.470936 1.095626 -0.062631 -0.086176 -1.837459
  1 0.000000 0.000000 0.000000 -1.570796 -1.570796 0.000000
  2 4.484989 -0.004008 0.000006 -0.198918 0.071266 0.009888
  3 5.037136 -0.005101 -0.000238 0.012290 -0.130147 0.329934
  4 6.388059 -0.005253 -0.000001 0.032023 0.078661 0.147779
  5 6.146608 1.394838 0.000001 -0.004171 0.169674 0.935121
  6 -1.185627 1.918666 -3.184208 -1.003192 1.182788 1.263214
  7 5.760270 -0.000012 -0.000009 0.170056 -0.850551 -0.431678
  8 10.965153 0.000065 -0.000006 0.000013 0.000002 -0.325705
  9 0.000007 -0.000004 -4.044200 -0.183721 3.188482 -0.115472
 10 -0.000007 0.000007 4.044200 -0.198843 -2.843553 -0.062344
 11 17.182070 0.000091 0.000546 0.000004 -0.000009 -0.490007
 12 16.782913 0.000650 -0.000234 -0.417028 -0.172087 0.290062
 13 5.168527 5.004116 -0.000135 0.000010 0.000000 1.570793
 14 17.182070 0.000099 0.000206 -0.000001 -0.000007 -0.554275
 15 16.782906 0.000656 -0.000113 0.070089 0.039224 0.363293
 16 5.168479 5.004167 -0.000064 0.000011 -0.000001 1.570802
 17 -2.170036 1.891308 2.641235 -0.761239 -1.036170 2.921751
 18 5.760273 0.000016 0.000006 0.005093 1.013537 -0.246134
time 169
  0 -0.521719 0.521719 1.115158 -0.061962 -0.086028 -1.839149
  1 0.000000 0.000000 0.000000 -1.570796 -1.570796 0.000000
  2 4.484989 -0.004008 0.000006 -0.203338 0.068085 -0.006194
  3 5.037136 -0.005101 -0.000238 -0.003882 -0.128435 0.320174
  4 6.388059 -0.005253 -0.000001 0.031460 0.078147 0.144102
  5 6.146608 1.394838 0.000001 -0.004380 0.185603 0.921227
  6 -1.154376 1.891322 -3.203740 -1.060529 1.172821 1.224679
  7 5.760270 -0.000012 -0.000009 0.171213 -0.867154 -0.430658
  8 10.965153 0.000065 -0.000006 0.000013 0.000002 -0.272895
  9 0.000007 -0.000004 -4.044200 -0.181444 3.188482 -0.113944
 10 -0.000007 0.000007 4.044200 -0.206510 -2.842451 -0.056322
 11 17.182070 0.000091 0.000546 0.000004 -0.000009 -0.479897
 12 16.782913 0.000650 -0.000234 -0.412025 -0.173459 0.283643
 13 5.168527 5.004116 -0.000135 0.000010 0.000000 1.570793
 14 17.182070 0.000099 0.000206 -0.000001 -0.000007 -0.550780
 15 16.782906 0.000656 -0.000113 0.066592 0.038093 0.360997
 16 5.168479 5.004167 -0.000064 0.000011 -0.000001 1.570802
 17 -2.236444 1.867870 2.594359 -0.757549 -1.012940 2.929436
 18 5.760273 0.000016 0.000006 0.039232 0.985963 -0.215066
time 170
  0 -0.564689 0.564689 1.138596 -0.061484 -0.086127 -1.839994
  1 0.000000 0.000000 0.000000 -1.570796 -1.570796 0.000000
  2 4.484989 -0.004008 0.000006 -0.207368 0.065001 -0.021885
  3 5.037136 -0.005101 -0.000238 -0.019222 -0.127001 0.309839
  4 6.388059 -0.005253 -0.000001 0.030165 0.078166 0.138859
  5 6.146608 1.394838 0.000001 -0.005176 0.202363 0.902172
  6 -1.142657 1.860071 -3.234991 -1.115867 1.166229 1.192058
  7 5.760270 -0.000012 -0.000009 0.151881 -0.886314 -0.417405
  8 10.965153 0.000065 -0.000006 0.000013 0.000002 -0.279025
  9 0.000007 -0.000004 -4.044200 -0.179547 3.188386 -0.112606
 10 -0.000007 0.000007 4.044200 -0.215041 -2.841256 -0.050969
 11 17.182070 0.000091 0.000546 0.000004 -0.000009 -0.470217
 12 16.782913 0.000650 -0.000234 -0.405159 -0.174849 0.277393
 13 5.168527 5.004116 -0.000135 0.000010 0.000000 1.570793
 14 17.182070 0.000099 0.000206 -0.000001 -0.000007 -0.547765
 15 16.782906 0.000656 -0.000113 0.063583 0.036983 0.359153
 16 5.168479 5.004167 -0.000064 0.000011 -0.000001 1.570802
 17 -2.318478 1.836619 2.555295 -0.756350 -0.991250 2.945565
 18 5.760273 0.000016 0.000006 0.078665 0.972006 -0.169002
time 171
  0 -0.607659 0.607659 1.150315 -0.060910 -0.086275 -1.839525
  1 0.000000 0.000000 0.000000 -1.570796 -1.570796 0.000000
  2 4.484989 -0.004008 0.000006 -0.211040 0.062092 -0.036470
  3 5.037136 -0.005101 -0.000238 -0.033234 -0.125801 0.299022
  4 6.388059 -0.005253 -0.000001 0.028248 0.078794 0.131874
  5 6.146608 1.394838 0.000001 -0.006958 0.220587 0.875654
  6 -1.123125 1.824914 -3.266242 -1.172061 1.169604 1.163157
  7 5.760270 -0.000012 -0.000009 0.074485 -0.909094 -0.370050
  8 10.965153 0.000065 -0.000006 0.000013 0.000002 -0.301126
  9 0.000007 -0.000004 -4.044200 -0.176701 3.188100 -0.111268
 10 -0.000007 0.000007 4.044200 -0.224721 -2.839970 -0.046095
 11 17.182070 0.000091 0.000546 0.000004 -0.000009 -0.460753
 12 16.782913 0.000650 -0.000234 -0.396551 -0.176313 0.270601
 13 5.168527 5.004116 -0.000135 0.000010 0.000000 1.570793
 14 17.182070 0.000099 0.000206 -0.000001 -0.000007 -0.545435
 15 16.782906 0.000656 -0.000113 0.061111 0.035708 0.357798
 16 5.168479 5.004167 -0.000064 0.000011 -0.000001 1.570802
 17 -2.408325 1.781930 2.500606 -0.757549 -0.971761 2.972794
 18 5.760273 0.000016 0.000006 0.128958 0.976091 -0.096359
time 172
  0 -0.658442 0.658442 1.169847 -0.060145 -0.086621 -1.838586
  1 0.000000 0.000000 0.000000 -1.570796 -1.570796 0.000000
  2 4.484989 -0.004008 0.000006 -0.214290 0.059487 -0.049784
  3 5.037136 -0.005101 -0.000238 -0.045444 -0.124850 0.287902
  4 6.388059 -0.005253 -0.000001 0.025276 0.080165 0.122866
  5 6.146608 1.394838 0.000001 -0.009649 0.239761 0.843459
  6 -1.115312 1.774131 -3.289680 -1.233970 1.174825 1.133303
  7 5.760270 -0.000012 -0.000009 -0.019385 -0.930182 -0.309849
  8 10.965153 0.000065 -0.000006 0.000013 0.000002 -0.328924
  9 0.000007 -0.000004 -4.044200 -0.173665 3.188100 -0.110026
 10 -0.000007 0.000007 4.044200 -0.234593 -2.838408 -0.040742
 11 17.182070 0.000091 0.000546 0.000004 -0.000009 -0.451431
 12 16.782913 0.000650 -0.000234 -0.386324 -0.177777 0.263367
 13 5.168527 5.004116 -0.000135 0.000010 0.000000 1.570793
 14 17.182070 0.000099 0.000206 -0.000001 -0.000007 -0.543722
 15 16.782906 0.000656 -0.000113 0.059143 0.034413 0.356858
 16 5.168479 5.004167 -0.000064 0.000011 -0.000001 1.570802
 17 -2.513797 1.719428 2.442010 -0.758564 -0.951989 3.005525
 18 5.760273 0.000016 0.000006 0.185766 0.984017 -0.012717
time 173
  0 -0.701412 0.701412 1.177660 -0.059189 -0.087115 -1.836990
  1 0.000000 0.000000 0.000000 -1.570796 -1.570796 0.000000
  2 4.484989 -0.004008 0.000006 -0.217182 0.057249 -0.061471
  3 5.037136 -0.005101 -0.000238 -0.055512 -0.124206 0.276510
  4 6.388059 -0.005253 -0.000001 0.021273 0.082144 0.111641
  5 6.146608 1.394838 0.000001 -0.013194 0.259429 0.807375
  6 -1.111406 1.711629 -3.320931 -1.298355 1.175853 1.105928
  7 5.760270 -0.000012 -0.000009 -0.109170 -0.948004 -0.243531
  8 10.965153 0.000065 -0.000006 0.000013 0.000002 -0.352945
  9 0.000007 -0.000004 -4.044200 -0.170535 3.187908 -0.108498
 10 -0.000007 0.000007 4.044200 -0.245327 -2.836938 -0.036154
 11 17.182070 0.000091 0.000546 0.000004 -0.000009 -0.442540
 12 16.782913 0.000650 -0.000234 -0.374675 -0.179278 0.256302
 13 5.168527 5.004116 -0.000135 0.000010 0.000000 1.570793
 14 17.182070 0.000099 0.000206 -0.000001 -0.000007 -0.542694
 15 16.782906 0.000656 -0.000113 0.057598 0.033035 0.356331
 16 5.168479 5.004167 -0.000064 0.000011 -0.000001 1.570802
 17 -2.619268 1.637394 2.383415 -0.757918 -0.932029 3.041198
 18 5.760273 0.000016 0.000006 0.248207 0.991896 0.077705
time 174
  0 -0.744382 0.744382 1.181566 -0.058137 -0.087708 -1.834924
  1 0.000000 0.000000 0.000000 -1.570796 -1.570796 0.000000
  2 4.484989 -0.004008 0.000006 -0.219847 0.055236 -0.072312
  3 5.037136 -0.005101 -0.000238 -0.064134 -0.123811 0.264453
  4 6.388059 -0.005253 -0.000001 0.015928 0.085075 0.097689
  5 6.146608 1.394838 0.000001 -0.017421 0.279177 0.769146
  6 -1.103593 1.656940 -3.352182 -1.364169 1.169683 1.080842
  7 5.760270 -0.000012 -0.000009 -0.193510 -0.968148 -0.158506
  8 10.965153 0.000065 -0.000006 0.000013 0.000002 -0.378142
  9 0.000007 -0.000004 -4.044200 -0.166930 3.187431 -0.107160
 10 -0.000007 0.000007 4.044200 -0.256637 -2.835285 -0.031471
 11 17.182070 0.000091 0.000546 0.000004 -0.000009 -0.434008
 12 16.782913 0.000650 -0.000234 -0.361775 -0.180779 0.248864
 13 5.168527 5.004116 -0.000135 0.000010 0.000000 1.570793
 14 17.182070 0.000099 0.000206 -0.000001 -0.000007 -0.542077
 15 16.782906 0.000656 -0.000113 0.056508 0.031596 0.356255
 16 5.168479 5.004167 -0.000064 0.000011 -0.000001 1.570802
 17 -2.724741 1.559267 2.320913 -0.755427 -0.911974 3.076966
 18 5.760273 0.000016 0.000006 0.316689 0.995883 0.173873
time 175
  0 -0.799071 0.799071 1.189379 -0.057372 -0.088548 -1.831638
  1 0.000000 0.000000 0.000000 -1.570796 -1.570796 0.000000
  2 4.484989 -0.004008 0.000006 -0.222446 0.053078 -0.083218
  3 5.037136 -0.005101 -0.000238 -0.072280 -0.123650 0.251249
  4 6.388059 -0.005253 -0.000001 0.009156 0.088786 0.080922
  5 6.146608 1.394838 0.000001 -0.022008 0.298529 0.730838
  6 -1.103593 1.594438 -3.387339 -1.428078 1.159927 1.058332
  7 5.760270 -0.000012 -0.000009 -0.287652 -0.986364 -0.052938
  8 10.965153 0.000065 -0.000006 0.000013 0.000002 -0.405940
  9 0.000007 -0.000004 -4.044200 -0.163230 3.187431 -0.105727
 10 -0.000007 0.000007 4.044200 -0.268043 -2.833539 -0.027552
 11 17.182070 0.000091 0.000546 0.000004 -0.000009 -0.425834
 12 16.782913 0.000650 -0.000234 -0.347747 -0.182243 0.241223
 13 5.168527 5.004116 -0.000135 0.000010 0.000000 1.570793
 14 17.182070 0.000099 0.000206 -0.000001 -0.000007 -0.542077
 15 16.782906 0.000656 -0.000113 0.055874 0.030095 0.356519
 16 5.168479 5.004167 -0.000064 0.000011 -0.000001 1.570802
 17 -2.818493 1.465514 2.258411 -0.750630 -0.891887 3.110931
 18 5.760273 0.000016 0.000006 0.389311 0.992382 0.271703
time 176
  0 -0.842041 0.842041 1.193285 -0.056129 -0.089388 -1.828070
  1 0.000000 0.000000 0.000000 -1.570796 -1.570796 0.000000
  2 4.484989 -0.004008 0.000006 -0.224949 0.050856 -0.094319
  3 5.037136 -0.005101 -0.000238 -0.079881 -0.123738 0.237077
  4 6.388059 -0.005253 -0.000001 0.001306 0.093145 0.061692
  5 6.146608 1.394838 0.000001 -0.026538 0.317168 0.694158
  6 -1.084061 1.531936 -3.418590 -1.481510 1.151779 1.044692
  7 5.760270 -0.000012 -0.000009 -0.384789 -0.991204 0.041008
  8 10.965153 0.000065 -0.000006 0.000013 0.000002 -0.420427
  9 0.000007 -0.000004 -4.044200 -0.159245 3.187144 -0.104390
 10 -0.000007 0.000007 4.044200 -0.279640 -2.831886 -0.023538
 11 17.182070 0.000091 0.000546 0.000004 -0.000009 -0.417947
 12 16.782913 0.000650 -0.000234 -0.332812 -0.183633 0.233547
 13 5.168527 5.004116 -0.000135 0.000010 0.000000 1.570793
 14 17.182070 0.000099 0.000206 -0.000001 -0.000007 -0.542557
 15 16.782906 0.000656 -0.000113 0.055581 0.028553 0.357159
 16 5.168479 5.004167 -0.000064 0.000011 -0.000001 1.570802
 17 -2.916152 1.383480 2.195909 -0.743342 -0.871801 3.140342
 18 5.760273 0.000016 0.000006 0.458811 0.979495 0.361002
time 177
  0 -0.892824 0.892824 1.193285 -0.055173 -0.090475 -1.823845
  1 0.000000 0.000000 0.000000 -1.570796 -1.570796 0.000000
  2 4.484989 -0.004008 0.000006 -0.227288 0.048571 -0.105224
  3 5.037136 -0.005101 -0.000238 -0.086956 -0.124016 0.222120
  4 6.388059 -0.005253 -0.000001 -0.007394 0.097865 0.040386
  5 6.146608 1.394838 0.000001 -0.030538 0.334740 0.661090
  6 -1.068436 1.477247 -3.449841 -1.508846 1.148747 1.053944
  7 5.760270 -0.000012 -0.000009 -0.464840 -0.968542 0.070063
  8 10.965153 0.000065 -0.000006 0.000013 0.000002 -0.397087
  9 0.000007 -0.000004 -4.044200 -0.154976 3.186666 -0.103052
 10 -0.000007 0.000007 4.044200 -0.291525 -2.830324 -0.019810
 11 17.182070 0.000091 0.000546 0.000004 -0.000009 -0.410705
 12 16.782913 0.000650 -0.000234 -0.317116 -0.185004 0.225871
 13 5.168527 5.004116 -0.000135 0.000010 0.000000 1.570793
 14 17.182070 0.000099 0.000206 -0.000001 -0.000007 -0.543516
 15 16.782906 0.000656 -0.000113 0.055695 0.027011 0.358100
 16 5.168479 5.004167 -0.000064 0.000011 -0.000001 1.570802
 17 -3.002093 1.317072 2.133407 -0.734486 -0.849671 3.164061
 18 5.760273 0.000016 0.000006 0.514804 0.950413 0.415597
time 178
  0 -0.943607 0.943607 1.193285 -0.053930 -0.091562 -1.818681
  1 0.000000 0.000000 0.000000 -1.570796 -1.570796 0.000000
  2 4.484989 -0.004008 0.000006 -0.229433 0.046365 -0.116065
  3 5.037136 -0.005101 -0.000238 -0.093520 -0.124484 0.206497
  4 6.388059 -0.005253 -0.000001 -0.017186 0.102775 0.017408
  5 6.146608 1.394838 0.000001 -0.033343 0.350945 0.634016
  6 -1.048904 1.426464 -3.481092 -1.532181 1.148483 1.060621
  7 5.760270 -0.000012 -0.000009 -0.543734 -0.947493 0.097640
  8 10.965153 0.000065 -0.000006 0.000013 0.000002 -0.371951
  9 0.000007 -0.000004 -4.044200 -0.150707 3.186284 -0.101714
 10 -0.000007 0.000007 4.044200 -0.303026 -2.828578 -0.015891
 11 17.182070 0.000091 0.000546 0.000004 -0.000009 -0.403893
 12 16.782913 0.000650 -0.000234 -0.300832 -0.186227 0.218196
 13 5.168527 5.004116 -0.000135 0.000010 0.000000 1.570793
 14 17.182070 0.000099 0.000206 -0.000001 -0.000007 -0.544818
 15 16.782906 0.000656 -0.000113 0.056134 0.025387 0.359341
 16 5.168479 5.004167 -0.000064 0.000011 -0.000001 1.570802
 17 -3.068501 1.254570 2.066999 -0.724707 -0.827039 3.180854
 18 5.760273 0.000016 0.000006 0.559531 0.912530 0.444196
time 179
  0 -0.986577 0.986577 1.189379 -0.052591 -0.092847 -1.813611
  1 0.000000 0.000000 0.000000 -1.570796 -1.570796 0.000000
  2 4.484989 -0.004008 0.000006 -0.231383 0.044240 -0.126678
  3 5.037136 -0.005101 -0.000238 -0.099591 -0.125055 0.190362
  4 6.388059 -0.005253 -0.000001 -0.027577 0.107876 -0.006924
  5 6.146608 1.394838 0.000001 -0.034329 0.365529 0.614445
  6 -1.017653 1.391307 -3.500624 -1.574660 1.148905 1.038015
  7 5.760270 -0.000012 -0.000009 -0.642913 -0.947060 0.193880
  8 10.965153 0.000065 -0.000006 0.000013 0.000002 -0.384395
  9 0.000007 -0.000004 -4.044200 -0.145774 3.185711 -0.100472
 10 -0.000007 0.000007 4.044200 -0.314527 -2.826925 -0.013215
 11 17.182070 0.000091 0.000546 0.000004 -0.000009 -0.397440
 12 16.782913 0.000650 -0.000234 -0.284057 -0.187376 0.210690
 13 5.168527 5.004116 -0.000135 0.000010 0.000000 1.570793
 14 17.182070 0.000099 0.000206 -0.000001 -0.000007 -0.546463
 15 16.782906 0.000656 -0.000113 0.056915 0.023783 0.360884
 16 5.168479 5.004167 -0.000064 0.000011 -0.000001 1.570802
 17 -3.115377 1.211600 2.016216 -0.713729 -0.808933 3.189203
 18 5.760273 0.000016 0.000006 0.604123 0.882524 0.489227
time 180
  0 -1.029547 1.029547 1.189379 -0.051348 -0.094181 -1.807602
  1 0.000000 0.000000 0.000000 -1.570796 -1.570796 0.000000
  2 4.484989 -0.004008 0.000006 -0.233073 0.042242 -0.136965
  3 5.037136 -0.005101 -0.000238 -0.105220 -0.125772 0.173893
  4 6.388059 -0.005253 -0.000001 -0.038447 0.112805 -0.032136
  5 6.146608 1.394838 0.000001 -0.032888 0.380171 0.602338
  6 -0.978589 1.360056 -3.524062 -1.623806 1.149406 1.000911
  7 5.760270 -0.000012 -0.000009 -0.749308 -0.944109 0.311070
  8 10.965153 0.000065 -0.000006 0.000013 0.000002 -0.408045
  9 0.000007 -0.000004 -4.044200 -0.141031 3.185138 -0.098944
 10 -0.000007 0.000007 4.044200 -0.325837 -2.825455 -0.010443
 11 17.182070 0.000091 0.000546 0.000004 -0.000009 -0.391704
 12 16.782913 0.000650 -0.000234 -0.267086 -0.188414 0.203558
 13 5.168527 5.004116 -0.000135 0.000010 0.000000 1.570793
 14 17.182070 0.000099 0.000206 -0.000001 -0.000007 -0.548519
 15 16.782906 0.000656 -0.000113 0.057972 0.022200 0.362691
 16 5.168479 5.004167 -0.000064 0.000011 -0.000001 1.570802
 17 -3.158348 1.188161 1.961527 -0.701644 -0.793939 3.190057
 18 5.760273 0.000016 0.000006 0.648714 0.859911 0.554192
time 181
  0 -1.080330 1.080330 1.177660 -0.050296 -0.095713 -1.801030
  1 0.000000 0.000000 0.000000 -1.570796 -1.570796 0.000000
  2 4.484989 -0.004008 0.000006 -0.234503 0.040340 -0.146764
  3 5.037136 -0.005101 -0.000238 -0.110322 -0.126562 0.157214
  4 6.388059 -0.005253 -0.000001 -0.049496 0.117659 -0.057841
  5 6.146608 1.394838 0.000001 -0.029154 0.396258 0.595549
  6 -0.931713 1.340524 -3.543594 -1.670952 1.148615 0.961518
  7 5.760270 -0.000012 -0.000009 -0.845968 -0.928844 0.404710
  8 10.965153 0.000065 -0.000006 0.000013 0.000002 -0.420303
  9 0.000007 -0.000004 -4.044200 -0.136098 3.184565 -0.097415
 10 -0.000007 0.000007 4.044200 -0.336380 -2.823893 -0.008149
 11 17.182070 0.000091 0.000546 0.000004 -0.000009 -0.386613
 12 16.782913 0.000650 -0.000234 -0.249968 -0.189322 0.196255
 13 5.168527 5.004116 -0.000135 0.000010 0.000000 1.570793
 14 17.182070 0.000099 0.000206 -0.000001 -0.000007 -0.550780
 15 16.782906 0.000656 -0.000113 0.059322 0.020597 0.364723
 16 5.168479 5.004167 -0.000064 0.000011 -0.000001 1.570802
 17 -3.201318 1.188161 1.899025 -0.688452 -0.777687 3.185313
 18 5.760273 0.000016 0.000006 0.689504 0.835741 0.615207
time 182
  0 -1.123300 1.123300 1.169847 -0.049053 -0.097146 -1.794176
  1 0.000000 0.000000 0.000000 -1.570796 -1.570796 0.000000
  2 4.484989 -0.004008 0.000006 -0.235608 0.038662 -0.156107
  3 5.037136 -0.005101 -0.000238 -0.114862 -0.127396 0.140473
  4 6.388059 -0.005253 -0.000001 -0.060798 0.122074 -0.083651
  5 6.146608 1.394838 0.000001 -0.023543 0.413018 0.593167
  6 -0.869211 1.317086 -3.574845 -1.701716 1.149116 0.935956
  7 5.760270 -0.000012 -0.000009 -0.920302 -0.898668 0.421735
  8 10.965153 0.000065 -0.000006 0.000013 0.000002 -0.397953
  9 0.000007 -0.000004 -4.044200 -0.130690 3.183896 -0.095982
 10 -0.000007 0.000007 4.044200 -0.346348 -2.822515 -0.005760
 11 17.182070 0.000091 0.000546 0.000004 -0.000009 -0.382024
 12 16.782913 0.000650 -0.000234 -0.232949 -0.190100 0.189463
 13 5.168527 5.004116 -0.000135 0.000010 0.000000 1.570793
 14 17.182070 0.000099 0.000206 -0.000001 -0.000007 -0.553453
 15 16.782906 0.000656 -0.000113 0.060867 0.018972 0.366943
 16 5.168479 5.004167 -0.000064 0.000011 -0.000001 1.570802
 17 -3.232569 1.188161 1.836523 -0.675352 -0.760870 3.176490
 18 5.760273 0.000016 0.000006 0.725815 0.810696 0.671597
time 183
  0 -1.166270 1.166270 1.169847 -0.047619 -0.098826 -1.787134
  1 0.000000 0.000000 0.000000 -1.570796 -1.570796 0.000000
  2 4.484989 -0.004008 0.000006 -0.236355 0.037271 -0.164766
  3 5.037136 -0.005101 -0.000238 -0.118995 -0.128245 0.123854
  4 6.388059 -0.005253 -0.000001 -0.071872 0.126166 -0.109180
  5 6.146608 1.394838 0.000001 -0.016416 0.429659 0.594358
  6 -0.814522 1.293647 -3.598283 -1.732480 1.148114 0.907723
  7 5.760270 -0.000012 -0.000009 -0.985922 -0.872622 0.432134
  8 10.965153 0.000065 -0.000006 0.000013 0.000002 -0.368732
  9 0.000007 -0.000004 -4.044200 -0.125283 3.183227 -0.094549
 10 -0.000007 0.000007 4.044200 -0.355453 -2.821137 -0.004230
 11 17.182070 0.000091 0.000546 0.000004 -0.000009 -0.378368
 12 16.782913 0.000650 -0.000234 -0.216149 -0.190749 0.183248
 13 5.168527 5.004116 -0.000135 0.000010 0.000000 1.570793
 14 17.182070 0.000099 0.000206 -0.000001 -0.000007 -0.556331
 15 16.782906 0.000656 -0.000113 0.062705 0.017389 0.369352
 16 5.168479 5.004167 -0.000064 0.000011 -0.000001 1.570802
 17 -3.263819 1.207693 1.774021 -0.662160 -0.744147 3.164535
 18 5.760273 0.000016 0.000006 0.757850 0.785359 0.723093
time 184
  0 -1.201427 1.201427 1.150315 -0.046376 -0.100605 -1.779435
  1 0.000000 0.000000 0.000000 -1.570796 -1.570796 0.000000
  2 4.484989 -0.004008 0.000006 -0.236745 0.036168 -0.172775
  3 5.037136 -0.005101 -0.000238 -0.122651 -0.129005 0.107507
  4 6.388059 -0.005253 -0.000001 -0.082574 0.129744 -0.133952
  5 6.146608 1.394838 0.000001 -0.008209 0.445410 0.598288
  6 -0.752020 1.274116 -3.617815 -1.777626 1.140230 0.862511
  7 5.760270 -0.000012 -0.000009 -1.044190 -0.861449 0.496056
  8 10.965153 0.000065 -0.000006 0.000013 0.000002 -0.353626
  9 0.000007 -0.000004 -4.044200 -0.119686 3.182367 -0.093020
 10 -0.000007 0.000007 4.044200 -0.363791 -2.819759 -0.003466
 11 17.182070 0.000091 0.000546 0.000004 -0.000009 -0.375284
 12 16.782913 0.000650 -0.000234 -0.199792 -0.191286 0.177032
 13 5.168527 5.004116 -0.000135 0.000010 0.000000 1.570793
 14 17.182070 0.000099 0.000206 -0.000001 -0.000007 -0.559415
 15 16.782906 0.000656 -0.000113 0.064673 0.015847 0.371949
 16 5.168479 5.004167 -0.000064 0.000011 -0.000001 1.570802
 17 -3.283351 1.231132 1.711519 -0.649706 -0.728241 3.150589
 18 5.760273 0.000016 0.000006 0.785202 0.760412 0.769426
time 185
  0 -1.244397 1.244397 1.138596 -0.045133 -0.102334 -1.771830
  1 0.000000 0.000000 0.000000 -1.570796 -1.570796 0.000000
  2 4.484989 -0.004008 0.000006 -0.236745 0.035353 -0.179937
  3 5.037136 -0.005101 -0.000238 -0.125814 -0.129722 0.091552
  4 6.388059 -0.005253 -0.000001 -0.092653 0.132904 -0.157651
  5 6.146608 1.394838 0.000001 0.000492 0.459459 0.603925
  6 -0.689518 1.254584 -3.629534 -1.822200 1.130368 0.816441
  7 5.760270 -0.000012 -0.000009 -1.094290 -0.852951 0.570428
  8 10.965153 0.000065 -0.000006 0.000013 0.000002 -0.339820
  9 0.000007 -0.000004 -4.044200 -0.114468 3.181603 -0.091587
 10 -0.000007 0.000007 4.044200 -0.370692 -2.818473 -0.002701
 11 17.182070 0.000091 0.000546 0.000004 -0.000009 -0.373062
 12 16.782913 0.000650 -0.000234 -0.183973 -0.191694 0.171496
 13 5.168527 5.004116 -0.000135 0.000010 0.000000 1.570793
 14 17.182070 0.000099 0.000206 -0.000001 -0.000007 -0.562567
 15 16.782906 0.000656 -0.000113 0.066836 0.014346 0.374658
 16 5.168479 5.004167 -0.000064 0.000011 -0.000001 1.570802
 17 -3.302883 1.262383 1.664643 -0.637990 -0.713845 3.135694
 18 5.760273 0.000016 0.000006 0.808550 0.736582 0.810237
time 186
  0 -1.283461 1.283461 1.126877 -0.043794 -0.104212 -1.763380
  1 0.000000 0.000000 0.000000 -1.570796 -1.570796 0.000000
  2 4.484989 -0.004008 0.000006 -0.236323 0.034986 -0.186252
  3 5.037136 -0.005101 -0.000238 -0.128484 -0.130278 0.076172
  4 6.388059 -0.005253 -0.000001 -0.101905 0.135454 -0.179784
  5 6.146608 1.394838 0.000001 0.009249 0.471074 0.610515
  6 -0.646548 1.242865 -3.649066 -1.856107 1.124910 0.779051
  7 5.760270 -0.000012 -0.000009 -1.141396 -0.834971 0.629252
  8 10.965153 0.000065 -0.000006 0.000013 0.000002 -0.333567
  9 0.000007 -0.000004 -4.044200 -0.108302 3.180648 -0.089963
 10 -0.000007 0.000007 4.044200 -0.377018 -2.817370 -0.002701
 11 17.182070 0.000091 0.000546 0.000004 -0.000009 -0.371413
 12 16.782913 0.000650 -0.000234 -0.168964 -0.192009 0.166538
 13 5.168527 5.004116 -0.000135 0.000010 0.000000 1.570793
 14 17.182070 0.000099 0.000206 -0.000001 -0.000007 -0.565925
 15 16.782906 0.000656 -0.000113 0.069129 0.012887 0.377481
 16 5.168479 5.004167 -0.000064 0.000011 -0.000001 1.570802
 17 -3.314602 1.285821 1.613860 -0.626735 -0.701774 3.120988
 18 5.760273 0.000016 0.000006 0.827486 0.714552 0.845751
time 187
  0 -1.318618 1.318618 1.115158 -0.042551 -0.106139 -1.754930
  1 0.000000 0.000000 0.000000 -1.570796 -1.570796 0.000000
  2 4.484989 -0.004008 0.000006 -0.235445 0.035018 -0.191526
  3 5.037136 -0.005101 -0.000238 -0.130712 -0.130717 0.061517
  4 6.388059 -0.005253 -0.000001 -0.110055 0.137300 -0.199929
  5 6.146608 1.394838 0.000001 0.017438 0.479484 0.616787
  6 -0.603578 1.219426 -3.660785 -1.878680 1.125147 0.752153
  7 5.760270 -0.000012 -0.000009 -1.183327 -0.809358 0.668197
  8 10.965153 0.000065 -0.000006 0.000013 0.000002 -0.333196
  9 0.000007 -0.000004 -4.044200 -0.102230 3.179788 -0.088339
 10 -0.000007 0.000007 4.044200 -0.382002 -2.816176 -0.002701
 11 17.182070 0.000091 0.000546 0.000004 -0.000009 -0.370982
 12 16.782913 0.000650 -0.000234 -0.154814 -0.192213 0.162394
 13 5.168527 5.004116 -0.000135 0.000010 0.000000 1.570793
 14 17.182070 0.000099 0.000206 -0.000001 -0.000007 -0.569283
 15 16.782906 0.000656 -0.000113 0.071569 0.011488 0.380416
 16 5.168479 5.004167 -0.000064 0.000011 -0.000001 1.570802
 17 -3.314602 1.317072 1.582609 -0.616680 -0.692721 3.106757
 18 5.760273 0.000016 0.000006 0.842282 0.694954 0.875652
time 188
  0 -1.349869 1.349869 1.103439 -0.041595 -0.108066 -1.746292
  1 0.000000 0.000000 0.000000 -1.570796 -1.570796 0.000000
  2 4.484989 -0.004008 0.000006 -0.234080 0.035529 -0.195693
  3 5.037136 -0.005101 -0.000238 -0.132531 -0.130951 0.047707
  4 6.388059 -0.005253 -0.000001 -0.116886 0.138651 -0.217663
  5 6.146608 1.394838 0.000001 0.024338 0.483995 0.621908
  6 -0.584046 1.207707 -3.668598 -1.893919 1.127863 0.732981
  7 5.760270 -0.000012 -0.000009 -1.217090 -0.785123 0.700260
  8 10.965153 0.000065 -0.000006 0.000013 0.000002 -0.333196
  9 0.000007 -0.000004 -4.044200 -0.096159 3.178737 -0.086810
 10 -0.000007 0.000007 4.044200 -0.385261 -2.815257 -0.003466
 11 17.182070 0.000091 0.000546 0.000004 -0.000009 -0.371198
 12 16.782913 0.000650 -0.000234 -0.141767 -0.192361 0.158726
 13 5.168527 5.004116 -0.000135 0.000010 0.000000 1.570793
 14 17.182070 0.000099 0.000206 -0.000001 -0.000007 -0.572915
 15 16.782906 0.000656 -0.000113 0.074090 0.010173 0.383389
 16 5.168479 5.004167 -0.000064 0.000011 -0.000001 1.570802
 17 -3.314602 1.336604 1.559171 -0.607270 -0.687503 3.094328
 18 5.760273 0.000016 0.000006 0.853277 0.678517 0.899896
time 189
  0 -1.369401 1.369401 1.083907 -0.040352 -0.110092 -1.737654
  1 0.000000 0.000000 0.000000 -1.570796 -1.570796 0.000000
  2 4.484989 -0.004008 0.000006 -0.232195 0.036536 -0.198721
  3 5.037136 -0.005101 -0.000238 -0.133892 -0.130908 0.034956
  4 6.388059 -0.005253 -0.000001 -0.122159 0.139489 -0.232565
  5 6.146608 1.394838 0.000001 0.029342 0.483896 0.624687
  6 -0.584046 1.199895 -3.672504 -1.900491 1.133664 0.723348
  7 5.760270 -0.000012 -0.000009 -1.242208 -0.763208 0.725798
  8 10.965153 0.000065 -0.000006 0.000013 0.000002 -0.333196
  9 0.000007 -0.000004 -4.044200 -0.089992 3.177686 -0.084995
 10 -0.000007 0.000007 4.044200 -0.387273 -2.814338 -0.004995
 11 17.182070 0.000091 0.000546 0.000004 -0.000009 -0.372345
 12 16.782913 0.000650 -0.000234 -0.129922 -0.192398 0.155771
 13 5.168527 5.004116 -0.000135 0.000010 0.000000 1.570793
 14 17.182070 0.000099 0.000206 -0.000001 -0.000007 -0.576410
 15 16.782906 0.000656 -0.000113 0.076676 0.008918 0.386475
 16 5.168479 5.004167 -0.000064 0.000011 -0.000001 1.570802
 17 -3.314602 1.348323 1.551358 -0.598506 -0.686906 3.084082
 18 5.760273 0.000016 0.000006 0.860132 0.665775 0.918393
time 190
  0 -1.400652 1.400652 1.072188 -0.039300 -0.112118 -1.728547
  1 0.000000 0.000000 0.000000 -1.570796 -1.570796 0.000000
  2 4.484989 -0.004008 0.000006 -0.229758 0.038214 -0.200381
  3 5.037136 -0.005101 -0.000238 -0.134929 -0.130556 0.023353
  4 6.388059 -0.005253 -0.000001 -0.125611 0.139603 -0.244213
  5 6.146608 1.394838 0.000001 0.031768 0.478455 0.624052
  6 -0.603578 1.188175 -3.672504 -1.897062 1.143104 0.725828
  7 5.760270 -0.000012 -0.000009 -1.258613 -0.744441 0.745780
  8 10.965153 0.000065 -0.000006 0.000013 0.000002 -0.333258
  9 0.000007 -0.000004 -4.044200 -0.083921 3.176540 -0.083466
 10 -0.000007 0.000007 4.044200 -0.387465 -2.813512 -0.007098
 11 17.182070 0.000091 0.000546 0.000004 -0.000009 -0.374352
 12 16.782913 0.000650 -0.000234 -0.119646 -0.192435 0.153598
 13 5.168527 5.004116 -0.000135 0.000010 0.000000 1.570793
 14 17.182070 0.000099 0.000206 -0.000001 -0.000007 -0.579905
 15 16.782906 0.000656 -0.000113 0.079327 0.007746 0.389561
 16 5.168479 5.004167 -0.000064 0.000011 -0.000001 1.570802
 17 -3.306789 1.352229 1.570890 -0.590757 -0.691684 3.077156
 18 5.760273 0.000016 0.000006 0.863390 0.657314 0.930515
time 191
  0 -1.424090 1.424090 1.052656 -0.038344 -0.114144 -1.719627
  1 0.000000 0.000000 0.000000 -1.570796 -1.570796 0.000000
  2 4.484989 -0.004008 0.000006 -0.226541 0.040516 -0.200706
  3 5.037136 -0.005101 -0.000238 -0.135473 -0.130161 0.012172
  4 6.388059 -0.005253 -0.000001 -0.127360 0.139546 -0.253361
  5 6.146608 1.394838 0.000001 0.032393 0.469194 0.621154
  6 -0.634829 1.176456 -3.672504 -1.885728 1.155154 0.737083
  7 5.760270 -0.000012 -0.000009 -1.269028 -0.728114 0.761888
  8 10.965153 0.000065 -0.000006 0.000013 0.000002 -0.333877
  9 0.000007 -0.000004 -4.044200 -0.077375 3.175298 -0.081269
 10 -0.000007 0.000007 4.044200 -0.386794 -2.812868 -0.009392
 11 17.182070 0.000091 0.000546 0.000004 -0.000009 -0.376934
 12 16.782913 0.000650 -0.000234 -0.110008 -0.192361 0.151967
 13 5.168527 5.004116 -0.000135 0.000010 0.000000 1.570793
 14 17.182070 0.000099 0.000206 -0.000001 -0.000007 -0.583400
 15 16.782906 0.000656 -0.000113 0.081978 0.006636 0.392647
 16 5.168479 5.004167 -0.000064 0.000011 -0.000001 1.570802
 17 -3.295070 1.348323 1.594328 -0.583192 -0.700359 3.072697
 18 5.760273 0.000016 0.000006 0.864679 0.652256 0.937609
time 192
  0 -1.443622 1.443622 1.033124 -0.037292 -0.116219 -1.710426
  1 0.000000 0.000000 0.000000 -1.570796 -1.570796 0.000000
  2 4.484989 -0.004008 0.000006 -0.222414 0.043680 -0.199697
  3 5.037136 -0.005101 -0.000238 -0.135575 -0.129796 0.000599
  4 6.388059 -0.005253 -0.000001 -0.127936 0.139584 -0.260980
  5 6.146608 1.394838 0.000001 0.032412 0.458192 0.617859
  6 -0.677799 1.168644 -3.660785 -1.869727 1.168391 0.753203
  7 5.760270 -0.000012 -0.000009 -1.274202 -0.712888 0.775957
  8 10.965153 0.000065 -0.000006 0.000013 0.000002 -0.334310
  9 0.000007 -0.000004 -4.044200 -0.071208 3.174056 -0.079645
 10 -0.000007 0.000007 4.044200 -0.385931 -2.812225 -0.011877
 11 17.182070 0.000091 0.000546 0.000004 -0.000009 -0.380089
 12 16.782913 0.000650 -0.000234 -0.100419 -0.192213 0.150337
 13 5.168527 5.004116 -0.000135 0.000010 0.000000 1.570793
 14 17.182070 0.000099 0.000206 -0.000001 -0.000007 -0.586895
 15 16.782906 0.000656 -0.000113 0.084629 0.005690 0.395771
 16 5.168479 5.004167 -0.000064 0.000011 -0.000001 1.570802
 17 -3.283351 1.348323 1.633392 -0.575905 -0.710795 3.068522
 18 5.760273 0.000016 0.000006 0.865290 0.649387 0.941919
time 193
  0 -1.463154 1.463154 1.021405 -0.036336 -0.118245 -1.701225
  1 0.000000 0.000000 0.000000 -1.570796 -1.570796 0.000000
  2 4.484989 -0.004008 0.000006 -0.217474 0.047580 -0.197483
  3 5.037136 -0.005101 -0.000238 -0.135371 -0.129474 -0.011216
  4 6.388059 -0.005253 -0.000001 -0.127216 0.139622 -0.267225
  5 6.146608 1.394838 0.000001 0.031920 0.445568 0.614167
  6 -0.732488 1.168644 -3.649066 -1.848678 1.182630 0.773805
  7 5.760270 -0.000012 -0.000009 -1.275018 -0.698921 0.788139
  8 10.965153 0.000065 -0.000006 0.000013 0.000002 -0.334929
  9 0.000007 -0.000004 -4.044200 -0.064947 3.172718 -0.077352
 10 -0.000007 0.000007 4.044200 -0.385069 -2.811399 -0.014266
 11 17.182070 0.000091 0.000546 0.000004 -0.000009 -0.383458
 12 16.782913 0.000650 -0.000234 -0.090928 -0.191935 0.149182
 13 5.168527 5.004116 -0.000135 0.000010 0.000000 1.570793
 14 17.182070 0.000099 0.000206 -0.000001 -0.000007 -0.590390
 15 16.782906 0.000656 -0.000113 0.087215 0.004806 0.398857
 16 5.168479 5.004167 -0.000064 0.000011 -0.000001 1.570802
 17 -3.263819 1.336604 1.668549 -0.568893 -0.722835 3.064537
 18 5.760273 0.000016 0.000006 0.865426 0.648609 0.943221
time 194
  0 -1.474873 1.474873 1.001873 -0.035571 -0.120271 -1.692399
  1 0.000000 0.000000 0.000000 -1.570796 -1.570796 0.000000
  2 4.484989 -0.004008 0.000006 -0.211820 0.052103 -0.194163
  3 5.037136 -0.005101 -0.000238 -0.134725 -0.129166 -0.023121
  4 6.388059 -0.005253 -0.000001 -0.125611 0.139755 -0.272152
  5 6.146608 1.394838 0.000001 0.030991 0.431499 0.610118
  6 -0.783271 1.156924 -3.649066 -1.822962 1.197660 0.799749
  7 5.760270 -0.000012 -0.000009 -1.272159 -0.686292 0.798946
  8 10.965153 0.000065 -0.000006 0.000013 0.000002 -0.335610
  9 0.000007 -0.000004 -4.044200 -0.058307 3.171381 -0.075728
 10 -0.000007 0.000007 4.044200 -0.383823 -2.810847 -0.017325
 11 17.182070 0.000091 0.000546 0.000004 -0.000009 -0.387330
 12 16.782913 0.000650 -0.000234 -0.081486 -0.191564 0.148231
 13 5.168527 5.004116 -0.000135 0.000010 0.000000 1.570793
 14 17.182070 0.000099 0.000206 -0.000001 -0.000007 -0.593747
 15 16.782906 0.000656 -0.000113 0.089801 0.004107 0.401943
 16 5.168479 5.004167 -0.000064 0.000011 -0.000001 1.570802
 17 -3.244287 1.324884 1.719332 -0.561975 -0.736351 3.061027
 18 5.760273 0.000016 0.000006 0.864883 0.649824 0.941919
time 195
  0 -1.486592 1.486592 0.990154 -0.034806 -0.122396 -1.683010
  1 0.000000 0.000000 0.000000 -1.570796 -1.570796 0.000000
  2 4.484989 -0.004008 0.000006 -0.205548 0.057074 -0.189833
  3 5.037136 -0.005101 -0.000238 -0.133603 -0.128757 -0.034996
  4 6.388059 -0.005253 -0.000001 -0.122986 0.139965 -0.275794
  5 6.146608 1.394838 0.000001 0.029702 0.416105 0.605791
  6 -0.849679 1.156924 -3.637347 -1.791436 1.213217 0.831130
  7 5.760270 -0.000012 -0.000009 -1.266237 -0.675079 0.807663
  8 10.965153 0.000065 -0.000006 0.000013 0.000002 -0.336415
  9 0.000007 -0.000004 -4.044200 -0.052045 3.169757 -0.073912
 10 -0.000007 0.000007 4.044200 -0.382769 -2.810204 -0.020288
 11 17.182070 0.000091 0.000546 0.000004 -0.000009 -0.391417
 12 16.782913 0.000650 -0.000234 -0.072265 -0.191064 0.147552
 13 5.168527 5.004116 -0.000135 0.000010 0.000000 1.570793
 14 17.182070 0.000099 0.000206 -0.000001 -0.000007 -0.596968
 15 16.782906 0.000656 -0.000113 0.092273 0.003449 0.404953
 16 5.168479 5.004167 -0.000064 0.000011 -0.000001 1.570802
 17 -3.220850 1.317072 1.770115 -0.555056 -0.751157 3.057706
 18 5.760273 0.000016 0.000006 0.863797 0.652937 0.938013
time 196
  0 -1.498311 1.498311 0.966716 -0.034041 -0.124323 -1.674373
  1 0.000000 0.000000 0.000000 -1.570796 -1.570796 0.000000
  2 4.484989 -0.004008 0.000006 -0.198788 0.062396 -0.184592
  3 5.037136 -0.005101 -0.000238 -0.132276 -0.128245 -0.046660
  4 6.388059 -0.005253 -0.000001 -0.119486 0.140022 -0.278274
  5 6.146608 1.394838 0.000001 0.028110 0.399563 0.601305
  6 -0.912181 1.149112 -3.617815 -1.754386 1.229117 0.868425
  7 5.760270 -0.000012 -0.000009 -1.256775 -0.665282 0.815513
  8 10.965153 0.000065 -0.000006 0.000013 0.000002 -0.337282
  9 0.000007 -0.000004 -4.044200 -0.045310 3.168419 -0.071906
 10 -0.000007 0.000007 4.044200 -0.381331 -2.809469 -0.023442
 11 17.182070 0.000091 0.000546 0.000004 -0.000009 -0.395791
 12 16.782913 0.000650 -0.000234 -0.063191 -0.190471 0.147280
 13 5.168527 5.004116 -0.000135 0.000010 0.000000 1.570793
 14 17.182070 0.000099 0.000206 -0.000001 -0.000007 -0.599983
 15 16.782906 0.000656 -0.000113 0.094664 0.003018 0.407926
 16 5.168479 5.004167 -0.000064 0.000011 -0.000001 1.570802
 17 -3.201318 1.305353 1.816991 -0.548137 -0.767125 3.054386
 18 5.760273 0.000016 0.000006 0.862236 0.657849 0.932311
time 197
  0 -1.498311 1.498311 0.958903 -0.033563 -0.126349 -1.665077
  1 0.000000 0.000000 0.000000 -1.570796 -1.570796 0.000000
  2 4.484989 -0.004008 0.000006 -0.191639 0.068053 -0.178635
  3 5.037136 -0.005101 -0.000238 -0.130456 -0.127601 -0.058022
  4 6.388059 -0.005253 -0.000001 -0.115484 0.139812 -0.279647
  5 6.146608 1.394838 0.000001 0.026328 0.381992 0.596581
  6 -0.978589 1.145205 -3.606096 -1.710669 1.245070 0.912301
  7 5.760270 -0.000012 -0.000009 -1.245067 -0.657020 0.821630
  8 10.965153 0.000065 -0.000006 0.000013 0.000002 -0.338086
  9 0.000007 -0.000004 -4.044200 -0.038859 3.166795 -0.069517
 10 -0.000007 0.000007 4.044200 -0.379893 -2.809010 -0.026596
 11 17.182070 0.000091 0.000546 0.000004 -0.000009 -0.400380
 12 16.782913 0.000650 -0.000234 -0.054362 -0.189748 0.147145
 13 5.168527 5.004116 -0.000135 0.000010 0.000000 1.570793
 14 17.182070 0.000099 0.000206 -0.000001 -0.000007 -0.602930
 15 16.782906 0.000656 -0.000113 0.096941 0.002689 0.410824
 16 5.168479 5.004167 -0.000064 0.000011 -0.000001 1.570802
 17 -3.170067 1.293633 1.875587 -0.541126 -0.784100 3.051540
 18 5.760273 0.000016 0.000006 0.859657 0.664462 0.924185
time 198
  0 -1.494405 1.494405 0.935465 -0.032989 -0.128375 -1.656533
  1 0.000000 0.000000 0.000000 -1.570796 -1.570796 0.000000
  2 4.484989 -0.004008 0.000006 -0.184165 0.073871 -0.172059
  3 5.037136 -0.005101 -0.000238 -0.128416 -0.126767 -0.068930
  4 6.388059 -0.005253 -0.000001 -0.110822 0.139584 -0.280051
  5 6.146608 1.394838 0.000001 0.024413 0.363550 0.591857
  6 -1.048904 1.145205 -3.586564 -1.659903 1.260785 0.963045
  7 5.760270 -0.000012 -0.000009 -1.230704 -0.650253 0.826268
  8 10.965153 0.000065 -0.000006 0.000013 0.000002 -0.339263
  9 0.000007 -0.000004 -4.044200 -0.032408 3.165171 -0.067702
 10 -0.000007 0.000007 4.044200 -0.378168 -2.808459 -0.029846
 11 17.182070 0.000091 0.000546 0.000004 -0.000009 -0.405184
 12 16.782913 0.000650 -0.000234 -0.045754 -0.188914 0.147247
 13 5.168527 5.004116 -0.000135 0.000010 0.000000 1.570793
 14 17.182070 0.000099 0.000206 -0.000001 -0.000007 -0.605534
 15 16.782906 0.000656 -0.000113 0.099023 0.002504 0.413609
 16 5.168479 5.004167 -0.000064 0.000011 -0.000001 1.570802
 17 -3.134909 1.281914 1.941995 -0.534114 -0.801891 3.048314
 18 5.760273 0.000016 0.000006 0.856467 0.672681 0.914218
time 199
  0 -1.486592 1.486592 0.923746 -0.032511 -0.130302 -1.648083
  1 0.000000 0.000000 0.000000 -1.570796 -1.570796 0.000000
  2 4.484989 -0.004008 0.000006 -0.176528 0.079705 -0.164929
  3 5.037136 -0.005101 -0.000238 -0.126001 -0.125655 -0.079204
  4 6.388059 -0.005253 -0.000001 -0.105788 0.138937 -0.279488
  5 6.146608 1.394838 0.000001 0.022404 0.344396 0.587014
  6 -1.123125 1.137393 -3.563126 -1.601519 1.276026 1.021514
  7 5.760270 -0.000012 -0.000009 -1.214912 -0.644981 0.829836
  8 10.965153 0.000065 -0.000006 0.000013 0.000002 -0.340130
  9 0.000007 -0.000004 -4.044200 -0.025767 3.163451 -0.065505
 10 -0.000007 0.000007 4.044200 -0.376730 -2.807999 -0.033000
 11 17.182070 0.000091 0.000546 0.000004 -0.000009 -0.410203
 12 16.782913 0.000650 -0.000234 -0.037489 -0.188006 0.147382
 13 5.168527 5.004116 -0.000135 0.000010 0.000000 1.570793
 14 17.182070 0.000099 0.000206 -0.000001 -0.000007 -0.608138
 15 16.782906 0.000656 -0.000113 0.100958 0.002565 0.416281
 16 5.168479 5.004167 -0.000064 0.000011 -0.000001 1.570802
 17 -3.103658 1.262383 1.992778 -0.526919 -0.820438 3.045657
 18 5.760273 0.000016 0.000006 0.852123 0.682359 0.902500
time 200
  0 -1.474873 1.474873 0.904214 -0.032224 -0.132130 -1.639445
  1 0.000000 0.000000 0.000000 -1.570796 -1.570796 0.000000
  2 4.484989 -0.004008 0.000006 -0.168794 0.085458 -0.157344
  3 5.037136 -0.005101 -0.000238 -0.123280 -0.124294 -0.088722
  4 6.388059 -0.005253 -0.000001 -0.100419 0.137928 -0.278098
  5 6.146608 1.394838 0.000001 0.020395 0.324688 0.582132
  6 -1.197346 1.137393 -3.531875 -1.535324 1.290239 1.087996
  7 5.760270 -0.000012 -0.000009 -1.196873 -0.641322 0.832181
  8 10.965153 0.000065 -0.000006 0.000013 0.000002 -0.341368
  9 0.000007 -0.000004 -4.044200 -0.019506 3.161541 -0.063307
 10 -0.000007 0.000007 4.044200 -0.375197 -2.807632 -0.036154
 11 17.182070 0.000091 0.000546 0.000004 -0.000009 -0.415294
 12 16.782913 0.000650 -0.000234 -0.029568 -0.186987 0.148197
 13 5.168527 5.004116 -0.000135 0.000010 0.000000 1.570793
 14 17.182070 0.000099 0.000206 -0.000001 -0.000007 -0.610331
 15 16.782906 0.000656 -0.000113 0.102682 0.002750 0.418878
 16 5.168479 5.004167 -0.000064 0.000011 -0.000001 1.570802
 17 -3.072407 1.250663 2.055280 -0.519539 -0.839487 3.042716
 18 5.760273 0.000016 0.000006 0.846490 0.693349 0.889076
time 201
  0 -1.455341 1.455341 0.892495 -0.032033 -0.133909 -1.631277
  1 0.000000 0.000000 0.000000 -1.570796 -1.570796 0.000000
  2 4.484989 -0.004008 0.000006 -0.161124 0.091116 -0.149563
  3 5.037136 -0.005101 -0.000238 -0.120236 -0.122611 -0.097364
  4 6.388059 -0.005253 -0.000001 -0.094786 0.136596 -0.275934
  5 6.146608 1.394838 0.000001 0.018423 0.304544 0.577289
  6 -1.283286 1.137393 -3.512343 -1.460842 1.303344 1.162681
  7 5.760270 -0.000012 -0.000009 -1.178086 -0.639158 0.833609
  8 10.965153 0.000065 -0.000006 0.000013 0.000002 -0.342482
  9 0.000007 -0.000004 -4.044200 -0.013529 3.159534 -0.061014
 10 -0.000007 0.000007 4.044200 -0.373184 -2.807173 -0.039882
 11 17.182070 0.000091 0.000546 0.000004 -0.000009 -0.420743
 12 16.782913 0.000650 -0.000234 -0.022039 -0.185838 0.149115
 13 5.168527 5.004116 -0.000135 0.000010 0.000000 1.570793
 14 17.182070 0.000099 0.000206 -0.000001 -0.000007 -0.612387
 15 16.782906 0.000656 -0.000113 0.104195 0.003120 0.421286
 16 5.168479 5.004167 -0.000064 0.000011 -0.000001 1.570802
 17 -3.037250 1.242851 2.121688 -0.511882 -0.858944 3.039680
 18 5.760273 0.000016 0.000006 0.839499 0.705507 0.873901
time 202
  0 -1.431903 1.431903 0.872963 -0.031746 -0.135589 -1.623484
  1 0.000000 0.000000 0.000000 -1.570796 -1.570796 0.000000
  2 4.484989 -0.004008 0.000006 -0.153618 0.096582 -0.141653
  3 5.037136 -0.005101 -0.000238 -0.116988 -0.120621 -0.104979
  4 6.388059 -0.005253 -0.000001 -0.089201 0.134750 -0.273102
  5 6.146608 1.394838 0.000001 0.016547 0.284143 0.572564
  6 -1.357507 1.137393 -3.481092 -1.378170 1.314946 1.245568
  7 5.760270 -0.000012 -0.000009 -1.158005 -0.638568 0.833405
  8 10.965153 0.000065 -0.000006 0.000013 0.000002 -0.343411
  9 0.000007 -0.000004 -4.044200 -0.007268 3.157719 -0.058626
 10 -0.000007 0.000007 4.044200 -0.371363 -2.806897 -0.043132
 11 17.182070 0.000091 0.000546 0.000004 -0.000009 -0.426121
 12 16.782913 0.000650 -0.000234 -0.014853 -0.184615 0.150167
 13 5.168527 5.004116 -0.000135 0.000010 0.000000 1.570793
 14 17.182070 0.000099 0.000206 -0.000001 -0.000007 -0.614100
 15 16.782906 0.000656 -0.000113 0.105447 0.003676 0.423582
 16 5.168479 5.004167 -0.000064 0.000011 -0.000001 1.570802
 17 -2.998186 1.223319 2.184190 -0.504225 -0.878622 3.036360
 18 5.760273 0.000016 0.000006 0.830812 0.718686 0.857020
time 203
  0 -1.400652 1.400652 0.861244 -0.032033 -0.137170 -1.616349
  1 0.000000 0.000000 0.000000 -1.570796 -1.570796 0.000000
  2 4.484989 -0.004008 0.000006 -0.146371 0.101665 -0.133710
  3 5.037136 -0.005101 -0.000238 -0.113434 -0.118178 -0.111294
  4 6.388059 -0.005253 -0.000001 -0.083676 0.132352 -0.269653
  5 6.146608 1.394838 0.000001 0.014822 0.263644 0.567841
  6 -1.427822 1.125674 -3.457654 -1.288545 1.324676 1.335705
  7 5.760270 -0.000012 -0.000009 -1.136835 -0.639512 0.831672
  8 10.965153 0.000065 -0.000006 0.000013 0.000002 -0.344773
  9 0.000007 -0.000004 -4.044200 -0.000912 3.155808 -0.056333
 10 -0.000007 0.000007 4.044200 -0.369254 -2.806713 -0.046668
 11 17.182070 0.000091 0.000546 0.000004 -0.000009 -0.431929
 12 16.782913 0.000650 -0.000234 -0.008158 -0.183262 0.151730
 13 5.168527 5.004116 -0.000135 0.000010 0.000000 1.570793
 14 17.182070 0.000099 0.000206 -0.000001 -0.000007 -0.615539
 15 16.782906 0.000656 -0.000113 0.106423 0.004477 0.425690
 16 5.168479 5.004167 -0.000064 0.000011 -0.000001 1.570802
 17 -2.955216 1.207693 2.246692 -0.496199 -0.898394 3.033039
 18 5.760273 0.000016 0.000006 0.820292 0.732643 0.838388
time 204
  0 -1.369401 1.369401 0.849525 -0.032033 -0.138702 -1.608837
  1 0.000000 0.000000 0.000000 -1.570796 -1.570796 0.000000
  2 4.484989 -0.004008 0.000006 -0.139546 0.106300 -0.125896
  3 5.037136 -0.005101 -0.000238 -0.109641 -0.115354 -0.116340
  4 6.388059 -0.005253 -0.000001 -0.078379 0.129249 -0.265695
  5 6.146608 1.394838 0.000001 0.013249 0.243184 0.563275
  6 -1.502043 1.117861 -3.430309 -1.192729 1.332296 1.432041
  7 5.760270 -0.000012 -0.000009 -1.115597 -0.641991 0.829225
  8 10.965153 0.000065 -0.000006 0.000013 0.000002 -0.345825
  9 0.000007 -0.000004 -4.044200 0.005160 3.153707 -0.053849
 10 -0.000007 0.000007 4.044200 -0.367529 -2.806621 -0.050109
 11 17.182070 0.000091 0.000546 0.000004 -0.000009 -0.437450
 12 16.782913 0.000650 -0.000234 -0.001978 -0.181816 0.153258
 13 5.168527 5.004116 -0.000135 0.000010 0.000000 1.570793
 14 17.182070 0.000099 0.000206 -0.000001 -0.000007 -0.616704
 15 16.782906 0.000656 -0.000113 0.107106 0.005464 0.427609
 16 5.168479 5.004167 -0.000064 0.000011 -0.000001 1.570802
 17 -2.916152 1.199881 2.313100 -0.487804 -0.918103 3.029529
 18 5.760273 0.000016 0.000006 0.808143 0.747233 0.818454
time 205
  0 -1.334244 1.334244 0.841712 -0.032224 -0.140135 -1.602171
  1 0.000000 0.000000 0.000000 -1.570796 -1.570796 0.000000
  2 4.484989 -0.004008 0.000006 -0.133274 0.110455 -0.118311
  3 5.037136 -0.005101 -0.000238 -0.105628 -0.112076 -0.119936
  4 6.388059 -0.005253 -0.000001 -0.073490 0.125538 -0.261331
  5 6.146608 1.394838 0.000001 0.011960 0.222902 0.558909
  6 -1.576264 1.113954 -3.399058 -1.092532 1.337649 1.532575
  7 5.760270 -0.000012 -0.000009 -1.093950 -0.645965 0.825147
  8 10.965153 0.000065 -0.000006 0.000013 0.000002 -0.346816
  9 0.000007 -0.000004 -4.044200 0.011231 3.151509 -0.050887
 10 -0.000007 0.000007 4.044200 -0.365421 -2.806530 -0.053263
 11 17.182070 0.000091 0.000546 0.000004 -0.000009 -0.443401
 12 16.782913 0.000650 -0.000234 0.003761 -0.180297 0.155500
 13 5.168527 5.004116 -0.000135 0.000010 0.000000 1.570793
 14 17.182070 0.000099 0.000206 -0.000001 -0.000007 -0.617458
 15 16.782906 0.000656 -0.000113 0.107480 0.006677 0.429340
 16 5.168479 5.004167 -0.000064 0.000011 -0.000001 1.570802
 17 -2.873183 1.188161 2.363883 -0.479317 -0.937561 3.025354
 18 5.760273 0.000016 0.000006 0.793482 0.762260 0.796724
time 206
  0 -1.283461 1.283461 0.829993 -0.032702 -0.141420 -1.595974
  1 0.000000 0.000000 0.000000 -1.570796 -1.570796 0.000000
  2 4.484989 -0.004008 0.000006 -0.127620 0.114035 -0.111149
  3 5.037136 -0.005101 -0.000238 -0.101479 -0.108287 -0.121961
  4 6.388059 -0.005253 -0.000001 -0.068899 0.121180 -0.256599
  5 6.146608 1.394838 0.000001 0.010936 0.202996 0.554582
  6 -1.650485 1.106142 -3.363901 -0.990810 1.340787 1.634920
  7 5.760270 -0.000012 -0.000009 -1.072031 -0.651473 0.819642
  8 10.965153 0.000065 -0.000006 0.000013 0.000002 -0.347992
  9 0.000007 -0.000004 -4.044200 0.017303 3.149216 -0.048499
 10 -0.000007 0.000007 4.044200 -0.363791 -2.806621 -0.056322
 11 17.182070 0.000091 0.000546 0.000004 -0.000009 -0.449209
 12 16.782913 0.000650 -0.000234 0.008862 -0.178685 0.157809
 13 5.168527 5.004116 -0.000135 0.000010 0.000000 1.570793
 14 17.182070 0.000099 0.000206 -0.000001 -0.000007 -0.617869
 15 16.782906 0.000656 -0.000113 0.107529 0.008158 0.430845
 16 5.168479 5.004167 -0.000064 0.000011 -0.000001 1.570802
 17 -2.830213 1.176442 2.426385 -0.470184 -0.956673 3.020800
 18 5.760273 0.000016 0.000006 0.776515 0.777530 0.773288
time 207
  0 -1.232678 1.232678 0.822180 -0.032989 -0.142556 -1.590059
  1 0.000000 0.000000 0.000000 -1.570796 -1.570796 0.000000
  2 4.484989 -0.004008 0.000006 -0.122810 0.116976 -0.104606
  3 5.037136 -0.005101 -0.000238 -0.097006 -0.104014 -0.122172
  4 6.388059 -0.005253 -0.000001 -0.065004 0.115984 -0.251620
  5 6.146608 1.394838 0.000001 0.010197 0.183565 0.550493
  6 -1.716893 1.102235 -3.332650 -0.890137 1.341657 1.736407
  7 5.760270 -0.000012 -0.000009 -1.050725 -0.658515 0.812862
  8 10.965153 0.000065 -0.000006 0.000013 0.000002 -0.348859
  9 0.000007 -0.000004 -4.044200 0.022615 3.146924 -0.046110
 10 -0.000007 0.000007 4.044200 -0.361491 -2.806713 -0.059476
 11 17.182070 0.000091 0.000546 0.000004 -0.000009 -0.455017
 12 16.782913 0.000650 -0.000234 0.013399 -0.176980 0.160492
 13 5.168527 5.004116 -0.000135 0.000010 0.000000 1.570793
 14 17.182070 0.000099 0.000206 -0.000001 -0.000007 -0.617869
 15 16.782906 0.000656 -0.000113 0.107155 0.009844 0.432087
 16 5.168479 5.004167 -0.000064 0.000011 -0.000001 1.570802
 17 -2.787242 1.168630 2.481074 -0.460682 -0.975219 3.016056
 18 5.760273 0.000016 0.000006 0.756764 0.792800 0.747831
time 208
  0 -1.177989 1.177989 0.818274 -0.033754 -0.143594 -1.584895
  1 0.000000 0.000000 0.000000 -1.570796 -1.570796 0.000000
  2 4.484989 -0.004008 0.000006 -0.118911 0.119118 -0.098714
  3 5.037136 -0.005101 -0.000238 -0.092415 -0.099230 -0.120420
  4 6.388059 -0.005253 -0.000001 -0.061829 0.109855 -0.246429
  5 6.146608 1.394838 0.000001 0.009818 0.164806 0.546563
  6 -1.791114 1.094423 -3.301399 -0.792321 1.340523 1.834461
  7 5.760270 -0.000012 -0.000009 -1.029555 -0.667014 0.804553
  8 10.965153 0.000065 -0.000006 0.000013 0.000002 -0.349664
  9 0.000007 -0.000004 -4.044200 0.028118 3.144535 -0.043148
 10 -0.000007 0.000007 4.044200 -0.359287 -2.806897 -0.062535
 11 17.182070 0.000091 0.000546 0.000004 -0.000009 -0.460824
 12 16.782913 0.000650 -0.000234 0.017274 -0.175164 0.163413
 13 5.168527 5.004116 -0.000135 0.000010 0.000000 1.570793
 14 17.182070 0.000099 0.000206 -0.000001 -0.000007 -0.617458
 15 16.782906 0.000656 -0.000113 0.106423 0.011817 0.433103
 16 5.168479 5.004167 -0.000064 0.000011 -0.000001 1.570802
 17 -2.744272 1.149098 2.531857 -0.450811 -0.993074 3.010743
 18 5.760273 0.000016 0.000006 0.734163 0.807827 0.720983
time 209
  0 -1.103768 1.103768 0.810461 -0.034519 -0.144533 -1.579825
  1 0.000000 0.000000 0.000000 -1.570796 -1.570796 0.000000
  2 4.484989 -0.004008 0.000006 -0.116051 0.120540 -0.093635
  3 5.037136 -0.005101 -0.000238 -0.087551 -0.093918 -0.116733
  4 6.388059 -0.005253 -0.000001 -0.059503 0.102985 -0.241186
  5 6.146608 1.394838 0.000001 0.009818 0.146859 0.542791
  6 -1.845803 1.086610 -3.266242 -0.700410 1.337649 1.927077
  7 5.760270 -0.000012 -0.000009 -1.009270 -0.677046 0.794715
  8 10.965153 0.000065 -0.000006 0.000013 0.000002 -0.350716
  9 0.000007 -0.000004 -4.044200 0.033620 3.141764 -0.040664
 10 -0.000007 0.000007 4.044200 -0.356986 -2.807448 -0.065689
 11 17.182070 0.000091 0.000546 0.000004 -0.000009 -0.467062
 12 16.782913 0.000650 -0.000234 0.020732 -0.173144 0.166707
 13 5.168527 5.004116 -0.000135 0.000010 0.000000 1.570793
 14 17.182070 0.000099 0.000206 -0.000001 -0.000007 -0.616704
 15 16.782906 0.000656 -0.000113 0.105512 0.014161 0.433894
 16 5.168479 5.004167 -0.000064 0.000011 -0.000001 1.570802
 17 -2.705209 1.145191 2.574827 -0.440479 -1.010048 3.004671
 18 5.760273 0.000016 0.000006 0.708372 0.822368 0.692249
time 210
  0 -1.021734 1.021734 0.810461 -0.035571 -0.145373 -1.574849
  1 0.000000 0.000000 0.000000 -1.570796 -1.570796 0.000000
  2 4.484989 -0.004008 0.000006 -0.114069 0.121275 -0.089078
  3 5.037136 -0.005101 -0.000238 -0.082347 -0.088022 -0.111082
  4 6.388059 -0.005253 -0.000001 -0.057850 0.094934 -0.235416
  5 6.146608 1.394838 0.000001 0.010216 0.129882 0.539338
  6 -1.904399 1.074891 -3.234991 -0.615452 1.333562 2.012731
  7 5.760270 -0.000012 -0.000009 -0.988713 -0.689085 0.783144
  8 10.965153 0.000065 -0.000006 0.000013 0.000002 -0.351521
  9 0.000007 -0.000004 -4.044200 0.038838 3.138994 -0.037607
 10 -0.000007 0.000007 4.044200 -0.354686 -2.807816 -0.069321
 11 17.182070 0.000091 0.000546 0.000004 -0.000009 -0.474304
 12 16.782913 0.000650 -0.000234 0.024018 -0.170772 0.171157
 13 5.168527 5.004116 -0.000135 0.000010 0.000000 1.570793
 14 17.182070 0.000099 0.000206 -0.000001 -0.000007 -0.615402
 15 16.782906 0.000656 -0.000113 0.104699 0.016957 0.434533
 16 5.168479 5.004167 -0.000064 0.000011 -0.000001 1.570802
 17 -2.662239 1.137379 2.629516 -0.429593 -1.026048 2.998030
 18 5.760273 0.000016 0.000006 0.678984 0.836568 0.660328
time 211
  0 -0.924075 0.924075 0.810461 -0.036814 -0.146114 -1.570342
  1 0.000000 0.000000 0.000000 -1.570796 -1.570796 0.000000
  2 4.484989 -0.004008 0.000006 -0.112574 0.121691 -0.084585
  3 5.037136 -0.005101 -0.000238 -0.076684 -0.081555 -0.103589
  4 6.388059 -0.005253 -0.000001 -0.056292 0.085646 -0.228836
  5 6.146608 1.394838 0.000001 0.011069 0.114012 0.536083
  6 -1.959088 1.070984 -3.203740 -0.538113 1.328631 2.090659
  7 5.760270 -0.000012 -0.000009 -0.966658 -0.703564 0.769432
  8 10.965153 0.000065 -0.000006 0.000013 0.000002 -0.352202
  9 0.000007 -0.000004 -4.044200 0.043960 3.136415 -0.033785
 10 -0.000007 0.000007 4.044200 -0.352386 -2.808367 -0.072666
 11 17.182070 0.000091 0.000546 0.000004 -0.000009 -0.482048
 12 16.782913 0.000650 -0.000234 0.027059 -0.168085 0.176047
 13 5.168527 5.004116 -0.000135 0.000010 0.000000 1.570793
 14 17.182070 0.000099 0.000206 -0.000001 -0.000007 -0.613552
 15 16.782906 0.000656 -0.000113 0.103902 0.020185 0.435060
 16 5.168479 5.004167 -0.000064 0.000011 -0.000001 1.570802
 17 -2.627081 1.133472 2.660767 -0.417969 -1.040885 2.990630
 18 5.760273 0.000016 0.000006 0.645592 0.850574 0.624366
time 212
  0 -0.806884 0.806884 0.798742 -0.038248 -0.146855 -1.565272
  1 0.000000 0.000000 0.000000 -1.570796 -1.570796 0.000000
  2 4.484989 -0.004008 0.000006 -0.111566 0.121723 -0.080223
  3 5.037136 -0.005101 -0.000238 -0.070528 -0.074678 -0.094342
  4 6.388059 -0.005253 -0.000001 -0.054877 0.075140 -0.221464
  5 6.146608 1.394838 0.000001 0.012415 0.099429 0.533145
  6 -2.013777 1.063172 -3.172489 -0.468489 1.323252 2.160574
  7 5.760270 -0.000012 -0.000009 -0.943990 -0.720245 0.753834
  8 10.965153 0.000065 -0.000006 0.000013 0.000002 -0.352821
  9 0.000007 -0.000004 -4.044200 0.048514 3.133357 -0.030633
 10 -0.000007 0.000007 4.044200 -0.350086 -2.809010 -0.076490
 11 17.182070 0.000091 0.000546 0.000004 -0.000009 -0.490437
 12 16.782913 0.000650 -0.000234 0.029904 -0.165120 0.181685
 13 5.168527 5.004116 -0.000135 0.000010 0.000000 1.570793
 14 17.182070 0.000099 0.000206 -0.000001 -0.000007 -0.611359
 15 16.782906 0.000656 -0.000113 0.103235 0.023845 0.435361
 16 5.168479 5.004167 -0.000064 0.000011 -0.000001 1.570802
 17 -2.588017 1.133472 2.703737 -0.406253 -1.054370 2.982471
 18 5.760273 0.000016 0.000006 0.608738 0.864044 0.584363
time 213
  0 -0.681880 0.681880 0.798742 -0.039778 -0.147547 -1.560953
  1 0.000000 0.000000 0.000000 -1.570796 -1.570796 0.000000
  2 4.484989 -0.004008 0.000006 -0.110981 0.121419 -0.075991
  3 5.037136 -0.005101 -0.000238 -0.063913 -0.067347 -0.083615
  4 6.388059 -0.005253 -0.000001 -0.053859 0.063873 -0.213371
  5 6.146608 1.394838 0.000001 0.014253 0.086271 0.530406
  6 -2.064560 1.043640 -3.152957 -0.406866 1.317952 2.222573
  7 5.760270 -0.000012 -0.000009 -0.919349 -0.738855 0.736706
  8 10.965153 0.000065 -0.000006 0.000013 0.000002 -0.353069
  9 0.000007 -0.000004 -4.044200 0.053163 3.129727 -0.026620
 10 -0.000007 0.000007 4.044200 -0.347785 -2.809837 -0.080504
 11 17.182070 0.000091 0.000546 0.000004 -0.000009 -0.499400
 12 16.782913 0.000650 -0.000234 0.032577 -0.161914 0.187595
 13 5.168527 5.004116 -0.000135 0.000010 0.000000 1.570793
 14 17.182070 0.000099 0.000206 -0.000001 -0.000007 -0.608755
 15 16.782906 0.000656 -0.000113 0.102666 0.027895 0.435550
 16 5.168479 5.004167 -0.000064 0.000011 -0.000001 1.570802
 17 -2.556767 1.133472 2.734988 -0.393799 -1.066378 2.974122
 18 5.760273 0.000016 0.000006 0.568422 0.876737 0.540319
time 214
  0 -0.552970 0.552970 0.790929 -0.041595 -0.148140 -1.555883
  1 0.000000 0.000000 0.000000 -1.570796 -1.570796 0.000000
  2 4.484989 -0.004008 0.000006 -0.110819 0.120876 -0.071791
  3 5.037136 -0.005101 -0.000238 -0.056923 -0.059695 -0.071529
  4 6.388059 -0.005253 -0.000001 -0.053008 0.051616 -0.204662
  5 6.146608 1.394838 0.000001 0.016623 0.074695 0.528024
  6 -2.095811 1.031921 -3.133425 -0.352672 1.313100 2.277132
  7 5.760270 -0.000012 -0.000009 -0.893958 -0.759117 0.717081
  8 10.965153 0.000065 -0.000006 0.000013 0.000002 -0.353626
  9 0.000007 -0.000004 -4.044200 0.057526 3.126861 -0.022130
 10 -0.000007 0.000007 4.044200 -0.344814 -2.810664 -0.084614
 11 17.182070 0.000091 0.000546 0.000004 -0.000009 -0.508577
 12 16.782913 0.000650 -0.000234 0.035054 -0.158411 0.194252
 13 5.168527 5.004116 -0.000135 0.000010 0.000000 1.570793
 14 17.182070 0.000099 0.000206 -0.000001 -0.000007 -0.605534
 15 16.782906 0.000656 -0.000113 0.102227 0.032295 0.435512
 16 5.168479 5.004167 -0.000064 0.000011 -0.000001 1.570802
 17 -2.525516 1.133472 2.754520 -0.380976 -1.076751 2.964729
 18 5.760273 0.000016 0.000006 0.524917 0.888263 0.493088
time 215
  0 -0.404528 0.404528 0.787023 -0.043603 -0.148634 -1.551564
  1 0.000000 0.000000 0.000000 -1.570796 -1.570796 0.000000
  2 4.484989 -0.004008 0.000006 -0.111046 0.120013 -0.067722
  3 5.037136 -0.005101 -0.000238 -0.049441 -0.051793 -0.058142
  4 6.388059 -0.005253 -0.000001 -0.052409 0.038598 -0.195425
  5 6.146608 1.394838 0.000001 0.019542 0.064861 0.525960
  6 -2.127062 1.020202 -3.117800 -0.305526 1.309013 2.324346
  7 5.760270 -0.000012 -0.000009 -0.866253 -0.780795 0.695315
  8 10.965153 0.000065 -0.000006 0.000013 0.000002 -0.353626
  9 0.000007 -0.000004 -4.044200 0.061511 3.123517 -0.017926
 10 -0.000007 0.000007 4.044200 -0.342514 -2.811674 -0.088724
 11 17.182070 0.000091 0.000546 0.000004 -0.000009 -0.518185
 12 16.782913 0.000650 -0.000234 0.037335 -0.154723 0.201146
 13 5.168527 5.004116 -0.000135 0.000010 0.000000 1.570793
 14 17.182070 0.000099 0.000206 -0.000001 -0.000007 -0.601902
 15 16.782906 0.000656 -0.000113 0.101853 0.036983 0.435286
 16 5.168479 5.004167 -0.000064 0.000011 -0.000001 1.570802
 17 -2.502078 1.133472 2.777958 -0.367876 -1.085333 2.954767
 18 5.760273 0.000016 0.000006 0.479240 0.898378 0.442445
time 216
  0 -0.248273 0.248273 0.787023 -0.045611 -0.149128 -1.547246
  1 0.000000 0.000000 0.000000 -1.570796 -1.570796 0.000000
  2 4.484989 -0.004008 0.000006 -0.111599 0.118974 -0.063750
  3 5.037136 -0.005101 -0.000238 -0.041652 -0.043687 -0.043638
  4 6.388059 -0.005253 -0.000001 -0.052001 0.025047 -0.185695
  5 6.146608 1.394838 0.000001 0.023068 0.056906 0.524213
  6 -2.162219 1.008482 -3.102174 -0.264952 1.306060 2.365266
  7 5.760270 -0.000012 -0.000009 -0.837187 -0.803614 0.671510
  8 10.965153 0.000065 -0.000006 0.000013 0.000002 -0.353626
  9 0.000007 -0.000004 -4.044200 0.065400 3.120173 -0.013244
 10 -0.000007 0.000007 4.044200 -0.340214 -2.812960 -0.092930
 11 17.182070 0.000091 0.000546 0.000004 -0.000009 -0.527793
 12 16.782913 0.000650 -0.000234 0.039444 -0.150813 0.208618
 13 5.168527 5.004116 -0.000135 0.000010 0.000000 1.570793
 14 17.182070 0.000099 0.000206 -0.000001 -0.000007 -0.597791
 15 16.782906 0.000656 -0.000113 0.101625 0.041979 0.434872
 16 5.168479 5.004167 -0.000064 0.000011 -0.000001 1.570802
 17 -2.478639 1.137379 2.797490 -0.354315 -1.091934 2.944236
 18 5.760273 0.000016 0.000006 0.431391 0.906888 0.389152
time 217
  0 -0.076393 0.076393 0.779210 -0.047906 -0.149474 -1.542927
  1 0.000000 0.000000 0.000000 -1.570796 -1.570796 0.000000
  2 4.484989 -0.004008 0.000006 -0.112444 0.117727 -0.059779
  3 5.037136 -0.005101 -0.000238 -0.033370 -0.035464 -0.028137
  4 6.388059 -0.005253 -0.000001 -0.051941 0.010925 -0.175544
  5 6.146608 1.394838 0.000001 0.027787 0.051544 0.522943
  6 -2.170032 0.988951 -3.090455 -0.229902 1.305348 2.399794
  7 5.760270 -0.000012 -0.000009 -0.806283 -0.827220 0.645768
  8 10.965153 0.000065 -0.000006 0.000013 0.000002 -0.353626
  9 0.000007 -0.000004 -4.044200 0.069005 3.116638 -0.008181
 10 -0.000007 0.000007 4.044200 -0.337242 -2.814338 -0.096848
 11 17.182070 0.000091 0.000546 0.000004 -0.000009 -0.537473
 12 16.782913 0.000650 -0.000234 0.041406 -0.146736 0.216260
 13 5.168527 5.004116 -0.000135 0.000010 0.000000 1.570793
 14 17.182070 0.000099 0.000206 -0.000001 -0.000007 -0.593131
 15 16.782906 0.000656 -0.000113 0.101544 0.047222 0.434232
 16 5.168479 5.004167 -0.000064 0.000011 -0.000001 1.570802
 17 -2.459107 1.149098 2.801396 -0.340016 -1.095800 2.932377
 18 5.760273 0.000016 0.000006 0.382117 0.913600 0.333975
time 218
  0 0.091581 -0.091581 0.779210 -0.050105 -0.149820 -1.538232
  1 0.000000 0.000000 0.000000 -1.570796 -1.570796 0.000000
  2 4.484989 -0.004008 0.000006 -0.113549 0.116241 -0.055970
  3 5.037136 -0.005101 -0.000238 -0.024850 -0.027139 -0.011790
  4 6.388059 -0.005253 -0.000001 -0.052253 -0.003483 -0.165058
  5 6.146608 1.394838 0.000001 0.034137 0.049150 0.522427
  6 -2.170032 0.965512 -3.098268 -0.199519 1.307642 2.429649
  7 5.760270 -0.000012 -0.000009 -0.773269 -0.851338 0.616967
  8 10.965153 0.000065 -0.000006 0.000013 0.000002 -0.353131
  9 0.000007 -0.000004 -4.044200 0.072800 3.113199 -0.002735
 10 -0.000007 0.000007 4.044200 -0.334942 -2.815717 -0.100480
 11 17.182070 0.000091 0.000546 0.000004 -0.000009 -0.547296
 12 16.782913 0.000650 -0.000234 0.043171 -0.142474 0.223969
 13 5.168527 5.004116 -0.000135 0.000010 0.000000 1.570793
 14 17.182070 0.000099 0.000206 -0.000001 -0.000007 -0.588197
 15 16.782906 0.000656 -0.000113 0.101609 0.052650 0.433367
 16 5.168479 5.004167 -0.000064 0.000011 -0.000001 1.570802
 17 -2.459107 1.168630 2.801396 -0.323964 -1.096398 2.918430
 18 5.760273 0.000016 0.000006 0.332231 0.918463 0.277270
time 219
  0 0.271274 -0.271274 0.779210 -0.052591 -0.150067 -1.534007
  1 0.000000 0.000000 0.000000 -1.570796 -1.570796 0.000000
  2 4.484989 -0.004008 0.000006 -0.114881 0.114674 -0.052193
  3 5.037136 -0.005101 -0.000238 -0.015990 -0.018872 0.005283
  4 6.388059 -0.005253 -0.000001 -0.052660 -0.018176 -0.154273
  5 6.146608 1.394838 0.000001 0.041890 0.049407 0.522546
  6 -2.170032 0.945981 -3.106081 -0.173041 1.312652 2.455307
  7 5.760270 -0.000012 -0.000009 -0.738212 -0.875652 0.586230
  8 10.965153 0.000065 -0.000006 0.000013 0.000002 -0.352821
  9 0.000007 -0.000004 -4.044200 0.075741 3.110238 0.002806
 10 -0.000007 0.000007 4.044200 -0.332642 -2.817278 -0.104113
 11 17.182070 0.000091 0.000546 0.000004 -0.000009 -0.556976
 12 16.782913 0.000650 -0.000234 0.044765 -0.138082 0.231781
 13 5.168527 5.004116 -0.000135 0.000010 0.000000 1.570793
 14 17.182070 0.000099 0.000206 -0.000001 -0.000007 -0.582646
 15 16.782906 0.000656 -0.000113 0.101804 0.058263 0.432313
 16 5.168479 5.004167 -0.000064 0.000011 -0.000001 1.570802
 17 -2.459107 1.188161 2.789677 -0.307082 -1.094040 2.903250
 18 5.760273 0.000016 0.000006 0.282414 0.921381 0.219758
time 220
  0 0.450967 -0.450967 0.779210 -0.055173 -0.150314 -1.530251
  1 0.000000 0.000000 0.000000 -1.570796 -1.570796 0.000000
  2 4.484989 -0.004008 0.000006 -0.116376 0.112916 -0.048515
  3 5.037136 -0.005101 -0.000238 -0.006909 -0.010576 0.022960
  4 6.388059 -0.005253 -0.000001 -0.053427 -0.032964 -0.143312
  5 6.146608 1.394838 0.000001 0.050856 0.051999 0.523181
  6 -2.170032 0.914730 -3.117800 -0.149229 1.320114 2.477722
  7 5.760270 -0.000012 -0.000009 -0.700501 -0.899887 0.552281
  8 10.965153 0.000065 -0.000006 0.000013 0.000002 -0.352078
  9 0.000007 -0.000004 -4.044200 0.078872 3.106798 0.008348
 10 -0.000007 0.000007 4.044200 -0.329671 -2.819116 -0.107745
 11 17.182070 0.000091 0.000546 0.000004 -0.000009 -0.566369
 12 16.782913 0.000650 -0.000234 0.046139 -0.133579 0.240034
 13 5.168527 5.004116 -0.000135 0.000010 0.000000 1.570793
 14 17.182070 0.000099 0.000206 -0.000001 -0.000007 -0.576547
 15 16.782906 0.000656 -0.000113 0.102113 0.064040 0.430996
 16 5.168479 5.004167 -0.000064 0.000011 -0.000001 1.570802
 17 -2.459107 1.219412 2.774052 -0.289646 -1.089105 2.887406
 18 5.760273 0.000016 0.000006 0.233886 0.922402 0.162559
time 221
  0 0.642379 -0.642379 0.767491 -0.057659 -0.150561 -1.525932
  1 0.000000 0.000000 0.000000 -1.570796 -1.570796 0.000000
  2 4.484989 -0.004008 0.000006 -0.118066 0.111014 -0.044836
  3 5.037136 -0.005101 -0.000238 0.002257 -0.002484 0.041060
  4 6.388059 -0.005253 -0.000001 -0.054530 -0.047848 -0.132192
  5 6.146608 1.394838 0.000001 0.060807 0.056649 0.524372
  6 -2.162219 0.883479 -3.133425 -0.128942 1.329686 2.496417
  7 5.760270 -0.000012 -0.000009 -0.660135 -0.923730 0.515732
  8 10.965153 0.000065 -0.000006 0.000013 0.000002 -0.350902
  9 0.000007 -0.000004 -4.044200 0.081907 3.103550 0.014462
 10 -0.000007 0.000007 4.044200 -0.327370 -2.820953 -0.111186
 11 17.182070 0.000091 0.000546 0.000004 -0.000009 -0.575762
 12 16.782913 0.000650 -0.000234 0.047439 -0.128965 0.247947
 13 5.168527 5.004116 -0.000135 0.000010 0.000000 1.570793
 14 17.182070 0.000099 0.000206 -0.000001 -0.000007 -0.569900
 15 16.782906 0.000656 -0.000113 0.102666 0.069941 0.429453
 16 5.168479 5.004167 -0.000064 0.000011 -0.000001 1.570802
 17 -2.478639 1.242851 2.754520 -0.273133 -1.082032 2.872037
 18 5.760273 0.000016 0.000006 0.187802 0.921721 0.107157
time 222
  0 0.833791 -0.833791 0.767491 -0.060145 -0.150660 -1.522459
  1 0.000000 0.000000 0.000000 -1.570796 -1.570796 0.000000
  2 4.484989 -0.004008 0.000006 -0.119853 0.109049 -0.041320
  3 5.037136 -0.005101 -0.000238 0.011729 0.005461 0.059462
  4 6.388059 -0.005253 -0.000001 -0.055716 -0.062579 -0.121003
  5 6.146608 1.394838 0.000001 0.071555 0.063001 0.525960
  6 -2.130968 0.860040 -3.152957 -0.112941 1.341024 2.511106
  7 5.760270 -0.000012 -0.000009 -0.617251 -0.946942 0.475412
  8 10.965153 0.000065 -0.000006 0.000013 0.000002 -0.348859
  9 0.000007 -0.000004 -4.044200 0.084089 3.100015 0.020577
 10 -0.000007 0.000007 4.044200 -0.325070 -2.822790 -0.114340
 11 17.182070 0.000091 0.000546 0.000004 -0.000009 -0.584940
 12 16.782913 0.000650 -0.000234 0.048567 -0.124295 0.256268
 13 5.168527 5.004116 -0.000135 0.000010 0.000000 1.570793
 14 17.182070 0.000099 0.000206 -0.000001 -0.000007 -0.562910
 15 16.782906 0.000656 -0.000113 0.103333 0.075883 0.427684
 16 5.168479 5.004167 -0.000064 0.000011 -0.000001 1.570802
 17 -2.494265 1.274102 2.723269 -0.258557 -1.073293 2.858185
 18 5.760273 0.000016 0.000006 0.147283 0.919776 0.055526
time 223
  0 1.033016 -1.033016 0.767491 -0.062918 -0.150808 -1.518327
  1 0.000000 0.000000 0.000000 -1.570796 -1.570796 0.000000
  2 4.484989 -0.004008 0.000006 -0.121705 0.107019 -0.037772
  3 5.037136 -0.005101 -0.000238 0.021286 0.013245 0.078015
  4 6.388059 -0.005253 -0.000001 -0.057202 -0.076948 -0.109831
  5 6.146608 1.394838 0.000001 0.082852 0.070777 0.528064
  6 -2.107530 0.820977 -3.184208 -0.100750 1.353760 2.521502
  7 5.760270 -0.000012 -0.000009 -0.571235 -0.969053 0.431625
  8 10.965153 0.000065 -0.000006 0.000013 0.000002 -0.346506
  9 0.000007 -0.000004 -4.044200 0.086366 3.097054 0.026882
 10 -0.000007 0.000007 4.044200 -0.322770 -2.824811 -0.117303
 11 17.182070 0.000091 0.000546 0.000004 -0.000009 -0.593831
 12 16.782913 0.000650 -0.000234 0.049499 -0.119551 0.264216
 13 5.168527 5.004116 -0.000135 0.000010 0.000000 1.570793
 14 17.182070 0.000099 0.000206 -0.000001 -0.000007 -0.555440
 15 16.782906 0.000656 -0.000113 0.104211 0.081907 0.425690
 16 5.168479 5.004167 -0.000064 0.000011 -0.000001 1.570802
 17 -2.513797 1.317072 2.692018 -0.246103 -1.063235 2.846041
 18 5.760273 0.000016 0.000006 0.111583 0.916858 0.007756
time 224
  0 1.224428 -1.224428 0.767491 -0.065691 -0.150808 -1.514853
  1 0.000000 0.000000 0.000000 -1.570796 -1.570796 0.000000
  2 4.484989 -0.004008 0.000006 -0.123590 0.105021 -0.034354
  3 5.037136 -0.005101 -0.000238 0.030980 0.020780 0.096598
  4 6.388059 -0.005253 -0.000001 -0.058880 -0.091013 -0.098747
  5 6.146608 1.394838 0.000001 0.094529 0.079642 0.530565
  6 -2.076279 0.789726 -3.215459 -0.092654 1.367735 2.527988
  7 5.760270 -0.000012 -0.000009 -0.522428 -0.989590 0.384014
  8 10.965153 0.000065 -0.000006 0.000013 0.000002 -0.343411
  9 0.000007 -0.000004 -4.044200 0.088738 3.093710 0.033857
 10 -0.000007 0.000007 4.044200 -0.320470 -2.827016 -0.120170
 11 17.182070 0.000091 0.000546 0.000004 -0.000009 -0.602291
 12 16.782913 0.000650 -0.000234 0.050332 -0.114769 0.272163
 13 5.168527 5.004116 -0.000135 0.000010 0.000000 1.570793
 14 17.182070 0.000099 0.000206 -0.000001 -0.000007 -0.547354
 15 16.782906 0.000656 -0.000113 0.105301 0.087911 0.423469
 16 5.168479 5.004167 -0.000064 0.000011 -0.000001 1.570802
 17 -2.533329 1.348323 2.649048 -0.235494 -1.052201 2.835700
 18 5.760273 0.000016 0.000006 0.080769 0.913454 -0.036108
time 225
  0 1.423653 -1.423653 0.759678 -0.068464 -0.150808 -1.511379
  1 0.000000 0.000000 0.000000 -1.570796 -1.570796 0.000000
  2 4.484989 -0.004008 0.000006 -0.125508 0.102927 -0.030968
  3 5.037136 -0.005101 -0.000238 0.040690 0.028082 0.115061
  4 6.388059 -0.005253 -0.000001 -0.060822 -0.104583 -0.087786
  5 6.146608 1.394838 0.000001 0.106357 0.089278 0.533423
  6 -2.045028 0.754568 -3.238897 -0.089130 1.382422 2.529991
  7 5.760270 -0.000012 -0.000009 -0.470626 -1.008200 0.333448
  8 10.965153 0.000065 -0.000006 0.000013 0.000002 -0.339882
  9 0.000007 -0.000004 -4.044200 0.090256 3.090939 0.040354
 10 -0.000007 0.000007 4.044200 -0.318169 -2.829313 -0.122846
 11 17.182070 0.000091 0.000546 0.000004 -0.000009 -0.610680
 12 16.782913 0.000650 -0.000234 0.050946 -0.109988 0.280246
 13 5.168527 5.004116 -0.000135 0.000010 0.000000 1.570793
 14 17.182070 0.000099 0.000206 -0.000001 -0.000007 -0.538994
 15 16.782906 0.000656 -0.000113 0.106537 0.093852 0.421023
 16 5.168479 5.004167 -0.000064 0.000011 -0.000001 1.570802
 17 -2.556767 1.371761 2.606078 -0.227100 -1.040571 2.827161
 18 5.760273 0.000016 0.000006 0.055114 0.909758 -0.075976
time 226
  0 1.626784 -1.626784 0.759678 -0.071237 -0.150808 -1.508093
  1 0.000000 0.000000 0.000000 -1.570796 -1.570796 0.000000
  2 4.484989 -0.004008 0.000006 -0.127360 0.100818 -0.027680
  3 5.037136 -0.005101 -0.000238 0.050349 0.035076 0.133221
  4 6.388059 -0.005253 -0.000001 -0.062715 -0.117659 -0.077071
  5 6.146608 1.394838 0.000001 0.118147 0.099429 0.536480
  6 -2.013777 0.723318 -3.270148 -0.090749 1.397505 2.527035
  7 5.760270 -0.000012 -0.000009 -0.416510 -1.024527 0.280434
  8 10.965153 0.000065 -0.000006 0.000013 0.000002 -0.335920
  9 0.000007 -0.000004 -4.044200 0.091774 3.088073 0.047137
 10 -0.000007 0.000007 4.044200 -0.315965 -2.831610 -0.125236
 11 17.182070 0.000091 0.000546 0.000004 -0.000009 -0.618639
 12 16.782913 0.000650 -0.000234 0.051461 -0.105189 0.288024
 13 5.168527 5.004116 -0.000135 0.000010 0.000000 1.570793
 14 17.182070 0.000099 0.000206 -0.000001 -0.000007 -0.530153
 15 16.782906 0.000656 -0.000113 0.107952 0.099836 0.418389
 16 5.168479 5.004167 -0.000064 0.000011 -0.000001 1.570802
 17 -2.584111 1.403012 2.563108 -0.220826 -1.028688 2.820520
 18 5.760273 0.000016 0.000006 0.034414 0.906159 -0.111893
time 227
  0 1.818196 -1.818196 0.755772 -0.073723 -0.150759 -1.504619
  1 0.000000 0.000000 0.000000 -1.570796 -1.570796 0.000000
  2 4.484989 -0.004008 0.000006 -0.129147 0.098788 -0.024425
  3 5.037136 -0.005101 -0.000238 0.059872 0.041704 0.150989
  4 6.388059 -0.005253 -0.000001 -0.064873 -0.129820 -0.066638
  5 6.146608 1.394838 0.000001 0.129672 0.109738 0.539735
  6 -1.970807 0.692067 -3.301399 -0.098559 1.412614 2.517782
  7 5.760270 -0.000012 -0.000009 -0.360556 -1.038180 0.224719
  8 10.965153 0.000065 -0.000006 0.000013 0.000002 -0.331648
  9 0.000007 -0.000004 -4.044200 0.093197 3.085589 0.054111
 10 -0.000007 0.000007 4.044200 -0.313665 -2.834090 -0.127912
 11 17.182070 0.000091 0.000546 0.000004 -0.000009 -0.626168
 12 16.782913 0.000650 -0.000234 0.051828 -0.100445 0.295632
 13 5.168527 5.004116 -0.000135 0.000010 0.000000 1.570793
 14 17.182070 0.000099 0.000206 -0.000001 -0.000007 -0.520971
 15 16.782906 0.000656 -0.000113 0.109448 0.105757 0.415528
 16 5.168479 5.004167 -0.000064 0.000011 -0.000001 1.570802
 17 -2.607549 1.434263 2.524044 -0.216398 -1.016932 2.815776
 18 5.760273 0.000016 0.000006 0.017853 0.902901 -0.143590
time 228
  0 2.017421 -2.017421 0.755772 -0.076496 -0.150660 -1.501239
  1 0.000000 0.000000 0.000000 -1.570796 -1.570796 0.000000
  2 4.484989 -0.004008 0.000006 -0.130837 0.096742 -0.021169
  3 5.037136 -0.005101 -0.000238 0.069209 0.047966 0.168152
  4 6.388059 -0.005253 -0.000001 -0.066994 -0.141259 -0.056627
  5 6.146608 1.394838 0.000001 0.140704 0.119909 0.543149
  6 -1.935650 0.660816 -3.320931 -0.114179 1.427327 2.501377
  7 5.760270 -0.000012 -0.000009 -0.304261 -1.049038 0.168393
  8 10.965153 0.000065 -0.000006 0.000013 0.000002 -0.327005
  9 0.000007 -0.000004 -4.044200 0.094145 3.082914 0.061372
 10 -0.000007 0.000007 4.044200 -0.311364 -2.836571 -0.129633
 11 17.182070 0.000091 0.000546 0.000004 -0.000009 -0.633338
 12 16.782913 0.000650 -0.000234 0.052025 -0.095719 0.302832
 13 5.168527 5.004116 -0.000135 0.000010 0.000000 1.570793
 14 17.182070 0.000099 0.000206 -0.000001 -0.000007 -0.511514
 15 16.782906 0.000656 -0.000113 0.111026 0.111555 0.412480
 16 5.168479 5.004167 -0.000064 0.000011 -0.000001 1.570802
 17 -2.627081 1.465514 2.481074 -0.213815 -1.005616 2.812930
 18 5.760273 0.000016 0.000006 0.006111 0.900080 -0.171740
time 229
  0 2.204927 -2.204927 0.755772 -0.079269 -0.150561 -1.498610
  1 0.000000 0.000000 0.000000 -1.570796 -1.570796 0.000000
  2 4.484989 -0.004008 0.000006 -0.132332 0.094792 -0.017946
  3 5.037136 -0.005101 -0.000238 0.078307 0.053907 0.184590
  4 6.388059 -0.005253 -0.000001 -0.069043 -0.151708 -0.047003
  5 6.146608 1.394838 0.000001 0.151034 0.129684 0.546404
  6 -1.904399 0.629565 -3.352182 -0.139038 1.441223 2.475814
  7 5.760270 -0.000012 -0.000009 -0.247422 -1.056946 0.111913
  8 10.965153 0.000065 -0.000006 0.000013 0.000002 -0.322300
  9 0.000007 -0.000004 -4.044200 0.095473 3.080144 0.068825
 10 -0.000007 0.000007 4.044200 -0.309256 -2.839051 -0.131831
 11 17.182070 0.000091 0.000546 0.000004 -0.000009 -0.640078
 12 16.782913 0.000650 -0.000234 0.052123 -0.091123 0.310202
 13 5.168527 5.004116 -0.000135 0.000010 0.000000 1.570793
 14 17.182070 0.000099 0.000206 -0.000001 -0.000007 -0.501783
 15 16.782906 0.000656 -0.000113 0.112701 0.117229 0.409281
 16 5.168479 5.004167 -0.000064 0.000011 -0.000001 1.570802
 17 -2.650519 1.500671 2.438104 -0.213169 -0.995054 2.811886
 18 5.760273 0.000016 0.000006 -0.001694 0.897989 -0.195940
time 230
  0 2.384620 -2.384620 0.755772 -0.081851 -0.150413 -1.495324
  1 0.000000 0.000000 0.000000 -1.570796 -1.570796 0.000000
  2 4.484989 -0.004008 0.000006 -0.133664 0.092938 -0.014789
  3 5.037136 -0.005101 -0.000238 0.087082 0.059452 0.200152
  4 6.388059 -0.005253 -0.000001 -0.071165 -0.160957 -0.037995
  5 6.146608 1.394838 0.000001 0.160436 0.138746 0.549580
  6 -1.865335 0.598314 -3.375620 -0.174945 1.453880 2.439664
  7 5.760270 -0.000012 -0.000009 -0.193306 -1.061864 0.056351
  8 10.965153 0.000065 -0.000006 0.000013 0.000002 -0.317347
  9 0.000007 -0.000004 -4.044200 0.096232 3.077851 0.075799
 10 -0.000007 0.000007 4.044200 -0.307051 -2.841624 -0.133360
 11 17.182070 0.000091 0.000546 0.000004 -0.000009 -0.646388
 12 16.782913 0.000650 -0.000234 0.052025 -0.086583 0.316927
 13 5.168527 5.004116 -0.000135 0.000010 0.000000 1.570793
 14 17.182070 0.000099 0.000206 -0.000001 -0.000007 -0.491709
 15 16.782906 0.000656 -0.000113 0.114425 0.122781 0.405932
 16 5.168479 5.004167 -0.000064 0.000011 -0.000001 1.570802
 17 -2.673958 1.528016 2.395134 -0.214277 -0.985655 2.812740
 18 5.760273 0.000016 0.000006 -0.005359 0.896773 -0.215964
time 231
  0 2.572126 -2.572126 0.747959 -0.084337 -0.150215 -1.492695
  1 0.000000 0.000000 0.000000 -1.570796 -1.570796 0.000000
  2 4.484989 -0.004008 0.000006 -0.134769 0.091164 -0.011728
  3 5.037136 -0.005101 -0.000238 0.095483 0.064559 0.214686
  4 6.388059 -0.005253 -0.000001 -0.073190 -0.169084 -0.029585
  5 6.146608 1.394838 0.000001 0.168663 0.146800 0.552478
  6 -1.841897 0.574875 -3.399058 -0.223330 1.464770 2.391114
  7 5.760270 -0.000012 -0.000009 -0.141096 -1.063910 0.004102
  8 10.965153 0.000065 -0.000006 0.000013 0.000002 -0.312456
  9 0.000007 -0.000004 -4.044200 0.097086 3.075558 0.082965
 10 -0.000007 0.000007 4.044200 -0.305230 -2.844196 -0.134890
 11 17.182070 0.000091 0.000546 0.000004 -0.000009 -0.652411
 12 16.782913 0.000650 -0.000234 0.051828 -0.082154 0.323651
 13 5.168527 5.004116 -0.000135 0.000010 0.000000 1.570793
 14 17.182070 0.000099 0.000206 -0.000001 -0.000007 -0.481567
 15 16.782906 0.000656 -0.000113 0.116149 0.128126 0.402470
 16 5.168479 5.004167 -0.000064 0.000011 -0.000001 1.570802
 17 -2.693490 1.551454 2.363883 -0.217136 -0.977671 2.815017
 18 5.760273 0.000016 0.000006 -0.005223 0.896433 -0.232396
time 232
  0 2.744006 -2.744006 0.747959 -0.086632 -0.150067 -1.490160
  1 0.000000 0.000000 0.000000 -1.570796 -1.570796 0.000000
  2 4.484989 -0.004008 0.000006 -0.135614 0.089566 -0.008668
  3 5.037136 -0.005101 -0.000238 0.103390 0.069314 0.228012
  4 6.388059 -0.005253 -0.000001 -0.075012 -0.175993 -0.021914
  5 6.146608 1.394838 0.000001 0.175468 0.153567 0.554859
  6 -1.810646 0.555344 -3.414684 -0.284858 1.473366 2.330069
  7 5.760270 -0.000012 -0.000009 -0.092765 -1.063320 -0.044527
  8 10.965153 0.000065 -0.000006 0.000013 0.000002 -0.307379
  9 0.000007 -0.000004 -4.044200 0.097845 3.073743 0.090130
 10 -0.000007 0.000007 4.044200 -0.302930 -2.846677 -0.136419
 11 17.182070 0.000091 0.000546 0.000004 -0.000009 -0.658147
 12 16.782913 0.000650 -0.000234 0.051461 -0.077836 0.330138
 13 5.168527 5.004116 -0.000135 0.000010 0.000000 1.570793
 14 17.182070 0.000099 0.000206 -0.000001 -0.000007 -0.471219
 15 16.782906 0.000656 -0.000113 0.117987 0.133266 0.398932
 16 5.168479 5.004167 -0.000064 0.000011 -0.000001 1.570802
 17 -2.709115 1.563173 2.332632 -0.221564 -0.971478 2.819571
 18 5.760273 0.000016 0.000006 -0.001219 0.897211 -0.244967
time 233
  0 2.915886 -2.915886 0.744053 -0.088831 -0.149968 -1.487531
  1 0.000000 0.000000 0.000000 -1.570796 -1.570796 0.000000
  2 4.484989 -0.004008 0.000006 -0.136134 0.088112 -0.005673
  3 5.037136 -0.005101 -0.000238 0.110822 0.073616 0.239978
  4 6.388059 -0.005253 -0.000001 -0.076606 -0.181322 -0.015070
  5 6.146608 1.394838 0.000001 0.180642 0.158751 0.556805
  6 -1.791114 0.543625 -3.426403 -0.356196 1.479299 2.259391
  7 5.760270 -0.000012 -0.000009 -0.049540 -1.060291 -0.088467
  8 10.965153 0.000065 -0.000006 0.000013 0.000002 -0.302550
  9 0.000007 -0.000004 -4.044200 0.098604 3.071545 0.097104
 10 -0.000007 0.000007 4.044200 -0.300726 -2.849249 -0.137948
 11 17.182070 0.000091 0.000546 0.000004 -0.000009 -0.663453
 12 16.782913 0.000650 -0.000234 0.050946 -0.073685 0.336116
 13 5.168527 5.004116 -0.000135 0.000010 0.000000 1.570793
 14 17.182070 0.000099 0.000206 -0.000001 -0.000007 -0.461009
 15 16.782906 0.000656 -0.000113 0.119792 0.138221 0.395319
 16 5.168479 5.004167 -0.000064 0.000011 -0.000001 1.570802
 17 -2.720834 1.582705 2.313100 -0.228207 -0.967392 2.825927
 18 5.760273 0.000016 0.000006 0.006654 0.899059 -0.253497
time 234
  0 3.072141 -3.072141 0.744053 -0.091126 -0.149721 -1.485184
  1 0.000000 0.000000 0.000000 -1.570796 -1.570796 0.000000
  2 4.484989 -0.004008 0.000006 -0.136297 0.086833 -0.002678
  3 5.037136 -0.005101 -0.000238 0.117556 0.077566 0.250463
  4 6.388059 -0.005253 -0.000001 -0.077996 -0.185262 -0.009141
  5 6.146608 1.394838 0.000001 0.183922 0.162076 0.558115
  6 -1.779395 0.531905 -3.434216 -0.431344 1.482041 2.185469
  7 5.760270 -0.000012 -0.000009 -0.012510 -1.055255 -0.126341
  8 10.965153 0.000065 -0.000006 0.000013 0.000002 -0.297907
  9 0.000007 -0.000004 -4.044200 0.098794 3.069826 0.103983
 10 -0.000007 0.000007 4.044200 -0.298521 -2.851729 -0.138904
 11 17.182070 0.000091 0.000546 0.000004 -0.000009 -0.668328
 12 16.782913 0.000650 -0.000234 0.050283 -0.069738 0.341856
 13 5.168527 5.004116 -0.000135 0.000010 0.000000 1.570793
 14 17.182070 0.000099 0.000206 -0.000001 -0.000007 -0.450866
 15 16.782906 0.000656 -0.000113 0.121679 0.142889 0.391706
 16 5.168479 5.004167 -0.000064 0.000011 -0.000001 1.570802
 17 -2.724741 1.590518 2.301381 -0.236602 -0.965726 2.834182
 18 5.760273 0.000016 0.000006 0.018260 0.902074 -0.257987
time 235
  0 3.232302 -3.232302 0.744053 -0.093325 -0.149573 -1.483212
  1 0.000000 0.000000 0.000000 -1.570796 -1.570796 0.000000
  2 4.484989 -0.004008 0.000006 -0.136134 0.085682 -0.000009
  3 5.037136 -0.005101 -0.000238 0.123202 0.080873 0.258531
  4 6.388059 -0.005253 -0.000001 -0.078943 -0.185833 -0.004848
  5 6.146608 1.394838 0.000001 0.185059 0.163243 0.558512
  6 -1.779395 0.531905 -3.438122 -0.500396 1.481382 2.117748
  7 5.760270 -0.000012 -0.000009 0.013766 -1.047622 -0.154530
  8 10.965153 0.000065 -0.000006 0.000013 0.000002 -0.293635
  9 0.000007 -0.000004 -4.044200 0.099363 3.068106 0.110862
 10 -0.000007 0.000007 4.044200 -0.296413 -2.854210 -0.139860
 11 17.182070 0.000091 0.000546 0.000004 -0.000009 -0.672845
 12 16.782913 0.000650 -0.000234 0.049450 -0.065976 0.347222
 13 5.168527 5.004116 -0.000135 0.000010 0.000000 1.570793
 14 17.182070 0.000099 0.000206 -0.000001 -0.000007 -0.441067
 15 16.782906 0.000656 -0.000113 0.123533 0.147247 0.388169
 16 5.168479 5.004167 -0.000064 0.000011 -0.000001 1.570802
 17 -2.724741 1.594424 2.289662 -0.247118 -0.966732 2.844428
 18 5.760273 0.000016 0.000006 0.035160 0.907521 -0.255742
time 236
  0 3.369025 -3.369025 0.736240 -0.095142 -0.149375 -1.480959
  1 0.000000 0.000000 0.000000 -1.570796 -1.570796 0.000000
  2 4.484989 -0.004008 0.000006 -0.135679 0.084515 0.001879
  3 5.037136 -0.005101 -0.000238 0.127198 0.083346 0.263668
  4 6.388059 -0.005253 -0.000001 -0.079422 -0.181931 -0.002719
  5 6.146608 1.394838 0.000001 0.184850 0.162847 0.558909
  6 -1.779395 0.531905 -3.438122 -0.559543 1.478376 2.060041
  7 5.760270 -0.000012 -0.000009 0.027244 -1.037393 -0.170791
  8 10.965153 0.000065 -0.000006 0.000013 0.000002 -0.289549
  9 0.000007 -0.000004 -4.044200 0.099363 3.066386 0.117072
 10 -0.000007 0.000007 4.044200 -0.294496 -2.856507 -0.141007
 11 17.182070 0.000091 0.000546 0.000004 -0.000009 -0.677004
 12 16.782913 0.000650 -0.000234 0.048518 -0.062418 0.352214
 13 5.168527 5.004116 -0.000135 0.000010 0.000000 1.570793
 14 17.182070 0.000099 0.000206 -0.000001 -0.000007 -0.431473
 15 16.782906 0.000656 -0.000113 0.125322 0.151318 0.384707
 16 5.168479 5.004167 -0.000064 0.000011 -0.000001 1.570802
 17 -2.724741 1.594424 2.301381 -0.258927 -0.969561 2.855813
 18 5.760273 0.000016 0.000006 0.059119 0.916274 -0.244922
time 237
  0 3.513561 -3.513561 0.736240 -0.096863 -0.149227 -1.479175
  1 0.000000 0.000000 0.000000 -1.570796 -1.570796 0.000000
  2 4.484989 -0.004008 0.000006 -0.134932 0.083477 0.003572
  3 5.037136 -0.005101 -0.000238 0.129902 0.085102 0.266206
  4 6.388059 -0.005253 -0.000001 -0.079482 -0.174242 -0.002420
  5 6.146608 1.394838 0.000001 0.184225 0.161660 0.559822
  6 -1.779395 0.535812 -3.434216 -0.609927 1.474447 2.010060
  7 5.760270 -0.000012 -0.000009 0.029830 -1.025236 -0.176857
  8 10.965153 0.000065 -0.000006 0.000013 0.000002 -0.285587
  9 0.000007 -0.000004 -4.044200 0.099458 3.065240 0.123282
 10 -0.000007 0.000007 4.044200 -0.292291 -2.858895 -0.141963
 11 17.182070 0.000091 0.000546 0.000004 -0.000009 -0.680804
 12 16.782913 0.000650 -0.000234 0.047390 -0.059138 0.356799
 13 5.168527 5.004116 -0.000135 0.000010 0.000000 1.570793
 14 17.182070 0.000099 0.000206 -0.000001 -0.000007 -0.422359
 15 16.782906 0.000656 -0.000113 0.127176 0.155060 0.381395
 16 5.168479 5.004167 -0.000064 0.000011 -0.000001 1.570802
 17 -2.724741 1.594424 2.301381 -0.271288 -0.973050 2.866724
 18 5.760273 0.000016 0.000006 0.088982 0.927605 -0.226335
time 238
  0 3.634658 -3.634658 0.736240 -0.098680 -0.148980 -1.477485
  1 0.000000 0.000000 0.000000 -1.570796 -1.570796 0.000000
  2 4.484989 -0.004008 0.000006 -0.133892 0.082486 0.004972
  3 5.037136 -0.005101 -0.000238 0.131518 0.086258 0.266569
  4 6.388059 -0.005253 -0.000001 -0.079110 -0.163146 -0.003722
  5 6.146608 1.394838 0.000001 0.183182 0.159721 0.561529
  6 -1.791114 0.543625 -3.430309 -0.650883 1.469569 1.968664
  7 5.760270 -0.000012 -0.000009 0.022887 -1.011662 -0.174512
  8 10.965153 0.000065 -0.000006 0.000013 0.000002 -0.282430
  9 0.000007 -0.000004 -4.044200 0.099458 3.064094 0.128728
 10 -0.000007 0.000007 4.044200 -0.289991 -2.860916 -0.142823
 11 17.182070 0.000091 0.000546 0.000004 -0.000009 -0.684461
 12 16.782913 0.000650 -0.000234 0.046139 -0.056136 0.361011
 13 5.168527 5.004116 -0.000135 0.000010 0.000000 1.570793
 14 17.182070 0.000099 0.000206 -0.000001 -0.000007 -0.413861
 15 16.782906 0.000656 -0.000113 0.128982 0.158473 0.378346
 16 5.168479 5.004167 -0.000064 0.000011 -0.000001 1.570802
 17 -2.713021 1.594424 2.301381 -0.283742 -0.977074 2.877255
 18 5.760273 0.000016 0.000006 0.124207 0.940687 -0.201193
time 239
  0 3.728411 -3.728411 0.736240 -0.100114 -0.148881 -1.476359
  1 0.000000 0.000000 0.000000 -1.570796 -1.570796 0.000000
  2 4.484989 -0.004008 0.000006 -0.132592 0.081495 0.006144
  3 5.037136 -0.005101 -0.000238 0.132062 0.086974 0.265088
  4 6.388059 -0.005253 -0.000001 -0.078655 -0.149557 -0.006361
  5 6.146608 1.394838 0.000001 0.181780 0.157089 0.563752
  6 -1.791114 0.555344 -3.426403 -0.682409 1.464058 1.935853
  7 5.760270 -0.000012 -0.000009 0.008796 -0.997026 -0.165286
  8 10.965153 0.000065 -0.000006 0.000013 0.000002 -0.279767
  9 0.000007 -0.000004 -4.044200 0.099363 3.062852 0.133410
 10 -0.000007 0.000007 4.044200 -0.287307 -2.863029 -0.143683
 11 17.182070 0.000091 0.000546 0.000004 -0.000009 -0.687616
 12 16.782913 0.000650 -0.000234 0.044716 -0.053412 0.364781
 13 5.168527 5.004116 -0.000135 0.000010 0.000000 1.570793
 14 17.182070 0.000099 0.000206 -0.000001 -0.000007 -0.406323
 15 16.782906 0.000656 -0.000113 0.130803 0.161454 0.375562
 16 5.168479 5.004167 -0.000064 0.000011 -0.000001 1.570802
 17 -2.705209 1.602237 2.313100 -0.296565 -0.981632 2.886837
 18 5.760273 0.000016 0.000006 0.164590 0.954887 -0.170034
time 240
  0 3.833883 -3.833883 0.724521 -0.101166 -0.148733 -1.474762
  1 0.000000 0.000000 0.000000 -1.570796 -1.570796 0.000000
  2 4.484989 -0.004008 0.000006 -0.131032 0.080520 0.007023
  3 5.037136 -0.005101 -0.000238 0.131909 0.087340 0.262157
  4 6.388059 -0.005253 -0.000001 -0.077948 -0.133760 -0.009968
  5 6.146608 1.394838 0.000001 0.180017 0.153785 0.566531
  6 -1.798927 0.567063 -3.418590 -0.705362 1.457888 1.910958
  7 5.760270 -0.000012 -0.000009 -0.010604 -0.981604 -0.151421
  8 10.965153 0.000065 -0.000006 0.000013 0.000002 -0.277415
  9 0.000007 -0.000004 -4.044200 0.099363 3.061801 0.138091
 10 -0.000007 0.000007 4.044200 -0.284911 -2.864959 -0.145021
 11 17.182070 0.000091 0.000546 0.000004 -0.000009 -0.690484
 12 16.782913 0.000650 -0.000234 0.043147 -0.051003 0.367939
 13 5.168527 5.004116 -0.000135 0.000010 0.000000 1.570793
 14 17.182070 0.000099 0.000206 -0.000001 -0.000007 -0.399813
 15 16.782906 0.000656 -0.000113 0.132544 0.164024 0.373191
 16 5.168479 5.004167 -0.000064 0.000011 -0.000001 1.570802
 17 -2.693490 1.606143 2.320913 -0.309573 -0.986661 2.896040
 18 5.760273 0.000016 0.000006 0.209181 0.969379 -0.133982
time 241
  0 3.908104 -3.908104 0.724521 -0.102218 -0.148634 -1.473824
  1 0.000000 0.000000 0.000000 -1.570796 -1.570796 0.000000
  2 4.484989 -0.004008 0.000006 -0.129245 0.079577 0.008000
  3 5.037136 -0.005101 -0.000238 0.131178 0.087457 0.258138
  4 6.388059 -0.005253 -0.000001 -0.077169 -0.116574 -0.014331
  5 6.146608 1.394838 0.000001 0.177894 0.149847 0.569945
  6 -1.810646 0.586595 -3.414684 -0.720221 1.451375 1.893503
  7 5.760270 -0.000012 -0.000009 -0.032795 -0.965630 -0.134497
  8 10.965153 0.000065 -0.000006 0.000013 0.000002 -0.275929
  9 0.000007 -0.000004 -4.044200 0.098699 3.061228 0.141339
 10 -0.000007 0.000007 4.044200 -0.282515 -2.866796 -0.145977
 11 17.182070 0.000091 0.000546 0.000004 -0.000009 -0.693137
 12 16.782913 0.000650 -0.000234 0.041406 -0.048946 0.370860
 13 5.168527 5.004116 -0.000135 0.000010 0.000000 1.570793
 14 17.182070 0.000099 0.000206 -0.000001 -0.000007 -0.394262
 15 16.782906 0.000656 -0.000113 0.134203 0.166224 0.371234
 16 5.168479 5.004167 -0.000064 0.000011 -0.000001 1.570802
 17 -2.681770 1.606143 2.344351 -0.322119 -0.992099 2.904294
 18 5.760273 0.000016 0.000006 0.256827 0.983580 -0.094204
time 242
  0 3.982325 -3.982325 0.716708 -0.102887 -0.148535 -1.472415
  1 0.000000 0.000000 0.000000 -1.570796 -1.570796 0.000000
  2 4.484989 -0.004008 0.000006 -0.127230 0.078714 0.008944
  3 5.037136 -0.005101 -0.000238 0.130123 0.087384 0.253455
  4 6.388059 -0.005253 -0.000001 -0.076390 -0.098493 -0.019152
  5 6.146608 1.394838 0.000001 0.175430 0.145316 0.573755
  6 -1.822365 0.606126 -3.406871 -0.727650 1.444493 1.882534
  7 5.760270 -0.000012 -0.000009 -0.056960 -0.949303 -0.114974
  8 10.965153 0.000065 -0.000006 0.000013 0.000002 -0.275248
  9 0.000007 -0.000004 -4.044200 0.098035 3.060654 0.144301
 10 -0.000007 0.000007 4.044200 -0.280119 -2.868541 -0.146551
 11 17.182070 0.000091 0.000546 0.000004 -0.000009 -0.695503
 12 16.782913 0.000650 -0.000234 0.039493 -0.047241 0.373475
 13 5.168527 5.004116 -0.000135 0.000010 0.000000 1.570793
 14 17.182070 0.000099 0.000206 -0.000001 -0.000007 -0.390151
 15 16.782906 0.000656 -0.000113 0.135878 0.167910 0.369841
 16 5.168479 5.004167 -0.000064 0.000011 -0.000001 1.570802
 17 -2.662239 1.613956 2.352164 -0.334850 -0.997883 2.911789
 18 5.760273 0.000016 0.000006 0.306644 0.997002 -0.052450
time 243
  0 4.033108 -4.033108 0.712802 -0.103652 -0.148387 -1.471570
  1 0.000000 0.000000 0.000000 -1.570796 -1.570796 0.000000
  2 4.484989 -0.004008 0.000006 -0.125053 0.077787 0.010116
  3 5.037136 -0.005101 -0.000238 0.129035 0.087296 0.248439
  4 6.388059 -0.005253 -0.000001 -0.075659 -0.080184 -0.024166
  5 6.146608 1.394838 0.000001 0.172643 0.140250 0.578082
  6 -1.830178 0.629565 -3.395152 -0.728412 1.437347 1.877288
  7 5.760270 -0.000012 -0.000009 -0.081125 -0.932897 -0.094992
  8 10.965153 0.000065 -0.000006 0.000013 0.000002 -0.275248
  9 0.000007 -0.000004 -4.044200 0.097750 3.059986 0.146021
 10 -0.000007 0.000007 4.044200 -0.277244 -2.869920 -0.147506
 11 17.182070 0.000091 0.000546 0.000004 -0.000009 -0.697726
 12 16.782913 0.000650 -0.000234 0.037433 -0.045869 0.375411
 13 5.168527 5.004116 -0.000135 0.000010 0.000000 1.570793
 14 17.182070 0.000099 0.000206 -0.000001 -0.000007 -0.386998
 15 16.782906 0.000656 -0.000113 0.137407 0.169267 0.368900
 16 5.168479 5.004167 -0.000064 0.000011 -0.000001 1.570802
 17 -2.646613 1.613956 2.375602 -0.347027 -1.003981 2.918051
 18 5.760273 0.000016 0.000006 0.356461 1.009257 -0.010068
time 244
  0 4.079984 -4.079984 0.712802 -0.104130 -0.148288 -1.471288
  1 0.000000 0.000000 0.000000 -1.570796 -1.570796 0.000000
  2 4.484989 -0.004008 0.000006 -0.122648 0.076892 0.011450
  3 5.037136 -0.005101 -0.000238 0.127930 0.087267 0.243513
  4 6.388059 -0.005253 -0.000001 -0.075036 -0.062160 -0.029075
  5 6.146608 1.394838 0.000001 0.169535 0.134650 0.582925
  6 -1.841897 0.649096 -3.383433 -0.731078 1.425033 1.871088
  7 5.760270 -0.000012 -0.000009 -0.158658 -0.907717 -0.023934
  8 10.965153 0.000065 -0.000006 0.000013 0.000002 -0.321557
  9 0.000007 -0.000004 -4.044200 0.096991 3.059508 0.147454
 10 -0.000007 0.000007 4.044200 -0.274848 -2.871389 -0.148462
 11 17.182070 0.000091 0.000546 0.000004 -0.000009 -0.699805
 12 16.782913 0.000650 -0.000234 0.035103 -0.044683 0.377313
 13 5.168527 5.004116 -0.000135 0.000010 0.000000 1.570793
 14 17.182070 0.000099 0.000206 -0.000001 -0.000007 -0.384805
 15 16.782906 0.000656 -0.000113 0.138822 0.170357 0.368223
 16 5.168479 5.004167 -0.000064 0.000011 -0.000001 1.570802
 17 -2.627081 1.625675 2.387321 -0.358651 -1.010362 2.923364
 18 5.760273 0.000016 0.000006 0.405125 1.020199 0.030474
time 245
  0 4.111235 -4.111235 0.704989 -0.104417 -0.148140 -1.470631
  1 0.000000 0.000000 0.000000 -1.570796 -1.570796 0.000000
  2 4.484989 -0.004008 0.000006 -0.120081 0.075949 0.013241
  3 5.037136 -0.005101 -0.000238 0.127164 0.087428 0.239011
  4 6.388059 -0.005253 -0.000001 -0.074460 -0.045145 -0.033667
  5 6.146608 1.394838 0.000001 0.166142 0.128615 0.588166
  6 -1.853616 0.672535 -3.371714 -0.733079 1.411348 1.864697
  7 5.760270 -0.000012 -0.000009 -0.229247 -0.880530 0.045799
  8 10.965153 0.000065 -0.000006 0.000013 0.000002 -0.367246
  9 0.000007 -0.000004 -4.044200 0.095663 3.059030 0.148314
 10 -0.000007 0.000007 4.044200 -0.271972 -2.872676 -0.149609
 11 17.182070 0.000091 0.000546 0.000004 -0.000009 -0.701598
 12 16.782913 0.000650 -0.000234 0.032626 -0.043683 0.379079
 13 5.168527 5.004116 -0.000135 0.000010 0.000000 1.570793
 14 17.182070 0.000099 0.000206 -0.000001 -0.000007 -0.383366
 15 16.782906 0.000656 -0.000113 0.140123 0.171241 0.367847
 16 5.168479 5.004167 -0.000064 0.000011 -0.000001 1.570802
 17 -2.595830 1.633488 2.406853 -0.351732 -1.015706 2.909797
 18 5.760273 0.000016 0.000006 0.486434 1.008528 0.095888
time 246
  0 4.142486 -4.142486 0.704989 -0.104704 -0.148041 -1.470443
  1 0.000000 0.000000 0.000000 -1.570796 -1.570796 0.000000
  2 4.484989 -0.004008 0.000006 -0.117383 0.075022 0.015357
  3 5.037136 -0.005101 -0.000238 0.126943 0.087823 0.235355
  4 6.388059 -0.005253 -0.000001 -0.074197 -0.029634 -0.037608
  5 6.146608 1.394838 0.000001 0.162464 0.122125 0.593842
  6 -1.873148 0.703786 -3.352182 -0.736222 1.401381 1.856685
  7 5.760270 -0.000012 -0.000009 -0.223529 -0.868845 0.053853
  8 10.965153 0.000065 -0.000006 0.000013 0.000002 -0.346568
  9 0.000007 -0.000004 -4.044200 0.094715 3.058743 0.148983
 10 -0.000007 0.000007 4.044200 -0.269480 -2.873962 -0.150565
 11 17.182070 0.000091 0.000546 0.000004 -0.000009 -0.703247
 12 16.782913 0.000650 -0.000234 0.029904 -0.042904 0.380268
 13 5.168527 5.004116 -0.000135 0.000010 0.000000 1.570793
 14 17.182070 0.000099 0.000206 -0.000001 -0.000007 -0.382613
 15 16.782906 0.000656 -0.000113 0.141391 0.171878 0.367771
 16 5.168479 5.004167 -0.000064 0.000011 -0.000001 1.570802
 17 -2.576298 1.637394 2.426385 -0.336787 -1.021459 2.887596
 18 5.760273 0.000016 0.000006 0.551455 0.994522 0.149180
time 247
  0 4.158112 -4.158112 0.704989 -0.104895 -0.147942 -1.470443
  1 0.000000 0.000000 0.000000 -1.570796 -1.570796 0.000000
  2 4.484989 -0.004008 0.000006 -0.114524 0.074047 0.017961
  3 5.037136 -0.005101 -0.000238 0.127419 0.088657 0.232907
  4 6.388059 -0.005253 -0.000001 -0.074005 -0.016273 -0.040687
  5 6.146608 1.394838 0.000001 0.158503 0.115259 0.599876
  6 -1.884867 0.735037 -3.344369 -0.742032 1.391361 1.845239
  7 5.760270 -0.000012 -0.000009 -0.192489 -0.863023 0.043556
  8 10.965153 0.000065 -0.000006 0.000013 0.000002 -0.305150
  9 0.000007 -0.000004 -4.044200 0.093861 3.058362 0.148983
 10 -0.000007 0.000007 4.044200 -0.266509 -2.875156 -0.151999
 11 17.182070 0.000091 0.000546 0.000004 -0.000009 -0.704968
 12 16.782913 0.000650 -0.000234 0.027059 -0.042256 0.381660
 13 5.168527 5.004116 -0.000135 0.000010 0.000000 1.570793
 14 17.182070 0.000099 0.000206 -0.000001 -0.000007 -0.382750
 15 16.782906 0.000656 -0.000113 0.142497 0.172310 0.367997
 16 5.168479 5.004167 -0.000064 0.000011 -0.000001 1.570802
 17 -2.552860 1.645207 2.449823 -0.331252 -1.029914 2.874693
 18 5.760273 0.000016 0.000006 0.552676 1.009354 0.159551
time 248
  0 4.173737 -4.173737 0.693270 -0.104991 -0.147794 -1.470631
  1 0.000000 0.000000 0.000000 -1.570796 -1.570796 0.000000
  2 4.484989 -0.004008 0.000006 -0.095350 0.072848 0.038470
  3 5.037136 -0.005101 -0.000238 0.130344 0.092359 0.226259
  4 6.388059 -0.005253 -0.000001 -0.073490 -0.016425 -0.045455
  5 6.146608 1.394838 0.000001 0.154295 0.108037 0.606307
  6 -1.896586 0.758475 -3.320931 -0.742889 1.381921 1.837799
  7 5.760270 -0.000012 -0.000009 -0.136399 -0.868767 0.023065
  8 10.965153 0.000065 -0.000006 0.000013 0.000002 -0.272895
  9 0.000007 -0.000004 -4.044200 0.092533 3.058362 0.148218
 10 -0.000007 0.000007 4.044200 -0.263538 -2.876167 -0.152954
 11 17.182070 0.000091 0.000546 0.000004 -0.000009 -0.706402
 12 16.782913 0.000650 -0.000234 0.023969 -0.041829 0.382679
 13 5.168527 5.004116 -0.000135 0.000010 0.000000 1.570793
 14 17.182070 0.000099 0.000206 -0.000001 -0.000007 -0.383503
 15 16.782906 0.000656 -0.000113 0.143506 0.172536 0.368449
 16 5.168479 5.004167 -0.000064 0.000011 -0.000001 1.570802
 17 -2.525516 1.645207 2.473261 -0.325440 -1.039690 2.861126
 18 5.760273 0.000016 0.000006 0.513854 1.023506 0.121344
time 249
  0 4.181550 -4.181550 0.693270 -0.104895 -0.147695 -1.471288
  1 0.000000 0.000000 0.000000 -1.570796 -1.570796 0.000000
  2 4.484989 -0.004008 0.000006 -0.102565 0.070291 0.031341
  3 5.037136 -0.005101 -0.000238 0.129596 0.093925 0.220760
  4 6.388059 -0.005253 -0.000001 -0.076869 -0.017339 -0.052387
  5 6.146608 1.394838 0.000001 0.149840 0.100517 0.612976
  6 -1.916118 0.789726 -3.313118 -0.746794 1.373668 1.826830
  7 5.760270 -0.000012 -0.000009 -0.140959 -0.879311 0.030099
  8 10.965153 0.000065 -0.000006 0.000013 0.000002 -0.279025
  9 0.000007 -0.000004 -4.044200 0.091015 3.057788 0.146881
 10 -0.000007 0.000007 4.044200 -0.260663 -2.877269 -0.153910
 11 17.182070 0.000091 0.000546 0.000004 -0.000009 -0.707836
 12 16.782913 0.000650 -0.000234 0.020732 -0.041551 0.383291
 13 5.168527 5.004116 -0.000135 0.000010 0.000000 1.570793
 14 17.182070 0.000099 0.000206 -0.000001 -0.000007 -0.384942
 15 16.782906 0.000656 -0.000113 0.144433 0.172598 0.369164
 16 5.168479 5.004167 -0.000064 0.000011 -0.000001 1.570802
 17 -2.494265 1.656926 2.500606 -0.321381 -1.049749 2.849077
 18 5.760273 0.000016 0.000006 0.512293 1.028612 0.150033
time 250
  0 4.181550 -4.181550 0.681551 -0.104704 -0.147547 -1.471570
  1 0.000000 0.000000 0.000000 -1.570796 -1.570796 0.000000
  2 4.484989 -0.004008 0.000006 -0.114329 0.067446 0.019426
  3 5.037136 -0.005101 -0.000238 0.128236 0.095124 0.215502
  4 6.388059 -0.005253 -0.000001 -0.081040 -0.018328 -0.059706
  5 6.146608 1.394838 0.000001 0.145158 0.092721 0.620082
  6 -1.927837 0.828789 -3.297493 -0.726411 1.374828 1.837036
  7 5.760270 -0.000012 -0.000009 -0.211889 -0.886393 0.072459
  8 10.965153 0.000065 -0.000006 0.000013 0.000002 -0.301126
  9 0.000007 -0.000004 -4.044200 0.089592 3.057788 0.145257
 10 -0.000007 0.000007 4.044200 -0.257691 -2.878188 -0.155057
 11 17.182070 0.000091 0.000546 0.000004 -0.000009 -0.709198
 12 16.782913 0.000650 -0.000234 0.017372 -0.041403 0.384038
 13 5.168527 5.004116 -0.000135 0.000010 0.000000 1.570793
 14 17.182070 0.000099 0.000206 -0.000001 -0.000007 -0.386998
 15 16.782906 0.000656 -0.000113 0.145295 0.172454 0.370105
 16 5.168479 5.004167 -0.000064 0.000011 -0.000001 1.570802
 17 -2.459107 1.664739 2.524044 -0.318890 -1.061694 2.838356
 18 5.760273 0.000016 0.000006 0.519487 1.033086 0.192461
time 251
  0 4.173737 -4.173737 0.681551 -0.104417 -0.147300 -1.472227
  1 0.000000 0.000000 0.000000 -1.570796 -1.570796 0.000000
  2 4.484989 -0.004008 0.000006 -0.120276 0.065017 0.012655
  3 5.037136 -0.005101 -0.000238 0.127470 0.096397 0.210395
  4 6.388059 -0.005253 -0.000001 -0.084120 -0.019261 -0.066057
  5 6.146608 1.394838 0.000001 0.140268 0.084688 0.627307
  6 -1.947369 0.860040 -3.277961 -0.701553 1.378203 1.850962
  7 5.760270 -0.000012 -0.000009 -0.282138 -0.890799 0.116144
  8 10.965153 0.000065 -0.000006 0.000013 0.000002 -0.328924
  9 0.000007 -0.000004 -4.044200 0.088074 3.057788 0.143537
 10 -0.000007 0.000007 4.044200 -0.255008 -2.879107 -0.156300
 11 17.182070 0.000091 0.000546 0.000004 -0.000009 -0.710417
 12 16.782913 0.000650 -0.000234 0.013865 -0.041440 0.384649
 13 5.168527 5.004116 -0.000135 0.000010 0.000000 1.570793
 14 17.182070 0.000099 0.000206 -0.000001 -0.000007 -0.389739
 15 16.782906 0.000656 -0.000113 0.146027 0.172166 0.371271
 16 5.168479 5.004167 -0.000064 0.000011 -0.000001 1.570802
 17 -2.427856 1.668645 2.555295 -0.334850 -1.073734 2.845187
 18 5.760273 0.000016 0.000006 0.563671 1.024527 0.237088
time 252
  0 4.158112 -4.158112 0.673738 -0.104130 -0.147201 -1.473072
  1 0.000000 0.000000 0.000000 -1.570796 -1.570796 0.000000
  2 4.484989 -0.004008 0.000006 -0.107114 0.064170 0.023398
  3 5.037136 -0.005101 -0.000238 0.129069 0.098314 0.206014
  4 6.388059 -0.005253 -0.000001 -0.083736 -0.019318 -0.069365
  5 6.146608 1.394838 0.000001 0.135169 0.076476 0.634929
  6 -1.959088 0.891291 -3.258429 -0.681266 1.377676 1.861168
  7 5.760270 -0.000012 -0.000009 -0.299428 -0.895087 0.140102
  8 10.965153 0.000065 -0.000006 0.000013 0.000002 -0.352945
  9 0.000007 -0.000004 -4.044200 0.086461 3.057788 0.141244
 10 -0.000007 0.000007 4.044200 -0.252037 -2.879933 -0.157447
 11 17.182070 0.000091 0.000546 0.000004 -0.000009 -0.711421
 12 16.782913 0.000650 -0.000234 0.010162 -0.041626 0.385023
 13 5.168527 5.004116 -0.000135 0.000010 0.000000 1.570793
 14 17.182070 0.000099 0.000206 -0.000001 -0.000007 -0.392960
 15 16.782906 0.000656 -0.000113 0.146710 0.171693 0.372664
 16 5.168479 5.004167 -0.000064 0.000011 -0.000001 1.570802
 17 -2.404418 1.680364 2.578733 -0.355791 -1.086496 2.856857
 18 5.760273 0.000016 0.000006 0.590820 1.020734 0.234484
time 253
  0 4.142486 -4.142486 0.669832 -0.103652 -0.147053 -1.474011
  1 0.000000 0.000000 0.000000 -1.570796 -1.570796 0.000000
  2 4.484989 -0.004008 0.000006 -0.093531 0.063147 0.034434
  3 5.037136 -0.005101 -0.000238 0.130497 0.100231 0.201270
  4 6.388059 -0.005253 -0.000001 -0.083628 -0.019375 -0.072919
  5 6.146608 1.394838 0.000001 0.129899 0.068106 0.642670
  6 -1.978620 0.934261 -3.238897 -0.680504 1.371084 1.852965
  7 5.760270 -0.000012 -0.000009 -0.303376 -0.905356 0.175784
  8 10.965153 0.000065 -0.000006 0.000013 0.000002 -0.378204
  9 0.000007 -0.000004 -4.044200 0.084848 3.057788 0.138378
 10 -0.000007 0.000007 4.044200 -0.249065 -2.880668 -0.158976
 11 17.182070 0.000091 0.000546 0.000004 -0.000009 -0.712425
 12 16.782913 0.000650 -0.000234 0.006385 -0.041904 0.385023
 13 5.168527 5.004116 -0.000135 0.000010 0.000000 1.570793
 14 17.182070 0.000099 0.000206 -0.000001 -0.000007 -0.396729
 15 16.782906 0.000656 -0.000113 0.147312 0.171097 0.374207
 16 5.168479 5.004167 -0.000064 0.000011 -0.000001 1.570802
 17 -2.365355 1.680364 2.606078 -0.377009 -1.099195 2.868526
 18 5.760273 0.000016 0.000006 0.618783 1.016406 0.234080
time 254
  0 4.119048 -4.119048 0.662019 -0.103174 -0.146855 -1.475138
  1 0.000000 0.000000 0.000000 -1.570796 -1.570796 0.000000
  2 4.484989 -0.004008 0.000006 -0.095708 0.061133 0.031406
  3 5.037136 -0.005101 -0.000238 0.129987 0.101899 0.195196
  4 6.388059 -0.005253 -0.000001 -0.086768 -0.020289 -0.079728
  5 6.146608 1.394838 0.000001 0.124459 0.059617 0.650451
  6 -1.990339 0.965512 -3.215459 -0.688314 1.361776 1.836750
  7 5.760270 -0.000012 -0.000009 -0.344967 -0.916176 0.238941
  8 10.965153 0.000065 -0.000006 0.000013 0.000002 -0.406125
  9 0.000007 -0.000004 -4.044200 0.083425 3.057788 0.135703
 10 -0.000007 0.000007 4.044200 -0.245998 -2.881403 -0.159932
 11 17.182070 0.000091 0.000546 0.000004 -0.000009 -0.713357
 12 16.782913 0.000650 -0.000234 0.002510 -0.042348 0.385057
 13 5.168527 5.004116 -0.000135 0.000010 0.000000 1.570793
 14 17.182070 0.000099 0.000206 -0.000001 -0.000007 -0.400910
 15 16.782906 0.000656 -0.000113 0.147816 0.170357 0.375900
 16 5.168479 5.004167 -0.000064 0.000011 -0.000001 1.570802
 17 -2.334104 1.688177 2.641235 -0.392692 -1.111203 2.874693
 18 5.760273 0.000016 0.000006 0.662899 1.006436 0.277809
time 255
  0 4.095610 -4.095610 0.662019 -0.102696 -0.146707 -1.476452
  1 0.000000 0.000000 0.000000 -1.570796 -1.570796 0.000000
  2 4.484989 -0.004008 0.000006 -0.102142 0.058911 0.024537
  3 5.037136 -0.005101 -0.000238 0.128950 0.103494 0.188700
  4 6.388059 -0.005253 -0.000001 -0.090831 -0.021240 -0.087469
  5 6.146608 1.394838 0.000001 0.118886 0.051049 0.658470
  6 -2.013777 1.008482 -3.195927 -0.679361 1.351835 1.836750
  7 5.760270 -0.000012 -0.000009 -0.391392 -0.917592 0.288336
  8 10.965153 0.000065 -0.000006 0.000013 0.000002 -0.420427
  9 0.000007 -0.000004 -4.044200 0.081338 3.057788 0.131977
 10 -0.000007 0.000007 4.044200 -0.242931 -2.882046 -0.161461
 11 17.182070 0.000091 0.000546 0.000004 -0.000009 -0.714361
 12 16.782913 0.000650 -0.000234 -0.001512 -0.042904 0.385023
 13 5.168527 5.004116 -0.000135 0.000010 0.000000 1.570793
 14 17.182070 0.000099 0.000206 -0.000001 -0.000007 -0.405432
 15 16.782906 0.000656 -0.000113 0.148239 0.169493 0.377707
 16 5.168479 5.004167 -0.000064 0.000011 -0.000001 1.570802
 17 -2.298946 1.688177 2.660767 -0.399888 -1.123651 2.872321
 18 5.760273 0.000016 0.000006 0.710612 0.995981 0.345244
time 256
  0 4.064359 -4.064359 0.662019 -0.101931 -0.146460 -1.478049
  1 0.000000 0.000000 0.000000 -1.570796 -1.570796 0.000000
  2 4.484989 -0.004008 0.000006 -0.109097 0.056194 0.017212
  3 5.037136 -0.005101 -0.000238 0.127760 0.104972 0.182173
  4 6.388059 -0.005253 -0.000001 -0.095038 -0.022420 -0.095316
  5 6.146608 1.394838 0.000001 0.113181 0.042462 0.666766
  6 -2.021590 1.039733 -3.172489 -0.640787 1.340101 1.865842
  7 5.760270 -0.000012 -0.000009 -0.427129 -0.903664 0.293637
  8 10.965153 0.000065 -0.000006 0.000013 0.000002 -0.408973
  9 0.000007 -0.000004 -4.044200 0.079631 3.058362 0.128728
 10 -0.000007 0.000007 4.044200 -0.239960 -2.882689 -0.162417
 11 17.182070 0.000091 0.000546 0.000004 -0.000009 -0.715078
 12 16.782913 0.000650 -0.000234 -0.005632 -0.043608 0.385023
 13 5.168527 5.004116 -0.000135 0.000010 0.000000 1.570793
 14 17.182070 0.000099 0.000206 -0.000001 -0.000007 -0.410366
 15 16.782906 0.000656 -0.000113 0.148613 0.168486 0.379626
 16 5.168479 5.004167 -0.000064 0.000011 -0.000001 1.570802
 17 -2.259882 1.699896 2.692018 -0.401456 -1.136948 2.864542
 18 5.760273 0.000016 0.000006 0.759411 0.984066 0.423364
time 257
  0 4.029202 -4.029202 0.650300 -0.101357 -0.146262 -1.479081
  1 0.000000 0.000000 0.000000 -1.570796 -1.570796 0.000000
  2 4.484989 -0.004008 0.000006 -0.112866 0.052678 0.012525
  3 5.037136 -0.005101 -0.000238 0.126943 0.106288 0.176129
  4 6.388059 -0.005253 -0.000001 -0.098322 -0.023810 -0.102336
  5 6.146608 1.394838 0.000001 0.107380 0.033854 0.675023
  6 -2.045028 1.082703 -3.152957 -0.592402 1.326548 1.904758
  7 5.760270 -0.000012 -0.000009 -0.448503 -0.885448 0.274674
  8 10.965153 0.000065 -0.000006 0.000013 0.000002 -0.385014
  9 0.000007 -0.000004 -4.044200 0.077923 3.058362 0.124811
 10 -0.000007 0.000007 4.044200 -0.236797 -2.883149 -0.163755
 11 17.182070 0.000091 0.000546 0.000004 -0.000009 -0.715795
 12 16.782913 0.000650 -0.000234 -0.009801 -0.044368 0.384785
 13 5.168527 5.004116 -0.000135 0.000010 0.000000 1.570793
 14 17.182070 0.000099 0.000206 -0.000001 -0.000007 -0.415506
 15 16.782906 0.000656 -0.000113 0.148922 0.167396 0.381658
 16 5.168479 5.004167 -0.000064 0.000011 -0.000001 1.570802
 17 -2.228631 1.699896 2.715456 -0.401087 -1.149490 2.854580
 18 5.760273 0.000016 0.000006 0.796197 0.970984 0.485770
time 258
  0 3.986231 -3.986231 0.642487 -0.100688 -0.146114 -1.480677
  1 0.000000 0.000000 0.000000 -1.570796 -1.570796 0.000000
  2 4.484989 -0.004008 0.000006 -0.109714 0.047005 0.013599
  3 5.037136 -0.005101 -0.000238 0.127062 0.106932 0.171657
  4 6.388059 -0.005253 -0.000001 -0.099268 -0.025389 -0.106963
  5 6.146608 1.394838 0.000001 0.101485 0.025266 0.683519
  6 -2.052841 1.117861 -3.133425 -0.554114 1.315394 1.933087
  7 5.760270 -0.000012 -0.000009 -0.456059 -0.881475 0.264530
  8 10.965153 0.000065 -0.000006 0.000013 0.000002 -0.371951
  9 0.000007 -0.000004 -4.044200 0.075836 3.058743 0.120989
 10 -0.000007 0.000007 4.044200 -0.233826 -2.883792 -0.165093
 11 17.182070 0.000091 0.000546 0.000004 -0.000009 -0.716512
 12 16.782913 0.000650 -0.000234 -0.014093 -0.045276 0.384242
 13 5.168527 5.004116 -0.000135 0.000010 0.000000 1.570793
 14 17.182070 0.000099 0.000206 -0.000001 -0.000007 -0.420988
 15 16.782906 0.000656 -0.000113 0.149166 0.166183 0.383766
 16 5.168479 5.004167 -0.000064 0.000011 -0.000001 1.570802
 17 -2.193474 1.707709 2.742801 -0.403301 -1.159643 2.847369
 18 5.760273 0.000016 0.000006 0.807668 0.958000 0.503100
time 259
  0 3.939355 -3.939355 0.638581 -0.099923 -0.145867 -1.482461
  1 0.000000 0.000000 0.000000 -1.570796 -1.570796 0.000000
  2 4.484989 -0.004008 0.000006 -0.103117 0.040116 0.017603
  3 5.037136 -0.005101 -0.000238 0.127624 0.107327 0.167729
  4 6.388059 -0.005253 -0.000001 -0.099352 -0.027293 -0.110693
  5 6.146608 1.394838 0.000001 0.095552 0.016778 0.691935
  6 -2.064560 1.156924 -3.109987 -0.529255 1.310094 1.947299
  7 5.760270 -0.000012 -0.000009 -0.464568 -0.898038 0.292719
  8 10.965153 0.000065 -0.000006 0.000013 0.000002 -0.384395
  9 0.000007 -0.000004 -4.044200 0.074223 3.059030 0.117072
 10 -0.000007 0.000007 4.044200 -0.230376 -2.884251 -0.166336
 11 17.182070 0.000091 0.000546 0.000004 -0.000009 -0.717014
 12 16.782913 0.000650 -0.000234 -0.018409 -0.046221 0.384038
 13 5.168527 5.004116 -0.000135 0.000010 0.000000 1.570793
 14 17.182070 0.000099 0.000206 -0.000001 -0.000007 -0.426539
 15 16.782906 0.000656 -0.000113 0.149296 0.164867 0.385911
 16 5.168479 5.004167 -0.000064 0.000011 -0.000001 1.570802
 17 -2.162223 1.711615 2.770145 -0.407637 -1.160209 2.840728
 18 5.760273 0.000016 0.000006 0.774004 0.938499 0.435531
time 260
  0 3.900291 -3.900291 0.638581 -0.098871 -0.145669 -1.484151
  1 0.000000 0.000000 0.000000 -1.570796 -1.570796 0.000000
  2 4.484989 -0.004008 0.000006 -0.100127 0.035801 0.018873
  3 5.037136 -0.005101 -0.000238 0.127419 0.108527 0.161565
  4 6.388059 -0.005253 -0.000001 -0.101593 -0.028720 -0.117009
  5 6.146608 1.394838 0.000001 0.089562 0.008328 0.700350
  6 -2.076279 1.192082 -3.086549 -0.507063 1.307642 1.958745
  7 5.760270 -0.000012 -0.000009 -0.492885 -0.915821 0.347313
  8 10.965153 0.000065 -0.000006 0.000013 0.000002 -0.408045
  9 0.000007 -0.000004 -4.044200 0.072041 3.059508 0.112486
 10 -0.000007 0.000007 4.044200 -0.227692 -2.884711 -0.167578
 11 17.182070 0.000091 0.000546 0.000004 -0.000009 -0.717659
 12 16.782913 0.000650 -0.000234 -0.022799 -0.047278 0.383257
 13 5.168527 5.004116 -0.000135 0.000010 0.000000 1.570793
 14 17.182070 0.000099 0.000206 -0.000001 -0.000007 -0.432364
 15 16.782906 0.000656 -0.000113 0.149458 0.163510 0.388094
 16 5.168479 5.004167 -0.000064 0.000011 -0.000001 1.570802
 17 -2.127066 1.711615 2.797490 -0.415386 -1.160209 2.837597
 18 5.760273 0.000016 0.000006 0.755068 0.918998 0.387402
time 261
  0 3.853415 -3.853415 0.630768 -0.098202 -0.145422 -1.485935
  1 0.000000 0.000000 0.000000 -1.570796 -1.570796 0.000000
  2 4.484989 -0.004008 0.000006 -0.101687 0.034378 0.016692
  3 5.037136 -0.005101 -0.000238 0.126382 0.110678 0.153134
  4 6.388059 -0.005253 -0.000001 -0.106207 -0.029824 -0.126070
  5 6.146608 1.394838 0.000001 0.083573 0.000097 0.708727
  6 -2.087998 1.231146 -3.059204 -0.482395 1.303133 1.972957
  7 5.760270 -0.000012 -0.000009 -0.533660 -0.918221 0.393241
  8 10.965153 0.000065 -0.000006 0.000013 0.000002 -0.420303
  9 0.000007 -0.000004 -4.044200 0.070523 3.059508 0.108474
 10 -0.000007 0.000007 4.044200 -0.224242 -2.884986 -0.169012
 11 17.182070 0.000091 0.000546 0.000004 -0.000009 -0.717946
 12 16.782913 0.000650 -0.000234 -0.027238 -0.048427 0.382883
 13 5.168527 5.004116 -0.000135 0.000010 0.000000 1.570793
 14 17.182070 0.000099 0.000206 -0.000001 -0.000007 -0.438326
 15 16.782906 0.000656 -0.000113 0.149475 0.162112 0.390314
 16 5.168479 5.004167 -0.000064 0.000011 -0.000001 1.570802
 17 -2.088002 1.711615 2.820928 -0.430331 -1.169136 2.842625
 18 5.760273 0.000016 0.000006 0.785134 0.910293 0.432029
time 262
  0 3.802632 -3.802632 0.630768 -0.097341 -0.145175 -1.487531
  1 0.000000 0.000000 0.000000 -1.570796 -1.570796 0.000000
  2 4.484989 -0.004008 0.000006 -0.103930 0.033483 0.013924
  3 5.037136 -0.005101 -0.000238 0.125175 0.112917 0.144311
  4 6.388059 -0.005253 -0.000001 -0.111301 -0.030833 -0.135658
  5 6.146608 1.394838 0.000001 0.077602 -0.007956 0.717023
  6 -2.099717 1.266303 -3.043579 -0.442392 1.291953 2.002811
  7 5.760270 -0.000012 -0.000009 -0.565449 -0.894930 0.374635
  8 10.965153 0.000065 -0.000006 0.000013 0.000002 -0.397272
  9 0.000007 -0.000004 -4.044200 0.068247 3.060081 0.103792
 10 -0.000007 0.000007 4.044200 -0.221270 -2.885446 -0.170541
 11 17.182070 0.000091 0.000546 0.000004 -0.000009 -0.718448
 12 16.782913 0.000650 -0.000234 -0.031677 -0.049613 0.382136
 13 5.168527 5.004116 -0.000135 0.000010 0.000000 1.570793
 14 17.182070 0.000099 0.000206 -0.000001 -0.000007 -0.444288
 15 16.782906 0.000656 -0.000113 0.149523 0.160611 0.392534
 16 5.168479 5.004167 -0.000064 0.000011 -0.000001 1.570802
 17 -2.052845 1.719428 2.852179 -0.449612 -1.179949 2.851923
 18 5.760273 0.000016 0.000006 0.826128 0.902803 0.499059
time 263
  0 3.747943 -3.747943 0.619049 -0.096385 -0.145027 -1.489221
  1 0.000000 0.000000 0.000000 -1.570796 -1.570796 0.000000
  2 4.484989 -0.004008 0.000006 -0.106757 0.032988 0.010767
  3 5.037136 -0.005101 -0.000238 0.123763 0.115272 0.135155
  4 6.388059 -0.005253 -0.000001 -0.116538 -0.031822 -0.145652
  5 6.146608 1.394838 0.000001 0.071669 -0.015911 0.725161
  6 -2.111436 1.305367 -3.016234 -0.410295 1.280113 2.025417
  7 5.760270 -0.000012 -0.000009 -0.594583 -0.873213 0.353226
  8 10.965153 0.000065 -0.000006 0.000013 0.000002 -0.368732
  9 0.000007 -0.000004 -4.044200 0.066539 3.060654 0.099206
 10 -0.000007 0.000007 4.044200 -0.218108 -2.885813 -0.171497
 11 17.182070 0.000091 0.000546 0.000004 -0.000009 -0.718878
 12 16.782913 0.000650 -0.000234 -0.036165 -0.050873 0.381355
 13 5.168527 5.004116 -0.000135 0.000010 0.000000 1.570793
 14 17.182070 0.000099 0.000206 -0.000001 -0.000007 -0.450387
 15 16.782906 0.000656 -0.000113 0.149475 0.159069 0.394755
 16 5.168479 5.004167 -0.000064 0.000011 -0.000001 1.570802
 17 -2.021594 1.719428 2.871711 -0.469446 -1.190668 2.862454
 18 5.760273 0.000016 0.000006 0.867530 0.893272 0.566763
time 264
  0 3.697160 -3.697160 0.611236 -0.095429 -0.144780 -1.491099
  1 0.000000 0.000000 0.000000 -1.570796 -1.570796 0.000000
  2 4.484989 -0.004008 0.000006 -0.109942 0.032732 0.007414
  3 5.037136 -0.005101 -0.000238 0.122386 0.117701 0.125758
  4 6.388059 -0.005253 -0.000001 -0.122147 -0.032869 -0.155874
  5 6.146608 1.394838 0.000001 0.065812 -0.023588 0.733299
  6 -2.127062 1.340524 -2.992796 -0.402485 1.272862 2.024177
  7 5.760270 -0.000012 -0.000009 -0.621335 -0.873094 0.378050
  8 10.965153 0.000065 -0.000006 0.000013 0.000002 -0.357712
  9 0.000007 -0.000004 -4.044200 0.064452 3.061228 0.094620
 10 -0.000007 0.000007 4.044200 -0.215616 -2.886089 -0.173122
 11 17.182070 0.000091 0.000546 0.000004 -0.000009 -0.719165
 12 16.782913 0.000650 -0.000234 -0.040653 -0.052189 0.380845
 13 5.168527 5.004116 -0.000135 0.000010 0.000000 1.570793
 14 17.182070 0.000099 0.000206 -0.000001 -0.000007 -0.456349
 15 16.782906 0.000656 -0.000113 0.149410 0.157445 0.396937
 16 5.168479 5.004167 -0.000064 0.000011 -0.000001 1.570802
 17 -1.982530 1.719428 2.895149 -0.486974 -1.199470 2.870424
 18 5.760273 0.000016 0.000006 0.898886 0.880482 0.614758
time 265
  0 3.642471 -3.642471 0.607330 -0.094568 -0.144533 -1.492977
  1 0.000000 0.000000 0.000000 -1.570796 -1.570796 0.000000
  2 4.484989 -0.004008 0.000006 -0.113354 0.032636 0.003735
  3 5.037136 -0.005101 -0.000238 0.120787 0.120174 0.116209
  4 6.388059 -0.005253 -0.000001 -0.127816 -0.034011 -0.166272
  5 6.146608 1.394838 0.000001 0.060049 -0.031009 0.741199
  6 -2.130968 1.360056 -2.973264 -0.401818 1.267061 2.015974
  7 5.760270 -0.000012 -0.000009 -0.644683 -0.878406 0.414089
  8 10.965153 0.000065 -0.000006 0.000013 0.000002 -0.347992
  9 0.000007 -0.000004 -4.044200 0.062460 3.061801 0.090130
 10 -0.000007 0.000007 4.044200 -0.212549 -2.886456 -0.173982
 11 17.182070 0.000091 0.000546 0.000004 -0.000009 -0.719380
 12 16.782913 0.000650 -0.000234 -0.045190 -0.053523 0.380098
 13 5.168527 5.004116 -0.000135 0.000010 0.000000 1.570793
 14 17.182070 0.000099 0.000206 -0.000001 -0.000007 -0.462516
 15 16.782906 0.000656 -0.000113 0.149296 0.155841 0.399120
 16 5.168479 5.004167 -0.000064 0.000011 -0.000001 1.570802
 17 -1.947373 1.719428 2.922494 -0.500535 -1.203871 2.874314
 18 5.760273 0.000016 0.000006 0.911917 0.863510 0.618305
time 266
  0 3.579969 -3.579969 0.607330 -0.093612 -0.144335 -1.495136
  1 0.000000 0.000000 0.000000 -1.570796 -1.570796 0.000000
  2 4.484989 -0.004008 0.000006 -0.116766 0.032556 0.000414
  3 5.037136 -0.005101 -0.000238 0.119308 0.122647 0.106600
  4 6.388059 -0.005253 -0.000001 -0.133412 -0.035191 -0.176670
  5 6.146608 1.394838 0.000001 0.054438 -0.038132 0.748821
  6 -2.138781 1.395213 -2.953732 -0.401818 1.261708 2.007485
  7 5.760270 -0.000012 -0.000009 -0.669733 -0.882930 0.452218
  8 10.965153 0.000065 -0.000006 0.000013 0.000002 -0.339758
  9 0.000007 -0.000004 -4.044200 0.060657 3.062279 0.086022
 10 -0.000007 0.000007 4.044200 -0.209002 -2.886640 -0.175225
 11 17.182070 0.000091 0.000546 0.000004 -0.000009 -0.719595
 12 16.782913 0.000650 -0.000234 -0.049678 -0.054876 0.379249
 13 5.168527 5.004116 -0.000135 0.000010 0.000000 1.570793
 14 17.182070 0.000099 0.000206 -0.000001 -0.000007 -0.468615
 15 16.782906 0.000656 -0.000113 0.149101 0.154217 0.401228
 16 5.168479 5.004167 -0.000064 0.000011 -0.000001 1.570802
 17 -1.916122 1.719428 2.945932 -0.511882 -1.205820 2.876021
 18 5.760273 0.000016 0.000006 0.916261 0.845419 0.598819
time 267
  0 3.529186 -3.529186 0.595611 -0.092656 -0.144088 -1.496920
  1 0.000000 0.000000 0.000000 -1.570796 -1.570796 0.000000
  2 4.484989 -0.004008 0.000006 -0.120081 0.032349 -0.003036
  3 5.037136 -0.005101 -0.000238 0.117692 0.125120 0.097021
  4 6.388059 -0.005253 -0.000001 -0.139045 -0.036371 -0.187068
  5 6.146608 1.394838 0.000001 0.048979 -0.044959 0.756284
  6 -2.146594 1.426464 -2.934200 -0.396675 1.255538 2.004528
  7 5.760270 -0.000012 -0.000009 -0.697982 -0.881003 0.482650
  8 10.965153 0.000065 -0.000006 0.000013 0.000002 -0.333567
  9 0.000007 -0.000004 -4.044200 0.059044 3.062852 0.081245
 10 -0.000007 0.000007 4.044200 -0.206510 -2.886915 -0.176372
 11 17.182070 0.000091 0.000546 0.000004 -0.000009 -0.719882
 12 16.782913 0.000650 -0.000234 -0.054166 -0.056303 0.378332
 13 5.168527 5.004116 -0.000135 0.000010 0.000000 1.570793
 14 17.182070 0.000099 0.000206 -0.000001 -0.000007 -0.474577
 15 16.782906 0.000656 -0.000113 0.148922 0.152572 0.403298
 16 5.168479 5.004167 -0.000064 0.000011 -0.000001 1.570802
 17 -1.884871 1.719428 2.953745 -0.521384 -1.210283 2.876780
 18 5.760273 0.000016 0.000006 0.925695 0.831802 0.600121
time 268
  0 3.474497 -3.474497 0.595611 -0.091604 -0.143841 -1.498798
  1 0.000000 0.000000 0.000000 -1.570796 -1.570796 0.000000
  2 4.484989 -0.004008 0.000006 -0.123038 0.031901 -0.006129
  3 5.037136 -0.005101 -0.000238 0.116179 0.127519 0.087533
  4 6.388059 -0.005253 -0.000001 -0.144522 -0.037684 -0.197255
  5 6.146608 1.394838 0.000001 0.043710 -0.051429 0.763390
  6 -2.162219 1.457715 -2.914668 -0.386960 1.248735 2.006341
  7 5.760270 -0.000012 -0.000009 -0.728819 -0.874078 0.504722
  8 10.965153 0.000065 -0.000006 0.000013 0.000002 -0.328429
  9 0.000007 -0.000004 -4.044200 0.056957 3.063425 0.076659
 10 -0.000007 0.000007 4.044200 -0.203443 -2.887191 -0.177614
 11 17.182070 0.000091 0.000546 0.000004 -0.000009 -0.720097
 12 16.782913 0.000650 -0.000234 -0.058654 -0.057711 0.377517
 13 5.168527 5.004116 -0.000135 0.000010 0.000000 1.570793
 14 17.182070 0.000099 0.000206 -0.000001 -0.000007 -0.480402
 15 16.782906 0.000656 -0.000113 0.148678 0.150886 0.405330
 16 5.168479 5.004167 -0.000064 0.000011 -0.000001 1.570802
 17 -1.853620 1.719428 2.977183 -0.530424 -1.217639 2.877824
 18 5.760273 0.000016 0.000006 0.940763 0.822319 0.626117
time 269
  0 3.419808 -3.419808 0.587798 -0.090648 -0.143594 -1.500676
  1 0.000000 0.000000 0.000000 -1.570796 -1.570796 0.000000
  2 4.484989 -0.004008 0.000006 -0.125540 0.031118 -0.008701
  3 5.037136 -0.005101 -0.000238 0.114716 0.129787 0.078287
  4 6.388059 -0.005253 -0.000001 -0.149747 -0.039226 -0.207125
  5 6.146608 1.394838 0.000001 0.038668 -0.057543 0.770178
  6 -2.162219 1.488966 -2.895136 -0.377531 1.242222 2.008248
  7 5.760270 -0.000012 -0.000009 -0.757544 -0.867350 0.524704
  8 10.965153 0.000065 -0.000006 0.000013 0.000002 -0.323352
  9 0.000007 -0.000004 -4.044200 0.055250 3.063998 0.072264
 10 -0.000007 0.000007 4.044200 -0.200472 -2.887467 -0.178857
 11 17.182070 0.000091 0.000546 0.000004 -0.000009 -0.720312
 12 16.782913 0.000650 -0.000234 -0.063068 -0.059101 0.376940
 13 5.168527 5.004116 -0.000135 0.000010 0.000000 1.570793
 14 17.182070 0.000099 0.000206 -0.000001 -0.000007 -0.486090
 15 16.782906 0.000656 -0.000113 0.148434 0.149262 0.407287
 16 5.168479 5.004167 -0.000064 0.000011 -0.000001 1.570802
 17 -1.822369 1.719428 2.996715 -0.538912 -1.224900 2.878868
 18 5.760273 0.000016 0.000006 0.953929 0.813419 0.651259
time 270
  0 3.361212 -3.361212 0.579985 -0.089787 -0.143347 -1.502929
  1 0.000000 0.000000 0.000000 -1.570796 -1.570796 0.000000
  2 4.484989 -0.004008 0.000006 -0.127360 0.029775 -0.010784
  3 5.037136 -0.005101 -0.000238 0.113441 0.131982 0.069282
  4 6.388059 -0.005253 -0.000001 -0.154637 -0.040787 -0.216625
  5 6.146608 1.394838 0.000001 0.033891 -0.063262 0.776609
  6 -2.170032 1.508498 -2.883417 -0.368578 1.236052 2.010060
  7 5.760270 -0.000012 -0.000009 -0.783888 -0.861252 0.542647
  8 10.965153 0.000065 -0.000006 0.000013 0.000002 -0.317966
  9 0.000007 -0.000004 -4.044200 0.053827 3.064571 0.068060
 10 -0.000007 0.000007 4.044200 -0.197405 -2.887650 -0.180099
 11 17.182070 0.000091 0.000546 0.000004 -0.000009 -0.720384
 12 16.782913 0.000650 -0.000234 -0.067458 -0.060528 0.376158
 13 5.168527 5.004116 -0.000135 0.000010 0.000000 1.570793
 14 17.182070 0.000099 0.000206 -0.000001 -0.000007 -0.491709
 15 16.782906 0.000656 -0.000113 0.148174 0.147658 0.409168
 16 5.168479 5.004167 -0.000064 0.000011 -0.000001 1.570802
 17 -1.798931 1.711615 3.016247 -0.547030 -1.231973 2.880101
 18 5.760273 0.000016 0.000006 0.965060 0.805152 0.674650
time 271
  0 3.306523 -3.306523 0.576079 -0.088831 -0.143100 -1.504619
  1 0.000000 0.000000 0.000000 -1.570796 -1.570796 0.000000
  2 4.484989 -0.004008 0.000006 -0.128562 0.028065 -0.012152
  3 5.037136 -0.005101 -0.000238 0.112148 0.134104 0.060580
  4 6.388059 -0.005253 -0.000001 -0.159203 -0.042347 -0.225757
  5 6.146608 1.394838 0.000001 0.029418 -0.068545 0.782564
  6 -2.170032 1.539749 -2.859979 -0.360101 1.230251 2.011968
  7 5.760270 -0.000012 -0.000009 -0.808257 -0.855823 0.558908
  8 10.965153 0.000065 -0.000006 0.000013 0.000002 -0.312580
  9 0.000007 -0.000004 -4.044200 0.052214 3.065145 0.063761
 10 -0.000007 0.000007 4.044200 -0.194530 -2.888018 -0.180960
 11 17.182070 0.000091 0.000546 0.000004 -0.000009 -0.720599
 12 16.782913 0.000650 -0.000234 -0.071799 -0.061918 0.375411
 13 5.168527 5.004116 -0.000135 0.000010 0.000000 1.570793
 14 17.182070 0.000099 0.000206 -0.000001 -0.000007 -0.497123
 15 16.782906 0.000656 -0.000113 0.147865 0.146075 0.411012
 16 5.168479 5.004167 -0.000064 0.000011 -0.000001 1.570802
 17 -1.767680 1.711615 3.027966 -0.554687 -1.238794 2.881334
 18 5.760273 0.000016 0.000006 0.974494 0.797420 0.696290
time 272
  0 3.251834 -3.251834 0.568266 -0.087875 -0.142754 -1.506403
  1 0.000000 0.000000 0.000000 -1.570796 -1.570796 0.000000
  2 4.484989 -0.004008 0.000006 -0.129342 0.026003 -0.013128
  3 5.037136 -0.005101 -0.000238 0.111009 0.136123 0.051998
  4 6.388059 -0.005253 -0.000001 -0.163662 -0.044098 -0.234606
  5 6.146608 1.394838 0.000001 0.025247 -0.073393 0.788082
  6 -2.170032 1.563187 -2.848260 -0.352291 1.224819 2.013685
  7 5.760270 -0.000012 -0.000009 -0.831878 -0.850865 0.574200
  8 10.965153 0.000065 -0.000006 0.000013 0.000002 -0.307070
  9 0.000007 -0.000004 -4.044200 0.050222 3.065622 0.059653
 10 -0.000007 0.000007 4.044200 -0.191654 -2.888294 -0.182202
 11 17.182070 0.000091 0.000546 0.000004 -0.000009 -0.720599
 12 16.782913 0.000650 -0.000234 -0.076066 -0.063289 0.374494
 13 5.168527 5.004116 -0.000135 0.000010 0.000000 1.570793
 14 17.182070 0.000099 0.000206 -0.000001 -0.000007 -0.502331
 15 16.782906 0.000656 -0.000113 0.147507 0.144492 0.412744
 16 5.168479 5.004167 -0.000064 0.000011 -0.000001 1.570802
 17 -1.748148 1.711615 3.039685 -0.561975 -1.245301 2.882663
 18 5.760273 0.000016 0.000006 0.982367 0.790077 0.717077
time 273
  0 3.201051 -3.201051 0.564360 -0.087014 -0.142556 -1.508187
  1 0.000000 0.000000 0.000000 -1.570796 -1.570796 0.000000
  2 4.484989 -0.004008 0.000006 -0.129732 0.023670 -0.013682
  3 5.037136 -0.005101 -0.000238 0.109835 0.138054 0.043538
  4 6.388059 -0.005253 -0.000001 -0.167772 -0.045963 -0.243298
  5 6.146608 1.394838 0.000001 0.021475 -0.077746 0.793163
  6 -2.173938 1.582719 -2.828728 -0.344862 1.219862 2.015211
  7 5.760270 -0.000012 -0.000009 -0.853660 -0.846223 0.588218
  8 10.965153 0.000065 -0.000006 0.000013 0.000002 -0.301560
  9 0.000007 -0.000004 -4.044200 0.049083 3.066195 0.055640
 10 -0.000007 0.000007 4.044200 -0.189067 -2.888569 -0.183158
 11 17.182070 0.000091 0.000546 0.000004 -0.000009 -0.720814
 12 16.782913 0.000650 -0.000234 -0.080260 -0.064605 0.373985
 13 5.168527 5.004116 -0.000135 0.000010 0.000000 1.570793
 14 17.182070 0.000099 0.000206 -0.000001 -0.000007 -0.507471
 15 16.782906 0.000656 -0.000113 0.147198 0.142991 0.414437
 16 5.168479 5.004167 -0.000064 0.000011 -0.000001 1.570802
 17 -1.724710 1.711615 3.059217 -0.568524 -1.251399 2.883991
 18 5.760273 0.000016 0.000006 0.989222 0.783074 0.736921
time 274
  0 3.154175 -3.154175 0.564360 -0.086058 -0.142309 -1.509971
  1 0.000000 0.000000 0.000000 -1.570796 -1.570796 0.000000
  2 4.484989 -0.004008 0.000006 -0.129862 0.021177 -0.013975
  3 5.037136 -0.005101 -0.000238 0.108798 0.140000 0.035167
  4 6.388059 -0.005253 -0.000001 -0.171919 -0.047905 -0.251796
  5 6.146608 1.394838 0.000001 0.018082 -0.081625 0.797649
  6 -2.173938 1.602251 -2.817009 -0.338671 1.215432 2.016737
  7 5.760270 -0.000012 -0.000009 -0.874898 -0.841856 0.601114
  8 10.965153 0.000065 -0.000006 0.000013 0.000002 -0.295864
  9 0.000007 -0.000004 -4.044200 0.047565 3.066673 0.051818
 10 -0.000007 0.000007 4.044200 -0.186671 -2.888753 -0.184592
 11 17.182070 0.000091 0.000546 0.000004 -0.000009 -0.721029
 12 16.782913 0.000650 -0.000234 -0.084331 -0.065865 0.373373
 13 5.168527 5.004116 -0.000135 0.000010 0.000000 1.570793
 14 17.182070 0.000099 0.000206 -0.000001 -0.000007 -0.512405
 15 16.782906 0.000656 -0.000113 0.146824 0.141593 0.416018
 16 5.168479 5.004167 -0.000064 0.000011 -0.000001 1.570802
 17 -1.705178 1.711615 3.070936 -0.574429 -1.257057 2.885224
 18 5.760273 0.000016 0.000006 0.995399 0.776265 0.755913
time 275
  0 3.103392 -3.103392 0.556547 -0.085293 -0.142161 -1.511661
  1 0.000000 0.000000 0.000000 -1.570796 -1.570796 0.000000
  2 4.484989 -0.004008 0.000006 -0.129797 0.018444 -0.014072
  3 5.037136 -0.005101 -0.000238 0.107778 0.141873 0.026888
  4 6.388059 -0.005253 -0.000001 -0.175874 -0.049865 -0.260205
  5 6.146608 1.394838 0.000001 0.015125 -0.084969 0.801579
  6 -2.173938 1.613970 -2.805290 -0.332766 1.211503 2.018168
  7 5.760270 -0.000012 -0.000009 -0.895796 -0.837685 0.614164
  8 10.965153 0.000065 -0.000006 0.000013 0.000002 -0.290230
  9 0.000007 -0.000004 -4.044200 0.046142 3.066960 0.048092
 10 -0.000007 0.000007 4.044200 -0.183699 -2.889028 -0.185548
 11 17.182070 0.000091 0.000546 0.000004 -0.000009 -0.721244
 12 16.782913 0.000650 -0.000234 -0.088353 -0.067125 0.372558
 13 5.168527 5.004116 -0.000135 0.000010 0.000000 1.570793
 14 17.182070 0.000099 0.000206 -0.000001 -0.000007 -0.517065
 15 16.782906 0.000656 -0.000113 0.146466 0.140175 0.417485
 16 5.168479 5.004167 -0.000064 0.000011 -0.000001 1.570802
 17 -1.685646 1.707709 3.078749 -0.579779 -1.262212 2.886268
 18 5.760273 0.000016 0.000006 1.000693 0.769554 0.774275
time 276
  0 3.060422 -3.060422 0.556547 -0.084528 -0.141914 -1.513351
  1 0.000000 0.000000 0.000000 -1.570796 -1.570796 0.000000
  2 4.484989 -0.004008 0.000006 -0.129570 0.015711 -0.013975
  3 5.037136 -0.005101 -0.000238 0.106706 0.143717 0.018639
  4 6.388059 -0.005253 -0.000001 -0.179757 -0.051768 -0.268527
  5 6.146608 1.394838 0.000001 0.012604 -0.087778 0.804874
  6 -2.181751 1.633502 -2.797477 -0.328099 1.208207 2.019408
  7 5.760270 -0.000012 -0.000009 -0.916013 -0.833554 0.626551
  8 10.965153 0.000065 -0.000006 0.000013 0.000002 -0.284782
  9 0.000007 -0.000004 -4.044200 0.044719 3.067437 0.044748
 10 -0.000007 0.000007 4.044200 -0.181016 -2.889396 -0.186312
 11 17.182070 0.000091 0.000546 0.000004 -0.000009 -0.721316
 12 16.782913 0.000650 -0.000234 -0.092277 -0.068274 0.372253
 13 5.168527 5.004116 -0.000135 0.000010 0.000000 1.570793
 14 17.182070 0.000099 0.000206 -0.000001 -0.000007 -0.521450
 15 16.782906 0.000656 -0.000113 0.146092 0.138920 0.418916
 16 5.168479 5.004167 -0.000064 0.000011 -0.000001 1.570802
 17 -1.673927 1.707709 3.090468 -0.584207 -1.266739 2.887596
 18 5.760273 0.000016 0.000006 1.005376 0.762892 0.792009
time 277
  0 3.017452 -3.017452 0.544828 -0.083763 -0.141667 -1.514853
  1 0.000000 0.000000 0.000000 -1.570796 -1.570796 0.000000
  2 4.484989 -0.004008 0.000006 -0.129310 0.012946 -0.013812
  3 5.037136 -0.005101 -0.000238 0.105635 0.145589 0.010390
  4 6.388059 -0.005253 -0.000001 -0.183592 -0.053919 -0.276796
  5 6.146608 1.394838 0.000001 0.010633 -0.089995 0.807494
  6 -2.181751 1.645221 -2.797477 -0.324289 1.205544 2.020266
  7 5.760270 -0.000012 -0.000009 -0.935686 -0.829384 0.638734
  8 10.965153 0.000065 -0.000006 0.000013 0.000002 -0.279210
  9 0.000007 -0.000004 -4.044200 0.043391 3.068106 0.041596
 10 -0.000007 0.000007 4.044200 -0.178428 -2.889672 -0.187268
 11 17.182070 0.000091 0.000546 0.000004 -0.000009 -0.721746
 12 16.782913 0.000650 -0.000234 -0.096078 -0.069349 0.371607
 13 5.168527 5.004116 -0.000135 0.000010 0.000000 1.570793
 14 17.182070 0.000099 0.000206 -0.000001 -0.000007 -0.525631
 15 16.782906 0.000656 -0.000113 0.145718 0.137748 0.420233
 16 5.168479 5.004167 -0.000064 0.000011 -0.000001 1.570802
 17 -1.662208 1.707709 3.090468 -0.587805 -1.270637 2.888450
 18 5.760273 0.000016 0.000006 1.009652 0.756083 0.809250
time 278
  0 2.978388 -2.978388 0.537015 -0.083094 -0.141469 -1.516637
  1 0.000000 0.000000 0.000000 -1.570796 -1.570796 0.000000
  2 4.484989 -0.004008 0.000006 -0.129082 0.010165 -0.013812
  3 5.037136 -0.005101 -0.000238 0.104649 0.147418 0.002140
  4 6.388059 -0.005253 -0.000001 -0.187355 -0.055879 -0.285118
  5 6.146608 1.394838 0.000001 0.009135 -0.091617 0.809439
  6 -2.185658 1.649127 -2.785758 -0.321527 1.203619 2.021029
  7 5.760270 -0.000012 -0.000009 -0.955222 -0.825017 0.650814
  8 10.965153 0.000065 -0.000006 0.000013 0.000002 -0.273576
  9 0.000007 -0.000004 -4.044200 0.042443 3.068488 0.038538
 10 -0.000007 0.000007 4.044200 -0.176128 -2.890039 -0.188606
 11 17.182070 0.000091 0.000546 0.000004 -0.000009 -0.722033
 12 16.782913 0.000650 -0.000234 -0.099757 -0.070331 0.371472
 13 5.168527 5.004116 -0.000135 0.000010 0.000000 1.570793
 14 17.182070 0.000099 0.000206 -0.000001 -0.000007 -0.529537
 15 16.782906 0.000656 -0.000113 0.145360 0.136638 0.421437
 16 5.168479 5.004167 -0.000064 0.000011 -0.000001 1.570802
 17 -1.650489 1.699896 3.102187 -0.590111 -1.273812 2.889209
 18 5.760273 0.000016 0.000006 1.013927 0.749081 0.826131
time 279
  0 2.947137 -2.947137 0.533109 -0.082329 -0.141222 -1.517764
  1 0.000000 0.000000 0.000000 -1.570796 -1.570796 0.000000
  2 4.484989 -0.004008 0.000006 -0.128952 0.007432 -0.013812
  3 5.037136 -0.005101 -0.000238 0.103492 0.149262 -0.006169
  4 6.388059 -0.005253 -0.000001 -0.191214 -0.058030 -0.293440
  5 6.146608 1.394838 0.000001 0.008226 -0.092626 0.810630
  6 -2.185658 1.656940 -2.785758 -0.319527 1.202406 2.021506
  7 5.760270 -0.000012 -0.000009 -0.975235 -0.820374 0.663354
  8 10.965153 0.000065 -0.000006 0.000013 0.000002 -0.267881
  9 0.000007 -0.000004 -4.044200 0.041494 3.068679 0.035481
 10 -0.000007 0.000007 4.044200 -0.173827 -2.890498 -0.189275
 11 17.182070 0.000091 0.000546 0.000004 -0.000009 -0.722463
 12 16.782913 0.000650 -0.000234 -0.103313 -0.071239 0.371200
 13 5.168527 5.004116 -0.000135 0.000010 0.000000 1.570793
 14 17.182070 0.000099 0.000206 -0.000001 -0.000007 -0.533169
 15 16.782906 0.000656 -0.000113 0.144986 0.135692 0.422566
 16 5.168479 5.004167 -0.000064 0.000011 -0.000001 1.570802
 17 -1.650489 1.699896 3.102187 -0.591587 -1.276106 2.889493
 18 5.760273 0.000016 0.000006 1.018067 0.741689 0.842653
time 280
  0 2.915886 -2.915886 0.533109 -0.081851 -0.140975 -1.519078
  1 0.000000 0.000000 0.000000 -1.570796 -1.570796 0.000000
  2 4.484989 -0.004008 0.000006 -0.129017 0.004811 -0.014105
  3 5.037136 -0.005101 -0.000238 0.102353 0.151135 -0.014509
  4 6.388059 -0.005253 -0.000001 -0.195229 -0.060162 -0.301885
  5 6.146608 1.394838 0.000001 0.007922 -0.092963 0.811027
  6 -2.185658 1.656940 -2.785758 -0.319146 1.201984 2.021697
  7 5.760270 -0.000012 -0.000009 -0.994771 -0.815260 0.676556
  8 10.965153 0.000065 -0.000006 0.000013 0.000002 -0.262433
  9 0.000007 -0.000004 -4.044200 0.043960 3.068106 0.032615
 10 -0.000007 0.000007 4.044200 -0.169994 -2.891417 -0.190231
 11 17.182070 0.000091 0.000546 0.000004 -0.000009 -0.722965
 12 16.782913 0.000650 -0.000234 -0.108267 -0.072036 0.371132
 13 5.168527 5.004116 -0.000135 0.000010 0.000000 1.570793
 14 17.182070 0.000099 0.000206 -0.000001 -0.000007 -0.536527
 15 16.782906 0.000656 -0.000113 0.140855 0.135405 0.423093
 16 5.168479 5.004167 -0.000064 0.000011 -0.000001 1.570802
 17 -1.650489 1.699896 3.102187 -0.591956 -1.277552 2.889778
 18 5.760273 0.000016 0.000006 1.022208 0.733908 0.858771
end
