version 1
nodes
  0 "Bip01"  -1
  1 "Bip01 Pelvis"   0
  2 "Bip01 Spine"   1
  3 "Bip01 Spine1"   2
  4 "Bip01 Spine2"   3
  5 "Bip01 Neck"   4
  6 "Bip01 R Clavicle"   5
  7 "Bip01 R UpperArm"   6
  8 "Bip01 R Forearm"   7
  9 "Bip01 R Thigh"   1
 10 "Bip01 L Thigh"   1
 11 "Bip01 L Calf"  10
 12 "Bip01 L Foot"  11
 13 "Bip01 L Toe0"  12
 14 "Bip01 R Calf"   9
 15 "Bip01 R Foot"  14
 16 "Bip01 R Toe0"  15
 17 "Bip01 L Clavicle"   5
 18 "Bip01 L UpperArm"  17
end
skeleton
time 0
  0 0.009547 -0.009547 -3.927965 0.014152 0.130055 -1.742724
  1 0.000000 0.000000 0.000000 -1.570796 -1.570796 0.000000
  2 4.484989 -0.004008 0.000006 -0.083944 -0.133918 0.012720
  3 5.037136 -0.005101 -0.000238 -0.009120 -0.021198 0.326096
  4 6.388059 -0.005253 -0.000001 -0.007562 -0.045583 0.070876
  5 6.146608 1.394838 0.000001 0.087534 -0.062391 0.573875
  6 -2.439571 0.938168 -2.902949 0.413475 1.131871 2.942712
  7 5.760270 -0.000012 -0.000009 0.058216 -0.590569 -0.669881
  8 10.965153 0.000065 -0.000006 0.000013 0.000002 -1.200304
  9 0.000007 -0.000004 -4.044200 0.155524 2.756276 0.047137
 10 -0.000007 0.000007 4.044200 -0.133573 -3.014247 -0.531169
 11 17.182070 0.000091 0.000546 0.000004 -0.000009 -1.359172
 12 16.782913 0.000650 -0.000234 -0.231403 -0.163822 0.267680
 13 5.168527 5.004116 -0.000135 -0.046062 0.015675 2.252249
 14 17.182070 0.000099 0.000206 -0.000001 -0.000007 -2.213134
 15 16.782906 0.000656 -0.000113 0.162649 -0.073939 0.218629
 16 5.168479 5.004167 -0.000064 0.158957 -0.099150 1.436913
 17 -2.080190 1.445982 2.973277 0.224936 -1.263941 2.349751
 18 5.760273 0.000016 0.000006 0.348520 0.777141 0.151605
time 1
  0 0.009547 -0.009547 -3.927965 0.014152 0.130055 -1.742724
  1 0.000000 0.000000 0.000000 -1.570796 -1.570796 0.000000
  2 4.484989 -0.004008 0.000006 -0.113289 -0.136714 -0.001930
  3 5.037136 -0.005101 -0.000238 -0.011977 -0.020042 0.323588
  4 6.388059 -0.005253 -0.000001 -0.013531 -0.044669 0.065932
  5 6.146608 1.394838 0.000001 0.101978 -0.069574 0.656366
  6 -2.353631 1.082703 -2.922481 0.471098 1.123407 2.910187
  7 5.760270 -0.000012 -0.000009 -0.039602 -0.615552 -0.626604
  8 10.965153 0.000065 -0.000006 0.000013 0.000002 -1.186498
  9 0.000007 -0.000004 -4.044200 0.155524 2.756276 0.047137
 10 -0.000007 0.000007 4.044200 -0.133573 -3.014247 -0.531169
 11 17.182070 0.000091 0.000546 0.000004 -0.000009 -1.359172
 12 16.782913 0.000650 -0.000234 -0.231403 -0.163822 0.267680
 13 5.168527 5.004116 -0.000135 -0.046062 0.015675 2.252249
 14 17.182070 0.000099 0.000206 -0.000001 -0.000007 -2.213134
 15 16.782906 0.000656 -0.000113 0.162649 -0.073939 0.218629
 16 5.168479 5.004167 -0.000064 0.158957 -0.099150 1.436913
 17 -1.951279 1.668645 2.945932 0.287113 -1.240271 2.208198
 18 5.760273 0.000016 0.000006 0.317164 0.769603 0.164759
time 2
  0 0.009547 -0.009547 -3.927965 0.014152 0.130055 -1.742724
  1 0.000000 0.000000 0.000000 -1.570796 -1.570796 0.000000
  2 4.484989 -0.004008 0.000006 -0.145916 -0.132239 -0.014919
  3 5.037136 -0.005101 -0.000238 -0.015038 -0.018126 0.320294
  4 6.388059 -0.005253 -0.000001 -0.020338 -0.042442 0.059475
  5 6.146608 1.394838 0.000001 0.119152 -0.077252 0.748543
  6 -2.236440 1.223333 -2.953732 0.531483 1.119557 2.870317
  7 5.760270 -0.000012 -0.000009 -0.154914 -0.637152 -0.557432
  8 10.965153 0.000065 -0.000006 0.000013 0.000002 -1.138209
  9 0.000007 -0.000004 -4.044200 0.155524 2.756276 0.047137
 10 -0.000007 0.000007 4.044200 -0.133573 -3.014247 -0.531169
 11 17.182070 0.000091 0.000546 0.000004 -0.000009 -1.359172
 12 16.782913 0.000650 -0.000234 -0.231403 -0.163822 0.267680
 13 5.168527 5.004116 -0.000135 -0.046062 0.015675 2.252249
 14 17.182070 0.000099 0.000206 -0.000001 -0.000007 -2.213134
 15 16.782906 0.000656 -0.000113 0.162649 -0.073939 0.218629
 16 5.168479 5.004167 -0.000064 0.158957 -0.099150 1.436913
 17 -1.798931 1.910840 2.895149 0.330195 -1.205474 2.076797
 18 5.760273 0.000016 0.000006 0.285129 0.758612 0.178183
time 3
  0 0.009547 -0.009547 -3.927965 0.014152 0.130055 -1.742724
  1 0.000000 0.000000 0.000000 -1.570796 -1.570796 0.000000
  2 4.484989 -0.004008 0.000006 -0.180785 -0.121851 -0.026671
  3 5.037136 -0.005101 -0.000238 -0.018201 -0.015492 0.316396
  4 6.388059 -0.005253 -0.000001 -0.027744 -0.039150 0.051734
  5 6.146608 1.394838 0.000001 0.137443 -0.086215 0.845960
  6 -2.115343 1.352243 -2.992796 0.591964 1.119478 2.825010
  7 5.760270 -0.000012 -0.000009 -0.281185 -0.647578 -0.470673
  8 10.965153 0.000065 -0.000006 0.000013 0.000002 -1.068498
  9 0.000007 -0.000004 -4.044200 0.155524 2.756276 0.047137
 10 -0.000007 0.000007 4.044200 -0.133573 -3.014247 -0.531169
 11 17.182070 0.000091 0.000546 0.000004 -0.000009 -1.359172
 12 16.782913 0.000650 -0.000234 -0.231403 -0.163822 0.267680
 13 5.168527 5.004116 -0.000135 -0.046062 0.015675 2.252249
 14 17.182070 0.000099 0.000206 -0.000001 -0.000007 -2.213134
 15 16.782906 0.000656 -0.000113 0.162649 -0.073939 0.218629
 16 5.168479 5.004167 -0.000064 0.158957 -0.099150 1.436913
 17 -1.611425 2.156941 2.840460 0.355380 -1.164107 1.957634
 18 5.760273 0.000016 0.000006 0.254519 0.746941 0.192910
time 4
  0 0.009547 -0.009547 -3.927965 0.014152 0.130055 -1.742724
  1 0.000000 0.000000 0.000000 -1.570796 -1.570796 0.000000
  2 4.484989 -0.004008 0.000006 -0.216759 -0.106603 -0.037967
  3 5.037136 -0.005101 -0.000238 -0.021534 -0.012419 0.311985
  4 6.388059 -0.005253 -0.000001 -0.035654 -0.034772 0.043025
  5 6.146608 1.394838 0.000001 0.155242 -0.096900 0.944688
  6 -1.970807 1.469434 -3.035766 0.650730 1.122036 2.776460
  7 5.760270 -0.000012 -0.000009 -0.409771 -0.642148 -0.376880
  8 10.965153 0.000065 -0.000006 0.000013 0.000002 -0.989625
  9 0.000007 -0.000004 -4.044200 0.155524 2.756276 0.047137
 10 -0.000007 0.000007 4.044200 -0.133573 -3.014247 -0.531169
 11 17.182070 0.000091 0.000546 0.000004 -0.000009 -1.359172
 12 16.782913 0.000650 -0.000234 -0.231403 -0.163822 0.267680
 13 5.168527 5.004116 -0.000135 -0.046062 0.015675 2.252249
 14 17.182070 0.000099 0.000206 -0.000001 -0.000007 -2.213134
 15 16.782906 0.000656 -0.000113 0.162649 -0.073939 0.218629
 16 5.168479 5.004167 -0.000064 0.158957 -0.099150 1.436913
 17 -1.396575 2.375698 2.770145 0.367926 -1.120507 1.849382
 18 5.760273 0.000016 0.000006 0.226692 0.737604 0.209791
time 5
  0 0.009547 -0.009547 -3.927965 0.014152 0.130055 -1.742724
  1 0.000000 0.000000 0.000000 -1.570796 -1.570796 0.000000
  2 4.484989 -0.004008 0.000006 -0.252766 -0.087760 -0.049133
  3 5.037136 -0.005101 -0.000238 -0.024867 -0.008952 0.307271
  4 6.388059 -0.005253 -0.000001 -0.043828 -0.029919 0.033612
  5 6.146608 1.394838 0.000001 0.170975 -0.109267 1.040557
  6 -1.810646 1.571000 -3.078736 0.705019 1.126070 2.727243
  7 5.760270 -0.000012 -0.000009 -0.527806 -0.620313 -0.289867
  8 10.965153 0.000065 -0.000006 0.000013 0.000002 -0.914714
  9 0.000007 -0.000004 -4.044200 0.155524 2.756276 0.047137
 10 -0.000007 0.000007 4.044200 -0.133573 -3.014247 -0.531169
 11 17.182070 0.000091 0.000546 0.000004 -0.000009 -1.359172
 12 16.782913 0.000650 -0.000234 -0.231403 -0.163822 0.267680
 13 5.168527 5.004116 -0.000135 -0.046062 0.015675 2.252249
 14 17.182070 0.000099 0.000206 -0.000001 -0.000007 -2.213134
 15 16.782906 0.000656 -0.000113 0.162649 -0.073939 0.218629
 16 5.168479 5.004167 -0.000064 0.158957 -0.099150 1.436913
 17 -1.166099 2.567110 2.703737 0.373000 -1.078920 1.750807
 18 5.760273 0.000016 0.000006 0.202598 0.733664 0.229725
time 6
  0 0.009547 -0.009547 -3.927965 0.014152 0.130055 -1.742724
  1 0.000000 0.000000 0.000000 -1.570796 -1.570796 0.000000
  2 4.484989 -0.004008 0.000006 -0.287700 -0.066423 -0.060625
  3 5.037136 -0.005101 -0.000238 -0.028082 -0.005308 0.302346
  4 6.388059 -0.005253 -0.000001 -0.051725 -0.024590 0.023865
  5 6.146608 1.394838 0.000001 0.183182 -0.122881 1.129717
  6 -1.662204 1.656940 -3.121706 0.753308 1.129841 2.678884
  7 5.760270 -0.000012 -0.000009 -0.627938 -0.585612 -0.221459
  8 10.965153 0.000065 -0.000006 0.000013 0.000002 -0.856395
  9 0.000007 -0.000004 -4.044200 0.155524 2.756276 0.047137
 10 -0.000007 0.000007 4.044200 -0.133573 -3.014247 -0.531169
 11 17.182070 0.000091 0.000546 0.000004 -0.000009 -1.359172
 12 16.782913 0.000650 -0.000234 -0.231403 -0.163822 0.267680
 13 5.168527 5.004116 -0.000135 -0.046062 0.015675 2.252249
 14 17.182070 0.000099 0.000206 -0.000001 -0.000007 -2.213134
 15 16.782906 0.000656 -0.000113 0.162649 -0.073939 0.218629
 16 5.168479 5.004167 -0.000064 0.158957 -0.099150 1.436913
 17 -0.931717 2.727271 2.641235 0.375583 -1.043431 1.660581
 18 5.760273 0.000016 0.000006 0.184544 0.738382 0.253834
time 7
  0 0.009547 -0.009547 -3.927965 0.014152 0.130055 -1.742724
  1 0.000000 0.000000 0.000000 -1.570796 -1.570796 0.000000
  2 4.484989 -0.004008 0.000006 -0.320522 -0.044000 -0.072833
  3 5.037136 -0.005101 -0.000238 -0.031092 -0.001606 0.297450
  4 6.388059 -0.005253 -0.000001 -0.059432 -0.018975 0.014083
  5 6.146608 1.394838 0.000001 0.190651 -0.137029 1.208080
  6 -1.525481 1.723348 -3.152957 0.793120 1.131502 2.634054
  7 5.760270 -0.000012 -0.000009 -0.711188 -0.545757 -0.167325
  8 10.965153 0.000065 -0.000006 0.000013 0.000002 -0.809715
  9 0.000007 -0.000004 -4.044200 0.155524 2.756276 0.047137
 10 -0.000007 0.000007 4.044200 -0.133573 -3.014247 -0.531169
 11 17.182070 0.000091 0.000546 0.000004 -0.000009 -1.359172
 12 16.782913 0.000650 -0.000234 -0.231403 -0.163822 0.267680
 13 5.168527 5.004116 -0.000135 -0.046062 0.015675 2.252249
 14 17.182070 0.000099 0.000206 -0.000001 -0.000007 -2.213134
 15 16.782906 0.000656 -0.000113 0.162649 -0.073939 0.218629
 16 5.168479 5.004167 -0.000064 0.158957 -0.099150 1.436913
 17 -0.712960 2.832743 2.594359 0.378443 -1.014763 1.580697
 18 5.760273 0.000016 0.000006 0.169545 0.746989 0.278707
time 8
  0 0.009547 -0.009547 -3.927965 0.014152 0.130055 -1.742724
  1 0.000000 0.000000 0.000000 -1.570796 -1.570796 0.000000
  2 4.484989 -0.004008 0.000006 -0.350095 -0.021465 -0.085887
  3 5.037136 -0.005101 -0.000238 -0.033727 0.001949 0.292676
  4 6.388059 -0.005253 -0.000001 -0.066407 -0.013475 0.004547
  5 6.146608 1.394838 0.000001 0.192338 -0.150821 1.271635
  6 -1.412196 1.785850 -3.172489 0.821884 1.129155 2.593516
  7 5.760270 -0.000012 -0.000009 -0.782935 -0.505273 -0.117319
  8 10.965153 0.000065 -0.000006 0.000013 0.000002 -0.763902
  9 0.000007 -0.000004 -4.044200 0.155524 2.756276 0.047137
 10 -0.000007 0.000007 4.044200 -0.133573 -3.014247 -0.531169
 11 17.182070 0.000091 0.000546 0.000004 -0.000009 -1.359172
 12 16.782913 0.000650 -0.000234 -0.231403 -0.163822 0.267680
 13 5.168527 5.004116 -0.000135 -0.046062 0.015675 2.252249
 14 17.182070 0.000099 0.000206 -0.000001 -0.000007 -2.213134
 15 16.782906 0.000656 -0.000113 0.162649 -0.073939 0.218629
 16 5.168479 5.004167 -0.000064 0.158957 -0.099150 1.436913
 17 -0.529361 2.903058 2.563108 0.382871 -0.992602 1.513905
 18 5.760273 0.000016 0.000006 0.155903 0.752485 0.301649
time 9
  0 0.009547 -0.009547 -3.927965 0.014152 0.130055 -1.742724
  1 0.000000 0.000000 0.000000 -1.570796 -1.570796 0.000000
  2 4.484989 -0.004008 0.000006 -0.375345 -0.000224 -0.099658
  3 5.037136 -0.005101 -0.000238 -0.036057 0.005388 0.288234
  4 6.388059 -0.005253 -0.000001 -0.072471 -0.008203 -0.004373
  5 6.146608 1.394838 0.000001 0.187409 -0.163425 1.316533
  6 -1.345788 1.836633 -3.164676 0.836266 1.121561 2.559369
  7 5.760270 -0.000012 -0.000009 -0.841952 -0.465851 -0.072665
  8 10.965153 0.000065 -0.000006 0.000013 0.000002 -0.721741
  9 0.000007 -0.000004 -4.044200 0.155524 2.756276 0.047137
 10 -0.000007 0.000007 4.044200 -0.133573 -3.014247 -0.531169
 11 17.182070 0.000091 0.000546 0.000004 -0.000009 -1.359172
 12 16.782913 0.000650 -0.000234 -0.231403 -0.163822 0.267680
 13 5.168527 5.004116 -0.000135 -0.046062 0.015675 2.252249
 14 17.182070 0.000099 0.000206 -0.000001 -0.000007 -2.213134
 15 16.782906 0.000656 -0.000113 0.162649 -0.073939 0.218629
 16 5.168479 5.004167 -0.000064 0.158957 -0.099150 1.436913
 17 -0.380919 2.926496 2.555295 0.391358 -0.979085 1.462483
 18 5.760273 0.000016 0.000006 0.145179 0.754770 0.322436
time 10
  0 0.009547 -0.009547 -3.927965 0.014152 0.130055 -1.742724
  1 0.000000 0.000000 0.000000 -1.570796 -1.570796 0.000000
  2 4.484989 -0.004008 0.000006 -0.395168 0.018699 -0.114275
  3 5.037136 -0.005101 -0.000238 -0.037724 0.008416 0.284246
  4 6.388059 -0.005253 -0.000001 -0.077325 -0.003388 -0.012396
  5 6.146608 1.394838 0.000001 0.175240 -0.174229 1.338605
  6 -1.322350 1.903041 -3.141238 0.833599 1.107428 2.532758
  7 5.760270 -0.000012 -0.000009 -0.887968 -0.429458 -0.034078
  8 10.965153 0.000065 -0.000006 0.000013 0.000002 -0.686391
  9 0.000007 -0.000004 -4.044200 0.155524 2.756276 0.047137
 10 -0.000007 0.000007 4.044200 -0.133573 -3.014247 -0.531169
 11 17.182070 0.000091 0.000546 0.000004 -0.000009 -1.359172
 12 16.782913 0.000650 -0.000234 -0.231403 -0.163822 0.267680
 13 5.168527 5.004116 -0.000135 -0.046062 0.015675 2.252249
 14 17.182070 0.000099 0.000206 -0.000001 -0.000007 -2.213134
 15 16.782906 0.000656 -0.000113 0.162649 -0.073939 0.218629
 16 5.168479 5.004167 -0.000064 0.158957 -0.099150 1.436913
 17 -0.298885 2.914777 2.586546 0.406580 -0.976382 1.428043
 18 5.760273 0.000016 0.000006 0.138460 0.753700 0.340934
time 11
  0 0.009547 -0.009547 -3.927965 0.014152 0.130055 -1.742724
  1 0.000000 0.000000 0.000000 -1.570796 -1.570796 0.000000
  2 4.484989 -0.004008 0.000006 -0.408330 0.034298 -0.129477
  3 5.037136 -0.005101 -0.000238 -0.038795 0.011006 0.280891
  4 6.388059 -0.005253 -0.000001 -0.080572 0.000780 -0.019187
  5 6.146608 1.394838 0.000001 0.155318 -0.184301 1.337573
  6 -1.357507 1.965543 -3.090455 0.814169 1.085621 2.514253
  7 5.760270 -0.000012 -0.000009 -0.920438 -0.398416 -0.001709
  8 10.965153 0.000065 -0.000006 0.000013 0.000002 -0.660946
  9 0.000007 -0.000004 -4.044200 0.155524 2.756276 0.047137
 10 -0.000007 0.000007 4.044200 -0.133573 -3.014247 -0.531169
 11 17.182070 0.000091 0.000546 0.000004 -0.000009 -1.359172
 12 16.782913 0.000650 -0.000234 -0.231403 -0.163822 0.267680
 13 5.168527 5.004116 -0.000135 -0.046062 0.015675 2.252249
 14 17.182070 0.000099 0.000206 -0.000001 -0.000007 -2.213134
 15 16.782906 0.000656 -0.000113 0.162649 -0.073939 0.218629
 16 5.168479 5.004167 -0.000064 0.158957 -0.099150 1.436913
 17 -0.267634 2.863994 2.649048 0.430750 -0.985844 1.408784
 18 5.760273 0.000016 0.000006 0.137849 0.749129 0.356602
time 12
  0 0.009547 -0.009547 -3.927965 0.014152 0.130055 -1.742724
  1 0.000000 0.000000 0.000000 -1.570796 -1.570796 0.000000
  2 4.484989 -0.004008 0.000006 -0.413627 0.045310 -0.145169
  3 5.037136 -0.005101 -0.000238 -0.039067 0.012923 0.278323
  4 6.388059 -0.005253 -0.000001 -0.082118 0.004225 -0.024395
  5 6.146608 1.394838 0.000001 0.128667 -0.195105 1.317883
  6 -1.427822 2.028045 -3.012328 0.781024 1.057381 2.503093
  7 5.760270 -0.000012 -0.000009 -0.940587 -0.374731 0.023422
  8 10.965153 0.000065 -0.000006 0.000013 0.000002 -0.648007
  9 0.000007 -0.000004 -4.044200 0.155524 2.756276 0.047137
 10 -0.000007 0.000007 4.044200 -0.133573 -3.014247 -0.531169
 11 17.182070 0.000091 0.000546 0.000004 -0.000009 -1.359172
 12 16.782913 0.000650 -0.000234 -0.231403 -0.163822 0.267680
 13 5.168527 5.004116 -0.000135 -0.046062 0.015675 2.252249
 14 17.182070 0.000099 0.000206 -0.000001 -0.000007 -2.213134
 15 16.782906 0.000656 -0.000113 0.162649 -0.073939 0.218629
 16 5.168479 5.004167 -0.000064 0.158957 -0.099150 1.436913
 17 -0.279353 2.778054 2.734988 0.464330 -1.006559 1.399486
 18 5.760273 0.000016 0.000006 0.144229 0.740862 0.369084
time 13
  0 0.009547 -0.009547 -3.927965 0.014152 0.130055 -1.742724
  1 0.000000 0.000000 0.000000 -1.570796 -1.570796 0.000000
  2 4.484989 -0.004008 0.000006 -0.408102 0.053461 -0.162683
  3 5.037136 -0.005101 -0.000238 -0.038200 0.014284 0.276661
  4 6.388059 -0.005253 -0.000001 -0.081268 0.007194 -0.027773
  5 6.146608 1.394838 0.000001 0.096955 -0.207036 1.282790
  6 -1.545013 2.098360 -2.914668 0.738069 1.025370 2.499946
  7 5.760270 -0.000012 -0.000009 -0.951070 -0.359387 0.053904
  8 10.965153 0.000065 -0.000006 0.000013 0.000002 -0.640763
  9 0.000007 -0.000004 -4.044200 0.155524 2.756276 0.047137
 10 -0.000007 0.000007 4.044200 -0.133573 -3.014247 -0.531169
 11 17.182070 0.000091 0.000546 0.000004 -0.000009 -1.359172
 12 16.782913 0.000650 -0.000234 -0.231403 -0.163822 0.267680
 13 5.168527 5.004116 -0.000135 -0.046062 0.015675 2.252249
 14 17.182070 0.000099 0.000206 -0.000001 -0.000007 -2.213134
 15 16.782906 0.000656 -0.000113 0.162649 -0.073939 0.218629
 16 5.168479 5.004167 -0.000064 0.158957 -0.099150 1.436913
 17 -0.330136 2.660863 2.852179 0.506120 -1.037459 1.397873
 18 5.760273 0.000016 0.000006 0.162622 0.731087 0.377030
time 14
  0 0.009547 -0.009547 -3.927965 0.014152 0.130055 -1.742724
  1 0.000000 0.000000 0.000000 -1.570796 -1.570796 0.000000
  2 4.484989 -0.004008 0.000006 -0.390976 0.061069 -0.182704
  3 5.037136 -0.005101 -0.000238 -0.036108 0.015191 0.275785
  4 6.388059 -0.005253 -0.000001 -0.077684 0.010030 -0.029638
  5 6.146608 1.394838 0.000001 0.061831 -0.220591 1.235511
  6 -1.685642 2.156955 -2.797477 0.688637 0.991856 2.505383
  7 5.760270 -0.000012 -0.000009 -0.955698 -0.351637 0.101158
  8 10.965153 0.000065 -0.000006 0.000013 0.000002 -0.631787
  9 0.000007 -0.000004 -4.044200 0.155524 2.756276 0.047137
 10 -0.000007 0.000007 4.044200 -0.133573 -3.014247 -0.531169
 11 17.182070 0.000091 0.000546 0.000004 -0.000009 -1.359172
 12 16.782913 0.000650 -0.000234 -0.231403 -0.163822 0.267680
 13 5.168527 5.004116 -0.000135 -0.046062 0.015675 2.252249
 14 17.182070 0.000099 0.000206 -0.000001 -0.000007 -2.213134
 15 16.782906 0.000656 -0.000113 0.162649 -0.073939 0.218629
 16 5.168479 5.004167 -0.000064 0.158957 -0.099150 1.436913
 17 -0.392638 2.512421 2.961558 0.555106 -1.077474 1.400530
 18 5.760273 0.000016 0.000006 0.196082 0.723549 0.381296
time 15
  0 0.009547 -0.009547 -3.927965 0.014152 0.130055 -1.742724
  1 0.000000 0.000000 0.000000 -1.570796 -1.570796 0.000000
  2 4.484989 -0.004008 0.000006 -0.364491 0.068373 -0.204027
  3 5.037136 -0.005101 -0.000238 -0.033064 0.015762 0.275543
  4 6.388059 -0.005253 -0.000001 -0.072099 0.012790 -0.030236
  5 6.146608 1.394838 0.000001 0.024830 -0.235965 1.179101
  6 -1.853616 2.196019 -2.649035 0.633681 0.957999 2.516542
  7 5.760270 -0.000012 -0.000009 -0.955630 -0.351282 0.160339
  8 10.965153 0.000065 -0.000006 0.000013 0.000002 -0.622191
  9 0.000007 -0.000004 -4.044200 0.155524 2.756276 0.047137
 10 -0.000007 0.000007 4.044200 -0.133573 -3.014247 -0.531169
 11 17.182070 0.000091 0.000546 0.000004 -0.000009 -1.359172
 12 16.782913 0.000650 -0.000234 -0.231403 -0.163822 0.267680
 13 5.168527 5.004116 -0.000135 -0.046062 0.015675 2.252249
 14 17.182070 0.000099 0.000206 -0.000001 -0.000007 -2.213134
 15 16.782906 0.000656 -0.000113 0.162649 -0.073939 0.218629
 16 5.168479 5.004167 -0.000064 0.158957 -0.099150 1.436913
 17 -0.470765 2.336634 3.090468 0.610365 -1.131006 1.403471
 18 5.760273 0.000016 0.000006 0.249972 0.714650 0.388120
time 16
  0 0.009547 -0.009547 -3.927965 0.014152 0.130055 -1.742724
  1 0.000000 0.000000 0.000000 -1.570796 -1.570796 0.000000
  2 4.484989 -0.004008 0.000006 -0.330694 0.075597 -0.225578
  3 5.037136 -0.005101 -0.000238 -0.029289 0.015952 0.275815
  4 6.388059 -0.005253 -0.000001 -0.064933 0.015245 -0.029761
  5 6.146608 1.394838 0.000001 -0.012549 -0.253180 1.116974
  6 -2.033309 2.207738 -2.500593 0.574724 0.924986 2.531518
  7 5.760270 -0.000012 -0.000009 -0.951886 -0.358089 0.228492
  8 10.965153 0.000065 -0.000006 0.000013 0.000002 -0.612656
  9 0.000007 -0.000004 -4.044200 0.155524 2.756276 0.047137
 10 -0.000007 0.000007 4.044200 -0.133573 -3.014247 -0.531169
 11 17.182070 0.000091 0.000546 0.000004 -0.000009 -1.359172
 12 16.782913 0.000650 -0.000234 -0.231403 -0.163822 0.267680
 13 5.168527 5.004116 -0.000135 -0.046062 0.015675 2.252249
 14 17.182070 0.000099 0.000206 -0.000001 -0.000007 -2.213134
 15 16.782906 0.000656 -0.000113 0.162649 -0.073939 0.218629
 16 5.168479 5.004167 -0.000064 0.158957 -0.099150 1.436913
 17 -0.552799 2.141315 3.219378 0.675679 -1.197741 1.399201
 18 5.760273 0.000016 0.000006 0.323951 0.699914 0.397818
time 17
  0 0.009547 -0.009547 -3.927965 0.014152 0.130055 -1.742724
  1 0.000000 0.000000 0.000000 -1.570796 -1.570796 0.000000
  2 4.484989 -0.004008 0.000006 -0.291828 0.082725 -0.246087
  3 5.037136 -0.005101 -0.000238 -0.024970 0.015952 0.276450
  4 6.388059 -0.005253 -0.000001 -0.056675 0.017510 -0.028600
  5 6.146608 1.394838 0.000001 -0.048981 -0.271840 1.051990
  6 -2.197377 2.207738 -2.352151 0.513196 0.893740 2.548209
  7 5.760270 -0.000012 -0.000009 -0.945420 -0.371584 0.301079
  8 10.965153 0.000065 -0.000006 0.000013 0.000002 -0.605103
  9 0.000007 -0.000004 -4.044200 0.155524 2.756276 0.047137
 10 -0.000007 0.000007 4.044200 -0.133573 -3.014247 -0.531169
 11 17.182070 0.000091 0.000546 0.000004 -0.000009 -1.359172
 12 16.782913 0.000650 -0.000234 -0.231403 -0.163822 0.267680
 13 5.168527 5.004116 -0.000135 -0.046062 0.015675 2.252249
 14 17.182070 0.000099 0.000206 -0.000001 -0.000007 -2.213134
 15 16.782906 0.000656 -0.000113 0.162649 -0.073939 0.218629
 16 5.168479 5.004167 -0.000064 0.158957 -0.099150 1.436913
 17 -0.627020 1.930372 3.336569 0.758429 -1.269379 1.378234
 18 5.760273 0.000016 0.000006 0.405328 0.680948 0.403879
time 18
  0 0.009547 -0.009547 -3.927965 0.014152 0.130055 -1.742724
  1 0.000000 0.000000 0.000000 -1.570796 -1.570796 0.000000
  2 4.484989 -0.004008 0.000006 -0.249939 0.089566 -0.264578
  3 5.037136 -0.005101 -0.000238 -0.020480 0.015747 0.277296
  4 6.388059 -0.005253 -0.000001 -0.047854 0.019432 -0.026858
  5 6.146608 1.394838 0.000001 -0.083271 -0.291192 0.987601
  6 -2.377069 2.176487 -2.195896 0.451097 0.864972 2.564615
  7 5.760270 -0.000012 -0.000009 -0.937660 -0.390901 0.373972
  8 10.965153 0.000065 -0.000006 0.000013 0.000002 -0.600213
  9 0.000007 -0.000004 -4.044200 0.155524 2.756276 0.047137
 10 -0.000007 0.000007 4.044200 -0.133573 -3.014247 -0.531169
 11 17.182070 0.000091 0.000546 0.000004 -0.000009 -1.359172
 12 16.782913 0.000650 -0.000234 -0.231403 -0.163822 0.267680
 13 5.168527 5.004116 -0.000135 -0.046062 0.015675 2.252249
 14 17.182070 0.000099 0.000206 -0.000001 -0.000007 -2.213134
 15 16.782906 0.000656 -0.000113 0.162649 -0.073939 0.218629
 16 5.168479 5.004167 -0.000064 0.158957 -0.099150 1.436913
 17 -0.689522 1.711615 3.438135 0.868486 -1.337120 1.329374
 18 5.760273 0.000016 0.000006 0.484941 0.660329 0.403026
time 19
  0 0.009547 -0.009547 -3.927965 0.014152 0.130055 -1.742724
  1 0.000000 0.000000 0.000000 -1.570796 -1.570796 0.000000
  2 4.484989 -0.004008 0.000006 -0.207173 0.095847 -0.279976
  3 5.037136 -0.005101 -0.000238 -0.015956 0.015323 0.278263
  4 6.388059 -0.005253 -0.000001 -0.039046 0.021107 -0.024958
  5 6.146608 1.394838 0.000001 -0.114453 -0.310148 0.926586
  6 -2.533324 2.141330 -2.066986 0.390426 0.839316 2.578827
  7 5.760270 -0.000012 -0.000009 -0.928062 -0.414783 0.443756
  8 10.965153 0.000065 -0.000006 0.000013 0.000002 -0.599160
  9 0.000007 -0.000004 -4.044200 0.155524 2.756276 0.047137
 10 -0.000007 0.000007 4.044200 -0.133573 -3.014247 -0.531169
 11 17.182070 0.000091 0.000546 0.000004 -0.000009 -1.359172
 12 16.782913 0.000650 -0.000234 -0.231403 -0.163822 0.267680
 13 5.168527 5.004116 -0.000135 -0.046062 0.015675 2.252249
 14 17.182070 0.000099 0.000206 -0.000001 -0.000007 -2.213134
 15 16.782906 0.000656 -0.000113 0.162649 -0.073939 0.218629
 16 5.168479 5.004167 -0.000064 0.158957 -0.099150 1.436913
 17 -0.740305 1.496765 3.524075 1.031864 -1.399705 1.223114
 18 5.760273 0.000016 0.000006 0.560549 0.638688 0.394360
time 20
  0 0.009547 -0.009547 -3.927965 0.014152 0.130055 -1.742724
  1 0.000000 0.000000 0.000000 -1.570796 -1.570796 0.000000
  2 4.484989 -0.004008 0.000006 -0.165674 0.101025 -0.291403
  3 5.037136 -0.005101 -0.000238 -0.011722 0.014840 0.279169
  4 6.388059 -0.005253 -0.000001 -0.030585 0.022325 -0.023128
  5 6.146608 1.394838 0.000001 -0.141767 -0.327383 0.872200
  6 -2.662235 2.090547 -1.938076 0.333851 0.817193 2.589510
  7 5.760270 -0.000012 -0.000009 -0.917375 -0.441812 0.505130
  8 10.965153 0.000065 -0.000006 0.000013 0.000002 -0.603741
  9 0.000007 -0.000004 -4.044200 0.155524 2.756276 0.047137
 10 -0.000007 0.000007 4.044200 -0.133573 -3.014247 -0.531169
 11 17.182070 0.000091 0.000546 0.000004 -0.000009 -1.359172
 12 16.782913 0.000650 -0.000234 -0.231403 -0.163822 0.267680
 13 5.168527 5.004116 -0.000135 -0.046062 0.015675 2.252249
 14 17.182070 0.000099 0.000206 -0.000001 -0.000007 -2.213134
 15 16.782906 0.000656 -0.000113 0.162649 -0.073939 0.218629
 16 5.168479 5.004167 -0.000064 0.158957 -0.099150 1.436913
 17 -0.775462 1.305353 3.598296 1.316646 -1.453929 0.988489
 18 5.760273 0.000016 0.000006 0.633375 0.615831 0.381745
time 21
  0 0.009547 -0.009547 -3.927965 0.014152 0.130055 -1.742724
  1 0.000000 0.000000 0.000000 -1.570796 -1.570796 0.000000
  2 4.484989 -0.004008 0.000006 -0.127490 0.104494 -0.298044
  3 5.037136 -0.005101 -0.000238 -0.008015 0.014284 0.279925
  4 6.388059 -0.005253 -0.000001 -0.022986 0.023334 -0.021668
  5 6.146608 1.394838 0.000001 -0.164665 -0.341372 0.827342
  6 -2.767706 2.039764 -1.844323 0.283562 0.798841 2.595519
  7 5.760270 -0.000012 -0.000009 -0.903829 -0.470139 0.553606
  8 10.965153 0.000065 -0.000006 0.000013 0.000002 -0.614699
  9 0.000007 -0.000004 -4.044200 0.155524 2.756276 0.047137
 10 -0.000007 0.000007 4.044200 -0.133573 -3.014247 -0.531169
 11 17.182070 0.000091 0.000546 0.000004 -0.000009 -1.359172
 12 16.782913 0.000650 -0.000234 -0.231403 -0.163822 0.267680
 13 5.168527 5.004116 -0.000135 -0.046062 0.015675 2.252249
 14 17.182070 0.000099 0.000206 -0.000001 -0.000007 -2.213134
 15 16.782906 0.000656 -0.000113 0.162649 -0.073939 0.218629
 16 5.168479 5.004167 -0.000064 0.158957 -0.099150 1.436913
 17 -0.806713 1.137379 3.652985 1.786486 -1.487752 0.559275
 18 5.760273 0.000016 0.000006 0.701110 0.593072 0.373798
time 22
  0 0.009547 -0.009547 -3.927965 0.014152 0.130055 -1.742724
  1 0.000000 0.000000 0.000000 -1.570796 -1.570796 0.000000
  2 4.484989 -0.004008 0.000006 -0.094798 0.105612 -0.298825
  3 5.037136 -0.005101 -0.000238 -0.005039 0.013713 0.280348
  4 6.388059 -0.005253 -0.000001 -0.016934 0.023810 -0.020788
  5 6.146608 1.394838 0.000001 -0.182692 -0.350573 0.795267
  6 -2.841928 2.004607 -1.770102 0.241940 0.784813 2.595042
  7 5.760270 -0.000012 -0.000009 -0.885994 -0.497915 0.584242
  8 10.965153 0.000065 -0.000006 0.000013 0.000002 -0.633149
  9 0.000007 -0.000004 -4.044200 0.155524 2.756276 0.047137
 10 -0.000007 0.000007 4.044200 -0.133573 -3.014247 -0.531169
 11 17.182070 0.000091 0.000546 0.000004 -0.000009 -1.359172
 12 16.782913 0.000650 -0.000234 -0.231403 -0.163822 0.267680
 13 5.168527 5.004116 -0.000135 -0.046062 0.015675 2.252249
 14 17.182070 0.000099 0.000206 -0.000001 -0.000007 -2.213134
 15 16.782906 0.000656 -0.000113 0.162649 -0.073939 0.218629
 16 5.168479 5.004167 -0.000064 0.158957 -0.099150 1.436913
 17 -0.826245 1.008469 3.684236 2.282248 -1.498408 0.092587
 18 5.760273 0.000016 0.000006 0.763008 0.570410 0.380936
time 23
  0 0.009547 -0.009547 -3.927965 0.014152 0.130055 -1.742724
  1 0.000000 0.000000 0.000000 -1.570796 -1.570796 0.000000
  2 4.484989 -0.004008 0.000006 -0.063991 0.104637 -0.294170
  3 5.037136 -0.005101 -0.000238 -0.002471 0.013128 0.280438
  4 6.388059 -0.005253 -0.000001 -0.011769 0.024038 -0.020577
  5 6.146608 1.394838 0.000001 -0.192302 -0.347863 0.780182
  6 -2.861459 1.992887 -1.758383 0.211081 0.780594 2.583978
  7 5.760270 -0.000012 -0.000009 -0.854477 -0.524944 0.592296
  8 10.965153 0.000065 -0.000006 0.000013 0.000002 -0.669118
  9 0.000007 -0.000004 -4.044200 0.155524 2.756276 0.047137
 10 -0.000007 0.000007 4.044200 -0.133573 -3.014247 -0.531169
 11 17.182070 0.000091 0.000546 0.000004 -0.000009 -1.359172
 12 16.782913 0.000650 -0.000234 -0.231403 -0.163822 0.267680
 13 5.168527 5.004116 -0.000135 -0.046062 0.015675 2.252249
 14 17.182070 0.000099 0.000206 -0.000001 -0.000007 -2.213134
 15 16.782906 0.000656 -0.000113 0.162649 -0.073939 0.218629
 16 5.168479 5.004167 -0.000064 0.158957 -0.099150 1.436913
 17 -0.857496 0.938154 3.695955 2.570721 -1.507901 -0.184353
 18 5.760273 0.000016 0.000006 0.821853 0.544392 0.399883
time 24
  0 0.009547 -0.009547 -3.927965 0.014152 0.130055 -1.742724
  1 0.000000 0.000000 0.000000 -1.570796 -1.570796 0.000000
  2 4.484989 -0.004008 0.000006 -0.030746 0.102048 -0.285152
  3 5.037136 -0.005101 -0.000238 -0.000005 0.012484 0.280317
  4 6.388059 -0.005253 -0.000001 -0.006424 0.024095 -0.020788
  5 6.146608 1.394838 0.000001 -0.192188 -0.329995 0.781651
  6 -2.818489 2.004607 -1.805259 0.188508 0.789111 2.559846
  7 5.760270 -0.000012 -0.000009 -0.804241 -0.551305 0.578431
  8 10.965153 0.000065 -0.000006 0.000013 0.000002 -0.725828
  9 0.000007 -0.000004 -4.044200 0.155524 2.756276 0.047137
 10 -0.000007 0.000007 4.044200 -0.133573 -3.014247 -0.531169
 11 17.182070 0.000091 0.000546 0.000004 -0.000009 -1.359172
 12 16.782913 0.000650 -0.000234 -0.231403 -0.163822 0.267680
 13 5.168527 5.004116 -0.000135 -0.046062 0.015675 2.252249
 14 17.182070 0.000099 0.000206 -0.000001 -0.000007 -2.213134
 15 16.782906 0.000656 -0.000113 0.162649 -0.073939 0.218629
 16 5.168479 5.004167 -0.000064 0.158957 -0.099150 1.436913
 17 -0.912185 0.945967 3.680330 2.742217 -1.530408 -0.363097
 18 5.760273 0.000016 0.000006 0.879543 0.512150 0.418201
time 25
  0 0.009547 -0.009547 -3.927965 0.014152 0.130055 -1.742724
  1 0.000000 0.000000 0.000000 -1.570796 -1.570796 0.000000
  2 4.484989 -0.004008 0.000006 0.003896 0.097717 -0.272684
  3 5.037136 -0.005101 -0.000238 0.002631 0.011767 0.280045
  4 6.388059 -0.005253 -0.000001 -0.001091 0.024038 -0.021263
  5 6.146608 1.394838 0.000001 -0.184890 -0.301521 0.795664
  6 -2.736455 2.035858 -1.899012 0.170983 0.806672 2.525318
  7 5.760270 -0.000012 -0.000009 -0.738280 -0.575265 0.546980
  8 10.965153 0.000065 -0.000006 0.000013 0.000002 -0.796033
  9 0.000007 -0.000004 -4.044200 0.155524 2.756276 0.047137
 10 -0.000007 0.000007 4.044200 -0.133573 -3.014247 -0.531169
 11 17.182070 0.000091 0.000546 0.000004 -0.000009 -1.359172
 12 16.782913 0.000650 -0.000234 -0.231403 -0.163822 0.267680
 13 5.168527 5.004116 -0.000135 -0.046062 0.015675 2.252249
 14 17.182070 0.000099 0.000206 -0.000001 -0.000007 -2.213134
 15 16.782906 0.000656 -0.000113 0.162649 -0.073939 0.218629
 16 5.168479 5.004167 -0.000064 0.158957 -0.099150 1.436913
 17 -0.986406 1.008469 3.641266 -3.017447 -1.564294 5.375401
 18 5.760273 0.000016 0.000006 0.934111 0.474509 0.435890
time 26
  0 0.009547 -0.009547 -3.927965 0.014152 0.130055 -1.742724
  1 0.000000 0.000000 0.000000 -1.570796 -1.570796 0.000000
  2 4.484989 -0.004008 0.000006 0.039220 0.091500 -0.257449
  3 5.037136 -0.005101 -0.000238 0.005114 0.010933 0.279713
  4 6.388059 -0.005253 -0.000001 0.004147 0.023829 -0.021879
  5 6.146608 1.394838 0.000001 -0.172797 -0.267210 0.818410
  6 -2.619265 2.071015 -2.024016 0.156125 0.829718 2.483159
  7 5.760270 -0.000012 -0.000009 -0.661701 -0.595369 0.503244
  8 10.965153 0.000065 -0.000006 0.000013 0.000002 -0.872368
  9 0.000007 -0.000004 -4.044200 0.155524 2.756276 0.047137
 10 -0.000007 0.000007 4.044200 -0.133573 -3.014247 -0.531169
 11 17.182070 0.000091 0.000546 0.000004 -0.000009 -1.359172
 12 16.782913 0.000650 -0.000234 -0.231403 -0.163822 0.267680
 13 5.168527 5.004116 -0.000135 -0.046062 0.015675 2.252249
 14 17.182070 0.000099 0.000206 -0.000001 -0.000007 -2.213134
 15 16.782906 0.000656 -0.000113 0.162649 -0.073939 0.218629
 16 5.168479 5.004167 -0.000064 0.158957 -0.099150 1.436913
 17 -1.068440 1.102221 3.586577 -0.457822 -1.533677 2.786175
 18 5.760273 0.000016 0.000006 0.983861 0.432784 0.451963
time 27
  0 0.009547 -0.009547 -3.927965 0.014152 0.130055 -1.742724
  1 0.000000 0.000000 0.000000 -1.570796 -1.570796 0.000000
  2 4.484989 -0.004008 0.000006 0.073927 0.083333 -0.240227
  3 5.037136 -0.005101 -0.000238 0.007529 0.010011 0.279411
  4 6.388059 -0.005253 -0.000001 0.009132 0.023372 -0.022477
  5 6.146608 1.394838 0.000001 -0.158543 -0.231751 0.845841
  6 -2.490354 2.110079 -2.141207 0.140981 0.854557 2.436898
  7 5.760270 -0.000012 -0.000009 -0.579948 -0.611421 0.452116
  8 10.965153 0.000065 -0.000006 0.000013 0.000002 -0.947527
  9 0.000007 -0.000004 -4.044200 0.155524 2.756276 0.047137
 10 -0.000007 0.000007 4.044200 -0.133573 -3.014247 -0.531169
 11 17.182070 0.000091 0.000546 0.000004 -0.000009 -1.359172
 12 16.782913 0.000650 -0.000234 -0.231403 -0.163822 0.267680
 13 5.168527 5.004116 -0.000135 -0.046062 0.015675 2.252249
 14 17.182070 0.000099 0.000206 -0.000001 -0.000007 -2.213134
 15 16.782906 0.000656 -0.000113 0.162649 -0.073939 0.218629
 16 5.168479 5.004167 -0.000064 0.158957 -0.099150 1.436913
 17 -1.142661 1.211600 3.535794 -0.396382 -1.488695 2.690541
 18 5.760273 0.000016 0.000006 1.027027 0.388481 0.466285
time 28
  0 0.009547 -0.009547 -3.927965 0.014152 0.130055 -1.742724
  1 0.000000 0.000000 0.000000 -1.570796 -1.570796 0.000000
  2 4.484989 -0.004008 0.000006 0.107171 0.073360 -0.221736
  3 5.037136 -0.005101 -0.000238 0.009688 0.009016 0.279139
  4 6.388059 -0.005253 -0.000001 0.013902 0.022630 -0.022952
  5 6.146608 1.394838 0.000001 -0.145160 -0.199616 0.873669
  6 -2.361444 2.145236 -2.258398 0.124599 0.877497 2.390160
  7 5.760270 -0.000012 -0.000009 -0.499692 -0.624837 0.401040
  8 10.965153 0.000065 -0.000006 0.000013 0.000002 -1.014080
  9 0.000007 -0.000004 -4.044200 0.155524 2.756276 0.047137
 10 -0.000007 0.000007 4.044200 -0.133573 -3.014247 -0.531169
 11 17.182070 0.000091 0.000546 0.000004 -0.000009 -1.359172
 12 16.782913 0.000650 -0.000234 -0.231403 -0.163822 0.267680
 13 5.168527 5.004116 -0.000135 -0.046062 0.015675 2.252249
 14 17.182070 0.000099 0.000206 -0.000001 -0.000007 -2.213134
 15 16.782906 0.000656 -0.000113 0.162649 -0.073939 0.218629
 16 5.168479 5.004167 -0.000064 0.158957 -0.099150 1.436913
 17 -1.197350 1.317072 3.481105 -0.385404 -1.446762 2.645855
 18 5.760273 0.000016 0.000006 1.063541 0.343351 0.479574
time 29
  0 0.009547 -0.009547 -3.927965 0.014152 0.130055 -1.742724
  1 0.000000 0.000000 0.000000 -1.570796 -1.570796 0.000000
  2 4.484989 -0.004008 0.000006 0.137914 0.061581 -0.202887
  3 5.037136 -0.005101 -0.000238 0.011712 0.007934 0.279018
  4 6.388059 -0.005253 -0.000001 0.018300 0.021583 -0.023146
  5 6.146608 1.394838 0.000001 -0.132233 -0.170192 0.902569
  6 -2.228628 2.176487 -2.352151 0.107455 0.898671 2.342755
  7 5.760270 -0.000012 -0.000009 -0.420322 -0.634949 0.347415
  8 10.965153 0.000065 -0.000006 0.000013 0.000002 -1.074194
  9 0.000007 -0.000004 -4.044200 0.155524 2.756276 0.047137
 10 -0.000007 0.000007 4.044200 -0.133573 -3.014247 -0.531169
 11 17.182070 0.000091 0.000546 0.000004 -0.000009 -1.359172
 12 16.782913 0.000650 -0.000234 -0.231403 -0.163822 0.267680
 13 5.168527 5.004116 -0.000135 -0.046062 0.015675 2.252249
 14 17.182070 0.000099 0.000206 -0.000001 -0.000007 -2.213134
 15 16.782906 0.000656 -0.000113 0.162649 -0.073939 0.218629
 16 5.168479 5.004167 -0.000064 0.158957 -0.099150 1.436913
 17 -1.240320 1.410825 3.418603 -0.381714 -1.407721 2.608474
 18 5.760273 0.000016 0.000006 1.092047 0.299340 0.491651
time 30
  0 0.009547 -0.009547 -3.927965 0.014152 0.130055 -1.742724
  1 0.000000 0.000000 0.000000 -1.570796 -1.570796 0.000000
  2 4.484989 -0.004008 0.000006 0.165244 0.048283 -0.184234
  3 5.037136 -0.005101 -0.000238 0.013379 0.006748 0.279109
  4 6.388059 -0.005253 -0.000001 0.022231 0.020155 -0.022952
  5 6.146608 1.394838 0.000001 -0.117144 -0.140274 0.935359
  6 -2.099717 2.207738 -2.445904 0.089358 0.920662 2.290581
  7 5.760270 -0.000012 -0.000009 -0.338365 -0.638529 0.288081
  8 10.965153 0.000065 -0.000006 0.000013 0.000002 -1.135547
  9 0.000007 -0.000004 -4.044200 0.155524 2.756276 0.047137
 10 -0.000007 0.000007 4.044200 -0.133573 -3.014247 -0.531169
 11 17.182070 0.000091 0.000546 0.000004 -0.000009 -1.359172
 12 16.782913 0.000650 -0.000234 -0.231403 -0.163822 0.267680
 13 5.168527 5.004116 -0.000135 -0.046062 0.015675 2.252249
 14 17.182070 0.000099 0.000206 -0.000001 -0.000007 -2.213134
 15 16.782906 0.000656 -0.000113 0.162649 -0.073939 0.218629
 16 5.168479 5.004167 -0.000064 0.158957 -0.099150 1.436913
 17 -1.283290 1.520203 3.363914 -0.375164 -1.368114 2.565022
 18 5.760273 0.000016 0.000006 1.112612 0.258538 0.503055
time 31
  0 0.009547 -0.009547 -3.927965 0.014152 0.130055 -1.742724
  1 0.000000 0.000000 0.000000 -1.570796 -1.570796 0.000000
  2 4.484989 -0.004008 0.000006 0.188219 0.033691 -0.166524
  3 5.037136 -0.005101 -0.000238 0.014824 0.005505 0.279501
  4 6.388059 -0.005253 -0.000001 0.025575 0.018500 -0.022178
  5 6.146608 1.394838 0.000001 -0.100028 -0.110217 0.971245
  6 -1.951275 2.227270 -2.555282 0.068690 0.943365 2.234019
  7 5.760270 -0.000012 -0.000009 -0.257973 -0.635263 0.224261
  8 10.965153 0.000065 -0.000006 0.000013 0.000002 -1.196899
  9 0.000007 -0.000004 -4.044200 0.155524 2.756276 0.047137
 10 -0.000007 0.000007 4.044200 -0.133573 -3.014247 -0.531169
 11 17.182070 0.000091 0.000546 0.000004 -0.000009 -1.359172
 12 16.782913 0.000650 -0.000234 -0.231403 -0.163822 0.267680
 13 5.168527 5.004116 -0.000135 -0.046062 0.015675 2.252249
 14 17.182070 0.000099 0.000206 -0.000001 -0.000007 -2.213134
 15 16.782906 0.000656 -0.000113 0.162649 -0.073939 0.218629
 16 5.168479 5.004167 -0.000064 0.158957 -0.099150 1.436913
 17 -1.302822 1.645207 3.289693 -0.368891 -1.328633 2.519292
 18 5.760273 0.000016 0.000006 1.125100 0.222989 0.513920
time 32
  0 0.009547 -0.009547 -3.927965 0.014152 0.130055 -1.742724
  1 0.000000 0.000000 0.000000 -1.570796 -1.570796 0.000000
  2 4.484989 -0.004008 0.000006 0.205995 0.018268 -0.150182
  3 5.037136 -0.005101 -0.000238 0.015759 0.004144 0.280196
  4 6.388059 -0.005253 -0.000001 0.028344 0.016406 -0.020718
  5 6.146608 1.394838 0.000001 -0.081091 -0.080338 1.009434
  6 -1.791114 2.238989 -2.649035 0.045260 0.966516 2.173356
  7 5.760270 -0.000012 -0.000009 -0.181734 -0.625428 0.158351
  8 10.965153 0.000065 -0.000006 0.000013 0.000002 -1.257014
  9 0.000007 -0.000004 -4.044200 0.155524 2.756276 0.047137
 10 -0.000007 0.000007 4.044200 -0.133573 -3.014247 -0.531169
 11 17.182070 0.000091 0.000546 0.000004 -0.000009 -1.359172
 12 16.782913 0.000650 -0.000234 -0.231403 -0.163822 0.267680
 13 5.168527 5.004116 -0.000135 -0.046062 0.015675 2.252249
 14 17.182070 0.000099 0.000206 -0.000001 -0.000007 -2.213134
 15 16.782906 0.000656 -0.000113 0.162649 -0.073939 0.218629
 16 5.168479 5.004167 -0.000064 0.158957 -0.099150 1.436913
 17 -1.322354 1.770211 3.219378 -0.364186 -1.290063 2.473468
 18 5.760273 0.000016 0.000006 1.129308 0.194686 0.525189
time 33
  0 0.009547 -0.009547 -3.927965 0.014152 0.130055 -1.742724
  1 0.000000 0.000000 0.000000 -1.570796 -1.570796 0.000000
  2 4.484989 -0.004008 0.000006 0.217661 0.002269 -0.135891
  3 5.037136 -0.005101 -0.000238 0.016372 0.002681 0.281345
  4 6.388059 -0.005253 -0.000001 0.030165 0.013837 -0.018448
  5 6.146608 1.394838 0.000001 -0.060601 -0.050915 1.049211
  6 -1.630953 2.258521 -2.754507 0.018401 0.989931 2.108591
  7 5.760270 -0.000012 -0.000009 -0.111349 -0.609808 0.092033
  8 10.965153 0.000065 -0.000006 0.000013 0.000002 -1.315333
  9 0.000007 -0.000004 -4.044200 0.155524 2.756276 0.047137
 10 -0.000007 0.000007 4.044200 -0.133573 -3.014247 -0.531169
 11 17.182070 0.000091 0.000546 0.000004 -0.000009 -1.359172
 12 16.782913 0.000650 -0.000234 -0.231403 -0.163822 0.267680
 13 5.168527 5.004116 -0.000135 -0.046062 0.015675 2.252249
 14 17.182070 0.000099 0.000206 -0.000001 -0.000007 -2.213134
 15 16.782906 0.000656 -0.000113 0.162649 -0.073939 0.218629
 16 5.168479 5.004167 -0.000064 0.158957 -0.099150 1.436913
 17 -1.326260 1.899121 3.145157 -0.361511 -1.253379 2.429066
 18 5.760273 0.000016 0.000006 1.125439 0.175476 0.536009
time 34
  0 0.009547 -0.009547 -3.927965 0.014152 0.130055 -1.742724
  1 0.000000 0.000000 0.000000 -1.570796 -1.570796 0.000000
  2 4.484989 -0.004008 0.000006 0.222438 -0.013713 -0.124139
  3 5.037136 -0.005101 -0.000238 0.016457 0.001115 0.282976
  4 6.388059 -0.005253 -0.000001 0.031292 0.010772 -0.015211
  5 6.146608 1.394838 0.000001 -0.038859 -0.022184 1.089663
  6 -1.462979 2.258521 -2.840447 -0.012839 1.013346 2.040106
  7 5.760270 -0.000012 -0.000009 -0.050493 -0.589782 0.026786
  8 10.965153 0.000065 -0.000006 0.000013 0.000002 -1.370061
  9 0.000007 -0.000004 -4.044200 0.155524 2.756276 0.047137
 10 -0.000007 0.000007 4.044200 -0.133573 -3.014247 -0.531169
 11 17.182070 0.000091 0.000546 0.000004 -0.000009 -1.359172
 12 16.782913 0.000650 -0.000234 -0.231403 -0.163822 0.267680
 13 5.168527 5.004116 -0.000135 -0.046062 0.015675 2.252249
 14 17.182070 0.000099 0.000206 -0.000001 -0.000007 -2.213134
 15 16.782906 0.000656 -0.000113 0.162649 -0.073939 0.218629
 16 5.168479 5.004167 -0.000064 0.158957 -0.099150 1.436913
 17 -1.326260 2.028031 3.059217 -0.360865 -1.219305 2.386657
 18 5.760273 0.000016 0.000006 1.113019 0.167063 0.546695
time 35
  0 0.009547 -0.009547 -3.927965 0.014152 0.130055 -1.742724
  1 0.000000 0.000000 0.000000 -1.570796 -1.570796 0.000000
  2 4.484989 -0.004008 0.000006 0.219384 -0.032556 -0.113721
  3 5.037136 -0.005101 -0.000238 0.015878 -0.000846 0.285636
  4 6.388059 -0.005253 -0.000001 0.031256 0.006547 -0.009968
  5 6.146608 1.394838 0.000001 -0.016265 0.005538 1.130075
  6 -1.291099 2.238989 -2.926387 -0.049032 1.036392 1.968187
  7 5.760270 -0.000012 -0.000009 0.002942 -0.570189 -0.041826
  8 10.965153 0.000065 -0.000006 0.000013 0.000002 -1.421013
  9 0.000007 -0.000004 -4.044200 0.155524 2.756276 0.047137
 10 -0.000007 0.000007 4.044200 -0.133573 -3.014247 -0.531169
 11 17.182070 0.000091 0.000546 0.000004 -0.000009 -1.359172
 12 16.782913 0.000650 -0.000234 -0.231403 -0.163822 0.267680
 13 5.168527 5.004116 -0.000135 -0.046062 0.015675 2.252249
 14 17.182070 0.000099 0.000206 -0.000001 -0.000007 -2.213134
 15 16.782906 0.000656 -0.000113 0.162649 -0.073939 0.218629
 16 5.168479 5.004167 -0.000064 0.158957 -0.099150 1.436913
 17 -1.322354 2.153035 2.981090 -0.360865 -1.188562 2.346146
 18 5.760273 0.000016 0.000006 1.087839 0.170322 0.557245
time 36
  0 0.009547 -0.009547 -3.927965 0.014152 0.130055 -1.742724
  1 0.000000 0.000000 0.000000 -1.570796 -1.570796 0.000000
  2 4.484989 -0.004008 0.000006 0.208465 -0.055891 -0.103076
  3 5.037136 -0.005101 -0.000238 0.014586 -0.003479 0.289564
  4 6.388059 -0.005253 -0.000001 0.029985 0.000704 -0.002121
  5 6.146608 1.394838 0.000001 0.006652 0.032528 1.169375
  6 -1.123125 2.227270 -3.004515 -0.090368 1.058805 1.893217
  7 5.760270 -0.000012 -0.000009 0.051477 -0.554137 -0.116911
  8 10.965153 0.000065 -0.000006 0.000013 0.000002 -1.466516
  9 0.000007 -0.000004 -4.044200 0.155524 2.756276 0.047137
 10 -0.000007 0.000007 4.044200 -0.133573 -3.014247 -0.531169
 11 17.182070 0.000091 0.000546 0.000004 -0.000009 -1.359172
 12 16.782913 0.000650 -0.000234 -0.231403 -0.163822 0.267680
 13 5.168527 5.004116 -0.000135 -0.046062 0.015675 2.252249
 14 17.182070 0.000099 0.000206 -0.000001 -0.000007 -2.213134
 15 16.782906 0.000656 -0.000113 0.162649 -0.073939 0.218629
 16 5.168479 5.004167 -0.000064 0.158957 -0.099150 1.436913
 17 -1.314541 2.270226 2.902962 -0.361511 -1.161215 2.308006
 18 5.760273 0.000016 0.000006 1.048474 0.184570 0.568514
time 37
  0 0.009547 -0.009547 -3.927965 0.014152 0.130055 -1.742724
  1 0.000000 0.000000 0.000000 -1.570796 -1.570796 0.000000
  2 4.484989 -0.004008 0.000006 0.190396 -0.082038 -0.092170
  3 5.037136 -0.005101 -0.000238 0.012545 -0.006552 0.294398
  4 6.388059 -0.005253 -0.000001 0.027732 -0.006167 0.007450
  5 6.146608 1.394838 0.000001 0.029626 0.058450 1.206889
  6 -0.955151 2.196019 -3.078736 -0.132466 1.088100 1.819104
  7 5.760270 -0.000012 -0.000009 0.080203 -0.554295 -0.183178
  8 10.965153 0.000065 -0.000006 0.000013 0.000002 -1.471345
  9 0.000007 -0.000004 -4.044200 0.155524 2.756276 0.047137
 10 -0.000007 0.000007 4.044200 -0.133573 -3.014247 -0.531169
 11 17.182070 0.000091 0.000546 0.000004 -0.000009 -1.359172
 12 16.782913 0.000650 -0.000234 -0.231403 -0.163822 0.267680
 13 5.168527 5.004116 -0.000135 -0.046062 0.015675 2.252249
 14 17.182070 0.000099 0.000206 -0.000001 -0.000007 -2.213134
 15 16.782906 0.000656 -0.000113 0.162649 -0.073939 0.218629
 16 5.168479 5.004167 -0.000064 0.158957 -0.099150 1.436913
 17 -1.302822 2.375698 2.820928 -0.363079 -1.137199 2.273377
 18 5.760273 0.000016 0.000006 0.997638 0.208400 0.579783
time 38
  0 0.009547 -0.009547 -3.927965 0.014152 0.130055 -1.742724
  1 0.000000 0.000000 0.000000 -1.570796 -1.570796 0.000000
  2 4.484989 -0.004008 0.000006 0.165828 -0.109209 -0.080874
  3 5.037136 -0.005101 -0.000238 0.010062 -0.009786 0.299747
  4 6.388059 -0.005253 -0.000001 0.024520 -0.013818 0.018147
  5 6.146608 1.394838 0.000001 0.051936 0.083421 1.241545
  6 -0.806709 2.164768 -3.141238 -0.177708 1.122695 1.744229
  7 5.760270 -0.000012 -0.000009 0.091979 -0.568143 -0.242767
  8 10.965153 0.000065 -0.000006 0.000013 0.000002 -1.439586
  9 0.000007 -0.000004 -4.044200 0.155524 2.756276 0.047137
 10 -0.000007 0.000007 4.044200 -0.133573 -3.014247 -0.531169
 11 17.182070 0.000091 0.000546 0.000004 -0.000009 -1.359172
 12 16.782913 0.000650 -0.000234 -0.231403 -0.163822 0.267680
 13 5.168527 5.004116 -0.000135 -0.046062 0.015675 2.252249
 14 17.182070 0.000099 0.000206 -0.000001 -0.000007 -2.213134
 15 16.782906 0.000656 -0.000113 0.162649 -0.073939 0.218629
 16 5.168479 5.004167 -0.000064 0.158957 -0.099150 1.436913
 17 -1.295009 2.473357 2.734988 -0.366400 -1.116452 2.243491
 18 5.760273 0.000016 0.000006 0.938794 0.240204 0.590154
time 39
  0 0.009547 -0.009547 -3.927965 0.014152 0.130055 -1.742724
  1 0.000000 0.000000 0.000000 -1.570796 -1.570796 0.000000
  2 4.484989 -0.004008 0.000006 0.135509 -0.135915 -0.069382
  3 5.037136 -0.005101 -0.000238 0.007137 -0.013005 0.305307
  4 6.388059 -0.005253 -0.000001 0.020542 -0.021583 0.029161
  5 6.146608 1.394838 0.000001 0.076426 0.111143 1.272191
  6 -0.646548 2.121798 -3.203740 -0.239140 1.159716 1.658575
  7 5.760270 -0.000012 -0.000009 0.099535 -0.583487 -0.304038
  8 10.965153 0.000065 -0.000006 0.000013 0.000002 -1.398106
  9 0.000007 -0.000004 -4.044200 0.155524 2.756276 0.047137
 10 -0.000007 0.000007 4.044200 -0.133573 -3.014247 -0.531169
 11 17.182070 0.000091 0.000546 0.000004 -0.000009 -1.359172
 12 16.782913 0.000650 -0.000234 -0.231403 -0.163822 0.267680
 13 5.168527 5.004116 -0.000135 -0.046062 0.015675 2.252249
 14 17.182070 0.000099 0.000206 -0.000001 -0.000007 -2.213134
 15 16.782906 0.000656 -0.000113 0.162649 -0.073939 0.218629
 16 5.168479 5.004167 -0.000064 0.158957 -0.099150 1.436913
 17 -1.302822 2.567110 2.641235 -0.373319 -1.094009 2.221386
 18 5.760273 0.000016 0.000006 0.874385 0.278185 0.599268
time 40
  0 0.009547 -0.009547 -3.927965 0.014152 0.130055 -1.742724
  1 0.000000 0.000000 0.000000 -1.570796 -1.570796 0.000000
  2 4.484989 -0.004008 0.000006 0.100249 -0.160480 -0.057858
  3 5.037136 -0.005101 -0.000238 0.003940 -0.016004 0.310655
  4 6.388059 -0.005253 -0.000001 0.015796 -0.028948 0.039823
  5 6.146608 1.394838 0.000001 0.103855 0.142486 1.299225
  6 -0.490293 2.059296 -3.281867 -0.324575 1.198767 1.553940
  7 5.760270 -0.000012 -0.000009 0.101168 -0.599303 -0.365615
  8 10.965153 0.000065 -0.000006 0.000013 0.000002 -1.345668
  9 0.000007 -0.000004 -4.044200 0.155524 2.756276 0.047137
 10 -0.000007 0.000007 4.044200 -0.133573 -3.014247 -0.531169
 11 17.182070 0.000091 0.000546 0.000004 -0.000009 -1.359172
 12 16.782913 0.000650 -0.000234 -0.231403 -0.163822 0.267680
 13 5.168527 5.004116 -0.000135 -0.046062 0.015675 2.252249
 14 17.182070 0.000099 0.000206 -0.000001 -0.000007 -2.213134
 15 16.782906 0.000656 -0.000113 0.162649 -0.073939 0.218629
 16 5.168479 5.004167 -0.000064 0.158957 -0.099150 1.436913
 17 -1.326260 2.664769 2.531857 -0.383928 -1.068295 2.207344
 18 5.760273 0.000016 0.000006 0.807668 0.320543 0.606632
time 41
  0 0.009547 -0.009547 -3.927965 0.014152 0.130055 -1.742724
  1 0.000000 0.000000 0.000000 -1.570796 -1.570796 0.000000
  2 4.484989 -0.004008 0.000006 0.060863 -0.181338 -0.046594
  3 5.037136 -0.005101 -0.000238 0.000607 -0.018521 0.315399
  4 6.388059 -0.005253 -0.000001 0.010499 -0.035610 0.049341
  5 6.146608 1.394838 0.000001 0.130430 0.173453 1.323401
  6 -0.341851 1.985075 -3.340463 -0.430296 1.232413 1.432232
  7 5.760270 -0.000012 -0.000009 0.100352 -0.609690 -0.427957
  8 10.965153 0.000065 -0.000006 0.000013 0.000002 -1.291745
  9 0.000007 -0.000004 -4.044200 0.155524 2.756276 0.047137
 10 -0.000007 0.000007 4.044200 -0.133573 -3.014247 -0.531169
 11 17.182070 0.000091 0.000546 0.000004 -0.000009 -1.359172
 12 16.782913 0.000650 -0.000234 -0.231403 -0.163822 0.267680
 13 5.168527 5.004116 -0.000135 -0.046062 0.015675 2.252249
 14 17.182070 0.000099 0.000206 -0.000001 -0.000007 -2.213134
 15 16.782906 0.000656 -0.000113 0.162649 -0.073939 0.218629
 16 5.168479 5.004167 -0.000064 0.158957 -0.099150 1.436913
 17 -1.357511 2.746803 2.426385 -0.396013 -1.044343 2.198046
 18 5.760273 0.000016 0.000006 0.741561 0.365575 0.613007
time 42
  0 0.009547 -0.009547 -3.927965 0.014152 0.130055 -1.742724
  1 0.000000 0.000000 0.000000 -1.570796 -1.570796 0.000000
  2 4.484989 -0.004008 0.000006 0.018389 -0.196937 -0.036177
  3 5.037136 -0.005101 -0.000238 -0.002624 -0.020438 0.319207
  4 6.388059 -0.005253 -0.000001 0.004890 -0.040901 0.056977
  5 6.146608 1.394838 0.000001 0.152115 0.200186 1.345036
  6 -0.201222 1.934292 -3.383433 -0.541351 1.256909 1.307281
  7 5.760270 -0.000012 -0.000009 0.091911 -0.618149 -0.484691
  8 10.965153 0.000065 -0.000006 0.000013 0.000002 -1.230702
  9 0.000007 -0.000004 -4.044200 0.155524 2.756276 0.047137
 10 -0.000007 0.000007 4.044200 -0.133573 -3.014247 -0.531169
 11 17.182070 0.000091 0.000546 0.000004 -0.000009 -1.359172
 12 16.782913 0.000650 -0.000234 -0.231403 -0.163822 0.267680
 13 5.168527 5.004116 -0.000135 -0.046062 0.015675 2.252249
 14 17.182070 0.000099 0.000206 -0.000001 -0.000007 -2.213134
 15 16.782906 0.000656 -0.000113 0.162649 -0.073939 0.218629
 16 5.168479 5.004167 -0.000064 0.158957 -0.099150 1.436913
 17 -1.377043 2.813211 2.344351 -0.408375 -1.027117 2.191216
 18 5.760273 0.000016 0.000006 0.678984 0.411921 0.618754
time 43
  0 0.009547 -0.009547 -3.927965 0.014152 0.130055 -1.742724
  1 0.000000 0.000000 0.000000 -1.570796 -1.570796 0.000000
  2 4.484989 -0.004008 0.000006 -0.026132 -0.205919 -0.027420
  3 5.037136 -0.005101 -0.000238 -0.005821 -0.021389 0.321684
  4 6.388059 -0.005253 -0.000001 -0.000887 -0.044460 0.061956
  5 6.146608 1.394838 0.000001 0.164644 0.218925 1.364210
  6 -0.095750 1.903041 -3.402965 -0.633739 1.272519 1.200452
  7 5.760270 -0.000012 -0.000009 0.071353 -0.623736 -0.532964
  8 10.965153 0.000065 -0.000006 0.000013 0.000002 -1.159815
  9 0.000007 -0.000004 -4.044200 0.155524 2.756276 0.047137
 10 -0.000007 0.000007 4.044200 -0.133573 -3.014247 -0.531169
 11 17.182070 0.000091 0.000546 0.000004 -0.000009 -1.359172
 12 16.782913 0.000650 -0.000234 -0.231403 -0.163822 0.267680
 13 5.168527 5.004116 -0.000135 -0.046062 0.015675 2.252249
 14 17.182070 0.000099 0.000206 -0.000001 -0.000007 -2.213134
 15 16.782906 0.000656 -0.000113 0.162649 -0.073939 0.218629
 16 5.168479 5.004167 -0.000064 0.158957 -0.099150 1.436913
 17 -1.388762 2.852275 2.289662 -0.419261 -1.021616 2.184859
 18 5.760273 0.000016 0.000006 0.623330 0.458655 0.626117
time 44
  0 0.009547 -0.009547 -3.927965 0.014152 0.130055 -1.742724
  1 0.000000 0.000000 0.000000 -1.570796 -1.570796 0.000000
  2 4.484989 -0.004008 0.000006 -0.071595 -0.206942 -0.021267
  3 5.037136 -0.005101 -0.000238 -0.008763 -0.021359 0.322440
  4 6.388059 -0.005253 -0.000001 -0.006604 -0.045754 0.063557
  5 6.146608 1.394838 0.000001 0.163658 0.226088 1.380724
  6 -0.044967 1.922573 -3.395152 -0.679265 1.279586 1.138549
  7 5.760270 -0.000012 -0.000009 0.036910 -0.623028 -0.569411
  8 10.965153 0.000065 -0.000006 0.000013 0.000002 -1.084409
  9 0.000007 -0.000004 -4.044200 0.155524 2.756276 0.047137
 10 -0.000007 0.000007 4.044200 -0.133573 -3.014247 -0.531169
 11 17.182070 0.000091 0.000546 0.000004 -0.000009 -1.359172
 12 16.782913 0.000650 -0.000234 -0.231403 -0.163822 0.267680
 13 5.168527 5.004116 -0.000135 -0.046062 0.015675 2.252249
 14 17.182070 0.000099 0.000206 -0.000001 -0.000007 -2.213134
 15 16.782906 0.000656 -0.000113 0.162649 -0.073939 0.218629
 16 5.168479 5.004167 -0.000064 0.158957 -0.099150 1.436913
 17 -1.365324 2.863994 2.289662 -0.427471 -1.032806 2.177174
 18 5.760273 0.000016 0.000006 0.578467 0.505244 0.636533
time 45
  0 0.009547 -0.009547 -3.927965 0.014152 0.130055 -1.742724
  1 0.000000 0.000000 0.000000 -1.570796 -1.570796 0.000000
  2 4.484989 -0.004008 0.000006 -0.122355 -0.199302 -0.018467
  3 5.037136 -0.005101 -0.000238 -0.011722 -0.020116 0.321322
  4 6.388059 -0.005253 -0.000001 -0.012919 -0.044726 0.061393
  5 6.146608 1.394838 0.000001 0.147129 0.225553 1.394816
  6 -0.013716 1.992887 -3.352182 -0.673456 1.273020 1.127293
  7 5.760270 -0.000012 -0.000009 -0.011557 -0.618267 -0.595204
  8 10.965153 0.000065 -0.000006 0.000013 0.000002 -1.010860
  9 0.000007 -0.000004 -4.044200 0.155524 2.756276 0.047137
 10 -0.000007 0.000007 4.044200 -0.133573 -3.014247 -0.531169
 11 17.182070 0.000091 0.000546 0.000004 -0.000009 -1.359172
 12 16.782913 0.000650 -0.000234 -0.231403 -0.163822 0.267680
 13 5.168527 5.004116 -0.000135 -0.046062 0.015675 2.252249
 14 17.182070 0.000099 0.000206 -0.000001 -0.000007 -2.213134
 15 16.782906 0.000656 -0.000113 0.162649 -0.073939 0.218629
 16 5.168479 5.004167 -0.000064 0.158957 -0.099150 1.436913
 17 -1.326260 2.832743 2.344351 -0.442047 -1.059651 2.176131
 18 5.760273 0.000016 0.000006 0.547450 0.554216 0.657724
time 46
  0 0.009547 -0.009547 -3.927965 0.014152 0.130055 -1.742724
  1 0.000000 0.000000 0.000000 -1.570796 -1.570796 0.000000
  2 4.484989 -0.004008 0.000006 -0.181728 -0.183991 -0.019151
  3 5.037136 -0.005101 -0.000238 -0.015038 -0.017760 0.318572
  4 6.388059 -0.005253 -0.000001 -0.020494 -0.041852 0.056027
  5 6.146608 1.394838 0.000001 0.118507 0.223080 1.406884
  6 0.017535 2.098360 -3.289680 -0.636024 1.249526 1.149995
  7 5.760270 -0.000012 -0.000009 -0.073433 -0.613310 -0.610802
  8 10.965153 0.000065 -0.000006 0.000013 0.000002 -0.945731
  9 0.000007 -0.000004 -4.044200 0.155524 2.756276 0.047137
 10 -0.000007 0.000007 4.044200 -0.133573 -3.014247 -0.531169
 11 17.182070 0.000091 0.000546 0.000004 -0.000009 -1.359172
 12 16.782913 0.000650 -0.000234 -0.231403 -0.163822 0.267680
 13 5.168527 5.004116 -0.000135 -0.046062 0.015675 2.252249
 14 17.182070 0.000099 0.000206 -0.000001 -0.000007 -2.213134
 15 16.782906 0.000656 -0.000113 0.162649 -0.073939 0.218629
 16 5.168479 5.004167 -0.000064 0.158957 -0.099150 1.436913
 17 -1.291103 2.778054 2.426385 -0.469815 -1.095486 2.188844
 18 5.760273 0.000016 0.000006 0.529940 0.606494 0.695302
time 47
  0 0.009547 -0.009547 -3.927965 0.014152 0.130055 -1.742724
  1 0.000000 0.000000 0.000000 -1.570796 -1.570796 0.000000
  2 4.484989 -0.004008 0.000006 -0.247177 -0.162862 -0.023774
  3 5.037136 -0.005101 -0.000238 -0.018541 -0.014614 0.314553
  4 6.388059 -0.005253 -0.000001 -0.028811 -0.037532 0.048039
  5 6.146608 1.394838 0.000001 0.081677 0.217559 1.417285
  6 0.017535 2.219457 -3.203740 -0.575258 1.213059 1.197304
  7 5.760270 -0.000012 -0.000009 -0.150762 -0.610241 -0.611363
  8 10.965153 0.000065 -0.000006 0.000013 0.000002 -0.885864
  9 0.000007 -0.000004 -4.044200 0.155524 2.756276 0.047137
 10 -0.000007 0.000007 4.044200 -0.133573 -3.014247 -0.531169
 11 17.182070 0.000091 0.000546 0.000004 -0.000009 -1.359172
 12 16.782913 0.000650 -0.000234 -0.231403 -0.163822 0.267680
 13 5.168527 5.004116 -0.000135 -0.046062 0.015675 2.252249
 14 17.182070 0.000099 0.000206 -0.000001 -0.000007 -2.213134
 15 16.782906 0.000656 -0.000113 0.162649 -0.073939 0.218629
 16 5.168479 5.004167 -0.000064 0.158957 -0.099150 1.436913
 17 -1.248133 2.696020 2.543576 -0.507546 -1.138362 2.212373
 18 5.760273 0.000016 0.000006 0.519555 0.660766 0.741366
time 48
  0 0.009547 -0.009547 -3.927965 0.014152 0.130055 -1.742724
  1 0.000000 0.000000 0.000000 -1.570796 -1.570796 0.000000
  2 4.484989 -0.004008 0.000006 -0.316200 -0.137657 -0.032335
  3 5.037136 -0.005101 -0.000238 -0.022147 -0.010824 0.309567
  4 6.388059 -0.005253 -0.000001 -0.037632 -0.032146 0.038169
  5 6.146608 1.394838 0.000001 0.040525 0.207863 1.426416
  6 0.017535 2.356180 -3.109987 -0.504301 1.170448 1.254725
  7 5.760270 -0.000012 -0.000009 -0.243610 -0.605953 -0.597345
  8 10.965153 0.000065 -0.000006 0.000013 0.000002 -0.825255
  9 0.000007 -0.000004 -4.044200 0.155524 2.756276 0.047137
 10 -0.000007 0.000007 4.044200 -0.133573 -3.014247 -0.531169
 11 17.182070 0.000091 0.000546 0.000004 -0.000009 -1.359172
 12 16.782913 0.000650 -0.000234 -0.231403 -0.163822 0.267680
 13 5.168527 5.004116 -0.000135 -0.046062 0.015675 2.252249
 14 17.182070 0.000099 0.000206 -0.000001 -0.000007 -2.213134
 15 16.782906 0.000656 -0.000113 0.162649 -0.073939 0.218629
 16 5.168479 5.004167 -0.000064 0.158957 -0.099150 1.436913
 17 -1.209069 2.586642 2.672486 -0.550535 -1.186582 2.243207
 18 5.760273 0.000016 0.000006 0.509646 0.715428 0.789450
time 49
  0 0.009547 -0.009547 -3.927965 0.014152 0.130055 -1.742724
  1 0.000000 0.000000 0.000000 -1.570796 -1.570796 0.000000
  2 4.484989 -0.004008 0.000006 -0.386524 -0.110072 -0.044608
  3 5.037136 -0.005101 -0.000238 -0.025786 -0.006625 0.303947
  4 6.388059 -0.005253 -0.000001 -0.046548 -0.025865 0.026997
  5 6.146608 1.394838 0.000001 -0.001062 0.192766 1.434593
  6 -0.013716 2.492903 -3.004515 -0.430677 1.125701 1.315007
  7 5.760270 -0.000012 -0.000009 -0.346533 -0.598320 -0.573234
  8 10.965153 0.000065 -0.000006 0.000013 0.000002 -0.765202
  9 0.000007 -0.000004 -4.044200 0.155524 2.756276 0.047137
 10 -0.000007 0.000007 4.044200 -0.133573 -3.014247 -0.531169
 11 17.182070 0.000091 0.000546 0.000004 -0.000009 -1.359172
 12 16.782913 0.000650 -0.000234 -0.231403 -0.163822 0.267680
 13 5.168527 5.004116 -0.000135 -0.046062 0.015675 2.252249
 14 17.182070 0.000099 0.000206 -0.000001 -0.000007 -2.213134
 15 16.782906 0.000656 -0.000113 0.162649 -0.073939 0.218629
 16 5.168479 5.004167 -0.000064 0.158957 -0.099150 1.436913
 17 -1.142661 2.485076 2.797490 -0.592325 -1.237631 2.275085
 18 5.760273 0.000016 0.000006 0.500212 0.767414 0.838388
time 50
  0 0.009547 -0.009547 -3.927965 0.014152 0.130055 -1.742724
  1 0.000000 0.000000 0.000000 -1.570796 -1.570796 0.000000
  2 4.484989 -0.004008 0.000006 -0.455775 -0.081942 -0.060234
  3 5.037136 -0.005101 -0.000238 -0.029255 -0.002236 0.297994
  4 6.388059 -0.005253 -0.000001 -0.055489 -0.019356 0.015156
  5 6.146608 1.394838 0.000001 -0.039257 0.171000 1.442572
  6 -0.056686 2.610094 -2.914668 -0.357244 1.082958 1.375002
  7 5.760270 -0.000012 -0.000009 -0.449388 -0.586281 -0.543363
  8 10.965153 0.000065 -0.000006 0.000013 0.000002 -0.707131
  9 0.000007 -0.000004 -4.044200 0.155524 2.756276 0.047137
 10 -0.000007 0.000007 4.044200 -0.133573 -3.014247 -0.531169
 11 17.182070 0.000091 0.000546 0.000004 -0.000009 -1.359172
 12 16.782913 0.000650 -0.000234 -0.231403 -0.163822 0.267680
 13 5.168527 5.004116 -0.000135 -0.046062 0.015675 2.252249
 14 17.182070 0.000099 0.000206 -0.000001 -0.000007 -2.213134
 15 16.782906 0.000656 -0.000113 0.162649 -0.073939 0.218629
 16 5.168479 5.004167 -0.000064 0.158957 -0.099150 1.436913
 17 -1.060627 2.375698 2.914681 -0.621938 -1.289246 2.296906
 18 5.760273 0.000016 0.000006 0.489828 0.814100 0.886292
time 51
  0 0.009547 -0.009547 -3.927965 0.014152 0.130055 -1.742724
  1 0.000000 0.000000 0.000000 -1.570796 -1.570796 0.000000
  2 4.484989 -0.004008 0.000006 -0.521679 -0.054596 -0.078074
  3 5.037136 -0.005101 -0.000238 -0.032452 0.001993 0.292072
  4 6.388059 -0.005253 -0.000001 -0.063842 -0.012790 0.003298
  5 6.146608 1.394838 0.000001 -0.070230 0.141319 1.450472
  6 -0.127001 2.703847 -2.820915 -0.283334 1.046570 1.434807
  7 5.760270 -0.000012 -0.000009 -0.544279 -0.570740 -0.514460
  8 10.965153 0.000065 -0.000006 0.000013 0.000002 -0.652217
  9 0.000007 -0.000004 -4.044200 0.155524 2.756276 0.047137
 10 -0.000007 0.000007 4.044200 -0.133573 -3.014247 -0.531169
 11 17.182070 0.000091 0.000546 0.000004 -0.000009 -1.359172
 12 16.782913 0.000650 -0.000234 -0.231403 -0.163822 0.267680
 13 5.168527 5.004116 -0.000135 -0.046062 0.015675 2.252249
 14 17.182070 0.000099 0.000206 -0.000001 -0.000007 -2.213134
 15 16.782906 0.000656 -0.000113 0.162649 -0.073939 0.218629
 16 5.168479 5.004167 -0.000064 0.158957 -0.099150 1.436913
 17 -0.955155 2.289758 3.012341 -0.615757 -1.339855 2.285426
 18 5.760273 0.000016 0.000006 0.478290 0.853443 0.930650
time 52
  0 0.009547 -0.009547 -3.927965 0.014152 0.130055 -1.742724
  1 0.000000 0.000000 0.000000 -1.570796 -1.570796 0.000000
  2 4.484989 -0.004008 0.000006 -0.581766 -0.029504 -0.097184
  3 5.037136 -0.005101 -0.000238 -0.035258 0.006134 0.286542
  4 6.388059 -0.005253 -0.000001 -0.071260 -0.006452 -0.007839
  5 6.146608 1.394838 0.000001 -0.090266 0.102457 1.458451
  6 -0.224660 2.758536 -2.754507 -0.206567 1.021204 1.496711
  7 5.760270 -0.000012 -0.000009 -0.624330 -0.554609 -0.490706
  8 10.965153 0.000065 -0.000006 0.000013 0.000002 -0.602318
  9 0.000007 -0.000004 -4.044200 0.155524 2.756276 0.047137
 10 -0.000007 0.000007 4.044200 -0.133573 -3.014247 -0.531169
 11 17.182070 0.000091 0.000546 0.000004 -0.000009 -1.359172
 12 16.782913 0.000650 -0.000234 -0.231403 -0.163822 0.267680
 13 5.168527 5.004116 -0.000135 -0.046062 0.015675 2.252249
 14 17.182070 0.000099 0.000206 -0.000001 -0.000007 -2.213134
 15 16.782906 0.000656 -0.000113 0.162649 -0.073939 0.218629
 16 5.168479 5.004167 -0.000064 0.158957 -0.099150 1.436913
 17 -0.826245 2.227256 3.090468 -0.527472 -1.386094 2.195010
 18 5.760273 0.000016 0.000006 0.464580 0.883935 0.968678
time 53
  0 0.009547 -0.009547 -3.927965 0.014152 0.130055 -1.742724
  1 0.000000 0.000000 0.000000 -1.570796 -1.570796 0.000000
  2 4.484989 -0.004008 0.000006 -0.633567 -0.007688 -0.116000
  3 5.037136 -0.005101 -0.000238 -0.037452 0.009777 0.281677
  4 6.388059 -0.005253 -0.000001 -0.077516 -0.000666 -0.017639
  5 6.146608 1.394838 0.000001 -0.077452 0.017055 1.464882
  6 -0.459042 2.727285 -2.766226 -0.053223 1.028297 1.628625
  7 5.760270 -0.000012 -0.000009 -0.682258 -0.542019 -0.477759
  8 10.965153 0.000065 -0.000006 0.000013 0.000002 -0.558238
  9 0.000007 -0.000004 -4.044200 0.155524 2.756276 0.047137
 10 -0.000007 0.000007 4.044200 -0.133573 -3.014247 -0.531169
 11 17.182070 0.000091 0.000546 0.000004 -0.000009 -1.359172
 12 16.782913 0.000650 -0.000234 -0.231403 -0.163822 0.267680
 13 5.168527 5.004116 -0.000135 -0.046062 0.015675 2.252249
 14 17.182070 0.000099 0.000206 -0.000001 -0.000007 -2.213134
 15 16.782906 0.000656 -0.000113 0.162649 -0.073939 0.218629
 16 5.168479 5.004167 -0.000064 0.158957 -0.099150 1.436913
 17 -0.560612 2.270226 3.121719 -0.023223 -1.410393 1.698911
 18 5.760273 0.000016 0.000006 0.447544 0.904651 0.996109
time 54
  0 0.009547 -0.009547 -3.927965 0.014152 0.130055 -1.742724
  1 0.000000 0.000000 0.000000 -1.570796 -1.570796 0.000000
  2 4.484989 -0.004008 0.000006 -0.674448 0.009877 -0.132896
  3 5.037136 -0.005101 -0.000238 -0.039067 0.012806 0.277840
  4 6.388059 -0.005253 -0.000001 -0.082154 0.004073 -0.025380
  5 6.146608 1.394838 0.000001 -0.034689 -0.115876 1.463096
  6 -0.849679 2.598375 -2.797477 0.199080 1.047229 1.854968
  7 5.760270 -0.000012 -0.000009 -0.712413 -0.537416 -0.478676
  8 10.965153 0.000065 -0.000006 0.000013 0.000002 -0.521773
  9 0.000007 -0.000004 -4.044200 0.155524 2.756276 0.047137
 10 -0.000007 0.000007 4.044200 -0.133573 -3.014247 -0.531169
 11 17.182070 0.000091 0.000546 0.000004 -0.000009 -1.359172
 12 16.782913 0.000650 -0.000234 -0.231403 -0.163822 0.267680
 13 5.168527 5.004116 -0.000135 -0.046062 0.015675 2.252249
 14 17.182070 0.000099 0.000206 -0.000001 -0.000007 -2.213134
 15 16.782906 0.000656 -0.000113 0.162649 -0.073939 0.218629
 16 5.168479 5.004167 -0.000064 0.158957 -0.099150 1.436913
 17 -0.169975 2.399136 3.070936 0.629645 -1.341143 1.066286
 18 5.760273 0.000016 0.000006 0.426165 0.915107 1.009444
time 55
  0 0.009547 -0.009547 -3.927965 0.014152 0.130055 -1.742724
  1 0.000000 0.000000 0.000000 -1.570796 -1.570796 0.000000
  2 4.484989 -0.004008 0.000006 -0.682767 0.023526 -0.146438
  3 5.037136 -0.005101 -0.000238 -0.038319 0.014796 0.275875
  4 6.388059 -0.005253 -0.000001 -0.081771 0.008146 -0.029374
  5 6.146608 1.394838 0.000001 0.005837 -0.242673 1.451782
  6 -1.240316 2.481184 -2.754507 0.435286 1.041323 2.072441
  7 5.760270 -0.000012 -0.000009 -0.693081 -0.543239 -0.481888
  8 10.965153 0.000065 -0.000006 0.000013 0.000002 -0.491251
  9 0.000007 -0.000004 -4.044200 0.155524 2.756276 0.047137
 10 -0.000007 0.000007 4.044200 -0.133573 -3.014247 -0.531169
 11 17.182070 0.000091 0.000546 0.000004 -0.000009 -1.359172
 12 16.782913 0.000650 -0.000234 -0.231403 -0.163822 0.267680
 13 5.168527 5.004116 -0.000135 -0.046062 0.015675 2.252249
 14 17.182070 0.000099 0.000206 -0.000001 -0.000007 -2.213134
 15 16.782906 0.000656 -0.000113 0.162649 -0.073939 0.218629
 16 5.168479 5.004167 -0.000064 0.158957 -0.099150 1.436913
 17 0.185505 2.516327 2.981090 0.914796 -1.233324 0.805286
 18 5.760273 0.000016 0.000006 0.397863 0.909709 0.980485
time 56
  0 0.009547 -0.009547 -3.927965 0.014152 0.130055 -1.742724
  1 0.000000 0.000000 0.000000 -1.570796 -1.570796 0.000000
  2 4.484989 -0.004008 0.000006 -0.651407 0.034506 -0.156693
  3 5.037136 -0.005101 -0.000238 -0.034578 0.015718 0.275845
  4 6.388059 -0.005253 -0.000001 -0.075059 0.011819 -0.029550
  5 6.146608 1.394838 0.000001 0.009211 -0.310306 1.440786
  6 -1.443447 2.469465 -2.668567 0.519387 1.020149 2.155614
  7 5.760270 -0.000012 -0.000009 -0.619633 -0.555829 -0.479084
  8 10.965153 0.000065 -0.000006 0.000013 0.000002 -0.464878
  9 0.000007 -0.000004 -4.044200 0.155524 2.756276 0.047137
 10 -0.000007 0.000007 4.044200 -0.133573 -3.014247 -0.531169
 11 17.182070 0.000091 0.000546 0.000004 -0.000009 -1.359172
 12 16.782913 0.000650 -0.000234 -0.231403 -0.163822 0.267680
 13 5.168527 5.004116 -0.000135 -0.046062 0.015675 2.252249
 14 17.182070 0.000099 0.000206 -0.000001 -0.000007 -2.213134
 15 16.782906 0.000656 -0.000113 0.162649 -0.073939 0.218629
 16 5.168479 5.004167 -0.000064 0.158957 -0.099150 1.436913
 17 0.357385 2.516327 2.961558 1.039521 -1.182370 0.699121
 18 5.760273 0.000016 0.000006 0.369085 0.887874 0.905822
time 57
  0 0.009547 -0.009547 -3.927965 0.014152 0.130055 -1.742724
  1 0.000000 0.000000 0.000000 -1.570796 -1.570796 0.000000
  2 4.484989 -0.004008 0.000006 -0.599380 0.043632 -0.164994
  3 5.037136 -0.005101 -0.000238 -0.029561 0.015996 0.276903
  4 6.388059 -0.005253 -0.000001 -0.065520 0.015169 -0.027562
  5 6.146608 1.394838 0.000001 -0.035561 -0.311830 1.438523
  6 -1.451260 2.578843 -2.555282 0.445001 0.997736 2.095714
  7 5.760270 -0.000012 -0.000009 -0.512966 -0.569914 -0.482244
  8 10.965153 0.000065 -0.000006 0.000013 0.000002 -0.443581
  9 0.000007 -0.000004 -4.044200 0.155524 2.756276 0.047137
 10 -0.000007 0.000007 4.044200 -0.133573 -3.014247 -0.531169
 11 17.182070 0.000091 0.000546 0.000004 -0.000009 -1.359172
 12 16.782913 0.000650 -0.000234 -0.231403 -0.163822 0.267680
 13 5.168527 5.004116 -0.000135 -0.046062 0.015675 2.252249
 14 17.182070 0.000099 0.000206 -0.000001 -0.000007 -2.213134
 15 16.782906 0.000656 -0.000113 0.162649 -0.073939 0.218629
 16 5.168479 5.004167 -0.000064 0.158957 -0.099150 1.436913
 17 0.357385 2.375698 3.070936 1.104282 -1.207328 0.645042
 18 5.760273 0.000016 0.000006 0.373768 0.838610 0.832327
time 58
  0 0.009547 -0.009547 -3.927965 0.014152 0.130055 -1.742724
  1 0.000000 0.000000 0.000000 -1.570796 -1.570796 0.000000
  2 4.484989 -0.004008 0.000006 -0.545825 0.051368 -0.173035
  3 5.037136 -0.005101 -0.000238 -0.024595 0.016069 0.278112
  4 6.388059 -0.005253 -0.000001 -0.056088 0.018005 -0.025204
  5 6.146608 1.394838 0.000001 -0.104615 -0.282960 1.439317
  6 -1.377039 2.758536 -2.406840 0.307754 0.966727 1.978393
  7 5.760270 -0.000012 -0.000009 -0.394455 -0.580733 -0.498199
  8 10.965153 0.000065 -0.000006 0.000013 0.000002 -0.427299
  9 0.000007 -0.000004 -4.044200 0.155524 2.756276 0.047137
 10 -0.000007 0.000007 4.044200 -0.133573 -3.014247 -0.531169
 11 17.182070 0.000091 0.000546 0.000004 -0.000009 -1.359172
 12 16.782913 0.000650 -0.000234 -0.231403 -0.163822 0.267680
 13 5.168527 5.004116 -0.000135 -0.046062 0.015675 2.252249
 14 17.182070 0.000099 0.000206 -0.000001 -0.000007 -2.213134
 15 16.782906 0.000656 -0.000113 0.162649 -0.073939 0.218629
 16 5.168479 5.004167 -0.000064 0.158957 -0.099150 1.436913
 17 0.271445 2.164754 3.238910 1.142567 -1.269411 0.612216
 18 5.760273 0.000016 0.000006 0.422093 0.762162 0.790303
time 59
  0 0.009547 -0.009547 -3.927965 0.014152 0.130055 -1.742724
  1 0.000000 0.000000 0.000000 -1.570796 -1.570796 0.000000
  2 4.484989 -0.004008 0.000006 -0.492334 0.058048 -0.187522
  3 5.037136 -0.005101 -0.000238 -0.019613 0.016040 0.279532
  4 6.388059 -0.005253 -0.000001 -0.046308 0.020517 -0.022442
  5 6.146608 1.394838 0.000001 -0.184777 -0.235807 1.436697
  6 -1.252035 2.949948 -2.234960 0.149553 0.921875 1.842759
  7 5.760270 -0.000012 -0.000009 -0.279075 -0.583527 -0.516346
  8 10.965153 0.000065 -0.000006 0.000013 0.000002 -0.417021
  9 0.000007 -0.000004 -4.044200 0.155524 2.756276 0.047137
 10 -0.000007 0.000007 4.044200 -0.133573 -3.014247 -0.531169
 11 17.182070 0.000091 0.000546 0.000004 -0.000009 -1.359172
 12 16.782913 0.000650 -0.000234 -0.231403 -0.163822 0.267680
 13 5.168527 5.004116 -0.000135 -0.046062 0.015675 2.252249
 14 17.182070 0.000099 0.000206 -0.000001 -0.000007 -2.213134
 15 16.782906 0.000656 -0.000113 0.162649 -0.073939 0.218629
 16 5.168479 5.004167 -0.000064 0.158957 -0.099150 1.436913
 17 0.126909 1.891308 3.406884 1.186202 -1.354409 0.569522
 18 5.760273 0.000016 0.000006 0.494986 0.675356 0.767765
time 60
  0 0.009547 -0.009547 -3.927965 0.014152 0.130055 -1.742724
  1 0.000000 0.000000 0.000000 -1.570796 -1.570796 0.000000
  2 4.484989 -0.004008 0.000006 -0.429843 0.063850 -0.205329
  3 5.037136 -0.005101 -0.000238 -0.013916 0.015644 0.281496
  4 6.388059 -0.005253 -0.000001 -0.035163 0.022877 -0.018501
  5 6.146608 1.394838 0.000001 -0.264161 -0.183173 1.426852
  6 -1.134844 3.125735 -2.055267 0.003924 0.865816 1.721242
  7 5.760270 -0.000012 -0.000009 -0.162742 -0.576720 -0.529549
  8 10.965153 0.000065 -0.000006 0.000013 0.000002 -0.413307
  9 0.000007 -0.000004 -4.044200 0.155524 2.756276 0.047137
 10 -0.000007 0.000007 4.044200 -0.133573 -3.014247 -0.531169
 11 17.182070 0.000091 0.000546 0.000004 -0.000009 -1.359172
 12 16.782913 0.000650 -0.000234 -0.231403 -0.163822 0.267680
 13 5.168527 5.004116 -0.000135 -0.046062 0.015675 2.252249
 14 17.182070 0.000099 0.000206 -0.000001 -0.000007 -2.213134
 15 16.782906 0.000656 -0.000113 0.162649 -0.073939 0.218629
 16 5.168479 5.004167 -0.000064 0.158957 -0.099150 1.436913
 17 -0.056690 1.606143 3.555326 1.327624 -1.445976 0.427684
 18 5.760273 0.000016 0.000006 0.566318 0.596622 0.736832
time 61
  0 0.009547 -0.009547 -3.927965 0.014152 0.130055 -1.742724
  1 0.000000 0.000000 0.000000 -1.570796 -1.570796 0.000000
  2 4.484989 -0.004008 0.000006 -0.361566 0.068261 -0.214444
  3 5.037136 -0.005101 -0.000238 -0.008542 0.014913 0.283762
  4 6.388059 -0.005253 -0.000001 -0.024413 0.024228 -0.013997
  5 6.146608 1.394838 0.000001 -0.331793 -0.138078 1.408710
  6 -1.048904 3.254645 -1.879480 -0.109512 0.809599 1.633871
  7 5.760270 -0.000012 -0.000009 -0.044707 -0.559999 -0.549480
  8 10.965153 0.000065 -0.000006 0.000013 0.000002 -0.416279
  9 0.000007 -0.000004 -4.044200 0.155524 2.756276 0.047137
 10 -0.000007 0.000007 4.044200 -0.133573 -3.014247 -0.531169
 11 17.182070 0.000091 0.000546 0.000004 -0.000009 -1.359172
 12 16.782913 0.000650 -0.000234 -0.231403 -0.163822 0.267680
 13 5.168527 5.004116 -0.000135 -0.046062 0.015675 2.252249
 14 17.182070 0.000099 0.000206 -0.000001 -0.000007 -2.213134
 15 16.782906 0.000656 -0.000113 0.162649 -0.073939 0.218629
 16 5.168479 5.004167 -0.000064 0.158957 -0.099150 1.436913
 17 -0.236383 1.352229 3.652985 2.011212 -1.516043 -0.252852
 18 5.760273 0.000016 0.000006 0.620412 0.536563 0.695886
time 62
  0 0.009547 -0.009547 -3.927965 0.014152 0.130055 -1.742724
  1 0.000000 0.000000 0.000000 -1.570796 -1.570796 0.000000
  2 4.484989 -0.004008 0.000006 -0.290593 0.069140 -0.202887
  3 5.037136 -0.005101 -0.000238 -0.004597 0.013801 0.285998
  4 6.388059 -0.005253 -0.000001 -0.016059 0.024247 -0.009440
  5 6.146608 1.394838 0.000001 -0.376604 -0.113086 1.384297
  6 -1.037185 3.328866 -1.758383 -0.180755 0.768623 1.590090
  7 5.760270 -0.000012 -0.000009 0.074689 -0.531357 -0.586589
  8 10.965153 0.000065 -0.000006 0.000013 0.000002 -0.426556
  9 0.000007 -0.000004 -4.044200 0.155524 2.756276 0.047137
 10 -0.000007 0.000007 4.044200 -0.133573 -3.014247 -0.531169
 11 17.182070 0.000091 0.000546 0.000004 -0.000009 -1.359172
 12 16.782913 0.000650 -0.000234 -0.231403 -0.163822 0.267680
 13 5.168527 5.004116 -0.000135 -0.046062 0.015675 2.252249
 14 17.182070 0.000099 0.000206 -0.000001 -0.000007 -2.213134
 15 16.782906 0.000656 -0.000113 0.162649 -0.073939 0.218629
 16 5.168479 5.004167 -0.000064 0.158957 -0.099150 1.436913
 17 -0.373106 1.188161 3.703768 -3.101120 -1.507084 4.870478
 18 5.760273 0.000016 0.000006 0.652922 0.488369 0.649463
time 63
  0 0.009547 -0.009547 -3.927965 0.014152 0.130055 -1.742724
  1 0.000000 0.000000 0.000000 -1.570796 -1.570796 0.000000
  2 4.484989 -0.004008 0.000006 -0.213867 0.066088 -0.174695
  3 5.037136 -0.005101 -0.000238 -0.001553 0.012601 0.287992
  4 6.388059 -0.005253 -0.000001 -0.009660 0.023467 -0.005376
  5 6.146608 1.394838 0.000001 -0.394933 -0.112334 1.357779
  6 -1.103593 3.340585 -1.695881 -0.215520 0.751668 1.583604
  7 5.760270 -0.000012 -0.000009 0.194970 -0.487332 -0.631345
  8 10.965153 0.000065 -0.000006 0.000013 0.000002 -0.444014
  9 0.000007 -0.000004 -4.044200 0.155524 2.756276 0.047137
 10 -0.000007 0.000007 4.044200 -0.133573 -3.014247 -0.531169
 11 17.182070 0.000091 0.000546 0.000004 -0.000009 -1.359172
 12 16.782913 0.000650 -0.000234 -0.231403 -0.163822 0.267680
 13 5.168527 5.004116 -0.000135 -0.046062 0.015675 2.252249
 14 17.182070 0.000099 0.000206 -0.000001 -0.000007 -2.213134
 15 16.782906 0.000656 -0.000113 0.162649 -0.073939 0.218629
 16 5.168479 5.004167 -0.000064 0.158957 -0.099150 1.436913
 17 -0.435608 1.094409 3.723300 0.331025 -1.658848 1.458783
 18 5.760273 0.000016 0.000006 0.671315 0.448492 0.596934
time 64
  0 0.009547 -0.009547 -3.927965 0.014152 0.130055 -1.742724
  1 0.000000 0.000000 0.000000 -1.570796 -1.570796 0.000000
  2 4.484989 -0.004008 0.000006 -0.128562 0.060510 -0.142402
  3 5.037136 -0.005101 -0.000238 0.001372 0.011284 0.289745
  4 6.388059 -0.005253 -0.000001 -0.002948 0.022649 -0.001857
  5 6.146608 1.394838 0.000001 -0.394819 -0.126225 1.330030
  6 -1.209065 3.309334 -1.684162 -0.231902 0.752802 1.596290
  7 5.760270 -0.000012 -0.000009 0.309601 -0.427373 -0.666007
  8 10.965153 0.000065 -0.000006 0.000013 0.000002 -0.466549
  9 0.000007 -0.000004 -4.044200 0.155524 2.756276 0.047137
 10 -0.000007 0.000007 4.044200 -0.133573 -3.014247 -0.531169
 11 17.182070 0.000091 0.000546 0.000004 -0.000009 -1.359172
 12 16.782913 0.000650 -0.000234 -0.231403 -0.163822 0.267680
 13 5.168527 5.004116 -0.000135 -0.046062 0.015675 2.252249
 14 17.182070 0.000099 0.000206 -0.000001 -0.000007 -2.213134
 15 16.782906 0.000656 -0.000113 0.162649 -0.073939 0.218629
 16 5.168479 5.004167 -0.000064 0.158957 -0.099150 1.436913
 17 -0.466859 1.070970 3.727206 0.414329 -1.663626 1.402048
 18 5.760273 0.000016 0.000006 0.693305 0.409976 0.539870
time 65
  0 0.009547 -0.009547 -3.927965 0.014152 0.130055 -1.742724
  1 0.000000 0.000000 0.000000 -1.570796 -1.570796 0.000000
  2 4.484989 -0.004008 0.000006 -0.038351 0.051368 -0.106950
  3 5.037136 -0.005101 -0.000238 0.004417 0.009967 0.291377
  4 6.388059 -0.005253 -0.000001 0.003500 0.021640 0.001433
  5 6.146608 1.394838 0.000001 -0.382347 -0.146210 1.298312
  6 -1.337975 3.254645 -1.699787 -0.241902 0.765195 1.619182
  7 5.760270 -0.000012 -0.000009 0.415860 -0.353604 -0.688793
  8 10.965153 0.000065 -0.000006 0.000013 0.000002 -0.493790
  9 0.000007 -0.000004 -4.044200 0.155524 2.756276 0.047137
 10 -0.000007 0.000007 4.044200 -0.133573 -3.014247 -0.531169
 11 17.182070 0.000091 0.000546 0.000004 -0.000009 -1.359172
 12 16.782913 0.000650 -0.000234 -0.231403 -0.163822 0.267680
 13 5.168527 5.004116 -0.000135 -0.046062 0.015675 2.252249
 14 17.182070 0.000099 0.000206 -0.000001 -0.000007 -2.213134
 15 16.782906 0.000656 -0.000113 0.162649 -0.073939 0.218629
 16 5.168479 5.004167 -0.000064 0.158957 -0.099150 1.436913
 17 -0.478578 1.082690 3.723300 0.482780 -1.653158 1.366090
 18 5.760273 0.000016 0.000006 0.719096 0.371168 0.481864
time 66
  0 0.009547 -0.009547 -3.927965 0.014152 0.130055 -1.742724
  1 0.000000 0.000000 0.000000 -1.570796 -1.570796 0.000000
  2 4.484989 -0.004008 0.000006 0.053064 0.038038 -0.069675
  3 5.037136 -0.005101 -0.000238 0.007359 0.008607 0.292978
  4 6.388059 -0.005253 -0.000001 0.009803 0.020498 0.004670
  5 6.146608 1.394838 0.000001 -0.364017 -0.163920 1.259845
  6 -1.474698 3.176517 -1.738851 -0.255999 0.781807 1.644363
  7 5.760270 -0.000012 -0.000009 0.510614 -0.269173 -0.697917
  8 10.965153 0.000065 -0.000006 0.000013 0.000002 -0.524745
  9 0.000007 -0.000004 -4.044200 0.155524 2.756276 0.047137
 10 -0.000007 0.000007 4.044200 -0.133573 -3.014247 -0.531169
 11 17.182070 0.000091 0.000546 0.000004 -0.000009 -1.359172
 12 16.782913 0.000650 -0.000234 -0.231403 -0.163822 0.267680
 13 5.168527 5.004116 -0.000135 -0.046062 0.015675 2.252249
 14 17.182070 0.000099 0.000206 -0.000001 -0.000007 -2.213134
 15 16.782906 0.000656 -0.000113 0.162649 -0.073939 0.218629
 16 5.168479 5.004167 -0.000064 0.158957 -0.099150 1.436913
 17 -0.521548 1.106128 3.711581 0.645051 -1.639359 1.241899
 18 5.760273 0.000016 0.000006 0.747398 0.332555 0.426776
time 67
  0 0.009547 -0.009547 -3.927965 0.014152 0.130055 -1.742724
  1 0.000000 0.000000 0.000000 -1.570796 -1.570796 0.000000
  2 4.484989 -0.004008 0.000006 0.142008 0.020186 -0.031912
  3 5.037136 -0.005101 -0.000238 0.010011 0.007173 0.294640
  4 6.388059 -0.005253 -0.000001 0.015820 0.018975 0.008066
  5 6.146608 1.394838 0.000001 -0.346882 -0.171281 1.212645
  6 -1.611421 3.086671 -1.781821 -0.286858 0.795861 1.662295
  7 5.760270 -0.000012 -0.000009 0.594409 -0.177699 -0.695725
  8 10.965153 0.000065 -0.000006 0.000013 0.000002 -0.558300
  9 0.000007 -0.000004 -4.044200 0.155524 2.756276 0.047137
 10 -0.000007 0.000007 4.044200 -0.133573 -3.014247 -0.531169
 11 17.182070 0.000091 0.000546 0.000004 -0.000009 -1.359172
 12 16.782913 0.000650 -0.000234 -0.231403 -0.163822 0.267680
 13 5.168527 5.004116 -0.000135 -0.046062 0.015675 2.252249
 14 17.182070 0.000099 0.000206 -0.000001 -0.000007 -2.213134
 15 16.782906 0.000656 -0.000113 0.162649 -0.073939 0.218629
 16 5.168479 5.004167 -0.000064 0.158957 -0.099150 1.436913
 17 -0.595769 1.113940 3.695955 1.007417 -1.636781 0.922551
 18 5.760273 0.000016 0.000006 0.776175 0.293990 0.376132
time 68
  0 0.009547 -0.009547 -3.927965 0.014152 0.130055 -1.742724
  1 0.000000 0.000000 0.000000 -1.570796 -1.570796 0.000000
  2 4.484989 -0.004008 0.000006 0.224843 -0.001742 0.004972
  3 5.037136 -0.005101 -0.000238 0.012341 0.005666 0.296514
  4 6.388059 -0.005253 -0.000001 0.021129 0.017339 0.011831
  5 6.146608 1.394838 0.000001 -0.339034 -0.160912 1.154925
  6 -1.705174 3.008543 -1.820885 -0.346005 0.800133 1.664012
  7 5.760270 -0.000012 -0.000009 0.666905 -0.082645 -0.684307
  8 10.965153 0.000065 -0.000006 0.000013 0.000002 -0.594269
  9 0.000007 -0.000004 -4.044200 0.155524 2.756276 0.047137
 10 -0.000007 0.000007 4.044200 -0.133573 -3.014247 -0.531169
 11 17.182070 0.000091 0.000546 0.000004 -0.000009 -1.359172
 12 16.782913 0.000650 -0.000234 -0.231403 -0.163822 0.267680
 13 5.168527 5.004116 -0.000135 -0.046062 0.015675 2.252249
 14 17.182070 0.000099 0.000206 -0.000001 -0.000007 -2.213134
 15 16.782906 0.000656 -0.000113 0.162649 -0.073939 0.218629
 16 5.168479 5.004167 -0.000064 0.158957 -0.099150 1.436913
 17 -0.763743 1.074877 3.672517 1.374673 -1.664286 0.602633
 18 5.760273 0.000016 0.000006 0.802441 0.255718 0.331954
time 69
  0 0.009547 -0.009547 -3.927965 0.014152 0.130055 -1.742724
  1 0.000000 0.000000 0.000000 -1.570796 -1.570796 0.000000
  2 4.484989 -0.004008 0.000006 0.297994 -0.027314 0.040521
  3 5.037136 -0.005101 -0.000238 0.014314 0.004071 0.298689
  4 6.388059 -0.005253 -0.000001 0.025539 0.015207 0.016212
  5 6.146608 1.394838 0.000001 -0.349024 -0.123851 1.080612
  6 -1.767676 2.946042 -1.863855 -0.449345 0.786474 1.641120
  7 5.760270 -0.000012 -0.000009 0.729121 0.012959 -0.667944
  8 10.965153 0.000065 -0.000006 0.000013 0.000002 -0.631601
  9 0.000007 -0.000004 -4.044200 0.155524 2.756276 0.047137
 10 -0.000007 0.000007 4.044200 -0.133573 -3.014247 -0.531169
 11 17.182070 0.000091 0.000546 0.000004 -0.000009 -1.359172
 12 16.782913 0.000650 -0.000234 -0.231403 -0.163822 0.267680
 13 5.168527 5.004116 -0.000135 -0.046062 0.015675 2.252249
 14 17.182070 0.000099 0.000206 -0.000001 -0.000007 -2.213134
 15 16.782906 0.000656 -0.000113 0.162649 -0.073939 0.218629
 16 5.168479 5.004167 -0.000064 0.158957 -0.099150 1.436913
 17 -1.037189 0.953779 3.641266 1.542572 -1.733252 0.488783
 18 5.760273 0.000016 0.000006 0.824364 0.218515 0.295992
time 70
  0 0.009547 -0.009547 -3.927965 0.014152 0.130055 -1.742724
  1 0.000000 0.000000 0.000000 -1.570796 -1.570796 0.000000
  2 4.484989 -0.004008 0.000006 0.358081 -0.055300 0.073759
  3 5.037136 -0.005101 -0.000238 0.015606 0.002388 0.301288
  4 6.388059 -0.005253 -0.000001 0.029099 0.012676 0.021402
  5 6.146608 1.394838 0.000001 -0.375580 -0.065933 0.989347
  6 -1.791114 2.895259 -1.918544 -0.586116 0.756019 1.604970
  7 5.760270 -0.000012 -0.000009 0.782285 0.106911 -0.651276
  8 10.965153 0.000065 -0.000006 0.000013 0.000002 -0.669242
  9 0.000007 -0.000004 -4.044200 0.155524 2.756276 0.047137
 10 -0.000007 0.000007 4.044200 -0.133573 -3.014247 -0.531169
 11 17.182070 0.000091 0.000546 0.000004 -0.000009 -1.359172
 12 16.782913 0.000650 -0.000234 -0.231403 -0.163822 0.267680
 13 5.168527 5.004116 -0.000135 -0.046062 0.015675 2.252249
 14 17.182070 0.000099 0.000206 -0.000001 -0.000007 -2.213134
 15 16.782906 0.000656 -0.000113 0.162649 -0.073939 0.218629
 16 5.168479 5.004167 -0.000064 0.158957 -0.099150 1.436913
 17 -1.400481 0.742835 3.567045 -1.528223 -1.307980 3.621452
 18 5.760273 0.000016 0.000006 0.838685 0.183744 0.270042
time 71
  0 0.009547 -0.009547 -3.927965 0.014152 0.130055 -1.742724
  1 0.000000 0.000000 0.000000 -1.570796 -1.570796 0.000000
  2 4.484989 -0.004008 0.000006 0.401790 -0.084404 0.104621
  3 5.037136 -0.005101 -0.000238 0.016321 0.000632 0.304400
  4 6.388059 -0.005253 -0.000001 0.031376 0.009535 0.027648
  5 6.146608 1.394838 0.000001 -0.411348 -0.001803 0.888079
  6 -1.798927 2.852289 -1.981046 -0.730317 0.717152 1.572158
  7 5.760270 -0.000012 -0.000009 0.826735 0.197086 -0.638889
  8 10.965153 0.000065 -0.000006 0.000013 0.000002 -0.706450
  9 0.000007 -0.000004 -4.044200 0.155524 2.756276 0.047137
 10 -0.000007 0.000007 4.044200 -0.133573 -3.014247 -0.531169
 11 17.182070 0.000091 0.000546 0.000004 -0.000009 -1.359172
 12 16.782913 0.000650 -0.000234 -0.231403 -0.163822 0.267680
 13 5.168527 5.004116 -0.000135 -0.046062 0.015675 2.252249
 14 17.182070 0.000099 0.000206 -0.000001 -0.000007 -2.213134
 15 16.782906 0.000656 -0.000113 0.162649 -0.073939 0.218629
 16 5.168479 5.004167 -0.000064 0.158957 -0.099150 1.436913
 17 -1.791118 0.500641 3.438135 -1.479329 -1.197207 3.640237
 18 5.760273 0.000016 0.000006 0.845472 0.155732 0.257471
time 72
  0 0.009547 -0.009547 -3.927965 0.014152 0.130055 -1.742724
  1 0.000000 0.000000 0.000000 -1.570796 -1.570796 0.000000
  2 4.484989 -0.004008 0.000006 0.425870 -0.113012 0.132845
  3 5.037136 -0.005101 -0.000238 0.016253 -0.001124 0.308177
  4 6.388059 -0.005253 -0.000001 0.032227 0.005862 0.035143
  5 6.146608 1.394838 0.000001 -0.446074 0.055838 0.785025
  6 -1.802833 2.789787 -2.066986 -0.862135 0.681977 1.553273
  7 5.760270 -0.000012 -0.000009 0.861519 0.282855 -0.636748
  8 10.965153 0.000065 -0.000006 0.000013 0.000002 -0.742357
  9 0.000007 -0.000004 -4.044200 0.155524 2.756276 0.047137
 10 -0.000007 0.000007 4.044200 -0.133573 -3.014247 -0.531169
 11 17.182070 0.000091 0.000546 0.000004 -0.000009 -1.359172
 12 16.782913 0.000650 -0.000234 -0.231403 -0.163822 0.267680
 13 5.168527 5.004116 -0.000135 -0.046062 0.015675 2.252249
 14 17.182070 0.000099 0.000206 -0.000001 -0.000007 -2.213134
 15 16.782906 0.000656 -0.000113 0.162649 -0.073939 0.218629
 16 5.168479 5.004167 -0.000064 0.158957 -0.099150 1.436913
 17 -2.130972 0.258446 3.258442 -1.434310 -1.100295 3.670028
 18 5.760273 0.000016 0.000006 0.835563 0.142699 0.255181
time 73
  0 0.009547 -0.009547 -3.927965 0.014152 0.130055 -1.742724
  1 0.000000 0.000000 0.000000 -1.570796 -1.570796 0.000000
  2 4.484989 -0.004008 0.000006 0.421678 -0.141941 0.161363
  3 5.037136 -0.005101 -0.000238 0.015045 -0.003318 0.313163
  4 6.388059 -0.005253 -0.000001 0.030896 0.001028 0.045136
  5 6.146608 1.394838 0.000001 -0.466148 0.097391 0.690664
  6 -1.822365 2.696034 -2.164645 -0.967380 0.664864 1.551746
  7 5.760270 -0.000012 -0.000009 0.886569 0.366027 -0.657647
  8 10.965153 0.000065 -0.000006 0.000013 0.000002 -0.776470
  9 0.000007 -0.000004 -4.044200 0.155524 2.756276 0.047137
 10 -0.000007 0.000007 4.044200 -0.133573 -3.014247 -0.531169
 11 17.182070 0.000091 0.000546 0.000004 -0.000009 -1.359172
 12 16.782913 0.000650 -0.000234 -0.231403 -0.163822 0.267680
 13 5.168527 5.004116 -0.000135 -0.046062 0.015675 2.252249
 14 17.182070 0.000099 0.000206 -0.000001 -0.000007 -2.213134
 15 16.782906 0.000656 -0.000113 0.162649 -0.073939 0.218629
 16 5.168479 5.004167 -0.000064 0.158957 -0.099150 1.436913
 17 -2.384886 0.067034 3.078749 -1.382003 -1.035604 3.696308
 18 5.760273 0.000016 0.000006 0.805564 0.147903 0.271344
time 74
  0 0.009547 -0.009547 -3.927965 0.014152 0.130055 -1.742724
  1 0.000000 0.000000 0.000000 -1.570796 -1.570796 0.000000
  2 4.484989 -0.004008 0.000006 0.387198 -0.171429 0.192941
  3 5.037136 -0.005101 -0.000238 0.012511 -0.005952 0.319630
  4 6.388059 -0.005253 -0.000001 0.027337 -0.005329 0.057962
  5 6.146608 1.394838 0.000001 -0.455723 0.115813 0.617303
  6 -1.865335 2.547592 -2.309181 -1.032051 0.680052 1.568439
  7 5.760270 -0.000012 -0.000009 0.902770 0.448176 -0.707755
  8 10.965153 0.000065 -0.000006 0.000013 0.000002 -0.807672
  9 0.000007 -0.000004 -4.044200 0.155524 2.756276 0.047137
 10 -0.000007 0.000007 4.044200 -0.133573 -3.014247 -0.531169
 11 17.182070 0.000091 0.000546 0.000004 -0.000009 -1.359172
 12 16.782913 0.000650 -0.000234 -0.231403 -0.163822 0.267680
 13 5.168527 5.004116 -0.000135 -0.046062 0.015675 2.252249
 14 17.182070 0.000099 0.000206 -0.000001 -0.000007 -2.213134
 15 16.782906 0.000656 -0.000113 0.162649 -0.073939 0.218629
 16 5.168479 5.004167 -0.000064 0.158957 -0.099150 1.436913
 17 -2.533329 -0.018907 2.965464 -1.311799 -1.015046 3.700862
 18 5.760273 0.000016 0.000006 0.765045 0.170224 0.314175
time 75
  0 0.009547 -0.009547 -3.927965 0.014152 0.130055 -1.742724
  1 0.000000 0.000000 0.000000 -1.570796 -1.570796 0.000000
  2 4.484989 -0.004008 0.000006 0.329354 -0.198775 0.227644
  3 5.037136 -0.005101 -0.000238 0.009008 -0.008820 0.327033
  4 6.388059 -0.005253 -0.000001 0.021788 -0.012809 0.072741
  5 6.146608 1.394838 0.000001 -0.395085 0.110035 0.564427
  6 -1.947369 2.293678 -2.500593 -1.044147 0.746948 1.615748
  7 5.760270 -0.000012 -0.000009 0.909985 0.521237 -0.778508
  8 10.965153 0.000065 -0.000006 0.000013 0.000002 -0.842466
  9 0.000007 -0.000004 -4.044200 0.155524 2.756276 0.047137
 10 -0.000007 0.000007 4.044200 -0.133573 -3.014247 -0.531169
 11 17.182070 0.000091 0.000546 0.000004 -0.000009 -1.359172
 12 16.782913 0.000650 -0.000234 -0.231403 -0.163822 0.267680
 13 5.168527 5.004116 -0.000135 -0.046062 0.015675 2.252249
 14 17.182070 0.000099 0.000206 -0.000001 -0.000007 -2.213134
 15 16.782906 0.000656 -0.000113 0.162649 -0.073939 0.218629
 16 5.168479 5.004167 -0.000064 0.158957 -0.099150 1.436913
 17 -2.584111 0.047502 2.926400 -1.193348 -1.048335 3.656366
 18 5.760273 0.000016 0.000006 0.719096 0.209664 0.374875
time 76
  0 0.009547 -0.009547 -3.927965 0.014152 0.130055 -1.742724
  1 0.000000 0.000000 0.000000 -1.570796 -1.570796 0.000000
  2 4.484989 -0.004008 0.000006 0.255228 -0.222285 0.264821
  3 5.037136 -0.005101 -0.000238 0.004723 -0.011732 0.334889
  4 6.388059 -0.005253 -0.000001 0.014789 -0.020517 0.088382
  5 6.146608 1.394838 0.000001 -0.290073 0.089417 0.521990
  6 -2.052841 1.918666 -2.723256 -0.998144 0.858512 1.705790
  7 5.760270 -0.000012 -0.000009 0.908692 0.577262 -0.865878
  8 10.965153 0.000065 -0.000006 0.000013 0.000002 -0.882769
  9 0.000007 -0.000004 -4.044200 0.155524 2.756276 0.047137
 10 -0.000007 0.000007 4.044200 -0.133573 -3.014247 -0.531169
 11 17.182070 0.000091 0.000546 0.000004 -0.000009 -1.359172
 12 16.782913 0.000650 -0.000234 -0.231403 -0.163822 0.267680
 13 5.168527 5.004116 -0.000135 -0.046062 0.015675 2.252249
 14 17.182070 0.000099 0.000206 -0.000001 -0.000007 -2.213134
 15 16.782906 0.000656 -0.000113 0.162649 -0.073939 0.218629
 16 5.168479 5.004167 -0.000064 0.158957 -0.099150 1.436913
 17 -2.572392 0.246727 2.926400 -0.995190 -1.116138 3.534262
 18 5.760273 0.000016 0.000006 0.673351 0.264471 0.445453
time 77
  0 0.009547 -0.009547 -3.927965 0.014152 0.130055 -1.742724
  1 0.000000 0.000000 0.000000 -1.570796 -1.570796 0.000000
  2 4.484989 -0.004008 0.000006 0.172328 -0.240377 0.303072
  3 5.037136 -0.005101 -0.000238 -0.000005 -0.014365 0.342685
  4 6.388059 -0.005253 -0.000001 0.006783 -0.027959 0.103970
  5 6.146608 1.394838 0.000001 -0.163168 0.061576 0.487215
  6 -2.170032 1.469434 -2.895136 -0.881279 0.984763 1.849436
  7 5.760270 -0.000012 -0.000009 0.897937 0.614874 -0.964411
  8 10.965153 0.000065 -0.000006 0.000013 0.000002 -0.921896
  9 0.000007 -0.000004 -4.044200 0.155524 2.756276 0.047137
 10 -0.000007 0.000007 4.044200 -0.133573 -3.014247 -0.531169
 11 17.182070 0.000091 0.000546 0.000004 -0.000009 -1.359172
 12 16.782913 0.000650 -0.000234 -0.231403 -0.163822 0.267680
 13 5.168527 5.004116 -0.000135 -0.046062 0.015675 2.252249
 14 17.182070 0.000099 0.000206 -0.000001 -0.000007 -2.213134
 15 16.782906 0.000656 -0.000113 0.162649 -0.073939 0.218629
 16 5.168479 5.004167 -0.000064 0.158957 -0.099150 1.436913
 17 -2.533329 0.520172 2.926400 -0.700537 -1.186645 3.308650
 18 5.760273 0.000016 0.000006 0.631407 0.330512 0.518500
time 78
  0 0.009547 -0.009547 -3.927965 0.014152 0.130055 -1.742724
  1 0.000000 0.000000 0.000000 -1.570796 -1.570796 0.000000
  2 4.484989 -0.004008 0.000006 0.088453 -0.252540 0.340510
  3 5.037136 -0.005101 -0.000238 -0.004614 -0.016633 0.349907
  4 6.388059 -0.005253 -0.000001 -0.001342 -0.034544 0.118450
  5 6.146608 1.394838 0.000001 -0.037343 0.032271 0.458593
  6 -2.279410 1.031921 -2.992796 -0.682409 1.092899 2.060041
  7 5.760270 -0.000012 -0.000009 0.879830 0.633956 -1.067227
  8 10.965153 0.000065 -0.000006 0.000013 0.000002 -0.952170
  9 0.000007 -0.000004 -4.044200 0.155524 2.756276 0.047137
 10 -0.000007 0.000007 4.044200 -0.133573 -3.014247 -0.531169
 11 17.182070 0.000091 0.000546 0.000004 -0.000009 -1.359172
 12 16.782913 0.000650 -0.000234 -0.231403 -0.163822 0.267680
 13 5.168527 5.004116 -0.000135 -0.046062 0.015675 2.252249
 14 17.182070 0.000099 0.000206 -0.000001 -0.000007 -2.213134
 15 16.782906 0.000656 -0.000113 0.162649 -0.073939 0.218629
 16 5.168479 5.004167 -0.000064 0.158957 -0.099150 1.436913
 17 -2.470827 0.817056 2.914681 -0.325717 -1.227949 2.990630
 18 5.760273 0.000016 0.000006 0.594688 0.401660 0.586697
time 79
  0 0.009547 -0.009547 -3.927965 0.014152 0.130055 -1.742724
  1 0.000000 0.000000 0.000000 -1.570796 -1.570796 0.000000
  2 4.484989 -0.004008 0.000006 0.011435 -0.259093 0.374985
  3 5.037136 -0.005101 -0.000238 -0.009086 -0.018243 0.356041
  4 6.388059 -0.005253 -0.000001 -0.009540 -0.039721 0.130801
  5 6.146608 1.394838 0.000001 0.064181 0.005914 0.437196
  6 -2.380976 0.680347 -3.016234 -0.434582 1.155866 2.308704
  7 5.760270 -0.000012 -0.000009 0.858320 0.636435 -1.164690
  8 10.965153 0.000065 -0.000006 0.000013 0.000002 -0.966904
  9 0.000007 -0.000004 -4.044200 0.155524 2.756276 0.047137
 10 -0.000007 0.000007 4.044200 -0.133573 -3.014247 -0.531169
 11 17.182070 0.000091 0.000546 0.000004 -0.000009 -1.359172
 12 16.782913 0.000650 -0.000234 -0.231403 -0.163822 0.267680
 13 5.168527 5.004116 -0.000135 -0.046062 0.015675 2.252249
 14 17.182070 0.000099 0.000206 -0.000001 -0.000007 -2.213134
 15 16.782906 0.000656 -0.000113 0.162649 -0.073939 0.218629
 16 5.168479 5.004167 -0.000064 0.158957 -0.099150 1.436913
 17 -2.416137 1.063158 2.883430 0.018291 -1.230967 2.687031
 18 5.760273 0.000016 0.000006 0.562653 0.470376 0.644569
time 80
  0 0.009547 -0.009547 -3.927965 0.014152 0.130055 -1.742724
  1 0.000000 0.000000 0.000000 -1.570796 -1.570796 0.000000
  2 4.484989 -0.004008 0.000006 -0.050634 -0.261138 0.404283
  3 5.037136 -0.005101 -0.000238 -0.012980 -0.019033 0.360574
  4 6.388059 -0.005253 -0.000001 -0.016778 -0.042918 0.139985
  5 6.146608 1.394838 0.000001 0.117957 -0.013259 0.426041
  6 -2.447384 0.492842 -2.992796 -0.253617 1.170395 2.485638
  7 5.760270 -0.000012 -0.000009 0.838375 0.626481 -1.247880
  8 10.965153 0.000065 -0.000006 0.000013 0.000002 -0.958918
  9 0.000007 -0.000004 -4.044200 0.155524 2.756276 0.047137
 10 -0.000007 0.000007 4.044200 -0.133573 -3.014247 -0.531169
 11 17.182070 0.000091 0.000546 0.000004 -0.000009 -1.359172
 12 16.782913 0.000650 -0.000234 -0.231403 -0.163822 0.267680
 13 5.168527 5.004116 -0.000135 -0.046062 0.015675 2.252249
 14 17.182070 0.000099 0.000206 -0.000001 -0.000007 -2.213134
 15 16.782906 0.000656 -0.000113 0.162649 -0.073939 0.218629
 16 5.168479 5.004167 -0.000064 0.158957 -0.099150 1.436913
 17 -2.365355 1.188161 2.871711 0.214788 -1.222354 2.511133
 18 5.760273 0.000016 0.000006 0.533129 0.528392 0.685874
time 81
  0 0.009547 -0.009547 -3.927965 0.014152 0.130055 -1.742724
  1 0.000000 0.000000 0.000000 -1.570796 -1.570796 0.000000
  2 4.484989 -0.004008 0.000006 -0.093856 -0.253643 0.420137
  3 5.037136 -0.005101 -0.000238 -0.016433 -0.017921 0.361812
  4 6.388059 -0.005253 -0.000001 -0.024125 -0.042290 0.142536
  5 6.146608 1.394838 0.000001 0.131776 -0.028140 0.424573
  6 -2.494261 0.449872 -2.961545 -0.169517 1.160217 2.562612
  7 5.760270 -0.000012 -0.000009 0.811895 0.597642 -1.311853
  8 10.965153 0.000065 -0.000006 0.000013 0.000002 -0.930316
  9 0.000007 -0.000004 -4.044200 0.155524 2.756276 0.047137
 10 -0.000007 0.000007 4.044200 -0.133573 -3.014247 -0.531169
 11 17.182070 0.000091 0.000546 0.000004 -0.000009 -1.359172
 12 16.782913 0.000650 -0.000234 -0.231403 -0.163822 0.267680
 13 5.168527 5.004116 -0.000135 -0.046062 0.015675 2.252249
 14 17.182070 0.000099 0.000206 -0.000001 -0.000007 -2.213134
 15 16.782906 0.000656 -0.000113 0.162649 -0.073939 0.218629
 16 5.168479 5.004167 -0.000064 0.158957 -0.099150 1.436913
 17 -2.322384 1.231132 2.891243 0.295877 -1.221097 2.434569
 18 5.760273 0.000016 0.000006 0.514329 0.570410 0.716224
time 82
  0 0.009547 -0.009547 -3.927965 0.014152 0.130055 -1.742724
  1 0.000000 0.000000 0.000000 -1.570796 -1.570796 0.000000
  2 4.484989 -0.004008 0.000006 -0.123850 -0.234847 0.420463
  3 5.037136 -0.005101 -0.000238 -0.019732 -0.014614 0.359455
  4 6.388059 -0.005253 -0.000001 -0.031927 -0.037475 0.137944
  5 6.146608 1.394838 0.000001 0.130771 -0.043593 0.429694
  6 -2.533324 0.481123 -2.934200 -0.120370 1.141021 2.600288
  7 5.760270 -0.000012 -0.000009 0.772414 0.546141 -1.359667
  8 10.965153 0.000065 -0.000006 0.000013 0.000002 -0.889579
  9 0.000007 -0.000004 -4.044200 0.155524 2.756276 0.047137
 10 -0.000007 0.000007 4.044200 -0.133573 -3.014247 -0.531169
 11 17.182070 0.000091 0.000546 0.000004 -0.000009 -1.359172
 12 16.782913 0.000650 -0.000234 -0.231403 -0.163822 0.267680
 13 5.168527 5.004116 -0.000135 -0.046062 0.015675 2.252249
 14 17.182070 0.000099 0.000206 -0.000001 -0.000007 -2.213134
 15 16.782906 0.000656 -0.000113 0.162649 -0.073939 0.218629
 16 5.168479 5.004167 -0.000064 0.158957 -0.099150 1.436913
 17 -2.267695 1.242851 2.922494 0.337206 -1.223014 2.389314
 18 5.760273 0.000016 0.000006 0.509171 0.600075 0.744374
time 83
  0 0.009547 -0.009547 -3.927965 0.014152 0.130055 -1.742724
  1 0.000000 0.000000 0.000000 -1.570796 -1.570796 0.000000
  2 4.484989 -0.004008 0.000006 -0.148028 -0.209755 0.413041
  3 5.037136 -0.005101 -0.000238 -0.022691 -0.010268 0.355165
  4 6.388059 -0.005253 -0.000001 -0.039453 -0.030395 0.129411
  5 6.146608 1.394838 0.000001 0.117199 -0.059443 0.440213
  6 -2.564575 0.543625 -2.891230 -0.100083 1.115892 2.606488
  7 5.760270 -0.000012 -0.000009 0.728100 0.481894 -1.395451
  8 10.965153 0.000065 -0.000006 0.000013 0.000002 -0.840051
  9 0.000007 -0.000004 -4.044200 0.155524 2.756276 0.047137
 10 -0.000007 0.000007 4.044200 -0.133573 -3.014247 -0.531169
 11 17.182070 0.000091 0.000546 0.000004 -0.000009 -1.359172
 12 16.782913 0.000650 -0.000234 -0.231403 -0.163822 0.267680
 13 5.168527 5.004116 -0.000135 -0.046062 0.015675 2.252249
 14 17.182070 0.000099 0.000206 -0.000001 -0.000007 -2.213134
 15 16.782906 0.000656 -0.000113 0.162649 -0.073939 0.218629
 16 5.168479 5.004167 -0.000064 0.158957 -0.099150 1.436913
 17 -2.216913 1.231132 2.965464 0.347446 -1.229521 2.368347
 18 5.760273 0.000016 0.000006 0.506388 0.623126 0.768124
time 84
  0 0.009547 -0.009547 -3.927965 0.014152 0.130055 -1.742724
  1 0.000000 0.000000 0.000000 -1.570796 -1.570796 0.000000
  2 4.484989 -0.004008 0.000006 -0.173571 -0.182888 0.405716
  3 5.037136 -0.005101 -0.000238 -0.025072 -0.005879 0.350602
  4 6.388059 -0.005253 -0.000001 -0.046201 -0.022991 0.120297
  5 6.146608 1.394838 0.000001 0.093448 -0.075312 0.455695
  6 -2.595826 0.649096 -2.840447 -0.100464 1.086544 2.589796
  7 5.760270 -0.000012 -0.000009 0.685488 0.414538 -1.425373
  8 10.965153 0.000065 -0.000006 0.000013 0.000002 -0.783775
  9 0.000007 -0.000004 -4.044200 0.155524 2.756276 0.047137
 10 -0.000007 0.000007 4.044200 -0.133573 -3.014247 -0.531169
 11 17.182070 0.000091 0.000546 0.000004 -0.000009 -1.359172
 12 16.782913 0.000650 -0.000234 -0.231403 -0.163822 0.267680
 13 5.168527 5.004116 -0.000135 -0.046062 0.015675 2.252249
 14 17.182070 0.000099 0.000206 -0.000001 -0.000007 -2.213134
 15 16.782906 0.000656 -0.000113 0.162649 -0.073939 0.218629
 16 5.168479 5.004167 -0.000064 0.158957 -0.099150 1.436913
 17 -2.162223 1.199881 3.024060 0.333608 -1.240932 2.366354
 18 5.760273 0.000016 0.000006 0.494443 0.645593 0.783659
time 85
  0 0.009547 -0.009547 -3.927965 0.014152 0.130055 -1.742724
  1 0.000000 0.000000 0.000000 -1.570796 -1.570796 0.000000
  2 4.484989 -0.004008 0.000006 -0.208083 -0.154663 0.401549
  3 5.037136 -0.005101 -0.000238 -0.027435 -0.001284 0.345616
  4 6.388059 -0.005253 -0.000001 -0.052924 -0.015264 0.110339
  5 6.146608 1.394838 0.000001 0.061869 -0.090806 0.474869
  6 -2.619265 0.789726 -2.785758 -0.114084 1.054006 2.558415
  7 5.760270 -0.000012 -0.000009 0.640017 0.343995 -1.457639
  8 10.965153 0.000065 -0.000006 0.000013 0.000002 -0.723599
  9 0.000007 -0.000004 -4.044200 0.155524 2.756276 0.047137
 10 -0.000007 0.000007 4.044200 -0.133573 -3.014247 -0.531169
 11 17.182070 0.000091 0.000546 0.000004 -0.000009 -1.359172
 12 16.782913 0.000650 -0.000234 -0.231403 -0.163822 0.267680
 13 5.168527 5.004116 -0.000135 -0.046062 0.015675 2.252249
 14 17.182070 0.000099 0.000206 -0.000001 -0.000007 -2.213134
 15 16.782906 0.000656 -0.000113 0.162649 -0.073939 0.218629
 16 5.168479 5.004167 -0.000064 0.158957 -0.099150 1.436913
 17 -2.095815 1.156911 3.090468 0.300674 -1.256963 2.378688
 18 5.760273 0.000016 0.000006 0.476593 0.674091 0.800270
time 86
  0 0.009547 -0.009547 -3.927965 0.014152 0.130055 -1.742724
  1 0.000000 0.000000 0.000000 -1.570796 -1.570796 0.000000
  2 4.484989 -0.004008 0.000006 -0.249549 -0.123529 0.396698
  3 5.037136 -0.005101 -0.000238 -0.030105 0.003998 0.339512
  4 6.388059 -0.005253 -0.000001 -0.060450 -0.006357 0.098076
  5 6.146608 1.394838 0.000001 0.024906 -0.105587 0.496941
  6 -2.638796 0.945981 -2.723256 -0.134752 1.019411 2.519022
  7 5.760270 -0.000012 -0.000009 0.588895 0.266646 -1.489549
  8 10.965153 0.000065 -0.000006 0.000013 0.000002 -0.662432
  9 0.000007 -0.000004 -4.044200 0.155524 2.756276 0.047137
 10 -0.000007 0.000007 4.044200 -0.133573 -3.014247 -0.531169
 11 17.182070 0.000091 0.000546 0.000004 -0.000009 -1.359172
 12 16.782913 0.000650 -0.000234 -0.231403 -0.163822 0.267680
 13 5.168527 5.004116 -0.000135 -0.046062 0.015675 2.252249
 14 17.182070 0.000099 0.000206 -0.000001 -0.000007 -2.213134
 15 16.782906 0.000656 -0.000113 0.162649 -0.073939 0.218629
 16 5.168479 5.004167 -0.000064 0.158957 -0.099150 1.436913
 17 -2.033313 1.094409 3.156876 0.253903 -1.277332 2.402217
 18 5.760273 0.000016 0.000006 0.466005 0.707744 0.828690
time 87
  0 0.009547 -0.009547 -3.927965 0.014152 0.130055 -1.742724
  1 0.000000 0.000000 0.000000 -1.570796 -1.570796 0.000000
  2 4.484989 -0.004008 0.000006 -0.290658 -0.091116 0.389634
  3 5.037136 -0.005101 -0.000238 -0.032622 0.009499 0.333046
  4 6.388059 -0.005253 -0.000001 -0.067953 0.002912 0.085004
  5 6.146608 1.394838 0.000001 -0.014919 -0.119478 0.520680
  6 -2.650516 1.106142 -2.641222 -0.157801 0.983708 2.476959
  7 5.760270 -0.000012 -0.000009 0.538251 0.187290 -1.511010
  8 10.965153 0.000065 -0.000006 0.000013 0.000002 -0.602627
  9 0.000007 -0.000004 -4.044200 0.155524 2.756276 0.047137
 10 -0.000007 0.000007 4.044200 -0.133573 -3.014247 -0.531169
 11 17.182070 0.000091 0.000546 0.000004 -0.000009 -1.359172
 12 16.782913 0.000650 -0.000234 -0.231403 -0.163822 0.267680
 13 5.168527 5.004116 -0.000135 -0.046062 0.015675 2.252249
 14 17.182070 0.000099 0.000206 -0.000001 -0.000007 -2.213134
 15 16.782906 0.000656 -0.000113 0.162649 -0.073939 0.218629
 16 5.168479 5.004167 -0.000064 0.158957 -0.099150 1.436913
 17 -1.959092 1.020188 3.219378 0.197168 -1.297167 2.434285
 18 5.760273 0.000016 0.000006 0.451956 0.739549 0.855718
time 88
  0 0.009547 -0.009547 -3.927965 0.014152 0.130055 -1.742724
  1 0.000000 0.000000 0.000000 -1.570796 -1.570796 0.000000
  2 4.484989 -0.004008 0.000006 -0.324162 -0.059199 0.379542
  3 5.037136 -0.005101 -0.000238 -0.034442 0.014518 0.326942
  4 6.388059 -0.005253 -0.000001 -0.074017 0.011667 0.072688
  5 6.146608 1.394838 0.000001 -0.055161 -0.132478 0.544975
  6 -2.662235 1.266303 -2.563095 -0.179993 0.948401 2.436135
  7 5.760270 -0.000012 -0.000009 0.491963 0.112144 -1.515139
  8 10.965153 0.000065 -0.000006 0.000013 0.000002 -0.547280
  9 0.000007 -0.000004 -4.044200 0.155524 2.756276 0.047137
 10 -0.000007 0.000007 4.044200 -0.133573 -3.014247 -0.531169
 11 17.182070 0.000091 0.000546 0.000004 -0.000009 -1.359172
 12 16.782913 0.000650 -0.000234 -0.231403 -0.163822 0.267680
 13 5.168527 5.004116 -0.000135 -0.046062 0.015675 2.252249
 14 17.182070 0.000099 0.000206 -0.000001 -0.000007 -2.213134
 15 16.782906 0.000656 -0.000113 0.162649 -0.073939 0.218629
 16 5.168479 5.004167 -0.000064 0.158957 -0.099150 1.436913
 17 -1.896590 0.945967 3.281880 0.136835 -1.313261 2.470622
 18 5.760273 0.000016 0.000006 0.423450 0.762940 0.867301
time 89
  0 0.009547 -0.009547 -3.927965 0.014152 0.130055 -1.742724
  1 0.000000 0.000000 0.000000 -1.570796 -1.570796 0.000000
  2 4.484989 -0.004008 0.000006 -0.342945 -0.029296 0.365707
  3 5.037136 -0.005101 -0.000238 -0.035258 0.018585 0.322017
  4 6.388059 -0.005253 -0.000001 -0.077480 0.018842 0.062642
  5 6.146608 1.394838 0.000001 -0.093204 -0.144786 0.568357
  6 -2.670047 1.403026 -2.477155 -0.199138 0.915072 2.399603
  7 5.760270 -0.000012 -0.000009 0.453571 0.047621 -1.495972
  8 10.965153 0.000065 -0.000006 0.000013 0.000002 -0.498928
  9 0.000007 -0.000004 -4.044200 0.155524 2.756276 0.047137
 10 -0.000007 0.000007 4.044200 -0.133573 -3.014247 -0.531169
 11 17.182070 0.000091 0.000546 0.000004 -0.000009 -1.359172
 12 16.782913 0.000650 -0.000234 -0.231403 -0.163822 0.267680
 13 5.168527 5.004116 -0.000135 -0.046062 0.015675 2.252249
 14 17.182070 0.000099 0.000206 -0.000001 -0.000007 -2.213134
 15 16.782906 0.000656 -0.000113 0.162649 -0.073939 0.218629
 16 5.168479 5.004167 -0.000064 0.158957 -0.099150 1.436913
 17 -1.830182 0.871746 3.344382 0.077978 -1.327187 2.506864
 18 5.760273 0.000016 0.000006 0.384831 0.773347 0.856167
time 90
  0 0.009547 -0.009547 -3.927965 0.014152 0.130055 -1.742724
  1 0.000000 0.000000 0.000000 -1.570796 -1.570796 0.000000
  2 4.484989 -0.004008 0.000006 -0.339858 -0.002637 0.348355
  3 5.037136 -0.005101 -0.000238 -0.034459 0.021058 0.318995
  4 6.388059 -0.005253 -0.000001 -0.077373 0.023867 0.056484
  5 6.146608 1.394838 0.000001 -0.126451 -0.156816 0.589753
  6 -2.677860 1.531936 -2.395121 -0.213139 0.885513 2.369462
  7 5.760270 -0.000012 -0.000009 0.428385 0.000291 -1.449586
  8 10.965153 0.000065 -0.000006 0.000013 0.000002 -0.460482
  9 0.000007 -0.000004 -4.044200 0.155524 2.756276 0.047137
 10 -0.000007 0.000007 4.044200 -0.133573 -3.014247 -0.531169
 11 17.182070 0.000091 0.000546 0.000004 -0.000009 -1.359172
 12 16.782913 0.000650 -0.000234 -0.231403 -0.163822 0.267680
 13 5.168527 5.004116 -0.000135 -0.046062 0.015675 2.252249
 14 17.182070 0.000099 0.000206 -0.000001 -0.000007 -2.213134
 15 16.782906 0.000656 -0.000113 0.162649 -0.073939 0.218629
 16 5.168479 5.004167 -0.000064 0.158957 -0.099150 1.436913
 17 -1.759867 0.809244 3.387352 0.025394 -1.340672 2.539406
 18 5.760273 0.000016 0.000006 0.343362 0.766539 0.817600
time 91
  0 0.009547 -0.009547 -3.927965 0.014152 0.130055 -1.742724
  1 0.000000 0.000000 0.000000 -1.570796 -1.570796 0.000000
  2 4.484989 -0.004008 0.000006 -0.313601 0.023702 0.325404
  3 5.037136 -0.005101 -0.000238 -0.032163 0.022024 0.317817
  4 6.388059 -0.005253 -0.000001 -0.073238 0.026893 0.054021
  5 6.146608 1.394838 0.000001 -0.162011 -0.168609 0.612103
  6 -2.677860 1.656940 -2.309181 -0.235712 0.857167 2.330928
  7 5.760270 -0.000012 -0.000009 0.415928 -0.035433 -1.367415
  8 10.965153 0.000065 -0.000006 0.000013 0.000002 -0.435223
  9 0.000007 -0.000004 -4.044200 0.155524 2.756276 0.047137
 10 -0.000007 0.000007 4.044200 -0.133573 -3.014247 -0.531169
 11 17.182070 0.000091 0.000546 0.000004 -0.000009 -1.359172
 12 16.782913 0.000650 -0.000234 -0.231403 -0.163822 0.267680
 13 5.168527 5.004116 -0.000135 -0.046062 0.015675 2.252249
 14 17.182070 0.000099 0.000206 -0.000001 -0.000007 -2.213134
 15 16.782906 0.000656 -0.000113 0.162649 -0.073939 0.218629
 16 5.168479 5.004167 -0.000064 0.158957 -0.099150 1.436913
 17 -1.693459 0.735023 3.438135 -0.052466 -1.360412 2.595002
 18 5.760273 0.000016 0.000006 0.316078 0.744655 0.759415
time 92
  0 0.009547 -0.009547 -3.927965 0.014152 0.130055 -1.742724
  1 0.000000 0.000000 0.000000 -1.570796 -1.570796 0.000000
  2 4.484989 -0.004008 0.000006 -0.271289 0.053350 0.296984
  3 5.037136 -0.005101 -0.000238 -0.028524 0.022141 0.317696
  4 6.388059 -0.005253 -0.000001 -0.066335 0.028834 0.053757
  5 6.146608 1.394838 0.000001 -0.205021 -0.179255 0.638065
  6 -2.673954 1.805382 -2.195896 -0.272381 0.827292 2.276560
  7 5.760270 -0.000012 -0.000009 0.412592 -0.068206 -1.254201
  8 10.965153 0.000065 -0.000006 0.000013 0.000002 -0.422593
  9 0.000007 -0.000004 -4.044200 0.155524 2.756276 0.047137
 10 -0.000007 0.000007 4.044200 -0.133573 -3.014247 -0.531169
 11 17.182070 0.000091 0.000546 0.000004 -0.000009 -1.359172
 12 16.782913 0.000650 -0.000234 -0.231403 -0.163822 0.267680
 13 5.168527 5.004116 -0.000135 -0.046062 0.015675 2.252249
 14 17.182070 0.000099 0.000206 -0.000001 -0.000007 -2.213134
 15 16.782906 0.000656 -0.000113 0.162649 -0.073939 0.218629
 16 5.168479 5.004167 -0.000064 0.158957 -0.099150 1.436913
 17 -1.630957 0.637363 3.492824 -0.203944 -1.389583 2.720047
 18 5.760273 0.000016 0.000006 0.317164 0.717179 0.694988
time 93
  0 0.009547 -0.009547 -3.927965 0.014152 0.130055 -1.742724
  1 0.000000 0.000000 0.000000 -1.570796 -1.570796 0.000000
  2 4.484989 -0.004008 0.000006 -0.218027 0.085043 0.267002
  3 5.037136 -0.005101 -0.000238 -0.024085 0.021541 0.318391
  4 6.388059 -0.005253 -0.000001 -0.057334 0.029938 0.055147
  5 6.146608 1.394838 0.000001 -0.249869 -0.188318 0.664385
  6 -2.658328 1.953824 -2.086518 -0.312860 0.797654 2.217613
  7 5.760270 -0.000012 -0.000009 0.417766 -0.098225 -1.123400
  8 10.965153 0.000065 -0.000006 0.000013 0.000002 -0.419746
  9 0.000007 -0.000004 -4.044200 0.155524 2.756276 0.047137
 10 -0.000007 0.000007 4.044200 -0.133573 -3.014247 -0.531169
 11 17.182070 0.000091 0.000546 0.000004 -0.000009 -1.359172
 12 16.782913 0.000650 -0.000234 -0.231403 -0.163822 0.267680
 13 5.168527 5.004116 -0.000135 -0.046062 0.015675 2.252249
 14 17.182070 0.000099 0.000206 -0.000001 -0.000007 -2.213134
 15 16.782906 0.000656 -0.000113 0.162649 -0.073939 0.218629
 16 5.168479 5.004167 -0.000064 0.158957 -0.099150 1.436913
 17 -1.568455 0.531891 3.535794 -0.481900 -1.422369 2.969378
 18 5.760273 0.000016 0.000006 0.336847 0.688048 0.617721
time 94
  0 0.009547 -0.009547 -3.927965 0.014152 0.130055 -1.742724
  1 0.000000 0.000000 0.000000 -1.570796 -1.570796 0.000000
  2 4.484989 -0.004008 0.000006 -0.158752 0.117168 0.238745
  3 5.037136 -0.005101 -0.000238 -0.019086 0.020502 0.319660
  4 6.388059 -0.005253 -0.000001 -0.047183 0.030395 0.057716
  5 6.146608 1.394838 0.000001 -0.290869 -0.195857 0.688798
  6 -2.646609 2.078828 -1.973233 -0.348767 0.771154 2.163340
  7 5.760270 -0.000012 -0.000009 0.431039 -0.125215 -0.989338
  8 10.965153 0.000065 -0.000006 0.000013 0.000002 -0.422593
  9 0.000007 -0.000004 -4.044200 0.155524 2.756276 0.047137
 10 -0.000007 0.000007 4.044200 -0.133573 -3.014247 -0.531169
 11 17.182070 0.000091 0.000546 0.000004 -0.000009 -1.359172
 12 16.782913 0.000650 -0.000234 -0.231403 -0.163822 0.267680
 13 5.168527 5.004116 -0.000135 -0.046062 0.015675 2.252249
 14 17.182070 0.000099 0.000206 -0.000001 -0.000007 -2.213134
 15 16.782906 0.000656 -0.000113 0.162649 -0.073939 0.218629
 16 5.168479 5.004167 -0.000064 0.158957 -0.099150 1.436913
 17 -1.502047 0.430326 3.578764 -0.925724 -1.442235 3.385119
 18 5.760273 0.000016 0.000006 0.360669 0.661107 0.522136
time 95
  0 0.009547 -0.009547 -3.927965 0.014152 0.130055 -1.742724
  1 0.000000 0.000000 0.000000 -1.570796 -1.570796 0.000000
  2 4.484989 -0.004008 0.000006 -0.098080 0.147662 0.214915
  3 5.037136 -0.005101 -0.000238 -0.014069 0.019024 0.321231
  4 6.388059 -0.005253 -0.000001 -0.036661 0.030033 0.060918
  5 6.146608 1.394838 0.000001 -0.331926 -0.202287 0.713490
  6 -2.627077 2.207738 -1.863855 -0.378388 0.743362 2.114314
  7 5.760270 -0.000012 -0.000009 0.449691 -0.146579 -0.866489
  8 10.965153 0.000065 -0.000006 0.000013 0.000002 -0.428041
  9 0.000007 -0.000004 -4.044200 0.155524 2.756276 0.047137
 10 -0.000007 0.000007 4.044200 -0.133573 -3.014247 -0.531169
 11 17.182070 0.000091 0.000546 0.000004 -0.000009 -1.359172
 12 16.782913 0.000650 -0.000234 -0.231403 -0.163822 0.267680
 13 5.168527 5.004116 -0.000135 -0.046062 0.015675 2.252249
 14 17.182070 0.000099 0.000206 -0.000001 -0.000007 -2.213134
 15 16.782906 0.000656 -0.000113 0.162649 -0.073939 0.218629
 16 5.168479 5.004167 -0.000064 0.158957 -0.099150 1.436913
 17 -1.451264 0.332667 3.610015 -1.447502 -1.431359 3.878562
 18 5.760273 0.000016 0.000006 0.385849 0.640876 0.418605
time 96
  0 0.009547 -0.009547 -3.927965 0.014152 0.130055 -1.742724
  1 0.000000 0.000000 0.000000 -1.570796 -1.570796 0.000000
  2 4.484989 -0.004008 0.000006 -0.040528 0.173698 0.197889
  3 5.037136 -0.005101 -0.000238 -0.009103 0.017430 0.322863
  4 6.388059 -0.005253 -0.000001 -0.026282 0.029329 0.064208
  5 6.146608 1.394838 0.000001 -0.374158 -0.207432 0.738579
  6 -2.595826 2.332742 -1.738851 -0.399437 0.712485 2.073490
  7 5.760270 -0.000012 -0.000009 0.471950 -0.156926 -0.766427
  8 10.965153 0.000065 -0.000006 0.000013 0.000002 -0.432747
  9 0.000007 -0.000004 -4.044200 0.155524 2.756276 0.047137
 10 -0.000007 0.000007 4.044200 -0.133573 -3.014247 -0.531169
 11 17.182070 0.000091 0.000546 0.000004 -0.000009 -1.359172
 12 16.782913 0.000650 -0.000234 -0.231403 -0.163822 0.267680
 13 5.168527 5.004116 -0.000135 -0.046062 0.015675 2.252249
 14 17.182070 0.000099 0.000206 -0.000001 -0.000007 -2.213134
 15 16.782906 0.000656 -0.000113 0.162649 -0.073939 0.218629
 16 5.168479 5.004167 -0.000064 0.158957 -0.099150 1.436913
 17 -1.396575 0.227195 3.641266 1.321074 -1.750447 1.081371
 18 5.760273 0.000016 0.000006 0.410962 0.628184 0.318979
time 97
  0 0.009547 -0.009547 -3.927965 0.014152 0.130055 -1.742724
  1 0.000000 0.000000 0.000000 -1.570796 -1.570796 0.000000
  2 4.484989 -0.004008 0.000006 0.009323 0.192302 0.189425
  3 5.037136 -0.005101 -0.000238 -0.004835 0.015805 0.324313
  4 6.388059 -0.005253 -0.000001 -0.017186 0.028225 0.067146
  5 6.146608 1.394838 0.000001 -0.407671 -0.211528 0.758388
  6 -2.576294 2.426495 -1.641192 -0.410390 0.687857 2.046115
  7 5.760270 -0.000012 -0.000009 0.496251 -0.156768 -0.695317
  8 10.965153 0.000065 -0.000006 0.000013 0.000002 -0.436152
  9 0.000007 -0.000004 -4.044200 0.155524 2.756276 0.047137
 10 -0.000007 0.000007 4.044200 -0.133573 -3.014247 -0.531169
 11 17.182070 0.000091 0.000546 0.000004 -0.000009 -1.359172
 12 16.782913 0.000650 -0.000234 -0.231403 -0.163822 0.267680
 13 5.168527 5.004116 -0.000135 -0.046062 0.015675 2.252249
 14 17.182070 0.000099 0.000206 -0.000001 -0.000007 -2.213134
 15 16.782906 0.000656 -0.000113 0.162649 -0.073939 0.218629
 16 5.168479 5.004167 -0.000064 0.158957 -0.099150 1.436913
 17 -1.357511 0.141255 3.660798 1.134633 -1.794769 1.245030
 18 5.760273 0.000016 0.000006 0.436753 0.620938 0.238345
time 98
  0 0.009547 -0.009547 -3.927965 0.014152 0.130055 -1.742724
  1 0.000000 0.000000 0.000000 -1.570796 -1.570796 0.000000
  2 4.484989 -0.004008 0.000006 0.047117 0.200309 0.190727
  3 5.037136 -0.005101 -0.000238 -0.001433 0.014313 0.325280
  4 6.388059 -0.005253 -0.000001 -0.009779 0.026969 0.069152
  5 6.146608 1.394838 0.000001 -0.422475 -0.215466 0.767082
  6 -2.576294 2.461652 -1.590409 -0.413914 0.679261 2.034860
  7 5.760270 -0.000012 -0.000009 0.521982 -0.152283 -0.651938
  8 10.965153 0.000065 -0.000006 0.000013 0.000002 -0.440795
  9 0.000007 -0.000004 -4.044200 0.155524 2.756276 0.047137
 10 -0.000007 0.000007 4.044200 -0.133573 -3.014247 -0.531169
 11 17.182070 0.000091 0.000546 0.000004 -0.000009 -1.359172
 12 16.782913 0.000650 -0.000234 -0.231403 -0.163822 0.267680
 13 5.168527 5.004116 -0.000135 -0.046062 0.015675 2.252249
 14 17.182070 0.000099 0.000206 -0.000001 -0.000007 -2.213134
 15 16.782906 0.000656 -0.000113 0.162649 -0.073939 0.218629
 16 5.168479 5.004167 -0.000064 0.158957 -0.099150 1.436913
 17 -1.322354 0.102191 3.672517 1.067197 -1.820325 1.301765
 18 5.760273 0.000016 0.000006 0.467227 0.615394 0.192910
time 99
  0 0.009547 -0.009547 -3.927965 0.014152 0.130055 -1.742724
  1 0.000000 0.000000 0.000000 -1.570796 -1.570796 0.000000
  2 4.484989 -0.004008 0.000006 0.076949 0.198695 0.201470
  3 5.037136 -0.005101 -0.000238 0.001219 0.012850 0.325764
  4 6.388059 -0.005253 -0.000001 -0.003607 0.025694 0.070190
  5 6.146608 1.394838 0.000001 -0.420125 -0.221165 0.765613
  6 -2.588014 2.449933 -1.582596 -0.410009 0.684983 2.038866
  7 5.760270 -0.000012 -0.000009 0.550095 -0.142605 -0.630121
  8 10.965153 0.000065 -0.000006 0.000013 0.000002 -0.446491
  9 0.000007 -0.000004 -4.044200 0.155524 2.756276 0.047137
 10 -0.000007 0.000007 4.044200 -0.133573 -3.014247 -0.531169
 11 17.182070 0.000091 0.000546 0.000004 -0.000009 -1.359172
 12 16.782913 0.000650 -0.000234 -0.231403 -0.163822 0.267680
 13 5.168527 5.004116 -0.000135 -0.046062 0.015675 2.252249
 14 17.182070 0.000099 0.000206 -0.000001 -0.000007 -2.213134
 15 16.782906 0.000656 -0.000113 0.162649 -0.073939 0.218629
 16 5.168479 5.004167 -0.000064 0.158957 -0.099150 1.436913
 17 -1.314541 0.110004 3.680330 1.057326 -1.825669 1.311537
 18 5.760273 0.000016 0.000006 0.504420 0.607175 0.177330
time 100
  0 0.009547 -0.009547 -3.927965 0.014152 0.130055 -1.742724
  1 0.000000 0.000000 0.000000 -1.570796 -1.570796 0.000000
  2 4.484989 -0.004008 0.000006 0.105871 0.190735 0.218724
  3 5.037136 -0.005101 -0.000238 0.004059 0.011284 0.325975
  4 6.388059 -0.005253 -0.000001 0.002493 0.024019 0.070612
  5 6.146608 1.394838 0.000001 -0.409586 -0.228723 0.759182
  6 -2.619265 2.406963 -1.602128 -0.401056 0.696875 2.051838
  7 5.760270 -0.000012 -0.000009 0.583109 -0.127418 -0.618040
  8 10.965153 0.000065 -0.000006 0.000013 0.000002 -0.453920
  9 0.000007 -0.000004 -4.044200 0.155524 2.756276 0.047137
 10 -0.000007 0.000007 4.044200 -0.133573 -3.014247 -0.531169
 11 17.182070 0.000091 0.000546 0.000004 -0.000009 -1.359172
 12 16.782913 0.000650 -0.000234 -0.231403 -0.163822 0.267680
 13 5.168527 5.004116 -0.000135 -0.046062 0.015675 2.252249
 14 17.182070 0.000099 0.000206 -0.000001 -0.000007 -2.213134
 15 16.782906 0.000656 -0.000113 0.162649 -0.073939 0.218629
 16 5.168479 5.004167 -0.000064 0.158957 -0.099150 1.436913
 17 -1.291103 0.129535 3.684236 1.066643 -1.822054 1.307363
 18 5.760273 0.000016 0.000006 0.546432 0.594482 0.173424
time 101
  0 0.009547 -0.009547 -3.927965 0.014152 0.130055 -1.742724
  1 0.000000 0.000000 0.000000 -1.570796 -1.570796 0.000000
  2 4.484989 -0.004008 0.000006 0.132714 0.176958 0.240926
  3 5.037136 -0.005101 -0.000238 0.006746 0.009689 0.325975
  4 6.388059 -0.005253 -0.000001 0.008461 0.022154 0.070700
  5 6.146608 1.394838 0.000001 -0.392014 -0.236203 0.748424
  6 -2.650516 2.356180 -1.621660 -0.388960 0.714436 2.070915
  7 5.760270 -0.000012 -0.000009 0.619459 -0.108455 -0.613351
  8 10.965153 0.000065 -0.000006 0.000013 0.000002 -0.462897
  9 0.000007 -0.000004 -4.044200 0.155524 2.756276 0.047137
 10 -0.000007 0.000007 4.044200 -0.133573 -3.014247 -0.531169
 11 17.182070 0.000091 0.000546 0.000004 -0.000009 -1.359172
 12 16.782913 0.000650 -0.000234 -0.231403 -0.163822 0.267680
 13 5.168527 5.004116 -0.000135 -0.046062 0.015675 2.252249
 14 17.182070 0.000099 0.000206 -0.000001 -0.000007 -2.213134
 15 16.782906 0.000656 -0.000113 0.162649 -0.073939 0.218629
 16 5.168479 5.004167 -0.000064 0.158957 -0.099150 1.436913
 17 -1.283290 0.172505 3.684236 1.098101 -1.811398 1.285067
 18 5.760273 0.000016 0.000006 0.590480 0.577607 0.179845
time 102
  0 0.009547 -0.009547 -3.927965 0.014152 0.130055 -1.742724
  1 0.000000 0.000000 0.000000 -1.570796 -1.570796 0.000000
  2 4.484989 -0.004008 0.000006 0.156404 0.157907 0.266383
  3 5.037136 -0.005101 -0.000238 0.009246 0.007934 0.325915
  4 6.388059 -0.005253 -0.000001 0.014274 0.019946 0.070612
  5 6.146608 1.394838 0.000001 -0.368661 -0.241704 0.733974
  6 -2.689579 2.281959 -1.676349 -0.376007 0.737403 2.093902
  7 5.760270 -0.000012 -0.000009 0.657511 -0.087563 -0.614523
  8 10.965153 0.000065 -0.000006 0.000013 0.000002 -0.473607
  9 0.000007 -0.000004 -4.044200 0.155524 2.756276 0.047137
 10 -0.000007 0.000007 4.044200 -0.133573 -3.014247 -0.531169
 11 17.182070 0.000091 0.000546 0.000004 -0.000009 -1.359172
 12 16.782913 0.000650 -0.000234 -0.231403 -0.163822 0.267680
 13 5.168527 5.004116 -0.000135 -0.046062 0.015675 2.252249
 14 17.182070 0.000099 0.000206 -0.000001 -0.000007 -2.213134
 15 16.782906 0.000656 -0.000113 0.162649 -0.073939 0.218629
 16 5.168479 5.004167 -0.000064 0.158957 -0.099150 1.436913
 17 -1.283290 0.227195 3.680330 1.158434 -1.795995 1.237440
 18 5.760273 0.000016 0.000006 0.633986 0.557377 0.194122
time 103
  0 0.009547 -0.009547 -3.927965 0.014152 0.130055 -1.742724
  1 0.000000 0.000000 0.000000 -1.570796 -1.570796 0.000000
  2 4.484989 -0.004008 0.000006 0.175903 0.134365 0.293599
  3 5.037136 -0.005101 -0.000238 0.011576 0.006134 0.325945
  4 6.388059 -0.005253 -0.000001 0.019523 0.017586 0.070700
  5 6.146608 1.394838 0.000001 -0.340835 -0.243267 0.716388
  6 -2.720830 2.196019 -1.738851 -0.364387 0.765353 2.117748
  7 5.760270 -0.000012 -0.000009 0.697060 -0.066869 -0.619366
  8 10.965153 0.000065 -0.000006 0.000013 0.000002 -0.486051
  9 0.000007 -0.000004 -4.044200 0.155524 2.756276 0.047137
 10 -0.000007 0.000007 4.044200 -0.133573 -3.014247 -0.531169
 11 17.182070 0.000091 0.000546 0.000004 -0.000009 -1.359172
 12 16.782913 0.000650 -0.000234 -0.231403 -0.163822 0.267680
 13 5.168527 5.004116 -0.000135 -0.046062 0.015675 2.252249
 14 17.182070 0.000099 0.000206 -0.000001 -0.000007 -2.213134
 15 16.782906 0.000656 -0.000113 0.162649 -0.073939 0.218629
 16 5.168479 5.004167 -0.000064 0.158957 -0.099150 1.436913
 17 -1.314541 0.289697 3.668611 1.257421 -1.778800 1.153191
 18 5.760273 0.000016 0.000006 0.674437 0.534958 0.214460
time 104
  0 0.009547 -0.009547 -3.927965 0.014152 0.130055 -1.742724
  1 0.000000 0.000000 0.000000 -1.570796 -1.570796 0.000000
  2 4.484989 -0.004008 0.000006 0.190331 0.107259 0.321140
  3 5.037136 -0.005101 -0.000238 0.013413 0.004276 0.326126
  4 6.388059 -0.005253 -0.000001 0.024113 0.014864 0.071087
  5 6.146608 1.394838 0.000001 -0.310033 -0.238973 0.696539
  6 -2.736455 2.102266 -1.820885 -0.356577 0.798287 2.139399
  7 5.760270 -0.000012 -0.000009 0.735860 -0.048653 -0.627369
  8 10.965153 0.000065 -0.000006 0.000013 0.000002 -0.500847
  9 0.000007 -0.000004 -4.044200 0.155524 2.756276 0.047137
 10 -0.000007 0.000007 4.044200 -0.133573 -3.014247 -0.531169
 11 17.182070 0.000091 0.000546 0.000004 -0.000009 -1.359172
 12 16.782913 0.000650 -0.000234 -0.231403 -0.163822 0.267680
 13 5.168527 5.004116 -0.000135 -0.046062 0.015675 2.252249
 14 17.182070 0.000099 0.000206 -0.000001 -0.000007 -2.213134
 15 16.782906 0.000656 -0.000113 0.162649 -0.073939 0.218629
 16 5.168479 5.004167 -0.000064 0.158957 -0.099150 1.436913
 17 -1.357511 0.363918 3.649079 1.406223 -1.763838 1.020272
 18 5.760273 0.000016 0.000006 0.709390 0.512052 0.239108
time 105
  0 0.009547 -0.009547 -3.927965 0.014152 0.130055 -1.742724
  1 0.000000 0.000000 0.000000 -1.570796 -1.570796 0.000000
  2 4.484989 -0.004008 0.000006 0.198845 0.077595 0.347834
  3 5.037136 -0.005101 -0.000238 0.014943 0.002432 0.326640
  4 6.388059 -0.005253 -0.000001 0.027804 0.011914 0.072125
  5 6.146608 1.394838 0.000001 -0.275288 -0.229258 0.674190
  6 -2.744268 1.996794 -1.930263 -0.353053 0.837444 2.159143
  7 5.760270 -0.000012 -0.000009 0.775477 -0.026699 -0.639857
  8 10.965153 0.000065 -0.000006 0.000013 0.000002 -0.517934
  9 0.000007 -0.000004 -4.044200 0.155524 2.756276 0.047137
 10 -0.000007 0.000007 4.044200 -0.133573 -3.014247 -0.531169
 11 17.182070 0.000091 0.000546 0.000004 -0.000009 -1.359172
 12 16.782913 0.000650 -0.000234 -0.231403 -0.163822 0.267680
 13 5.168527 5.004116 -0.000135 -0.046062 0.015675 2.252249
 14 17.182070 0.000099 0.000206 -0.000001 -0.000007 -2.213134
 15 16.782906 0.000656 -0.000113 0.162649 -0.073939 0.218629
 16 5.168479 5.004167 -0.000064 0.158957 -0.099150 1.436913
 17 -1.412200 0.449858 3.610015 -1.532558 -1.387760 3.977327
 18 5.760273 0.000016 0.000006 0.737150 0.490655 0.266405
time 106
  0 0.009547 -0.009547 -3.927965 0.014152 0.130055 -1.742724
  1 0.000000 0.000000 0.000000 -1.570796 -1.570796 0.000000
  2 4.484989 -0.004008 0.000006 0.200828 0.046413 0.372608
  3 5.037136 -0.005101 -0.000238 0.015878 0.000515 0.327577
  4 6.388059 -0.005253 -0.000001 0.030681 0.008774 0.073955
  5 6.146608 1.394838 0.000001 -0.235690 -0.215881 0.648823
  6 -2.744268 1.867884 -2.047454 -0.349529 0.882929 2.180986
  7 5.760270 -0.000012 -0.000009 0.814210 0.003045 -0.658055
  8 10.965153 0.000065 -0.000006 0.000013 0.000002 -0.538241
  9 0.000007 -0.000004 -4.044200 0.155524 2.756276 0.047137
 10 -0.000007 0.000007 4.044200 -0.133573 -3.014247 -0.531169
 11 17.182070 0.000091 0.000546 0.000004 -0.000009 -1.359172
 12 16.782913 0.000650 -0.000234 -0.231403 -0.163822 0.267680
 13 5.168527 5.004116 -0.000135 -0.046062 0.015675 2.252249
 14 17.182070 0.000099 0.000206 -0.000001 -0.000007 -2.213134
 15 16.782906 0.000656 -0.000113 0.162649 -0.073939 0.218629
 16 5.168479 5.004167 -0.000064 0.158957 -0.099150 1.436913
 17 -1.494234 0.535798 3.567045 -1.288090 -1.391061 3.755131
 18 5.760273 0.000016 0.000006 0.756289 0.472904 0.294735
time 107
  0 0.009547 -0.009547 -3.927965 0.014152 0.130055 -1.742724
  1 0.000000 0.000000 0.000000 -1.570796 -1.570796 0.000000
  2 4.484989 -0.004008 0.000006 0.195791 0.014784 0.394419
  3 5.037136 -0.005101 -0.000238 0.016236 -0.001284 0.329027
  4 6.388059 -0.005253 -0.000001 0.032275 0.005234 0.076893
  5 6.146608 1.394838 0.000001 -0.192833 -0.199161 0.621670
  6 -2.744268 1.731161 -2.172458 -0.344481 0.932343 2.206644
  7 5.760270 -0.000012 -0.000009 0.848177 0.034559 -0.680280
  8 10.965153 0.000065 -0.000006 0.000013 0.000002 -0.561519
  9 0.000007 -0.000004 -4.044200 0.155524 2.756276 0.047137
 10 -0.000007 0.000007 4.044200 -0.133573 -3.014247 -0.531169
 11 17.182070 0.000091 0.000546 0.000004 -0.000009 -1.359172
 12 16.782913 0.000650 -0.000234 -0.231403 -0.163822 0.267680
 13 5.168527 5.004116 -0.000135 -0.046062 0.015675 2.252249
 14 17.182070 0.000099 0.000206 -0.000001 -0.000007 -2.213134
 15 16.782906 0.000656 -0.000113 0.162649 -0.073939 0.218629
 16 5.168479 5.004167 -0.000064 0.158957 -0.099150 1.436913
 17 -1.580174 0.637363 3.516262 -1.031814 -1.384680 3.523447
 18 5.760273 0.000016 0.000006 0.766063 0.460990 0.322885
time 108
  0 0.009547 -0.009547 -3.927965 0.014152 0.130055 -1.742724
  1 0.000000 0.000000 0.000000 -1.570796 -1.570796 0.000000
  2 4.484989 -0.004008 0.000006 0.183312 -0.016110 0.412227
  3 5.037136 -0.005101 -0.000238 0.015895 -0.003157 0.331203
  4 6.388059 -0.005253 -0.000001 0.032490 0.001332 0.081186
  5 6.146608 1.394838 0.000001 -0.148288 -0.179591 0.593961
  6 -2.724736 1.582719 -2.297462 -0.333242 0.983339 2.239265
  7 5.760270 -0.000012 -0.000009 0.874112 0.061312 -0.707092
  8 10.965153 0.000065 -0.000006 0.000013 0.000002 -0.588140
  9 0.000007 -0.000004 -4.044200 0.155524 2.756276 0.047137
 10 -0.000007 0.000007 4.044200 -0.133573 -3.014247 -0.531169
 11 17.182070 0.000091 0.000546 0.000004 -0.000009 -1.359172
 12 16.782913 0.000650 -0.000234 -0.231403 -0.163822 0.267680
 13 5.168527 5.004116 -0.000135 -0.046062 0.015675 2.252249
 14 17.182070 0.000099 0.000206 -0.000001 -0.000007 -2.213134
 15 16.782906 0.000656 -0.000113 0.162649 -0.073939 0.218629
 16 5.168479 5.004167 -0.000064 0.158957 -0.099150 1.436913
 17 -1.681740 0.735023 3.449854 -0.797033 -1.369057 3.315861
 18 5.760273 0.000016 0.000006 0.765180 0.456759 0.349329
time 109
  0 0.009547 -0.009547 -3.927965 0.014152 0.130055 -1.742724
  1 0.000000 0.000000 0.000000 -1.570796 -1.570796 0.000000
  2 4.484989 -0.004008 0.000006 0.155819 -0.052902 0.427950
  3 5.037136 -0.005101 -0.000238 0.014399 -0.005352 0.334889
  4 6.388059 -0.005253 -0.000001 0.030585 -0.003540 0.088470
  5 6.146608 1.394838 0.000001 -0.103516 -0.157766 0.566650
  6 -2.705204 1.422558 -2.426372 -0.311812 1.033386 2.282283
  7 5.760270 -0.000012 -0.000009 0.891470 0.076459 -0.750625
  8 10.965153 0.000065 -0.000006 0.000013 0.000002 -0.618104
  9 0.000007 -0.000004 -4.044200 0.155524 2.756276 0.047137
 10 -0.000007 0.000007 4.044200 -0.133573 -3.014247 -0.531169
 11 17.182070 0.000091 0.000546 0.000004 -0.000009 -1.359172
 12 16.782913 0.000650 -0.000234 -0.231403 -0.163822 0.267680
 13 5.168527 5.004116 -0.000135 -0.046062 0.015675 2.252249
 14 17.182070 0.000099 0.000206 -0.000001 -0.000007 -2.213134
 15 16.782906 0.000656 -0.000113 0.162649 -0.073939 0.218629
 16 5.168479 5.004167 -0.000064 0.158957 -0.099150 1.436913
 17 -1.791118 0.828776 3.375633 -0.591587 -1.351234 3.139773
 18 5.760273 0.000016 0.000006 0.733145 0.471591 0.366210
time 110
  0 0.009547 -0.009547 -3.927965 0.014152 0.130055 -1.742724
  1 0.000000 0.000000 0.000000 -1.570796 -1.570796 0.000000
  2 4.484989 -0.004008 0.000006 0.109349 -0.099060 0.444781
  3 5.037136 -0.005101 -0.000238 0.011355 -0.008103 0.340389
  4 6.388059 -0.005253 -0.000001 0.025947 -0.010449 0.099466
  5 6.146608 1.394838 0.000001 -0.059862 -0.134496 0.540648
  6 -2.673954 1.266303 -2.555282 -0.274000 1.079715 2.341038
  7 5.760270 -0.000012 -0.000009 0.900183 0.074610 -0.819593
  8 10.965153 0.000065 -0.000006 0.000013 0.000002 -0.651412
  9 0.000007 -0.000004 -4.044200 0.155524 2.756276 0.047137
 10 -0.000007 0.000007 4.044200 -0.133573 -3.014247 -0.531169
 11 17.182070 0.000091 0.000546 0.000004 -0.000009 -1.359172
 12 16.782913 0.000650 -0.000234 -0.231403 -0.163822 0.267680
 13 5.168527 5.004116 -0.000135 -0.046062 0.015675 2.252249
 14 17.182070 0.000099 0.000206 -0.000001 -0.000007 -2.213134
 15 16.782906 0.000656 -0.000113 0.162649 -0.073939 0.218629
 16 5.168479 5.004167 -0.000064 0.158957 -0.099150 1.436913
 17 -1.896590 0.922528 3.289693 -0.403578 -1.334039 2.982471
 18 5.760273 0.000016 0.000006 0.658487 0.507092 0.369218
time 111
  0 0.009547 -0.009547 -3.927965 0.014152 0.130055 -1.742724
  1 0.000000 0.000000 0.000000 -1.570796 -1.570796 0.000000
  2 4.484989 -0.004008 0.000006 0.049294 -0.149469 0.463663
  3 5.037136 -0.005101 -0.000238 0.007171 -0.011015 0.347006
  4 6.388059 -0.005253 -0.000001 0.019199 -0.018157 0.112644
  5 6.146608 1.394838 0.000001 -0.018596 -0.110672 0.516869
  6 -2.627077 1.106142 -2.660754 -0.212662 1.118766 2.421446
  7 5.760270 -0.000012 -0.000009 0.891470 0.055175 -0.904363
  8 10.965153 0.000065 -0.000006 0.000013 0.000002 -0.693758
  9 0.000007 -0.000004 -4.044200 0.155524 2.756276 0.047137
 10 -0.000007 0.000007 4.044200 -0.133573 -3.014247 -0.531169
 11 17.182070 0.000091 0.000546 0.000004 -0.000009 -1.359172
 12 16.782913 0.000650 -0.000234 -0.231403 -0.163822 0.267680
 13 5.168527 5.004116 -0.000135 -0.046062 0.015675 2.252249
 14 17.182070 0.000099 0.000206 -0.000001 -0.000007 -2.213134
 15 16.782906 0.000656 -0.000113 0.162649 -0.073939 0.218629
 16 5.168479 5.004167 -0.000064 0.158957 -0.099150 1.436913
 17 -1.990343 0.996749 3.207659 -0.238447 -1.314456 2.847369
 18 5.760273 0.000016 0.000006 0.554712 0.549304 0.360508
time 112
  0 0.009547 -0.009547 -3.927965 0.014152 0.130055 -1.742724
  1 0.000000 0.000000 0.000000 -1.570796 -1.570796 0.000000
  2 4.484989 -0.004008 0.000006 -0.018917 -0.199222 0.484693
  3 5.037136 -0.005101 -0.000238 0.002495 -0.013809 0.354016
  4 6.388059 -0.005253 -0.000001 0.011254 -0.025808 0.126631
  5 6.146608 1.394838 0.000001 0.019125 -0.087343 0.495869
  6 -2.595826 0.957700 -2.766226 -0.127037 1.148114 2.522552
  7 5.760270 -0.000012 -0.000009 0.862540 0.022205 -0.995353
  8 10.965153 0.000065 -0.000006 0.000013 0.000002 -0.746691
  9 0.000007 -0.000004 -4.044200 0.155524 2.756276 0.047137
 10 -0.000007 0.000007 4.044200 -0.133573 -3.014247 -0.531169
 11 17.182070 0.000091 0.000546 0.000004 -0.000009 -1.359172
 12 16.782913 0.000650 -0.000234 -0.231403 -0.163822 0.267680
 13 5.168527 5.004116 -0.000135 -0.046062 0.015675 2.252249
 14 17.182070 0.000099 0.000206 -0.000001 -0.000007 -2.213134
 15 16.782906 0.000656 -0.000113 0.162649 -0.073939 0.218629
 16 5.168479 5.004167 -0.000064 0.158957 -0.099150 1.436913
 17 -2.088002 1.070970 3.121719 -0.107910 -1.290786 2.743861
 18 5.760273 0.000016 0.000006 0.437771 0.586312 0.346680
time 113
  0 0.009547 -0.009547 -3.927965 0.014152 0.130055 -1.742724
  1 0.000000 0.000000 0.000000 -1.570796 -1.570796 0.000000
  2 4.484989 -0.004008 0.000006 -0.089403 -0.243733 0.506862
  3 5.037136 -0.005101 -0.000238 -0.002386 -0.016253 0.360664
  4 6.388059 -0.005253 -0.000001 0.002589 -0.032850 0.139985
  5 6.146608 1.394838 0.000001 0.052278 -0.065617 0.478045
  6 -2.552856 0.817070 -2.840447 -0.026078 1.166967 2.635103
  7 5.760270 -0.000012 -0.000009 0.817137 -0.022096 -1.083589
  8 10.965153 0.000065 -0.000006 0.000013 0.000002 -0.802781
  9 0.000007 -0.000004 -4.044200 0.155524 2.756276 0.047137
 10 -0.000007 0.000007 4.044200 -0.133573 -3.014247 -0.531169
 11 17.182070 0.000091 0.000546 0.000004 -0.000009 -1.359172
 12 16.782913 0.000650 -0.000234 -0.231403 -0.163822 0.267680
 13 5.168527 5.004116 -0.000135 -0.046062 0.015675 2.252249
 14 17.182070 0.000099 0.000206 -0.000001 -0.000007 -2.213134
 15 16.782906 0.000656 -0.000113 0.162649 -0.073939 0.218629
 16 5.168479 5.004167 -0.000064 0.158957 -0.099150 1.436913
 17 -2.170036 1.125660 3.047498 -0.011599 -1.265764 2.670428
 18 5.760273 0.000016 0.000006 0.320829 0.618068 0.330114
time 114
  0 0.009547 -0.009547 -3.927965 0.014152 0.130055 -1.742724
  1 0.000000 0.000000 0.000000 -1.570796 -1.570796 0.000000
  2 4.484989 -0.004008 0.000006 -0.155665 -0.278991 0.527730
  3 5.037136 -0.005101 -0.000238 -0.007096 -0.017994 0.366224
  4 6.388059 -0.005253 -0.000001 -0.005860 -0.038236 0.151192
  5 6.146608 1.394838 0.000001 0.079819 -0.046641 0.463952
  6 -2.513793 0.703786 -2.914668 0.077643 1.175695 2.746319
  7 5.760270 -0.000012 -0.000009 0.760638 -0.075013 -1.158012
  8 10.965153 0.000065 -0.000006 0.000013 0.000002 -0.855157
  9 0.000007 -0.000004 -4.044200 0.155524 2.756276 0.047137
 10 -0.000007 0.000007 4.044200 -0.133573 -3.014247 -0.531169
 11 17.182070 0.000091 0.000546 0.000004 -0.000009 -1.359172
 12 16.782913 0.000650 -0.000234 -0.231403 -0.163822 0.267680
 13 5.168527 5.004116 -0.000135 -0.046062 0.015675 2.252249
 14 17.182070 0.000099 0.000206 -0.000001 -0.000007 -2.213134
 15 16.782906 0.000656 -0.000113 0.162649 -0.073939 0.218629
 16 5.168479 5.004167 -0.000064 0.158957 -0.099150 1.436913
 17 -2.236444 1.176442 2.977183 0.063033 -1.243635 2.614926
 18 5.760273 0.000016 0.000006 0.209724 0.647393 0.305106
time 115
  0 0.009547 -0.009547 -3.927965 0.014152 0.130055 -1.742724
  1 0.000000 0.000000 0.000000 -1.570796 -1.570796 0.000000
  2 4.484989 -0.004008 0.000006 -0.210520 -0.301334 0.544072
  3 5.037136 -0.005101 -0.000238 -0.011195 -0.018755 0.369971
  4 6.388059 -0.005253 -0.000001 -0.013603 -0.041548 0.158775
  5 6.146608 1.394838 0.000001 0.100708 -0.031583 0.453869
  6 -2.478635 0.617846 -2.953732 0.170126 1.176328 2.842465
  7 5.760270 -0.000012 -0.000009 0.697264 -0.132926 -1.209649
  8 10.965153 0.000065 -0.000006 0.000013 0.000002 -0.896389
  9 0.000007 -0.000004 -4.044200 0.155524 2.756276 0.047137
 10 -0.000007 0.000007 4.044200 -0.133573 -3.014247 -0.531169
 11 17.182070 0.000091 0.000546 0.000004 -0.000009 -1.359172
 12 16.782913 0.000650 -0.000234 -0.231403 -0.163822 0.267680
 13 5.168527 5.004116 -0.000135 -0.046062 0.015675 2.252249
 14 17.182070 0.000099 0.000206 -0.000001 -0.000007 -2.213134
 15 16.782906 0.000656 -0.000113 0.162649 -0.073939 0.218629
 16 5.168479 5.004167 -0.000064 0.158957 -0.099150 1.436913
 17 -2.291133 1.207693 2.922494 0.120045 -1.226880 2.572802
 18 5.760273 0.000016 0.000006 0.112126 0.671757 0.273903
time 116
  0 0.009547 -0.009547 -3.927965 0.014152 0.130055 -1.742724
  1 0.000000 0.000000 0.000000 -1.570796 -1.570796 0.000000
  2 4.484989 -0.004008 0.000006 -0.246462 -0.307823 0.552015
  3 5.037136 -0.005101 -0.000238 -0.014137 -0.018272 0.371180
  4 6.388059 -0.005253 -0.000001 -0.019607 -0.041795 0.161203
  5 6.146608 1.394838 0.000001 0.113939 -0.021570 0.447994
  6 -2.447384 0.563156 -2.981077 0.240797 1.172188 2.912858
  7 5.760270 -0.000012 -0.000009 0.634435 -0.191273 -1.229988
  8 10.965153 0.000065 -0.000006 0.000013 0.000002 -0.920100
  9 0.000007 -0.000004 -4.044200 0.155524 2.756276 0.047137
 10 -0.000007 0.000007 4.044200 -0.133573 -3.014247 -0.531169
 11 17.182070 0.000091 0.000546 0.000004 -0.000009 -1.359172
 12 16.782913 0.000650 -0.000234 -0.231403 -0.163822 0.267680
 13 5.168527 5.004116 -0.000135 -0.046062 0.015675 2.252249
 14 17.182070 0.000099 0.000206 -0.000001 -0.000007 -2.213134
 15 16.782906 0.000656 -0.000113 0.162649 -0.073939 0.218629
 16 5.168479 5.004167 -0.000064 0.158957 -0.099150 1.436913
 17 -2.322384 1.231132 2.891243 0.162758 -1.217545 2.538931
 18 5.760273 0.000016 0.000006 0.038282 0.690675 0.239512
time 117
  0 0.009547 -0.009547 -3.927965 0.014152 0.130055 -1.742724
  1 0.000000 0.000000 0.000000 -1.570796 -1.570796 0.000000
  2 4.484989 -0.004008 0.000006 -0.269210 -0.302134 0.553252
  3 5.037136 -0.005101 -0.000238 -0.016348 -0.016721 0.370303
  4 6.388059 -0.005253 -0.000001 -0.024568 -0.039892 0.159567
  5 6.146608 1.394838 0.000001 0.114962 -0.019552 0.448867
  6 -2.447384 0.555344 -2.984983 0.278133 1.161298 2.945288
  7 5.760270 -0.000012 -0.000009 0.573375 -0.252609 -1.226827
  8 10.965153 0.000065 -0.000006 0.000013 0.000002 -0.922205
  9 0.000007 -0.000004 -4.044200 0.155524 2.756276 0.047137
 10 -0.000007 0.000007 4.044200 -0.133573 -3.014247 -0.531169
 11 17.182070 0.000091 0.000546 0.000004 -0.000009 -1.359172
 12 16.782913 0.000650 -0.000234 -0.231403 -0.163822 0.267680
 13 5.168527 5.004116 -0.000135 -0.046062 0.015675 2.252249
 14 17.182070 0.000099 0.000206 -0.000001 -0.000007 -2.213134
 15 16.782906 0.000656 -0.000113 0.162649 -0.073939 0.218629
 16 5.168479 5.004167 -0.000064 0.158957 -0.099150 1.436913
 17 -2.334104 1.242851 2.883430 0.187942 -1.220908 2.513979
 18 5.760273 0.000016 0.000006 -0.017983 0.705799 0.206783
time 118
  0 0.009547 -0.009547 -3.927965 0.014152 0.130055 -1.742724
  1 0.000000 0.000000 0.000000 -1.570796 -1.570796 0.000000
  2 4.484989 -0.004008 0.000006 -0.289358 -0.290850 0.551885
  3 5.037136 -0.005101 -0.000238 -0.018575 -0.014614 0.368521
  4 6.388059 -0.005253 -0.000001 -0.029938 -0.036847 0.156048
  5 6.146608 1.394838 0.000001 0.101997 -0.026438 0.457402
  6 -2.459103 0.617846 -2.961545 0.282419 1.141680 2.938802
  7 5.760270 -0.000012 -0.000009 0.509593 -0.319690 -1.212402
  8 10.965153 0.000065 -0.000006 0.000013 0.000002 -0.908276
  9 0.000007 -0.000004 -4.044200 0.155524 2.756276 0.047137
 10 -0.000007 0.000007 4.044200 -0.133573 -3.014247 -0.531169
 11 17.182070 0.000091 0.000546 0.000004 -0.000009 -1.359172
 12 16.782913 0.000650 -0.000234 -0.231403 -0.163822 0.267680
 13 5.168527 5.004116 -0.000135 -0.046062 0.015675 2.252249
 14 17.182070 0.000099 0.000206 -0.000001 -0.000007 -2.213134
 15 16.782906 0.000656 -0.000113 0.162649 -0.073939 0.218629
 16 5.168479 5.004167 -0.000064 0.158957 -0.099150 1.436913
 17 -2.298946 1.219412 2.914681 0.195323 -1.239203 2.497092
 18 5.760273 0.000016 0.000006 -0.068954 0.717324 0.181192
time 119
  0 0.009547 -0.009547 -3.927965 0.014152 0.130055 -1.742724
  1 0.000000 0.000000 0.000000 -1.570796 -1.570796 0.000000
  2 4.484989 -0.004008 0.000006 -0.306906 -0.274707 0.548011
  3 5.037136 -0.005101 -0.000238 -0.020837 -0.012024 0.365922
  4 6.388059 -0.005253 -0.000001 -0.035379 -0.032812 0.150893
  5 6.146608 1.394838 0.000001 0.077943 -0.039933 0.472011
  6 -2.478635 0.735037 -2.922481 0.263370 1.115312 2.904941
  7 5.760270 -0.000012 -0.000009 0.441931 -0.387596 -1.185589
  8 10.965153 0.000065 -0.000006 0.000013 0.000002 -0.883326
  9 0.000007 -0.000004 -4.044200 0.155524 2.756276 0.047137
 10 -0.000007 0.000007 4.044200 -0.133573 -3.014247 -0.531169
 11 17.182070 0.000091 0.000546 0.000004 -0.000009 -1.359172
 12 16.782913 0.000650 -0.000234 -0.231403 -0.163822 0.267680
 13 5.168527 5.004116 -0.000135 -0.046062 0.015675 2.252249
 14 17.182070 0.000099 0.000206 -0.000001 -0.000007 -2.213134
 15 16.782906 0.000656 -0.000113 0.162649 -0.073939 0.218629
 16 5.168479 5.004167 -0.000064 0.158957 -0.099150 1.436913
 17 -2.248163 1.188161 2.961558 0.191725 -1.270228 2.484094
 18 5.760273 0.000016 0.000006 -0.119789 0.723209 0.160270
time 120
  0 0.009547 -0.009547 -3.927965 0.014152 0.130055 -1.742724
  1 0.000000 0.000000 0.000000 -1.570796 -1.570796 0.000000
  2 4.484989 -0.004008 0.000006 -0.321757 -0.254649 0.541598
  3 5.037136 -0.005101 -0.000238 -0.023014 -0.009025 0.362659
  4 6.388059 -0.005253 -0.000001 -0.040832 -0.027959 0.144401
  5 6.146608 1.394838 0.000001 0.045662 -0.057702 0.491661
  6 -2.513793 0.871760 -2.859979 0.231749 1.083591 2.855819
  7 5.760270 -0.000012 -0.000009 0.368414 -0.451412 -1.145574
  8 10.965153 0.000065 -0.000006 0.000013 0.000002 -0.852804
  9 0.000007 -0.000004 -4.044200 0.155524 2.756276 0.047137
 10 -0.000007 0.000007 4.044200 -0.133573 -3.014247 -0.531169
 11 17.182070 0.000091 0.000546 0.000004 -0.000009 -1.359172
 12 16.782913 0.000650 -0.000234 -0.231403 -0.163822 0.267680
 13 5.168527 5.004116 -0.000135 -0.046062 0.015675 2.252249
 14 17.182070 0.000099 0.000206 -0.000001 -0.000007 -2.213134
 15 16.782906 0.000656 -0.000113 0.162649 -0.073939 0.218629
 16 5.168479 5.004167 -0.000064 0.158957 -0.099150 1.436913
 17 -2.173943 1.137379 3.035779 0.181116 -1.310904 2.472993
 18 5.760273 0.000016 0.000006 -0.172729 0.723403 0.140919
time 121
  0 0.009547 -0.009547 -3.927965 0.014152 0.130055 -1.742724
  1 0.000000 0.000000 0.000000 -1.570796 -1.570796 0.000000
  2 4.484989 -0.004008 0.000006 -0.334009 -0.231427 0.532971
  3 5.037136 -0.005101 -0.000238 -0.025004 -0.005747 0.358851
  4 6.388059 -0.005253 -0.000001 -0.046273 -0.022496 0.136818
  5 6.146608 1.394838 0.000001 0.007979 -0.077489 0.514805
  6 -2.545043 1.031921 -2.774039 0.195556 1.048073 2.800592
  7 5.760270 -0.000012 -0.000009 0.288703 -0.506060 -1.093427
  8 10.965153 0.000065 -0.000006 0.000013 0.000002 -0.822593
  9 0.000007 -0.000004 -4.044200 0.155524 2.756276 0.047137
 10 -0.000007 0.000007 4.044200 -0.133573 -3.014247 -0.531169
 11 17.182070 0.000091 0.000546 0.000004 -0.000009 -1.359172
 12 16.782913 0.000650 -0.000234 -0.231403 -0.163822 0.267680
 13 5.168527 5.004116 -0.000135 -0.046062 0.015675 2.252249
 14 17.182070 0.000099 0.000206 -0.000001 -0.000007 -2.213134
 15 16.782906 0.000656 -0.000113 0.162649 -0.073939 0.218629
 16 5.168479 5.004167 -0.000064 0.158957 -0.099150 1.436913
 17 -2.099721 1.082690 3.110000 0.163219 -1.357489 2.467111
 18 5.760273 0.000016 0.000006 -0.223089 0.719999 0.125744
time 122
  0 0.009547 -0.009547 -3.927965 0.014152 0.130055 -1.742724
  1 0.000000 0.000000 0.000000 -1.570796 -1.570796 0.000000
  2 4.484989 -0.004008 0.000006 -0.343693 -0.205695 0.522293
  3 5.037136 -0.005101 -0.000238 -0.027010 -0.002236 0.354651
  4 6.388059 -0.005253 -0.000001 -0.051666 -0.016634 0.128408
  5 6.146608 1.394838 0.000001 -0.031846 -0.097197 0.539854
  6 -2.576294 1.199895 -2.680286 0.160887 1.010841 2.746606
  7 5.760270 -0.000012 -0.000009 0.203683 -0.546898 -1.031544
  8 10.965153 0.000065 -0.000006 0.000013 0.000002 -0.798076
  9 0.000007 -0.000004 -4.044200 0.155524 2.756276 0.047137
 10 -0.000007 0.000007 4.044200 -0.133573 -3.014247 -0.531169
 11 17.182070 0.000091 0.000546 0.000004 -0.000009 -1.359172
 12 16.782913 0.000650 -0.000234 -0.231403 -0.163822 0.267680
 13 5.168527 5.004116 -0.000135 -0.046062 0.015675 2.252249
 14 17.182070 0.000099 0.000206 -0.000001 -0.000007 -2.213134
 15 16.782906 0.000656 -0.000113 0.162649 -0.073939 0.218629
 16 5.168479 5.004167 -0.000064 0.158957 -0.099150 1.436913
 17 -2.013781 1.008469 3.195940 0.133975 -1.406023 2.471476
 18 5.760273 0.000016 0.000006 -0.267273 0.715622 0.115238
time 123
  0 0.009547 -0.009547 -3.927965 0.014152 0.130055 -1.742724
  1 0.000000 0.000000 0.000000 -1.570796 -1.570796 0.000000
  2 4.484989 -0.004008 0.000006 -0.350875 -0.178397 0.509694
  3 5.037136 -0.005101 -0.000238 -0.028813 0.001305 0.350179
  4 6.388059 -0.005253 -0.000001 -0.056687 -0.010544 0.119435
  5 6.146608 1.394838 0.000001 -0.070856 -0.114986 0.564943
  6 -2.595826 1.352243 -2.586533 0.132409 0.974031 2.699868
  7 5.760270 -0.000012 -0.000009 0.113013 -0.576366 -0.960741
  8 10.965153 0.000065 -0.000006 0.000013 0.000002 -0.776965
  9 0.000007 -0.000004 -4.044200 0.155524 2.756276 0.047137
 10 -0.000007 0.000007 4.044200 -0.133573 -3.014247 -0.531169
 11 17.182070 0.000091 0.000546 0.000004 -0.000009 -1.359172
 12 16.782913 0.000650 -0.000234 -0.231403 -0.163822 0.267680
 13 5.168527 5.004116 -0.000135 -0.046062 0.015675 2.252249
 14 17.182070 0.000099 0.000206 -0.000001 -0.000007 -2.213134
 15 16.782906 0.000656 -0.000113 0.162649 -0.073939 0.218629
 16 5.168479 5.004167 -0.000064 0.158957 -0.099150 1.436913
 17 -1.927841 0.938154 3.258442 0.084989 -1.452326 2.497092
 18 5.760273 0.000016 0.000006 -0.302430 0.712948 0.109671
time 124
  0 0.009547 -0.009547 -3.927965 0.014152 0.130055 -1.742724
  1 0.000000 0.000000 0.000000 -1.570796 -1.570796 0.000000
  2 4.484989 -0.004008 0.000006 -0.355587 -0.150108 0.495501
  3 5.037136 -0.005101 -0.000238 -0.030377 0.004949 0.345586
  4 6.388059 -0.005253 -0.000001 -0.061553 -0.004454 0.110163
  5 6.146608 1.394838 0.000001 -0.105563 -0.129391 0.587927
  6 -2.607545 1.485059 -2.500593 0.113646 0.940886 2.664195
  7 5.760270 -0.000012 -0.000009 0.017441 -0.598241 -0.878927
  8 10.965153 0.000065 -0.000006 0.000013 0.000002 -0.754987
  9 0.000007 -0.000004 -4.044200 0.155524 2.756276 0.047137
 10 -0.000007 0.000007 4.044200 -0.133573 -3.014247 -0.531169
 11 17.182070 0.000091 0.000546 0.000004 -0.000009 -1.359172
 12 16.782913 0.000650 -0.000234 -0.231403 -0.163822 0.267680
 13 5.168527 5.004116 -0.000135 -0.046062 0.015675 2.252249
 14 17.182070 0.000099 0.000206 -0.000001 -0.000007 -2.213134
 15 16.782906 0.000656 -0.000113 0.162649 -0.073939 0.218629
 16 5.168479 5.004167 -0.000064 0.158957 -0.099150 1.436913
 17 -1.853620 0.883465 3.324850 -0.006156 -1.492090 2.567299
 18 5.760273 0.000016 0.000006 -0.326253 0.714796 0.108369
time 125
  0 0.009547 -0.009547 -3.927965 0.014152 0.130055 -1.742724
  1 0.000000 0.000000 0.000000 -1.570796 -1.570796 0.000000
  2 4.484989 -0.004008 0.000006 -0.357829 -0.121691 0.479972
  3 5.037136 -0.005101 -0.000238 -0.031789 0.008460 0.340993
  4 6.388059 -0.005253 -0.000001 -0.065807 0.001599 0.100909
  5 6.146608 1.394838 0.000001 -0.140042 -0.142668 0.610912
  6 -2.607545 1.613970 -2.406840 0.097549 0.908137 2.632051
  7 5.760270 -0.000012 -0.000009 -0.078266 -0.611225 -0.791506
  8 10.965153 0.000065 -0.000006 0.000013 0.000002 -0.732390
  9 0.000007 -0.000004 -4.044200 0.155524 2.756276 0.047137
 10 -0.000007 0.000007 4.044200 -0.133573 -3.014247 -0.531169
 11 17.182070 0.000091 0.000546 0.000004 -0.000009 -1.359172
 12 16.782913 0.000650 -0.000234 -0.231403 -0.163822 0.267680
 13 5.168527 5.004116 -0.000135 -0.046062 0.015675 2.252249
 14 17.182070 0.000099 0.000206 -0.000001 -0.000007 -2.213134
 15 16.782906 0.000656 -0.000113 0.162649 -0.073939 0.218629
 16 5.168479 5.004167 -0.000064 0.158957 -0.099150 1.436913
 17 -1.779399 0.809244 3.383446 -0.287063 -1.526856 2.827730
 18 5.760273 0.000016 0.000006 -0.335890 0.723792 0.110479
time 126
  0 0.009547 -0.009547 -3.927965 0.014152 0.130055 -1.742724
  1 0.000000 0.000000 0.000000 -1.570796 -1.570796 0.000000
  2 4.484989 -0.004008 0.000006 -0.357602 -0.093722 0.463435
  3 5.037136 -0.005101 -0.000238 -0.032911 0.011855 0.336521
  4 6.388059 -0.005253 -0.000001 -0.069607 0.007442 0.091883
  5 6.146608 1.394838 0.000001 -0.179014 -0.156816 0.636874
  6 -2.615358 1.754599 -2.301368 0.078786 0.871960 2.596282
  7 5.760270 -0.000012 -0.000009 -0.169141 -0.615592 -0.702097
  8 10.965153 0.000065 -0.000006 0.000013 0.000002 -0.710102
  9 0.000007 -0.000004 -4.044200 0.155524 2.756276 0.047137
 10 -0.000007 0.000007 4.044200 -0.133573 -3.014247 -0.531169
 11 17.182070 0.000091 0.000546 0.000004 -0.000009 -1.359172
 12 16.782913 0.000650 -0.000234 -0.231403 -0.163822 0.267680
 13 5.168527 5.004116 -0.000135 -0.046062 0.015675 2.252249
 14 17.182070 0.000099 0.000206 -0.000001 -0.000007 -2.213134
 15 16.782906 0.000656 -0.000113 0.162649 -0.073939 0.218629
 16 5.168479 5.004167 -0.000064 0.158957 -0.099150 1.436913
 17 -1.705178 0.735023 3.438135 -1.410878 -1.541850 3.928277
 18 5.760273 0.000016 0.000006 -0.328900 0.742369 0.115643
time 127
  0 0.009547 -0.009547 -3.927965 0.014152 0.130055 -1.742724
  1 0.000000 0.000000 0.000000 -1.570796 -1.570796 0.000000
  2 4.484989 -0.004008 0.000006 -0.354839 -0.066983 0.446018
  3 5.037136 -0.005101 -0.000238 -0.033710 0.014957 0.332351
  4 6.388059 -0.005253 -0.000001 -0.072711 0.012904 0.083438
  5 6.146608 1.394838 0.000001 -0.219730 -0.170173 0.664265
  6 -2.615358 1.903041 -2.191990 0.059356 0.835150 2.560132
  7 5.760270 -0.000012 -0.000009 -0.249396 -0.612916 -0.616562
  8 10.965153 0.000065 -0.000006 0.000013 0.000002 -0.688867
  9 0.000007 -0.000004 -4.044200 0.155524 2.756276 0.047137
 10 -0.000007 0.000007 4.044200 -0.133573 -3.014247 -0.531169
 11 17.182070 0.000091 0.000546 0.000004 -0.000009 -1.359172
 12 16.782913 0.000650 -0.000234 -0.231403 -0.163822 0.267680
 13 5.168527 5.004116 -0.000135 -0.046062 0.015675 2.252249
 14 17.182070 0.000099 0.000206 -0.000001 -0.000007 -2.213134
 15 16.782906 0.000656 -0.000113 0.162649 -0.073939 0.218629
 16 5.168479 5.004167 -0.000064 0.158957 -0.099150 1.436913
 17 -1.623144 0.641270 3.492824 1.016458 -1.627602 1.476050
 18 5.760273 0.000016 0.000006 -0.309760 0.758758 0.119683
time 128
  0 0.009547 -0.009547 -3.927965 0.014152 0.130055 -1.742724
  1 0.000000 0.000000 0.000000 -1.570796 -1.570796 0.000000
  2 4.484989 -0.004008 0.000006 -0.349445 -0.042162 0.428146
  3 5.037136 -0.005101 -0.000238 -0.034187 0.017678 0.328604
  4 6.388059 -0.005253 -0.000001 -0.075048 0.017929 0.075820
  5 6.146608 1.394838 0.000001 -0.259365 -0.181412 0.691815
  6 -2.595826 2.039764 -2.078705 0.040593 0.800713 2.524268
  7 5.760270 -0.000012 -0.000009 -0.316922 -0.606031 -0.538061
  8 10.965153 0.000065 -0.000006 0.000013 0.000002 -0.669304
  9 0.000007 -0.000004 -4.044200 0.155524 2.756276 0.047137
 10 -0.000007 0.000007 4.044200 -0.133573 -3.014247 -0.531169
 11 17.182070 0.000091 0.000546 0.000004 -0.000009 -1.359172
 12 16.782913 0.000650 -0.000234 -0.231403 -0.163822 0.267680
 13 5.168527 5.004116 -0.000135 -0.046062 0.015675 2.252249
 14 17.182070 0.000099 0.000206 -0.000001 -0.000007 -2.213134
 15 16.782906 0.000656 -0.000113 0.162649 -0.073939 0.218629
 16 5.168479 5.004167 -0.000064 0.158957 -0.099150 1.436913
 17 -1.545017 0.555330 3.543607 -2.267530 -1.478699 4.733858
 18 5.760273 0.000016 0.000006 -0.286616 0.761822 0.118830
time 129
  0 0.009547 -0.009547 -3.927965 0.014152 0.130055 -1.742724
  1 0.000000 0.000000 0.000000 -1.570796 -1.570796 0.000000
  2 4.484989 -0.004008 0.000006 -0.341288 -0.019946 0.409883
  3 5.037136 -0.005101 -0.000238 -0.034306 0.019990 0.325401
  4 6.388059 -0.005253 -0.000001 -0.076426 0.022192 0.069310
  5 6.146608 1.394838 0.000001 -0.294888 -0.189406 0.717539
  6 -2.588014 2.156955 -1.969327 0.022687 0.771866 2.490694
  7 5.760270 -0.000012 -0.000009 -0.367295 -0.598320 -0.469807
  8 10.965153 0.000065 -0.000006 0.000013 0.000002 -0.652774
  9 0.000007 -0.000004 -4.044200 0.155524 2.756276 0.047137
 10 -0.000007 0.000007 4.044200 -0.133573 -3.014247 -0.531169
 11 17.182070 0.000091 0.000546 0.000004 -0.000009 -1.359172
 12 16.782913 0.000650 -0.000234 -0.231403 -0.163822 0.267680
 13 5.168527 5.004116 -0.000135 -0.046062 0.015675 2.252249
 14 17.182070 0.000099 0.000206 -0.000001 -0.000007 -2.213134
 15 16.782906 0.000656 -0.000113 0.162649 -0.073939 0.218629
 16 5.168479 5.004167 -0.000064 0.158957 -0.099150 1.436913
 17 -1.482515 0.481109 3.578764 -2.290040 -1.447265 4.730917
 18 5.760273 0.000016 0.000006 -0.260282 0.755208 0.113622
time 130
  0 0.009547 -0.009547 -3.927965 0.014152 0.130055 -1.742724
  1 0.000000 0.000000 0.000000 -1.570796 -1.570796 0.000000
  2 4.484989 -0.004008 0.000006 -0.330207 -0.000959 0.391522
  3 5.037136 -0.005101 -0.000238 -0.033966 0.021775 0.322863
  4 6.388059 -0.005253 -0.000001 -0.076641 0.025694 0.064155
  5 6.146608 1.394838 0.000001 -0.323226 -0.193344 0.739492
  6 -2.564575 2.250708 -1.895106 0.005638 0.751800 2.459790
  7 5.760270 -0.000012 -0.000009 -0.399833 -0.593245 -0.414194
  8 10.965153 0.000065 -0.000006 0.000013 0.000002 -0.639278
  9 0.000007 -0.000004 -4.044200 0.155524 2.756276 0.047137
 10 -0.000007 0.000007 4.044200 -0.133573 -3.014247 -0.531169
 11 17.182070 0.000091 0.000546 0.000004 -0.000009 -1.359172
 12 16.782913 0.000650 -0.000234 -0.231403 -0.163822 0.267680
 13 5.168527 5.004116 -0.000135 -0.046062 0.015675 2.252249
 14 17.182070 0.000099 0.000206 -0.000001 -0.000007 -2.213134
 15 16.782906 0.000656 -0.000113 0.162649 -0.073939 0.218629
 16 5.168479 5.004167 -0.000064 0.158957 -0.099150 1.436913
 17 -1.439545 0.426419 3.606109 0.872453 -1.718667 1.545119
 18 5.760273 0.000016 0.000006 -0.230894 0.742515 0.105406
time 131
  0 0.009547 -0.009547 -3.927965 0.014152 0.130055 -1.742724
  1 0.000000 0.000000 0.000000 -1.570796 -1.570796 0.000000
  2 4.484989 -0.004008 0.000006 -0.307426 0.016270 0.368734
  3 5.037136 -0.005101 -0.000238 -0.032554 0.022697 0.321322
  4 6.388059 -0.005253 -0.000001 -0.074269 0.028149 0.061041
  5 6.146608 1.394838 0.000001 -0.346086 -0.195045 0.758904
  6 -2.541137 2.336648 -1.824791 -0.012268 0.738695 2.428981
  7 5.760270 -0.000012 -0.000009 -0.410383 -0.594228 -0.361435
  8 10.965153 0.000065 -0.000006 0.000013 0.000002 -0.630425
  9 0.000007 -0.000004 -4.044200 0.155524 2.756276 0.047137
 10 -0.000007 0.000007 4.044200 -0.133573 -3.014247 -0.531169
 11 17.182070 0.000091 0.000546 0.000004 -0.000009 -1.359172
 12 16.782913 0.000650 -0.000234 -0.231403 -0.163822 0.267680
 13 5.168527 5.004116 -0.000135 -0.046062 0.015675 2.252249
 14 17.182070 0.000099 0.000206 -0.000001 -0.000007 -2.213134
 15 16.782906 0.000656 -0.000113 0.162649 -0.073939 0.218629
 16 5.168479 5.004167 -0.000064 0.158957 -0.099150 1.436913
 17 -1.400481 0.375637 3.617828 0.899944 -1.738062 1.495594
 18 5.760273 0.000016 0.000006 -0.191122 0.726905 0.089378
time 132
  0 0.009547 -0.009547 -3.927965 0.014152 0.130055 -1.742724
  1 0.000000 0.000000 0.000000 -1.570796 -1.570796 0.000000
  2 4.484989 -0.004008 0.000006 -0.267845 0.034091 0.339142
  3 5.037136 -0.005101 -0.000238 -0.029425 0.022741 0.320778
  4 6.388059 -0.005253 -0.000001 -0.068156 0.029729 0.059880
  5 6.146608 1.394838 0.000001 -0.367012 -0.196351 0.777959
  6 -2.513793 2.406963 -1.770102 -0.032555 0.728807 2.395120
  7 5.760270 -0.000012 -0.000009 -0.399628 -0.602608 -0.303324
  8 10.965153 0.000065 -0.000006 0.000013 0.000002 -0.625348
  9 0.000007 -0.000004 -4.044200 0.155524 2.756276 0.047137
 10 -0.000007 0.000007 4.044200 -0.133573 -3.014247 -0.531169
 11 17.182070 0.000091 0.000546 0.000004 -0.000009 -1.359172
 12 16.782913 0.000650 -0.000234 -0.231403 -0.163822 0.267680
 13 5.168527 5.004116 -0.000135 -0.046062 0.015675 2.252249
 14 17.182070 0.000099 0.000206 -0.000001 -0.000007 -2.213134
 15 16.782906 0.000656 -0.000113 0.162649 -0.073939 0.218629
 16 5.168479 5.004167 -0.000064 0.158957 -0.099150 1.436913
 17 -1.369230 0.340479 3.641266 0.911568 -1.755413 1.462767
 18 5.760273 0.000016 0.000006 -0.136553 0.712948 0.064999
time 133
  0 0.009547 -0.009547 -3.927965 0.014152 0.130055 -1.742724
  1 0.000000 0.000000 0.000000 -1.570796 -1.570796 0.000000
  2 4.484989 -0.004008 0.000006 -0.216597 0.052359 0.305969
  3 5.037136 -0.005101 -0.000238 -0.025055 0.022024 0.320989
  4 6.388059 -0.005253 -0.000001 -0.059492 0.030471 0.060302
  5 6.146608 1.394838 0.000001 -0.385645 -0.196648 0.796100
  6 -2.478635 2.473371 -1.715413 -0.054461 0.722162 2.359733
  7 5.760270 -0.000012 -0.000009 -0.371992 -0.618110 -0.243939
  8 10.965153 0.000065 -0.000006 0.000013 0.000002 -0.623057
  9 0.000007 -0.000004 -4.044200 0.155524 2.756276 0.047137
 10 -0.000007 0.000007 4.044200 -0.133573 -3.014247 -0.531169
 11 17.182070 0.000091 0.000546 0.000004 -0.000009 -1.359172
 12 16.782913 0.000650 -0.000234 -0.231403 -0.163822 0.267680
 13 5.168527 5.004116 -0.000135 -0.046062 0.015675 2.252249
 14 17.182070 0.000099 0.000206 -0.000001 -0.000007 -2.213134
 15 16.782906 0.000656 -0.000113 0.162649 -0.073939 0.218629
 16 5.168479 5.004167 -0.000064 0.158957 -0.099150 1.436913
 17 -1.337979 0.309228 3.652985 0.919963 -1.770502 1.434210
 18 5.760273 0.000016 0.000006 -0.068886 0.699234 0.036086
time 134
  0 0.009547 -0.009547 -3.927965 0.014152 0.130055 -1.742724
  1 0.000000 0.000000 0.000000 -1.570796 -1.570796 0.000000
  2 4.484989 -0.004008 0.000006 -0.158622 0.070771 0.272211
  3 5.037136 -0.005101 -0.000238 -0.020055 0.020751 0.321684
  4 6.388059 -0.005253 -0.000001 -0.049101 0.030490 0.061745
  5 6.146608 1.394838 0.000001 -0.401549 -0.195382 0.812615
  6 -2.447384 2.535873 -1.676349 -0.077510 0.718945 2.323583
  7 5.760270 -0.000012 -0.000009 -0.331421 -0.639473 -0.188938
  8 10.965153 0.000065 -0.000006 0.000013 0.000002 -0.622748
  9 0.000007 -0.000004 -4.044200 0.155524 2.756276 0.047137
 10 -0.000007 0.000007 4.044200 -0.133573 -3.014247 -0.531169
 11 17.182070 0.000091 0.000546 0.000004 -0.000009 -1.359172
 12 16.782913 0.000650 -0.000234 -0.231403 -0.163822 0.267680
 13 5.168527 5.004116 -0.000135 -0.046062 0.015675 2.252249
 14 17.182070 0.000099 0.000206 -0.000001 -0.000007 -2.213134
 15 16.782906 0.000656 -0.000113 0.162649 -0.073939 0.218629
 16 5.168479 5.004167 -0.000064 0.158957 -0.099150 1.436913
 17 -1.314541 0.277977 3.668611 0.937859 -1.783327 1.396545
 18 5.760273 0.000016 0.000006 0.007740 0.682310 0.005421
time 135
  0 0.009547 -0.009547 -3.927965 0.014152 0.130055 -1.742724
  1 0.000000 0.000000 0.000000 -1.570796 -1.570796 0.000000
  2 4.484989 -0.004008 0.000006 -0.098828 0.088223 0.240568
  3 5.037136 -0.005101 -0.000238 -0.014698 0.019156 0.322651
  4 6.388059 -0.005253 -0.000001 -0.037883 0.029957 0.063733
  5 6.146608 1.394838 0.000001 -0.414343 -0.192018 0.826945
  6 -2.416133 2.586656 -1.633379 -0.100845 0.719367 2.287338
  7 5.760270 -0.000012 -0.000009 -0.281253 -0.664456 -0.141430
  8 10.965153 0.000065 -0.000006 0.000013 0.000002 -0.622872
  9 0.000007 -0.000004 -4.044200 0.155524 2.756276 0.047137
 10 -0.000007 0.000007 4.044200 -0.133573 -3.014247 -0.531169
 11 17.182070 0.000091 0.000546 0.000004 -0.000009 -1.359172
 12 16.782913 0.000650 -0.000234 -0.231403 -0.163822 0.267680
 13 5.168527 5.004116 -0.000135 -0.046062 0.015675 2.252249
 14 17.182070 0.000099 0.000206 -0.000001 -0.000007 -2.213134
 15 16.782906 0.000656 -0.000113 0.162649 -0.073939 0.218629
 16 5.168479 5.004167 -0.000064 0.158957 -0.099150 1.436913
 17 -1.302822 0.258446 3.672517 0.966089 -1.794014 1.349961
 18 5.760273 0.000016 0.000006 0.086946 0.664268 -0.025782
time 136
  0 0.009547 -0.009547 -3.927965 0.014152 0.130055 -1.742724
  1 0.000000 0.000000 0.000000 -1.570796 -1.570796 0.000000
  2 4.484989 -0.004008 0.000006 -0.041958 0.103135 0.213287
  3 5.037136 -0.005101 -0.000238 -0.009477 0.017430 0.323618
  4 6.388059 -0.005253 -0.000001 -0.027001 0.029177 0.065721
  5 6.146608 1.394838 0.000001 -0.423575 -0.186002 0.838616
  6 -2.384882 2.629626 -1.621660 -0.125037 0.723507 2.252237
  7 5.760270 -0.000012 -0.000009 -0.227069 -0.690148 -0.106818
  8 10.965153 0.000065 -0.000006 0.000013 0.000002 -0.622376
  9 0.000007 -0.000004 -4.044200 0.155524 2.756276 0.047137
 10 -0.000007 0.000007 4.044200 -0.133573 -3.014247 -0.531169
 11 17.182070 0.000091 0.000546 0.000004 -0.000009 -1.359172
 12 16.782913 0.000650 -0.000234 -0.231403 -0.163822 0.267680
 13 5.168527 5.004116 -0.000135 -0.046062 0.015675 2.252249
 14 17.182070 0.000099 0.000206 -0.000001 -0.000007 -2.213134
 15 16.782906 0.000656 -0.000113 0.162649 -0.073939 0.218629
 16 5.168479 5.004167 -0.000064 0.158957 -0.099150 1.436913
 17 -1.302822 0.258446 3.672517 1.005941 -1.802753 1.293511
 18 5.760273 0.000016 0.000006 0.163640 0.647441 -0.054291
time 137
  0 0.009547 -0.009547 -3.927965 0.014152 0.130055 -1.742724
  1 0.000000 0.000000 0.000000 -1.570796 -1.570796 0.000000
  2 4.484989 -0.004008 0.000006 0.007275 0.113460 0.192485
  3 5.037136 -0.005101 -0.000238 -0.004971 0.015747 0.324374
  4 6.388059 -0.005253 -0.000001 -0.017426 0.028149 0.067287
  5 6.146608 1.394838 0.000001 -0.428844 -0.176821 0.847032
  6 -2.349725 2.664783 -1.621660 -0.149134 0.731760 2.218853
  7 5.760270 -0.000012 -0.000009 -0.170094 -0.713360 -0.088059
  8 10.965153 0.000065 -0.000006 0.000013 0.000002 -0.620333
  9 0.000007 -0.000004 -4.044200 0.155524 2.756276 0.047137
 10 -0.000007 0.000007 4.044200 -0.133573 -3.014247 -0.531169
 11 17.182070 0.000091 0.000546 0.000004 -0.000009 -1.359172
 12 16.782913 0.000650 -0.000234 -0.231403 -0.163822 0.267680
 13 5.168527 5.004116 -0.000135 -0.046062 0.015675 2.252249
 14 17.182070 0.000099 0.000206 -0.000001 -0.000007 -2.213134
 15 16.782906 0.000656 -0.000113 0.162649 -0.073939 0.218629
 16 5.168479 5.004167 -0.000064 0.158957 -0.099150 1.436913
 17 -1.322354 0.258446 3.668611 1.059263 -1.810046 1.226055
 18 5.760273 0.000016 0.000006 0.231782 0.634311 -0.076874
time 138
  0 0.009547 -0.009547 -3.927965 0.014152 0.130055 -1.742724
  1 0.000000 0.000000 0.000000 -1.570796 -1.570796 0.000000
  2 4.484989 -0.004008 0.000006 0.044484 0.116880 0.179984
  3 5.037136 -0.005101 -0.000238 -0.001502 0.014284 0.324646
  4 6.388059 -0.005253 -0.000001 -0.009887 0.026969 0.067920
  5 6.146608 1.394838 0.000001 -0.429792 -0.163900 0.851597
  6 -2.298942 2.684315 -1.645098 -0.173041 0.744285 2.188235
  7 5.760270 -0.000012 -0.000009 -0.115161 -0.730907 -0.088773
  8 10.965153 0.000065 -0.000006 0.000013 0.000002 -0.615504
  9 0.000007 -0.000004 -4.044200 0.155524 2.756276 0.047137
 10 -0.000007 0.000007 4.044200 -0.133573 -3.014247 -0.531169
 11 17.182070 0.000091 0.000546 0.000004 -0.000009 -1.359172
 12 16.782913 0.000650 -0.000234 -0.231403 -0.163822 0.267680
 13 5.168527 5.004116 -0.000135 -0.046062 0.015675 2.252249
 14 17.182070 0.000099 0.000206 -0.000001 -0.000007 -2.213134
 15 16.782906 0.000656 -0.000113 0.162649 -0.073939 0.218629
 16 5.168479 5.004167 -0.000064 0.158957 -0.099150 1.436913
 17 -1.357511 0.266258 3.652985 1.127530 -1.816521 1.146265
 18 5.760273 0.000016 0.000006 0.285672 0.627357 -0.090298
time 139
  0 0.009547 -0.009547 -3.927965 0.014152 0.130055 -1.742724
  1 0.000000 0.000000 0.000000 -1.570796 -1.570796 0.000000
  2 4.484989 -0.004008 0.000006 0.073602 0.112405 0.175850
  3 5.037136 -0.005101 -0.000238 0.001168 0.012996 0.324555
  4 6.388059 -0.005253 -0.000001 -0.003919 0.025827 0.067762
  5 6.146608 1.394838 0.000001 -0.424958 -0.143895 0.849890
  6 -2.255972 2.692128 -1.699787 -0.201804 0.764615 2.157617
  7 5.760270 -0.000012 -0.000009 -0.056007 -0.742356 -0.110182
  8 10.965153 0.000065 -0.000006 0.000013 0.000002 -0.605846
  9 0.000007 -0.000004 -4.044200 0.155524 2.756276 0.047137
 10 -0.000007 0.000007 4.044200 -0.133573 -3.014247 -0.531169
 11 17.182070 0.000091 0.000546 0.000004 -0.000009 -1.359172
 12 16.782913 0.000650 -0.000234 -0.231403 -0.163822 0.267680
 13 5.168527 5.004116 -0.000135 -0.046062 0.015675 2.252249
 14 17.182070 0.000099 0.000206 -0.000001 -0.000007 -2.213134
 15 16.782906 0.000656 -0.000113 0.162649 -0.073939 0.218629
 16 5.168479 5.004167 -0.000064 0.158957 -0.099150 1.436913
 17 -1.420013 0.289697 3.617828 1.229284 -1.824411 1.037254
 18 5.760273 0.000016 0.000006 0.328498 0.623564 -0.098110
time 140
  0 0.009547 -0.009547 -3.927965 0.014152 0.130055 -1.742724
  1 0.000000 0.000000 0.000000 -1.570796 -1.570796 0.000000
  2 4.484989 -0.004008 0.000006 0.101679 0.101473 0.177608
  3 5.037136 -0.005101 -0.000238 0.003923 0.011679 0.324374
  4 6.388059 -0.005253 -0.000001 0.001977 0.024609 0.067410
  5 6.146608 1.394838 0.000001 -0.413604 -0.115936 0.841395
  6 -2.197377 2.684315 -1.789634 -0.238759 0.794279 2.124233
  7 5.760270 -0.000012 -0.000009 0.015535 -0.748140 -0.148158
  8 10.965153 0.000065 -0.000006 0.000013 0.000002 -0.591359
  9 0.000007 -0.000004 -4.044200 0.155524 2.756276 0.047137
 10 -0.000007 0.000007 4.044200 -0.133573 -3.014247 -0.531169
 11 17.182070 0.000091 0.000546 0.000004 -0.000009 -1.359172
 12 16.782913 0.000650 -0.000234 -0.231403 -0.163822 0.267680
 13 5.168527 5.004116 -0.000135 -0.046062 0.015675 2.252249
 14 17.182070 0.000099 0.000206 -0.000001 -0.000007 -2.213134
 15 16.782906 0.000656 -0.000113 0.162649 -0.073939 0.218629
 16 5.168479 5.004167 -0.000064 0.158957 -0.099150 1.436913
 17 -1.525485 0.332667 3.578764 1.367846 -1.836702 0.895796
 18 5.760273 0.000016 0.000006 0.366370 0.618360 -0.105024
time 141
  0 0.009547 -0.009547 -3.927965 0.014152 0.130055 -1.742724
  1 0.000000 0.000000 0.000000 -1.570796 -1.570796 0.000000
  2 4.484989 -0.004008 0.000006 0.127904 0.085299 0.183337
  3 5.037136 -0.005101 -0.000238 0.006542 0.010260 0.324071
  4 6.388059 -0.005253 -0.000001 0.007874 0.023086 0.066900
  5 6.146608 1.394838 0.000001 -0.396412 -0.083049 0.828652
  6 -2.138781 2.653064 -1.910731 -0.281238 0.830799 2.088656
  7 5.760270 -0.000012 -0.000009 0.094974 -0.747156 -0.197450
  8 10.965153 0.000065 -0.000006 0.000013 0.000002 -0.574458
  9 0.000007 -0.000004 -4.044200 0.155524 2.756276 0.047137
 10 -0.000007 0.000007 4.044200 -0.133573 -3.014247 -0.531169
 11 17.182070 0.000091 0.000546 0.000004 -0.000009 -1.359172
 12 16.782913 0.000650 -0.000234 -0.231403 -0.163822 0.267680
 13 5.168527 5.004116 -0.000135 -0.046062 0.015675 2.252249
 14 17.182070 0.000099 0.000206 -0.000001 -0.000007 -2.213134
 15 16.782906 0.000656 -0.000113 0.162649 -0.073939 0.218629
 16 5.168479 5.004167 -0.000064 0.158957 -0.099150 1.436913
 17 -1.650489 0.395169 3.516262 1.522184 -1.854494 0.742478
 18 5.760273 0.000016 0.000006 0.400034 0.612184 -0.110232
time 142
  0 0.009547 -0.009547 -3.927965 0.014152 0.130055 -1.742724
  1 0.000000 0.000000 0.000000 -1.570796 -1.570796 0.000000
  2 4.484989 -0.004008 0.000006 0.151562 0.065145 0.191671
  3 5.037136 -0.005101 -0.000238 0.009025 0.008811 0.323739
  4 6.388059 -0.005253 -0.000001 0.013351 0.021526 0.066284
  5 6.146608 1.394838 0.000001 -0.373893 -0.048263 0.813925
  6 -2.064560 2.610094 -2.047454 -0.326099 0.872197 2.052124
  7 5.760270 -0.000012 -0.000009 0.177816 -0.739091 -0.253573
  8 10.965153 0.000065 -0.000006 0.000013 0.000002 -0.557371
  9 0.000007 -0.000004 -4.044200 0.155524 2.756276 0.047137
 10 -0.000007 0.000007 4.044200 -0.133573 -3.014247 -0.531169
 11 17.182070 0.000091 0.000546 0.000004 -0.000009 -1.359172
 12 16.782913 0.000650 -0.000234 -0.231403 -0.163822 0.267680
 13 5.168527 5.004116 -0.000135 -0.046062 0.015675 2.252249
 14 17.182070 0.000099 0.000206 -0.000001 -0.000007 -2.213134
 15 16.782906 0.000656 -0.000113 0.162649 -0.073939 0.218629
 16 5.168479 5.004167 -0.000064 0.158957 -0.099150 1.436913
 17 -1.779399 0.469390 3.438135 -1.466137 -1.264507 3.734353
 18 5.760273 0.000016 0.000006 0.430033 0.605473 -0.113240
time 143
  0 0.009547 -0.009547 -3.927965 0.014152 0.130055 -1.742724
  1 0.000000 0.000000 0.000000 -1.570796 -1.570796 0.000000
  2 4.484989 -0.004008 0.000006 0.171938 0.042322 0.200884
  3 5.037136 -0.005101 -0.000238 0.011270 0.007304 0.323407
  4 6.388059 -0.005253 -0.000001 0.018300 0.019737 0.065598
  5 6.146608 1.394838 0.000001 -0.346370 -0.014684 0.799634
  6 -1.990339 2.547592 -2.191990 -0.369340 0.916522 2.017214
  7 5.760270 -0.000012 -0.000009 0.258956 -0.724652 -0.310919
  8 10.965153 0.000065 -0.000006 0.000013 0.000002 -0.542451
  9 0.000007 -0.000004 -4.044200 0.155524 2.756276 0.047137
 10 -0.000007 0.000007 4.044200 -0.133573 -3.014247 -0.531169
 11 17.182070 0.000091 0.000546 0.000004 -0.000009 -1.359172
 12 16.782913 0.000650 -0.000234 -0.231403 -0.163822 0.267680
 13 5.168527 5.004116 -0.000135 -0.046062 0.015675 2.252249
 14 17.182070 0.000099 0.000206 -0.000001 -0.000007 -2.213134
 15 16.782906 0.000656 -0.000113 0.162649 -0.073939 0.218629
 16 5.168479 5.004167 -0.000064 0.158957 -0.099150 1.436913
 17 -1.904403 0.555330 3.367820 -1.323515 -1.239768 3.597069
 18 5.760273 0.000016 0.000006 0.457250 0.598713 -0.113285
time 144
  0 0.009547 -0.009547 -3.927965 0.014152 0.130055 -1.742724
  1 0.000000 0.000000 0.000000 -1.570796 -1.570796 0.000000
  2 4.484989 -0.004008 0.000006 0.188446 0.018396 0.209609
  3 5.037136 -0.005101 -0.000238 0.013157 0.005783 0.323044
  4 6.388059 -0.005253 -0.000001 0.022819 0.017586 0.064894
  5 6.146608 1.394838 0.000001 -0.313919 0.014502 0.787764
  6 -1.927837 2.473371 -2.332619 -0.405342 0.962640 1.987359
  7 5.760270 -0.000012 -0.000009 0.334447 -0.705413 -0.365666
  8 10.965153 0.000065 -0.000006 0.000013 0.000002 -0.532050
  9 0.000007 -0.000004 -4.044200 0.155524 2.756276 0.047137
 10 -0.000007 0.000007 4.044200 -0.133573 -3.014247 -0.531169
 11 17.182070 0.000091 0.000546 0.000004 -0.000009 -1.359172
 12 16.782913 0.000650 -0.000234 -0.231403 -0.163822 0.267680
 13 5.168527 5.004116 -0.000135 -0.046062 0.015675 2.252249
 14 17.182070 0.000099 0.000206 -0.000001 -0.000007 -2.213134
 15 16.782906 0.000656 -0.000113 0.162649 -0.073939 0.218629
 16 5.168479 5.004167 -0.000064 0.158957 -0.099150 1.436913
 17 -2.013781 0.660802 3.281880 -1.192886 -1.216350 3.472783
 18 5.760273 0.000016 0.000006 0.481819 0.592342 -0.109738
time 145
  0 0.009547 -0.009547 -3.927965 0.014152 0.130055 -1.742724
  1 0.000000 0.000000 0.000000 -1.570796 -1.570796 0.000000
  2 4.484989 -0.004008 0.000006 0.200568 -0.005067 0.216705
  3 5.037136 -0.005101 -0.000238 0.014688 0.004188 0.322742
  4 6.388059 -0.005253 -0.000001 0.026522 0.015283 0.064296
  5 6.146608 1.394838 0.000001 -0.270284 0.043332 0.778078
  6 -1.853616 2.367899 -2.500593 -0.436106 1.017908 1.960747
  7 5.760270 -0.000012 -0.000009 0.401156 -0.683774 -0.414907
  8 10.965153 0.000065 -0.000006 0.000013 0.000002 -0.528273
  9 0.000007 -0.000004 -4.044200 0.155524 2.756276 0.047137
 10 -0.000007 0.000007 4.044200 -0.133573 -3.014247 -0.531169
 11 17.182070 0.000091 0.000546 0.000004 -0.000009 -1.359172
 12 16.782913 0.000650 -0.000234 -0.231403 -0.163822 0.267680
 13 5.168527 5.004116 -0.000135 -0.046062 0.015675 2.252249
 14 17.182070 0.000099 0.000206 -0.000001 -0.000007 -2.213134
 15 16.782906 0.000656 -0.000113 0.162649 -0.073939 0.218629
 16 5.168479 5.004167 -0.000064 0.158957 -0.099150 1.436913
 17 -2.107534 0.809244 3.188127 -1.050080 -1.191894 3.338251
 18 5.760273 0.000016 0.000006 0.504284 0.586896 -0.101926
time 146
  0 0.009547 -0.009547 -3.927965 0.014152 0.130055 -1.742724
  1 0.000000 0.000000 0.000000 -1.570796 -1.570796 0.000000
  2 4.484989 -0.004008 0.000006 0.207912 -0.026691 0.220775
  3 5.037136 -0.005101 -0.000238 0.015742 0.002622 0.322470
  4 6.388059 -0.005253 -0.000001 0.029290 0.012809 0.063821
  5 6.146608 1.394838 0.000001 -0.214081 0.075328 0.769702
  6 -1.767676 2.219457 -2.688099 -0.468489 1.085384 1.931179
  7 5.760270 -0.000012 -0.000009 0.456430 -0.662489 -0.458032
  8 10.965153 0.000065 -0.000006 0.000013 0.000002 -0.533783
  9 0.000007 -0.000004 -4.044200 0.155524 2.756276 0.047137
 10 -0.000007 0.000007 4.044200 -0.133573 -3.014247 -0.531169
 11 17.182070 0.000091 0.000546 0.000004 -0.000009 -1.359172
 12 16.782913 0.000650 -0.000234 -0.231403 -0.163822 0.267680
 13 5.168527 5.004116 -0.000135 -0.046062 0.015675 2.252249
 14 17.182070 0.000099 0.000206 -0.000001 -0.000007 -2.213134
 15 16.782906 0.000656 -0.000113 0.162649 -0.073939 0.218629
 16 5.168479 5.004167 -0.000064 0.158957 -0.099150 1.436913
 17 -2.205194 0.977218 3.070936 -0.893621 -1.159989 3.192429
 18 5.760273 0.000016 0.000006 0.525324 0.582665 -0.088996
time 147
  0 0.009547 -0.009547 -3.927965 0.014152 0.130055 -1.742724
  1 0.000000 0.000000 0.000000 -1.570796 -1.570796 0.000000
  2 4.484989 -0.004008 0.000006 0.210089 -0.044815 0.220710
  3 5.037136 -0.005101 -0.000238 0.016270 0.000998 0.322319
  4 6.388059 -0.005253 -0.000001 0.031232 0.009954 0.063504
  5 6.146608 1.394838 0.000001 -0.152420 0.106335 0.762874
  6 -1.681736 2.047577 -2.883417 -0.503444 1.157132 1.899512
  7 5.760270 -0.000012 -0.000009 0.501561 -0.637899 -0.495243
  8 10.965153 0.000065 -0.000006 0.000013 0.000002 -0.556071
  9 0.000007 -0.000004 -4.044200 0.155524 2.756276 0.047137
 10 -0.000007 0.000007 4.044200 -0.133573 -3.014247 -0.531169
 11 17.182070 0.000091 0.000546 0.000004 -0.000009 -1.359172
 12 16.782913 0.000650 -0.000234 -0.231403 -0.163822 0.267680
 13 5.168527 5.004116 -0.000135 -0.046062 0.015675 2.252249
 14 17.182070 0.000099 0.000206 -0.000001 -0.000007 -2.213134
 15 16.782906 0.000656 -0.000113 0.162649 -0.073939 0.218629
 16 5.168479 5.004167 -0.000064 0.158957 -0.099150 1.436913
 17 -2.298946 1.168630 2.934213 -0.747678 -1.122048 3.059129
 18 5.760273 0.000016 0.000006 0.545346 0.580185 -0.070364
time 148
  0 0.009547 -0.009547 -3.927965 0.014152 0.130055 -1.742724
  1 0.000000 0.000000 0.000000 -1.570796 -1.570796 0.000000
  2 4.484989 -0.004008 0.000006 0.206742 -0.057937 0.215175
  3 5.037136 -0.005101 -0.000238 0.016236 -0.000524 0.322319
  4 6.388059 -0.005253 -0.000001 0.031963 0.006814 0.063434
  5 6.146608 1.394838 0.000001 -0.092465 0.132197 0.756919
  6 -1.611421 1.860071 -3.024047 -0.537827 1.225188 1.869562
  7 5.760270 -0.000012 -0.000009 0.533758 -0.607644 -0.527102
  8 10.965153 0.000065 -0.000006 0.000013 0.000002 -0.595631
  9 0.000007 -0.000004 -4.044200 0.155524 2.756276 0.047137
 10 -0.000007 0.000007 4.044200 -0.133573 -3.014247 -0.531169
 11 17.182070 0.000091 0.000546 0.000004 -0.000009 -1.359172
 12 16.782913 0.000650 -0.000234 -0.231403 -0.163822 0.267680
 13 5.168527 5.004116 -0.000135 -0.046062 0.015675 2.252249
 14 17.182070 0.000099 0.000206 -0.000001 -0.000007 -2.213134
 15 16.782906 0.000656 -0.000113 0.162649 -0.073939 0.218629
 16 5.168479 5.004167 -0.000064 0.158957 -0.099150 1.436913
 17 -2.380980 1.328791 2.797490 -0.625259 -1.083541 2.952016
 18 5.760273 0.000016 0.000006 0.565300 0.579650 -0.045267
time 149
  0 0.009547 -0.009547 -3.927965 0.014152 0.130055 -1.742724
  1 0.000000 0.000000 0.000000 -1.570796 -1.570796 0.000000
  2 4.484989 -0.004008 0.000006 0.197643 -0.069172 0.204953
  3 5.037136 -0.005101 -0.000238 0.015623 -0.002367 0.322561
  4 6.388059 -0.005253 -0.000001 0.031591 0.002931 0.063944
  5 6.146608 1.394838 0.000001 -0.041475 0.148779 0.750210
  6 -1.568451 1.688191 -3.152957 -0.560019 1.281616 1.853156
  7 5.760270 -0.000012 -0.000009 0.555609 -0.578845 -0.556718
  8 10.965153 0.000065 -0.000006 0.000013 0.000002 -0.644726
  9 0.000007 -0.000004 -4.044200 0.155524 2.756276 0.047137
 10 -0.000007 0.000007 4.044200 -0.133573 -3.014247 -0.531169
 11 17.182070 0.000091 0.000546 0.000004 -0.000009 -1.359172
 12 16.782913 0.000650 -0.000234 -0.231403 -0.163822 0.267680
 13 5.168527 5.004116 -0.000135 -0.046062 0.015675 2.252249
 14 17.182070 0.000099 0.000206 -0.000001 -0.000007 -2.213134
 15 16.782906 0.000656 -0.000113 0.162649 -0.073939 0.218629
 16 5.168479 5.004167 -0.000064 0.158957 -0.099150 1.436913
 17 -2.427856 1.445982 2.692018 -0.530886 -1.052358 2.874314
 18 5.760273 0.000016 0.000006 0.581454 0.577607 -0.016084
time 150
  0 0.009547 -0.009547 -3.927965 0.014152 0.130055 -1.742724
  1 0.000000 0.000000 0.000000 -1.570796 -1.570796 0.000000
  2 4.484989 -0.004008 0.000006 0.183344 -0.082038 0.192225
  3 5.037136 -0.005101 -0.000238 0.014603 -0.004474 0.323195
  4 6.388059 -0.005253 -0.000001 0.030633 -0.001656 0.065123
  5 6.146608 1.394838 0.000001 -0.006806 0.151945 0.740683
  6 -1.568451 1.563187 -3.215459 -0.549161 1.318400 1.872900
  7 5.760270 -0.000012 -0.000009 0.569427 -0.557796 -0.587201
  8 10.965153 0.000065 -0.000006 0.000013 0.000002 -0.694996
  9 0.000007 -0.000004 -4.044200 0.155524 2.756276 0.047137
 10 -0.000007 0.000007 4.044200 -0.133573 -3.014247 -0.531169
 11 17.182070 0.000091 0.000546 0.000004 -0.000009 -1.359172
 12 16.782913 0.000650 -0.000234 -0.231403 -0.163822 0.267680
 13 5.168527 5.004116 -0.000135 -0.046062 0.015675 2.252249
 14 17.182070 0.000099 0.000206 -0.000001 -0.000007 -2.213134
 15 16.782906 0.000656 -0.000113 0.162649 -0.073939 0.218629
 16 5.168479 5.004167 -0.000064 0.158957 -0.099150 1.436913
 17 -2.447388 1.520203 2.629516 -0.465756 -1.037176 2.827161
 18 5.760273 0.000016 0.000006 0.588376 0.570604 0.013144
time 151
  0 0.009547 -0.009547 -3.927965 0.014152 0.130055 -1.742724
  1 0.000000 0.000000 0.000000 -1.570796 -1.570796 0.000000
  2 4.484989 -0.004008 0.000006 0.164659 -0.095847 0.177315
  3 5.037136 -0.005101 -0.000238 0.013072 -0.006874 0.324071
  4 6.388059 -0.005253 -0.000001 0.028895 -0.007004 0.066812
  5 6.146608 1.394838 0.000001 0.014064 0.143911 0.728297
  6 -1.619234 1.469434 -3.238897 -0.494205 1.338150 1.938523
  7 5.760270 -0.000012 -0.000009 0.573375 -0.548432 -0.617072
  8 10.965153 0.000065 -0.000006 0.000013 0.000002 -0.738705
  9 0.000007 -0.000004 -4.044200 0.155524 2.756276 0.047137
 10 -0.000007 0.000007 4.044200 -0.133573 -3.014247 -0.531169
 11 17.182070 0.000091 0.000546 0.000004 -0.000009 -1.359172
 12 16.782913 0.000650 -0.000234 -0.231403 -0.163822 0.267680
 13 5.168527 5.004116 -0.000135 -0.046062 0.015675 2.252249
 14 17.182070 0.000099 0.000206 -0.000001 -0.000007 -2.213134
 15 16.782906 0.000656 -0.000113 0.162649 -0.073939 0.218629
 16 5.168479 5.004167 -0.000064 0.158957 -0.099150 1.436913
 17 -2.447388 1.551454 2.609984 -0.415755 -1.039785 2.796801
 18 5.760273 0.000016 0.000006 0.582064 0.568999 0.037298
time 152
  0 0.009547 -0.009547 -3.927965 0.014152 0.130055 -1.742724
  1 0.000000 0.000000 0.000000 -1.570796 -1.570796 0.000000
  2 4.484989 -0.004008 0.000006 0.142333 -0.109832 0.160744
  3 5.037136 -0.005101 -0.000238 0.011270 -0.009391 0.325099
  4 6.388059 -0.005253 -0.000001 0.026510 -0.012752 0.068835
  5 6.146608 1.394838 0.000001 0.029664 0.130238 0.714165
  6 -1.681736 1.391307 -3.238897 -0.401818 1.348407 2.042300
  7 5.760270 -0.000012 -0.000009 0.565683 -0.554649 -0.643884
  8 10.965153 0.000065 -0.000006 0.000013 0.000002 -0.767555
  9 0.000007 -0.000004 -4.044200 0.155524 2.756276 0.047137
 10 -0.000007 0.000007 4.044200 -0.133573 -3.014247 -0.531169
 11 17.182070 0.000091 0.000546 0.000004 -0.000009 -1.359172
 12 16.782913 0.000650 -0.000234 -0.231403 -0.163822 0.267680
 13 5.168527 5.004116 -0.000135 -0.046062 0.015675 2.252249
 14 17.182070 0.000099 0.000206 -0.000001 -0.000007 -2.213134
 15 16.782906 0.000656 -0.000113 0.162649 -0.073939 0.218629
 16 5.168479 5.004167 -0.000064 0.158957 -0.099150 1.436913
 17 -2.439576 1.563173 2.617797 -0.365201 -1.053899 2.766915
 18 5.760273 0.000016 0.000006 0.563196 0.579066 0.054269
time 153
  0 0.009547 -0.009547 -3.927965 0.014152 0.130055 -1.742724
  1 0.000000 0.000000 0.000000 -1.570796 -1.570796 0.000000
  2 4.484989 -0.004008 0.000006 0.117148 -0.123289 0.143067
  3 5.037136 -0.005101 -0.000238 0.009093 -0.011893 0.326156
  4 6.388059 -0.005253 -0.000001 0.023550 -0.018671 0.070929
  5 6.146608 1.394838 0.000001 0.040999 0.111875 0.698524
  6 -1.759863 1.328805 -3.215459 -0.274000 1.347959 2.181272
  7 5.760270 -0.000012 -0.000009 0.543084 -0.567042 -0.667944
  8 10.965153 0.000065 -0.000006 0.000013 0.000002 -0.800119
  9 0.000007 -0.000004 -4.044200 0.155524 2.756276 0.047137
 10 -0.000007 0.000007 4.044200 -0.133573 -3.014247 -0.531169
 11 17.182070 0.000091 0.000546 0.000004 -0.000009 -1.359172
 12 16.782913 0.000650 -0.000234 -0.231403 -0.163822 0.267680
 13 5.168527 5.004116 -0.000135 -0.046062 0.015675 2.252249
 14 17.182070 0.000099 0.000206 -0.000001 -0.000007 -2.213134
 15 16.782906 0.000656 -0.000113 0.162649 -0.073939 0.218629
 16 5.168479 5.004167 -0.000064 0.158957 -0.099150 1.436913
 17 -2.408325 1.563173 2.641235 -0.312986 -1.075902 2.736176
 18 5.760273 0.000016 0.000006 0.536455 0.595017 0.067738
time 154
  0 0.009547 -0.009547 -3.927965 0.014152 0.130055 -1.742724
  1 0.000000 0.000000 0.000000 -1.570796 -1.570796 0.000000
  2 4.484989 -0.004008 0.000006 0.089785 -0.135468 0.124739
  3 5.037136 -0.005101 -0.000238 0.006712 -0.014292 0.327184
  4 6.388059 -0.005253 -0.000001 0.019990 -0.024495 0.072917
  5 6.146608 1.394838 0.000001 0.049169 0.089812 0.681931
  6 -1.853616 1.274116 -3.195927 -0.128180 1.335856 2.338368
  7 5.760270 -0.000012 -0.000009 0.504760 -0.574753 -0.689710
  8 10.965153 0.000065 -0.000006 0.000013 0.000002 -0.854105
  9 0.000007 -0.000004 -4.044200 0.155524 2.756276 0.047137
 10 -0.000007 0.000007 4.044200 -0.133573 -3.014247 -0.531169
 11 17.182070 0.000091 0.000546 0.000004 -0.000009 -1.359172
 12 16.782913 0.000650 -0.000234 -0.231403 -0.163822 0.267680
 13 5.168527 5.004116 -0.000135 -0.046062 0.015675 2.252249
 14 17.182070 0.000099 0.000206 -0.000001 -0.000007 -2.213134
 15 16.782906 0.000656 -0.000113 0.162649 -0.073939 0.218629
 16 5.168479 5.004167 -0.000064 0.158957 -0.099150 1.436913
 17 -2.377074 1.551454 2.680299 -0.259203 -1.102276 2.704013
 18 5.760273 0.000016 0.000006 0.507610 0.611260 0.081162
time 155
  0 0.009547 -0.009547 -3.927965 0.014152 0.130055 -1.742724
  1 0.000000 0.000000 0.000000 -1.570796 -1.570796 0.000000
  2 4.484989 -0.004008 0.000006 0.060928 -0.145569 0.105890
  3 5.037136 -0.005101 -0.000238 0.004144 -0.016531 0.328030
  4 6.388059 -0.005253 -0.000001 0.016059 -0.029976 0.074606
  5 6.146608 1.394838 0.000001 0.055197 0.065059 0.664385
  6 -1.959088 1.219426 -3.152957 0.011067 1.312863 2.488691
  7 5.760270 -0.000012 -0.000009 0.453503 -0.579278 -0.707500
  8 10.965153 0.000065 -0.000006 0.000013 0.000002 -0.922205
  9 0.000007 -0.000004 -4.044200 0.155524 2.756276 0.047137
 10 -0.000007 0.000007 4.044200 -0.133573 -3.014247 -0.531169
 11 17.182070 0.000091 0.000546 0.000004 -0.000009 -1.359172
 12 16.782913 0.000650 -0.000234 -0.231403 -0.163822 0.267680
 13 5.168527 5.004116 -0.000135 -0.046062 0.015675 2.252249
 14 17.182070 0.000099 0.000206 -0.000001 -0.000007 -2.213134
 15 16.782906 0.000656 -0.000113 0.162649 -0.073939 0.218629
 16 5.168479 5.004167 -0.000064 0.158957 -0.099150 1.436913
 17 -2.334104 1.531922 2.727175 -0.202560 -1.132704 2.669384
 18 5.760273 0.000016 0.000006 0.480733 0.630956 0.097594
time 156
  0 0.009547 -0.009547 -3.927965 0.014152 0.130055 -1.742724
  1 0.000000 0.000000 0.000000 -1.570796 -1.570796 0.000000
  2 4.484989 -0.004008 0.000006 0.031226 -0.152697 0.086911
  3 5.037136 -0.005101 -0.000238 0.001509 -0.018448 0.328604
  4 6.388059 -0.005253 -0.000001 0.011841 -0.035134 0.075767
  5 6.146608 1.394838 0.000001 0.060144 0.038623 0.646600
  6 -2.064560 1.168644 -3.109987 0.129647 1.281379 2.618125
  7 5.760270 -0.000012 -0.000009 0.390673 -0.582032 -0.719734
  8 10.965153 0.000065 -0.000006 0.000013 0.000002 -0.996435
  9 0.000007 -0.000004 -4.044200 0.155524 2.756276 0.047137
 10 -0.000007 0.000007 4.044200 -0.133573 -3.014247 -0.531169
 11 17.182070 0.000091 0.000546 0.000004 -0.000009 -1.359172
 12 16.782913 0.000650 -0.000234 -0.231403 -0.163822 0.267680
 13 5.168527 5.004116 -0.000135 -0.046062 0.015675 2.252249
 14 17.182070 0.000099 0.000206 -0.000001 -0.000007 -2.213134
 15 16.782906 0.000656 -0.000113 0.162649 -0.073939 0.218629
 16 5.168479 5.004167 -0.000064 0.158957 -0.099150 1.436913
 17 -2.279414 1.508484 2.785771 -0.138999 -1.166778 2.627924
 18 5.760273 0.000016 0.000006 0.455146 0.658432 0.114924
time 157
  0 0.009547 -0.009547 -3.927965 0.014152 0.130055 -1.742724
  1 0.000000 0.000000 0.000000 -1.570796 -1.570796 0.000000
  2 4.484989 -0.004008 0.000006 0.001231 -0.155973 0.067965
  3 5.037136 -0.005101 -0.000238 -0.001127 -0.019984 0.328816
  4 6.388059 -0.005253 -0.000001 0.007239 -0.039340 0.076172
  5 6.146608 1.394838 0.000001 0.064940 0.011534 0.628339
  6 -2.170032 1.113954 -3.055298 0.225558 1.244358 2.724668
  7 5.760270 -0.000012 -0.000009 0.318178 -0.584038 -0.724271
  8 10.965153 0.000065 -0.000006 0.000013 0.000002 -1.069179
  9 0.000007 -0.000004 -4.044200 0.155524 2.756276 0.047137
 10 -0.000007 0.000007 4.044200 -0.133573 -3.014247 -0.531169
 11 17.182070 0.000091 0.000546 0.000004 -0.000009 -1.359172
 12 16.782913 0.000650 -0.000234 -0.231403 -0.163822 0.267680
 13 5.168527 5.004116 -0.000135 -0.046062 0.015675 2.252249
 14 17.182070 0.000099 0.000206 -0.000001 -0.000007 -2.213134
 15 16.782906 0.000656 -0.000113 0.162649 -0.073939 0.218629
 16 5.168479 5.004167 -0.000064 0.158957 -0.099150 1.436913
 17 -2.228631 1.488952 2.840460 -0.065289 -1.200822 2.576027
 18 5.760273 0.000016 0.000006 0.429966 0.690334 0.131267
time 158
  0 0.009547 -0.009547 -3.927965 0.014152 0.130055 -1.742724
  1 0.000000 0.000000 0.000000 -1.570796 -1.570796 0.000000
  2 4.484989 -0.004008 0.000006 -0.028244 -0.154615 0.049213
  3 5.037136 -0.005101 -0.000238 -0.003899 -0.021037 0.328544
  4 6.388059 -0.005253 -0.000001 0.002409 -0.042728 0.075644
  5 6.146608 1.394838 0.000001 0.070550 -0.015040 0.609959
  6 -2.259879 1.063172 -2.992796 0.301563 1.205201 2.810798
  7 5.760270 -0.000012 -0.000009 0.237718 -0.586084 -0.719785
  8 10.965153 0.000065 -0.000006 0.000013 0.000002 -1.132575
  9 0.000007 -0.000004 -4.044200 0.155524 2.756276 0.047137
 10 -0.000007 0.000007 4.044200 -0.133573 -3.014247 -0.531169
 11 17.182070 0.000091 0.000546 0.000004 -0.000009 -1.359172
 12 16.782913 0.000650 -0.000234 -0.231403 -0.163822 0.267680
 13 5.168527 5.004116 -0.000135 -0.046062 0.015675 2.252249
 14 17.182070 0.000099 0.000206 -0.000001 -0.000007 -2.213134
 15 16.782906 0.000656 -0.000113 0.162649 -0.073939 0.218629
 16 5.168479 5.004167 -0.000064 0.158957 -0.099150 1.436913
 17 -2.173943 1.465514 2.891243 0.022073 -1.230935 2.510374
 18 5.760273 0.000016 0.000006 0.404785 0.723112 0.144331
time 159
  0 0.009547 -0.009547 -3.927965 0.014152 0.130055 -1.742724
  1 0.000000 0.000000 0.000000 -1.570796 -1.570796 0.000000
  2 4.484989 -0.004008 0.000006 -0.056841 -0.147599 0.030820
  3 5.037136 -0.005101 -0.000238 -0.006586 -0.021432 0.327667
  4 6.388059 -0.005253 -0.000001 -0.002577 -0.044802 0.073955
  5 6.146608 1.394838 0.000001 0.077791 -0.040071 0.591738
  6 -2.353631 1.000670 -2.953732 0.362329 1.166730 2.882049
  7 5.760270 -0.000012 -0.000009 0.150656 -0.588366 -0.702301
  8 10.965153 0.000065 -0.000006 0.000013 0.000002 -1.178883
  9 0.000007 -0.000004 -4.044200 0.155524 2.756276 0.047137
 10 -0.000007 0.000007 4.044200 -0.133573 -3.014247 -0.531169
 11 17.182070 0.000091 0.000546 0.000004 -0.000009 -1.359172
 12 16.782913 0.000650 -0.000234 -0.231403 -0.163822 0.267680
 13 5.168527 5.004116 -0.000135 -0.046062 0.015675 2.252249
 14 17.182070 0.000099 0.000206 -0.000001 -0.000007 -2.213134
 15 16.782906 0.000656 -0.000113 0.162649 -0.073939 0.218629
 16 5.168479 5.004167 -0.000064 0.158957 -0.099150 1.436913
 17 -2.127066 1.453795 2.938119 0.121152 -1.253159 2.432672
 18 5.760273 0.000016 0.000006 0.377976 0.753263 0.151739
time 160
  0 0.009547 -0.009547 -3.927965 0.014152 0.130055 -1.742724
  1 0.000000 0.000000 0.000000 -1.570796 -1.570796 0.000000
  2 4.484989 -0.004008 0.000006 -0.083944 -0.133918 0.012720
  3 5.037136 -0.005101 -0.000238 -0.009120 -0.021198 0.326096
  4 6.388059 -0.005253 -0.000001 -0.007562 -0.045583 0.070876
  5 6.146608 1.394838 0.000001 0.087534 -0.062391 0.573875
  6 -2.439571 0.938168 -2.902949 0.413475 1.131871 2.942712
  7 5.760270 -0.000012 -0.000009 0.058216 -0.590569 -0.669881
  8 10.965153 0.000065 -0.000006 0.000013 0.000002 -1.200304
  9 0.000007 -0.000004 -4.044200 0.155524 2.756276 0.047137
 10 -0.000007 0.000007 4.044200 -0.133573 -3.014247 -0.531169
 11 17.182070 0.000091 0.000546 0.000004 -0.000009 -1.359172
 12 16.782913 0.000650 -0.000234 -0.231403 -0.163822 0.267680
 13 5.168527 5.004116 -0.000135 -0.046062 0.015675 2.252249
 14 17.182070 0.000099 0.000206 -0.000001 -0.000007 -2.213134
 15 16.782906 0.000656 -0.000113 0.162649 -0.073939 0.218629
 16 5.168479 5.004167 -0.000064 0.158957 -0.099150 1.436913
 17 -2.080190 1.445982 2.973277 0.224936 -1.263941 2.349751
 18 5.760273 0.000016 0.000006 0.348520 0.777141 0.151605
end
