version 1
nodes
  0 "Bip01"  -1
  1 "Bip01 Pelvis"   0
  2 "Bip01 Spine"   1
  3 "Bip01 Spine1"   2
  4 "Bip01 Spine2"   3
  5 "Bip01 Neck"   4
  6 "Bip01 R Clavicle"   5
  7 "Bip01 R UpperArm"   6
  8 "Bip01 R Forearm"   7
  9 "Bip01 R Thigh"   1
 10 "Bip01 L Thigh"   1
 11 "Bip01 L Calf"  10
 12 "Bip01 L Foot"  11
 13 "Bip01 L Toe0"  12
 14 "Bip01 R Calf"   9
 15 "Bip01 R Foot"  14
 16 "Bip01 R Toe0"  15
 17 "Bip01 L Clavicle"   5
 18 "Bip01 L UpperArm"  17
end
skeleton
time 0
  0 0.009547 -0.009547 -3.927965 0.014152 0.130055 -1.742724
  1 0.000000 0.000000 0.000000 -3.141168 -1.552805 1.570704
  2 4.484989 -0.004008 -0.070309 -0.083066 -0.011444 0.003963
  3 5.037136 -0.005101 -0.000238 -0.009120 -0.021198 0.326096
  4 6.388059 -0.005253 -0.000001 -0.007562 -0.045583 0.070876
  5 6.146608 1.394838 0.000001 -0.000001 -0.000002 0.650292
  6 -2.170032 1.352243 -2.953732 0.163173 1.164647 2.640540
  7 5.760270 -0.000012 -0.000009 0.010566 -0.500748 -0.609629
  8 10.965153 0.000065 -0.000006 0.000013 0.000002 -1.200304
  9 0.000007 -0.000004 -4.044200 0.154766 2.774046 0.047041
 10 -0.000007 0.000007 4.044200 -0.123988 -2.998721 -0.532411
 11 17.182070 0.000091 0.000546 0.000004 -0.000009 -1.359172
 12 16.782913 0.000650 -0.000234 -0.231403 -0.163822 0.267680
 13 5.168527 5.004116 -0.000135 -0.046062 0.015675 2.252249
 14 17.182070 0.000099 0.000206 -0.000001 -0.000007 -2.213134
 15 16.782906 0.000656 -0.000113 0.162649 -0.073939 0.218629
 16 5.168479 5.004167 -0.000064 0.158957 -0.099150 1.436913
 17 -2.170036 1.352229 2.953745 -0.132357 -1.264036 2.616729
 18 5.760273 0.000016 0.000006 0.393790 0.870172 0.147788
time 1
  0 -0.025610 -3.983891 -4.978778 0.014152 0.130055 -1.740471
  1 0.000000 0.000000 0.000000 -3.141168 -1.552805 1.570704
  2 4.484989 -0.004008 -0.070309 -0.083066 -0.011444 0.003963
  3 5.037136 -0.005101 -0.000238 -0.009120 -0.021198 0.326096
  4 6.388059 -0.005253 -0.000001 -0.007562 -0.045583 0.070876
  5 6.146608 1.394838 0.000001 -0.000001 -0.000002 0.650292
  6 -2.170032 1.352243 -2.953732 0.163173 1.164647 2.640540
  7 5.760270 -0.000012 -0.000009 0.010566 -0.500748 -0.609629
  8 10.965153 0.000065 -0.000006 0.000013 0.000002 -1.200304
  9 0.000007 -0.000004 -4.044200 0.119095 2.766021 -0.075728
 10 -0.000007 0.000007 4.044200 -0.142774 -3.009470 -0.431286
 11 17.182070 0.000091 0.000546 0.000004 -0.000009 -1.281591
 12 16.782913 0.000650 -0.000234 -0.236357 -0.118921 0.276646
 13 5.168527 5.004116 -0.000135 -0.049704 0.021440 2.220200
 14 17.182070 0.000099 0.000206 -0.000001 -0.000007 -2.296669
 15 16.782906 0.000656 -0.000113 0.119028 -0.037609 0.239629
 16 5.168479 5.004167 -0.000064 0.156405 -0.099545 1.445592
 17 -2.170036 1.352229 2.953745 -0.132357 -1.264036 2.616729
 18 5.760273 0.000016 0.000006 0.393790 0.870172 0.147788
time 2
  0 -0.072486 -7.946515 -5.877243 0.013674 0.130203 -1.735026
  1 0.000000 0.000000 0.000000 -3.141168 -1.552805 1.570704
  2 4.484989 -0.004008 -0.070309 -0.083066 -0.011444 0.003963
  3 5.037136 -0.005101 -0.000238 -0.009120 -0.021198 0.326096
  4 6.388059 -0.005253 -0.000001 -0.007562 -0.045583 0.070876
  5 6.146608 1.394838 0.000001 -0.000001 -0.000002 0.650292
  6 -2.170032 1.352243 -2.953732 0.163173 1.164647 2.640540
  7 5.760270 -0.000012 -0.000009 0.010566 -0.500748 -0.609629
  8 10.965153 0.000065 -0.000006 0.000013 0.000002 -1.200304
  9 0.000007 -0.000004 -4.044200 0.081148 2.777007 -0.221235
 10 -0.000007 0.000007 4.044200 -0.162039 -3.022882 -0.327199
 11 17.182070 0.000091 0.000546 0.000004 -0.000009 -1.202289
 12 16.782913 0.000650 -0.000234 -0.245750 -0.069460 0.294885
 13 5.168527 5.004116 -0.000135 -0.060510 0.036688 2.132537
 14 17.182070 0.000099 0.000206 -0.000001 -0.000007 -2.310786
 15 16.782906 0.000656 -0.000113 0.075700 0.029499 0.231914
 16 5.168479 5.004167 -0.000064 0.149391 -0.100516 1.469323
 17 -2.170036 1.352229 2.953745 -0.132357 -1.264036 2.616729
 18 5.760273 0.000016 0.000006 0.393790 0.870172 0.147788
time 3
  0 -0.115456 -11.913046 -6.459292 0.012909 0.130302 -1.725636
  1 0.000000 0.000000 0.000000 -3.141168 -1.552805 1.570704
  2 4.484989 -0.004008 -0.070309 -0.083066 -0.011444 0.003963
  3 5.037136 -0.005101 -0.000238 -0.009120 -0.021198 0.326096
  4 6.388059 -0.005253 -0.000001 -0.007562 -0.045583 0.070876
  5 6.146608 1.394838 0.000001 -0.000001 -0.000002 0.650292
  6 -2.170032 1.352243 -2.953732 0.163173 1.164647 2.640540
  7 5.760270 -0.000012 -0.000009 0.010566 -0.500748 -0.609629
  8 10.965153 0.000065 -0.000006 0.000013 0.000002 -1.200304
  9 0.000007 -0.000004 -4.044200 0.049178 2.803853 -0.369322
 10 -0.000007 0.000007 4.044200 -0.179961 -3.038225 -0.223876
 11 17.182070 0.000091 0.000546 0.000004 -0.000009 -1.123059
 12 16.782913 0.000650 -0.000234 -0.255094 -0.020592 0.312987
 13 5.168527 5.004116 -0.000135 -0.077365 0.055850 2.012434
 14 17.182070 0.000099 0.000206 -0.000001 -0.000007 -2.266860
 15 16.782906 0.000656 -0.000113 0.047628 0.116510 0.207678
 16 5.168479 5.004167 -0.000064 0.139788 -0.101487 1.501754
 17 -2.170036 1.352229 2.953745 -0.132357 -1.264036 2.616729
 18 5.760273 0.000016 0.000006 0.393790 0.870172 0.147788
time 4
  0 -0.150614 -15.887389 -6.541326 0.011857 0.130549 -1.713712
  1 0.000000 0.000000 0.000000 -3.141168 -1.552805 1.570704
  2 4.484989 -0.004008 -0.070309 -0.083066 -0.011444 0.003963
  3 5.037136 -0.005101 -0.000238 -0.009120 -0.021198 0.326096
  4 6.388059 -0.005253 -0.000001 -0.007562 -0.045583 0.070876
  5 6.146608 1.394838 0.000001 -0.000001 -0.000002 0.650292
  6 -2.170032 1.352243 -2.953732 0.163173 1.164647 2.640540
  7 5.760270 -0.000012 -0.000009 0.010566 -0.500748 -0.609629
  8 10.965153 0.000065 -0.000006 0.000013 0.000002 -1.200304
  9 0.000007 -0.000004 -4.044200 0.029446 2.839775 -0.504893
 10 -0.000007 0.000007 4.044200 -0.194338 -3.053934 -0.123993
 11 17.182070 0.000091 0.000546 0.000004 -0.000009 -1.045191
 12 16.782913 0.000650 -0.000234 -0.260857 0.022679 0.321749
 13 5.168527 5.004116 -0.000135 -0.096386 0.072806 1.891874
 14 17.182070 0.000099 0.000206 -0.000001 -0.000007 -2.177019
 15 16.782906 0.000656 -0.000113 0.045904 0.206543 0.181221
 16 5.168479 5.004167 -0.000064 0.130149 -0.102254 1.534184
 17 -2.170036 1.352229 2.953745 -0.132357 -1.264036 2.616729
 18 5.760273 0.000016 0.000006 0.393790 0.870172 0.147788
time 5
  0 -0.193584 -19.853920 -5.974902 0.010614 0.130944 -1.698690
  1 0.000000 0.000000 0.000000 -3.141168 -1.552805 1.570704
  2 4.484989 -0.004008 -0.070309 -0.083066 -0.011444 0.003963
  3 5.037136 -0.005101 -0.000238 -0.009120 -0.021198 0.326096
  4 6.388059 -0.005253 -0.000001 -0.007562 -0.045583 0.070876
  5 6.146608 1.394838 0.000001 -0.000001 -0.000002 0.650292
  6 -2.170032 1.352243 -2.953732 0.163173 1.164647 2.640540
  7 5.760270 -0.000012 -0.000009 0.010566 -0.500748 -0.609629
  8 10.965153 0.000065 -0.000006 0.000013 0.000002 -1.200304
  9 0.000007 -0.000004 -4.044200 0.023374 2.877512 -0.612472
 10 -0.000007 0.000007 4.044200 -0.203731 -3.068817 -0.029942
 11 17.182070 0.000091 0.000546 0.000004 -0.000009 -0.970908
 12 16.782913 0.000650 -0.000234 -0.260244 0.055572 0.312715
 13 5.168527 5.004116 -0.000135 -0.111566 0.083766 1.803363
 14 17.182070 0.000099 0.000206 -0.000001 -0.000007 -2.052435
 15 16.782906 0.000656 -0.000113 0.073228 0.278832 0.164888
 16 5.168479 5.004167 -0.000064 0.123085 -0.102577 1.557935
 17 -2.170036 1.352229 2.953745 -0.132357 -1.264036 2.616729
 18 5.760273 0.000016 0.000006 0.393790 0.870172 0.147788
time 6
  0 -0.236554 -23.820450 -4.861587 0.009371 0.131290 -1.682072
  1 0.000000 0.000000 0.000000 -3.141168 -1.552805 1.570704
  2 4.484989 -0.004008 -0.070309 -0.083066 -0.011444 0.003963
  3 5.037136 -0.005101 -0.000238 -0.009120 -0.021198 0.326096
  4 6.388059 -0.005253 -0.000001 -0.007562 -0.045583 0.070876
  5 6.146608 1.394838 0.000001 -0.000001 -0.000002 0.650292
  6 -2.170032 1.352243 -2.953732 0.163173 1.164647 2.640540
  7 5.760270 -0.000012 -0.000009 0.010566 -0.500748 -0.609629
  8 10.965153 0.000065 -0.000006 0.000013 0.000002 -1.200304
  9 0.000007 -0.000004 -4.044200 0.030205 2.908179 -0.678681
 10 -0.000007 0.000007 4.044200 -0.207948 -3.080668 0.054074
 11 17.182070 0.000091 0.000546 0.000004 -0.000009 -0.901358
 12 16.782913 0.000650 -0.000234 -0.250189 0.073955 0.276680
 13 5.168527 5.004116 -0.000135 -0.117388 0.087431 1.770889
 14 17.182070 0.000099 0.000206 -0.000001 -0.000007 -1.904963
 15 16.782906 0.000656 -0.000113 0.120394 0.315080 0.163571
 16 5.168479 5.004167 -0.000064 0.120496 -0.102733 1.566614
 17 -2.170036 1.352229 2.953745 -0.132357 -1.264036 2.616729
 18 5.760273 0.000016 0.000006 0.393790 0.870172 0.147788
time 7
  0 -0.279524 -27.786982 -3.381073 0.007841 0.131784 -1.662824
  1 0.000000 0.000000 0.000000 -3.141168 -1.552805 1.570704
  2 4.484989 -0.004008 -0.070309 -0.083066 -0.011444 0.003963
  3 5.037136 -0.005101 -0.000238 -0.009120 -0.021198 0.326096
  4 6.388059 -0.005253 -0.000001 -0.007562 -0.045583 0.070876
  5 6.146608 1.394838 0.000001 -0.000001 -0.000002 0.650292
  6 -2.170032 1.352243 -2.953732 0.163173 1.164647 2.640540
  7 5.760270 -0.000012 -0.000009 0.010566 -0.500748 -0.609629
  8 10.965153 0.000065 -0.000006 0.000013 0.000002 -1.200304
  9 0.000007 -0.000004 -4.044200 0.048419 2.933400 -0.707247
 10 -0.000007 0.000007 4.044200 -0.205169 -3.090131 0.135700
 11 17.182070 0.000091 0.000546 0.000004 -0.000009 -0.820551
 12 16.782913 0.000650 -0.000234 -0.222182 0.072139 0.193097
 13 5.168527 5.004116 -0.000135 -0.116258 0.085225 1.746183
 14 17.182070 0.000099 0.000206 -0.000001 -0.000007 -1.724186
 15 16.782906 0.000656 -0.000113 0.175709 0.313867 0.166469
 16 5.168479 5.004167 -0.000064 0.119387 -0.102757 1.570316
 17 -2.170036 1.352229 2.953745 -0.132357 -1.264036 2.616729
 18 5.760273 0.000016 0.000006 0.393790 0.870172 0.147788
time 8
  0 -0.326400 -31.749605 -1.740398 0.006120 0.132229 -1.642356
  1 0.000000 0.000000 0.000000 -3.141168 -1.552805 1.570704
  2 4.484989 -0.004008 -0.070309 -0.083066 -0.011444 0.003963
  3 5.037136 -0.005101 -0.000238 -0.009120 -0.021198 0.326096
  4 6.388059 -0.005253 -0.000001 -0.007562 -0.045583 0.070876
  5 6.146608 1.394838 0.000001 -0.000001 -0.000002 0.650292
  6 -2.170032 1.352243 -2.953732 0.163173 1.164647 2.640540
  7 5.760270 -0.000012 -0.000009 0.010566 -0.500748 -0.609629
  8 10.965153 0.000065 -0.000006 0.000013 0.000002 -1.200304
  9 0.000007 -0.000004 -4.044200 0.074223 2.958335 -0.714317
 10 -0.000007 0.000007 4.044200 -0.197405 -3.097848 0.218187
 11 17.182070 0.000091 0.000546 0.000004 -0.000009 -0.723969
 12 16.782913 0.000650 -0.000234 -0.174899 0.055776 0.064818
 13 5.168527 5.004116 -0.000135 -0.112962 0.079496 1.678658
 14 17.182070 0.000099 0.000206 -0.000001 -0.000007 -1.501470
 15 16.782906 0.000656 -0.000113 0.229267 0.281361 0.161840
 16 5.168479 5.004167 -0.000064 0.116243 -0.102829 1.580837
 17 -2.170036 1.352229 2.953745 -0.132357 -1.264036 2.616729
 18 5.760273 0.000016 0.000006 0.393790 0.870172 0.147788
time 9
  0 -0.361558 -35.723949 -0.142693 0.004399 0.132822 -1.620855
  1 0.000000 0.000000 0.000000 -3.141168 -1.552805 1.570704
  2 4.484989 -0.004008 -0.070309 -0.083066 -0.011444 0.003963
  3 5.037136 -0.005101 -0.000238 -0.009120 -0.021198 0.326096
  4 6.388059 -0.005253 -0.000001 -0.007562 -0.045583 0.070876
  5 6.146608 1.394838 0.000001 -0.000001 -0.000002 0.650292
  6 -2.170032 1.352243 -2.953732 0.163173 1.164647 2.640540
  7 5.760270 -0.000012 -0.000009 0.010566 -0.500748 -0.609629
  8 10.965153 0.000065 -0.000006 0.000013 0.000002 -1.200304
  9 0.000007 -0.000004 -4.044200 0.105340 2.983175 -0.704477
 10 -0.000007 0.000007 4.044200 -0.186766 -3.102166 0.294365
 11 17.182070 0.000091 0.000546 0.000004 -0.000009 -0.630685
 12 16.782913 0.000650 -0.000234 -0.116409 0.037393 -0.081733
 13 5.168527 5.004116 -0.000135 -0.107831 0.072041 1.586459
 14 17.182070 0.000099 0.000206 -0.000001 -0.000007 -1.250109
 15 16.782906 0.000656 -0.000113 0.267228 0.222498 0.147539
 16 5.168479 5.004167 -0.000064 0.111535 -0.102853 1.596617
 17 -2.170036 1.352229 2.953745 -0.132357 -1.264036 2.616729
 18 5.760273 0.000016 0.000006 0.393790 0.870172 0.147788
time 10
  0 -0.404528 -39.690479 1.220630 0.002773 0.133415 -1.598603
  1 0.000000 0.000000 0.000000 -3.141168 -1.552805 1.570704
  2 4.484989 -0.004008 -0.070309 -0.083066 -0.011444 0.003963
  3 5.037136 -0.005101 -0.000238 -0.009120 -0.021198 0.326096
  4 6.388059 -0.005253 -0.000001 -0.007562 -0.045583 0.070876
  5 6.146608 1.394838 0.000001 -0.000001 -0.000002 0.650292
  6 -2.170032 1.352243 -2.953732 0.163173 1.164647 2.640540
  7 5.760270 -0.000012 -0.000009 0.010566 -0.500748 -0.609629
  8 10.965153 0.000065 -0.000006 0.000013 0.000002 -1.200304
  9 0.000007 -0.000004 -4.044200 0.139492 3.008205 -0.683267
 10 -0.000007 0.000007 4.044200 -0.174690 -3.101615 0.357735
 11 17.182070 0.000091 0.000546 0.000004 -0.000009 -0.559629
 12 16.782913 0.000650 -0.000234 -0.057305 0.026404 -0.218809
 13 5.168527 5.004116 -0.000135 -0.102035 0.065102 1.494325
 14 17.182070 0.000099 0.000206 -0.000001 -0.000007 -0.983878
 15 16.782906 0.000656 -0.000113 0.280793 0.147905 0.125825
 16 5.168479 5.004167 -0.000064 0.105975 -0.102793 1.615290
 17 -2.170036 1.352229 2.953745 -0.132357 -1.264036 2.616729
 18 5.760273 0.000016 0.000006 0.393790 0.870172 0.147788
time 11
  0 -0.447498 -43.657009 2.154252 0.000861 0.134255 -1.576257
  1 0.000000 0.000000 0.000000 -3.141168 -1.552805 1.570704
  2 4.484989 -0.004008 -0.070309 -0.083066 -0.011444 0.003963
  3 5.037136 -0.005101 -0.000238 -0.009120 -0.021198 0.326096
  4 6.388059 -0.005253 -0.000001 -0.007562 -0.045583 0.070876
  5 6.146608 1.394838 0.000001 -0.000001 -0.000002 0.650292
  6 -2.170032 1.352243 -2.953732 0.163173 1.164647 2.640540
  7 5.760270 -0.000012 -0.000009 0.010566 -0.500748 -0.609629
  8 10.965153 0.000065 -0.000006 0.000013 0.000002 -1.200304
  9 0.000007 -0.000004 -4.044200 0.173739 3.033331 -0.655273
 10 -0.000007 0.000007 4.044200 -0.164914 -3.095827 0.400938
 11 17.182070 0.000091 0.000546 0.000004 -0.000009 -0.529729
 12 16.782913 0.000650 -0.000234 -0.011003 0.027831 -0.318491
 13 5.168527 5.004116 -0.000135 -0.097383 0.060316 1.426832
 14 17.182070 0.000099 0.000206 -0.000001 -0.000007 -0.716413
 15 16.782906 0.000656 -0.000113 0.267976 0.070866 0.103508
 16 5.168479 5.004167 -0.000064 0.100428 -0.102553 1.633882
 17 -2.170036 1.352229 2.953745 -0.132357 -1.264036 2.616729
 18 5.760273 0.000016 0.000006 0.393790 0.870172 0.147788
time 12
  0 -0.482655 -47.631355 2.439417 -0.000574 0.134848 -1.553348
  1 0.000000 0.000000 0.000000 -3.141168 -1.552805 1.570704
  2 4.484989 -0.004008 -0.070309 -0.083066 -0.011444 0.003963
  3 5.037136 -0.005101 -0.000238 -0.009120 -0.021198 0.326096
  4 6.388059 -0.005253 -0.000001 -0.007562 -0.045583 0.070876
  5 6.146608 1.394838 0.000001 -0.000001 -0.000002 0.650292
  6 -2.170032 1.352243 -2.953732 0.163173 1.164647 2.640540
  7 5.760270 -0.000012 -0.000009 0.010566 -0.500748 -0.609629
  8 10.965153 0.000065 -0.000006 0.000013 0.000002 -1.200304
  9 0.000007 -0.000004 -4.044200 0.207227 3.057788 -0.625656
 10 -0.000007 0.000007 4.044200 -0.158971 -3.083792 0.416517
 11 17.182070 0.000091 0.000546 0.000004 -0.000009 -0.560059
 12 16.782913 0.000650 -0.000234 0.008151 0.042878 -0.353167
 13 5.168527 5.004116 -0.000135 -0.095615 0.058679 1.402126
 14 17.182070 0.000099 0.000206 -0.000001 -0.000007 -0.461214
 15 16.782906 0.000656 -0.000113 0.232829 0.003778 0.087551
 16 5.168479 5.004167 -0.000064 0.095719 -0.102337 1.649723
 17 -2.170036 1.352229 2.953745 -0.132357 -1.264036 2.616729
 18 5.760273 0.000016 0.000006 0.393790 0.870172 0.147788
time 13
  0 -0.525625 -51.597881 2.462855 -0.002295 0.135688 -1.531096
  1 0.000000 0.000000 0.000000 -3.141168 -1.552805 1.570704
  2 4.484989 -0.004008 -0.070309 -0.083066 -0.011444 0.003963
  3 5.037136 -0.005101 -0.000238 -0.009120 -0.021198 0.326096
  4 6.388059 -0.005253 -0.000001 -0.007562 -0.045583 0.070876
  5 6.146608 1.394838 0.000001 -0.000001 -0.000002 0.650292
  6 -2.170032 1.352243 -2.953732 0.163173 1.164647 2.640540
  7 5.760270 -0.000012 -0.000009 0.010566 -0.500748 -0.609629
  8 10.965153 0.000065 -0.000006 0.000013 0.000002 -1.200304
  9 0.000007 -0.000004 -4.044200 0.236921 3.081863 -0.597567
 10 -0.000007 0.000007 4.044200 -0.157150 -3.066429 0.411738
 11 17.182070 0.000091 0.000546 0.000004 -0.000009 -0.645814
 12 16.782913 0.000650 -0.000234 0.002510 0.069415 -0.328068
 13 5.168527 5.004116 -0.000135 -0.097197 0.059622 1.403007
 14 17.182070 0.000099 0.000206 -0.000001 -0.000007 -0.232262
 15 16.782906 0.000656 -0.000113 0.183890 -0.044497 0.083713
 16 5.168479 5.004167 -0.000064 0.092588 -0.102218 1.660264
 17 -2.170036 1.352229 2.953745 -0.132357 -1.264036 2.616729
 18 5.760273 0.000016 0.000006 0.393790 0.870172 0.147788
time 14
  0 -0.568595 -55.564415 2.451136 -0.003825 0.136528 -1.509783
  1 0.000000 0.000000 0.000000 -3.141168 -1.552805 1.570704
  2 4.484989 -0.004008 -0.070309 -0.083066 -0.011444 0.003963
  3 5.037136 -0.005101 -0.000238 -0.009120 -0.021198 0.326096
  4 6.388059 -0.005253 -0.000001 -0.007562 -0.045583 0.070876
  5 6.146608 1.394838 0.000001 -0.000001 -0.000002 0.650292
  6 -2.170032 1.352243 -2.953732 0.163173 1.164647 2.640540
  7 5.760270 -0.000012 -0.000009 0.010566 -0.500748 -0.609629
  8 10.965153 0.000065 -0.000006 0.000013 0.000002 -1.200304
  9 0.000007 -0.000004 -4.044200 0.262725 3.103455 -0.576740
 10 -0.000007 0.000007 4.044200 -0.156384 -3.045115 0.399313
 11 17.182070 0.000091 0.000546 0.000004 -0.000009 -0.764623
 12 16.782913 0.000650 -0.000234 -0.015025 0.103476 -0.271520
 13 5.168527 5.004116 -0.000135 -0.101716 0.062451 1.405553
 14 17.182070 0.000099 0.000206 -0.000001 -0.000007 -0.042988
 15 16.782906 0.000656 -0.000113 0.132056 -0.069889 0.094965
 16 5.168479 5.004167 -0.000064 0.091478 -0.102146 1.663946
 17 -2.170036 1.352229 2.953745 -0.132357 -1.264036 2.616729
 18 5.760273 0.000016 0.000006 0.393790 0.870172 0.147788
time 15
  0 -0.623284 -59.519222 2.224567 -0.005546 0.137269 -1.489221
  1 0.000000 0.000000 0.000000 -3.141168 -1.552805 1.570704
  2 4.484989 -0.004008 -0.070309 -0.083066 -0.011444 0.003963
  3 5.037136 -0.005101 -0.000238 -0.009120 -0.021198 0.326096
  4 6.388059 -0.005253 -0.000001 -0.007562 -0.045583 0.070876
  5 6.146608 1.394838 0.000001 -0.000001 -0.000002 0.650292
  6 -2.170032 1.352243 -2.953732 0.163173 1.164647 2.640540
  7 5.760270 -0.000012 -0.000009 0.010566 -0.500748 -0.609629
  8 10.965153 0.000065 -0.000006 0.000013 0.000002 -1.200304
  9 0.000007 -0.000004 -4.044200 0.273255 3.108613 -0.528587
 10 -0.000007 0.000007 4.044200 -0.157150 -3.020586 0.378285
 11 17.182070 0.000091 0.000546 0.000004 -0.000009 -0.908528
 12 16.782913 0.000650 -0.000234 -0.042198 0.142374 -0.191638
 13 5.168527 5.004116 -0.000135 -0.108788 0.066810 1.409502
 14 17.182070 0.000099 0.000206 -0.000001 -0.000007 -0.068137
 15 16.782906 0.000656 -0.000113 0.129340 -0.065160 0.225102
 16 5.168479 5.004167 -0.000064 0.091478 -0.102146 1.663946
 17 -2.170036 1.352229 2.953745 -0.132357 -1.264036 2.616729
 18 5.760273 0.000016 0.000006 0.393790 0.870172 0.147788
time 16
  0 -0.670161 -63.481850 1.689394 -0.006885 0.137961 -1.470443
  1 0.000000 0.000000 0.000000 -3.141168 -1.552805 1.570704
  2 4.484989 -0.004008 -0.070309 -0.083066 -0.011444 0.003963
  3 5.037136 -0.005101 -0.000238 -0.009120 -0.021198 0.326096
  4 6.388059 -0.005253 -0.000001 -0.007562 -0.045583 0.070876
  5 6.146608 1.394838 0.000001 -0.000001 -0.000002 0.650292
  6 -2.170032 1.352243 -2.953732 0.163173 1.164647 2.640540
  7 5.760270 -0.000012 -0.000009 0.010566 -0.500748 -0.609629
  8 10.965153 0.000065 -0.000006 0.000013 0.000002 -1.200304
  9 0.000007 -0.000004 -4.044200 0.274773 3.097722 -0.494289
 10 -0.000007 0.000007 4.044200 -0.157342 -2.993852 0.350280
 11 17.182070 0.000091 0.000546 0.000004 -0.000009 -1.070215
 12 16.782913 0.000650 -0.000234 -0.076753 0.183643 -0.096881
 13 5.168527 5.004116 -0.000135 -0.117627 0.072379 1.414430
 14 17.182070 0.000099 0.000206 -0.000001 -0.000007 -0.255287
 15 16.782906 0.000656 -0.000113 0.159445 -0.055291 0.369164
 16 5.168479 5.004167 -0.000064 0.091478 -0.102146 1.663946
 17 -2.170036 1.352229 2.953745 -0.132357 -1.264036 2.616729
 18 5.760273 0.000016 0.000006 0.393790 0.870172 0.147788
time 17
  0 -0.713131 -67.448380 0.904214 -0.008128 0.138702 -1.453449
  1 0.000000 0.000000 0.000000 -3.141168 -1.552805 1.570704
  2 4.484989 -0.004008 -0.070309 -0.083066 -0.011444 0.003963
  3 5.037136 -0.005101 -0.000238 -0.009120 -0.021198 0.326096
  4 6.388059 -0.005253 -0.000001 -0.007562 -0.045583 0.070876
  5 6.146608 1.394838 0.000001 -0.000001 -0.000002 0.650292
  6 -2.170032 1.352243 -2.953732 0.163173 1.164647 2.640540
  7 5.760270 -0.000012 -0.000009 0.010566 -0.500748 -0.609629
  8 10.965153 0.000065 -0.000006 0.000013 0.000002 -1.200304
  9 0.000007 -0.000004 -4.044200 0.277429 3.077278 -0.563364
 10 -0.000007 0.000007 4.044200 -0.156575 -2.966291 0.314819
 11 17.182070 0.000091 0.000546 0.000004 -0.000009 -1.241295
 12 16.782913 0.000650 -0.000234 -0.116262 0.224839 0.004533
 13 5.168527 5.004116 -0.000135 -0.127464 0.078642 1.419848
 14 17.182070 0.000099 0.000206 -0.000001 -0.000007 -0.470191
 15 16.782906 0.000656 -0.000113 0.177482 -0.065571 0.320428
 16 5.168479 5.004167 -0.000064 0.091478 -0.102146 1.663946
 17 -2.170036 1.352229 2.953745 -0.132357 -1.264036 2.616729
 18 5.760273 0.000016 0.000006 0.393790 0.870172 0.147788
time 18
  0 -0.756101 -71.414909 -0.037221 -0.009084 0.139295 -1.438896
  1 0.000000 0.000000 0.000000 -3.141168 -1.552805 1.570704
  2 4.484989 -0.004008 -0.070309 -0.083066 -0.011444 0.003963
  3 5.037136 -0.005101 -0.000238 -0.009120 -0.021198 0.326096
  4 6.388059 -0.005253 -0.000001 -0.007562 -0.045583 0.070876
  5 6.146608 1.394838 0.000001 -0.000001 -0.000002 0.650292
  6 -2.170032 1.352243 -2.953732 0.163173 1.164647 2.640540
  7 5.760270 -0.000012 -0.000009 0.010566 -0.500748 -0.609629
  8 10.965153 0.000065 -0.000006 0.000013 0.000002 -1.200304
  9 0.000007 -0.000004 -4.044200 0.278852 3.057597 -0.623363
 10 -0.000007 0.000007 4.044200 -0.154083 -2.938914 0.272572
 11 17.182070 0.000091 0.000546 0.000004 -0.000009 -1.414095
 12 16.782913 0.000650 -0.000234 -0.157928 0.263663 0.104351
 13 5.168527 5.004116 -0.000135 -0.137220 0.084887 1.425200
 14 17.182070 0.000099 0.000206 -0.000001 -0.000007 -0.680778
 15 16.782906 0.000656 -0.000113 0.194299 -0.072459 0.283209
 16 5.168479 5.004167 -0.000064 0.091478 -0.102146 1.663946
 17 -2.170036 1.352229 2.953745 -0.132357 -1.264036 2.616729
 18 5.760273 0.000016 0.000006 0.393790 0.870172 0.147788
time 19
  0 -0.791258 -75.389252 -1.072409 -0.010136 0.139789 -1.426409
  1 0.000000 0.000000 0.000000 -3.141168 -1.552805 1.570704
  2 4.484989 -0.004008 -0.070309 -0.083066 -0.011444 0.003963
  3 5.037136 -0.005101 -0.000238 -0.009120 -0.021198 0.326096
  4 6.388059 -0.005253 -0.000001 -0.007562 -0.045583 0.070876
  5 6.146608 1.394838 0.000001 -0.000001 -0.000002 0.650292
  6 -2.170032 1.352243 -2.953732 0.163173 1.164647 2.640540
  7 5.760270 -0.000012 -0.000009 0.010566 -0.500748 -0.609629
  8 10.965153 0.000065 -0.000006 0.000013 0.000002 -1.200304
  9 0.000007 -0.000004 -4.044200 0.279421 3.040305 -0.631102
 10 -0.000007 0.000007 4.044200 -0.148333 -2.912915 0.223539
 11 17.182070 0.000091 0.000546 0.000004 -0.000009 -1.580873
 12 16.782913 0.000650 -0.000234 -0.198909 0.297816 0.194965
 13 5.168527 5.004116 -0.000135 -0.146020 0.090616 1.429965
 14 17.182070 0.000099 0.000206 -0.000001 -0.000007 -0.894106
 15 16.782906 0.000656 -0.000113 0.202968 -0.064091 0.422077
 16 5.168479 5.004167 -0.000064 0.091478 -0.102146 1.663946
 17 -2.170036 1.352229 2.953745 -0.132357 -1.264036 2.616729
 18 5.760273 0.000016 0.000006 0.393790 0.870172 0.147788
time 20
  0 -0.822509 -79.367508 -2.111503 -0.010614 0.140234 -1.417583
  1 0.000000 0.000000 0.000000 -3.141168 -1.552805 1.570704
  2 4.484989 -0.004008 -0.070309 -0.083066 -0.011444 0.003963
  3 5.037136 -0.005101 -0.000238 -0.009120 -0.021198 0.326096
  4 6.388059 -0.005253 -0.000001 -0.007562 -0.045583 0.070876
  5 6.146608 1.394838 0.000001 -0.000001 -0.000002 0.650292
  6 -2.170032 1.352243 -2.953732 0.163173 1.164647 2.640540
  7 5.760270 -0.000012 -0.000009 0.010566 -0.500748 -0.609629
  8 10.965153 0.000065 -0.000006 0.000013 0.000002 -1.200304
  9 0.000007 -0.000004 -4.044200 0.283121 3.034382 -0.599191
 10 -0.000007 0.000007 4.044200 -0.139036 -2.889580 0.167529
 11 17.182070 0.000091 0.000546 0.000004 -0.000009 -1.733668
 12 16.782913 0.000650 -0.000234 -0.236063 0.324965 0.268937
 13 5.168527 5.004116 -0.000135 -0.152998 0.095153 1.433719
 14 17.182070 0.000099 0.000206 -0.000001 -0.000007 -1.035205
 15 16.782906 0.000656 -0.000113 0.207034 -0.056360 0.560757
 16 5.168479 5.004167 -0.000064 0.091478 -0.102146 1.663946
 17 -2.170036 1.352229 2.953745 -0.132357 -1.264036 2.616729
 18 5.760273 0.000016 0.000006 0.393790 0.870172 0.147788
time 21
  0 -0.838135 -83.361382 -3.084189 -0.011188 0.140481 -1.411574
  1 0.000000 0.000000 0.000000 -3.141168 -1.552805 1.570704
  2 4.484989 -0.004008 -0.070309 -0.083066 -0.011444 0.003963
  3 5.037136 -0.005101 -0.000238 -0.009120 -0.021198 0.326096
  4 6.388059 -0.005253 -0.000001 -0.007562 -0.045583 0.070876
  5 6.146608 1.394838 0.000001 -0.000001 -0.000002 0.650292
  6 -2.170032 1.352243 -2.953732 0.163173 1.164647 2.640540
  7 5.760270 -0.000012 -0.000009 0.010566 -0.500748 -0.609629
  8 10.965153 0.000065 -0.000006 0.000013 0.000002 -1.200304
  9 0.000007 -0.000004 -4.044200 0.290046 3.035624 -0.539957
 10 -0.000007 0.000007 4.044200 -0.126001 -2.870655 0.105401
 11 17.182070 0.000091 0.000546 0.000004 -0.000009 -1.864739
 12 16.782913 0.000650 -0.000234 -0.265860 0.342755 0.318829
 13 5.168527 5.004116 -0.000135 -0.157465 0.098142 1.436101
 14 17.182070 0.000099 0.000206 -0.000001 -0.000007 -1.121071
 15 16.782906 0.000656 -0.000113 0.206969 -0.046964 0.689389
 16 5.168479 5.004167 -0.000064 0.091478 -0.102146 1.663946
 17 -2.170036 1.352229 2.953745 -0.132357 -1.264036 2.616729
 18 5.760273 0.000016 0.000006 0.393790 0.870172 0.147788
time 22
  0 -0.838135 -87.370872 -3.927965 -0.011379 0.140481 -1.409884
  1 0.000000 0.000000 0.000000 -3.141168 -1.552805 1.570704
  2 4.484989 -0.004008 -0.070309 -0.083066 -0.011444 0.003963
  3 5.037136 -0.005101 -0.000238 -0.009120 -0.021198 0.326096
  4 6.388059 -0.005253 -0.000001 -0.007562 -0.045583 0.070876
  5 6.146608 1.394838 0.000001 -0.000001 -0.000002 0.650292
  6 -2.170032 1.352243 -2.953732 0.163173 1.164647 2.640540
  7 5.760270 -0.000012 -0.000009 0.010566 -0.500748 -0.609629
  8 10.965153 0.000065 -0.000006 0.000013 0.000002 -1.200304
  9 0.000007 -0.000004 -4.044200 0.299249 3.041356 -0.463525
 10 -0.000007 0.000007 4.044200 -0.108557 -2.857333 0.037061
 11 17.182070 0.000091 0.000546 0.000004 -0.000009 -1.966196
 12 16.782913 0.000650 -0.000234 -0.284621 0.348685 0.337678
 13 5.168527 5.004116 -0.000135 -0.158967 0.099156 1.436950
 14 17.182070 0.000099 0.000206 -0.000001 -0.000007 -1.159035
 15 16.782906 0.000656 -0.000113 0.203391 -0.033168 0.791376
 16 5.168479 5.004167 -0.000064 0.091478 -0.102146 1.663946
 17 -2.170036 1.352229 2.953745 -0.132357 -1.264036 2.616729
 18 5.760273 0.000016 0.000006 0.393790 0.870172 0.147788
time 23
  0 -0.818603 -91.399918 -4.720958 -0.011188 0.140481 -1.411574
  1 0.000000 0.000000 0.000000 -3.141168 -1.552805 1.570704
  2 4.484989 -0.004008 -0.070309 -0.083066 -0.011444 0.003963
  3 5.037136 -0.005101 -0.000238 -0.009120 -0.021198 0.326096
  4 6.388059 -0.005253 -0.000001 -0.007562 -0.045583 0.070876
  5 6.146608 1.394838 0.000001 -0.000001 -0.000002 0.650292
  6 -2.170032 1.352243 -2.953732 0.163173 1.164647 2.640540
  7 5.760270 -0.000012 -0.000009 0.010566 -0.500748 -0.609629
  8 10.965153 0.000065 -0.000006 0.000013 0.000002 -1.200304
  9 0.000007 -0.000004 -4.044200 0.308830 3.049285 -0.376583
 10 -0.000007 0.000007 4.044200 -0.078366 -2.853107 -0.058520
 11 17.182070 0.000091 0.000546 0.000004 -0.000009 -2.041411
 12 16.782913 0.000650 -0.000234 -0.286289 0.326781 0.294511
 13 5.168527 5.004116 -0.000135 -0.156414 0.099530 1.445664
 14 17.182070 0.000099 0.000206 -0.000001 -0.000007 -1.163558
 15 16.782906 0.000656 -0.000113 0.197991 -0.013945 0.878535
 16 5.168479 5.004167 -0.000064 0.093167 -0.101007 1.671128
 17 -2.170036 1.352229 2.953745 -0.132357 -1.264036 2.616729
 18 5.760273 0.000016 0.000006 0.393790 0.870172 0.147788
time 24
  0 -0.791258 -95.436760 -5.603797 -0.010614 0.140234 -1.417583
  1 0.000000 0.000000 0.000000 -3.141168 -1.552805 1.570704
  2 4.484989 -0.004008 -0.070309 -0.083066 -0.011444 0.003963
  3 5.037136 -0.005101 -0.000238 -0.009120 -0.021198 0.326096
  4 6.388059 -0.005253 -0.000001 -0.007562 -0.045583 0.070876
  5 6.146608 1.394838 0.000001 -0.000001 -0.000002 0.650292
  6 -2.170032 1.352243 -2.953732 0.163173 1.164647 2.640540
  7 5.760270 -0.000012 -0.000009 0.010566 -0.500748 -0.609629
  8 10.965153 0.000065 -0.000006 0.000013 0.000002 -1.200304
  9 0.000007 -0.000004 -4.044200 0.316040 3.056546 -0.285247
 10 -0.000007 0.000007 4.044200 -0.034469 -2.862202 -0.190135
 11 17.182070 0.000091 0.000546 0.000004 -0.000009 -2.093395
 12 16.782913 0.000650 -0.000234 -0.267626 0.271131 0.185285
 13 5.168527 5.004116 -0.000135 -0.149396 0.100473 1.469325
 14 17.182070 0.000099 0.000206 -0.000001 -0.000007 -1.152388
 15 16.782906 0.000656 -0.000113 0.193177 0.009946 0.969609
 16 5.168479 5.004167 -0.000064 0.097802 -0.098215 1.690671
 17 -2.170036 1.352229 2.953745 -0.132357 -1.264036 2.616729
 18 5.760273 0.000016 0.000006 0.393790 0.870172 0.147788
time 25
  0 -0.760007 -99.477509 -6.291318 -0.010136 0.139789 -1.426409
  1 0.000000 0.000000 0.000000 -3.141168 -1.552805 1.570704
  2 4.484989 -0.004008 -0.070309 -0.083066 -0.011444 0.003963
  3 5.037136 -0.005101 -0.000238 -0.009120 -0.021198 0.326096
  4 6.388059 -0.005253 -0.000001 -0.007562 -0.045583 0.070876
  5 6.146608 1.394838 0.000001 -0.000001 -0.000002 0.650292
  6 -2.170032 1.352243 -2.953732 0.163173 1.164647 2.640540
  7 5.760270 -0.000012 -0.000009 0.010566 -0.500748 -0.609629
  8 10.965153 0.000065 -0.000006 0.000013 0.000002 -1.200304
  9 0.000007 -0.000004 -4.044200 0.322112 3.066195 -0.184070
 10 -0.000007 0.000007 4.044200 0.011248 -2.884894 -0.337043
 11 17.182070 0.000091 0.000546 0.000004 -0.000009 -2.113901
 12 16.782913 0.000650 -0.000234 -0.231918 0.194484 0.041213
 13 5.168527 5.004116 -0.000135 -0.139812 0.101576 1.501766
 14 17.182070 0.000099 0.000206 -0.000001 -0.000007 -1.103048
 15 16.782906 0.000656 -0.000113 0.188997 0.037024 1.036070
 16 5.168479 5.004167 -0.000064 0.104225 -0.094440 1.717396
 17 -2.170036 1.352229 2.953745 -0.132357 -1.264036 2.616729
 18 5.760273 0.000016 0.000006 0.393790 0.870172 0.147788
time 26
  0 -0.709224 -103.537788 -6.447573 -0.009084 0.139295 -1.438896
  1 0.000000 0.000000 0.000000 -3.141168 -1.552805 1.570704
  2 4.484989 -0.004008 -0.070309 -0.083066 -0.011444 0.003963
  3 5.037136 -0.005101 -0.000238 -0.009120 -0.021198 0.326096
  4 6.388059 -0.005253 -0.000001 -0.007562 -0.045583 0.070876
  5 6.146608 1.394838 0.000001 -0.000001 -0.000002 0.650292
  6 -2.170032 1.352243 -2.953732 0.163173 1.164647 2.640540
  7 5.760270 -0.000012 -0.000009 0.010566 -0.500748 -0.609629
  8 10.965153 0.000065 -0.000006 0.000013 0.000002 -1.200304
  9 0.000007 -0.000004 -4.044200 0.327898 3.081290 -0.067989
 10 -0.000007 0.000007 4.044200 0.048244 -2.917692 -0.479555
 11 17.182070 0.000091 0.000546 0.000004 -0.000009 -2.094829
 12 16.782913 0.000650 -0.000234 -0.188461 0.109999 -0.108564
 13 5.168527 5.004116 -0.000135 -0.130162 0.102270 1.534207
 14 17.182070 0.000099 0.000206 -0.000001 -0.000007 -0.991142
 15 16.782906 0.000656 -0.000113 0.183760 0.064616 1.047096
 16 5.168479 5.004167 -0.000064 0.110746 -0.090784 1.744121
 17 -2.170036 1.352229 2.953745 -0.132357 -1.264036 2.616729
 18 5.760273 0.000016 0.000006 0.393790 0.870172 0.147788
time 27
  0 -0.670161 -107.586357 -5.974902 -0.008128 0.138702 -1.453449
  1 0.000000 0.000000 0.000000 -3.141168 -1.552805 1.570704
  2 4.484989 -0.004008 -0.070309 -0.083066 -0.011444 0.003963
  3 5.037136 -0.005101 -0.000238 -0.009120 -0.021198 0.326096
  4 6.388059 -0.005253 -0.000001 -0.007562 -0.045583 0.070876
  5 6.146608 1.394838 0.000001 -0.000001 -0.000002 0.650292
  6 -2.170032 1.352243 -2.953732 0.163173 1.164647 2.640540
  7 5.760270 -0.000012 -0.000009 0.010566 -0.500748 -0.609629
  8 10.965153 0.000065 -0.000006 0.000013 0.000002 -1.200304
  9 0.000007 -0.000004 -4.044200 0.332642 3.104792 0.068060
 10 -0.000007 0.000007 4.044200 0.067988 -2.952419 -0.599987
 11 17.182070 0.000091 0.000546 0.000004 -0.000009 -2.027859
 12 16.782913 0.000650 -0.000234 -0.152410 0.031426 -0.235009
 13 5.168527 5.004116 -0.000135 -0.123091 0.102661 1.557967
 14 17.182070 0.000099 0.000206 -0.000001 -0.000007 -0.799606
 15 16.782906 0.000656 -0.000113 0.173920 0.090090 0.979920
 16 5.168479 5.004167 -0.000064 0.115578 -0.088256 1.763745
 17 -2.170036 1.352229 2.953745 -0.132357 -1.264036 2.616729
 18 5.760273 0.000016 0.000006 0.393790 0.870172 0.147788
time 28
  0 -0.615472 -111.650551 -5.072531 -0.006885 0.137961 -1.470443
  1 0.000000 0.000000 0.000000 -3.141168 -1.552805 1.570704
  2 4.484989 -0.004008 -0.070309 -0.083066 -0.011444 0.003963
  3 5.037136 -0.005101 -0.000238 -0.009120 -0.021198 0.326096
  4 6.388059 -0.005253 -0.000001 -0.007562 -0.045583 0.070876
  5 6.146608 1.394838 0.000001 -0.000001 -0.000002 0.650292
  6 -2.170032 1.352243 -2.953732 0.163173 1.164647 2.640540
  7 5.760270 -0.000012 -0.000009 0.010566 -0.500748 -0.609629
  8 10.965153 0.000065 -0.000006 0.000013 0.000002 -1.200304
  9 0.000007 -0.000004 -4.044200 0.335583 3.141191 0.236784
 10 -0.000007 0.000007 4.044200 0.066455 -2.980071 -0.681613
 11 17.182070 0.000091 0.000546 0.000004 -0.000009 -1.904963
 12 16.782913 0.000650 -0.000234 -0.140688 -0.023835 -0.307079
 13 5.168527 5.004116 -0.000135 -0.120499 0.102697 1.566746
 14 17.182070 0.000099 0.000206 -0.000001 -0.000007 -0.510212
 15 16.782906 0.000656 -0.000113 0.155492 0.111246 0.817719
 16 5.168479 5.004167 -0.000064 0.117365 -0.087429 1.770927
 17 -2.170036 1.352229 2.953745 -0.132357 -1.264036 2.616729
 18 5.760273 0.000016 0.000006 0.393790 0.870172 0.147788
time 29
  0 -0.545157 -115.730362 -3.865463 -0.005546 0.137269 -1.489221
  1 0.000000 0.000000 0.000000 -3.141168 -1.552805 1.570704
  2 4.484989 -0.004008 -0.070309 -0.083066 -0.011444 0.003963
  3 5.037136 -0.005101 -0.000238 -0.009120 -0.021198 0.326096
  4 6.388059 -0.005253 -0.000001 -0.007562 -0.045583 0.070876
  5 6.146608 1.394838 0.000001 -0.000001 -0.000002 0.650292
  6 -2.170032 1.352243 -2.953732 0.163173 1.164647 2.640540
  7 5.760270 -0.000012 -0.000009 0.010566 -0.500748 -0.609629
  8 10.965153 0.000065 -0.000006 0.000013 0.000002 -1.200304
  9 0.000007 -0.000004 -4.044200 0.336626 3.150841 0.329362
 10 -0.000007 0.000007 4.044200 0.038564 -2.998537 -0.722713
 11 17.182070 0.000091 0.000546 0.000004 -0.000009 -1.688855
 12 16.782913 0.000650 -0.000234 -0.154054 -0.045109 -0.316385
 13 5.168527 5.004116 -0.000135 -0.118571 0.102786 1.573078
 14 17.182070 0.000099 0.000206 -0.000001 -0.000007 -0.387272
 15 16.782906 0.000656 -0.000113 0.089297 0.101974 0.572009
 16 5.168479 5.004167 -0.000064 0.117365 -0.087429 1.770927
 17 -2.170036 1.352229 2.953745 -0.132357 -1.264036 2.616729
 18 5.760273 0.000016 0.000006 0.393790 0.870172 0.147788
time 30
  0 -0.494374 -119.790642 -2.463076 -0.003825 0.136528 -1.509783
  1 0.000000 0.000000 0.000000 -3.141168 -1.552805 1.570704
  2 4.484989 -0.004008 -0.070309 -0.083066 -0.011444 0.003963
  3 5.037136 -0.005101 -0.000238 -0.009120 -0.021198 0.326096
  4 6.388059 -0.005253 -0.000001 -0.007562 -0.045583 0.070876
  5 6.146608 1.394838 0.000001 -0.000001 -0.000002 0.650292
  6 -2.170032 1.352243 -2.953732 0.163173 1.164647 2.640540
  7 5.760270 -0.000012 -0.000009 0.010566 -0.500748 -0.609629
  8 10.965153 0.000065 -0.000006 0.000013 0.000002 -1.200304
  9 0.000007 -0.000004 -4.044200 0.331788 3.196029 0.517003
 10 -0.000007 0.000007 4.044200 -0.010029 -3.012501 -0.737432
 11 17.182070 0.000091 0.000546 0.000004 -0.000009 -1.379176
 12 16.782913 0.000650 -0.000234 -0.168278 -0.031433 -0.285071
 13 5.168527 5.004116 -0.000135 -0.113254 0.102857 1.590930
 14 17.182070 0.000099 0.000206 -0.000001 -0.000007 -0.004132
 15 16.782906 0.000656 -0.000113 0.017783 0.080098 0.097599
 16 5.168479 5.004167 -0.000064 0.117365 -0.087429 1.770927
 17 -2.170036 1.352229 2.953745 -0.132357 -1.264036 2.616729
 18 5.760273 0.000016 0.000006 0.393790 0.870172 0.147788
time 31
  0 -0.431872 -123.862656 -0.990375 -0.002295 0.135688 -1.531096
  1 0.000000 0.000000 0.000000 -3.141168 -1.552805 1.570704
  2 4.484989 -0.004008 -0.070309 -0.083066 -0.011444 0.003963
  3 5.037136 -0.005101 -0.000238 -0.009120 -0.021198 0.326096
  4 6.388059 -0.005253 -0.000001 -0.007562 -0.045583 0.070876
  5 6.146608 1.394838 0.000001 -0.000001 -0.000002 0.650292
  6 -2.170032 1.352243 -2.953732 0.163173 1.164647 2.640540
  7 5.760270 -0.000012 -0.000009 0.010566 -0.500748 -0.609629
  8 10.965153 0.000065 -0.000006 0.000013 0.000002 -1.200304
  9 0.000007 -0.000004 -4.044200 0.327329 3.181125 0.547098
 10 -0.000007 0.000007 4.044200 -0.069357 -3.023709 -0.733705
 11 17.182070 0.000091 0.000546 0.000004 -0.000009 -1.021745
 12 16.782913 0.000650 -0.000234 -0.153024 0.005444 -0.231273
 13 5.168527 5.004116 -0.000135 -0.105997 0.102786 1.615277
 14 17.182070 0.000099 0.000206 -0.000001 -0.000007 -0.001939
 15 16.782906 0.000656 -0.000113 -0.025187 0.147864 -0.053161
 16 5.168479 5.004167 -0.000064 0.117365 -0.087429 1.770927
 17 -2.170036 1.352229 2.953745 -0.132357 -1.264036 2.616729
 18 5.760273 0.000016 0.000006 0.393790 0.870172 0.147788
time 32
  0 -0.381089 -127.922935 0.439356 -0.000574 0.134848 -1.553348
  1 0.000000 0.000000 0.000000 -3.141168 -1.552805 1.570704
  2 4.484989 -0.004008 -0.070309 -0.083066 -0.011444 0.003963
  3 5.037136 -0.005101 -0.000238 -0.009120 -0.021198 0.326096
  4 6.388059 -0.005253 -0.000001 -0.007562 -0.045583 0.070876
  5 6.146608 1.394838 0.000001 -0.000001 -0.000002 0.650292
  6 -2.170032 1.352243 -2.953732 0.163173 1.164647 2.640540
  7 5.760270 -0.000012 -0.000009 0.010566 -0.500748 -0.609629
  8 10.965153 0.000065 -0.000006 0.000013 0.000002 -1.200304
  9 0.000007 -0.000004 -4.044200 0.321732 3.164502 0.567448
 10 -0.000007 0.000007 4.044200 -0.129835 -3.034091 -0.717265
 11 17.182070 0.000091 0.000546 0.000004 -0.000009 -0.662234
 12 16.782913 0.000650 -0.000234 -0.101130 0.030981 -0.169630
 13 5.168527 5.004116 -0.000135 -0.098752 0.102519 1.639624
 14 17.182070 0.000099 0.000206 -0.000001 -0.000007 -0.002556
 15 16.782906 0.000656 -0.000113 -0.051682 0.203089 -0.224996
 16 5.168479 5.004167 -0.000064 0.117365 -0.087429 1.770927
 17 -2.170036 1.352229 2.953745 -0.132357 -1.264036 2.616729
 18 5.760273 0.000016 0.000006 0.393790 0.870172 0.147788
time 33
  0 -0.330307 -131.983215 1.708926 0.000861 0.134255 -1.576257
  1 0.000000 0.000000 0.000000 -3.141168 -1.552805 1.570704
  2 4.484989 -0.004008 -0.070309 -0.083066 -0.011444 0.003963
  3 5.037136 -0.005101 -0.000238 -0.009120 -0.021198 0.326096
  4 6.388059 -0.005253 -0.000001 -0.007562 -0.045583 0.070876
  5 6.146608 1.394838 0.000001 -0.000001 -0.000002 0.650292
  6 -2.170032 1.352243 -2.953732 0.163173 1.164647 2.640540
  7 5.760270 -0.000012 -0.000009 0.010566 -0.500748 -0.609629
  8 10.965153 0.000065 -0.000006 0.000013 0.000002 -1.200304
  9 0.000007 -0.000004 -4.044200 0.315091 3.109187 0.484328
 10 -0.000007 0.000007 4.044200 -0.180728 -3.044196 -0.695663
 11 17.182070 0.000091 0.000546 0.000004 -0.000009 -0.346604
 12 16.782913 0.000650 -0.000234 -0.039966 0.023198 -0.116240
 13 5.168527 5.004116 -0.000135 -0.093422 0.102270 1.657444
 14 17.182070 0.000099 0.000206 -0.000001 -0.000007 -0.305313
 15 16.782906 0.000656 -0.000113 -0.040899 0.188717 -0.288146
 16 5.168479 5.004167 -0.000064 0.119350 -0.088279 1.754034
 17 -2.170036 1.352229 2.953745 -0.132357 -1.264036 2.616729
 18 5.760273 0.000016 0.000006 0.393790 0.870172 0.147788
time 34
  0 -0.279524 -136.043503 2.439417 0.002773 0.133415 -1.598603
  1 0.000000 0.000000 0.000000 -3.141168 -1.552805 1.570704
  2 4.484989 -0.004008 -0.070309 -0.083066 -0.011444 0.003963
  3 5.037136 -0.005101 -0.000238 -0.009120 -0.021198 0.326096
  4 6.388059 -0.005253 -0.000001 -0.007562 -0.045583 0.070876
  5 6.146608 1.394838 0.000001 -0.000001 -0.000002 0.650292
  6 -2.170032 1.352243 -2.953732 0.163173 1.164647 2.640540
  7 5.760270 -0.000012 -0.000009 0.010566 -0.500748 -0.609629
  8 10.965153 0.000065 -0.000006 0.000013 0.000002 -1.200304
  9 0.000007 -0.000004 -4.044200 0.300766 3.044317 0.369298
 10 -0.000007 0.000007 4.044200 -0.212836 -3.053843 -0.674922
 11 17.182070 0.000091 0.000546 0.000004 -0.000009 -0.121246
 12 16.782913 0.000650 -0.000234 -0.004504 -0.004266 -0.087507
 13 5.168527 5.004116 -0.000135 -0.091495 0.102092 1.663971
 14 17.182070 0.000099 0.000206 -0.000001 -0.000007 -0.697225
 15 16.782906 0.000656 -0.000113 -0.017202 0.160056 -0.329656
 16 5.168479 5.004167 -0.000064 0.124231 -0.090437 1.713289
 17 -2.170036 1.352229 2.953745 -0.132357 -1.264036 2.616729
 18 5.760273 0.000016 0.000006 0.393790 0.870172 0.147788
time 35
  0 -0.228741 -140.103775 2.822241 0.004399 0.132822 -1.620855
  1 0.000000 0.000000 0.000000 -3.141168 -1.552805 1.570704
  2 4.484989 -0.004008 -0.070309 -0.083066 -0.011444 0.003963
  3 5.037136 -0.005101 -0.000238 -0.009120 -0.021198 0.326096
  4 6.388059 -0.005253 -0.000001 -0.007562 -0.045583 0.070876
  5 6.146608 1.394838 0.000001 -0.000001 -0.000002 0.650292
  6 -2.170032 1.352243 -2.953732 0.163173 1.164647 2.640540
  7 5.760270 -0.000012 -0.000009 0.010566 -0.500748 -0.609629
  8 10.965153 0.000065 -0.000006 0.000013 0.000002 -1.200304
  9 0.000007 -0.000004 -4.044200 0.280085 2.981932 0.253217
 10 -0.000007 0.000007 4.044200 -0.210344 -3.062294 -0.646630
 11 17.182070 0.000091 0.000546 0.000004 -0.000009 -0.029899
 12 16.782913 0.000650 -0.000234 -0.020224 -0.009214 -0.108530
 13 5.168527 5.004116 -0.000135 -0.091495 0.102092 1.663971
 14 17.182070 0.000099 0.000206 -0.000001 -0.000007 -1.081667
 15 16.782906 0.000656 -0.000113 0.020222 0.124097 -0.349639
 16 5.168479 5.004167 -0.000064 0.129187 -0.092246 1.672503
 17 -2.170036 1.352229 2.953745 -0.132357 -1.264036 2.616729
 18 5.760273 0.000016 0.000006 0.393790 0.870172 0.147788
time 36
  0 -0.197490 -144.144531 2.408166 0.006120 0.132229 -1.642356
  1 0.000000 0.000000 0.000000 -3.141168 -1.552805 1.570704
  2 4.484989 -0.004008 -0.070309 -0.083066 -0.011444 0.003963
  3 5.037136 -0.005101 -0.000238 -0.009120 -0.021198 0.326096
  4 6.388059 -0.005253 -0.000001 -0.007562 -0.045583 0.070876
  5 6.146608 1.394838 0.000001 -0.000001 -0.000002 0.650292
  6 -2.170032 1.352243 -2.953732 0.163173 1.164647 2.640540
  7 5.760270 -0.000012 -0.000009 0.010566 -0.500748 -0.609629
  8 10.965153 0.000065 -0.000006 0.000013 0.000002 -1.200304
  9 0.000007 -0.000004 -4.044200 0.259025 2.935120 0.167613
 10 -0.000007 0.000007 4.044200 -0.179866 -3.067531 -0.601421
 11 17.182070 0.000091 0.000546 0.000004 -0.000009 -0.053488
 12 16.782913 0.000650 -0.000234 -0.076704 0.010189 -0.161309
 13 5.168527 5.004116 -0.000135 -0.091495 0.102092 1.663971
 14 17.182070 0.000099 0.000206 -0.000001 -0.000007 -1.362358
 15 16.782906 0.000656 -0.000113 0.066706 0.089432 -0.349263
 16 5.168479 5.004167 -0.000064 0.131258 -0.092965 1.655610
 17 -2.170036 1.352229 2.953745 -0.132357 -1.264036 2.616729
 18 5.760273 0.000016 0.000006 0.393790 0.870172 0.147788
time 37
  0 -0.158426 -148.193100 1.646424 0.007841 0.131784 -1.662824
  1 0.000000 0.000000 0.000000 -3.141168 -1.552805 1.570704
  2 4.484989 -0.004008 -0.070309 -0.083066 -0.011444 0.003963
  3 5.037136 -0.005101 -0.000238 -0.009120 -0.021198 0.326096
  4 6.388059 -0.005253 -0.000001 -0.007562 -0.045583 0.070876
  5 6.146608 1.394838 0.000001 -0.000001 -0.000002 0.650292
  6 -2.170032 1.352243 -2.953732 0.163173 1.164647 2.640540
  7 5.760270 -0.000012 -0.000009 0.010566 -0.500748 -0.609629
  8 10.965153 0.000065 -0.000006 0.000013 0.000002 -1.200304
  9 0.000007 -0.000004 -4.044200 0.244510 2.900727 0.123569
 10 -0.000007 0.000007 4.044200 -0.145170 -3.067807 -0.547895
 11 17.182070 0.000091 0.000546 0.000004 -0.000009 -0.143689
 12 16.782913 0.000650 -0.000234 -0.142356 0.021067 -0.195102
 13 5.168527 5.004116 -0.000135 -0.091495 0.102092 1.663971
 14 17.182070 0.000099 0.000206 -0.000001 -0.000007 -1.537516
 15 16.782906 0.000656 -0.000113 0.125225 0.054459 -0.335338
 16 5.168479 5.004167 -0.000064 0.133058 -0.093637 1.640963
 17 -2.170036 1.352229 2.953745 -0.132357 -1.264036 2.616729
 18 5.760273 0.000016 0.000006 0.393790 0.870172 0.147788
time 38
  0 -0.127175 -152.233841 0.822180 0.009371 0.131290 -1.682072
  1 0.000000 0.000000 0.000000 -3.141168 -1.552805 1.570704
  2 4.484989 -0.004008 -0.070309 -0.083066 -0.011444 0.003963
  3 5.037136 -0.005101 -0.000238 -0.009120 -0.021198 0.326096
  4 6.388059 -0.005253 -0.000001 -0.007562 -0.045583 0.070876
  5 6.146608 1.394838 0.000001 -0.000001 -0.000002 0.650292
  6 -2.170032 1.352243 -2.953732 0.163173 1.164647 2.640540
  7 5.760270 -0.000012 -0.000009 0.010566 -0.500748 -0.609629
  8 10.965153 0.000065 -0.000006 0.000013 0.000002 -1.200304
  9 0.000007 -0.000004 -4.044200 0.233980 2.869773 0.101499
 10 -0.000007 0.000007 4.044200 -0.132135 -3.063673 -0.494561
 11 17.182070 0.000091 0.000546 0.000004 -0.000009 -0.251599
 12 16.782913 0.000650 -0.000234 -0.182110 0.018213 -0.153769
 13 5.168527 5.004116 -0.000135 -0.091495 0.102092 1.663971
 14 17.182070 0.000099 0.000206 -0.000001 -0.000007 -1.674298
 15 16.782906 0.000656 -0.000113 0.200740 0.017060 -0.313285
 16 5.168479 5.004167 -0.000064 0.138038 -0.095135 1.600926
 17 -2.170036 1.352229 2.953745 -0.132357 -1.264036 2.616729
 18 5.760273 0.000016 0.000006 0.393790 0.870172 0.147788
time 39
  0 -0.088112 -156.282410 -0.056753 0.010614 0.130944 -1.698690
  1 0.000000 0.000000 0.000000 -3.141168 -1.552805 1.570704
  2 4.484989 -0.004008 -0.070309 -0.083066 -0.011444 0.003963
  3 5.037136 -0.005101 -0.000238 -0.009120 -0.021198 0.326096
  4 6.388059 -0.005253 -0.000001 -0.007562 -0.045583 0.070876
  5 6.146608 1.394838 0.000001 -0.000001 -0.000002 0.650292
  6 -2.170032 1.352243 -2.953732 0.163173 1.164647 2.640540
  7 5.760270 -0.000012 -0.000009 0.010566 -0.500748 -0.609629
  8 10.965153 0.000065 -0.000006 0.000013 0.000002 -1.200304
  9 0.000007 -0.000004 -4.044200 0.225726 2.842545 0.089079
 10 -0.000007 0.000007 4.044200 -0.141911 -3.041532 -0.575996
 11 17.182070 0.000091 0.000546 0.000004 -0.000009 -0.673849
 12 16.782913 0.000650 -0.000234 -0.186647 0.019084 0.149930
 13 5.168527 5.004116 -0.000135 -0.091495 0.102092 1.663971
 14 17.182070 0.000099 0.000206 -0.000001 -0.000007 -1.779214
 15 16.782906 0.000656 -0.000113 0.281150 -0.018488 -0.283404
 16 5.168479 5.004167 -0.000064 0.144941 -0.096813 1.546363
 17 -2.170036 1.352229 2.953745 -0.132357 -1.264036 2.616729
 18 5.760273 0.000016 0.000006 0.393790 0.870172 0.147788
time 40
  0 -0.056861 -160.323166 -0.966937 0.011857 0.130549 -1.713712
  1 0.000000 0.000000 0.000000 -3.141168 -1.552805 1.570704
  2 4.484989 -0.004008 -0.070309 -0.083066 -0.011444 0.003963
  3 5.037136 -0.005101 -0.000238 -0.009120 -0.021198 0.326096
  4 6.388059 -0.005253 -0.000001 -0.007562 -0.045583 0.070876
  5 6.146608 1.394838 0.000001 -0.000001 -0.000002 0.650292
  6 -2.170032 1.352243 -2.953732 0.163173 1.164647 2.640540
  7 5.760270 -0.000012 -0.000009 0.010566 -0.500748 -0.609629
  8 10.965153 0.000065 -0.000006 0.000013 0.000002 -1.200304
  9 0.000007 -0.000004 -4.044200 0.217283 2.819712 0.074270
 10 -0.000007 0.000007 4.044200 -0.181016 -3.028027 -0.525912
 11 17.182070 0.000091 0.000546 0.000004 -0.000009 -0.853605
 12 16.782913 0.000650 -0.000234 -0.171024 0.019565 0.367905
 13 5.168527 5.004116 -0.000135 -0.091495 0.102092 1.663971
 14 17.182070 0.000099 0.000206 -0.000001 -0.000007 -1.858981
 15 16.782906 0.000656 -0.000113 0.353185 -0.050377 -0.245582
 16 5.168479 5.004167 -0.000064 0.151918 -0.098191 1.491658
 17 -2.170036 1.352229 2.953745 -0.132357 -1.264036 2.616729
 18 5.760273 0.000016 0.000006 0.393790 0.870172 0.147788
time 41
  0 -0.029516 -164.360001 -1.920091 0.012909 0.130302 -1.725636
  1 0.000000 0.000000 0.000000 -3.141168 -1.552805 1.570704
  2 4.484989 -0.004008 -0.070309 -0.083066 -0.011444 0.003963
  3 5.037136 -0.005101 -0.000238 -0.009120 -0.021198 0.326096
  4 6.388059 -0.005253 -0.000001 -0.007562 -0.045583 0.070876
  5 6.146608 1.394838 0.000001 -0.000001 -0.000002 0.650292
  6 -2.170032 1.352243 -2.953732 0.163173 1.164647 2.640540
  7 5.760270 -0.000012 -0.000009 0.010566 -0.500748 -0.609629
  8 10.965153 0.000065 -0.000006 0.000013 0.000002 -1.200304
  9 0.000007 -0.000004 -4.044200 0.205140 2.802038 0.045513
 10 -0.000007 0.000007 4.044200 -0.227788 -3.022607 -0.418001
 11 17.182070 0.000091 0.000546 0.000004 -0.000009 -0.931186
 12 16.782913 0.000650 -0.000234 -0.150350 0.009447 0.554669
 13 5.168527 5.004116 -0.000135 -0.091495 0.102092 1.663971
 14 17.182070 0.000099 0.000206 -0.000001 -0.000007 -1.920039
 15 16.782906 0.000656 -0.000113 0.403295 -0.077887 -0.199594
 16 5.168479 5.004167 -0.000064 0.157071 -0.098934 1.451621
 17 -2.170036 1.352229 2.953745 -0.132357 -1.264036 2.616729
 18 5.760273 0.000016 0.000006 0.393790 0.870172 0.147788
time 42
  0 -0.009984 -168.389038 -2.873245 0.013674 0.130203 -1.735026
  1 0.000000 0.000000 0.000000 -3.141168 -1.552805 1.570704
  2 4.484989 -0.004008 -0.070309 -0.083066 -0.011444 0.003963
  3 5.037136 -0.005101 -0.000238 -0.009120 -0.021198 0.326096
  4 6.388059 -0.005253 -0.000001 -0.007562 -0.045583 0.070876
  5 6.146608 1.394838 0.000001 -0.000001 -0.000002 0.650292
  6 -2.170032 1.352243 -2.953732 0.163173 1.164647 2.640540
  7 5.760270 -0.000012 -0.000009 0.010566 -0.500748 -0.609629
  8 10.965153 0.000065 -0.000006 0.000013 0.000002 -1.200304
  9 0.000007 -0.000004 -4.044200 0.186167 2.791816 -0.010474
 10 -0.000007 0.000007 4.044200 -0.263442 -3.034734 -0.269754
 11 17.182070 0.000091 0.000546 0.000004 -0.000009 -0.926597
 12 16.782913 0.000650 -0.000234 -0.141522 -0.011271 0.701424
 13 5.168527 5.004116 -0.000135 -0.091495 0.102092 1.663971
 14 17.182070 0.000099 0.000206 -0.000001 -0.000007 -1.968968
 15 16.782906 0.000656 -0.000113 0.417884 -0.098817 -0.145288
 16 5.168479 5.004167 -0.000064 0.158957 -0.099150 1.436913
 17 -2.170036 1.352229 2.953745 -0.132357 -1.264036 2.616729
 18 5.760273 0.000016 0.000006 0.393790 0.870172 0.147788
time 43
  0 0.009547 -172.418076 -3.826399 0.014152 0.130055 -1.740471
  1 0.000000 0.000000 0.000000 -3.141168 -1.552805 1.570704
  2 4.484989 -0.004008 -0.070309 -0.083066 -0.011444 0.003963
  3 5.037136 -0.005101 -0.000238 -0.009120 -0.021198 0.326096
  4 6.388059 -0.005253 -0.000001 -0.007562 -0.045583 0.070876
  5 6.146608 1.394838 0.000001 -0.000001 -0.000002 0.650292
  6 -2.170032 1.352243 -2.953732 0.163173 1.164647 2.640540
  7 5.760270 -0.000012 -0.000009 0.010566 -0.500748 -0.609629
  8 10.965153 0.000065 -0.000006 0.000013 0.000002 -1.200304
  9 0.000007 -0.000004 -4.044200 0.156283 2.789427 -0.103816
 10 -0.000007 0.000007 4.044200 -0.280119 -3.072860 -0.071137
 11 17.182070 0.000091 0.000546 0.000004 -0.000009 -0.806354
 12 16.782913 0.000650 -0.000234 -0.153784 -0.038698 0.817476
 13 5.168527 5.004116 -0.000135 -0.071543 0.051740 1.631334
 14 17.182070 0.000099 0.000206 -0.000001 -0.000007 -2.016664
 15 16.782906 0.000656 -0.000113 0.379159 -0.111400 -0.068102
 16 5.168479 5.004167 -0.000064 0.156405 -0.099545 1.445592
 17 -2.170036 1.352229 2.953745 -0.132357 -1.264036 2.616729
 18 5.760273 0.000016 0.000006 0.393790 0.870172 0.147788
time 44
  0 -0.002172 -176.415848 -4.767834 0.014152 0.130055 -1.742724
  1 0.000000 0.000000 0.000000 -3.141168 -1.552805 1.570704
  2 4.484989 -0.004008 -0.070309 -0.083066 -0.011444 0.003963
  3 5.037136 -0.005101 -0.000238 -0.009120 -0.021198 0.326096
  4 6.388059 -0.005253 -0.000001 -0.007562 -0.045583 0.070876
  5 6.146608 1.394838 0.000001 -0.000001 -0.000002 0.650292
  6 -2.170032 1.352243 -2.953732 0.163173 1.164647 2.640540
  7 5.760270 -0.000012 -0.000009 0.010566 -0.500748 -0.609629
  8 10.965153 0.000065 -0.000006 0.000013 0.000002 -1.200304
  9 0.000007 -0.000004 -4.044200 0.117767 2.796879 -0.227063
 10 -0.000007 0.000007 4.044200 -0.277915 -3.131748 0.178521
 11 17.182070 0.000091 0.000546 0.000004 -0.000009 -0.548515
 12 16.782913 0.000650 -0.000234 -0.180197 -0.067088 0.858164
 13 5.168527 5.004116 -0.000135 -0.036159 -0.060049 1.591485
 14 17.182070 0.000099 0.000206 -0.000001 -0.000007 -2.059768
 15 16.782906 0.000656 -0.000113 0.294145 -0.108028 0.035730
 16 5.168479 5.004167 -0.000064 0.149391 -0.100516 1.469323
 17 -2.170036 1.352229 2.953745 -0.132357 -1.264036 2.616729
 18 5.760273 0.000016 0.000006 0.393790 0.870172 0.147788
time 45
  0 -0.025610 -180.401917 -6.103812 0.013865 0.130104 -1.739438
  1 0.000000 0.000000 0.000000 -3.141168 -1.552805 1.570704
  2 4.484989 -0.004008 -0.070309 -0.083066 -0.011444 0.003963
  3 5.037136 -0.005101 -0.000238 -0.009120 -0.021198 0.326096
  4 6.388059 -0.005253 -0.000001 -0.007562 -0.045583 0.070876
  5 6.146608 1.394838 0.000001 -0.000001 -0.000002 0.650292
  6 -2.170032 1.352243 -2.953732 0.163173 1.164647 2.640540
  7 5.760270 -0.000012 -0.000009 0.010566 -0.500748 -0.609629
  8 10.965153 0.000065 -0.000006 0.000013 0.000002 -1.200304
  9 0.000007 -0.000004 -4.044200 0.079631 2.815126 -0.362634
 10 -0.000007 0.000007 4.044200 -0.247532 -3.219024 0.560271
 11 17.182070 0.000091 0.000546 0.000004 -0.000009 -0.001935
 12 16.782913 0.000650 -0.000234 -0.203519 -0.087009 0.729613
 13 5.168527 5.004116 -0.000135 -0.004802 -0.164685 1.561687
 14 17.182070 0.000099 0.000206 -0.000001 -0.000007 -2.084232
 15 16.782906 0.000656 -0.000113 0.190916 -0.078401 0.147878
 16 5.168479 5.004167 -0.000064 0.139788 -0.101487 1.501754
 17 -2.170036 1.352229 2.953745 -0.132357 -1.264036 2.616729
 18 5.760273 0.000016 0.000006 0.393790 0.870172 0.147788
time 46
  0 -0.056861 -184.380173 -6.846023 0.013387 0.130203 -1.730988
  1 0.000000 0.000000 0.000000 -3.141168 -1.552805 1.570704
  2 4.484989 -0.004008 -0.070309 -0.083066 -0.011444 0.003963
  3 5.037136 -0.005101 -0.000238 -0.009120 -0.021198 0.326096
  4 6.388059 -0.005253 -0.000001 -0.007562 -0.045583 0.070876
  5 6.146608 1.394838 0.000001 -0.000001 -0.000002 0.650292
  6 -2.170032 1.352243 -2.953732 0.163173 1.164647 2.640540
  7 5.760270 -0.000012 -0.000009 0.010566 -0.500748 -0.609629
  8 10.965153 0.000065 -0.000006 0.000013 0.000002 -1.200304
  9 0.000007 -0.000004 -4.044200 0.048419 2.842927 -0.493142
 10 -0.000007 0.000007 4.044200 -0.227309 -3.222699 0.656712
 11 17.182070 0.000091 0.000546 0.000004 -0.000009 -0.001935
 12 16.782913 0.000650 -0.000234 -0.203985 -0.098628 0.783887
 13 5.168527 5.004116 -0.000135 -0.001585 -0.197743 1.601700
 14 17.182070 0.000099 0.000206 -0.000001 -0.000007 -2.076078
 15 16.782906 0.000656 -0.000113 0.098909 -0.023957 0.249564
 16 5.168479 5.004167 -0.000064 0.130149 -0.102254 1.534184
 17 -2.170036 1.352229 2.953745 -0.132357 -1.264036 2.616729
 18 5.760273 0.000016 0.000006 0.393790 0.870172 0.147788
time 47
  0 -0.103737 -188.342789 -6.205378 0.012144 0.130450 -1.717937
  1 0.000000 0.000000 0.000000 -3.141168 -1.552805 1.570704
  2 4.484989 -0.004008 -0.070309 -0.083066 -0.011444 0.003963
  3 5.037136 -0.005101 -0.000238 -0.009120 -0.021198 0.326096
  4 6.388059 -0.005253 -0.000001 -0.007562 -0.045583 0.070876
  5 6.146608 1.394838 0.000001 -0.000001 -0.000002 0.650292
  6 -2.170032 1.352243 -2.953732 0.163173 1.164647 2.640540
  7 5.760270 -0.000012 -0.000009 0.010566 -0.500748 -0.609629
  8 10.965153 0.000065 -0.000006 0.000013 0.000002 -1.200304
  9 0.000007 -0.000004 -4.044200 0.030964 2.875792 -0.603682
 10 -0.000007 0.000007 4.044200 -0.220120 -3.207449 0.681659
 11 17.182070 0.000091 0.000546 0.000004 -0.000009 -0.076361
 12 16.782913 0.000650 -0.000234 -0.164942 -0.099222 0.732942
 13 5.168527 5.004116 -0.000135 -0.036079 -0.146697 1.742528
 14 17.182070 0.000099 0.000206 -0.000001 -0.000007 -2.020912
 15 16.782906 0.000656 -0.000113 0.041854 0.039368 0.325170
 16 5.168479 5.004167 -0.000064 0.123085 -0.102577 1.557935
 17 -2.170036 1.352229 2.953745 -0.132357 -1.264036 2.616729
 18 5.760273 0.000016 0.000006 0.393790 0.870172 0.147788
time 48
  0 -0.158426 -192.297607 -5.010029 0.010614 0.130895 -1.700850
  1 0.000000 0.000000 0.000000 -3.141168 -1.552805 1.570704
  2 4.484989 -0.004008 -0.070309 -0.083066 -0.011444 0.003963
  3 5.037136 -0.005101 -0.000238 -0.009120 -0.021198 0.326096
  4 6.388059 -0.005253 -0.000001 -0.007562 -0.045583 0.070876
  5 6.146608 1.394838 0.000001 -0.000001 -0.000002 0.650292
  6 -2.170032 1.352243 -2.953732 0.163173 1.164647 2.640540
  7 5.760270 -0.000012 -0.000009 0.010566 -0.500748 -0.609629
  8 10.965153 0.000065 -0.000006 0.000013 0.000002 -1.200304
  9 0.000007 -0.000004 -4.044200 0.030205 2.908179 -0.678681
 10 -0.000007 0.000007 4.044200 -0.215616 -3.192014 0.709091
 11 17.182070 0.000091 0.000546 0.000004 -0.000009 -0.090917
 12 16.782913 0.000650 -0.000234 -0.099389 -0.079893 0.556843
 13 5.168527 5.004116 -0.000135 -0.085168 -0.045299 1.934693
 14 17.182070 0.000099 0.000206 -0.000001 -0.000007 -1.904963
 15 16.782906 0.000656 -0.000113 0.032177 0.085567 0.362051
 16 5.168479 5.004167 -0.000064 0.120496 -0.102733 1.566614
 17 -2.170036 1.352229 2.953745 -0.132357 -1.264036 2.616729
 18 5.760273 0.000016 0.000006 0.393790 0.870172 0.147788
time 49
  0 -0.213116 -196.252411 -3.478732 0.009084 0.131290 -1.679630
  1 0.000000 0.000000 0.000000 -3.141168 -1.552805 1.570704
  2 4.484989 -0.004008 -0.070309 -0.083066 -0.011444 0.003963
  3 5.037136 -0.005101 -0.000238 -0.009120 -0.021198 0.326096
  4 6.388059 -0.005253 -0.000001 -0.007562 -0.045583 0.070876
  5 6.146608 1.394838 0.000001 -0.000001 -0.000002 0.650292
  6 -2.170032 1.352243 -2.953732 0.163173 1.164647 2.640540
  7 5.760270 -0.000012 -0.000009 0.010566 -0.500748 -0.609629
  8 10.965153 0.000065 -0.000006 0.000013 0.000002 -1.200304
  9 0.000007 -0.000004 -4.044200 0.048704 2.942380 -0.717279
 10 -0.000007 0.000007 4.044200 -0.211974 -3.178234 0.739199
 11 17.182070 0.000091 0.000546 0.000004 -0.000009 -0.059296
 12 16.782913 0.000650 -0.000234 -0.034718 -0.041199 0.327285
 13 5.168527 5.004116 -0.000135 -0.127012 0.062700 2.133875
 14 17.182070 0.000099 0.000206 -0.000001 -0.000007 -1.691498
 15 16.782906 0.000656 -0.000113 0.065161 0.097779 0.346283
 16 5.168479 5.004167 -0.000064 0.118549 -0.102781 1.573048
 17 -2.170036 1.352229 2.953745 -0.132357 -1.264036 2.616729
 18 5.760273 0.000016 0.000006 0.393790 0.870172 0.147788
time 50
  0 -0.275617 -200.199417 -1.795087 0.007076 0.131883 -1.656533
  1 0.000000 0.000000 0.000000 -3.141168 -1.552805 1.570704
  2 4.484989 -0.004008 -0.070309 -0.083066 -0.011444 0.003963
  3 5.037136 -0.005101 -0.000238 -0.009120 -0.021198 0.326096
  4 6.388059 -0.005253 -0.000001 -0.007562 -0.045583 0.070876
  5 6.146608 1.394838 0.000001 -0.000001 -0.000002 0.650292
  6 -2.170032 1.352243 -2.953732 0.163173 1.164647 2.640540
  7 5.760270 -0.000012 -0.000009 0.010566 -0.500748 -0.609629
  8 10.965153 0.000065 -0.000006 0.000013 0.000002 -1.200304
  9 0.000007 -0.000004 -4.044200 0.082571 2.980690 -0.731323
 10 -0.000007 0.000007 4.044200 -0.206510 -3.165464 0.773417
 11 17.182070 0.000091 0.000546 0.000004 -0.000009 -0.001935
 12 16.782913 0.000650 -0.000234 0.005355 -0.003247 0.112808
 13 5.168527 5.004116 -0.000135 -0.148346 0.127517 2.312888
 14 17.182070 0.000099 0.000206 -0.000001 -0.000007 -1.384561
 15 16.782906 0.000656 -0.000113 0.115710 0.073868 0.286031
 16 5.168479 5.004167 -0.000064 0.113236 -0.102853 1.590912
 17 -2.170036 1.352229 2.953745 -0.132357 -1.264036 2.616729
 18 5.760273 0.000016 0.000006 0.393790 0.870172 0.147788
time 51
  0 -0.342026 -204.142517 -0.162225 0.005068 0.132575 -1.630901
  1 0.000000 0.000000 0.000000 -3.141168 -1.552805 1.570704
  2 4.484989 -0.004008 -0.070309 -0.083066 -0.011444 0.003963
  3 5.037136 -0.005101 -0.000238 -0.009120 -0.021198 0.326096
  4 6.388059 -0.005253 -0.000001 -0.007562 -0.045583 0.070876
  5 6.146608 1.394838 0.000001 -0.000001 -0.000002 0.650292
  6 -2.170032 1.352243 -2.953732 0.163173 1.164647 2.640540
  7 5.760270 -0.000012 -0.000009 0.010566 -0.500748 -0.609629
  8 10.965153 0.000065 -0.000006 0.000013 0.000002 -1.200304
  9 0.000007 -0.000004 -4.044200 0.123934 3.020242 -0.729699
 10 -0.000007 0.000007 4.044200 -0.196830 -3.146447 0.712245
 11 17.182070 0.000091 0.000546 0.000004 -0.000009 -0.099019
 12 16.782913 0.000650 -0.000234 0.015778 0.025885 -0.003788
 13 5.168527 5.004116 -0.000135 -0.144930 0.114849 2.179273
 14 17.182070 0.000099 0.000206 -0.000001 -0.000007 -1.030682
 15 16.782906 0.000656 -0.000113 0.156306 0.019075 0.200640
 16 5.168479 5.004167 -0.000064 0.105975 -0.102793 1.615290
 17 -2.170036 1.352229 2.953745 -0.132357 -1.264036 2.616729
 18 5.760273 0.000016 0.000006 0.393790 0.870172 0.147788
time 52
  0 -0.396715 -208.097305 1.220630 0.003060 0.133316 -1.603673
  1 0.000000 0.000000 0.000000 -3.141168 -1.552805 1.570704
  2 4.484989 -0.004008 -0.070309 -0.083066 -0.011444 0.003963
  3 5.037136 -0.005101 -0.000238 -0.009120 -0.021198 0.326096
  4 6.388059 -0.005253 -0.000001 -0.007562 -0.045583 0.070876
  5 6.146608 1.394838 0.000001 -0.000001 -0.000002 0.650292
  6 -2.170032 1.352243 -2.953732 0.163173 1.164647 2.640540
  7 5.760270 -0.000012 -0.000009 0.010566 -0.500748 -0.609629
  8 10.965153 0.000065 -0.000006 0.000013 0.000002 -1.200304
  9 0.000007 -0.000004 -4.044200 0.167193 3.057788 -0.718234
 10 -0.000007 0.000007 4.044200 -0.182933 -3.126787 0.610833
 11 17.182070 0.000091 0.000546 0.000004 -0.000009 -0.236972
 12 16.782913 0.000650 -0.000234 0.008617 0.046288 -0.103809
 13 5.168527 5.004116 -0.000135 -0.129963 0.087022 1.857213
 14 17.182070 0.000099 0.000206 -0.000001 -0.000007 -0.676803
 15 16.782906 0.000656 -0.000113 0.170960 -0.047211 0.113368
 16 5.168479 5.004167 -0.000064 0.098727 -0.102481 1.639628
 17 -2.170036 1.352229 2.953745 -0.132357 -1.264036 2.616729
 18 5.760273 0.000016 0.000006 0.393790 0.870172 0.147788
time 53
  0 -0.451404 -212.052124 2.162065 0.000861 0.134255 -1.576257
  1 0.000000 0.000000 0.000000 -3.141168 -1.552805 1.570704
  2 4.484989 -0.004008 -0.070309 -0.083066 -0.011444 0.003963
  3 5.037136 -0.005101 -0.000238 -0.009120 -0.021198 0.326096
  4 6.388059 -0.005253 -0.000001 -0.007562 -0.045583 0.070876
  5 6.146608 1.394838 0.000001 -0.000001 -0.000002 0.650292
  6 -2.170032 1.352243 -2.953732 0.163173 1.164647 2.640540
  7 5.760270 -0.000012 -0.000009 0.010566 -0.500748 -0.609629
  8 10.965153 0.000065 -0.000006 0.000013 0.000002 -1.200304
  9 0.000007 -0.000004 -4.044200 0.206753 3.090939 -0.703235
 10 -0.000007 0.000007 4.044200 -0.168556 -3.106484 0.501202
 11 17.182070 0.000091 0.000546 0.000004 -0.000009 -0.397369
 12 16.782913 0.000650 -0.000234 -0.005485 0.060557 -0.172653
 13 5.168527 5.004116 -0.000135 -0.106954 0.065333 1.535480
 14 17.182070 0.000099 0.000206 -0.000001 -0.000007 -0.369250
 15 16.782906 0.000656 -0.000113 0.159884 -0.102148 0.048788
 16 5.168479 5.004167 -0.000064 0.093426 -0.102254 1.657451
 17 -2.170036 1.352229 2.953745 -0.132357 -1.264036 2.616729
 18 5.760273 0.000016 0.000006 0.393790 0.870172 0.147788
time 54
  0 -0.498280 -216.014755 2.439417 -0.001052 0.135095 -1.548372
  1 0.000000 0.000000 0.000000 -3.141168 -1.552805 1.570704
  2 4.484989 -0.004008 -0.070309 -0.083066 -0.011444 0.003963
  3 5.037136 -0.005101 -0.000238 -0.009120 -0.021198 0.326096
  4 6.388059 -0.005253 -0.000001 -0.007562 -0.045583 0.070876
  5 6.146608 1.394838 0.000001 -0.000001 -0.000002 0.650292
  6 -2.170032 1.352243 -2.953732 0.163173 1.164647 2.640540
  7 5.760270 -0.000012 -0.000009 0.010566 -0.500748 -0.609629
  8 10.965153 0.000065 -0.000006 0.000013 0.000002 -1.200304
  9 0.000007 -0.000004 -4.044200 0.236921 3.114441 -0.690528
 10 -0.000007 0.000007 4.044200 -0.158971 -3.083792 0.416517
 11 17.182070 0.000091 0.000546 0.000004 -0.000009 -0.560059
 12 16.782913 0.000650 -0.000234 -0.015883 0.077903 -0.193846
 13 5.168527 5.004116 -0.000135 -0.095615 0.058679 1.402126
 14 17.182070 0.000099 0.000206 -0.000001 -0.000007 -0.155031
 15 16.782906 0.000656 -0.000113 0.135992 -0.129184 0.029482
 16 5.168479 5.004167 -0.000064 0.091478 -0.102146 1.663946
 17 -2.170036 1.352229 2.953745 -0.132357 -1.264036 2.616729
 18 5.760273 0.000016 0.000006 0.393790 0.870172 0.147788
time 55
  0 -0.560782 -219.961746 2.458949 -0.003060 0.136083 -1.521707
  1 0.000000 0.000000 0.000000 -3.141168 -1.552805 1.570704
  2 4.484989 -0.004008 -0.070309 -0.083066 -0.011444 0.003963
  3 5.037136 -0.005101 -0.000238 -0.009120 -0.021198 0.326096
  4 6.388059 -0.005253 -0.000001 -0.007562 -0.045583 0.070876
  5 6.146608 1.394838 0.000001 -0.000001 -0.000002 0.650292
  6 -2.170032 1.352243 -2.953732 0.163173 1.164647 2.640540
  7 5.760270 -0.000012 -0.000009 0.010566 -0.500748 -0.609629
  8 10.965153 0.000065 -0.000006 0.000013 0.000002 -1.200304
  9 0.000007 -0.000004 -4.044200 0.254281 3.123326 -0.666738
 10 -0.000007 0.000007 4.044200 -0.155617 -3.057058 0.362801
 11 17.182070 0.000091 0.000546 0.000004 -0.000009 -0.725618
 12 16.782913 0.000650 -0.000234 -0.021156 0.106367 -0.170955
 13 5.168527 5.004116 -0.000135 -0.098061 0.060209 1.403497
 14 17.182070 0.000099 0.000206 -0.000001 -0.000007 -0.078074
 15 16.782906 0.000656 -0.000113 0.123029 -0.124456 0.083863
 16 5.168479 5.004167 -0.000064 0.091478 -0.102146 1.663946
 17 -2.170036 1.352229 2.953745 -0.132357 -1.264036 2.616729
 18 5.760273 0.000016 0.000006 0.393790 0.870172 0.147788
time 56
  0 -0.615472 -223.916565 2.322226 -0.005068 0.137022 -1.496169
  1 0.000000 0.000000 0.000000 -3.141168 -1.552805 1.570704
  2 4.484989 -0.004008 -0.070309 -0.083066 -0.011444 0.003963
  3 5.037136 -0.005101 -0.000238 -0.009120 -0.021198 0.326096
  4 6.388059 -0.005253 -0.000001 -0.007562 -0.045583 0.070876
  5 6.146608 1.394838 0.000001 -0.000001 -0.000002 0.650292
  6 -2.170032 1.352243 -2.953732 0.163173 1.164647 2.640540
  7 5.760270 -0.000012 -0.000009 0.010566 -0.500748 -0.609629
  8 10.965153 0.000065 -0.000006 0.000013 0.000002 -1.200304
  9 0.000007 -0.000004 -4.044200 0.261871 3.117880 -0.625656
 10 -0.000007 0.000007 4.044200 -0.154946 -3.027752 0.320936
 11 17.182070 0.000091 0.000546 0.000004 -0.000009 -0.903222
 12 16.782913 0.000650 -0.000234 -0.027336 0.143930 -0.124018
 13 5.168527 5.004116 -0.000135 -0.104986 0.064479 1.407381
 14 17.182070 0.000099 0.000206 -0.000001 -0.000007 -0.120972
 15 16.782906 0.000656 -0.000113 0.130088 -0.102888 0.197968
 16 5.168479 5.004167 -0.000064 0.091478 -0.102146 1.663946
 17 -2.170036 1.352229 2.953745 -0.132357 -1.264036 2.616729
 18 5.760273 0.000016 0.000006 0.393790 0.870172 0.147788
time 57
  0 -0.681880 -227.859650 1.740177 -0.006598 0.137862 -1.472321
  1 0.000000 0.000000 0.000000 -3.141168 -1.552805 1.570704
  2 4.484989 -0.004008 -0.070309 -0.083066 -0.011444 0.003963
  3 5.037136 -0.005101 -0.000238 -0.009120 -0.021198 0.326096
  4 6.388059 -0.005253 -0.000001 -0.007562 -0.045583 0.070876
  5 6.146608 1.394838 0.000001 -0.000001 -0.000002 0.650292
  6 -2.170032 1.352243 -2.953732 0.163173 1.164647 2.640540
  7 5.760270 -0.000012 -0.000009 0.010566 -0.500748 -0.609629
  8 10.965153 0.000065 -0.000006 0.000013 0.000002 -1.200304
  9 0.000007 -0.000004 -4.044200 0.266330 3.104123 -0.583523
 10 -0.000007 0.000007 4.044200 -0.155617 -2.996332 0.286527
 11 17.182070 0.000091 0.000546 0.000004 -0.000009 -1.087137
 12 16.782913 0.000650 -0.000234 -0.035748 0.187442 -0.060676
 13 5.168527 5.004116 -0.000135 -0.115301 0.070920 1.413125
 14 17.182070 0.000099 0.000206 -0.000001 -0.000007 -0.237402
 15 16.782906 0.000656 -0.000113 0.145945 -0.078709 0.328557
 16 5.168479 5.004167 -0.000064 0.091478 -0.102146 1.663946
 17 -2.170036 1.352229 2.953745 -0.132357 -1.264036 2.616729
 18 5.760273 0.000016 0.000006 0.393790 0.870172 0.147788
time 58
  0 -0.748288 -231.802750 0.716708 -0.008319 0.138702 -1.451759
  1 0.000000 0.000000 0.000000 -3.141168 -1.552805 1.570704
  2 4.484989 -0.004008 -0.070309 -0.083066 -0.011444 0.003963
  3 5.037136 -0.005101 -0.000238 -0.009120 -0.021198 0.326096
  4 6.388059 -0.005253 -0.000001 -0.007562 -0.045583 0.070876
  5 6.146608 1.394838 0.000001 -0.000001 -0.000002 0.650292
  6 -2.170032 1.352243 -2.953732 0.163173 1.164647 2.640540
  7 5.760270 -0.000012 -0.000009 0.010566 -0.500748 -0.609629
  8 10.965153 0.000065 -0.000006 0.000013 0.000002 -1.200304
  9 0.000007 -0.000004 -4.044200 0.273350 3.088646 -0.557918
 10 -0.000007 0.000007 4.044200 -0.155809 -2.964453 0.253265
 11 17.182070 0.000091 0.000546 0.000004 -0.000009 -1.271266
 12 16.782913 0.000650 -0.000234 -0.046833 0.232937 0.010681
 13 5.168527 5.004116 -0.000135 -0.127464 0.078642 1.419848
 14 17.182070 0.000099 0.000206 -0.000001 -0.000007 -0.381585
 15 16.782906 0.000656 -0.000113 0.156745 -0.063330 0.432125
 16 5.168479 5.004167 -0.000064 0.091478 -0.102146 1.663946
 17 -2.170036 1.352229 2.953745 -0.132357 -1.264036 2.616729
 18 5.760273 0.000016 0.000006 0.393790 0.870172 0.147788
time 59
  0 -0.791258 -235.769287 -0.584113 -0.009562 0.139443 -1.434202
  1 0.000000 0.000000 0.000000 -3.141168 -1.552805 1.570704
  2 4.484989 -0.004008 -0.070309 -0.083066 -0.011444 0.003963
  3 5.037136 -0.005101 -0.000238 -0.009120 -0.021198 0.326096
  4 6.388059 -0.005253 -0.000001 -0.007562 -0.045583 0.070876
  5 6.146608 1.394838 0.000001 -0.000001 -0.000002 0.650292
  6 -2.170032 1.352243 -2.953732 0.163173 1.164647 2.640540
  7 5.760270 -0.000012 -0.000009 0.010566 -0.500748 -0.609629
  8 10.965153 0.000065 -0.000006 0.000013 0.000002 -1.200304
  9 0.000007 -0.000004 -4.044200 0.286252 3.055018 -0.597567
 10 -0.000007 0.000007 4.044200 -0.154083 -2.933401 0.216562
 11 17.182070 0.000091 0.000546 0.000004 -0.000009 -1.449731
 12 16.782913 0.000650 -0.000234 -0.060076 0.276116 0.082173
 13 5.168527 5.004116 -0.000135 -0.139546 0.086435 1.426441
 14 17.182070 0.000099 0.000206 -0.000001 -0.000007 -0.692976
 15 16.782906 0.000656 -0.000113 0.157217 -0.081793 0.446877
 16 5.168479 5.004167 -0.000064 0.091478 -0.102146 1.663946
 17 -2.170036 1.352229 2.953745 -0.132357 -1.264036 2.616729
 18 5.760273 0.000016 0.000006 0.393790 0.870172 0.147788
time 60
  0 -0.834228 -239.735809 -2.021657 -0.010423 0.140036 -1.421057
  1 0.000000 0.000000 0.000000 -3.141168 -1.552805 1.570704
  2 4.484989 -0.004008 -0.070309 -0.083066 -0.011444 0.003963
  3 5.037136 -0.005101 -0.000238 -0.009120 -0.021198 0.326096
  4 6.388059 -0.005253 -0.000001 -0.007562 -0.045583 0.070876
  5 6.146608 1.394838 0.000001 -0.000001 -0.000002 0.650292
  6 -2.170032 1.352243 -2.953732 0.163173 1.164647 2.640540
  7 5.760270 -0.000012 -0.000009 0.010566 -0.500748 -0.609629
  8 10.965153 0.000065 -0.000006 0.000013 0.000002 -1.200304
  9 0.000007 -0.000004 -4.044200 0.296877 3.023586 -0.617057
 10 -0.000007 0.000007 4.044200 -0.148045 -2.904738 0.170778
 11 17.182070 0.000091 0.000546 0.000004 -0.000009 -1.616508
 12 16.782913 0.000650 -0.000234 -0.073859 0.312475 0.145005
 13 5.168527 5.004116 -0.000135 -0.149795 0.093089 1.431989
 14 17.182070 0.000099 0.000206 -0.000001 -0.000007 -1.009576
 15 16.782906 0.000656 -0.000113 0.152126 -0.102333 0.484586
 16 5.168479 5.004167 -0.000064 0.091478 -0.102146 1.663946
 17 -2.170036 1.352229 2.953745 -0.132357 -1.264036 2.616729
 18 5.760273 0.000016 0.000006 0.393790 0.870172 0.147788
time 61
  0 -0.857666 -243.721878 -3.463107 -0.011188 0.140382 -1.412513
  1 0.000000 0.000000 0.000000 -3.141168 -1.552805 1.570704
  2 4.484989 -0.004008 -0.070309 -0.083066 -0.011444 0.003963
  3 5.037136 -0.005101 -0.000238 -0.009120 -0.021198 0.326096
  4 6.388059 -0.005253 -0.000001 -0.007562 -0.045583 0.070876
  5 6.146608 1.394838 0.000001 -0.000001 -0.000002 0.650292
  6 -2.170032 1.352243 -2.953732 0.163173 1.164647 2.640540
  7 5.760270 -0.000012 -0.000009 0.010566 -0.500748 -0.609629
  8 10.965153 0.000065 -0.000006 0.000013 0.000002 -1.200304
  9 0.000007 -0.000004 -4.044200 0.303707 3.017281 -0.560975
 10 -0.000007 0.000007 4.044200 -0.135873 -2.880209 0.109320
 11 17.182070 0.000091 0.000546 0.000004 -0.000009 -1.765719
 12 16.782913 0.000650 -0.000234 -0.085925 0.337455 0.191365
 13 5.168527 5.004116 -0.000135 -0.156601 0.097555 1.435644
 14 17.182070 0.000099 0.000206 -0.000001 -0.000007 -1.159378
 15 16.782906 0.000656 -0.000113 0.141099 -0.083767 0.657212
 16 5.168479 5.004167 -0.000064 0.090480 -0.104135 1.642986
 17 -2.170036 1.352229 2.953745 -0.132357 -1.264036 2.616729
 18 5.760273 0.000016 0.000006 0.393790 0.870172 0.147788
time 62
  0 -0.861573 -247.727478 -4.767834 -0.011379 0.140481 -1.409884
  1 0.000000 0.000000 0.000000 -3.141168 -1.552805 1.570704
  2 4.484989 -0.004008 -0.070309 -0.083066 -0.011444 0.003963
  3 5.037136 -0.005101 -0.000238 -0.009120 -0.021198 0.326096
  4 6.388059 -0.005253 -0.000001 -0.007562 -0.045583 0.070876
  5 6.146608 1.394838 0.000001 -0.000001 -0.000002 0.650292
  6 -2.170032 1.352243 -2.953732 0.163173 1.164647 2.640540
  7 5.760270 -0.000012 -0.000009 0.010566 -0.500748 -0.609629
  8 10.965153 0.000065 -0.000006 0.000013 0.000002 -1.200304
  9 0.000007 -0.000004 -4.044200 0.311202 3.020242 -0.474989
 10 -0.000007 0.000007 4.044200 -0.114883 -2.862478 0.026929
 11 17.182070 0.000091 0.000546 0.000004 -0.000009 -1.891483
 12 16.782913 0.000650 -0.000234 -0.093454 0.346313 0.213237
 13 5.168527 5.004116 -0.000135 -0.158967 0.099156 1.436950
 14 17.182070 0.000099 0.000206 -0.000001 -0.000007 -1.240652
 15 16.782906 0.000656 -0.000113 0.125648 -0.053091 0.854563
 16 5.168479 5.004167 -0.000064 0.088236 -0.109253 1.592247
 17 -2.170036 1.352229 2.953745 -0.132357 -1.264036 2.616729
 18 5.760273 0.000016 0.000006 0.393790 0.870172 0.147788
time 63
  0 -0.842041 -251.756500 -6.588202 -0.011188 0.140382 -1.412513
  1 0.000000 0.000000 0.000000 -3.141168 -1.552805 1.570704
  2 4.484989 -0.004008 -0.070309 -0.083066 -0.011444 0.003963
  3 5.037136 -0.005101 -0.000238 -0.009120 -0.021198 0.326096
  4 6.388059 -0.005253 -0.000001 -0.007562 -0.045583 0.070876
  5 6.146608 1.394838 0.000001 -0.000001 -0.000002 0.650292
  6 -2.170032 1.352243 -2.953732 0.163173 1.164647 2.640540
  7 5.760270 -0.000012 -0.000009 0.010566 -0.500748 -0.609629
  8 10.965153 0.000065 -0.000006 0.000013 0.000002 -1.200304
  9 0.000007 -0.000004 -4.044200 0.315091 3.021867 -0.383080
 10 -0.000007 0.000007 4.044200 -0.068303 -2.862386 -0.125905
 11 17.182070 0.000091 0.000546 0.000004 -0.000009 -1.989786
 12 16.782913 0.000650 -0.000234 -0.087568 0.303190 0.167658
 13 5.168527 5.004116 -0.000135 -0.153397 0.099957 1.455912
 14 17.182070 0.000099 0.000206 -0.000001 -0.000007 -1.324942
 15 16.782906 0.000656 -0.000113 0.112636 -0.017275 1.063016
 16 5.168479 5.004167 -0.000064 0.086252 -0.114406 1.541629
 17 -2.170036 1.352229 2.953745 -0.132357 -1.264036 2.616729
 18 5.760273 0.000016 0.000006 0.393790 0.870172 0.147788
time 64
  0 -0.802977 -255.805069 -7.760113 -0.010423 0.140036 -1.421057
  1 0.000000 0.000000 0.000000 -3.141168 -1.552805 1.570704
  2 4.484989 -0.004008 -0.070309 -0.083066 -0.011444 0.003963
  3 5.037136 -0.005101 -0.000238 -0.009120 -0.021198 0.326096
  4 6.388059 -0.005253 -0.000001 -0.007562 -0.045583 0.070876
  5 6.146608 1.394838 0.000001 -0.000001 -0.000002 0.650292
  6 -2.170032 1.352243 -2.953732 0.163173 1.164647 2.640540
  7 5.760270 -0.000012 -0.000009 0.010566 -0.500748 -0.609629
  8 10.965153 0.000065 -0.000006 0.000013 0.000002 -1.200304
  9 0.000007 -0.000004 -4.044200 0.320309 3.036866 -0.239961
 10 -0.000007 0.000007 4.044200 -0.002266 -2.891509 -0.344881
 11 17.182070 0.000091 0.000546 0.000004 -0.000009 -2.042845
 12 16.782913 0.000650 -0.000234 -0.066894 0.199655 0.060199
 13 5.168527 5.004116 -0.000135 -0.139812 0.101576 1.501766
 14 17.182070 0.000099 0.000206 -0.000001 -0.000007 -1.297256
 15 16.782906 0.000656 -0.000113 0.103105 0.010789 1.155143
 16 5.168479 5.004167 -0.000064 0.085512 -0.116503 1.520609
 17 -2.170036 1.352229 2.953745 -0.132357 -1.264036 2.616729
 18 5.760273 0.000016 0.000006 0.393790 0.870172 0.147788
time 65
  0 -0.752194 -259.865326 -7.084311 -0.009562 0.139443 -1.434202
  1 0.000000 0.000000 0.000000 -3.141168 -1.552805 1.570704
  2 4.484989 -0.004008 -0.070309 -0.083066 -0.011444 0.003963
  3 5.037136 -0.005101 -0.000238 -0.009120 -0.021198 0.326096
  4 6.388059 -0.005253 -0.000001 -0.007562 -0.045583 0.070876
  5 6.146608 1.394838 0.000001 -0.000001 -0.000002 0.650292
  6 -2.170032 1.352243 -2.953732 0.163173 1.164647 2.640540
  7 5.760270 -0.000012 -0.000009 0.010566 -0.500748 -0.609629
  8 10.965153 0.000065 -0.000006 0.000013 0.000002 -1.200304
  9 0.000007 -0.000004 -4.044200 0.327234 3.055400 -0.102288
 10 -0.000007 0.000007 4.044200 0.049107 -2.939924 -0.552579
 11 17.182070 0.000091 0.000546 0.000004 -0.000009 -2.023486
 12 16.782913 0.000650 -0.000234 -0.048599 0.076680 -0.048959
 13 5.168527 5.004116 -0.000135 -0.126148 0.102519 1.547621
 14 17.182070 0.000099 0.000206 -0.000001 -0.000007 -1.132583
 15 16.782906 0.000656 -0.000113 0.083702 0.010502 1.068623
 16 5.168479 5.004167 -0.000064 0.093944 -0.121705 1.529895
 17 -2.170036 1.352229 2.953745 -0.132357 -1.264036 2.616729
 18 5.760273 0.000016 0.000006 0.393790 0.870172 0.147788
time 66
  0 -0.697505 -263.929535 -5.806928 -0.008319 0.138702 -1.451759
  1 0.000000 0.000000 0.000000 -3.141168 -1.552805 1.570704
  2 4.484989 -0.004008 -0.070309 -0.083066 -0.011444 0.003963
  3 5.037136 -0.005101 -0.000238 -0.009120 -0.021198 0.326096
  4 6.388059 -0.005253 -0.000001 -0.007562 -0.045583 0.070876
  5 6.146608 1.394838 0.000001 -0.000001 -0.000002 0.650292
  6 -2.170032 1.352243 -2.953732 0.163173 1.164647 2.640540
  7 5.760270 -0.000012 -0.000009 0.010566 -0.500748 -0.609629
  8 10.965153 0.000065 -0.000006 0.000013 0.000002 -1.200304
  9 0.000007 -0.000004 -4.044200 0.334349 3.092946 0.075226
 10 -0.000007 0.000007 4.044200 0.066455 -2.980071 -0.681613
 11 17.182070 0.000091 0.000546 0.000004 -0.000009 -1.904963
 12 16.782913 0.000650 -0.000234 -0.052964 -0.013217 -0.099938
 13 5.168527 5.004116 -0.000135 -0.120499 0.102697 1.566746
 14 17.182070 0.000099 0.000206 -0.000001 -0.000007 -0.876631
 15 16.782906 0.000656 -0.000113 0.058883 -0.014459 0.952899
 16 5.168479 5.004167 -0.000064 0.087201 -0.123670 1.458095
 17 -2.170036 1.352229 2.953745 -0.132357 -1.264036 2.616729
 18 5.760273 0.000016 0.000006 0.393790 0.870172 0.147788
time 67
  0 -0.627191 -268.009369 -4.135002 -0.006598 0.137862 -1.472321
  1 0.000000 0.000000 0.000000 -3.141168 -1.552805 1.570704
  2 4.484989 -0.004008 -0.070309 -0.083066 -0.011444 0.003963
  3 5.037136 -0.005101 -0.000238 -0.009120 -0.021198 0.326096
  4 6.388059 -0.005253 -0.000001 -0.007562 -0.045583 0.070876
  5 6.146608 1.394838 0.000001 -0.000001 -0.000002 0.650292
  6 -2.170032 1.352243 -2.953732 0.163173 1.164647 2.640540
  7 5.760270 -0.000012 -0.000009 0.010566 -0.500748 -0.609629
  8 10.965153 0.000065 -0.000006 0.000013 0.000002 -1.200304
  9 0.000007 -0.000004 -4.044200 0.334065 3.140618 0.270223
 10 -0.000007 0.000007 4.044200 0.055241 -3.002671 -0.728639
 11 17.182070 0.000091 0.000546 0.000004 -0.000009 -1.670069
 12 16.782913 0.000650 -0.000234 -0.077366 -0.054524 -0.080782
 13 5.168527 5.004116 -0.000135 -0.118571 0.102786 1.573078
 14 17.182070 0.000099 0.000206 -0.000001 -0.000007 -0.550986
 15 16.782906 0.000656 -0.000113 0.044554 -0.052063 0.719383
 16 5.168479 5.004167 -0.000064 0.089025 -0.115760 1.454858
 17 -2.170036 1.352229 2.953745 -0.132357 -1.264036 2.616729
 18 5.760273 0.000016 0.000006 0.393790 0.870172 0.147788
time 68
  0 -0.556876 -272.089172 -2.291196 -0.005068 0.137022 -1.496169
  1 0.000000 0.000000 0.000000 -3.141168 -1.552805 1.570704
  2 4.484989 -0.004008 -0.070309 -0.083066 -0.011444 0.003963
  3 5.037136 -0.005101 -0.000238 -0.009120 -0.021198 0.326096
  4 6.388059 -0.005253 -0.000001 -0.007562 -0.045583 0.070876
  5 6.146608 1.394838 0.000001 -0.000001 -0.000002 0.650292
  6 -2.170032 1.352243 -2.953732 0.163173 1.164647 2.640540
  7 5.760270 -0.000012 -0.000009 0.010566 -0.500748 -0.609629
  8 10.965153 0.000065 -0.000006 0.000013 0.000002 -1.200304
  9 0.000007 -0.000004 -4.044200 0.324958 3.149121 0.358406
 10 -0.000007 0.000007 4.044200 0.030801 -3.019851 -0.742976
 11 17.182070 0.000091 0.000546 0.000004 -0.000009 -1.349779
 12 16.782913 0.000650 -0.000234 -0.105741 -0.066291 -0.028649
 13 5.168527 5.004116 -0.000135 -0.113254 0.102857 1.590930
 14 17.182070 0.000099 0.000206 -0.000001 -0.000007 -0.369250
 15 16.782906 0.000656 -0.000113 0.055630 -0.062199 0.276961
 16 5.168479 5.004167 -0.000064 0.103090 -0.111745 1.756482
 17 -2.170036 1.352229 2.953745 -0.132357 -1.264036 2.616729
 18 5.760273 0.000016 0.000006 0.393790 0.870172 0.147788
time 69
  0 -0.494374 -276.161163 -0.490360 -0.003060 0.136083 -1.521707
  1 0.000000 0.000000 0.000000 -3.141168 -1.552805 1.570704
  2 4.484989 -0.004008 -0.070309 -0.083066 -0.011444 0.003963
  3 5.037136 -0.005101 -0.000238 -0.009120 -0.021198 0.326096
  4 6.388059 -0.005253 -0.000001 -0.007562 -0.045583 0.070876
  5 6.146608 1.394838 0.000001 -0.000001 -0.000002 0.650292
  6 -2.170032 1.352243 -2.953732 0.163173 1.164647 2.640540
  7 5.760270 -0.000012 -0.000009 0.010566 -0.500748 -0.609629
  8 10.965153 0.000065 -0.000006 0.000013 0.000002 -1.200304
  9 0.000007 -0.000004 -4.044200 0.310727 3.148452 0.418023
 10 -0.000007 0.000007 4.044200 -0.000732 -3.033080 -0.734756
 11 17.182070 0.000091 0.000546 0.000004 -0.000009 -0.989264
 12 16.782913 0.000650 -0.000234 -0.119303 -0.053690 0.039040
 13 5.168527 5.004116 -0.000135 -0.105997 0.102786 1.615277
 14 17.182070 0.000099 0.000206 -0.000001 -0.000007 -0.316689
 15 16.782906 0.000656 -0.000113 0.086597 -0.064975 0.117733
 16 5.168479 5.004167 -0.000064 0.103177 -0.103847 1.704489
 17 -2.170036 1.352229 2.953745 -0.132357 -1.264036 2.616729
 18 5.760273 0.000016 0.000006 0.393790 0.870172 0.147788
time 70
  0 -0.420153 -280.244873 1.044843 -0.001052 0.135095 -1.548372
  1 0.000000 0.000000 0.000000 -3.141168 -1.552805 1.570704
  2 4.484989 -0.004008 -0.070309 -0.083066 -0.011444 0.003963
  3 5.037136 -0.005101 -0.000238 -0.009120 -0.021198 0.326096
  4 6.388059 -0.005253 -0.000001 -0.007562 -0.045583 0.070876
  5 6.146608 1.394838 0.000001 -0.000001 -0.000002 0.650292
  6 -2.170032 1.352243 -2.953732 0.163173 1.164647 2.640540
  7 5.760270 -0.000012 -0.000009 0.010566 -0.500748 -0.609629
  8 10.965153 0.000065 -0.000006 0.000013 0.000002 -1.200304
  9 0.000007 -0.000004 -4.044200 0.293841 3.136032 0.439329
 10 -0.000007 0.000007 4.044200 -0.033703 -3.044104 -0.714302
 11 17.182070 0.000091 0.000546 0.000004 -0.000009 -0.634270
 12 16.782913 0.000650 -0.000234 -0.111185 -0.036807 0.106117
 13 5.168527 5.004116 -0.000135 -0.098752 0.102519 1.639624
 14 17.182070 0.000099 0.000206 -0.000001 -0.000007 -0.337178
 15 16.782906 0.000656 -0.000113 0.129161 -0.050336 -0.022000
 16 5.168479 5.004167 -0.000064 0.101710 -0.084924 1.579097
 17 -2.170036 1.352229 2.953745 -0.132357 -1.264036 2.616729
 18 5.760273 0.000016 0.000006 0.393790 0.870172 0.147788
time 71
  0 -0.357651 -284.316895 2.099563 0.000861 0.134255 -1.576257
  1 0.000000 0.000000 0.000000 -3.141168 -1.552805 1.570704
  2 4.484989 -0.004008 -0.070309 -0.083066 -0.011444 0.003963
  3 5.037136 -0.005101 -0.000238 -0.009120 -0.021198 0.326096
  4 6.388059 -0.005253 -0.000001 -0.007562 -0.045583 0.070876
  5 6.146608 1.394838 0.000001 -0.000001 -0.000002 0.650292
  6 -2.170032 1.352243 -2.953732 0.163173 1.164647 2.640540
  7 5.760270 -0.000012 -0.000009 0.010566 -0.500748 -0.609629
  8 10.965153 0.000065 -0.000006 0.000013 0.000002 -1.200304
  9 0.000007 -0.000004 -4.044200 0.277429 3.113868 0.436654
 10 -0.000007 0.000007 4.044200 -0.064660 -3.053200 -0.691076
 11 17.182070 0.000091 0.000546 0.000004 -0.000009 -0.329682
 12 16.782913 0.000650 -0.000234 -0.093552 -0.030488 0.157877
 13 5.168527 5.004116 -0.000135 -0.093422 0.102270 1.657444
 14 17.182070 0.000099 0.000206 -0.000001 -0.000007 -0.421605
 15 16.782906 0.000656 -0.000113 0.169480 -0.030516 -0.111531
 16 5.168479 5.004167 -0.000064 0.097876 -0.066264 1.453988
 17 -2.170036 1.352229 2.953745 -0.132357 -1.264036 2.616729
 18 5.760273 0.000016 0.000006 0.393790 0.870172 0.147788
time 72
  0 -0.318588 -288.365479 2.439417 0.003060 0.133316 -1.603673
  1 0.000000 0.000000 0.000000 -3.141168 -1.552805 1.570704
  2 4.484989 -0.004008 -0.070309 -0.083066 -0.011444 0.003963
  3 5.037136 -0.005101 -0.000238 -0.009120 -0.021198 0.326096
  4 6.388059 -0.005253 -0.000001 -0.007562 -0.045583 0.070876
  5 6.146608 1.394838 0.000001 -0.000001 -0.000002 0.650292
  6 -2.170032 1.352243 -2.953732 0.163173 1.164647 2.640540
  7 5.760270 -0.000012 -0.000009 0.010566 -0.500748 -0.609629
  8 10.965153 0.000065 -0.000006 0.000013 0.000002 -1.200304
  9 0.000007 -0.000004 -4.044200 0.263673 3.084061 0.422705
 10 -0.000007 0.000007 4.044200 -0.088813 -3.061100 -0.676165
 11 17.182070 0.000091 0.000546 0.000004 -0.000009 -0.121246
 12 16.782913 0.000650 -0.000234 -0.083644 -0.032100 0.180463
 13 5.168527 5.004116 -0.000135 -0.091495 0.102092 1.663971
 14 17.182070 0.000099 0.000206 -0.000001 -0.000007 -0.560100
 15 16.782906 0.000656 -0.000113 0.200561 -0.024841 -0.122633
 16 5.168479 5.004167 -0.000064 0.095608 -0.058702 1.402096
 17 -2.170036 1.352229 2.953745 -0.132357 -1.264036 2.616729
 18 5.760273 0.000016 0.000006 0.393790 0.870172 0.147788
time 73
  0 -0.267805 -292.425720 2.470668 0.005068 0.132575 -1.630901
  1 0.000000 0.000000 0.000000 -3.141168 -1.552805 1.570704
  2 4.484989 -0.004008 -0.070309 -0.083066 -0.011444 0.003963
  3 5.037136 -0.005101 -0.000238 -0.009120 -0.021198 0.326096
  4 6.388059 -0.005253 -0.000001 -0.007562 -0.045583 0.070876
  5 6.146608 1.394838 0.000001 -0.000001 -0.000002 0.650292
  6 -2.170032 1.352243 -2.953732 0.163173 1.164647 2.640540
  7 5.760270 -0.000012 -0.000009 0.010566 -0.500748 -0.609629
  8 10.965153 0.000065 -0.000006 0.000013 0.000002 -1.200304
  9 0.000007 -0.000004 -4.044200 0.252858 3.047470 0.411240
 10 -0.000007 0.000007 4.044200 -0.100123 -3.065602 -0.667563
 11 17.182070 0.000091 0.000546 0.000004 -0.000009 -0.066323
 12 16.782913 0.000650 -0.000234 -0.096299 -0.017034 0.126699
 13 5.168527 5.004116 -0.000135 -0.091495 0.102092 1.663971
 14 17.182070 0.000099 0.000206 -0.000001 -0.000007 -0.747867
 15 16.782906 0.000656 -0.000113 0.229755 -0.039850 -0.062908
 16 5.168479 5.004167 -0.000064 0.098036 -0.060200 1.403491
 17 -2.170036 1.352229 2.953745 -0.132357 -1.264036 2.616729
 18 5.760273 0.000016 0.000006 0.393790 0.870172 0.147788
time 74
  0 -0.217022 -296.486023 2.353477 0.007076 0.131883 -1.656533
  1 0.000000 0.000000 0.000000 -3.141168 -1.552805 1.570704
  2 4.484989 -0.004008 -0.070309 -0.083066 -0.011444 0.003963
  3 5.037136 -0.005101 -0.000238 -0.009120 -0.021198 0.326096
  4 6.388059 -0.005253 -0.000001 -0.007562 -0.045583 0.070876
  5 6.146608 1.394838 0.000001 -0.000001 -0.000002 0.650292
  6 -2.170032 1.352243 -2.953732 0.163173 1.164647 2.640540
  7 5.760270 -0.000012 -0.000009 0.010566 -0.500748 -0.609629
  8 10.965153 0.000065 -0.000006 0.000013 0.000002 -1.200304
  9 0.000007 -0.000004 -4.044200 0.242328 3.004670 0.402450
 10 -0.000007 0.000007 4.044200 -0.103286 -3.065234 -0.653799
 11 17.182070 0.000091 0.000546 0.000004 -0.000009 -0.147776
 12 16.782913 0.000650 -0.000234 -0.130290 0.014265 0.013160
 13 5.168527 5.004116 -0.000135 -0.091495 0.102092 1.663971
 14 17.182070 0.000099 0.000206 -0.000001 -0.000007 -0.975723
 15 16.782906 0.000656 -0.000113 0.264040 -0.064975 0.033171
 16 5.168479 5.004167 -0.000064 0.104964 -0.064406 1.407356
 17 -2.170036 1.352229 2.953745 -0.132357 -1.264036 2.616729
 18 5.760273 0.000016 0.000006 0.393790 0.870172 0.147788
time 75
  0 -0.166239 -300.546326 1.751896 0.009084 0.131290 -1.679630
  1 0.000000 0.000000 0.000000 -3.141168 -1.552805 1.570704
  2 4.484989 -0.004008 -0.070309 -0.083066 -0.011444 0.003963
  3 5.037136 -0.005101 -0.000238 -0.009120 -0.021198 0.326096
  4 6.388059 -0.005253 -0.000001 -0.007562 -0.045583 0.070876
  5 6.146608 1.394838 0.000001 -0.000001 -0.000002 0.650292
  6 -2.170032 1.352243 -2.953732 0.163173 1.164647 2.640540
  7 5.760270 -0.000012 -0.000009 0.010566 -0.500748 -0.609629
  8 10.965153 0.000065 -0.000006 0.000013 0.000002 -1.200304
  9 0.000007 -0.000004 -4.044200 0.231513 2.958622 0.392323
 10 -0.000007 0.000007 4.044200 -0.107790 -3.059814 -0.631624
 11 17.182070 0.000091 0.000546 0.000004 -0.000009 -0.297919
 12 16.782913 0.000650 -0.000234 -0.168597 0.036355 -0.080069
 13 5.168527 5.004116 -0.000135 -0.091495 0.102092 1.663971
 14 17.182070 0.000099 0.000206 -0.000001 -0.000007 -1.228317
 15 16.782906 0.000656 -0.000113 0.300781 -0.096576 0.153147
 16 5.168479 5.004167 -0.000064 0.115294 -0.070950 1.413142
 17 -2.170036 1.352229 2.953745 -0.132357 -1.264036 2.616729
 18 5.760273 0.000016 0.000006 0.393790 0.870172 0.147788
time 76
  0 -0.115456 -304.606598 0.681551 0.010614 0.130895 -1.700850
  1 0.000000 0.000000 0.000000 -3.141168 -1.552805 1.570704
  2 4.484989 -0.004008 -0.070309 -0.083066 -0.011444 0.003963
  3 5.037136 -0.005101 -0.000238 -0.009120 -0.021198 0.326096
  4 6.388059 -0.005253 -0.000001 -0.007562 -0.045583 0.070876
  5 6.146608 1.394838 0.000001 -0.000001 -0.000002 0.650292
  6 -2.170032 1.352243 -2.953732 0.163173 1.164647 2.640540
  7 5.760270 -0.000012 -0.000009 0.010566 -0.500748 -0.609629
  8 10.965153 0.000065 -0.000006 0.000013 0.000002 -1.200304
  9 0.000007 -0.000004 -4.044200 0.220319 2.911427 0.376272
 10 -0.000007 0.000007 4.044200 -0.123126 -3.050443 -0.596259
 11 17.182070 0.000091 0.000546 0.000004 -0.000009 -0.449495
 12 16.782913 0.000650 -0.000234 -0.183189 0.044101 -0.070220
 13 5.168527 5.004116 -0.000135 -0.091495 0.102092 1.663971
 14 17.182070 0.000099 0.000206 -0.000001 -0.000007 -1.490231
 15 16.782906 0.000656 -0.000113 0.336986 -0.131384 0.285316
 16 5.168479 5.004167 -0.000064 0.127437 -0.078644 1.419798
 17 -2.170036 1.352229 2.953745 -0.132357 -1.264036 2.616729
 18 5.760273 0.000016 0.000006 0.393790 0.870172 0.147788
time 77
  0 -0.084205 -308.647339 -0.670053 0.012144 0.130450 -1.717937
  1 0.000000 0.000000 0.000000 -3.141168 -1.552805 1.570704
  2 4.484989 -0.004008 -0.070309 -0.083066 -0.011444 0.003963
  3 5.037136 -0.005101 -0.000238 -0.009120 -0.021198 0.326096
  4 6.388059 -0.005253 -0.000001 -0.007562 -0.045583 0.070876
  5 6.146608 1.394838 0.000001 -0.000001 -0.000002 0.650292
  6 -2.170032 1.352243 -2.953732 0.163173 1.164647 2.640540
  7 5.760270 -0.000012 -0.000009 0.010566 -0.500748 -0.609629
  8 10.965153 0.000065 -0.000006 0.000013 0.000002 -1.200304
  9 0.000007 -0.000004 -4.044200 0.207417 2.865474 0.350286
 10 -0.000007 0.000007 4.044200 -0.150345 -3.024720 -0.653799
 11 17.182070 0.000091 0.000546 0.000004 -0.000009 -0.850737
 12 16.782913 0.000650 -0.000234 -0.157561 0.051532 0.238336
 13 5.168527 5.004116 -0.000135 -0.091495 0.102092 1.663971
 14 17.182070 0.000099 0.000206 -0.000001 -0.000007 -1.745635
 15 16.782906 0.000656 -0.000113 0.368945 -0.166316 0.418125
 16 5.168479 5.004167 -0.000064 0.139529 -0.086434 1.426454
 17 -2.170036 1.352229 2.953745 -0.132357 -1.264036 2.616729
 18 5.760273 0.000016 0.000006 0.393790 0.870172 0.147788
time 78
  0 -0.052954 -312.688080 -2.134941 0.013387 0.130203 -1.730988
  1 0.000000 0.000000 0.000000 -3.141168 -1.552805 1.570704
  2 4.484989 -0.004008 -0.070309 -0.083066 -0.011444 0.003963
  3 5.037136 -0.005101 -0.000238 -0.009120 -0.021198 0.326096
  4 6.388059 -0.005253 -0.000001 -0.007562 -0.045583 0.070876
  5 6.146608 1.394838 0.000001 -0.000001 -0.000002 0.650292
  6 -2.170032 1.352243 -2.953732 0.163173 1.164647 2.640540
  7 5.760270 -0.000012 -0.000009 0.010566 -0.500748 -0.609629
  8 10.965153 0.000065 -0.000006 0.000013 0.000002 -1.200304
  9 0.000007 -0.000004 -4.044200 0.191195 2.823725 0.309108
 10 -0.000007 0.000007 4.044200 -0.200472 -3.000926 -0.599987
 11 17.182070 0.000091 0.000546 0.000004 -0.000009 -1.060392
 12 16.782913 0.000650 -0.000234 -0.102209 0.051217 0.525834
 13 5.168527 5.004116 -0.000135 -0.091495 0.102092 1.663971
 14 17.182070 0.000099 0.000206 -0.000001 -0.000007 -1.979316
 15 16.782906 0.000656 -0.000113 0.392040 -0.198205 0.540322
 16 5.168479 5.004167 -0.000064 0.149761 -0.093013 1.431997
 17 -2.170036 1.352229 2.953745 -0.132357 -1.264036 2.616729
 18 5.760273 0.000016 0.000006 0.393790 0.870172 0.147788
time 79
  0 -0.033423 -316.717133 -3.549047 0.013865 0.130104 -1.739438
  1 0.000000 0.000000 0.000000 -3.141168 -1.552805 1.570704
  2 4.484989 -0.004008 -0.070309 -0.083066 -0.011444 0.003963
  3 5.037136 -0.005101 -0.000238 -0.009120 -0.021198 0.326096
  4 6.388059 -0.005253 -0.000001 -0.007562 -0.045583 0.070876
  5 6.146608 1.394838 0.000001 -0.000001 -0.000002 0.650292
  6 -2.170032 1.352243 -2.953732 0.163173 1.164647 2.640540
  7 5.760270 -0.000012 -0.000009 0.010566 -0.500748 -0.609629
  8 10.965153 0.000065 -0.000006 0.000013 0.000002 -1.200304
  9 0.000007 -0.000004 -4.044200 0.170798 2.788854 0.248535
 10 -0.000007 0.000007 4.044200 -0.253762 -2.986410 -0.481753
 11 17.182070 0.000091 0.000546 0.000004 -0.000009 -1.159196
 12 16.782913 0.000650 -0.000234 -0.045852 0.028424 0.767075
 13 5.168527 5.004116 -0.000135 -0.091495 0.102092 1.663971
 14 17.182070 0.000099 0.000206 -0.000001 -0.000007 -2.175717
 15 16.782906 0.000656 -0.000113 0.400595 -0.223350 0.640804
 16 5.168479 5.004167 -0.000064 0.156566 -0.097568 1.435679
 17 -2.170036 1.352229 2.953745 -0.132357 -1.264036 2.616729
 18 5.760273 0.000016 0.000006 0.393790 0.870172 0.147788
time 80
  0 -0.049048 -320.710999 -4.767834 0.014152 0.130055 -1.742724
  1 0.000000 0.000000 0.000000 -3.141168 -1.552805 1.570704
  2 4.484989 -0.004008 -0.070309 -0.083066 -0.011444 0.003963
  3 5.037136 -0.005101 -0.000238 -0.009120 -0.021198 0.326096
  4 6.388059 -0.005253 -0.000001 -0.007562 -0.045583 0.070876
  5 6.146608 1.394838 0.000001 -0.000001 -0.000002 0.650292
  6 -2.170032 1.352243 -2.953732 0.163173 1.164647 2.640540
  7 5.760270 -0.000012 -0.000009 0.010566 -0.500748 -0.609629
  8 10.965153 0.000065 -0.000006 0.000013 0.000002 -1.200304
  9 0.000007 -0.000004 -4.044200 0.144899 2.764397 0.164556
 10 -0.000007 0.000007 4.044200 -0.292291 -2.993392 -0.323089
 11 17.182070 0.000091 0.000546 0.000004 -0.000009 -1.160415
 12 16.782913 0.000650 -0.000234 -0.015785 -0.007435 0.897901
 13 5.168527 5.004116 -0.000135 -0.091495 0.102092 1.663971
 14 17.182070 0.000099 0.000206 -0.000001 -0.000007 -2.319352
 15 16.782906 0.000656 -0.000113 0.388755 -0.236735 0.708130
 16 5.168479 5.004167 -0.000064 0.158957 -0.099150 1.436913
 17 -2.170036 1.352229 2.953745 -0.132357 -1.264036 2.616729
 18 5.760273 0.000016 0.000006 0.393790 0.870172 0.147788
time 81
  0 -0.060767 -324.708771 -5.943651 0.013865 0.130104 -1.739438
  1 0.000000 0.000000 0.000000 -3.141168 -1.552805 1.570704
  2 4.484989 -0.004008 -0.070309 -0.083066 -0.011444 0.003963
  3 5.037136 -0.005101 -0.000238 -0.009120 -0.021198 0.326096
  4 6.388059 -0.005253 -0.000001 -0.007562 -0.045583 0.070876
  5 6.146608 1.394838 0.000001 -0.000001 -0.000002 0.650292
  6 -2.170032 1.352243 -2.953732 0.163173 1.164647 2.640540
  7 5.760270 -0.000012 -0.000009 0.010566 -0.500748 -0.609629
  8 10.965153 0.000065 -0.000006 0.000013 0.000002 -1.200304
  9 0.000007 -0.000004 -4.044200 0.101924 2.763919 -0.011047
 10 -0.000007 0.000007 4.044200 -0.299384 -2.990453 -0.241367
 11 17.182070 0.000091 0.000546 0.000004 -0.000009 -1.199421
 12 16.782913 0.000650 -0.000234 -0.004970 -0.044090 0.932577
 13 5.168527 5.004116 -0.000135 -0.088092 0.105170 1.701569
 14 17.182070 0.000099 0.000206 -0.000001 -0.000007 -2.358345
 15 16.782906 0.000656 -0.000113 0.301904 -0.207786 0.701319
 16 5.168479 5.004167 -0.000064 0.153360 -0.099929 1.455910
 17 -2.170036 1.352229 2.953745 -0.132357 -1.264036 2.616729
 18 5.760273 0.000016 0.000006 0.393790 0.870172 0.147788
time 82
  0 -0.103737 -328.675293 -6.533513 0.013387 0.130203 -1.730988
  1 0.000000 0.000000 0.000000 -3.141168 -1.552805 1.570704
  2 4.484989 -0.004008 -0.070309 -0.083066 -0.011444 0.003963
  3 5.037136 -0.005101 -0.000238 -0.009120 -0.021198 0.326096
  4 6.388059 -0.005253 -0.000001 -0.007562 -0.045583 0.070876
  5 6.146608 1.394838 0.000001 -0.000001 -0.000002 0.650292
  6 -2.170032 1.352243 -2.953732 0.163173 1.164647 2.640540
  7 5.760270 -0.000012 -0.000009 0.010566 -0.500748 -0.609629
  8 10.965153 0.000065 -0.000006 0.000013 0.000002 -1.200304
  9 0.000007 -0.000004 -4.044200 0.052593 2.798599 -0.275693
 10 -0.000007 0.000007 4.044200 -0.296892 -2.990361 -0.166336
 11 17.182070 0.000091 0.000546 0.000004 -0.000009 -1.194545
 12 16.782913 0.000650 -0.000234 0.006017 -0.081209 0.897120
 13 5.168527 5.004116 -0.000135 -0.078295 0.112714 1.804374
 14 17.182070 0.000099 0.000206 -0.000001 -0.000007 -2.276453
 15 16.782906 0.000656 -0.000113 0.160746 -0.108090 0.607686
 16 5.168479 5.004167 -0.000064 0.139788 -0.101487 1.501754
 17 -2.170036 1.352229 2.953745 -0.132357 -1.264036 2.616729
 18 5.760273 0.000016 0.000006 0.393790 0.870172 0.147788
time 83
  0 -0.146707 -332.641846 -5.908494 0.012144 0.130450 -1.717937
  1 0.000000 0.000000 0.000000 -3.141168 -1.552805 1.570704
  2 4.484989 -0.004008 -0.070309 -0.083066 -0.011444 0.003963
  3 5.037136 -0.005101 -0.000238 -0.009120 -0.021198 0.326096
  4 6.388059 -0.005253 -0.000001 -0.007562 -0.045583 0.070876
  5 6.146608 1.394838 0.000001 -0.000001 -0.000002 0.650292
  6 -2.170032 1.352243 -2.953732 0.163173 1.164647 2.640540
  7 5.760270 -0.000012 -0.000009 0.010566 -0.500748 -0.609629
  8 10.965153 0.000065 -0.000006 0.000013 0.000002 -1.200304
  9 0.000007 -0.000004 -4.044200 0.025746 2.856302 -0.527727
 10 -0.000007 0.000007 4.044200 -0.290854 -3.000099 -0.081938
 11 17.182070 0.000091 0.000546 0.000004 -0.000009 -1.092156
 12 16.782913 0.000650 -0.000234 0.019015 -0.111174 0.761505
 13 5.168527 5.004116 -0.000135 -0.063700 0.121361 1.945071
 14 17.182070 0.000099 0.000206 -0.000001 -0.000007 -2.112466
 15 16.782906 0.000656 -0.000113 0.059208 0.031699 0.474049
 16 5.168479 5.004167 -0.000064 0.126155 -0.102445 1.547597
 17 -2.170036 1.352229 2.953745 -0.132357 -1.264036 2.616729
 18 5.760273 0.000016 0.000006 0.393790 0.870172 0.147788
time 84
  0 -0.193584 -336.604462 -4.752209 0.010614 0.130895 -1.700850
  1 0.000000 0.000000 0.000000 -3.141168 -1.552805 1.570704
  2 4.484989 -0.004008 -0.070309 -0.083066 -0.011444 0.003963
  3 5.037136 -0.005101 -0.000238 -0.009120 -0.021198 0.326096
  4 6.388059 -0.005253 -0.000001 -0.007562 -0.045583 0.070876
  5 6.146608 1.394838 0.000001 -0.000001 -0.000002 0.650292
  6 -2.170032 1.352243 -2.953732 0.163173 1.164647 2.640540
  7 5.760270 -0.000012 -0.000009 0.010566 -0.500748 -0.609629
  8 10.965153 0.000065 -0.000006 0.000013 0.000002 -1.200304
  9 0.000007 -0.000004 -4.044200 0.030205 2.908179 -0.678681
 10 -0.000007 0.000007 4.044200 -0.280886 -3.013604 0.008195
 11 17.182070 0.000091 0.000546 0.000004 -0.000009 -0.938428
 12 16.782913 0.000650 -0.000234 0.032381 -0.133820 0.570971
 13 5.168527 5.004116 -0.000135 -0.048029 0.127873 2.085997
 14 17.182070 0.000099 0.000206 -0.000001 -0.000007 -1.904963
 15 16.782906 0.000656 -0.000113 0.043253 0.129422 0.373605
 16 5.168479 5.004167 -0.000064 0.120496 -0.102733 1.566614
 17 -2.170036 1.352229 2.953745 -0.132357 -1.264036 2.616729
 18 5.760273 0.000016 0.000006 0.393790 0.870172 0.147788
time 85
  0 -0.259992 -340.547546 -3.263882 0.009084 0.131290 -1.679630
  1 0.000000 0.000000 0.000000 -3.141168 -1.552805 1.570704
  2 4.484989 -0.004008 -0.070309 -0.083066 -0.011444 0.003963
  3 5.037136 -0.005101 -0.000238 -0.009120 -0.021198 0.326096
  4 6.388059 -0.005253 -0.000001 -0.007562 -0.045583 0.070876
  5 6.146608 1.394838 0.000001 -0.000001 -0.000002 0.650292
  6 -2.170032 1.352243 -2.953732 0.163173 1.164647 2.640540
  7 5.760270 -0.000012 -0.000009 0.010566 -0.500748 -0.609629
  8 10.965153 0.000065 -0.000006 0.000013 0.000002 -1.200304
  9 0.000007 -0.000004 -4.044200 0.056293 2.949546 -0.723107
 10 -0.000007 0.000007 4.044200 -0.271781 -3.032621 0.123275
 11 17.182070 0.000091 0.000546 0.000004 -0.000009 -0.714002
 12 16.782913 0.000650 -0.000234 0.045280 -0.147959 0.330580
 13 5.168527 5.004116 -0.000135 -0.036039 0.131200 2.189292
 14 17.182070 0.000099 0.000206 -0.000001 -0.000007 -1.645173
 15 16.782906 0.000656 -0.000113 0.088012 0.150372 0.316665
 16 5.168479 5.004167 -0.000064 0.118549 -0.102781 1.573048
 17 -2.170036 1.352229 2.953745 -0.132357 -1.264036 2.616729
 18 5.760273 0.000016 0.000006 0.393790 0.870172 0.147788
time 86
  0 -0.314681 -344.502380 -1.623207 0.007076 0.131883 -1.656533
  1 0.000000 0.000000 0.000000 -3.141168 -1.552805 1.570704
  2 4.484989 -0.004008 -0.070309 -0.083066 -0.011444 0.003963
  3 5.037136 -0.005101 -0.000238 -0.009120 -0.021198 0.326096
  4 6.388059 -0.005253 -0.000001 -0.007562 -0.045583 0.070876
  5 6.146608 1.394838 0.000001 -0.000001 -0.000002 0.650292
  6 -2.170032 1.352243 -2.953732 0.163173 1.164647 2.640540
  7 5.760270 -0.000012 -0.000009 0.010566 -0.500748 -0.609629
  8 10.965153 0.000065 -0.000006 0.000013 0.000002 -1.200304
  9 0.000007 -0.000004 -4.044200 0.093481 2.992059 -0.724349
 10 -0.000007 0.000007 4.044200 -0.271205 -3.070930 0.327053
 11 17.182070 0.000091 0.000546 0.000004 -0.000009 -0.305160
 12 16.782913 0.000650 -0.000234 0.057714 -0.151925 -0.003143
 13 5.168527 5.004116 -0.000135 -0.031573 0.132143 2.227118
 14 17.182070 0.000099 0.000206 -0.000001 -0.000007 -1.323503
 15 16.782906 0.000656 -0.000113 0.144286 0.121341 0.265107
 16 5.168479 5.004167 -0.000064 0.113236 -0.102853 1.590912
 17 -2.170036 1.352229 2.953745 -0.132357 -1.264036 2.616729
 18 5.760273 0.000016 0.000006 0.393790 0.870172 0.147788
time 87
  0 -0.377183 -348.449371 -0.048940 0.005068 0.132575 -1.630901
  1 0.000000 0.000000 0.000000 -3.141168 -1.552805 1.570704
  2 4.484989 -0.004008 -0.070309 -0.083066 -0.011444 0.003963
  3 5.037136 -0.005101 -0.000238 -0.009120 -0.021198 0.326096
  4 6.388059 -0.005253 -0.000001 -0.007562 -0.045583 0.070876
  5 6.146608 1.394838 0.000001 -0.000001 -0.000002 0.650292
  6 -2.170032 1.352243 -2.953732 0.163173 1.164647 2.640540
  7 5.760270 -0.000012 -0.000009 0.010566 -0.500748 -0.609629
  8 10.965153 0.000065 -0.000006 0.000013 0.000002 -1.200304
  9 0.000007 -0.000004 -4.044200 0.134938 3.034477 -0.698649
 10 -0.000007 0.000007 4.044200 -0.260471 -3.057242 0.346743
 11 17.182070 0.000091 0.000546 0.000004 -0.000009 -0.385896
 12 16.782913 0.000650 -0.000234 0.056660 -0.144698 -0.042540
 13 5.168527 5.004116 -0.000135 -0.034856 0.132570 2.207732
 14 17.182070 0.000099 0.000206 -0.000001 -0.000007 -0.976545
 15 16.782906 0.000656 -0.000113 0.182231 0.053472 0.214753
 16 5.168479 5.004167 -0.000064 0.105975 -0.102793 1.615290
 17 -2.170036 1.352229 2.953745 -0.132357 -1.264036 2.616729
 18 5.760273 0.000016 0.000006 0.393790 0.870172 0.147788
time 88
  0 -0.443591 -352.392456 1.283132 0.003060 0.133316 -1.603673
  1 0.000000 0.000000 0.000000 -3.141168 -1.552805 1.570704
  2 4.484989 -0.004008 -0.070309 -0.083066 -0.011444 0.003963
  3 5.037136 -0.005101 -0.000238 -0.009120 -0.021198 0.326096
  4 6.388059 -0.005253 -0.000001 -0.007562 -0.045583 0.070876
  5 6.146608 1.394838 0.000001 -0.000001 -0.000002 0.650292
  6 -2.170032 1.352243 -2.953732 0.163173 1.164647 2.640540
  7 5.760270 -0.000012 -0.000009 0.010566 -0.500748 -0.609629
  8 10.965153 0.000065 -0.000006 0.000013 0.000002 -1.200304
  9 0.000007 -0.000004 -4.044200 0.175162 3.074985 -0.660624
 10 -0.000007 0.000007 4.044200 -0.249065 -3.038133 0.355059
 11 17.182070 0.000091 0.000546 0.000004 -0.000009 -0.516034
 12 16.782913 0.000650 -0.000234 0.053790 -0.133820 -0.059623
 13 5.168527 5.004116 -0.000135 -0.044427 0.133424 2.151466
 14 17.182070 0.000099 0.000206 -0.000001 -0.000007 -0.641580
 15 16.782906 0.000656 -0.000113 0.187826 -0.027514 0.169141
 16 5.168479 5.004167 -0.000064 0.098727 -0.102481 1.639628
 17 -2.170036 1.352229 2.953745 -0.132357 -1.264036 2.616729
 18 5.760273 0.000016 0.000006 0.393790 0.870172 0.147788
time 89
  0 -0.498280 -356.347290 2.185503 0.000861 0.134255 -1.576257
  1 0.000000 0.000000 0.000000 -3.141168 -1.552805 1.570704
  2 4.484989 -0.004008 -0.070309 -0.083066 -0.011444 0.003963
  3 5.037136 -0.005101 -0.000238 -0.009120 -0.021198 0.326096
  4 6.388059 -0.005253 -0.000001 -0.007562 -0.045583 0.070876
  5 6.146608 1.394838 0.000001 -0.000001 -0.000002 0.650292
  6 -2.170032 1.352243 -2.953732 0.163173 1.164647 2.640540
  7 5.760270 -0.000012 -0.000009 0.010566 -0.500748 -0.609629
  8 10.965153 0.000065 -0.000006 0.000013 0.000002 -1.200304
  9 0.000007 -0.000004 -4.044200 0.210168 3.110142 -0.624987
 10 -0.000007 0.000007 4.044200 -0.237660 -3.014706 0.351904
 11 17.182070 0.000091 0.000546 0.000004 -0.000009 -0.684461
 12 16.782913 0.000650 -0.000234 0.049450 -0.119588 -0.058706
 13 5.168527 5.004116 -0.000135 -0.059380 0.133780 2.063837
 14 17.182070 0.000099 0.000206 -0.000001 -0.000007 -0.355407
 15 16.782906 0.000656 -0.000113 0.166585 -0.094376 0.135308
 16 5.168479 5.004167 -0.000064 0.093426 -0.102254 1.657451
 17 -2.170036 1.352229 2.953745 -0.132357 -1.264036 2.616729
 18 5.760273 0.000016 0.000006 0.393790 0.870172 0.147788
time 90
  0 -0.541251 -360.313812 2.439417 -0.001052 0.135095 -1.548372
  1 0.000000 0.000000 0.000000 -3.141168 -1.552805 1.570704
  2 4.484989 -0.004008 -0.070309 -0.083066 -0.011444 0.003963
  3 5.037136 -0.005101 -0.000238 -0.009120 -0.021198 0.326096
  4 6.388059 -0.005253 -0.000001 -0.007562 -0.045583 0.070876
  5 6.146608 1.394838 0.000001 -0.000001 -0.000002 0.650292
  6 -2.170032 1.352243 -2.953732 0.163173 1.164647 2.640540
  7 5.760270 -0.000012 -0.000009 0.010566 -0.500748 -0.609629
  8 10.965153 0.000065 -0.000006 0.000013 0.000002 -1.200304
  9 0.000007 -0.000004 -4.044200 0.237585 3.134981 -0.606070
 10 -0.000007 0.000007 4.044200 -0.225008 -2.988615 0.338141
 11 17.182070 0.000091 0.000546 0.000004 -0.000009 -0.879919
 12 16.782913 0.000650 -0.000234 0.043686 -0.102149 -0.044544
 13 5.168527 5.004116 -0.000135 -0.078189 0.132321 1.953394
 14 17.182070 0.000099 0.000206 -0.000001 -0.000007 -0.155031
 15 16.782906 0.000656 -0.000113 0.136675 -0.129184 0.116454
 16 5.168479 5.004167 -0.000064 0.091478 -0.102146 1.663946
 17 -2.170036 1.352229 2.953745 -0.132357 -1.264036 2.616729
 18 5.760273 0.000016 0.000006 0.393790 0.870172 0.147788
time 91
  0 -0.607659 -364.256897 2.451136 -0.003060 0.136083 -1.521707
  1 0.000000 0.000000 0.000000 -3.141168 -1.552805 1.570704
  2 4.484989 -0.004008 -0.070309 -0.083066 -0.011444 0.003963
  3 5.037136 -0.005101 -0.000238 -0.009120 -0.021198 0.326096
  4 6.388059 -0.005253 -0.000001 -0.007562 -0.045583 0.070876
  5 6.146608 1.394838 0.000001 -0.000001 -0.000002 0.650292
  6 -2.170032 1.352243 -2.953732 0.163173 1.164647 2.640540
  7 5.760270 -0.000012 -0.000009 0.010566 -0.500748 -0.609629
  8 10.965153 0.000065 -0.000006 0.000013 0.000002 -1.200304
  9 0.000007 -0.000004 -4.044200 0.254187 3.140714 -0.600051
 10 -0.000007 0.000007 4.044200 -0.211111 -2.961054 0.314532
 11 17.182070 0.000091 0.000546 0.000004 -0.000009 -1.091439
 12 16.782913 0.000650 -0.000234 0.036305 -0.081839 -0.022298
 13 5.168527 5.004116 -0.000135 -0.098659 0.128300 1.831071
 14 17.182070 0.000099 0.000206 -0.000001 -0.000007 -0.091985
 15 16.782906 0.000656 -0.000113 0.124411 -0.136319 0.116454
 16 5.168479 5.004167 -0.000064 0.091478 -0.102146 1.663946
 17 -2.170036 1.352229 2.953745 -0.132357 -1.264036 2.616729
 18 5.760273 0.000016 0.000006 0.393790 0.870172 0.147788
time 92
  0 -0.662348 -368.211731 2.302694 -0.005068 0.137022 -1.496169
  1 0.000000 0.000000 0.000000 -3.141168 -1.552805 1.570704
  2 4.484989 -0.004008 -0.070309 -0.083066 -0.011444 0.003963
  3 5.037136 -0.005101 -0.000238 -0.009120 -0.021198 0.326096
  4 6.388059 -0.005253 -0.000001 -0.007562 -0.045583 0.070876
  5 6.146608 1.394838 0.000001 -0.000001 -0.000002 0.650292
  6 -2.170032 1.352243 -2.953732 0.163173 1.164647 2.640540
  7 5.760270 -0.000012 -0.000009 0.010566 -0.500748 -0.609629
  8 10.965153 0.000065 -0.000006 0.000013 0.000002 -1.200304
  9 0.000007 -0.000004 -4.044200 0.261112 3.128007 -0.594510
 10 -0.000007 0.000007 4.044200 -0.195105 -2.933769 0.281939
 11 17.182070 0.000091 0.000546 0.000004 -0.000009 -1.307618
 12 16.782913 0.000650 -0.000234 0.026765 -0.059305 0.003582
 13 5.168527 5.004116 -0.000135 -0.118491 0.121877 1.708944
 14 17.182070 0.000099 0.000206 -0.000001 -0.000007 -0.156881
 15 16.782906 0.000656 -0.000113 0.134756 -0.131898 0.137717
 16 5.168479 5.004167 -0.000064 0.091478 -0.102146 1.663946
 17 -2.170036 1.352229 2.953745 -0.132357 -1.264036 2.616729
 18 5.760273 0.000016 0.000006 0.393790 0.870172 0.147788
time 93
  0 -0.717037 -372.166534 1.685488 -0.006598 0.137862 -1.472321
  1 0.000000 0.000000 0.000000 -3.141168 -1.552805 1.570704
  2 4.484989 -0.004008 -0.070309 -0.083066 -0.011444 0.003963
  3 5.037136 -0.005101 -0.000238 -0.009120 -0.021198 0.326096
  4 6.388059 -0.005253 -0.000001 -0.007562 -0.045583 0.070876
  5 6.146608 1.394838 0.000001 -0.000001 -0.000002 0.650292
  6 -2.170032 1.352243 -2.953732 0.163173 1.164647 2.640540
  7 5.760270 -0.000012 -0.000009 0.010566 -0.500748 -0.609629
  8 10.965153 0.000065 -0.000006 0.000013 0.000002 -1.200304
  9 0.000007 -0.000004 -4.044200 0.265001 3.106225 -0.591739
 10 -0.000007 0.000007 4.044200 -0.177086 -2.907862 0.239979
 11 17.182070 0.000091 0.000546 0.000004 -0.000009 -1.517417
 12 16.782913 0.000650 -0.000234 0.014993 -0.035862 0.027934
 13 5.168527 5.004116 -0.000135 -0.135585 0.113995 1.598991
 14 17.182070 0.000099 0.000206 -0.000001 -0.000007 -0.294554
 15 16.782906 0.000656 -0.000113 0.152370 -0.118514 0.177270
 16 5.168479 5.004167 -0.000064 0.091478 -0.102146 1.663946
 17 -2.170036 1.352229 2.953745 -0.132357 -1.264036 2.616729
 18 5.760273 0.000016 0.000006 0.393790 0.870172 0.147788
time 94
  0 -0.783445 -376.109619 0.630768 -0.008319 0.138702 -1.451759
  1 0.000000 0.000000 0.000000 -3.141168 -1.552805 1.570704
  2 4.484989 -0.004008 -0.070309 -0.083066 -0.011444 0.003963
  3 5.037136 -0.005101 -0.000238 -0.009120 -0.021198 0.326096
  4 6.388059 -0.005253 -0.000001 -0.007562 -0.045583 0.070876
  5 6.146608 1.394838 0.000001 -0.000001 -0.000002 0.650292
  6 -2.170032 1.352243 -2.953732 0.163173 1.164647 2.640540
  7 5.760270 -0.000012 -0.000009 0.010566 -0.500748 -0.609629
  8 10.965153 0.000065 -0.000006 0.000013 0.000002 -1.200304
  9 0.000007 -0.000004 -4.044200 0.271927 3.084156 -0.592981
 10 -0.000007 0.000007 4.044200 -0.156480 -2.885078 0.190181
 11 17.182070 0.000091 0.000546 0.000004 -0.000009 -1.709577
 12 16.782913 0.000650 -0.000234 0.001480 -0.013365 0.046410
 13 5.168527 5.004116 -0.000135 -0.148439 0.106522 1.511982
 14 17.182070 0.000099 0.000206 -0.000001 -0.000007 -0.450113
 15 16.782906 0.000656 -0.000113 0.163137 -0.099660 0.231914
 16 5.168479 5.004167 -0.000064 0.091478 -0.102146 1.663946
 17 -2.170036 1.352229 2.953745 -0.132357 -1.264036 2.616729
 18 5.760273 0.000016 0.000006 0.393790 0.870172 0.147788
time 95
  0 -0.838135 -380.064453 -0.693491 -0.009562 0.139443 -1.434202
  1 0.000000 0.000000 0.000000 -3.141168 -1.552805 1.570704
  2 4.484989 -0.004008 -0.070309 -0.083066 -0.011444 0.003963
  3 5.037136 -0.005101 -0.000238 -0.009120 -0.021198 0.326096
  4 6.388059 -0.005253 -0.000001 -0.007562 -0.045583 0.070876
  5 6.146608 1.394838 0.000001 -0.000001 -0.000002 0.650292
  6 -2.170032 1.352243 -2.953732 0.163173 1.164647 2.640540
  7 5.760270 -0.000012 -0.000009 0.010566 -0.500748 -0.609629
  8 10.965153 0.000065 -0.000006 0.000013 0.000002 -1.200304
  9 0.000007 -0.000004 -4.044200 0.287959 3.049381 -0.611516
 10 -0.000007 0.000007 4.044200 -0.133573 -2.866888 0.133406
 11 17.182070 0.000091 0.000546 0.000004 -0.000009 -1.873199
 12 16.782913 0.000650 -0.000234 -0.012425 0.006204 0.053338
 13 5.168527 5.004116 -0.000135 -0.156321 0.101060 1.456140
 14 17.182070 0.000099 0.000206 -0.000001 -0.000007 -0.777540
 15 16.782906 0.000656 -0.000113 0.160909 -0.053050 0.372513
 16 5.168479 5.004167 -0.000064 0.091478 -0.102146 1.663946
 17 -2.170036 1.352229 2.953745 -0.132357 -1.264036 2.616729
 18 5.760273 0.000016 0.000006 0.393790 0.870172 0.147788
time 96
  0 -0.881105 -384.030975 -2.123222 -0.010423 0.140036 -1.421057
  1 0.000000 0.000000 0.000000 -3.141168 -1.552805 1.570704
  2 4.484989 -0.004008 -0.070309 -0.083066 -0.011444 0.003963
  3 5.037136 -0.005101 -0.000238 -0.009120 -0.021198 0.326096
  4 6.388059 -0.005253 -0.000001 -0.007562 -0.045583 0.070876
  5 6.146608 1.394838 0.000001 -0.000001 -0.000002 0.650292
  6 -2.170032 1.352243 -2.953732 0.163173 1.164647 2.640540
  7 5.760270 -0.000012 -0.000009 0.010566 -0.500748 -0.609629
  8 10.965153 0.000065 -0.000006 0.000013 0.000002 -1.200304
  9 0.000007 -0.000004 -4.044200 0.298395 3.023108 -0.628045
 10 -0.000007 0.000007 4.044200 -0.108557 -2.854669 0.070323
 11 17.182070 0.000091 0.000546 0.000004 -0.000009 -1.996813
 12 16.782913 0.000650 -0.000234 -0.024614 0.020863 0.043829
 13 5.168527 5.004116 -0.000135 -0.158967 0.099156 1.436950
 14 17.182070 0.000099 0.000206 -0.000001 -0.000007 -1.031710
 15 16.782906 0.000656 -0.000113 0.150629 -0.019619 0.482065
 16 5.168479 5.004167 -0.000064 0.091478 -0.102146 1.663946
 17 -2.170036 1.352229 2.953745 -0.132357 -1.264036 2.616729
 18 5.760273 0.000016 0.000006 0.393790 0.870172 0.147788
time 97
  0 -0.904543 -388.017029 -3.537328 -0.011188 0.140382 -1.412513
  1 0.000000 0.000000 0.000000 -3.141168 -1.552805 1.570704
  2 4.484989 -0.004008 -0.070309 -0.083066 -0.011444 0.003963
  3 5.037136 -0.005101 -0.000238 -0.009120 -0.021198 0.326096
  4 6.388059 -0.005253 -0.000001 -0.007562 -0.045583 0.070876
  5 6.146608 1.394838 0.000001 -0.000001 -0.000002 0.650292
  6 -2.170032 1.352243 -2.953732 0.163173 1.164647 2.640540
  7 5.760270 -0.000012 -0.000009 0.010566 -0.500748 -0.609629
  8 10.965153 0.000065 -0.000006 0.000013 0.000002 -1.200304
  9 0.000007 -0.000004 -4.044200 0.300577 3.028076 -0.541390
 10 -0.000007 0.000007 4.044200 -0.075874 -2.852189 -0.025736
 11 17.182070 0.000091 0.000546 0.000004 -0.000009 -2.079198
 12 16.782913 0.000650 -0.000234 -0.033884 0.028850 0.000865
 13 5.168527 5.004116 -0.000135 -0.156414 0.099530 1.445664
 14 17.182070 0.000099 0.000206 -0.000001 -0.000007 -1.162530
 15 16.782906 0.000656 -0.000113 0.152419 -0.001650 0.690405
 16 5.168479 5.004167 -0.000064 0.090061 -0.103356 1.660082
 17 -2.170036 1.352229 2.953745 -0.132357 -1.264036 2.616729
 18 5.760273 0.000016 0.000006 0.393790 0.870172 0.147788
time 98
  0 -0.908449 -392.022583 -4.767834 -0.011379 0.140481 -1.409884
  1 0.000000 0.000000 0.000000 -3.141168 -1.552805 1.570704
  2 4.484989 -0.004008 -0.070309 -0.083066 -0.011444 0.003963
  3 5.037136 -0.005101 -0.000238 -0.009120 -0.021198 0.326096
  4 6.388059 -0.005253 -0.000001 -0.007562 -0.045583 0.070876
  5 6.146608 1.394838 0.000001 -0.000001 -0.000002 0.650292
  6 -2.170032 1.352243 -2.953732 0.163173 1.164647 2.640540
  7 5.760270 -0.000012 -0.000009 0.010566 -0.500748 -0.609629
  8 10.965153 0.000065 -0.000006 0.000013 0.000002 -1.200304
  9 0.000007 -0.000004 -4.044200 0.309779 3.033331 -0.444608
 10 -0.000007 0.000007 4.044200 -0.034182 -2.862937 -0.164806
 11 17.182070 0.000091 0.000546 0.000004 -0.000009 -2.125158
 12 16.782913 0.000650 -0.000234 -0.040849 0.028498 -0.075722
 13 5.168527 5.004116 -0.000135 -0.149396 0.100473 1.469325
 14 17.182070 0.000099 0.000206 -0.000001 -0.000007 -1.230784
 15 16.782906 0.000656 -0.000113 0.138269 0.008034 0.837327
 16 5.168479 5.004167 -0.000064 0.086202 -0.106928 1.649541
 17 -2.170036 1.352229 2.953745 -0.132357 -1.264036 2.616729
 18 5.760273 0.000016 0.000006 0.393790 0.870172 0.147788
time 99
  0 -0.888917 -396.051666 -6.150689 -0.011188 0.140382 -1.412513
  1 0.000000 0.000000 0.000000 -3.141168 -1.552805 1.570704
  2 4.484989 -0.004008 -0.070309 -0.083066 -0.011444 0.003963
  3 5.037136 -0.005101 -0.000238 -0.009120 -0.021198 0.326096
  4 6.388059 -0.005253 -0.000001 -0.007562 -0.045583 0.070876
  5 6.146608 1.394838 0.000001 -0.000001 -0.000002 0.650292
  6 -2.170032 1.352243 -2.953732 0.163173 1.164647 2.640540
  7 5.760270 -0.000012 -0.000009 0.010566 -0.500748 -0.609629
  8 10.965153 0.000065 -0.000006 0.000013 0.000002 -1.200304
  9 0.000007 -0.000004 -4.044200 0.318791 3.034477 -0.353367
 10 -0.000007 0.000007 4.044200 0.007319 -2.887007 -0.322897
 11 17.182070 0.000091 0.000546 0.000004 -0.000009 -2.132472
 12 16.782913 0.000650 -0.000234 -0.046980 0.019603 -0.165181
 13 5.168527 5.004116 -0.000135 -0.139812 0.101576 1.501766
 14 17.182070 0.000099 0.000206 -0.000001 -0.000007 -1.288416
 15 16.782906 0.000656 -0.000113 0.115352 0.016772 0.962910
 16 5.168479 5.004167 -0.000064 0.080976 -0.111745 1.635096
 17 -2.170036 1.352229 2.953745 -0.132357 -1.264036 2.616729
 18 5.760273 0.000016 0.000006 0.393790 0.870172 0.147788
time 100
  0 -0.845947 -400.104126 -6.916337 -0.010423 0.140036 -1.421057
  1 0.000000 0.000000 0.000000 -3.141168 -1.552805 1.570704
  2 4.484989 -0.004008 -0.070309 -0.083066 -0.011444 0.003963
  3 5.037136 -0.005101 -0.000238 -0.009120 -0.021198 0.326096
  4 6.388059 -0.005253 -0.000001 -0.007562 -0.045583 0.070876
  5 6.146608 1.394838 0.000001 -0.000001 -0.000002 0.650292
  6 -2.170032 1.352243 -2.953732 0.163173 1.164647 2.640540
  7 5.760270 -0.000012 -0.000009 0.010566 -0.500748 -0.609629
  8 10.965153 0.000065 -0.000006 0.000013 0.000002 -1.200304
  9 0.000007 -0.000004 -4.044200 0.325716 3.043076 -0.235184
 10 -0.000007 0.000007 4.044200 0.040002 -2.919897 -0.476209
 11 17.182070 0.000091 0.000546 0.000004 -0.000009 -2.099704
 12 16.782913 0.000650 -0.000234 -0.055441 0.004184 -0.247474
 13 5.168527 5.004116 -0.000135 -0.130162 0.102270 1.534207
 14 17.182070 0.000099 0.000206 -0.000001 -0.000007 -1.262513
 15 16.782906 0.000656 -0.000113 0.092257 0.027340 1.033022
 16 5.168479 5.004167 -0.000064 0.075835 -0.116767 1.620631
 17 -2.170036 1.352229 2.953745 -0.132357 -1.264036 2.616729
 18 5.760273 0.000016 0.000006 0.393790 0.870172 0.147788
time 101
  0 -0.795165 -404.164398 -6.279599 -0.009562 0.139443 -1.434202
  1 0.000000 0.000000 0.000000 -3.141168 -1.552805 1.570704
  2 4.484989 -0.004008 -0.070309 -0.083066 -0.011444 0.003963
  3 5.037136 -0.005101 -0.000238 -0.009120 -0.021198 0.326096
  4 6.388059 -0.005253 -0.000001 -0.007562 -0.045583 0.070876
  5 6.146608 1.394838 0.000001 -0.000001 -0.000002 0.650292
  6 -2.170032 1.352243 -2.953732 0.163173 1.164647 2.640540
  7 5.760270 -0.000012 -0.000009 0.010566 -0.500748 -0.609629
  8 10.965153 0.000065 -0.000006 0.000013 0.000002 -1.200304
  9 0.000007 -0.000004 -4.044200 0.332547 3.073265 -0.062256
 10 -0.000007 0.000007 4.044200 0.060417 -2.953797 -0.602376
 11 17.182070 0.000091 0.000546 0.000004 -0.000009 -2.024274
 12 16.782913 0.000650 -0.000234 -0.071063 -0.012902 -0.301339
 13 5.168527 5.004116 -0.000135 -0.123091 0.102661 1.557967
 14 17.182070 0.000099 0.000206 -0.000001 -0.000007 -1.062685
 15 16.782906 0.000656 -0.000113 0.073667 0.038833 0.993055
 16 5.168479 5.004167 -0.000064 0.072112 -0.120362 1.610111
 17 -2.170036 1.352229 2.953745 -0.132357 -1.264036 2.616729
 18 5.760273 0.000016 0.000006 0.393790 0.870172 0.147788
time 102
  0 -0.744382 -408.224701 -5.103782 -0.008319 0.138702 -1.451759
  1 0.000000 0.000000 0.000000 -3.141168 -1.552805 1.570704
  2 4.484989 -0.004008 -0.070309 -0.083066 -0.011444 0.003963
  3 5.037136 -0.005101 -0.000238 -0.009120 -0.021198 0.326096
  4 6.388059 -0.005253 -0.000001 -0.007562 -0.045583 0.070876
  5 6.146608 1.394838 0.000001 -0.000001 -0.000002 0.650292
  6 -2.170032 1.352243 -2.953732 0.163173 1.164647 2.640540
  7 5.760270 -0.000012 -0.000009 0.010566 -0.500748 -0.609629
  8 10.965153 0.000065 -0.000006 0.000013 0.000002 -1.200304
  9 0.000007 -0.000004 -4.044200 0.332832 3.133644 0.194842
 10 -0.000007 0.000007 4.044200 0.066455 -2.980071 -0.681613
 11 17.182070 0.000091 0.000546 0.000004 -0.000009 -1.904963
 12 16.782913 0.000650 -0.000234 -0.097623 -0.023835 -0.307079
 13 5.168527 5.004116 -0.000135 -0.120499 0.102697 1.566746
 14 17.182070 0.000099 0.000206 -0.000001 -0.000007 -0.662001
 15 16.782906 0.000656 -0.000113 0.063697 0.056762 0.850724
 16 5.168479 5.004167 -0.000064 0.070756 -0.121717 1.606267
 17 -2.170036 1.352229 2.953745 -0.132357 -1.264036 2.616729
 18 5.760273 0.000016 0.000006 0.393790 0.870172 0.147788
time 103
  0 -0.674067 -412.304504 -3.572485 -0.006598 0.137862 -1.472321
  1 0.000000 0.000000 0.000000 -3.141168 -1.552805 1.570704
  2 4.484989 -0.004008 -0.070309 -0.083066 -0.011444 0.003963
  3 5.037136 -0.005101 -0.000238 -0.009120 -0.021198 0.326096
  4 6.388059 -0.005253 -0.000001 -0.007562 -0.045583 0.070876
  5 6.146608 1.394838 0.000001 -0.000001 -0.000002 0.650292
  6 -2.170032 1.352243 -2.953732 0.163173 1.164647 2.640540
  7 5.760270 -0.000012 -0.000009 0.010566 -0.500748 -0.609629
  8 10.965153 0.000065 -0.000006 0.000013 0.000002 -1.200304
  9 0.000007 -0.000004 -4.044200 0.331124 3.125619 0.221593
 10 -0.000007 0.000007 4.044200 0.059746 -2.996700 -0.705222
 11 17.182070 0.000091 0.000546 0.000004 -0.000009 -1.707641
 12 16.782913 0.000650 -0.000234 -0.139560 -0.015811 -0.244926
 13 5.168527 5.004116 -0.000135 -0.115248 0.102839 1.568704
 14 17.182070 0.000099 0.000206 -0.000001 -0.000007 -0.619377
 15 16.782906 0.000656 -0.000113 0.060005 0.030651 0.516349
 16 5.168479 5.004167 -0.000064 0.090430 -0.107035 1.718711
 17 -2.170036 1.352229 2.953745 -0.132357 -1.264036 2.616729
 18 5.760273 0.000016 0.000006 0.393790 0.870172 0.147788
time 104
  0 -0.599846 -416.388214 -1.888840 -0.005068 0.137022 -1.496169
  1 0.000000 0.000000 0.000000 -3.141168 -1.552805 1.570704
  2 4.484989 -0.004008 -0.070309 -0.083066 -0.011444 0.003963
  3 5.037136 -0.005101 -0.000238 -0.009120 -0.021198 0.326096
  4 6.388059 -0.005253 -0.000001 -0.007562 -0.045583 0.070876
  5 6.146608 1.394838 0.000001 -0.000001 -0.000002 0.650292
  6 -2.170032 1.352243 -2.953732 0.163173 1.164647 2.640540
  7 5.760270 -0.000012 -0.000009 0.010566 -0.500748 -0.609629
  8 10.965153 0.000065 -0.000006 0.000013 0.000002 -1.200304
  9 0.000007 -0.000004 -4.044200 0.329416 3.117880 0.222071
 10 -0.000007 0.000007 4.044200 0.043261 -3.008459 -0.690406
 11 17.182070 0.000091 0.000546 0.000004 -0.000009 -1.427360
 12 16.782913 0.000650 -0.000234 -0.184170 0.023124 -0.128467
 13 5.168527 5.004116 -0.000135 -0.100813 0.103035 1.574155
 14 17.182070 0.000099 0.000206 -0.000001 -0.000007 -0.568118
 15 16.782906 0.000656 -0.000113 0.074041 -0.021099 0.209785
 16 5.168479 5.004167 -0.000064 0.117365 -0.087429 1.770927
 17 -2.170036 1.352229 2.953745 -0.132357 -1.264036 2.616729
 18 5.760273 0.000016 0.000006 0.393790 0.870172 0.147788
time 105
  0 -0.537344 -420.460236 -0.248165 -0.003060 0.136083 -1.521707
  1 0.000000 0.000000 0.000000 -3.141168 -1.552805 1.570704
  2 4.484989 -0.004008 -0.070309 -0.083066 -0.011444 0.003963
  3 5.037136 -0.005101 -0.000238 -0.009120 -0.021198 0.326096
  4 6.388059 -0.005253 -0.000001 -0.007562 -0.045583 0.070876
  5 6.146608 1.394838 0.000001 -0.000001 -0.000002 0.650292
  6 -2.170032 1.352243 -2.953732 0.163173 1.164647 2.640540
  7 5.760270 -0.000012 -0.000009 0.010566 -0.500748 -0.609629
  8 10.965153 0.000065 -0.000006 0.000013 0.000002 -1.200304
  9 0.000007 -0.000004 -4.044200 0.314332 3.114441 0.277293
 10 -0.000007 0.000007 4.044200 0.021025 -3.017370 -0.652078
 11 17.182070 0.000091 0.000546 0.000004 -0.000009 -1.104703
 12 16.782913 0.000650 -0.000234 -0.204230 0.084500 0.015096
 13 5.168527 5.004116 -0.000135 -0.081113 0.103195 1.581824
 14 17.182070 0.000099 0.000206 -0.000001 -0.000007 -0.533169
 15 16.782906 0.000656 -0.000113 0.090484 -0.023484 0.067154
 16 5.168479 5.004167 -0.000064 0.114863 -0.082755 1.716870
 17 -2.170036 1.352229 2.953745 -0.132357 -1.264036 2.616729
 18 5.760273 0.000016 0.000006 0.393790 0.870172 0.147788
time 106
  0 -0.467030 -424.540039 1.158128 -0.001052 0.135095 -1.548372
  1 0.000000 0.000000 0.000000 -3.141168 -1.552805 1.570704
  2 4.484989 -0.004008 -0.070309 -0.083066 -0.011444 0.003963
  3 5.037136 -0.005101 -0.000238 -0.009120 -0.021198 0.326096
  4 6.388059 -0.005253 -0.000001 -0.007562 -0.045583 0.070876
  5 6.146608 1.394838 0.000001 -0.000001 -0.000002 0.650292
  6 -2.170032 1.352243 -2.953732 0.163173 1.164647 2.640540
  7 5.760270 -0.000012 -0.000009 0.010566 -0.500748 -0.609629
  8 10.965153 0.000065 -0.000006 0.000013 0.000002 -1.200304
  9 0.000007 -0.000004 -4.044200 0.294790 3.113199 0.347228
 10 -0.000007 0.000007 4.044200 -0.003895 -3.025455 -0.603237
 11 17.182070 0.000091 0.000546 0.000004 -0.000009 -0.780541
 12 16.782913 0.000650 -0.000234 -0.188854 0.140910 0.161545
 13 5.168527 5.004116 -0.000135 -0.061427 0.103213 1.589461
 14 17.182070 0.000099 0.000206 -0.000001 -0.000007 -0.491161
 15 16.782906 0.000656 -0.000113 0.106065 -0.014335 -0.036828
 16 5.168479 5.004167 -0.000064 0.107812 -0.071992 1.586461
 17 -2.170036 1.352229 2.953745 -0.132357 -1.264036 2.616729
 18 5.760273 0.000016 0.000006 0.393790 0.870172 0.147788
time 107
  0 -0.404528 -428.612030 2.123001 0.000861 0.134255 -1.576257
  1 0.000000 0.000000 0.000000 -3.141168 -1.552805 1.570704
  2 4.484989 -0.004008 -0.070309 -0.083066 -0.011444 0.003963
  3 5.037136 -0.005101 -0.000238 -0.009120 -0.021198 0.326096
  4 6.388059 -0.005253 -0.000001 -0.007562 -0.045583 0.070876
  5 6.146608 1.394838 0.000001 -0.000001 -0.000002 0.650292
  6 -2.170032 1.352243 -2.953732 0.163173 1.164647 2.640540
  7 5.760270 -0.000012 -0.000009 0.010566 -0.500748 -0.609629
  8 10.965153 0.000065 -0.000006 0.000013 0.000002 -1.200304
  9 0.000007 -0.000004 -4.044200 0.276480 3.105174 0.405508
 10 -0.000007 0.000007 4.044200 -0.028719 -3.033539 -0.559652
 11 17.182070 0.000091 0.000546 0.000004 -0.000009 -0.495456
 12 16.782913 0.000650 -0.000234 -0.153490 0.168429 0.283880
 13 5.168527 5.004116 -0.000135 -0.047019 0.103124 1.595042
 14 17.182070 0.000099 0.000206 -0.000001 -0.000007 -0.485610
 15 16.782906 0.000656 -0.000113 0.115661 -0.001937 -0.098999
 16 5.168479 5.004167 -0.000064 0.099429 -0.062369 1.456092
 17 -2.170036 1.352229 2.953745 -0.132357 -1.264036 2.616729
 18 5.760273 0.000016 0.000006 0.393790 0.870172 0.147788
time 108
  0 -0.353745 -432.672333 2.439417 0.003060 0.133316 -1.603673
  1 0.000000 0.000000 0.000000 -3.141168 -1.552805 1.570704
  2 4.484989 -0.004008 -0.070309 -0.083066 -0.011444 0.003963
  3 5.037136 -0.005101 -0.000238 -0.009120 -0.021198 0.326096
  4 6.388059 -0.005253 -0.000001 -0.007562 -0.045583 0.070876
  5 6.146608 1.394838 0.000001 -0.000001 -0.000002 0.650292
  6 -2.170032 1.352243 -2.953732 0.163173 1.164647 2.640540
  7 5.760270 -0.000012 -0.000009 0.010566 -0.500748 -0.609629
  8 10.965153 0.000065 -0.000006 0.000013 0.000002 -1.200304
  9 0.000007 -0.000004 -4.044200 0.263673 3.084061 0.422705
 10 -0.000007 0.000007 4.044200 -0.049517 -3.041808 -0.535374
 11 17.182070 0.000091 0.000546 0.000004 -0.000009 -0.290247
 12 16.782913 0.000650 -0.000234 -0.123938 0.165594 0.349192
 13 5.168527 5.004116 -0.000135 -0.041741 0.103035 1.597098
 14 17.182070 0.000099 0.000206 -0.000001 -0.000007 -0.560100
 15 16.782906 0.000656 -0.000113 0.114246 0.004621 -0.116536
 16 5.168479 5.004167 -0.000064 0.095608 -0.058702 1.402096
 17 -2.170036 1.352229 2.953745 -0.132357 -1.264036 2.616729
 18 5.760273 0.000016 0.000006 0.393790 0.870172 0.147788
time 109
  0 -0.302962 -436.732605 2.482387 0.005068 0.132575 -1.630901
  1 0.000000 0.000000 0.000000 -3.141168 -1.552805 1.570704
  2 4.484989 -0.004008 -0.070309 -0.083066 -0.011444 0.003963
  3 5.037136 -0.005101 -0.000238 -0.009120 -0.021198 0.326096
  4 6.388059 -0.005253 -0.000001 -0.007562 -0.045583 0.070876
  5 6.146608 1.394838 0.000001 -0.000001 -0.000002 0.650292
  6 -2.170032 1.352243 -2.953732 0.163173 1.164647 2.640540
  7 5.760270 -0.000012 -0.000009 0.010566 -0.500748 -0.609629
  8 10.965153 0.000065 -0.000006 0.000013 0.000002 -1.200304
  9 0.000007 -0.000004 -4.044200 0.255894 3.049763 0.406463
 10 -0.000007 0.000007 4.044200 -0.067727 -3.049065 -0.542256
 11 17.182070 0.000091 0.000546 0.000004 -0.000009 -0.201480
 12 16.782913 0.000650 -0.000234 -0.127543 0.132941 0.282624
 13 5.168527 5.004116 -0.000135 -0.035667 0.102946 1.599448
 14 17.182070 0.000099 0.000206 -0.000001 -0.000007 -0.715111
 15 16.782906 0.000656 -0.000113 0.102162 0.000489 -0.094520
 16 5.168479 5.004167 -0.000064 0.098036 -0.060200 1.403491
 17 -2.170036 1.352229 2.953745 -0.132357 -1.264036 2.616729
 18 5.760273 0.000016 0.000006 0.393790 0.870172 0.147788
time 110
  0 -0.252179 -440.792877 2.396447 0.007076 0.131883 -1.656533
  1 0.000000 0.000000 0.000000 -3.141168 -1.552805 1.570704
  2 4.484989 -0.004008 -0.070309 -0.083066 -0.011444 0.003963
  3 5.037136 -0.005101 -0.000238 -0.009120 -0.021198 0.326096
  4 6.388059 -0.005253 -0.000001 -0.007562 -0.045583 0.070876
  5 6.146608 1.394838 0.000001 -0.000001 -0.000002 0.650292
  6 -2.170032 1.352243 -2.953732 0.163173 1.164647 2.640540
  7 5.760270 -0.000012 -0.000009 0.010566 -0.500748 -0.609629
  8 10.965153 0.000065 -0.000006 0.000013 0.000002 -1.200304
  9 0.000007 -0.000004 -4.044200 0.248969 3.008778 0.382578
 10 -0.000007 0.000007 4.044200 -0.085746 -3.052832 -0.566533
 11 17.182070 0.000091 0.000546 0.000004 -0.000009 -0.213096
 12 16.782913 0.000650 -0.000234 -0.155599 0.078181 0.111381
 13 5.168527 5.004116 -0.000135 -0.020952 0.102750 1.605127
 14 17.182070 0.000099 0.000206 -0.000001 -0.000007 -0.912266
 15 16.782906 0.000656 -0.000113 0.084125 -0.012793 -0.045747
 16 5.168479 5.004167 -0.000064 0.104964 -0.064406 1.407356
 17 -2.170036 1.352229 2.953745 -0.132357 -1.264036 2.616729
 18 5.760273 0.000016 0.000006 0.393790 0.870172 0.147788
time 111
  0 -0.213116 -444.841431 1.908151 0.009084 0.131290 -1.679630
  1 0.000000 0.000000 0.000000 -3.141168 -1.552805 1.570704
  2 4.484989 -0.004008 -0.070309 -0.083066 -0.011444 0.003963
  3 5.037136 -0.005101 -0.000238 -0.009120 -0.021198 0.326096
  4 6.388059 -0.005253 -0.000001 -0.007562 -0.045583 0.070876
  5 6.146608 1.394838 0.000001 -0.000001 -0.000002 0.650292
  6 -2.170032 1.352243 -2.953732 0.163173 1.164647 2.640540
  7 5.760270 -0.000012 -0.000009 0.010566 -0.500748 -0.609629
  8 10.965153 0.000065 -0.000006 0.000013 0.000002 -1.200304
  9 0.000007 -0.000004 -4.044200 0.242043 2.963685 0.350286
 10 -0.000007 0.000007 4.044200 -0.104723 -3.054026 -0.586032
 11 17.182070 0.000091 0.000546 0.000004 -0.000009 -0.287594
 12 16.782913 0.000650 -0.000234 -0.176959 0.019491 -0.047906
 13 5.168527 5.004116 -0.000135 -0.006278 0.102430 1.610806
 14 17.182070 0.000099 0.000206 -0.000001 -0.000007 -1.135941
 15 16.782906 0.000656 -0.000113 0.062575 -0.035594 0.021466
 16 5.168479 5.004167 -0.000064 0.115294 -0.070950 1.413142
 17 -2.170036 1.352229 2.953745 -0.132357 -1.264036 2.616729
 18 5.760273 0.000016 0.000006 0.393790 0.870172 0.147788
time 112
  0 -0.158426 -448.905640 0.997967 0.010614 0.130895 -1.700850
  1 0.000000 0.000000 0.000000 -3.141168 -1.552805 1.570704
  2 4.484989 -0.004008 -0.070309 -0.083066 -0.011444 0.003963
  3 5.037136 -0.005101 -0.000238 -0.009120 -0.021198 0.326096
  4 6.388059 -0.005253 -0.000001 -0.007562 -0.045583 0.070876
  5 6.146608 1.394838 0.000001 -0.000001 -0.000002 0.650292
  6 -2.170032 1.352243 -2.953732 0.163173 1.164647 2.640540
  7 5.760270 -0.000012 -0.000009 0.010566 -0.500748 -0.609629
  8 10.965153 0.000065 -0.000006 0.000013 0.000002 -1.200304
  9 0.000007 -0.000004 -4.044200 0.233031 2.917446 0.309968
 10 -0.000007 0.000007 4.044200 -0.125234 -3.053016 -0.577716
 11 17.182070 0.000091 0.000546 0.000004 -0.000009 -0.387115
 12 16.782913 0.000650 -0.000234 -0.178137 -0.021000 -0.080918
 13 5.168527 5.004116 -0.000135 -0.000163 0.102270 1.613188
 14 17.182070 0.000099 0.000206 -0.000001 -0.000007 -1.370924
 15 16.782906 0.000656 -0.000113 0.040293 -0.066599 0.098503
 16 5.168479 5.004167 -0.000064 0.127437 -0.078644 1.419798
 17 -2.170036 1.352229 2.953745 -0.132357 -1.264036 2.616729
 18 5.760273 0.000016 0.000006 0.393790 0.870172 0.147788
time 113
  0 -0.119363 -452.954193 -0.162225 0.012144 0.130450 -1.717937
  1 0.000000 0.000000 0.000000 -3.141168 -1.552805 1.570704
  2 4.484989 -0.004008 -0.070309 -0.083066 -0.011444 0.003963
  3 5.037136 -0.005101 -0.000238 -0.009120 -0.021198 0.326096
  4 6.388059 -0.005253 -0.000001 -0.007562 -0.045583 0.070876
  5 6.146608 1.394838 0.000001 -0.000001 -0.000002 0.650292
  6 -2.170032 1.352243 -2.953732 0.163173 1.164647 2.640540
  7 5.760270 -0.000012 -0.000009 0.010566 -0.500748 -0.609629
  8 10.965153 0.000065 -0.000006 0.000013 0.000002 -1.200304
  9 0.000007 -0.000004 -4.044200 0.221078 2.872735 0.260191
 10 -0.000007 0.000007 4.044200 -0.140378 -3.032621 -0.639557
 11 17.182070 0.000091 0.000546 0.000004 -0.000009 -0.803270
 12 16.782913 0.000650 -0.000234 -0.159768 -0.038105 0.238506
 13 5.168527 5.004116 -0.000135 -0.000163 0.102270 1.613188
 14 17.182070 0.000099 0.000206 -0.000001 -0.000007 -1.601726
 15 16.782906 0.000656 -0.000113 0.019604 -0.102559 0.176028
 16 5.168479 5.004167 -0.000064 0.139529 -0.086434 1.426454
 17 -2.170036 1.352229 2.953745 -0.132357 -1.264036 2.616729
 18 5.760273 0.000016 0.000006 0.393790 0.870172 0.147788
time 114
  0 -0.088112 -456.994934 -1.466952 0.013387 0.130203 -1.730988
  1 0.000000 0.000000 0.000000 -3.141168 -1.552805 1.570704
  2 4.484989 -0.004008 -0.070309 -0.083066 -0.011444 0.003963
  3 5.037136 -0.005101 -0.000238 -0.009120 -0.021198 0.326096
  4 6.388059 -0.005253 -0.000001 -0.007562 -0.045583 0.070876
  5 6.146608 1.394838 0.000001 -0.000001 -0.000002 0.650292
  6 -2.170032 1.352243 -2.953732 0.163173 1.164647 2.640540
  7 5.760270 -0.000012 -0.000009 0.010566 -0.500748 -0.609629
  8 10.965153 0.000065 -0.000006 0.000013 0.000002 -1.200304
  9 0.000007 -0.000004 -4.044200 0.205709 2.832323 0.200574
 10 -0.000007 0.000007 4.044200 -0.169323 -3.024628 -0.580679
 11 17.182070 0.000091 0.000546 0.000004 -0.000009 -1.006114
 12 16.782913 0.000650 -0.000234 -0.129922 -0.038068 0.502637
 13 5.168527 5.004116 -0.000135 -0.000163 0.102270 1.613188
 14 17.182070 0.000099 0.000206 -0.000001 -0.000007 -1.813136
 15 16.782906 0.000656 -0.000113 0.001893 -0.138210 0.244220
 16 5.168479 5.004167 -0.000064 0.149761 -0.093013 1.431997
 17 -2.170036 1.352229 2.953745 -0.132357 -1.264036 2.616729
 18 5.760273 0.000016 0.000006 0.393790 0.870172 0.147788
time 115
  0 -0.072486 -461.020111 -2.775586 0.013865 0.130104 -1.739438
  1 0.000000 0.000000 0.000000 -3.141168 -1.552805 1.570704
  2 4.484989 -0.004008 -0.070309 -0.083066 -0.011444 0.003963
  3 5.037136 -0.005101 -0.000238 -0.009120 -0.021198 0.326096
  4 6.388059 -0.005253 -0.000001 -0.007562 -0.045583 0.070876
  5 6.146608 1.394838 0.000001 -0.000001 -0.000002 0.650292
  6 -2.170032 1.352243 -2.953732 0.163173 1.164647 2.640540
  7 5.760270 -0.000012 -0.000009 0.010566 -0.500748 -0.609629
  8 10.965153 0.000065 -0.000006 0.000013 0.000002 -1.200304
  9 0.000007 -0.000004 -4.044200 0.186641 2.800318 0.131785
 10 -0.000007 0.000007 4.044200 -0.201910 -3.027660 -0.458527
 11 17.182070 0.000091 0.000546 0.000004 -0.000009 -1.094809
 12 16.782913 0.000650 -0.000234 -0.101302 -0.038586 0.729308
 13 5.168527 5.004116 -0.000135 -0.000163 0.102270 1.613188
 14 17.182070 0.000099 0.000206 -0.000001 -0.000007 -1.989732
 15 16.782906 0.000656 -0.000113 -0.013022 -0.167056 0.292579
 16 5.168479 5.004167 -0.000064 0.156566 -0.097568 1.435679
 17 -2.170036 1.352229 2.953745 -0.132357 -1.264036 2.616729
 18 5.760273 0.000016 0.000006 0.393790 0.870172 0.147788
time 116
  0 -0.072486 -465.029572 -3.963122 0.014152 0.130055 -1.742724
  1 0.000000 0.000000 0.000000 -3.141168 -1.552805 1.570704
  2 4.484989 -0.004008 -0.070309 -0.083066 -0.011444 0.003963
  3 5.037136 -0.005101 -0.000238 -0.009120 -0.021198 0.326096
  4 6.388059 -0.005253 -0.000001 -0.007562 -0.045583 0.070876
  5 6.146608 1.394838 0.000001 -0.000001 -0.000002 0.650292
  6 -2.170032 1.352243 -2.953732 0.163173 1.164647 2.640540
  7 5.760270 -0.000012 -0.000009 0.010566 -0.500748 -0.609629
  8 10.965153 0.000065 -0.000006 0.000013 0.000002 -1.200304
  9 0.000007 -0.000004 -4.044200 0.163304 2.779109 0.053252
 10 -0.000007 0.000007 4.044200 -0.227884 -3.045207 -0.293363
 11 17.182070 0.000091 0.000546 0.000004 -0.000009 -1.084412
 12 16.782913 0.000650 -0.000234 -0.087887 -0.050725 0.890157
 13 5.168527 5.004116 -0.000135 -0.000163 0.102270 1.613188
 14 17.182070 0.000099 0.000206 -0.000001 -0.000007 -2.115892
 15 16.782906 0.000656 -0.000113 -0.026440 -0.181921 0.310643
 16 5.168479 5.004167 -0.000064 0.158957 -0.099150 1.436913
 17 -2.170036 1.352229 2.953745 -0.132357 -1.264036 2.616729
 18 5.760273 0.000016 0.000006 0.393790 0.870172 0.147788
time 117
  0 -0.084205 -469.027344 -5.228786 0.014152 0.130055 -1.740471
  1 0.000000 0.000000 0.000000 -3.141168 -1.552805 1.570704
  2 4.484989 -0.004008 -0.070309 -0.083066 -0.011444 0.003963
  3 5.037136 -0.005101 -0.000238 -0.009120 -0.021198 0.326096
  4 6.388059 -0.005253 -0.000001 -0.007562 -0.045583 0.070876
  5 6.146608 1.394838 0.000001 -0.000001 -0.000002 0.650292
  6 -2.170032 1.352243 -2.953732 0.163173 1.164647 2.640540
  7 5.760270 -0.000012 -0.000009 0.010566 -0.500748 -0.609629
  8 10.965153 0.000065 -0.000006 0.000013 0.000002 -1.200304
  9 0.000007 -0.000004 -4.044200 0.134938 2.773473 -0.047734
 10 -0.000007 0.000007 4.044200 -0.243794 -3.073411 -0.103730
 11 17.182070 0.000091 0.000546 0.000004 -0.000009 -1.004178
 12 16.782913 0.000650 -0.000234 -0.090781 -0.073092 1.003900
 13 5.168527 5.004116 -0.000135 0.006962 0.100633 1.606791
 14 17.182070 0.000099 0.000206 -0.000001 -0.000007 -2.177362
 15 16.782906 0.000656 -0.000113 -0.042070 -0.171600 0.278730
 16 5.168479 5.004167 -0.000064 0.156405 -0.099545 1.445592
 17 -2.170036 1.352229 2.953745 -0.132357 -1.264036 2.616729
 18 5.760273 0.000016 0.000006 0.393790 0.870172 0.147788
time 118
  0 -0.107644 -473.013458 -6.830397 0.013674 0.130203 -1.735026
  1 0.000000 0.000000 0.000000 -3.141168 -1.552805 1.570704
  2 4.484989 -0.004008 -0.070309 -0.083066 -0.011444 0.003963
  3 5.037136 -0.005101 -0.000238 -0.009120 -0.021198 0.326096
  4 6.388059 -0.005253 -0.000001 -0.007562 -0.045583 0.070876
  5 6.146608 1.394838 0.000001 -0.000001 -0.000002 0.650292
  6 -2.170032 1.352243 -2.953732 0.163173 1.164647 2.640540
  7 5.760270 -0.000012 -0.000009 0.010566 -0.500748 -0.609629
  8 10.965153 0.000065 -0.000006 0.000013 0.000002 -1.200304
  9 0.000007 -0.000004 -4.044200 0.102399 2.785415 -0.175471
 10 -0.000007 0.000007 4.044200 -0.250599 -3.108872 0.111040
 11 17.182070 0.000091 0.000546 0.000004 -0.000009 -0.861564
 12 16.782913 0.000650 -0.000234 -0.102896 -0.098202 1.087450
 13 5.168527 5.004116 -0.000135 0.019257 0.103551 1.587438
 14 17.182070 0.000099 0.000206 -0.000001 -0.000007 -2.179760
 15 16.782906 0.000656 -0.000113 -0.059847 -0.133050 0.198872
 16 5.168479 5.004167 -0.000064 0.149391 -0.100516 1.469323
 17 -2.170036 1.352229 2.953745 -0.132357 -1.264036 2.616729
 18 5.760273 0.000016 0.000006 0.393790 0.870172 0.147788
time 119
  0 -0.131082 -476.999481 -8.154656 0.012909 0.130302 -1.725636
  1 0.000000 0.000000 0.000000 -3.141168 -1.552805 1.570704
  2 4.484989 -0.004008 -0.070309 -0.083066 -0.011444 0.003963
  3 5.037136 -0.005101 -0.000238 -0.009120 -0.021198 0.326096
  4 6.388059 -0.005253 -0.000001 -0.007562 -0.045583 0.070876
  5 6.146608 1.394838 0.000001 -0.000001 -0.000002 0.650292
  6 -2.170032 1.352243 -2.953732 0.163173 1.164647 2.640540
  7 5.760270 -0.000012 -0.000009 0.010566 -0.500748 -0.609629
  8 10.965153 0.000065 -0.000006 0.000013 0.000002 -1.200304
  9 0.000007 -0.000004 -4.044200 0.072136 2.810923 -0.315342
 10 -0.000007 0.000007 4.044200 -0.245232 -3.158942 0.382204
 11 17.182070 0.000091 0.000546 0.000004 -0.000009 -0.559629
 12 16.782913 0.000650 -0.000234 -0.122221 -0.121255 1.059090
 13 5.168527 5.004116 -0.000135 0.032855 0.107732 1.575689
 14 17.182070 0.000099 0.000206 -0.000001 -0.000007 -2.138507
 15 16.782906 0.000656 -0.000113 -0.074631 -0.072911 0.093987
 16 5.168479 5.004167 -0.000064 0.139788 -0.101487 1.501754
 17 -2.170036 1.352229 2.953745 -0.132357 -1.264036 2.616729
 18 5.760273 0.000016 0.000006 0.393790 0.870172 0.147788
time 120
  0 -0.166239 -480.973816 -8.603889 0.011857 0.130549 -1.713712
  1 0.000000 0.000000 0.000000 -3.141168 -1.552805 1.570704
  2 4.484989 -0.004008 -0.070309 -0.083066 -0.011444 0.003963
  3 5.037136 -0.005101 -0.000238 -0.009120 -0.021198 0.326096
  4 6.388059 -0.005253 -0.000001 -0.007562 -0.045583 0.070876
  5 6.146608 1.394838 0.000001 -0.000001 -0.000002 0.650292
  6 -2.170032 1.352243 -2.953732 0.163173 1.164647 2.640540
  7 5.760270 -0.000012 -0.000009 0.010566 -0.500748 -0.609629
  8 10.965153 0.000065 -0.000006 0.000013 0.000002 -1.200304
  9 0.000007 -0.000004 -4.044200 0.049368 2.844647 -0.453684
 10 -0.000007 0.000007 4.044200 -0.220120 -3.221780 0.722759
 11 17.182070 0.000091 0.000546 0.000004 -0.000009 -0.044597
 12 16.782913 0.000650 -0.000234 -0.143729 -0.138749 0.885369
 13 5.168527 5.004116 -0.000135 0.046347 0.110739 1.568443
 14 17.182070 0.000099 0.000206 -0.000001 -0.000007 -2.068745
 15 16.782906 0.000656 -0.000113 -0.080974 -0.000807 -0.012818
 16 5.168479 5.004167 -0.000064 0.130149 -0.102254 1.534184
 17 -2.170036 1.352229 2.953745 -0.132357 -1.264036 2.616729
 18 5.760273 0.000016 0.000006 0.393790 0.870172 0.147788
time 121
  0 -0.197490 -484.952118 -8.135124 0.010614 0.130944 -1.698690
  1 0.000000 0.000000 0.000000 -3.141168 -1.552805 1.570704
  2 4.484989 -0.004008 -0.070309 -0.083066 -0.011444 0.003963
  3 5.037136 -0.005101 -0.000238 -0.009120 -0.021198 0.326096
  4 6.388059 -0.005253 -0.000001 -0.007562 -0.045583 0.070876
  5 6.146608 1.394838 0.000001 -0.000001 -0.000002 0.650292
  6 -2.170032 1.352243 -2.953732 0.163173 1.164647 2.640540
  7 5.760270 -0.000012 -0.000009 0.010566 -0.500748 -0.609629
  8 10.965153 0.000065 -0.000006 0.000013 0.000002 -1.200304
  9 0.000007 -0.000004 -4.044200 0.035707 2.879518 -0.578077
 10 -0.000007 0.000007 4.044200 -0.205744 -3.216544 0.782688
 11 17.182070 0.000091 0.000546 0.000004 -0.000009 -0.045530
 12 16.782913 0.000650 -0.000234 -0.162980 -0.151165 0.922932
 13 5.168527 5.004116 -0.000135 0.055824 0.107999 1.581792
 14 17.182070 0.000099 0.000206 -0.000001 -0.000007 -1.985689
 15 16.782906 0.000656 -0.000113 -0.074761 0.071113 -0.098660
 16 5.168479 5.004167 -0.000064 0.123085 -0.102577 1.557935
 17 -2.170036 1.352229 2.953745 -0.132357 -1.264036 2.616729
 18 5.760273 0.000016 0.000006 0.393790 0.870172 0.147788
time 122
  0 -0.232647 -488.926422 -7.240566 0.009371 0.131290 -1.682072
  1 0.000000 0.000000 0.000000 -3.141168 -1.552805 1.570704
  2 4.484989 -0.004008 -0.070309 -0.083066 -0.011444 0.003963
  3 5.037136 -0.005101 -0.000238 -0.009120 -0.021198 0.326096
  4 6.388059 -0.005253 -0.000001 -0.007562 -0.045583 0.070876
  5 6.146608 1.394838 0.000001 -0.000001 -0.000002 0.650292
  6 -2.170032 1.352243 -2.953732 0.163173 1.164647 2.640540
  7 5.760270 -0.000012 -0.000009 0.010566 -0.500748 -0.609629
  8 10.965153 0.000065 -0.000006 0.000013 0.000002 -1.200304
  9 0.000007 -0.000004 -4.044200 0.030205 2.908179 -0.678681
 10 -0.000007 0.000007 4.044200 -0.190600 -3.210021 0.845007
 11 17.182070 0.000091 0.000546 0.000004 -0.000009 -0.001935
 12 16.782913 0.000650 -0.000234 -0.176395 -0.162117 0.893961
 13 5.168527 5.004116 -0.000135 0.057831 0.096523 1.626537
 14 17.182070 0.000099 0.000206 -0.000001 -0.000007 -1.904963
 15 16.782906 0.000656 -0.000113 -0.055049 0.128908 -0.142353
 16 5.168479 5.004167 -0.000064 0.120496 -0.102733 1.566614
 17 -2.170036 1.352229 2.953745 -0.132357 -1.264036 2.616729
 18 5.760273 0.000016 0.000006 0.393790 0.870172 0.147788
time 123
  0 -0.275617 -492.892944 -5.994434 0.007841 0.131784 -1.662824
  1 0.000000 0.000000 0.000000 -3.141168 -1.552805 1.570704
  2 4.484989 -0.004008 -0.070309 -0.083066 -0.011444 0.003963
  3 5.037136 -0.005101 -0.000238 -0.009120 -0.021198 0.326096
  4 6.388059 -0.005253 -0.000001 -0.007562 -0.045583 0.070876
  5 6.146608 1.394838 0.000001 -0.000001 -0.000002 0.650292
  6 -2.170032 1.352243 -2.953732 0.163173 1.164647 2.640540
  7 5.760270 -0.000012 -0.000009 0.010566 -0.500748 -0.609629
  8 10.965153 0.000065 -0.000006 0.000013 0.000002 -1.200304
  9 0.000007 -0.000004 -4.044200 0.034094 2.927095 -0.748425
 10 -0.000007 0.000007 4.044200 -0.179961 -3.200926 0.871387
 11 17.182070 0.000091 0.000546 0.000004 -0.000009 0.030115
 12 16.782913 0.000650 -0.000234 -0.180246 -0.166676 0.805114
 13 5.168527 5.004116 -0.000135 0.050587 0.097306 1.620205
 14 17.182070 0.000099 0.000206 -0.000001 -0.000007 -1.821153
 15 16.782906 0.000656 -0.000113 -0.017137 0.165011 -0.113488
 16 5.168479 5.004167 -0.000064 0.118364 -0.102781 1.573655
 17 -2.170036 1.352229 2.953745 -0.132357 -1.264036 2.616729
 18 5.760273 0.000016 0.000006 0.393790 0.870172 0.147788
time 124
  0 -0.318588 -496.859497 -4.525639 0.006120 0.132229 -1.642356
  1 0.000000 0.000000 0.000000 -3.141168 -1.552805 1.570704
  2 4.484989 -0.004008 -0.070309 -0.083066 -0.011444 0.003963
  3 5.037136 -0.005101 -0.000238 -0.009120 -0.021198 0.326096
  4 6.388059 -0.005253 -0.000001 -0.007562 -0.045583 0.070876
  5 6.146608 1.394838 0.000001 -0.000001 -0.000002 0.650292
  6 -2.170032 1.352243 -2.953732 0.163173 1.164647 2.640540
  7 5.760270 -0.000012 -0.000009 0.010566 -0.500748 -0.609629
  8 10.965153 0.000065 -0.000006 0.000013 0.000002 -1.200304
  9 0.000007 -0.000004 -4.044200 0.046901 2.940088 -0.791991
 10 -0.000007 0.000007 4.044200 -0.173061 -3.180898 0.835831
 11 17.182070 0.000091 0.000546 0.000004 -0.000009 0.012549
 12 16.782913 0.000650 -0.000234 -0.177057 -0.171569 0.676053
 13 5.168527 5.004116 -0.000135 0.030808 0.099103 1.602940
 14 17.182070 0.000099 0.000206 -0.000001 -0.000007 -1.711577
 15 16.782906 0.000656 -0.000113 0.038520 0.175764 -0.026328
 16 5.168479 5.004167 -0.000064 0.113236 -0.102853 1.590912
 17 -2.170036 1.352229 2.953745 -0.132357 -1.264036 2.616729
 18 5.760273 0.000016 0.000006 0.393790 0.870172 0.147788
time 125
  0 -0.353745 -500.833832 -2.947466 0.004399 0.132822 -1.620855
  1 0.000000 0.000000 0.000000 -3.141168 -1.552805 1.570704
  2 4.484989 -0.004008 -0.070309 -0.083066 -0.011444 0.003963
  3 5.037136 -0.005101 -0.000238 -0.009120 -0.021198 0.326096
  4 6.388059 -0.005253 -0.000001 -0.007562 -0.045583 0.070876
  5 6.146608 1.394838 0.000001 -0.000001 -0.000002 0.650292
  6 -2.170032 1.352243 -2.953732 0.163173 1.164647 2.640540
  7 5.760270 -0.000012 -0.000009 0.010566 -0.500748 -0.609629
  8 10.965153 0.000065 -0.000006 0.000013 0.000002 -1.200304
  9 0.000007 -0.000004 -4.044200 0.066539 2.951648 -0.813583
 10 -0.000007 0.000007 4.044200 -0.166256 -3.153980 0.757837
 11 17.182070 0.000091 0.000546 0.000004 -0.000009 -0.045028
 12 16.782913 0.000650 -0.000234 -0.168327 -0.176739 0.524951
 13 5.168527 5.004116 -0.000135 0.003732 0.101042 1.579148
 14 17.182070 0.000099 0.000206 -0.000001 -0.000007 -1.564858
 15 16.782906 0.000656 -0.000113 0.097185 0.160056 0.069412
 16 5.168479 5.004167 -0.000064 0.108108 -0.102829 1.608108
 17 -2.170036 1.352229 2.953745 -0.132357 -1.264036 2.616729
 18 5.760273 0.000016 0.000006 0.393790 0.870172 0.147788
time 126
  0 -0.408434 -504.788635 -1.388825 0.002773 0.133415 -1.598603
  1 0.000000 0.000000 0.000000 -3.141168 -1.552805 1.570704
  2 4.484989 -0.004008 -0.070309 -0.083066 -0.011444 0.003963
  3 5.037136 -0.005101 -0.000238 -0.009120 -0.021198 0.326096
  4 6.388059 -0.005253 -0.000001 -0.007562 -0.045583 0.070876
  5 6.146608 1.394838 0.000001 -0.000001 -0.000002 0.650292
  6 -2.170032 1.352243 -2.953732 0.163173 1.164647 2.640540
  7 5.760270 -0.000012 -0.000009 0.010566 -0.500748 -0.609629
  8 10.965153 0.000065 -0.000006 0.000013 0.000002 -1.200304
  9 0.000007 -0.000004 -4.044200 0.091299 2.967698 -0.818743
 10 -0.000007 0.000007 4.044200 -0.157342 -3.124215 0.655948
 11 17.182070 0.000091 0.000546 0.000004 -0.000009 -0.133005
 12 16.782913 0.000650 -0.000234 -0.156065 -0.181576 0.370758
 13 5.168527 5.004116 -0.000135 -0.023358 0.102341 1.555650
 14 17.182070 0.000099 0.000206 -0.000001 -0.000007 -1.369759
 15 16.782906 0.000656 -0.000113 0.145604 0.125597 0.124395
 16 5.168479 5.004167 -0.000064 0.105975 -0.102793 1.615290
 17 -2.170036 1.352229 2.953745 -0.132357 -1.264036 2.616729
 18 5.760273 0.000016 0.000006 0.393790 0.870172 0.147788
time 127
  0 -0.443591 -508.762970 0.048719 0.000861 0.134255 -1.576257
  1 0.000000 0.000000 0.000000 -3.141168 -1.552805 1.570704
  2 4.484989 -0.004008 -0.070309 -0.083066 -0.011444 0.003963
  3 5.037136 -0.005101 -0.000238 -0.009120 -0.021198 0.326096
  4 6.388059 -0.005253 -0.000001 -0.007562 -0.045583 0.070876
  5 6.146608 1.394838 0.000001 -0.000001 -0.000002 0.650292
  6 -2.170032 1.352243 -2.953732 0.163173 1.164647 2.640540
  7 5.760270 -0.000012 -0.000009 0.010566 -0.500748 -0.609629
  8 10.965153 0.000065 -0.000006 0.000013 0.000002 -1.200304
  9 0.000007 -0.000004 -4.044200 0.123934 2.992059 -0.804507
 10 -0.000007 0.000007 4.044200 -0.144403 -3.095368 0.547941
 11 17.182070 0.000091 0.000546 0.000004 -0.000009 -0.241274
 12 16.782913 0.000650 -0.000234 -0.142748 -0.185356 0.232698
 13 5.168527 5.004116 -0.000135 -0.043230 0.102857 1.538221
 14 17.182070 0.000099 0.000206 -0.000001 -0.000007 -1.083997
 15 16.782906 0.000656 -0.000113 0.178718 0.072038 0.108438
 16 5.168479 5.004167 -0.000064 0.103855 -0.102745 1.622391
 17 -2.170036 1.352229 2.953745 -0.132357 -1.264036 2.616729
 18 5.760273 0.000016 0.000006 0.393790 0.870172 0.147788
time 128
  0 -0.486561 -512.729553 1.224536 -0.000574 0.134848 -1.553348
  1 0.000000 0.000000 0.000000 -3.141168 -1.552805 1.570704
  2 4.484989 -0.004008 -0.070309 -0.083066 -0.011444 0.003963
  3 5.037136 -0.005101 -0.000238 -0.009120 -0.021198 0.326096
  4 6.388059 -0.005253 -0.000001 -0.007562 -0.045583 0.070876
  5 6.146608 1.394838 0.000001 -0.000001 -0.000002 0.650292
  6 -2.170032 1.352243 -2.953732 0.163173 1.164647 2.640540
  7 5.760270 -0.000012 -0.000009 0.010566 -0.500748 -0.609629
  8 10.965153 0.000065 -0.000006 0.000013 0.000002 -1.200304
  9 0.000007 -0.000004 -4.044200 0.162640 3.021867 -0.770972
 10 -0.000007 0.000007 4.044200 -0.127534 -3.071298 0.452456
 11 17.182070 0.000091 0.000546 0.000004 -0.000009 -0.360801
 12 16.782913 0.000650 -0.000234 -0.132031 -0.188099 0.129823
 13 5.168527 5.004116 -0.000135 -0.050488 0.102946 1.531857
 14 17.182070 0.000099 0.000206 -0.000001 -0.000007 -0.726760
 15 16.782906 0.000656 -0.000113 0.185744 0.002935 0.051837
 16 5.168479 5.004167 -0.000064 0.098727 -0.102481 1.639628
 17 -2.170036 1.352229 2.953745 -0.132357 -1.264036 2.616729
 18 5.760273 0.000016 0.000006 0.393790 0.870172 0.147788
time 129
  0 -0.529531 -516.696045 2.040967 -0.002295 0.135688 -1.531096
  1 0.000000 0.000000 0.000000 -3.141168 -1.552805 1.570704
  2 4.484989 -0.004008 -0.070309 -0.083066 -0.011444 0.003963
  3 5.037136 -0.005101 -0.000238 -0.009120 -0.021198 0.326096
  4 6.388059 -0.005253 -0.000001 -0.007562 -0.045583 0.070876
  5 6.146608 1.394838 0.000001 -0.000001 -0.000002 0.650292
  6 -2.170032 1.352243 -2.953732 0.163173 1.164647 2.640540
  7 5.760270 -0.000012 -0.000009 0.010566 -0.500748 -0.609629
  8 10.965153 0.000065 -0.000006 0.000013 0.000002 -1.200304
  9 0.000007 -0.000004 -4.044200 0.201820 3.053871 -0.725209
 10 -0.000007 0.000007 4.044200 -0.105490 -3.051178 0.364330
 11 17.182070 0.000091 0.000546 0.000004 -0.000009 -0.506785
 12 16.782913 0.000650 -0.000234 -0.124870 -0.190897 0.064410
 13 5.168527 5.004116 -0.000135 -0.057772 0.103035 1.525493
 14 17.182070 0.000099 0.000206 -0.000001 -0.000007 -0.378706
 15 16.782906 0.000656 -0.000113 0.165235 -0.058190 0.002123
 16 5.168479 5.004167 -0.000064 0.093599 -0.102254 1.656824
 17 -2.170036 1.352229 2.953745 -0.132357 -1.264036 2.616729
 18 5.760273 0.000016 0.000006 0.393790 0.870172 0.147788
time 130
  0 -0.576408 -520.658630 2.322226 -0.003825 0.136528 -1.509783
  1 0.000000 0.000000 0.000000 -3.141168 -1.552805 1.570704
  2 4.484989 -0.004008 -0.070309 -0.083066 -0.011444 0.003963
  3 5.037136 -0.005101 -0.000238 -0.009120 -0.021198 0.326096
  4 6.388059 -0.005253 -0.000001 -0.007562 -0.045583 0.070876
  5 6.146608 1.394838 0.000001 -0.000001 -0.000002 0.650292
  6 -2.170032 1.352243 -2.953732 0.163173 1.164647 2.640540
  7 5.760270 -0.000012 -0.000009 0.010566 -0.500748 -0.609629
  8 10.965153 0.000065 -0.000006 0.000013 0.000002 -1.200304
  9 0.000007 -0.000004 -4.044200 0.235308 3.082245 -0.673617
 10 -0.000007 0.000007 4.044200 -0.078175 -3.033631 0.266359
 11 17.182070 0.000091 0.000546 0.000004 -0.000009 -0.689982
 12 16.782913 0.000650 -0.000234 -0.117954 -0.194455 0.021786
 13 5.168527 5.004116 -0.000135 -0.077657 0.102946 1.508098
 14 17.182070 0.000099 0.000206 -0.000001 -0.000007 -0.121247
 15 16.782906 0.000656 -0.000113 0.134089 -0.093636 0.005096
 16 5.168479 5.004167 -0.000064 0.091478 -0.102146 1.663946
 17 -2.170036 1.352229 2.953745 -0.132357 -1.264036 2.616729
 18 5.760273 0.000016 0.000006 0.393790 0.870172 0.147788
time 131
  0 -0.619378 -524.625244 2.365196 -0.005546 0.137269 -1.489221
  1 0.000000 0.000000 0.000000 -3.141168 -1.552805 1.570704
  2 4.484989 -0.004008 -0.070309 -0.083066 -0.011444 0.003963
  3 5.037136 -0.005101 -0.000238 -0.009120 -0.021198 0.326096
  4 6.388059 -0.005253 -0.000001 -0.007562 -0.045583 0.070876
  5 6.146608 1.394838 0.000001 -0.000001 -0.000002 0.650292
  6 -2.170032 1.352243 -2.953732 0.163173 1.164647 2.640540
  7 5.760270 -0.000012 -0.000009 0.010566 -0.500748 -0.609629
  8 10.965153 0.000065 -0.000006 0.000013 0.000002 -1.200304
  9 0.000007 -0.000004 -4.044200 0.260448 3.102977 -0.577790
 10 -0.000007 0.000007 4.044200 -0.047792 -3.018840 0.162463
 11 17.182070 0.000091 0.000546 0.000004 -0.000009 -0.893614
 12 16.782913 0.000650 -0.000234 -0.108978 -0.197939 -0.005282
 13 5.168527 5.004116 -0.000135 -0.104774 0.102341 1.484371
 14 17.182070 0.000099 0.000206 -0.000001 -0.000007 -0.107609
 15 16.782906 0.000656 -0.000113 0.136658 -0.088023 0.177420
 16 5.168479 5.004167 -0.000064 0.091478 -0.102146 1.663946
 17 -2.170036 1.352229 2.953745 -0.132357 -1.264036 2.616729
 18 5.760273 0.000016 0.000006 0.393790 0.870172 0.147788
time 132
  0 -0.674067 -528.580017 2.310507 -0.006885 0.137961 -1.470443
  1 0.000000 0.000000 0.000000 -3.141168 -1.552805 1.570704
  2 4.484989 -0.004008 -0.070309 -0.083066 -0.011444 0.003963
  3 5.037136 -0.005101 -0.000238 -0.009120 -0.021198 0.326096
  4 6.388059 -0.005253 -0.000001 -0.007562 -0.045583 0.070876
  5 6.146608 1.394838 0.000001 -0.000001 -0.000002 0.650292
  6 -2.170032 1.352243 -2.953732 0.163173 1.164647 2.640540
  7 5.760270 -0.000012 -0.000009 0.010566 -0.500748 -0.609629
  8 10.965153 0.000065 -0.000006 0.000013 0.000002 -1.200304
  9 0.000007 -0.000004 -4.044200 0.276196 3.109187 -0.495817
 10 -0.000007 0.000007 4.044200 -0.017409 -3.007724 0.056464
 11 17.182070 0.000091 0.000546 0.000004 -0.000009 -1.101333
 12 16.782913 0.000650 -0.000234 -0.097157 -0.199329 -0.023452
 13 5.168527 5.004116 -0.000135 -0.131890 0.101060 1.460611
 14 17.182070 0.000099 0.000206 -0.000001 -0.000007 -0.256041
 15 16.782906 0.000656 -0.000113 0.156745 -0.066229 0.371761
 16 5.168479 5.004167 -0.000064 0.091478 -0.102146 1.663946
 17 -2.170036 1.352229 2.953745 -0.132357 -1.264036 2.616729
 18 5.760273 0.000016 0.000006 0.393790 0.870172 0.147788
time 133
  0 -0.728756 -532.534790 1.794866 -0.008128 0.138702 -1.453449
  1 0.000000 0.000000 0.000000 -3.141168 -1.552805 1.570704
  2 4.484989 -0.004008 -0.070309 -0.083066 -0.011444 0.003963
  3 5.037136 -0.005101 -0.000238 -0.009120 -0.021198 0.326096
  4 6.388059 -0.005253 -0.000001 -0.007562 -0.045583 0.070876
  5 6.146608 1.394838 0.000001 -0.000001 -0.000002 0.650292
  6 -2.170032 1.352243 -2.953732 0.163173 1.164647 2.640540
  7 5.760270 -0.000012 -0.000009 0.010566 -0.500748 -0.609629
  8 10.965153 0.000065 -0.000006 0.000013 0.000002 -1.200304
  9 0.000007 -0.000004 -4.044200 0.286157 3.096671 -0.496390
 10 -0.000007 0.000007 4.044200 0.010961 -2.999731 -0.049249
 11 17.182070 0.000091 0.000546 0.000004 -0.000009 -1.296505
 12 16.782913 0.000650 -0.000234 -0.083203 -0.196086 -0.039347
 13 5.168527 5.004116 -0.000135 -0.151722 0.099690 1.443281
 14 17.182070 0.000099 0.000206 -0.000001 -0.000007 -0.437641
 15 16.782906 0.000656 -0.000113 0.156501 -0.053379 0.441458
 16 5.168479 5.004167 -0.000064 0.082381 -0.101618 1.655327
 17 -2.170036 1.352229 2.953745 -0.132357 -1.264036 2.616729
 18 5.760273 0.000016 0.000006 0.393790 0.870172 0.147788
time 134
  0 -0.783445 -536.489624 0.841712 -0.009084 0.139295 -1.438896
  1 0.000000 0.000000 0.000000 -3.141168 -1.552805 1.570704
  2 4.484989 -0.004008 -0.070309 -0.083066 -0.011444 0.003963
  3 5.037136 -0.005101 -0.000238 -0.009120 -0.021198 0.326096
  4 6.388059 -0.005253 -0.000001 -0.007562 -0.045583 0.070876
  5 6.146608 1.394838 0.000001 -0.000001 -0.000002 0.650292
  6 -2.170032 1.352243 -2.953732 0.163173 1.164647 2.640540
  7 5.760270 -0.000012 -0.000009 0.010566 -0.500748 -0.609629
  8 10.965153 0.000065 -0.000006 0.000013 0.000002 -1.200304
  9 0.000007 -0.000004 -4.044200 0.293936 3.076035 -0.524766
 10 -0.000007 0.000007 4.044200 0.033868 -2.993392 -0.149705
 11 17.182070 0.000091 0.000546 0.000004 -0.000009 -1.462063
 12 16.782913 0.000650 -0.000234 -0.069322 -0.186190 -0.058536
 13 5.168527 5.004116 -0.000135 -0.158967 0.099156 1.436950
 14 17.182070 0.000099 0.000206 -0.000001 -0.000007 -0.659397
 15 16.782906 0.000656 -0.000113 0.149296 -0.043510 0.483344
 16 5.168479 5.004167 -0.000064 0.060414 -0.100839 1.634388
 17 -2.170036 1.352229 2.953745 -0.132357 -1.264036 2.616729
 18 5.760273 0.000016 0.000006 0.393790 0.870172 0.147788
time 135
  0 -0.838135 -540.444458 -0.384888 -0.010136 0.139789 -1.426409
  1 0.000000 0.000000 0.000000 -3.141168 -1.552805 1.570704
  2 4.484989 -0.004008 -0.070309 -0.083066 -0.011444 0.003963
  3 5.037136 -0.005101 -0.000238 -0.009120 -0.021198 0.326096
  4 6.388059 -0.005253 -0.000001 -0.007562 -0.045583 0.070876
  5 6.146608 1.394838 0.000001 -0.000001 -0.000002 0.650292
  6 -2.170032 1.352243 -2.953732 0.163173 1.164647 2.640540
  7 5.760270 -0.000012 -0.000009 0.010566 -0.500748 -0.609629
  8 10.965153 0.000065 -0.000006 0.000013 0.000002 -1.200304
  9 0.000007 -0.000004 -4.044200 0.299818 3.056069 -0.544543
 10 -0.000007 0.000007 4.044200 0.052557 -2.986686 -0.255608
 11 17.182070 0.000091 0.000546 0.000004 -0.000009 -1.622029
 12 16.782913 0.000650 -0.000234 -0.053381 -0.166899 -0.083669
 13 5.168527 5.004116 -0.000135 -0.156414 0.099530 1.445664
 14 17.182070 0.000099 0.000206 -0.000001 -0.000007 -0.854497
 15 16.782906 0.000656 -0.000113 0.138008 -0.036396 0.509801
 16 5.168479 5.004167 -0.000064 0.038435 -0.100600 1.613449
 17 -2.170036 1.352229 2.953745 -0.132357 -1.264036 2.616729
 18 5.760273 0.000016 0.000006 0.393790 0.870172 0.147788
time 136
  0 -0.873292 -544.418762 -1.716960 -0.010614 0.140234 -1.417583
  1 0.000000 0.000000 0.000000 -3.141168 -1.552805 1.570704
  2 4.484989 -0.004008 -0.070309 -0.083066 -0.011444 0.003963
  3 5.037136 -0.005101 -0.000238 -0.009120 -0.021198 0.326096
  4 6.388059 -0.005253 -0.000001 -0.007562 -0.045583 0.070876
  5 6.146608 1.394838 0.000001 -0.000001 -0.000002 0.650292
  6 -2.170032 1.352243 -2.953732 0.163173 1.164647 2.640540
  7 5.760270 -0.000012 -0.000009 0.010566 -0.500748 -0.609629
  8 10.965153 0.000065 -0.000006 0.000013 0.000002 -1.200304
  9 0.000007 -0.000004 -4.044200 0.305984 3.047470 -0.518651
 10 -0.000007 0.000007 4.044200 0.069522 -2.979336 -0.372026
 11 17.182070 0.000091 0.000546 0.000004 -0.000009 -1.794113
 12 16.782913 0.000650 -0.000234 -0.037293 -0.137489 -0.109617
 13 5.168527 5.004116 -0.000135 -0.149396 0.100473 1.469325
 14 17.182070 0.000099 0.000206 -0.000001 -0.000007 -0.955644
 15 16.782906 0.000656 -0.000113 0.126884 -0.028069 0.533247
 16 5.168479 5.004167 -0.000064 0.029325 -0.100600 1.604770
 17 -2.170036 1.352229 2.953745 -0.132357 -1.264036 2.616729
 18 5.760273 0.000016 0.000006 0.393790 0.870172 0.147788
time 137
  0 -0.904543 -548.397034 -2.978717 -0.011188 0.140481 -1.411574
  1 0.000000 0.000000 0.000000 -3.141168 -1.552805 1.570704
  2 4.484989 -0.004008 -0.070309 -0.083066 -0.011444 0.003963
  3 5.037136 -0.005101 -0.000238 -0.009120 -0.021198 0.326096
  4 6.388059 -0.005253 -0.000001 -0.007562 -0.045583 0.070876
  5 6.146608 1.394838 0.000001 -0.000001 -0.000002 0.650292
  6 -2.170032 1.352243 -2.953732 0.163173 1.164647 2.640540
  7 5.760270 -0.000012 -0.000009 0.010566 -0.500748 -0.609629
  8 10.965153 0.000065 -0.000006 0.000013 0.000002 -1.200304
  9 0.000007 -0.000004 -4.044200 0.309684 3.035624 -0.507282
 10 -0.000007 0.000007 4.044200 0.083515 -2.973089 -0.487201
 11 17.182070 0.000091 0.000546 0.000004 -0.000009 -1.953433
 12 16.782913 0.000650 -0.000234 -0.028268 -0.102465 -0.131286
 13 5.168527 5.004116 -0.000135 -0.139812 0.101576 1.501766
 14 17.182070 0.000099 0.000206 -0.000001 -0.000007 -1.099964
 15 16.782906 0.000656 -0.000113 0.123338 -0.018200 0.632599
 16 5.168479 5.004167 -0.000064 0.030780 -0.098646 1.613793
 17 -2.170036 1.352229 2.953745 -0.132357 -1.264036 2.616729
 18 5.760273 0.000016 0.000006 0.393790 0.870172 0.147788
time 138
  0 -0.927981 -552.383118 -4.025624 -0.011379 0.140481 -1.409884
  1 0.000000 0.000000 0.000000 -3.141168 -1.552805 1.570704
  2 4.484989 -0.004008 -0.070309 -0.083066 -0.011444 0.003963
  3 5.037136 -0.005101 -0.000238 -0.009120 -0.021198 0.326096
  4 6.388059 -0.005253 -0.000001 -0.007562 -0.045583 0.070876
  5 6.146608 1.394838 0.000001 -0.000001 -0.000002 0.650292
  6 -2.170032 1.352243 -2.953732 0.163173 1.164647 2.640540
  7 5.760270 -0.000012 -0.000009 0.010566 -0.500748 -0.609629
  8 10.965153 0.000065 -0.000006 0.000013 0.000002 -1.200304
  9 0.000007 -0.000004 -4.044200 0.315091 3.031611 -0.465626
 10 -0.000007 0.000007 4.044200 0.093387 -2.968496 -0.588995
 11 17.182070 0.000091 0.000546 0.000004 -0.000009 -2.075326
 12 16.782913 0.000650 -0.000234 -0.030034 -0.069034 -0.144056
 13 5.168527 5.004116 -0.000135 -0.130162 0.102270 1.534207
 14 17.182070 0.000099 0.000206 -0.000001 -0.000007 -1.187543
 15 16.782906 0.000656 -0.000113 0.117206 -0.005494 0.724952
 16 5.168479 5.004167 -0.000064 0.035008 -0.093445 1.639304
 17 -2.170036 1.352229 2.953745 -0.132357 -1.264036 2.616729
 18 5.760273 0.000016 0.000006 0.393790 0.870172 0.147788
time 139
  0 -0.920168 -556.400391 -4.849868 -0.011188 0.140481 -1.411574
  1 0.000000 0.000000 0.000000 -3.141168 -1.552805 1.570704
  2 4.484989 -0.004008 -0.070309 -0.083066 -0.011444 0.003963
  3 5.037136 -0.005101 -0.000238 -0.009120 -0.021198 0.326096
  4 6.388059 -0.005253 -0.000001 -0.007562 -0.045583 0.070876
  5 6.146608 1.394838 0.000001 -0.000001 -0.000002 0.650292
  6 -2.170032 1.352243 -2.953732 0.163173 1.164647 2.640540
  7 5.760270 -0.000012 -0.000009 0.010566 -0.500748 -0.609629
  8 10.965153 0.000065 -0.000006 0.000013 0.000002 -1.200304
  9 0.000007 -0.000004 -4.044200 0.320404 3.033140 -0.401041
 10 -0.000007 0.000007 4.044200 0.097604 -2.966015 -0.666033
 11 17.182070 0.000091 0.000546 0.000004 -0.000009 -2.134408
 12 16.782913 0.000650 -0.000234 -0.043056 -0.044201 -0.145075
 13 5.168527 5.004116 -0.000135 -0.123091 0.102661 1.557967
 14 17.182070 0.000099 0.000206 -0.000001 -0.000007 -1.229345
 15 16.782906 0.000656 -0.000113 0.109806 0.010029 0.806617
 16 5.168479 5.004167 -0.000064 0.041578 -0.085763 1.677521
 17 -2.170036 1.352229 2.953745 -0.132357 -1.264036 2.616729
 18 5.760273 0.000016 0.000006 0.393790 0.870172 0.147788
time 140
  0 -0.888917 -560.441162 -5.685831 -0.010614 0.140234 -1.417583
  1 0.000000 0.000000 0.000000 -3.141168 -1.552805 1.570704
  2 4.484989 -0.004008 -0.070309 -0.083066 -0.011444 0.003963
  3 5.037136 -0.005101 -0.000238 -0.009120 -0.021198 0.326096
  4 6.388059 -0.005253 -0.000001 -0.007562 -0.045583 0.070876
  5 6.146608 1.394838 0.000001 -0.000001 -0.000002 0.650292
  6 -2.170032 1.352243 -2.953732 0.163173 1.164647 2.640540
  7 5.760270 -0.000012 -0.000009 0.010566 -0.500748 -0.609629
  8 10.965153 0.000065 -0.000006 0.000013 0.000002 -1.200304
  9 0.000007 -0.000004 -4.044200 0.324104 3.035433 -0.326042
 10 -0.000007 0.000007 4.044200 0.093962 -2.966475 -0.706369
 11 17.182070 0.000091 0.000546 0.000004 -0.000009 -2.105942
 12 16.782913 0.000650 -0.000234 -0.066649 -0.032934 -0.130471
 13 5.168527 5.004116 -0.000135 -0.120499 0.102697 1.566746
 14 17.182070 0.000099 0.000206 -0.000001 -0.000007 -1.252782
 15 16.782906 0.000656 -0.000113 0.102910 0.028409 0.885347
 16 5.168479 5.004167 -0.000064 0.049702 -0.077026 1.722555
 17 -2.170036 1.352229 2.953745 -0.132357 -1.264036 2.616729
 18 5.760273 0.000016 0.000006 0.393790 0.870172 0.147788
time 141
  0 -0.849854 -564.489746 -6.353820 -0.010136 0.139789 -1.426409
  1 0.000000 0.000000 0.000000 -3.141168 -1.552805 1.570704
  2 4.484989 -0.004008 -0.070309 -0.083066 -0.011444 0.003963
  3 5.037136 -0.005101 -0.000238 -0.009120 -0.021198 0.326096
  4 6.388059 -0.005253 -0.000001 -0.007562 -0.045583 0.070876
  5 6.146608 1.394838 0.000001 -0.000001 -0.000002 0.650292
  6 -2.170032 1.352243 -2.953732 0.163173 1.164647 2.640540
  7 5.760270 -0.000012 -0.000009 0.010566 -0.500748 -0.609629
  8 10.965153 0.000065 -0.000006 0.000013 0.000002 -1.200304
  9 0.000007 -0.000004 -4.044200 0.325716 3.040783 -0.235184
 10 -0.000007 0.000007 4.044200 0.083611 -2.968863 -0.716022
 11 17.182070 0.000091 0.000546 0.000004 -0.000009 -2.002047
 12 16.782913 0.000650 -0.000234 -0.099168 -0.027671 -0.098953
 13 5.168527 5.004116 -0.000135 -0.117441 0.099263 1.567627
 14 17.182070 0.000099 0.000206 -0.000001 -0.000007 -1.238802
 15 16.782906 0.000656 -0.000113 0.097803 0.048332 0.941948
 16 5.168479 5.004167 -0.000064 0.058207 -0.068661 1.767710
 17 -2.170036 1.352229 2.953745 -0.132357 -1.264036 2.616729
 18 5.760273 0.000016 0.000006 0.393790 0.870172 0.147788
time 142
  0 -0.799071 -568.549988 -6.662423 -0.009084 0.139295 -1.438896
  1 0.000000 0.000000 0.000000 -3.141168 -1.552805 1.570704
  2 4.484989 -0.004008 -0.070309 -0.083066 -0.011444 0.003963
  3 5.037136 -0.005101 -0.000238 -0.009120 -0.021198 0.326096
  4 6.388059 -0.005253 -0.000001 -0.007562 -0.045583 0.070876
  5 6.146608 1.394838 0.000001 -0.000001 -0.000002 0.650292
  6 -2.170032 1.352243 -2.953732 0.163173 1.164647 2.640540
  7 5.760270 -0.000012 -0.000009 0.010566 -0.500748 -0.609629
  8 10.965153 0.000065 -0.000006 0.000013 0.000002 -1.200304
  9 0.000007 -0.000004 -4.044200 0.326665 3.051578 -0.123880
 10 -0.000007 0.000007 4.044200 0.069905 -2.972079 -0.710670
 11 17.182070 0.000091 0.000546 0.000004 -0.000009 -1.857067
 12 16.782913 0.000650 -0.000234 -0.136151 -0.016960 -0.054936
 13 5.168527 5.004116 -0.000135 -0.108589 0.089406 1.570336
 14 17.182070 0.000099 0.000206 -0.000001 -0.000007 -1.168081
 15 16.782906 0.000656 -0.000113 0.094778 0.067412 0.955158
 16 5.168479 5.004167 -0.000064 0.065690 -0.061818 1.806008
 17 -2.170036 1.352229 2.953745 -0.132357 -1.264036 2.616729
 18 5.760273 0.000016 0.000006 0.393790 0.870172 0.147788
time 143
  0 -0.748288 -572.610291 -6.103812 -0.008128 0.138702 -1.453449
  1 0.000000 0.000000 0.000000 -3.141168 -1.552805 1.570704
  2 4.484989 -0.004008 -0.070309 -0.083066 -0.011444 0.003963
  3 5.037136 -0.005101 -0.000238 -0.009120 -0.021198 0.326096
  4 6.388059 -0.005253 -0.000001 -0.007562 -0.045583 0.070876
  5 6.146608 1.394838 0.000001 -0.000001 -0.000002 0.650292
  6 -2.170032 1.352243 -2.953732 0.163173 1.164647 2.640540
  7 5.760270 -0.000012 -0.000009 0.010566 -0.500748 -0.609629
  8 10.965153 0.000065 -0.000006 0.000013 0.000002 -1.200304
  9 0.000007 -0.000004 -4.044200 0.328942 3.075558 0.022965
 10 -0.000007 0.000007 4.044200 0.052941 -2.976213 -0.693178
 11 17.182070 0.000091 0.000546 0.000004 -0.000009 -1.678745
 12 16.782913 0.000650 -0.000234 -0.172766 0.002127 -0.002701
 13 5.168527 5.004116 -0.000135 -0.094831 0.073838 1.574252
 14 17.182070 0.000099 0.000206 -0.000001 -0.000007 -0.982850
 15 16.782906 0.000656 -0.000113 0.092322 0.081249 0.877406
 16 5.168479 5.004167 -0.000064 0.070843 -0.057431 1.831681
 17 -2.170036 1.352229 2.953745 -0.132357 -1.264036 2.616729
 18 5.760273 0.000016 0.000006 0.393790 0.870172 0.147788
time 144
  0 -0.697505 -576.670593 -4.927995 -0.006885 0.137961 -1.470443
  1 0.000000 0.000000 0.000000 -3.141168 -1.552805 1.570704
  2 4.484989 -0.004008 -0.070309 -0.083066 -0.011444 0.003963
  3 5.037136 -0.005101 -0.000238 -0.009120 -0.021198 0.326096
  4 6.388059 -0.005253 -0.000001 -0.007562 -0.045583 0.070876
  5 6.146608 1.394838 0.000001 -0.000001 -0.000002 0.650292
  6 -2.170032 1.352243 -2.953732 0.163173 1.164647 2.640540
  7 5.760270 -0.000012 -0.000009 0.010566 -0.500748 -0.609629
  8 10.965153 0.000065 -0.000006 0.000013 0.000002 -1.200304
  9 0.000007 -0.000004 -4.044200 0.331029 3.121702 0.229045
 10 -0.000007 0.000007 4.044200 0.033868 -2.981541 -0.665364
 11 17.182070 0.000091 0.000546 0.000004 -0.000009 -1.475113
 12 16.782913 0.000650 -0.000234 -0.203617 0.030110 0.054731
 13 5.168527 5.004116 -0.000135 -0.077604 0.054231 1.579050
 14 17.182070 0.000099 0.000206 -0.000001 -0.000007 -0.638839
 15 16.782906 0.000656 -0.000113 0.089183 0.088322 0.683405
 16 5.168479 5.004167 -0.000064 0.072679 -0.055993 1.840623
 17 -2.170036 1.352229 2.953745 -0.132357 -1.264036 2.616729
 18 5.760273 0.000016 0.000006 0.393790 0.870172 0.147788
time 145
  0 -0.646723 -580.730896 -3.478732 -0.005546 0.137269 -1.489221
  1 0.000000 0.000000 0.000000 -3.141168 -1.552805 1.570704
  2 4.484989 -0.004008 -0.070309 -0.083066 -0.011444 0.003963
  3 5.037136 -0.005101 -0.000238 -0.009120 -0.021198 0.326096
  4 6.388059 -0.005253 -0.000001 -0.007562 -0.045583 0.070876
  5 6.146608 1.394838 0.000001 -0.000001 -0.000002 0.650292
  6 -2.170032 1.352243 -2.953732 0.163173 1.164647 2.640540
  7 5.760270 -0.000012 -0.000009 0.010566 -0.500748 -0.609629
  8 10.965153 0.000065 -0.000006 0.000013 0.000002 -1.200304
  9 0.000007 -0.000004 -4.044200 0.323724 3.132115 0.309203
 10 -0.000007 0.000007 4.044200 0.012686 -2.987972 -0.631051
 11 17.182070 0.000091 0.000546 0.000004 -0.000009 -1.254559
 12 16.782913 0.000650 -0.000234 -0.223776 0.064579 0.114132
 13 5.168527 5.004116 -0.000135 -0.058649 0.032400 1.584076
 14 17.182070 0.000099 0.000206 -0.000001 -0.000007 -0.507608
 15 16.782906 0.000656 -0.000113 0.105691 0.065027 0.393024
 16 5.168479 5.004167 -0.000064 0.064556 -0.064298 1.782783
 17 -2.170036 1.352229 2.953745 -0.132357 -1.264036 2.616729
 18 5.760273 0.000016 0.000006 0.393790 0.870172 0.147788
time 146
  0 -0.595940 -584.791138 -1.771649 -0.003825 0.136528 -1.509783
  1 0.000000 0.000000 0.000000 -3.141168 -1.552805 1.570704
  2 4.484989 -0.004008 -0.070309 -0.083066 -0.011444 0.003963
  3 5.037136 -0.005101 -0.000238 -0.009120 -0.021198 0.326096
  4 6.388059 -0.005253 -0.000001 -0.007562 -0.045583 0.070876
  5 6.146608 1.394838 0.000001 -0.000001 -0.000002 0.650292
  6 -2.170032 1.352243 -2.953732 0.163173 1.164647 2.640540
  7 5.760270 -0.000012 -0.000009 0.010566 -0.500748 -0.609629
  8 10.965153 0.000065 -0.000006 0.000013 0.000002 -1.200304
  9 0.000007 -0.000004 -4.044200 0.313004 3.139472 0.355063
 10 -0.000007 0.000007 4.044200 -0.008975 -2.995781 -0.592054
 11 17.182070 0.000091 0.000546 0.000004 -0.000009 -1.024469
 12 16.782913 0.000650 -0.000234 -0.230373 0.100678 0.172481
 13 5.168527 5.004116 -0.000135 -0.039814 0.010480 1.588645
 14 17.182070 0.000099 0.000206 -0.000001 -0.000007 -0.397620
 15 16.782906 0.000656 -0.000113 0.148287 0.014243 0.102906
 16 5.168479 5.004167 -0.000064 0.078264 -0.057611 1.708717
 17 -2.170036 1.352229 2.953745 -0.132357 -1.264036 2.616729
 18 5.760273 0.000016 0.000006 0.393790 0.870172 0.147788
time 147
  0 -0.533438 -588.863159 -0.048940 -0.002295 0.135688 -1.531096
  1 0.000000 0.000000 0.000000 -3.141168 -1.552805 1.570704
  2 4.484989 -0.004008 -0.070309 -0.083066 -0.011444 0.003963
  3 5.037136 -0.005101 -0.000238 -0.009120 -0.021198 0.326096
  4 6.388059 -0.005253 -0.000001 -0.007562 -0.045583 0.070876
  5 6.146608 1.394838 0.000001 -0.000001 -0.000002 0.650292
  6 -2.170032 1.352243 -2.953732 0.163173 1.164647 2.640540
  7 5.760270 -0.000012 -0.000009 0.010566 -0.500748 -0.609629
  8 10.965153 0.000065 -0.000006 0.000013 0.000002 -1.200304
  9 0.000007 -0.000004 -4.044200 0.300007 3.132689 0.387833
 10 -0.000007 0.000007 4.044200 -0.030348 -3.004508 -0.551814
 11 17.182070 0.000091 0.000546 0.000004 -0.000009 -0.793376
 12 16.782913 0.000650 -0.000234 -0.223678 0.132626 0.227807
 13 5.168527 5.004116 -0.000135 -0.022906 -0.009288 1.592366
 14 17.182070 0.000099 0.000206 -0.000001 -0.000007 -0.391316
 15 16.782906 0.000656 -0.000113 0.204513 -0.035594 -0.045973
 16 5.168479 5.004167 -0.000064 0.080766 -0.058030 1.663824
 17 -2.170036 1.352229 2.953745 -0.132357 -1.264036 2.616729
 18 5.760273 0.000016 0.000006 0.393790 0.870172 0.147788
time 148
  0 -0.470936 -592.935181 1.462825 -0.000574 0.134848 -1.553348
  1 0.000000 0.000000 0.000000 -3.141168 -1.552805 1.570704
  2 4.484989 -0.004008 -0.070309 -0.083066 -0.011444 0.003963
  3 5.037136 -0.005101 -0.000238 -0.009120 -0.021198 0.326096
  4 6.388059 -0.005253 -0.000001 -0.007562 -0.045583 0.070876
  5 6.146608 1.394838 0.000001 -0.000001 -0.000002 0.650292
  6 -2.170032 1.352243 -2.953732 0.163173 1.164647 2.640540
  7 5.760270 -0.000012 -0.000009 0.010566 -0.500748 -0.609629
  8 10.965153 0.000065 -0.000006 0.000013 0.000002 -1.200304
  9 0.000007 -0.000004 -4.044200 0.286062 3.122275 0.415731
 10 -0.000007 0.000007 4.044200 -0.051626 -3.013971 -0.512148
 11 17.182070 0.000091 0.000546 0.000004 -0.000009 -0.569237
 12 16.782913 0.000650 -0.000234 -0.206806 0.155550 0.276578
 13 5.168527 5.004116 -0.000135 -0.009508 -0.025105 1.595107
 14 17.182070 0.000099 0.000206 -0.000001 -0.000007 -0.407488
 15 16.782906 0.000656 -0.000113 0.274059 -0.084425 -0.170766
 16 5.168479 5.004167 -0.000064 0.086893 -0.058749 1.555487
 17 -2.170036 1.352229 2.953745 -0.132357 -1.264036 2.616729
 18 5.760273 0.000016 0.000006 0.393790 0.870172 0.147788
time 149
  0 -0.420153 -596.995422 2.525357 0.000861 0.134255 -1.576257
  1 0.000000 0.000000 0.000000 -3.141168 -1.552805 1.570704
  2 4.484989 -0.004008 -0.070309 -0.083066 -0.011444 0.003963
  3 5.037136 -0.005101 -0.000238 -0.009120 -0.021198 0.326096
  4 6.388059 -0.005253 -0.000001 -0.007562 -0.045583 0.070876
  5 6.146608 1.394838 0.000001 -0.000001 -0.000002 0.650292
  6 -2.170032 1.352243 -2.953732 0.163173 1.164647 2.640540
  7 5.760270 -0.000012 -0.000009 0.010566 -0.500748 -0.609629
  8 10.965153 0.000065 -0.000006 0.000013 0.000002 -1.200304
  9 0.000007 -0.000004 -4.044200 0.273255 3.106989 0.429679
 10 -0.000007 0.000007 4.044200 -0.071370 -3.023618 -0.476401
 11 17.182070 0.000091 0.000546 0.000004 -0.000009 -0.359797
 12 16.782913 0.000650 -0.000234 -0.185003 0.167206 0.314108
 13 5.168527 5.004116 -0.000135 -0.000974 -0.035229 1.596739
 14 17.182070 0.000099 0.000206 -0.000001 -0.000007 -0.459295
 15 16.782906 0.000656 -0.000113 0.337051 -0.115327 -0.257098
 16 5.168479 5.004167 -0.000064 0.093056 -0.058797 1.447008
 17 -2.170036 1.352229 2.953745 -0.132357 -1.264036 2.616729
 18 5.760273 0.000016 0.000006 0.393790 0.870172 0.147788
time 150
  0 -0.369370 -601.055725 2.884743 0.002773 0.133415 -1.598603
  1 0.000000 0.000000 0.000000 -3.141168 -1.552805 1.570704
  2 4.484989 -0.004008 -0.070309 -0.083066 -0.011444 0.003963
  3 5.037136 -0.005101 -0.000238 -0.009120 -0.021198 0.326096
  4 6.388059 -0.005253 -0.000001 -0.007562 -0.045583 0.070876
  5 6.146608 1.394838 0.000001 -0.000001 -0.000002 0.650292
  6 -2.170032 1.352243 -2.953732 0.163173 1.164647 2.640540
  7 5.760270 -0.000012 -0.000009 0.010566 -0.500748 -0.609629
  8 10.965153 0.000065 -0.000006 0.000013 0.000002 -1.200304
  9 0.000007 -0.000004 -4.044200 0.263673 3.084061 0.422705
 10 -0.000007 0.000007 4.044200 -0.089580 -3.032988 -0.446770
 11 17.182070 0.000091 0.000546 0.000004 -0.000009 -0.173517
 12 16.782913 0.000650 -0.000234 -0.163397 0.168503 0.336320
 13 5.168527 5.004116 -0.000135 0.001950 -0.038734 1.597294
 14 17.182070 0.000099 0.000206 -0.000001 -0.000007 -0.560100
 15 16.782906 0.000656 -0.000113 0.369319 -0.119130 -0.285812
 16 5.168479 5.004167 -0.000064 0.095608 -0.058702 1.402096
 17 -2.170036 1.352229 2.953745 -0.132357 -1.264036 2.616729
 18 5.760273 0.000016 0.000006 0.393790 0.870172 0.147788
time 151
  0 -0.318588 -605.116028 2.912088 0.004399 0.132822 -1.620855
  1 0.000000 0.000000 0.000000 -3.141168 -1.552805 1.570704
  2 4.484989 -0.004008 -0.070309 -0.083066 -0.011444 0.003963
  3 5.037136 -0.005101 -0.000238 -0.009120 -0.021198 0.326096
  4 6.388059 -0.005253 -0.000001 -0.007562 -0.045583 0.070876
  5 6.146608 1.394838 0.000001 -0.000001 -0.000002 0.650292
  6 -2.170032 1.352243 -2.953732 0.163173 1.164647 2.640540
  7 5.760270 -0.000012 -0.000009 0.010566 -0.500748 -0.609629
  8 10.965153 0.000065 -0.000006 0.000013 0.000002 -1.200304
  9 0.000007 -0.000004 -4.044200 0.257412 3.054922 0.403501
 10 -0.000007 0.000007 4.044200 -0.108461 -3.043737 -0.411597
 11 17.182070 0.000091 0.000546 0.000004 -0.000009 -0.052269
 12 16.782913 0.000650 -0.000234 -0.178038 0.125936 0.186168
 13 5.168527 5.004116 -0.000135 0.008929 -0.047043 1.598534
 14 17.182070 0.000099 0.000206 -0.000001 -0.000007 -0.702022
 15 16.782906 0.000656 -0.000113 0.373808 -0.107329 -0.269291
 16 5.168479 5.004167 -0.000064 0.097173 -0.059588 1.402986
 17 -2.170036 1.352229 2.953745 -0.132357 -1.264036 2.616729
 18 5.760273 0.000016 0.000006 0.393790 0.870172 0.147788
time 152
  0 -0.275617 -609.168457 2.904275 0.006120 0.132229 -1.642356
  1 0.000000 0.000000 0.000000 -3.141168 -1.552805 1.570704
  2 4.484989 -0.004008 -0.070309 -0.083066 -0.011444 0.003963
  3 5.037136 -0.005101 -0.000238 -0.009120 -0.021198 0.326096
  4 6.388059 -0.005253 -0.000001 -0.007562 -0.045583 0.070876
  5 6.146608 1.394838 0.000001 -0.000001 -0.000002 0.650292
  6 -2.170032 1.352243 -2.953732 0.163173 1.164647 2.640540
  7 5.760270 -0.000012 -0.000009 0.010566 -0.500748 -0.609629
  8 10.965153 0.000065 -0.000006 0.000013 0.000002 -1.200304
  9 0.000007 -0.000004 -4.044200 0.251910 3.023013 0.386113
 10 -0.000007 0.000007 4.044200 -0.123892 -3.052005 -0.391620
 11 17.182070 0.000091 0.000546 0.000004 -0.000009 -0.036137
 12 16.782913 0.000650 -0.000234 -0.205579 0.059964 -0.016490
 13 5.168527 5.004116 -0.000135 0.015894 -0.055405 1.599742
 14 17.182070 0.000099 0.000206 -0.000001 -0.000007 -0.864844
 15 16.782906 0.000656 -0.000113 0.369872 -0.096247 -0.235647
 16 5.168479 5.004167 -0.000064 0.101710 -0.062465 1.405515
 17 -2.170036 1.352229 2.953745 -0.132357 -1.264036 2.616729
 18 5.760273 0.000016 0.000006 0.393790 0.870172 0.147788
time 153
  0 -0.224835 -613.228760 2.705050 0.007841 0.131784 -1.662824
  1 0.000000 0.000000 0.000000 -3.141168 -1.552805 1.570704
  2 4.484989 -0.004008 -0.070309 -0.083066 -0.011444 0.003963
  3 5.037136 -0.005101 -0.000238 -0.009120 -0.021198 0.326096
  4 6.388059 -0.005253 -0.000001 -0.007562 -0.045583 0.070876
  5 6.146608 1.394838 0.000001 -0.000001 -0.000002 0.650292
  6 -2.170032 1.352243 -2.953732 0.163173 1.164647 2.640540
  7 5.760270 -0.000012 -0.000009 0.010566 -0.500748 -0.609629
  8 10.965153 0.000065 -0.000006 0.000013 0.000002 -1.200304
  9 0.000007 -0.000004 -4.044200 0.246123 2.988716 0.367483
 10 -0.000007 0.000007 4.044200 -0.133573 -3.052740 -0.425074
 11 17.182070 0.000091 0.000546 0.000004 -0.000009 -0.147776
 12 16.782913 0.000650 -0.000234 -0.220833 0.014543 -0.061627
 13 5.168527 5.004116 -0.000135 0.022873 -0.063732 1.600852
 14 17.182070 0.000099 0.000206 -0.000001 -0.000007 -1.042606
 15 16.782906 0.000656 -0.000113 0.358113 -0.087550 -0.188492
 16 5.168479 5.004167 -0.000064 0.108761 -0.066779 1.409460
 17 -2.170036 1.352229 2.953745 -0.132357 -1.264036 2.616729
 18 5.760273 0.000016 0.000006 0.393790 0.870172 0.147788
time 154
  0 -0.174052 -617.289063 2.228473 0.009371 0.131290 -1.682072
  1 0.000000 0.000000 0.000000 -3.141168 -1.552805 1.570704
  2 4.484989 -0.004008 -0.070309 -0.083066 -0.011444 0.003963
  3 5.037136 -0.005101 -0.000238 -0.009120 -0.021198 0.326096
  4 6.388059 -0.005253 -0.000001 -0.007562 -0.045583 0.070876
  5 6.146608 1.394838 0.000001 -0.000001 -0.000002 0.650292
  6 -2.170032 1.352243 -2.953732 0.163173 1.164647 2.640540
  7 5.760270 -0.000012 -0.000009 0.010566 -0.500748 -0.609629
  8 10.965153 0.000065 -0.000006 0.000013 0.000002 -1.200304
  9 0.000007 -0.000004 -4.044200 0.240051 2.953272 0.346464
 10 -0.000007 0.000007 4.044200 -0.137406 -3.048698 -0.464740
 11 17.182070 0.000091 0.000546 0.000004 -0.000009 -0.323229
 12 16.782913 0.000650 -0.000234 -0.233071 -0.020592 -0.041487
 13 5.168527 5.004116 -0.000135 0.029798 -0.072041 1.601928
 14 17.182070 0.000099 0.000206 -0.000001 -0.000007 -1.229345
 15 16.782906 0.000656 -0.000113 0.339767 -0.082369 -0.131289
 16 5.168479 5.004167 -0.000064 0.117636 -0.072424 1.414396
 17 -2.170036 1.352229 2.953745 -0.132357 -1.264036 2.616729
 18 5.760273 0.000016 0.000006 0.393790 0.870172 0.147788
time 155
  0 -0.134988 -621.337585 1.529233 0.010614 0.130944 -1.698690
  1 0.000000 0.000000 0.000000 -3.141168 -1.552805 1.570704
  2 4.484989 -0.004008 -0.070309 -0.083066 -0.011444 0.003963
  3 5.037136 -0.005101 -0.000238 -0.009120 -0.021198 0.326096
  4 6.388059 -0.005253 -0.000001 -0.007562 -0.045583 0.070876
  5 6.146608 1.394838 0.000001 -0.000001 -0.000002 0.650292
  6 -2.170032 1.352243 -2.953732 0.163173 1.164647 2.640540
  7 5.760270 -0.000012 -0.000009 0.010566 -0.500748 -0.609629
  8 10.965153 0.000065 -0.000006 0.000013 0.000002 -1.200304
  9 0.000007 -0.000004 -4.044200 0.233221 2.917446 0.320764
 10 -0.000007 0.000007 4.044200 -0.136065 -3.041991 -0.500391
 11 17.182070 0.000091 0.000546 0.000004 -0.000009 -0.596770
 12 16.782913 0.000650 -0.000234 -0.253009 -0.004748 0.227773
 13 5.168527 5.004116 -0.000135 0.020267 -0.071329 1.566452
 14 17.182070 0.000099 0.000206 -0.000001 -0.000007 -1.419373
 15 16.782906 0.000656 -0.000113 0.316297 -0.081012 -0.067688
 16 5.168479 5.004167 -0.000064 0.127437 -0.078644 1.419798
 17 -2.170036 1.352229 2.953745 -0.132357 -1.264036 2.616729
 18 5.760273 0.000016 0.000006 0.393790 0.870172 0.147788
time 156
  0 -0.095924 -625.386169 0.693270 0.011857 0.130549 -1.713712
  1 0.000000 0.000000 0.000000 -3.141168 -1.552805 1.570704
  2 4.484989 -0.004008 -0.070309 -0.083066 -0.011444 0.003963
  3 5.037136 -0.005101 -0.000238 -0.009120 -0.021198 0.326096
  4 6.388059 -0.005253 -0.000001 -0.007562 -0.045583 0.070876
  5 6.146608 1.394838 0.000001 -0.000001 -0.000002 0.650292
  6 -2.170032 1.352243 -2.953732 0.163173 1.164647 2.640540
  7 5.760270 -0.000012 -0.000009 0.010566 -0.500748 -0.609629
  8 10.965153 0.000065 -0.000006 0.000013 0.000002 -1.200304
  9 0.000007 -0.000004 -4.044200 0.224683 2.882479 0.288185
 10 -0.000007 0.000007 4.044200 -0.137406 -3.038592 -0.504979
 11 17.182070 0.000091 0.000546 0.000004 -0.000009 -0.797391
 12 16.782913 0.000650 -0.000234 -0.264168 -0.006249 0.399899
 13 5.168527 5.004116 -0.000135 0.012877 -0.054569 1.588352
 14 17.182070 0.000099 0.000206 -0.000001 -0.000007 -1.606660
 15 16.782906 0.000656 -0.000113 0.289152 -0.082657 -0.001151
 16 5.168479 5.004167 -0.000064 0.137212 -0.084924 1.425159
 17 -2.170036 1.352229 2.953745 -0.132357 -1.264036 2.616729
 18 5.760273 0.000016 0.000006 0.393790 0.870172 0.147788
time 157
  0 -0.052954 -629.438660 -0.216914 0.012909 0.130302 -1.725636
  1 0.000000 0.000000 0.000000 -3.141168 -1.552805 1.570704
  2 4.484989 -0.004008 -0.070309 -0.083066 -0.011444 0.003963
  3 5.037136 -0.005101 -0.000238 -0.009120 -0.021198 0.326096
  4 6.388059 -0.005253 -0.000001 -0.007562 -0.045583 0.070876
  5 6.146608 1.394838 0.000001 -0.000001 -0.000002 0.650292
  6 -2.170032 1.352243 -2.953732 0.163173 1.164647 2.640540
  7 5.760270 -0.000012 -0.000009 0.010566 -0.500748 -0.609629
  8 10.965153 0.000065 -0.000006 0.000013 0.000002 -1.200304
  9 0.000007 -0.000004 -4.044200 0.213204 2.849233 0.246434
 10 -0.000007 0.000007 4.044200 -0.138173 -3.034274 -0.504310
 11 17.182070 0.000091 0.000546 0.000004 -0.000009 -0.972342
 12 16.782913 0.000650 -0.000234 -0.269637 -0.026133 0.492584
 13 5.168527 5.004116 -0.000135 0.005686 -0.029909 1.671282
 14 17.182070 0.000099 0.000206 -0.000001 -0.000007 -1.785656
 15 16.782906 0.000656 -0.000113 0.259486 -0.085638 0.064632
 16 5.168479 5.004167 -0.000064 0.146001 -0.090593 1.429974
 17 -2.170036 1.352229 2.953745 -0.132357 -1.264036 2.616729
 18 5.760273 0.000016 0.000006 0.393790 0.870172 0.147788
time 158
  0 -0.025610 -633.475464 -1.138817 0.013674 0.130203 -1.735026
  1 0.000000 0.000000 0.000000 -3.141168 -1.552805 1.570704
  2 4.484989 -0.004008 -0.070309 -0.083066 -0.011444 0.003963
  3 5.037136 -0.005101 -0.000238 -0.009120 -0.021198 0.326096
  4 6.388059 -0.005253 -0.000001 -0.007562 -0.045583 0.070876
  5 6.146608 1.394838 0.000001 -0.000001 -0.000002 0.650292
  6 -2.170032 1.352243 -2.953732 0.163173 1.164647 2.640540
  7 5.760270 -0.000012 -0.000009 0.010566 -0.500748 -0.609629
  8 10.965153 0.000065 -0.000006 0.000013 0.000002 -1.200304
  9 0.000007 -0.000004 -4.044200 0.198215 2.819139 0.194078
 10 -0.000007 0.000007 4.044200 -0.136640 -3.026282 -0.511861
 11 17.182070 0.000091 0.000546 0.000004 -0.000009 -1.135105
 12 16.782913 0.000650 -0.000234 -0.268656 -0.066013 0.492958
 13 5.168527 5.004116 -0.000135 -0.004722 -0.006779 1.827612
 14 17.182070 0.000099 0.000206 -0.000001 -0.000007 -1.950192
 15 16.782906 0.000656 -0.000113 0.228194 -0.087324 0.125636
 16 5.168479 5.004167 -0.000064 0.152966 -0.095195 1.433737
 17 -2.170036 1.352229 2.953745 -0.132357 -1.264036 2.616729
 18 5.760273 0.000016 0.000006 0.393790 0.870172 0.147788
time 159
  0 0.005641 -637.516235 -1.982593 0.014152 0.130055 -1.740471
  1 0.000000 0.000000 0.000000 -3.141168 -1.552805 1.570704
  2 4.484989 -0.004008 -0.070309 -0.083066 -0.011444 0.003963
  3 5.037136 -0.005101 -0.000238 -0.009120 -0.021198 0.326096
  4 6.388059 -0.005253 -0.000001 -0.007562 -0.045583 0.070876
  5 6.146608 1.394838 0.000001 -0.000001 -0.000002 0.650292
  6 -2.170032 1.352243 -2.953732 0.163173 1.164647 2.640540
  7 5.760270 -0.000012 -0.000009 0.010566 -0.500748 -0.609629
  8 10.965153 0.000065 -0.000006 0.000013 0.000002 -1.200304
  9 0.000007 -0.000004 -4.044200 0.179146 2.793535 0.127964
 10 -0.000007 0.000007 4.044200 -0.130026 -3.012593 -0.536234
 11 17.182070 0.000091 0.000546 0.000004 -0.000009 -1.279655
 12 16.782913 0.000650 -0.000234 -0.255437 -0.121997 0.377483
 13 5.168527 5.004116 -0.000135 -0.024727 0.007882 2.063249
 14 17.182070 0.000099 0.000206 -0.000001 -0.000007 -2.094649
 15 16.782906 0.000656 -0.000113 0.195714 -0.084610 0.178399
 16 5.168479 5.004167 -0.000064 0.157428 -0.098131 1.436104
 17 -2.170036 1.352229 2.953745 -0.132357 -1.264036 2.616729
 18 5.760273 0.000016 0.000006 0.393790 0.870172 0.147788
time 160
  0 0.009547 -641.529663 -3.927965 0.014152 0.130055 -1.742724
  1 0.000000 0.000000 0.000000 -3.141168 -1.552805 1.570704
  2 4.484989 -0.004008 -0.070309 -0.083066 -0.011444 0.003963
  3 5.037136 -0.005101 -0.000238 -0.009120 -0.021198 0.326096
  4 6.388059 -0.005253 -0.000001 -0.007562 -0.045583 0.070876
  5 6.146608 1.394838 0.000001 -0.000001 -0.000002 0.650292
  6 -2.170032 1.352243 -2.953732 0.163173 1.164647 2.640540
  7 5.760270 -0.000012 -0.000009 0.010566 -0.500748 -0.609629
  8 10.965153 0.000065 -0.000006 0.000013 0.000002 -1.200304
  9 0.000007 -0.000004 -4.044200 0.154766 2.774046 0.047041
 10 -0.000007 0.000007 4.044200 -0.123988 -2.998721 -0.532411
 11 17.182070 0.000091 0.000546 0.000004 -0.000009 -1.359172
 12 16.782913 0.000650 -0.000234 -0.231403 -0.163822 0.267680
 13 5.168527 5.004116 -0.000135 -0.046062 0.015675 2.252249
 14 17.182070 0.000099 0.000206 -0.000001 -0.000007 -2.213134
 15 16.782906 0.000656 -0.000113 0.162649 -0.073939 0.218629
 16 5.168479 5.004167 -0.000064 0.158957 -0.099150 1.436913
 17 -2.170036 1.352229 2.953745 -0.132357 -1.264036 2.616729
 18 5.760273 0.000016 0.000006 0.393790 0.870172 0.147788
end
