554
1902
4 0 37 (313.000000 565.000000 -217.000000) (345.000000 565.000000 -217.000000) (345.000000 565.000000 611.000000) (313.000000 565.000000 611.000000) 
4 0 36 (345.000000 565.000000 611.000000) (345.000000 565.000000 648.000000) (313.000000 565.000000 648.000000) (313.000000 565.000000 611.000000) 
4 0 2 (313.000000 1333.000000 611.000000) (313.000000 1333.000000 -217.000000) (313.000000 1296.000000 -217.000000) (313.000000 1296.000000 611.000000) 
4 0 1 (313.000000 1333.000000 648.000000) (313.000000 1333.000000 611.000000) (313.000000 565.000000 611.000000) (313.000000 565.000000 648.000000) 
4 1 86 (-560.000000 565.000000 611.000000) (-560.000000 565.000000 648.000000) (-560.000000 1333.000000 648.000000) (-560.000000 1333.000000 611.000000) 
4 1 36 (-560.000000 565.000000 648.000000) (-560.000000 565.000000 611.000000) (313.000000 565.000000 611.000000) (313.000000 565.000000 648.000000) 
4 1 2 (-560.000000 1296.000000 611.000000) (-560.000000 1333.000000 611.000000) (313.000000 1333.000000 611.000000) (313.000000 1296.000000 611.000000) 
4 2 87 (-560.000000 1296.000000 611.000000) (-560.000000 1333.000000 611.000000) (-560.000000 1333.000000 -217.000000) (-560.000000 1296.000000 -217.000000) 
4 3 39 (313.000000 565.000000 71.000000) (313.000000 565.000000 274.000000) (239.000000 565.000000 274.000000) (239.000000 565.000000 71.000000) 
4 3 38 (313.000000 565.000000 274.000000) (313.000000 565.000000 611.000000) (239.000000 565.000000 611.000000) (239.000000 565.000000 274.000000) 
4 3 23 (239.000000 668.000000 71.000000) (239.000000 565.000000 71.000000) (239.000000 565.000000 271.000000) (239.000000 668.000000 271.000000) 
4 3 22 (239.000000 699.000000 71.000000) (239.000000 668.000000 71.000000) (239.000000 668.000000 271.000000) (239.000000 699.000000 271.000000) 
4 3 21 (239.000000 565.000000 271.000000) (239.000000 565.000000 611.000000) (239.000000 699.000000 611.000000) (239.000000 699.000000 271.000000) 
4 3 11 (239.000000 699.000000 271.000000) (239.000000 699.000000 611.000000) (239.000000 972.000000 611.000000) (239.000000 972.000000 271.000000) 
5 3 9 (239.000000 1296.000000 611.000000) (239.000000 1296.000000 582.795063) (239.000000 1178.100347 71.000000) (239.000000 972.000000 71.000000) (239.000000 972.000000 611.000000) 
3 3 8 (239.000000 1296.000000 582.795063) (239.000000 1296.000000 71.000000) (239.000000 1178.100347 71.000000) 
4 3 5 (313.000000 565.000000 71.000000) (288.000000 565.000000 71.000000) (288.000000 1152.000000 71.000000) (313.000000 1152.000000 71.000000) 
4 3 6 (274.000000 565.000000 71.000000) (239.000000 565.000000 71.000000) (239.000000 1152.000000 71.000000) (274.000000 1152.000000 71.000000) 
4 3 4 (239.000000 1152.000000 71.000000) (239.000000 1296.000000 71.000000) (313.000000 1296.000000 71.000000) (313.000000 1152.000000 71.000000) 
4 4 34 (239.000000 1152.000000 -125.000000) (239.000000 1296.000000 -125.000000) (305.000000 1296.000000 -125.000000) (305.000000 1152.000000 -125.000000) 
4 4 33 (305.000000 1296.000000 -125.000000) (313.000000 1296.000000 -125.000000) (313.000000 1152.000000 -125.000000) (305.000000 1152.000000 -125.000000) 
3 4 15 (239.000000 1152.000000 -42.299982) (239.000000 1152.000000 -9.000000) (239.000000 1159.671149 -9.000000) 
4 4 9 (239.000000 1152.000000 -9.000000) (239.000000 1152.000000 71.000000) (239.000000 1178.100347 71.000000) (239.000000 1159.671149 -9.000000) 
5 4 8 (239.000000 1296.000000 71.000000) (239.000000 1296.000000 -125.000000) (239.000000 1152.000000 -125.000000) (239.000000 1152.000000 -42.299982) (239.000000 1178.100347 71.000000) 
4 4 5 (288.000000 1152.000000 -122.000000) (313.000000 1152.000000 -122.000000) (313.000000 1152.000000 71.000000) (288.000000 1152.000000 71.000000) 
4 4 6 (239.000000 1152.000000 71.000000) (239.000000 1152.000000 -122.000000) (274.000000 1152.000000 -122.000000) (274.000000 1152.000000 71.000000) 
4 4 7 (239.000000 1152.000000 -122.000000) (239.000000 1152.000000 -125.000000) (313.000000 1152.000000 -125.000000) (313.000000 1152.000000 -122.000000) 
4 5 40 (313.000000 565.000000 -122.000000) (313.000000 565.000000 71.000000) (288.000000 565.000000 71.000000) (288.000000 565.000000 -122.000000) 
4 5 7 (313.000000 565.000000 -122.000000) (288.000000 565.000000 -122.000000) (288.000000 1152.000000 -122.000000) (313.000000 1152.000000 -122.000000) 
4 6 41 (274.000000 565.000000 71.000000) (239.000000 565.000000 71.000000) (239.000000 565.000000 -122.000000) (274.000000 565.000000 -122.000000) 
4 6 24 (239.000000 565.000000 -122.000000) (239.000000 565.000000 -10.000000) (239.000000 668.000000 -10.000000) (239.000000 668.000000 -122.000000) 
4 6 23 (239.000000 565.000000 -10.000000) (239.000000 565.000000 71.000000) (239.000000 668.000000 71.000000) (239.000000 668.000000 -10.000000) 
4 6 22 (239.000000 668.000000 71.000000) (239.000000 699.000000 71.000000) (239.000000 699.000000 -122.000000) (239.000000 668.000000 -122.000000) 
5 6 15 (239.000000 1152.000000 -9.000000) (239.000000 1152.000000 -42.299982) (239.000000 1133.639908 -122.000000) (239.000000 972.000000 -122.000000) (239.000000 972.000000 -9.000000) 
4 6 9 (239.000000 972.000000 71.000000) (239.000000 1152.000000 71.000000) (239.000000 1152.000000 -9.000000) (239.000000 972.000000 -9.000000) 
3 6 8 (239.000000 1152.000000 -42.299982) (239.000000 1152.000000 -122.000000) (239.000000 1133.639908 -122.000000) 
4 6 7 (274.000000 565.000000 -122.000000) (239.000000 565.000000 -122.000000) (239.000000 1152.000000 -122.000000) (274.000000 1152.000000 -122.000000) 
4 7 42 (239.000000 565.000000 -125.000000) (313.000000 565.000000 -125.000000) (313.000000 565.000000 -122.000000) (239.000000 565.000000 -122.000000) 
4 7 34 (239.000000 1139.000000 -125.000000) (239.000000 1152.000000 -125.000000) (305.000000 1152.000000 -125.000000) (305.000000 1139.000000 -125.000000) 
4 7 33 (313.000000 565.000000 -125.000000) (305.000000 565.000000 -125.000000) (305.000000 1152.000000 -125.000000) (313.000000 1152.000000 -125.000000) 
4 7 24 (239.000000 668.000000 -125.000000) (239.000000 565.000000 -125.000000) (239.000000 565.000000 -122.000000) (239.000000 668.000000 -122.000000) 
4 7 22 (239.000000 699.000000 -125.000000) (239.000000 668.000000 -125.000000) (239.000000 668.000000 -122.000000) (239.000000 699.000000 -122.000000) 
4 7 15 (239.000000 1132.948813 -125.000000) (239.000000 972.000000 -125.000000) (239.000000 972.000000 -122.000000) (239.000000 1133.639908 -122.000000) 
4 7 8 (239.000000 1152.000000 -125.000000) (239.000000 1132.948813 -125.000000) (239.000000 1133.639908 -122.000000) (239.000000 1152.000000 -122.000000) 
3 8 88 (-560.000000 1296.000000 568.716404) (-560.000000 1296.000000 -125.000000) (-560.000000 1136.192043 -125.000000) 
4 8 34 (-560.000000 1139.000000 -125.000000) (-560.000000 1296.000000 -125.000000) (239.000000 1296.000000 -125.000000) (239.000000 1139.000000 -125.000000) 
4 8 32 (-172.000000 1276.667126 491.629983) (-172.000000 1296.000000 575.552782) (-560.000000 1296.000000 568.716087) (-560.000000 1275.889083 481.415852) 
3 8 16 (185.000000 1134.952690 -117.253071) (185.000000 1159.890407 -9.000000) (151.030164 1160.028294 -9.000000) 
5 8 15 (187.430988 1133.158201 -125.000000) (239.000000 1132.948877 -125.000000) (239.000000 1159.671215 -9.000000) (185.000000 1159.890407 -9.000000) (185.000000 1134.952690 -117.253071) 
4 8 10 (-33.170248 1296.000000 577.999011) (-172.000000 1296.000000 575.552782) (-172.000000 1276.667126 491.629983) (-7.427135 1276.997138 495.962377) 
4 8 9 (239.000000 1159.671215 -9.000000) (239.000000 1296.000000 582.794746) (-33.170248 1296.000000 577.999011) (151.030164 1160.028294 -9.000000) 
4 9 16 (151.030164 1160.028229 -9.000000) (185.000000 1159.890341 -9.000000) (185.000000 972.000000 -9.000000) (150.722327 972.000000 -9.000000) 
4 9 15 (185.000000 1159.890341 -9.000000) (239.000000 1159.671149 -9.000000) (239.000000 972.000000 -9.000000) (185.000000 972.000000 -9.000000) 
3 9 14 (77.159460 972.000000 225.142837) (111.000000 972.000000 117.431972) (111.000000 972.000000 225.972975) 
4 9 13 (111.000000 972.000000 271.000000) (62.752082 972.000000 271.000000) (77.159460 972.000000 225.142837) (111.000000 972.000000 225.972975) 
4 9 11 (239.000000 972.000000 271.000000) (239.000000 972.000000 611.000000) (-44.068928 972.000000 611.000000) (62.752082 972.000000 271.000000) 
5 9 10 (77.159465 972.000000 225.142837) (-44.068931 972.000000 611.000000) (-43.538483 1296.000000 611.000000) (-33.170349 1296.000000 577.999326) (-7.427110 1276.997048 495.962296) 
5 10 32 (-172.000000 1296.000000 611.000000) (-172.000000 1296.000000 575.553099) (-172.000000 1276.667035 491.629902) (-172.000000 972.000000 219.030736) (-172.000000 972.000000 611.000000) 
4 10 13 (-172.000000 972.000000 271.000000) (-172.000000 972.000000 219.030736) (77.159460 972.000000 225.142837) (62.752082 972.000000 271.000000) 
4 10 11 (-44.068928 972.000000 611.000000) (-172.000000 972.000000 611.000000) (-172.000000 972.000000 271.000000) (62.752082 972.000000 271.000000) 
4 11 32 (-172.000000 753.885528 611.000000) (-172.000000 972.000000 611.000000) (-172.000000 972.000000 271.000000) (-172.000000 823.481081 271.000000) 
4 11 28 (-172.000000 699.000000 271.000000) (-172.000000 699.000000 611.000000) (-172.000000 753.885528 611.000000) (-172.000000 823.481081 271.000000) 
4 11 21 (239.000000 699.000000 271.000000) (239.000000 699.000000 611.000000) (-172.000000 699.000000 611.000000) (-172.000000 699.000000 271.000000) 
4 11 13 (-172.000000 823.481081 271.000000) (-172.000000 972.000000 271.000000) (111.000000 972.000000 271.000000) (111.000000 823.199486 271.000000) 
4 11 12 (-172.000000 699.000000 271.000000) (-172.000000 823.481081 271.000000) (111.000000 823.199486 271.000000) (111.000000 699.000000 271.000000) 
4 12 29 (-172.000000 880.795065 -9.000000) (-172.000000 699.000000 -9.000000) (-172.000000 699.000000 29.000000) (-172.000000 873.016739 29.000000) 
4 12 28 (-172.000000 699.000000 29.000000) (-172.000000 699.000000 271.000000) (-172.000000 823.481081 271.000000) (-172.000000 873.016739 29.000000) 
4 12 22 (111.000000 699.000000 271.000000) (110.000000 699.000000 271.000000) (110.000000 699.000000 -9.000000) (111.000000 699.000000 -9.000000) 
4 12 27 (110.000000 699.000000 271.000000) (-172.000000 699.000000 271.000000) (-172.000000 699.000000 -9.000000) (110.000000 699.000000 -9.000000) 
4 12 20 (-172.000000 699.000000 -9.000000) (-172.000000 869.000000 -9.000000) (111.000000 869.000000 -9.000000) (111.000000 699.000000 -9.000000) 
4 12 17 (-172.000000 869.000000 -9.000000) (-172.000000 880.795065 -9.000000) (111.000000 880.513470 -9.000000) (111.000000 869.000000 -9.000000) 
3 12 14 (109.877002 854.029102 120.391611) (111.000000 854.023392 120.414049) (111.000000 854.758857 116.821030) 
4 12 13 (-172.000000 855.462452 114.759402) (-172.000000 823.481125 271.000000) (111.000000 823.199530 271.000000) (111.000000 854.023392 120.414049) 
4 13 32 (-172.000000 855.462414 114.759367) (-172.000000 823.481081 271.000000) (-172.000000 972.000000 271.000000) (-172.000000 972.000000 219.030736) 
4 13 14 (77.159464 972.000000 225.142825) (111.000000 972.000000 225.972964) (111.000000 854.023355 120.414005) (109.877016 854.029066 120.391566) 
4 15 16 (185.000000 1159.890341 -9.000000) (185.000000 1134.952626 -117.253072) (185.000000 972.000000 -118.102216) (185.000000 972.000000 -9.000000) 
4 16 18 (185.000000 869.000000 -26.000000) (185.000000 869.000000 -9.000000) (182.000000 869.000000 -9.000000) (182.000000 869.000000 -26.000000) 
3 16 20 (182.000000 869.000000 -9.000000) (150.553696 869.000000 -9.000000) (182.000000 869.000000 -109.090264) 
4 16 17 (185.000000 902.846033 -118.462543) (185.000000 869.000000 -118.638914) (150.553705 869.000000 -9.000000) (150.572490 880.474094 -9.000000) 
4 17 29 (-172.000000 869.000000 -122.000000) (-172.000000 869.000000 -9.000000) (-172.000000 880.795065 -9.000000) (-172.000000 903.925352 -122.000000) 
5 17 20 (-172.000000 869.000000 -125.000000) (182.000000 869.000000 -125.000000) (182.000000 869.000000 -109.090264) (150.553696 869.000000 -9.000000) (-172.000000 869.000000 -9.000000) 
4 18 19 (185.000000 808.000000 -9.000000) (182.000000 808.000000 -9.000000) (182.000000 808.000000 -26.000000) (185.000000 808.000000 -26.000000) 
4 18 20 (182.000000 869.000000 -9.000000) (182.000000 869.000000 -26.000000) (182.000000 808.000000 -26.000000) (182.000000 808.000000 -9.000000) 
4 19 22 (182.000000 699.000000 -125.000000) (185.000000 699.000000 -125.000000) (185.000000 699.000000 -9.000000) (182.000000 699.000000 -9.000000) 
4 19 20 (182.000000 808.000000 -125.000000) (182.000000 699.000000 -125.000000) (182.000000 699.000000 -9.000000) (182.000000 808.000000 -9.000000) 
4 20 29 (-172.000000 699.000000 -122.000000) (-172.000000 699.000000 -9.000000) (-172.000000 869.000000 -9.000000) (-172.000000 869.000000 -122.000000) 
4 20 22 (110.000000 699.000000 -125.000000) (182.000000 699.000000 -125.000000) (182.000000 699.000000 -9.000000) (110.000000 699.000000 -9.000000) 
4 20 27 (-172.000000 699.000000 -125.000000) (110.000000 699.000000 -125.000000) (110.000000 699.000000 -9.000000) (-172.000000 699.000000 -9.000000) 
4 21 43 (238.000000 565.000000 274.000000) (109.000000 565.000000 274.000000) (109.000000 565.000000 271.000000) (238.000000 565.000000 271.000000) 
4 21 39 (239.000000 565.000000 271.000000) (239.000000 565.000000 274.000000) (238.000000 565.000000 274.000000) (238.000000 565.000000 271.000000) 
4 21 71 (109.000000 565.000000 274.000000) (-172.000000 565.000000 274.000000) (-172.000000 565.000000 271.000000) (109.000000 565.000000 271.000000) 
4 21 38 (239.000000 565.000000 274.000000) (239.000000 565.000000 611.000000) (-172.000000 565.000000 611.000000) (-172.000000 565.000000 274.000000) 
4 21 28 (-172.000000 565.000000 271.000000) (-172.000000 565.000000 611.000000) (-172.000000 699.000000 611.000000) (-172.000000 699.000000 271.000000) 
4 21 23 (239.000000 565.000000 271.000000) (238.000000 565.000000 271.000000) (238.000000 668.000000 271.000000) (239.000000 668.000000 271.000000) 
4 21 22 (110.000000 668.000000 271.000000) (110.000000 699.000000 271.000000) (239.000000 699.000000 271.000000) (239.000000 668.000000 271.000000) 
4 21 27 (110.000000 565.000000 271.000000) (-172.000000 565.000000 271.000000) (-172.000000 699.000000 271.000000) (110.000000 699.000000 271.000000) 
4 22 25 (113.000000 668.000000 -125.000000) (184.000000 668.000000 -125.000000) (184.000000 668.000000 -10.000000) (113.000000 668.000000 -10.000000) 
4 22 24 (238.000000 668.000000 -125.000000) (239.000000 668.000000 -125.000000) (239.000000 668.000000 -10.000000) (238.000000 668.000000 -10.000000) 
4 22 23 (239.000000 668.000000 -10.000000) (239.000000 668.000000 271.000000) (238.000000 668.000000 271.000000) (238.000000 668.000000 -10.000000) 
4 22 27 (110.000000 699.000000 271.000000) (110.000000 699.000000 -125.000000) (110.000000 668.000000 -125.000000) (110.000000 668.000000 271.000000) 
4 23 41 (239.000000 565.000000 -10.000000) (239.000000 565.000000 71.000000) (238.000000 565.000000 71.000000) (238.000000 565.000000 -10.000000) 
4 23 39 (239.000000 565.000000 71.000000) (239.000000 565.000000 271.000000) (238.000000 565.000000 271.000000) (238.000000 565.000000 71.000000) 
4 23 24 (238.000000 668.000000 -10.000000) (239.000000 668.000000 -10.000000) (239.000000 565.000000 -10.000000) (238.000000 565.000000 -10.000000) 
4 24 41 (239.000000 565.000000 -122.000000) (239.000000 565.000000 -10.000000) (238.000000 565.000000 -10.000000) (238.000000 565.000000 -122.000000) 
4 24 42 (238.000000 565.000000 -125.000000) (239.000000 565.000000 -125.000000) (239.000000 565.000000 -122.000000) (238.000000 565.000000 -122.000000) 
4 25 26 (113.000000 666.000000 -125.000000) (184.000000 666.000000 -125.000000) (184.000000 666.000000 -10.000000) (113.000000 666.000000 -10.000000) 
4 26 46 (181.000000 565.000000 -21.000000) (110.000000 565.000000 -21.000000) (110.000000 565.000000 -120.000000) (181.000000 565.000000 -120.000000) 
4 26 47 (110.000000 565.000000 -125.000000) (184.000000 565.000000 -125.000000) (184.000000 565.000000 -120.000000) (110.000000 565.000000 -120.000000) 
4 26 45 (184.000000 565.000000 -21.000000) (184.000000 565.000000 -10.000000) (110.000000 565.000000 -10.000000) (110.000000 565.000000 -21.000000) 
4 26 27 (110.000000 666.000000 -125.000000) (110.000000 565.000000 -125.000000) (110.000000 565.000000 -10.000000) (110.000000 666.000000 -10.000000) 
4 27 46 (110.000000 565.000000 -120.000000) (110.000000 565.000000 -21.000000) (109.000000 565.000000 -21.000000) (109.000000 565.000000 -120.000000) 
4 27 47 (109.000000 565.000000 -125.000000) (110.000000 565.000000 -125.000000) (110.000000 565.000000 -120.000000) (109.000000 565.000000 -120.000000) 
4 27 45 (110.000000 565.000000 -21.000000) (110.000000 565.000000 -10.000000) (109.000000 565.000000 -10.000000) (109.000000 565.000000 -21.000000) 
4 27 44 (110.000000 565.000000 -10.000000) (110.000000 565.000000 271.000000) (109.000000 565.000000 271.000000) (109.000000 565.000000 -10.000000) 
4 27 71 (-172.000000 565.000000 -125.000000) (109.000000 565.000000 -125.000000) (109.000000 565.000000 271.000000) (-172.000000 565.000000 271.000000) 
4 27 30 (-172.000000 565.000000 -122.000000) (-172.000000 565.000000 29.000000) (-172.000000 581.000000 29.000000) (-172.000000 581.000000 -122.000000) 
4 27 29 (-172.000000 581.000000 29.000000) (-172.000000 699.000000 29.000000) (-172.000000 699.000000 -122.000000) (-172.000000 581.000000 -122.000000) 
4 27 28 (-172.000000 565.000000 29.000000) (-172.000000 565.000000 271.000000) (-172.000000 699.000000 271.000000) (-172.000000 699.000000 29.000000) 
3 28 92 (-560.000000 857.435401 107.006706) (-560.000000 873.402812 29.000000) (-560.000000 770.252186 29.000000) 
5 28 91 (-560.000000 565.000000 29.000000) (-560.000000 565.000000 611.000000) (-560.000000 754.271601 611.000000) (-560.000000 857.435401 107.006706) (-560.000000 770.252186 29.000000) 
4 28 72 (-560.000000 565.000000 274.000000) (-560.000000 565.000000 29.000000) (-172.000000 565.000000 29.000000) (-172.000000 565.000000 274.000000) 
4 28 38 (-560.000000 565.000000 611.000000) (-560.000000 565.000000 274.000000) (-172.000000 565.000000 274.000000) (-172.000000 565.000000 611.000000) 
4 28 32 (-560.000000 857.435440 107.006740) (-560.000000 754.271642 611.000000) (-172.000000 753.885568 611.000000) (-172.000000 855.462452 114.759402) 
4 28 30 (-172.000000 581.000000 29.000000) (-172.000000 565.000000 29.000000) (-292.000000 565.000000 29.000000) (-292.000000 581.000000 29.000000) 
4 28 29 (-428.000000 873.271468 29.000000) (-172.000000 873.016739 29.000000) (-172.000000 581.000000 29.000000) (-428.000000 581.000000 29.000000) 
4 28 31 (-560.000000 565.000000 29.000000) (-560.000000 873.402812 29.000000) (-428.000000 873.271468 29.000000) (-428.000000 565.000000 29.000000) 
4 29 30 (-292.000000 581.000000 -122.000000) (-172.000000 581.000000 -122.000000) (-172.000000 581.000000 29.000000) (-292.000000 581.000000 29.000000) 
4 29 31 (-428.000000 873.271468 29.000000) (-428.000000 904.180081 -122.000000) (-428.000000 581.000000 -122.000000) (-428.000000 581.000000 29.000000) 
4 30 73 (-292.000000 565.000000 -122.000000) (-172.000000 565.000000 -122.000000) (-172.000000 565.000000 29.000000) (-292.000000 565.000000 29.000000) 
4 31 95 (-560.000000 565.000000 -122.000000) (-560.000000 565.000000 -9.000000) (-560.000000 881.181139 -9.000000) (-560.000000 904.311425 -122.000000) 
4 31 92 (-560.000000 770.252186 29.000000) (-560.000000 873.402812 29.000000) (-560.000000 881.181139 -9.000000) (-560.000000 727.781963 -9.000000) 
4 31 91 (-560.000000 565.000000 -9.000000) (-560.000000 565.000000 29.000000) (-560.000000 770.252186 29.000000) (-560.000000 727.781963 -9.000000) 
4 31 74 (-560.000000 565.000000 29.000000) (-560.000000 565.000000 -122.000000) (-428.000000 565.000000 -122.000000) (-428.000000 565.000000 29.000000) 
4 32 91 (-560.000000 754.271601 611.000000) (-560.000000 960.000000 611.000000) (-560.000000 960.000000 198.775821) (-560.000000 857.435401 107.006706) 
5 32 90 (-560.000000 960.000000 611.000000) (-560.000000 1296.000000 611.000000) (-560.000000 1296.000000 568.716404) (-560.000000 1275.888993 481.415771) (-560.000000 960.000000 198.775821) 
4 33 84 (305.000000 565.000000 -217.000000) (313.000000 565.000000 -217.000000) (313.000000 565.000000 -125.000000) (305.000000 565.000000 -125.000000) 
4 33 35 (305.000000 565.000000 -217.000000) (305.000000 565.000000 -136.000000) (305.000000 1139.000000 -136.000000) (305.000000 1139.000000 -217.000000) 
4 33 34 (305.000000 1139.000000 -125.000000) (305.000000 1296.000000 -125.000000) (305.000000 1296.000000 -217.000000) (305.000000 1139.000000 -217.000000) 
4 34 119 (-560.000000 1139.000000 -125.000000) (-560.000000 1296.000000 -125.000000) (-560.000000 1296.000000 -217.000000) (-560.000000 1139.000000 -217.000000) 
4 34 35 (-560.000000 1139.000000 -136.000000) (-560.000000 1139.000000 -217.000000) (305.000000 1139.000000 -217.000000) (305.000000 1139.000000 -136.000000) 
4 35 120 (-560.000000 565.000000 -217.000000) (-560.000000 565.000000 -136.000000) (-560.000000 1139.000000 -136.000000) (-560.000000 1139.000000 -217.000000) 
4 35 85 (-560.000000 565.000000 -136.000000) (-560.000000 565.000000 -217.000000) (305.000000 565.000000 -217.000000) (305.000000 565.000000 -136.000000) 
4 36 180 (-560.000000 -267.000000 648.000000) (-560.000000 -267.000000 611.000000) (345.000000 -267.000000 611.000000) (345.000000 -267.000000 648.000000) 
4 36 123 (-560.000000 -267.000000 611.000000) (-560.000000 -267.000000 648.000000) (-560.000000 542.000000 648.000000) (-560.000000 542.000000 611.000000) 
4 36 86 (-560.000000 542.000000 648.000000) (-560.000000 565.000000 648.000000) (-560.000000 565.000000 611.000000) (-560.000000 542.000000 611.000000) 
4 36 37 (345.000000 -267.000000 611.000000) (313.000000 -267.000000 611.000000) (313.000000 565.000000 611.000000) (345.000000 565.000000 611.000000) 
4 37 181 (345.000000 -267.000000 -217.000000) (345.000000 -267.000000 611.000000) (313.000000 -267.000000 611.000000) (313.000000 -267.000000 -217.000000) 
4 38 200 (-560.000000 -267.000000 320.000000) (-560.000000 -267.000000 274.000000) (-107.000000 -267.000000 274.000000) (-107.000000 -267.000000 320.000000) 
4 38 189 (-107.000000 -267.000000 274.000000) (274.000000 -267.000000 274.000000) (274.000000 -267.000000 320.000000) (-107.000000 -267.000000 320.000000) 
4 38 186 (274.000000 -267.000000 274.000000) (313.000000 -267.000000 274.000000) (313.000000 -267.000000 320.000000) (274.000000 -267.000000 320.000000) 
4 38 182 (-560.000000 -267.000000 611.000000) (-560.000000 -267.000000 404.000000) (313.000000 -267.000000 404.000000) (313.000000 -267.000000 611.000000) 
4 38 185 (-560.000000 -267.000000 404.000000) (-560.000000 -267.000000 320.000000) (313.000000 -267.000000 320.000000) (313.000000 -267.000000 404.000000) 
4 38 124 (-560.000000 -267.000000 274.000000) (-560.000000 -267.000000 611.000000) (-560.000000 542.000000 611.000000) (-560.000000 542.000000 274.000000) 
4 38 91 (-560.000000 542.000000 611.000000) (-560.000000 565.000000 611.000000) (-560.000000 565.000000 274.000000) (-560.000000 542.000000 274.000000) 
4 38 72 (-560.000000 -267.000000 274.000000) (-560.000000 565.000000 274.000000) (-172.000000 565.000000 274.000000) (-172.000000 -267.000000 274.000000) 
4 38 63 (238.000000 6.000000 274.000000) (238.000000 -267.000000 274.000000) (237.000000 -267.000000 274.000000) (237.000000 6.000000 274.000000) 
4 38 62 (238.000000 66.000000 274.000000) (238.000000 6.000000 274.000000) (109.000000 6.000000 274.000000) (109.000000 66.000000 274.000000) 
4 38 52 (110.000000 66.000000 274.000000) (109.000000 66.000000 274.000000) (109.000000 339.000000 274.000000) (110.000000 339.000000 274.000000) 
4 38 43 (109.000000 565.000000 274.000000) (238.000000 565.000000 274.000000) (238.000000 339.000000 274.000000) (109.000000 339.000000 274.000000) 
4 38 39 (238.000000 565.000000 274.000000) (313.000000 565.000000 274.000000) (313.000000 -267.000000 274.000000) (238.000000 -267.000000 274.000000) 
4 38 71 (-172.000000 565.000000 274.000000) (109.000000 565.000000 274.000000) (109.000000 -267.000000 274.000000) (-172.000000 -267.000000 274.000000) 
4 39 190 (274.000000 -267.000000 274.000000) (238.000000 -267.000000 274.000000) (238.000000 -267.000000 71.000000) (274.000000 -267.000000 71.000000) 
4 39 186 (313.000000 -267.000000 71.000000) (313.000000 -267.000000 274.000000) (274.000000 -267.000000 274.000000) (274.000000 -267.000000 71.000000) 
4 39 63 (238.000000 -267.000000 71.000000) (238.000000 -267.000000 274.000000) (238.000000 6.000000 274.000000) (238.000000 6.000000 71.000000) 
4 39 62 (238.000000 6.000000 274.000000) (238.000000 66.000000 274.000000) (238.000000 66.000000 71.000000) (238.000000 6.000000 71.000000) 
4 39 51 (238.000000 395.000000 71.000000) (238.000000 339.000000 71.000000) (238.000000 339.000000 271.000000) (238.000000 395.000000 271.000000) 
4 39 43 (238.000000 339.000000 274.000000) (238.000000 565.000000 274.000000) (238.000000 565.000000 271.000000) (238.000000 339.000000 271.000000) 
4 39 40 (313.000000 -267.000000 71.000000) (288.000000 -267.000000 71.000000) (288.000000 565.000000 71.000000) (313.000000 565.000000 71.000000) 
4 39 41 (274.000000 -267.000000 71.000000) (238.000000 -267.000000 71.000000) (238.000000 565.000000 71.000000) (274.000000 565.000000 71.000000) 
4 40 187 (313.000000 -267.000000 -122.000000) (313.000000 -267.000000 71.000000) (288.000000 -267.000000 71.000000) (288.000000 -267.000000 -122.000000) 
4 40 42 (288.000000 565.000000 -122.000000) (313.000000 565.000000 -122.000000) (313.000000 -267.000000 -122.000000) (288.000000 -267.000000 -122.000000) 
4 41 190 (274.000000 -267.000000 71.000000) (238.000000 -267.000000 71.000000) (238.000000 -267.000000 -122.000000) (274.000000 -267.000000 -122.000000) 
4 41 63 (238.000000 -267.000000 -122.000000) (238.000000 -267.000000 71.000000) (238.000000 6.000000 71.000000) (238.000000 6.000000 -122.000000) 
4 41 62 (238.000000 6.000000 71.000000) (238.000000 66.000000 71.000000) (238.000000 66.000000 -122.000000) (238.000000 6.000000 -122.000000) 
4 41 51 (238.000000 339.000000 71.000000) (238.000000 395.000000 71.000000) (238.000000 395.000000 -122.000000) (238.000000 339.000000 -122.000000) 
4 41 42 (238.000000 -267.000000 -122.000000) (238.000000 565.000000 -122.000000) (274.000000 565.000000 -122.000000) (274.000000 -267.000000 -122.000000) 
4 42 190 (238.000000 -267.000000 -125.000000) (274.000000 -267.000000 -125.000000) (274.000000 -267.000000 -122.000000) (238.000000 -267.000000 -122.000000) 
4 42 188 (274.000000 -267.000000 -125.000000) (313.000000 -267.000000 -125.000000) (313.000000 -267.000000 -122.000000) (274.000000 -267.000000 -122.000000) 
4 42 84 (313.000000 -267.000000 -125.000000) (305.000000 -267.000000 -125.000000) (305.000000 565.000000 -125.000000) (313.000000 565.000000 -125.000000) 
4 42 63 (238.000000 -267.000000 -125.000000) (238.000000 -267.000000 -122.000000) (238.000000 6.000000 -122.000000) (238.000000 6.000000 -125.000000) 
4 42 62 (238.000000 6.000000 -122.000000) (238.000000 66.000000 -122.000000) (238.000000 66.000000 -125.000000) (238.000000 6.000000 -125.000000) 
4 42 51 (238.000000 339.000000 -122.000000) (238.000000 395.000000 -122.000000) (238.000000 395.000000 -125.000000) (238.000000 339.000000 -125.000000) 
4 43 52 (110.000000 339.000000 274.000000) (109.000000 339.000000 274.000000) (109.000000 339.000000 271.000000) (110.000000 339.000000 271.000000) 
4 43 50 (109.000000 395.000000 271.000000) (109.000000 397.000000 271.000000) (110.000000 397.000000 271.000000) (110.000000 395.000000 271.000000) 
4 43 44 (109.000000 397.000000 271.000000) (109.000000 565.000000 271.000000) (110.000000 565.000000 271.000000) (110.000000 397.000000 271.000000) 
4 43 51 (109.000000 339.000000 271.000000) (109.000000 395.000000 271.000000) (238.000000 395.000000 271.000000) (238.000000 339.000000 271.000000) 
4 43 71 (109.000000 565.000000 274.000000) (109.000000 565.000000 271.000000) (109.000000 339.000000 271.000000) (109.000000 339.000000 274.000000) 
4 44 50 (109.000000 397.000000 271.000000) (109.000000 397.000000 -10.000000) (110.000000 397.000000 -10.000000) (110.000000 397.000000 271.000000) 
4 44 45 (109.000000 504.000000 -10.000000) (109.000000 565.000000 -10.000000) (110.000000 565.000000 -10.000000) (110.000000 504.000000 -10.000000) 
4 44 48 (109.000000 397.000000 -10.000000) (109.000000 504.000000 -10.000000) (110.000000 504.000000 -10.000000) (110.000000 397.000000 -10.000000) 
4 44 71 (109.000000 565.000000 271.000000) (109.000000 565.000000 -10.000000) (109.000000 397.000000 -10.000000) (109.000000 397.000000 271.000000) 
4 45 46 (109.000000 504.000000 -21.000000) (109.000000 565.000000 -21.000000) (181.000000 565.000000 -21.000000) (181.000000 504.000000 -21.000000) 
4 45 48 (184.000000 504.000000 -21.000000) (184.000000 504.000000 -10.000000) (109.000000 504.000000 -10.000000) (109.000000 504.000000 -21.000000) 
4 45 71 (109.000000 565.000000 -10.000000) (109.000000 565.000000 -21.000000) (109.000000 504.000000 -21.000000) (109.000000 504.000000 -10.000000) 
4 46 47 (181.000000 504.000000 -120.000000) (109.000000 504.000000 -120.000000) (109.000000 565.000000 -120.000000) (181.000000 565.000000 -120.000000) 
4 46 48 (181.000000 504.000000 -21.000000) (109.000000 504.000000 -21.000000) (109.000000 504.000000 -120.000000) (181.000000 504.000000 -120.000000) 
4 46 71 (109.000000 565.000000 -21.000000) (109.000000 565.000000 -120.000000) (109.000000 504.000000 -120.000000) (109.000000 504.000000 -21.000000) 
4 47 71 (109.000000 565.000000 -120.000000) (109.000000 565.000000 -125.000000) (109.000000 504.000000 -125.000000) (109.000000 504.000000 -120.000000) 
4 47 48 (109.000000 504.000000 -125.000000) (184.000000 504.000000 -125.000000) (184.000000 504.000000 -120.000000) (109.000000 504.000000 -120.000000) 
4 48 50 (109.000000 397.000000 -10.000000) (109.000000 397.000000 -125.000000) (110.000000 397.000000 -125.000000) (110.000000 397.000000 -10.000000) 
4 48 49 (113.000000 397.000000 -125.000000) (184.000000 397.000000 -125.000000) (184.000000 397.000000 -10.000000) (113.000000 397.000000 -10.000000) 
4 48 71 (109.000000 504.000000 -125.000000) (109.000000 397.000000 -125.000000) (109.000000 397.000000 -10.000000) (109.000000 504.000000 -10.000000) 
4 49 51 (113.000000 395.000000 -125.000000) (184.000000 395.000000 -125.000000) (184.000000 395.000000 -10.000000) (113.000000 395.000000 -10.000000) 
4 50 71 (109.000000 397.000000 -125.000000) (109.000000 395.000000 -125.000000) (109.000000 395.000000 271.000000) (109.000000 397.000000 271.000000) 
4 50 51 (109.000000 395.000000 271.000000) (109.000000 395.000000 -125.000000) (110.000000 395.000000 -125.000000) (110.000000 395.000000 271.000000) 
4 51 54 (109.000000 339.000000 -125.000000) (110.000000 339.000000 -125.000000) (110.000000 339.000000 -6.000000) (109.000000 339.000000 -6.000000) 
4 51 53 (113.000000 339.000000 -125.000000) (184.000000 339.000000 -125.000000) (184.000000 339.000000 -6.000000) (113.000000 339.000000 -6.000000) 
4 51 52 (110.000000 339.000000 271.000000) (109.000000 339.000000 271.000000) (109.000000 339.000000 -6.000000) (110.000000 339.000000 -6.000000) 
4 51 71 (109.000000 395.000000 -125.000000) (109.000000 339.000000 -125.000000) (109.000000 339.000000 271.000000) (109.000000 395.000000 271.000000) 
4 52 62 (109.000000 66.000000 274.000000) (109.000000 66.000000 -6.000000) (110.000000 66.000000 -6.000000) (110.000000 66.000000 274.000000) 
4 52 61 (110.000000 66.000000 -6.000000) (109.000000 66.000000 -6.000000) (109.000000 68.000000 -6.000000) (110.000000 68.000000 -6.000000) 
4 52 59 (109.000000 68.000000 -6.000000) (109.000000 175.000000 -6.000000) (110.000000 175.000000 -6.000000) (110.000000 68.000000 -6.000000) 
4 52 58 (109.000000 175.000000 -6.000000) (109.000000 236.000000 -6.000000) (110.000000 236.000000 -6.000000) (110.000000 175.000000 -6.000000) 
4 52 54 (109.000000 337.000000 -6.000000) (109.000000 339.000000 -6.000000) (110.000000 339.000000 -6.000000) (110.000000 337.000000 -6.000000) 
4 52 55 (109.000000 236.000000 -6.000000) (109.000000 337.000000 -6.000000) (110.000000 337.000000 -6.000000) (110.000000 236.000000 -6.000000) 
4 52 71 (109.000000 66.000000 -6.000000) (109.000000 66.000000 274.000000) (109.000000 339.000000 274.000000) (109.000000 339.000000 -6.000000) 
4 53 55 (113.000000 337.000000 -125.000000) (184.000000 337.000000 -125.000000) (184.000000 337.000000 -6.000000) (113.000000 337.000000 -6.000000) 
4 54 71 (109.000000 339.000000 -125.000000) (109.000000 337.000000 -125.000000) (109.000000 337.000000 -6.000000) (109.000000 339.000000 -6.000000) 
4 54 55 (109.000000 337.000000 -6.000000) (109.000000 337.000000 -125.000000) (110.000000 337.000000 -125.000000) (110.000000 337.000000 -6.000000) 
4 55 57 (181.000000 236.000000 -125.000000) (184.000000 236.000000 -125.000000) (184.000000 236.000000 -123.000000) (181.000000 236.000000 -123.000000) 
4 55 56 (184.000000 236.000000 -24.000000) (184.000000 236.000000 -6.000000) (181.000000 236.000000 -6.000000) (181.000000 236.000000 -24.000000) 
4 55 58 (109.000000 236.000000 -6.000000) (109.000000 236.000000 -125.000000) (181.000000 236.000000 -125.000000) (181.000000 236.000000 -6.000000) 
4 55 71 (109.000000 337.000000 -125.000000) (109.000000 236.000000 -125.000000) (109.000000 236.000000 -6.000000) (109.000000 337.000000 -6.000000) 
4 56 59 (184.000000 175.000000 -6.000000) (181.000000 175.000000 -6.000000) (181.000000 175.000000 -24.000000) (184.000000 175.000000 -24.000000) 
4 56 58 (181.000000 236.000000 -6.000000) (181.000000 236.000000 -24.000000) (181.000000 175.000000 -24.000000) (181.000000 175.000000 -6.000000) 
4 57 59 (181.000000 175.000000 -125.000000) (184.000000 175.000000 -125.000000) (184.000000 175.000000 -123.000000) (181.000000 175.000000 -123.000000) 
4 57 58 (181.000000 236.000000 -123.000000) (181.000000 236.000000 -125.000000) (181.000000 175.000000 -125.000000) (181.000000 175.000000 -123.000000) 
4 58 59 (109.000000 175.000000 -125.000000) (181.000000 175.000000 -125.000000) (181.000000 175.000000 -6.000000) (109.000000 175.000000 -6.000000) 
4 58 71 (109.000000 236.000000 -125.000000) (109.000000 175.000000 -125.000000) (109.000000 175.000000 -6.000000) (109.000000 236.000000 -6.000000) 
4 59 61 (109.000000 68.000000 -125.000000) (110.000000 68.000000 -125.000000) (110.000000 68.000000 -6.000000) (109.000000 68.000000 -6.000000) 
4 59 60 (113.000000 68.000000 -125.000000) (184.000000 68.000000 -125.000000) (184.000000 68.000000 -6.000000) (113.000000 68.000000 -6.000000) 
4 59 71 (109.000000 175.000000 -125.000000) (109.000000 68.000000 -125.000000) (109.000000 68.000000 -6.000000) (109.000000 175.000000 -6.000000) 
4 60 62 (113.000000 66.000000 -125.000000) (184.000000 66.000000 -125.000000) (184.000000 66.000000 -6.000000) (113.000000 66.000000 -6.000000) 
4 61 62 (109.000000 66.000000 -6.000000) (109.000000 66.000000 -125.000000) (110.000000 66.000000 -125.000000) (110.000000 66.000000 -6.000000) 
4 61 71 (109.000000 68.000000 -125.000000) (109.000000 66.000000 -125.000000) (109.000000 66.000000 -6.000000) (109.000000 68.000000 -6.000000) 
4 62 64 (112.000000 6.000000 -125.000000) (183.000000 6.000000 -125.000000) (183.000000 6.000000 -6.000000) (112.000000 6.000000 -6.000000) 
4 62 63 (237.000000 6.000000 -125.000000) (238.000000 6.000000 -125.000000) (238.000000 6.000000 274.000000) (237.000000 6.000000 274.000000) 
4 62 71 (109.000000 66.000000 -125.000000) (109.000000 6.000000 -125.000000) (109.000000 6.000000 274.000000) (109.000000 66.000000 274.000000) 
4 63 190 (237.000000 -267.000000 -125.000000) (238.000000 -267.000000 -125.000000) (238.000000 -267.000000 274.000000) (237.000000 -267.000000 274.000000) 
4 64 65 (112.000000 4.000000 -125.000000) (183.000000 4.000000 -125.000000) (183.000000 4.000000 -6.000000) (112.000000 4.000000 -6.000000) 
4 65 67 (180.000000 -97.000000 -22.000000) (109.000000 -97.000000 -22.000000) (109.000000 -97.000000 -121.000000) (180.000000 -97.000000 -121.000000) 
4 65 68 (109.000000 -97.000000 -125.000000) (183.000000 -97.000000 -125.000000) (183.000000 -97.000000 -121.000000) (109.000000 -97.000000 -121.000000) 
4 65 66 (183.000000 -97.000000 -22.000000) (183.000000 -97.000000 -6.000000) (109.000000 -97.000000 -6.000000) (109.000000 -97.000000 -22.000000) 
4 65 71 (109.000000 4.000000 -125.000000) (109.000000 -97.000000 -125.000000) (109.000000 -97.000000 -6.000000) (109.000000 4.000000 -6.000000) 
4 66 69 (109.000000 -158.000000 -6.000000) (109.000000 -158.000000 -22.000000) (183.000000 -158.000000 -22.000000) (183.000000 -158.000000 -6.000000) 
4 66 67 (180.000000 -158.000000 -22.000000) (109.000000 -158.000000 -22.000000) (109.000000 -97.000000 -22.000000) (180.000000 -97.000000 -22.000000) 
4 66 71 (109.000000 -158.000000 -22.000000) (109.000000 -158.000000 -6.000000) (109.000000 -97.000000 -6.000000) (109.000000 -97.000000 -22.000000) 
4 67 69 (109.000000 -158.000000 -22.000000) (109.000000 -158.000000 -121.000000) (180.000000 -158.000000 -121.000000) (180.000000 -158.000000 -22.000000) 
4 67 68 (109.000000 -158.000000 -121.000000) (109.000000 -97.000000 -121.000000) (180.000000 -97.000000 -121.000000) (180.000000 -158.000000 -121.000000) 
4 67 71 (109.000000 -158.000000 -121.000000) (109.000000 -158.000000 -22.000000) (109.000000 -97.000000 -22.000000) (109.000000 -97.000000 -121.000000) 
4 68 69 (109.000000 -158.000000 -121.000000) (109.000000 -158.000000 -125.000000) (183.000000 -158.000000 -125.000000) (183.000000 -158.000000 -121.000000) 
4 68 71 (109.000000 -97.000000 -125.000000) (109.000000 -158.000000 -125.000000) (109.000000 -158.000000 -121.000000) (109.000000 -97.000000 -121.000000) 
4 69 70 (112.000000 -265.000000 -125.000000) (183.000000 -265.000000 -125.000000) (183.000000 -265.000000 -6.000000) (112.000000 -265.000000 -6.000000) 
4 69 71 (109.000000 -158.000000 -125.000000) (109.000000 -265.000000 -125.000000) (109.000000 -265.000000 -6.000000) (109.000000 -158.000000 -6.000000) 
4 70 190 (112.000000 -267.000000 -125.000000) (183.000000 -267.000000 -125.000000) (183.000000 -267.000000 -6.000000) (112.000000 -267.000000 -6.000000) 
4 71 206 (-172.000000 -267.000000 -125.000000) (-107.000000 -267.000000 -125.000000) (-107.000000 -267.000000 -122.000000) (-172.000000 -267.000000 -122.000000) 
4 71 201 (-107.000000 -267.000000 -122.000000) (-107.000000 -267.000000 -7.000000) (-172.000000 -267.000000 -7.000000) (-172.000000 -267.000000 -122.000000) 
4 71 200 (-107.000000 -267.000000 -7.000000) (-107.000000 -267.000000 274.000000) (-172.000000 -267.000000 274.000000) (-172.000000 -267.000000 -7.000000) 
4 71 199 (-107.000000 -267.000000 -125.000000) (109.000000 -267.000000 -125.000000) (109.000000 -267.000000 274.000000) (-107.000000 -267.000000 274.000000) 
4 71 80 (-172.000000 -267.000000 -122.000000) (-172.000000 -267.000000 29.000000) (-172.000000 24.000000 29.000000) (-172.000000 24.000000 -122.000000) 
4 71 76 (-172.000000 24.000000 29.000000) (-172.000000 167.000000 29.000000) (-172.000000 167.000000 -122.000000) (-172.000000 24.000000 -122.000000) 
4 71 73 (-172.000000 291.000000 29.000000) (-172.000000 565.000000 29.000000) (-172.000000 565.000000 -122.000000) (-172.000000 291.000000 -122.000000) 
4 71 75 (-172.000000 167.000000 29.000000) (-172.000000 291.000000 29.000000) (-172.000000 291.000000 -122.000000) (-172.000000 167.000000 -122.000000) 
4 71 72 (-172.000000 -267.000000 29.000000) (-172.000000 -267.000000 274.000000) (-172.000000 565.000000 274.000000) (-172.000000 565.000000 29.000000) 
4 72 200 (-560.000000 -267.000000 274.000000) (-560.000000 -267.000000 29.000000) (-172.000000 -267.000000 29.000000) (-172.000000 -267.000000 274.000000) 
4 72 133 (-560.000000 -267.000000 29.000000) (-560.000000 -267.000000 31.000000) (-560.000000 66.000000 31.000000) (-560.000000 66.000000 29.000000) 
4 72 127 (-560.000000 192.000000 31.000000) (-560.000000 418.000000 31.000000) (-560.000000 418.000000 29.000000) (-560.000000 192.000000 29.000000) 
4 72 129 (-560.000000 66.000000 31.000000) (-560.000000 192.000000 31.000000) (-560.000000 192.000000 29.000000) (-560.000000 66.000000 29.000000) 
4 72 126 (-560.000000 -267.000000 31.000000) (-560.000000 -267.000000 271.000000) (-560.000000 418.000000 271.000000) (-560.000000 418.000000 31.000000) 
4 72 125 (-560.000000 418.000000 271.000000) (-560.000000 542.000000 271.000000) (-560.000000 542.000000 29.000000) (-560.000000 418.000000 29.000000) 
4 72 124 (-560.000000 -267.000000 271.000000) (-560.000000 -267.000000 274.000000) (-560.000000 542.000000 274.000000) (-560.000000 542.000000 271.000000) 
4 72 91 (-560.000000 542.000000 274.000000) (-560.000000 565.000000 274.000000) (-560.000000 565.000000 29.000000) (-560.000000 542.000000 29.000000) 
4 72 82 (-302.000000 -267.000000 29.000000) (-446.000000 -267.000000 29.000000) (-446.000000 -165.000000 29.000000) (-302.000000 -165.000000 29.000000) 
4 72 83 (-446.000000 -267.000000 29.000000) (-560.000000 -267.000000 29.000000) (-560.000000 -165.000000 29.000000) (-446.000000 -165.000000 29.000000) 
4 72 81 (-560.000000 -165.000000 29.000000) (-560.000000 24.000000 29.000000) (-302.000000 24.000000 29.000000) (-302.000000 -165.000000 29.000000) 
4 72 80 (-172.000000 24.000000 29.000000) (-172.000000 -267.000000 29.000000) (-302.000000 -267.000000 29.000000) (-302.000000 24.000000 29.000000) 
4 72 77 (-199.000000 24.000000 29.000000) (-343.000000 24.000000 29.000000) (-343.000000 167.000000 29.000000) (-199.000000 167.000000 29.000000) 
4 72 76 (-172.000000 167.000000 29.000000) (-172.000000 24.000000 29.000000) (-199.000000 24.000000 29.000000) (-199.000000 167.000000 29.000000) 
4 72 79 (-343.000000 24.000000 29.000000) (-560.000000 24.000000 29.000000) (-560.000000 167.000000 29.000000) (-343.000000 167.000000 29.000000) 
4 72 73 (-172.000000 565.000000 29.000000) (-172.000000 291.000000 29.000000) (-292.000000 291.000000 29.000000) (-292.000000 565.000000 29.000000) 
4 72 74 (-428.000000 291.000000 29.000000) (-560.000000 291.000000 29.000000) (-560.000000 565.000000 29.000000) (-428.000000 565.000000 29.000000) 
4 72 75 (-172.000000 291.000000 29.000000) (-172.000000 167.000000 29.000000) (-560.000000 167.000000 29.000000) (-560.000000 291.000000 29.000000) 
4 73 75 (-292.000000 291.000000 -122.000000) (-172.000000 291.000000 -122.000000) (-172.000000 291.000000 29.000000) (-292.000000 291.000000 29.000000) 
4 74 127 (-560.000000 291.000000 29.000000) (-560.000000 418.000000 29.000000) (-560.000000 418.000000 9.000000) (-560.000000 291.000000 9.000000) 
4 74 125 (-560.000000 418.000000 29.000000) (-560.000000 542.000000 29.000000) (-560.000000 542.000000 -122.000000) (-560.000000 418.000000 -122.000000) 
4 74 95 (-560.000000 565.000000 -9.000000) (-560.000000 565.000000 -122.000000) (-560.000000 542.000000 -122.000000) (-560.000000 542.000000 -9.000000) 
4 74 91 (-560.000000 542.000000 29.000000) (-560.000000 565.000000 29.000000) (-560.000000 565.000000 -9.000000) (-560.000000 542.000000 -9.000000) 
4 74 75 (-560.000000 291.000000 29.000000) (-560.000000 291.000000 -122.000000) (-428.000000 291.000000 -122.000000) (-428.000000 291.000000 29.000000) 
4 75 127 (-560.000000 192.000000 29.000000) (-560.000000 291.000000 29.000000) (-560.000000 291.000000 9.000000) (-560.000000 192.000000 9.000000) 
4 75 129 (-560.000000 167.000000 29.000000) (-560.000000 192.000000 29.000000) (-560.000000 192.000000 -122.000000) (-560.000000 167.000000 -122.000000) 
4 75 78 (-343.000000 167.000000 -121.000000) (-343.000000 167.000000 -122.000000) (-199.000000 167.000000 -122.000000) (-199.000000 167.000000 -121.000000) 
4 75 77 (-199.000000 167.000000 29.000000) (-343.000000 167.000000 29.000000) (-343.000000 167.000000 -6.000000) (-199.000000 167.000000 -6.000000) 
4 75 76 (-172.000000 167.000000 -122.000000) (-172.000000 167.000000 29.000000) (-199.000000 167.000000 29.000000) (-199.000000 167.000000 -122.000000) 
4 75 79 (-343.000000 167.000000 29.000000) (-560.000000 167.000000 29.000000) (-560.000000 167.000000 -122.000000) (-343.000000 167.000000 -122.000000) 
4 76 80 (-199.000000 24.000000 -122.000000) (-172.000000 24.000000 -122.000000) (-172.000000 24.000000 29.000000) (-199.000000 24.000000 29.000000) 
4 76 78 (-199.000000 167.000000 -121.000000) (-199.000000 167.000000 -122.000000) (-199.000000 24.000000 -122.000000) (-199.000000 24.000000 -121.000000) 
4 76 77 (-199.000000 167.000000 29.000000) (-199.000000 167.000000 -6.000000) (-199.000000 24.000000 -6.000000) (-199.000000 24.000000 29.000000) 
4 77 81 (-302.000000 24.000000 29.000000) (-343.000000 24.000000 29.000000) (-343.000000 24.000000 -6.000000) (-302.000000 24.000000 -6.000000) 
4 77 80 (-199.000000 24.000000 -6.000000) (-199.000000 24.000000 29.000000) (-302.000000 24.000000 29.000000) (-302.000000 24.000000 -6.000000) 
4 77 79 (-343.000000 24.000000 -6.000000) (-343.000000 24.000000 29.000000) (-343.000000 167.000000 29.000000) (-343.000000 167.000000 -6.000000) 
4 78 81 (-343.000000 24.000000 -122.000000) (-302.000000 24.000000 -122.000000) (-302.000000 24.000000 -121.000000) (-343.000000 24.000000 -121.000000) 
4 78 80 (-302.000000 24.000000 -122.000000) (-199.000000 24.000000 -122.000000) (-199.000000 24.000000 -121.000000) (-302.000000 24.000000 -121.000000) 
4 78 79 (-343.000000 167.000000 -122.000000) (-343.000000 24.000000 -122.000000) (-343.000000 24.000000 -121.000000) (-343.000000 167.000000 -121.000000) 
4 79 133 (-560.000000 24.000000 29.000000) (-560.000000 66.000000 29.000000) (-560.000000 66.000000 -122.000000) (-560.000000 24.000000 -122.000000) 
4 79 129 (-560.000000 66.000000 29.000000) (-560.000000 167.000000 29.000000) (-560.000000 167.000000 -122.000000) (-560.000000 66.000000 -122.000000) 
4 79 81 (-560.000000 24.000000 29.000000) (-560.000000 24.000000 -122.000000) (-343.000000 24.000000 -122.000000) (-343.000000 24.000000 29.000000) 
4 80 201 (-302.000000 -267.000000 -122.000000) (-172.000000 -267.000000 -122.000000) (-172.000000 -267.000000 -7.000000) (-302.000000 -267.000000 -7.000000) 
4 80 200 (-172.000000 -267.000000 -7.000000) (-172.000000 -267.000000 29.000000) (-302.000000 -267.000000 29.000000) (-302.000000 -267.000000 -7.000000) 
4 80 82 (-302.000000 -267.000000 -7.000000) (-302.000000 -267.000000 29.000000) (-302.000000 -165.000000 29.000000) (-302.000000 -165.000000 -7.000000) 
4 80 81 (-302.000000 24.000000 29.000000) (-302.000000 24.000000 -122.000000) (-302.000000 -165.000000 -122.000000) (-302.000000 -165.000000 29.000000) 
4 81 133 (-560.000000 -165.000000 29.000000) (-560.000000 24.000000 29.000000) (-560.000000 24.000000 -122.000000) (-560.000000 -165.000000 -122.000000) 
4 81 82 (-302.000000 -165.000000 -7.000000) (-302.000000 -165.000000 29.000000) (-446.000000 -165.000000 29.000000) (-446.000000 -165.000000 -7.000000) 
4 81 83 (-560.000000 -165.000000 29.000000) (-560.000000 -165.000000 -122.000000) (-446.000000 -165.000000 -122.000000) (-446.000000 -165.000000 29.000000) 
4 82 200 (-302.000000 -267.000000 -7.000000) (-302.000000 -267.000000 29.000000) (-446.000000 -267.000000 29.000000) (-446.000000 -267.000000 -7.000000) 
4 82 83 (-446.000000 -267.000000 -7.000000) (-446.000000 -267.000000 29.000000) (-446.000000 -165.000000 29.000000) (-446.000000 -165.000000 -7.000000) 
4 83 204 (-560.000000 -267.000000 -7.000000) (-560.000000 -267.000000 -122.000000) (-446.000000 -267.000000 -122.000000) (-446.000000 -267.000000 -7.000000) 
4 83 200 (-560.000000 -267.000000 29.000000) (-560.000000 -267.000000 -7.000000) (-446.000000 -267.000000 -7.000000) (-446.000000 -267.000000 29.000000) 
4 83 133 (-560.000000 -267.000000 -122.000000) (-560.000000 -267.000000 29.000000) (-560.000000 -165.000000 29.000000) (-560.000000 -165.000000 -122.000000) 
4 84 258 (305.000000 -267.000000 -217.000000) (313.000000 -267.000000 -217.000000) (313.000000 -267.000000 -125.000000) (305.000000 -267.000000 -125.000000) 
4 84 85 (305.000000 565.000000 -136.000000) (305.000000 565.000000 -217.000000) (305.000000 -267.000000 -217.000000) (305.000000 -267.000000 -136.000000) 
4 85 259 (-560.000000 -267.000000 -136.000000) (-560.000000 -267.000000 -217.000000) (305.000000 -267.000000 -217.000000) (305.000000 -267.000000 -136.000000) 
4 85 177 (-560.000000 -267.000000 -217.000000) (-560.000000 -267.000000 -136.000000) (-560.000000 542.000000 -136.000000) (-560.000000 542.000000 -217.000000) 
4 85 120 (-560.000000 542.000000 -136.000000) (-560.000000 565.000000 -136.000000) (-560.000000 565.000000 -217.000000) (-560.000000 542.000000 -217.000000) 
4 86 123 (-560.000000 542.000000 611.000000) (-560.000000 542.000000 648.000000) (-1422.000000 542.000000 648.000000) (-1422.000000 542.000000 611.000000) 
4 86 87 (-1422.000000 1333.000000 611.000000) (-560.000000 1333.000000 611.000000) (-560.000000 1296.000000 611.000000) (-1422.000000 1296.000000 611.000000) 
4 86 122 (-1422.000000 1333.000000 648.000000) (-1422.000000 1333.000000 611.000000) (-1422.000000 542.000000 611.000000) (-1422.000000 542.000000 648.000000) 
4 87 122 (-1422.000000 1333.000000 611.000000) (-1422.000000 1333.000000 -217.000000) (-1422.000000 1296.000000 -217.000000) (-1422.000000 1296.000000 611.000000) 
5 88 119 (-560.000000 1296.000000 -125.000000) (-560.000000 1139.000000 -125.000000) (-1251.766446 1139.000000 -125.000000) (-1310.000000 1139.236376 -125.000000) (-1310.000000 1296.000000 -125.000000) 
3 88 116 (-1310.000000 1139.697106 -123.000000) (-1310.000000 1152.000000 -69.593904) (-1310.000000 1152.000000 -123.000000) 
4 88 118 (-1310.000000 1152.000000 -125.000000) (-1310.000000 1139.236376 -125.000000) (-1310.000000 1139.697106 -123.000000) (-1310.000000 1152.000000 -123.000000) 
5 88 115 (-1310.000000 1296.000000 70.000000) (-1310.000000 1296.000000 -125.000000) (-1310.000000 1152.000000 -125.000000) (-1310.000000 1152.000000 -69.593904) (-1310.000000 1184.157545 70.000000) 
3 88 114 (-1310.000000 1296.000000 555.501141) (-1310.000000 1296.000000 70.000000) (-1310.000000 1184.157545 70.000000) 
4 88 112 (-1310.000000 1139.236440 -125.000000) (-1256.000000 1139.017248 -125.000000) (-1256.000000 1165.739586 -9.000000) (-1310.000000 1165.958778 -9.000000) 
4 88 111 (-1186.973150 1165.459399 -9.000000) (-1256.000000 1165.739586 -9.000000) (-1256.000000 1139.315388 -123.705795) (-1194.457641 1138.997203 -124.002617) 
4 88 107 (-1256.000000 1139.017248 -125.000000) (-1182.000000 1138.716874 -125.000000) (-1182.000000 1138.932795 -124.062700) (-1256.000000 1139.315388 -123.705795) 
3 88 106 (-1182.000000 1138.716874 -125.000000) (-987.662205 1137.928035 -125.000000) (-1182.000000 1138.932795 -124.062700) 
4 88 90 (-560.000000 1275.889083 481.415852) (-560.000000 1296.000000 568.716087) (-1150.051425 1296.000000 558.319175) (-1156.077612 1274.693790 465.724062) 
4 88 89 (-1150.051425 1296.000000 558.319175) (-1310.000000 1296.000000 555.500825) (-1310.000000 1165.958778 -9.000000) (-1186.973150 1165.459399 -9.000000) 
4 89 116 (-1310.000000 1152.000000 -9.000000) (-1310.000000 960.000000 -9.000000) (-1310.000000 960.000000 70.000000) (-1310.000000 1152.000000 70.000000) 
4 89 115 (-1310.000000 1184.157545 70.000000) (-1310.000000 1165.958713 -9.000000) (-1310.000000 1152.000000 -9.000000) (-1310.000000 1152.000000 70.000000) 
5 89 114 (-1310.000000 1296.000000 611.000000) (-1310.000000 1296.000000 555.501141) (-1310.000000 1184.157545 70.000000) (-1310.000000 960.000000 70.000000) (-1310.000000 960.000000 611.000000) 
4 89 112 (-1310.000000 960.000000 -9.000000) (-1310.000000 1165.958713 -9.000000) (-1256.000000 1165.739521 -9.000000) (-1256.000000 960.000000 -9.000000) 
4 89 111 (-1256.000000 1165.739521 -9.000000) (-1186.973166 1165.459333 -9.000000) (-1237.512629 960.000000 -9.000000) (-1256.000000 960.000000 -9.000000) 
4 89 93 (-1232.254903 960.000000 611.000000) (-1310.000000 960.000000 611.000000) (-1310.000000 960.000000 271.000000) (-1235.138172 960.000000 271.000000) 
5 89 90 (-1156.077717 1274.693699 465.723979) (-1150.051505 1296.000000 558.319490) (-1149.604763 1296.000000 611.000000) (-1232.254985 960.000000 611.000000) (-1235.891333 960.000000 182.195612) 
4 90 93 (-1182.000000 960.000000 611.000000) (-1232.254903 960.000000 611.000000) (-1235.138172 960.000000 271.000000) (-1182.000000 960.000000 271.000000) 
4 90 91 (-560.000000 960.000000 198.775821) (-560.000000 960.000000 611.000000) (-1182.000000 960.000000 611.000000) (-1182.000000 960.000000 183.517614) 
4 91 139 (-1180.000000 542.000000 271.000000) (-1182.000000 542.000000 271.000000) (-1182.000000 542.000000 -9.000000) (-1180.000000 542.000000 -9.000000) 
4 91 138 (-931.000000 542.000000 271.000000) (-1180.000000 542.000000 271.000000) (-1180.000000 542.000000 -9.000000) (-931.000000 542.000000 -9.000000) 
4 91 125 (-560.000000 542.000000 -9.000000) (-560.000000 542.000000 271.000000) (-931.000000 542.000000 271.000000) (-931.000000 542.000000 -9.000000) 
4 91 124 (-560.000000 542.000000 271.000000) (-560.000000 542.000000 611.000000) (-1182.000000 542.000000 611.000000) (-1182.000000 542.000000 271.000000) 
4 91 100 (-931.000000 542.000000 -9.000000) (-1182.000000 542.000000 -9.000000) (-1182.000000 689.000000 -9.000000) (-931.000000 689.000000 -9.000000) 
4 91 96 (-1182.000000 689.000000 -9.000000) (-1182.000000 744.835106 -9.000000) (-931.000000 737.953532 -9.000000) (-931.000000 689.000000 -9.000000) 
4 91 95 (-560.000000 542.000000 -9.000000) (-931.000000 542.000000 -9.000000) (-931.000000 737.953532 -9.000000) (-560.000000 727.781963 -9.000000) 
4 91 94 (-1182.000000 687.000000 -9.000000) (-1182.000000 651.000000 -9.000000) (-1182.000000 651.000000 271.000000) (-1182.000000 687.000000 271.000000) 
4 91 93 (-1182.000000 960.000000 611.000000) (-1182.000000 960.000000 271.000000) (-1182.000000 542.000000 271.000000) (-1182.000000 542.000000 611.000000) 
4 91 92 (-560.000000 857.435403 107.006696) (-560.000000 727.781976 -9.000000) (-1182.000000 744.835119 -9.000000) (-1182.000000 860.598285 94.578460) 
4 92 96 (-1182.000000 744.835106 -9.000000) (-1182.000000 881.800050 -9.000000) (-931.000000 881.550296 -9.000000) (-931.000000 737.953532 -9.000000) 
4 92 95 (-931.000000 881.550296 -9.000000) (-560.000000 881.181139 -9.000000) (-560.000000 727.781963 -9.000000) (-931.000000 737.953532 -9.000000) 
4 93 124 (-1182.000000 542.000000 611.000000) (-1310.000000 542.000000 611.000000) (-1310.000000 542.000000 271.000000) (-1182.000000 542.000000 271.000000) 
4 93 114 (-1310.000000 542.000000 271.000000) (-1310.000000 542.000000 611.000000) (-1310.000000 960.000000 611.000000) (-1310.000000 960.000000 271.000000) 
4 93 94 (-1182.000000 687.000000 271.000000) (-1182.000000 651.000000 271.000000) (-1310.000000 651.000000 271.000000) (-1310.000000 687.000000 271.000000) 
4 94 116 (-1310.000000 687.000000 -9.000000) (-1310.000000 651.000000 -9.000000) (-1310.000000 651.000000 70.000000) (-1310.000000 687.000000 70.000000) 
4 94 114 (-1310.000000 651.000000 70.000000) (-1310.000000 651.000000 271.000000) (-1310.000000 687.000000 271.000000) (-1310.000000 687.000000 70.000000) 
4 94 113 (-1310.000000 651.000000 -9.000000) (-1310.000000 687.000000 -9.000000) (-1256.000000 687.000000 -9.000000) (-1256.000000 651.000000 -9.000000) 
4 94 101 (-1185.000000 687.000000 -9.000000) (-1182.000000 687.000000 -9.000000) (-1182.000000 651.000000 -9.000000) (-1185.000000 651.000000 -9.000000) 
4 94 102 (-1256.000000 687.000000 -9.000000) (-1185.000000 687.000000 -9.000000) (-1185.000000 651.000000 -9.000000) (-1256.000000 651.000000 -9.000000) 
4 95 125 (-560.000000 542.000000 -122.000000) (-560.000000 542.000000 -9.000000) (-931.000000 542.000000 -9.000000) (-931.000000 542.000000 -122.000000) 
4 95 100 (-931.000000 542.000000 -122.000000) (-931.000000 542.000000 -9.000000) (-931.000000 689.000000 -9.000000) (-931.000000 689.000000 -122.000000) 
4 95 96 (-931.000000 689.000000 -9.000000) (-931.000000 881.550296 -9.000000) (-931.000000 904.680583 -122.000000) (-931.000000 689.000000 -122.000000) 
3 96 111 (-1251.999937 905.000038 -122.000001) (-1253.000000 905.000038 -121.995140) (-1253.000000 900.110839 -98.109598) 
4 96 109 (-1182.000000 905.544464 -125.000000) (-1185.000000 905.547449 -125.000000) (-1185.000000 905.000038 -122.325695) (-1182.000000 905.000038 -122.340279) 
4 96 110 (-1185.000000 905.547449 -125.000000) (-1253.000000 905.615111 -125.000000) (-1253.000000 905.000038 -121.995140) (-1185.000000 905.000038 -122.325695) 
4 96 106 (-931.000000 905.000038 -123.560418) (-931.000000 905.294710 -125.000000) (-1182.000000 905.544464 -125.000000) (-1182.000000 905.000038 -122.340279) 
4 96 102 (-1185.000000 689.000000 -9.000000) (-1253.000000 689.000000 -9.000000) (-1253.000000 689.000000 -123.000000) (-1185.000000 689.000000 -123.000000) 
4 96 103 (-1253.000000 689.000000 -125.000000) (-1182.000000 689.000000 -125.000000) (-1182.000000 689.000000 -123.000000) (-1253.000000 689.000000 -123.000000) 
4 96 100 (-1182.000000 689.000000 -125.000000) (-931.000000 689.000000 -125.000000) (-931.000000 689.000000 -9.000000) (-1182.000000 689.000000 -9.000000) 
4 96 98 (-1253.000000 790.000000 -26.000000) (-1253.000000 790.000000 -9.000000) (-1253.000000 851.000000 -9.000000) (-1253.000000 851.000000 -26.000000) 
4 96 97 (-1253.000000 905.615063 -125.000000) (-1253.000000 851.000000 -125.000000) (-1253.000000 851.000000 -9.000000) (-1253.000000 881.870697 -9.000000) 
4 96 99 (-1253.000000 790.000000 -125.000000) (-1253.000000 689.000000 -125.000000) (-1253.000000 689.000000 -9.000000) (-1253.000000 790.000000 -9.000000) 
4 97 111 (-1253.000000 900.110839 -98.109598) (-1253.000000 905.000038 -121.995140) (-1256.000000 905.000038 -121.980557) (-1256.000000 885.444172 -26.442927) 
4 97 110 (-1253.000000 905.000038 -121.995140) (-1253.000000 905.615111 -125.000000) (-1256.000000 905.618096 -125.000000) (-1256.000000 905.000038 -121.980557) 
4 97 98 (-1256.000000 851.000000 -9.000000) (-1256.000000 851.000000 -26.000000) (-1253.000000 851.000000 -26.000000) (-1253.000000 851.000000 -9.000000) 
4 98 99 (-1253.000000 790.000000 -26.000000) (-1253.000000 790.000000 -9.000000) (-1256.000000 790.000000 -9.000000) (-1256.000000 790.000000 -26.000000) 
4 99 102 (-1253.000000 689.000000 -123.000000) (-1253.000000 689.000000 -9.000000) (-1256.000000 689.000000 -9.000000) (-1256.000000 689.000000 -123.000000) 
4 99 103 (-1256.000000 689.000000 -125.000000) (-1253.000000 689.000000 -125.000000) (-1253.000000 689.000000 -123.000000) (-1256.000000 689.000000 -123.000000) 
4 100 141 (-1180.000000 542.000000 -9.000000) (-1182.000000 542.000000 -9.000000) (-1182.000000 542.000000 -125.000000) (-1180.000000 542.000000 -125.000000) 
4 100 138 (-931.000000 542.000000 -9.000000) (-1180.000000 542.000000 -9.000000) (-1180.000000 542.000000 -125.000000) (-931.000000 542.000000 -125.000000) 
4 100 101 (-1182.000000 687.000000 -123.000000) (-1182.000000 651.000000 -123.000000) (-1182.000000 651.000000 -9.000000) (-1182.000000 687.000000 -9.000000) 
4 100 103 (-1182.000000 689.000000 -123.000000) (-1182.000000 689.000000 -125.000000) (-1182.000000 649.000000 -125.000000) (-1182.000000 649.000000 -123.000000) 
4 100 104 (-1182.000000 649.000000 -125.000000) (-1182.000000 542.000000 -125.000000) (-1182.000000 542.000000 -9.000000) (-1182.000000 649.000000 -9.000000) 
4 101 103 (-1182.000000 687.000000 -123.000000) (-1182.000000 651.000000 -123.000000) (-1185.000000 651.000000 -123.000000) (-1185.000000 687.000000 -123.000000) 
4 101 102 (-1185.000000 651.000000 -9.000000) (-1185.000000 687.000000 -9.000000) (-1185.000000 687.000000 -123.000000) (-1185.000000 651.000000 -123.000000) 
4 102 113 (-1256.000000 651.000000 -9.000000) (-1256.000000 687.000000 -9.000000) (-1256.000000 687.000000 -123.000000) (-1256.000000 651.000000 -123.000000) 
4 102 103 (-1256.000000 649.000000 -123.000000) (-1256.000000 689.000000 -123.000000) (-1185.000000 689.000000 -123.000000) (-1185.000000 649.000000 -123.000000) 
4 102 104 (-1185.000000 649.000000 -9.000000) (-1256.000000 649.000000 -9.000000) (-1256.000000 649.000000 -123.000000) (-1185.000000 649.000000 -123.000000) 
4 103 113 (-1256.000000 687.000000 -125.000000) (-1256.000000 651.000000 -125.000000) (-1256.000000 651.000000 -123.000000) (-1256.000000 687.000000 -123.000000) 
4 103 104 (-1256.000000 649.000000 -125.000000) (-1182.000000 649.000000 -125.000000) (-1182.000000 649.000000 -123.000000) (-1256.000000 649.000000 -123.000000) 
4 104 142 (-1253.000000 542.000000 -9.000000) (-1256.000000 542.000000 -9.000000) (-1256.000000 542.000000 -26.000000) (-1253.000000 542.000000 -26.000000) 
4 104 141 (-1182.000000 542.000000 -9.000000) (-1253.000000 542.000000 -9.000000) (-1253.000000 542.000000 -125.000000) (-1182.000000 542.000000 -125.000000) 
3 105 106 (-931.000000 1100.518648 -125.000000) (-931.000000 978.000000 -125.000000) (-931.000000 978.000000 -124.097908) 
4 106 108 (-1182.000000 960.000000 -123.000000) (-1182.000000 960.000000 -125.000000) (-1182.000000 958.000000 -125.000000) (-1182.000000 958.000000 -123.000000) 
4 106 109 (-1182.000000 905.544415 -125.000000) (-1182.000000 904.999989 -122.340278) (-1182.000000 958.000000 -122.730512) (-1182.000000 958.000000 -125.000000) 
4 106 107 (-1182.000000 960.000000 -122.745238) (-1182.000000 1138.932731 -124.062700) (-1182.000000 1138.716810 -125.000000) (-1182.000000 960.000000 -125.000000) 
3 107 119 (-1256.000000 1139.000000 -125.000000) (-1256.000000 1139.017184 -125.000000) (-1251.766446 1139.000000 -125.000000) 
4 107 112 (-1256.000000 1139.315324 -123.705795) (-1256.000000 1139.017184 -125.000000) (-1256.000000 960.000000 -125.000000) (-1256.000000 960.000000 -122.385515) 
4 107 111 (-1194.457656 1138.997140 -124.002615) (-1256.000000 1139.315324 -123.705794) (-1256.000000 960.000000 -122.385515) (-1238.474884 960.000000 -122.470706) 
4 107 108 (-1185.000000 960.000000 -125.000000) (-1182.000000 960.000000 -125.000000) (-1182.000000 960.000000 -123.000000) (-1185.000000 960.000000 -123.000000) 
4 107 110 (-1256.000000 960.000000 -122.385515) (-1256.000000 960.000000 -125.000000) (-1185.000000 960.000000 -125.000000) (-1185.000000 960.000000 -122.730654) 
4 108 109 (-1185.000000 958.000000 -125.000000) (-1182.000000 958.000000 -125.000000) (-1182.000000 958.000000 -123.000000) (-1185.000000 958.000000 -123.000000) 
4 108 110 (-1185.000000 960.000000 -123.000000) (-1185.000000 960.000000 -125.000000) (-1185.000000 958.000000 -125.000000) (-1185.000000 958.000000 -123.000000) 
4 109 110 (-1185.000000 905.547400 -125.000000) (-1185.000000 904.999989 -122.325695) (-1185.000000 958.000000 -122.715928) (-1185.000000 958.000000 -125.000000) 
4 110 111 (-1256.000000 960.000000 -122.385515) (-1256.000000 904.999989 -121.980556) (-1251.999949 904.999989 -122.000000) (-1238.474884 960.000000 -122.470706) 
4 111 112 (-1256.000000 960.000000 -9.000000) (-1256.000000 1165.739521 -9.000000) (-1256.000000 1139.315324 -123.705795) (-1256.000000 960.000000 -122.385515) 
4 112 119 (-1310.000000 1139.000000 -125.000000) (-1310.000000 1139.236376 -125.000000) (-1256.000000 1139.017184 -125.000000) (-1256.000000 1139.000000 -125.000000) 
5 112 116 (-1310.000000 1152.000000 -69.593904) (-1310.000000 1139.697106 -123.000000) (-1310.000000 960.000000 -123.000000) (-1310.000000 960.000000 -9.000000) (-1310.000000 1152.000000 -9.000000) 
4 112 118 (-1310.000000 1139.697106 -123.000000) (-1310.000000 1139.236376 -125.000000) (-1310.000000 960.000000 -125.000000) (-1310.000000 960.000000 -123.000000) 
3 112 115 (-1310.000000 1165.958713 -9.000000) (-1310.000000 1152.000000 -69.593904) (-1310.000000 1152.000000 -9.000000) 
4 113 116 (-1310.000000 651.000000 -123.000000) (-1310.000000 651.000000 -9.000000) (-1310.000000 687.000000 -9.000000) (-1310.000000 687.000000 -123.000000) 
4 113 118 (-1310.000000 687.000000 -125.000000) (-1310.000000 651.000000 -125.000000) (-1310.000000 651.000000 -123.000000) (-1310.000000 687.000000 -123.000000) 
4 114 173 (-1422.000000 542.000000 271.000000) (-1422.000000 542.000000 70.000000) (-1310.000000 542.000000 70.000000) (-1310.000000 542.000000 271.000000) 
4 114 124 (-1310.000000 542.000000 611.000000) (-1422.000000 542.000000 611.000000) (-1422.000000 542.000000 271.000000) (-1310.000000 542.000000 271.000000) 
4 114 116 (-1310.000000 1152.000000 70.000000) (-1310.000000 542.000000 70.000000) (-1347.000000 542.000000 70.000000) (-1347.000000 1152.000000 70.000000) 
4 114 117 (-1361.000000 542.000000 70.000000) (-1422.000000 542.000000 70.000000) (-1422.000000 1152.000000 70.000000) (-1361.000000 1152.000000 70.000000) 
4 114 115 (-1310.000000 1296.000000 70.000000) (-1310.000000 1152.000000 70.000000) (-1422.000000 1152.000000 70.000000) (-1422.000000 1296.000000 70.000000) 
4 115 119 (-1379.000000 1296.000000 -125.000000) (-1310.000000 1296.000000 -125.000000) (-1310.000000 1152.000000 -125.000000) (-1379.000000 1152.000000 -125.000000) 
4 115 121 (-1422.000000 1152.000000 -125.000000) (-1422.000000 1296.000000 -125.000000) (-1379.000000 1296.000000 -125.000000) (-1379.000000 1152.000000 -125.000000) 
4 115 116 (-1347.000000 1152.000000 -123.000000) (-1310.000000 1152.000000 -123.000000) (-1310.000000 1152.000000 70.000000) (-1347.000000 1152.000000 70.000000) 
4 115 117 (-1422.000000 1152.000000 70.000000) (-1422.000000 1152.000000 -123.000000) (-1361.000000 1152.000000 -123.000000) (-1361.000000 1152.000000 70.000000) 
4 115 118 (-1422.000000 1152.000000 -123.000000) (-1422.000000 1152.000000 -125.000000) (-1310.000000 1152.000000 -125.000000) (-1310.000000 1152.000000 -123.000000) 
4 116 174 (-1347.000000 542.000000 -123.000000) (-1310.000000 542.000000 -123.000000) (-1310.000000 542.000000 70.000000) (-1347.000000 542.000000 70.000000) 
4 116 118 (-1310.000000 1152.000000 -123.000000) (-1310.000000 542.000000 -123.000000) (-1347.000000 542.000000 -123.000000) (-1347.000000 1152.000000 -123.000000) 
4 117 175 (-1422.000000 542.000000 70.000000) (-1422.000000 542.000000 -123.000000) (-1361.000000 542.000000 -123.000000) (-1361.000000 542.000000 70.000000) 
4 117 118 (-1361.000000 542.000000 -123.000000) (-1422.000000 542.000000 -123.000000) (-1422.000000 1152.000000 -123.000000) (-1361.000000 1152.000000 -123.000000) 
4 118 176 (-1422.000000 542.000000 -123.000000) (-1422.000000 542.000000 -125.000000) (-1310.000000 542.000000 -125.000000) (-1310.000000 542.000000 -123.000000) 
4 118 119 (-1379.000000 1139.000000 -125.000000) (-1379.000000 1152.000000 -125.000000) (-1310.000000 1152.000000 -125.000000) (-1310.000000 1139.000000 -125.000000) 
4 118 121 (-1379.000000 542.000000 -125.000000) (-1422.000000 542.000000 -125.000000) (-1422.000000 1152.000000 -125.000000) (-1379.000000 1152.000000 -125.000000) 
4 119 120 (-1379.000000 1139.000000 -217.000000) (-560.000000 1139.000000 -217.000000) (-560.000000 1139.000000 -136.000000) (-1379.000000 1139.000000 -136.000000) 
4 119 121 (-1379.000000 1139.000000 -125.000000) (-1379.000000 1296.000000 -125.000000) (-1379.000000 1296.000000 -217.000000) (-1379.000000 1139.000000 -217.000000) 
4 120 177 (-560.000000 542.000000 -217.000000) (-560.000000 542.000000 -136.000000) (-1379.000000 542.000000 -136.000000) (-1379.000000 542.000000 -217.000000) 
4 120 121 (-1379.000000 542.000000 -217.000000) (-1379.000000 542.000000 -136.000000) (-1379.000000 1139.000000 -136.000000) (-1379.000000 1139.000000 -217.000000) 
4 121 178 (-1379.000000 542.000000 -125.000000) (-1422.000000 542.000000 -125.000000) (-1422.000000 542.000000 -217.000000) (-1379.000000 542.000000 -217.000000) 
4 122 179 (-1422.000000 542.000000 648.000000) (-1454.000000 542.000000 648.000000) (-1454.000000 542.000000 -217.000000) (-1422.000000 542.000000 -217.000000) 
4 123 366 (-561.000000 -267.000000 648.000000) (-1422.000000 -267.000000 648.000000) (-1422.000000 -267.000000 611.000000) (-561.000000 -267.000000 611.000000) 
4 123 180 (-560.000000 -267.000000 611.000000) (-560.000000 -267.000000 648.000000) (-561.000000 -267.000000 648.000000) (-561.000000 -267.000000 611.000000) 
4 123 179 (-1422.000000 542.000000 648.000000) (-1422.000000 542.000000 611.000000) (-1422.000000 -267.000000 611.000000) (-1422.000000 -267.000000 648.000000) 
4 124 427 (-1422.000000 -267.000000 322.000000) (-1422.000000 -267.000000 271.000000) (-1312.000000 -267.000000 271.000000) (-1312.000000 -267.000000 322.000000) 
4 124 374 (-1312.000000 -267.000000 271.000000) (-1184.000000 -267.000000 271.000000) (-1184.000000 -267.000000 322.000000) (-1312.000000 -267.000000 322.000000) 
4 124 373 (-1184.000000 -267.000000 271.000000) (-931.000000 -267.000000 271.000000) (-931.000000 -267.000000 322.000000) (-1184.000000 -267.000000 322.000000) 
4 124 368 (-931.000000 -267.000000 271.000000) (-561.000000 -267.000000 271.000000) (-561.000000 -267.000000 322.000000) (-931.000000 -267.000000 322.000000) 
4 124 367 (-561.000000 -267.000000 611.000000) (-1422.000000 -267.000000 611.000000) (-1422.000000 -267.000000 322.000000) (-561.000000 -267.000000 322.000000) 
4 124 200 (-560.000000 -267.000000 271.000000) (-560.000000 -267.000000 320.000000) (-561.000000 -267.000000 320.000000) (-561.000000 -267.000000 271.000000) 
4 124 182 (-560.000000 -267.000000 404.000000) (-560.000000 -267.000000 611.000000) (-561.000000 -267.000000 611.000000) (-561.000000 -267.000000 404.000000) 
4 124 185 (-560.000000 -267.000000 320.000000) (-560.000000 -267.000000 404.000000) (-561.000000 -267.000000 404.000000) (-561.000000 -267.000000 320.000000) 
4 124 173 (-1422.000000 542.000000 271.000000) (-1310.000000 542.000000 271.000000) (-1310.000000 -267.000000 271.000000) (-1422.000000 -267.000000 271.000000) 
4 124 158 (-1180.000000 14.000000 271.000000) (-1180.000000 -259.000000 271.000000) (-1182.000000 -259.000000 271.000000) (-1182.000000 14.000000 271.000000) 
4 124 159 (-1180.000000 -259.000000 271.000000) (-1180.000000 -267.000000 271.000000) (-1310.000000 -267.000000 271.000000) (-1310.000000 -259.000000 271.000000) 
4 124 157 (-1180.000000 58.000000 271.000000) (-1180.000000 14.000000 271.000000) (-1310.000000 14.000000 271.000000) (-1310.000000 58.000000 271.000000) 
4 124 156 (-1308.000000 58.000000 271.000000) (-1310.000000 58.000000 271.000000) (-1310.000000 331.000000 271.000000) (-1308.000000 331.000000 271.000000) 
4 124 139 (-1182.000000 542.000000 271.000000) (-1180.000000 542.000000 271.000000) (-1180.000000 378.000000 271.000000) (-1182.000000 378.000000 271.000000) 
4 124 140 (-1180.000000 378.000000 271.000000) (-1180.000000 331.000000 271.000000) (-1310.000000 331.000000 271.000000) (-1310.000000 378.000000 271.000000) 
4 124 138 (-1180.000000 542.000000 271.000000) (-931.000000 542.000000 271.000000) (-931.000000 -267.000000 271.000000) (-1180.000000 -267.000000 271.000000) 
4 124 126 (-560.000000 418.000000 271.000000) (-560.000000 -267.000000 271.000000) (-931.000000 -267.000000 271.000000) (-931.000000 418.000000 271.000000) 
4 124 125 (-931.000000 542.000000 271.000000) (-560.000000 542.000000 271.000000) (-560.000000 418.000000 271.000000) (-931.000000 418.000000 271.000000) 
4 125 138 (-931.000000 542.000000 271.000000) (-931.000000 542.000000 -122.000000) (-931.000000 418.000000 -122.000000) (-931.000000 418.000000 271.000000) 
4 125 130 (-745.000000 418.000000 31.000000) (-931.000000 418.000000 31.000000) (-931.000000 418.000000 -122.000000) (-745.000000 418.000000 -122.000000) 
4 125 127 (-560.000000 418.000000 9.000000) (-560.000000 418.000000 31.000000) (-688.000000 418.000000 31.000000) (-688.000000 418.000000 9.000000) 
4 125 128 (-688.000000 418.000000 31.000000) (-745.000000 418.000000 31.000000) (-745.000000 418.000000 -122.000000) (-688.000000 418.000000 -122.000000) 
4 125 126 (-560.000000 418.000000 31.000000) (-560.000000 418.000000 271.000000) (-931.000000 418.000000 271.000000) (-931.000000 418.000000 31.000000) 
4 126 368 (-561.000000 -267.000000 271.000000) (-931.000000 -267.000000 271.000000) (-931.000000 -267.000000 31.000000) (-561.000000 -267.000000 31.000000) 
4 126 200 (-560.000000 -267.000000 31.000000) (-560.000000 -267.000000 271.000000) (-561.000000 -267.000000 271.000000) (-561.000000 -267.000000 31.000000) 
4 126 138 (-931.000000 -267.000000 31.000000) (-931.000000 -267.000000 271.000000) (-931.000000 418.000000 271.000000) (-931.000000 418.000000 31.000000) 
4 126 135 (-864.000000 -11.000000 31.000000) (-720.000000 -11.000000 31.000000) (-720.000000 -154.000000 31.000000) (-864.000000 -154.000000 31.000000) 
4 126 136 (-931.000000 -154.000000 31.000000) (-931.000000 -11.000000 31.000000) (-864.000000 -11.000000 31.000000) (-864.000000 -154.000000 31.000000) 
4 126 134 (-931.000000 -11.000000 31.000000) (-931.000000 66.000000 31.000000) (-720.000000 66.000000 31.000000) (-720.000000 -11.000000 31.000000) 
4 126 137 (-931.000000 -267.000000 31.000000) (-931.000000 -154.000000 31.000000) (-720.000000 -154.000000 31.000000) (-720.000000 -267.000000 31.000000) 
4 126 133 (-720.000000 66.000000 31.000000) (-560.000000 66.000000 31.000000) (-560.000000 -267.000000 31.000000) (-720.000000 -267.000000 31.000000) 
4 126 132 (-931.000000 66.000000 31.000000) (-931.000000 356.000000 31.000000) (-881.000000 356.000000 31.000000) (-881.000000 66.000000 31.000000) 
4 126 130 (-931.000000 356.000000 31.000000) (-931.000000 418.000000 31.000000) (-745.000000 418.000000 31.000000) (-745.000000 356.000000 31.000000) 
4 126 127 (-688.000000 418.000000 31.000000) (-560.000000 418.000000 31.000000) (-560.000000 192.000000 31.000000) (-688.000000 192.000000 31.000000) 
4 126 128 (-745.000000 418.000000 31.000000) (-688.000000 418.000000 31.000000) (-688.000000 192.000000 31.000000) (-745.000000 192.000000 31.000000) 
4 126 129 (-560.000000 192.000000 31.000000) (-560.000000 66.000000 31.000000) (-745.000000 66.000000 31.000000) (-745.000000 192.000000 31.000000) 
4 127 128 (-688.000000 418.000000 31.000000) (-688.000000 418.000000 9.000000) (-688.000000 192.000000 9.000000) (-688.000000 192.000000 31.000000) 
4 127 129 (-560.000000 192.000000 9.000000) (-560.000000 192.000000 31.000000) (-688.000000 192.000000 31.000000) (-688.000000 192.000000 9.000000) 
4 128 131 (-745.000000 356.000000 -122.000000) (-745.000000 192.000000 -122.000000) (-745.000000 192.000000 -121.000000) (-745.000000 356.000000 -121.000000) 
4 128 130 (-745.000000 418.000000 31.000000) (-745.000000 418.000000 -122.000000) (-745.000000 356.000000 -122.000000) (-745.000000 356.000000 31.000000) 
4 128 129 (-745.000000 192.000000 -122.000000) (-688.000000 192.000000 -122.000000) (-688.000000 192.000000 31.000000) (-745.000000 192.000000 31.000000) 
4 129 134 (-720.000000 66.000000 31.000000) (-745.000000 66.000000 31.000000) (-745.000000 66.000000 -122.000000) (-720.000000 66.000000 -122.000000) 
4 129 133 (-560.000000 66.000000 -122.000000) (-560.000000 66.000000 31.000000) (-720.000000 66.000000 31.000000) (-720.000000 66.000000 -122.000000) 
4 129 131 (-745.000000 192.000000 -122.000000) (-745.000000 66.000000 -122.000000) (-745.000000 66.000000 -121.000000) (-745.000000 192.000000 -121.000000) 
4 130 138 (-931.000000 356.000000 31.000000) (-931.000000 418.000000 31.000000) (-931.000000 418.000000 -122.000000) (-931.000000 356.000000 -122.000000) 
4 130 131 (-745.000000 356.000000 -122.000000) (-745.000000 356.000000 -121.000000) (-881.000000 356.000000 -121.000000) (-881.000000 356.000000 -122.000000) 
4 130 132 (-881.000000 356.000000 31.000000) (-931.000000 356.000000 31.000000) (-931.000000 356.000000 -122.000000) (-881.000000 356.000000 -122.000000) 
4 131 134 (-881.000000 66.000000 -121.000000) (-881.000000 66.000000 -122.000000) (-745.000000 66.000000 -122.000000) (-745.000000 66.000000 -121.000000) 
4 131 132 (-881.000000 356.000000 -122.000000) (-881.000000 66.000000 -122.000000) (-881.000000 66.000000 -121.000000) (-881.000000 356.000000 -121.000000) 
4 132 138 (-931.000000 66.000000 31.000000) (-931.000000 356.000000 31.000000) (-931.000000 356.000000 -122.000000) (-931.000000 66.000000 -122.000000) 
4 132 134 (-881.000000 66.000000 31.000000) (-931.000000 66.000000 31.000000) (-931.000000 66.000000 -122.000000) (-881.000000 66.000000 -122.000000) 
4 133 369 (-720.000000 -267.000000 -8.000000) (-720.000000 -267.000000 -122.000000) (-561.000000 -267.000000 -122.000000) (-561.000000 -267.000000 -8.000000) 
4 133 368 (-561.000000 -267.000000 31.000000) (-720.000000 -267.000000 31.000000) (-720.000000 -267.000000 -8.000000) (-561.000000 -267.000000 -8.000000) 
4 133 204 (-560.000000 -267.000000 -122.000000) (-560.000000 -267.000000 -7.000000) (-561.000000 -267.000000 -7.000000) (-561.000000 -267.000000 -122.000000) 
4 133 200 (-560.000000 -267.000000 -7.000000) (-560.000000 -267.000000 31.000000) (-561.000000 -267.000000 31.000000) (-561.000000 -267.000000 -7.000000) 
4 133 135 (-720.000000 -154.000000 -7.000000) (-720.000000 -154.000000 31.000000) (-720.000000 -11.000000 31.000000) (-720.000000 -11.000000 -7.000000) 
4 133 134 (-720.000000 66.000000 31.000000) (-720.000000 66.000000 -122.000000) (-720.000000 -11.000000 -122.000000) (-720.000000 -11.000000 31.000000) 
4 133 137 (-720.000000 -154.000000 -122.000000) (-720.000000 -267.000000 -122.000000) (-720.000000 -267.000000 31.000000) (-720.000000 -154.000000 31.000000) 
4 134 138 (-931.000000 -11.000000 31.000000) (-931.000000 66.000000 31.000000) (-931.000000 66.000000 -122.000000) (-931.000000 -11.000000 -122.000000) 
4 134 135 (-720.000000 -11.000000 -7.000000) (-720.000000 -11.000000 31.000000) (-864.000000 -11.000000 31.000000) (-864.000000 -11.000000 -7.000000) 
4 134 136 (-931.000000 -11.000000 31.000000) (-931.000000 -11.000000 -122.000000) (-864.000000 -11.000000 -122.000000) (-864.000000 -11.000000 31.000000) 
4 135 136 (-864.000000 -154.000000 -7.000000) (-864.000000 -154.000000 31.000000) (-864.000000 -11.000000 31.000000) (-864.000000 -11.000000 -7.000000) 
4 135 137 (-720.000000 -154.000000 31.000000) (-864.000000 -154.000000 31.000000) (-864.000000 -154.000000 -7.000000) (-720.000000 -154.000000 -7.000000) 
4 136 138 (-931.000000 -154.000000 31.000000) (-931.000000 -11.000000 31.000000) (-931.000000 -11.000000 -122.000000) (-931.000000 -154.000000 -122.000000) 
4 136 137 (-864.000000 -154.000000 31.000000) (-931.000000 -154.000000 31.000000) (-931.000000 -154.000000 -122.000000) (-864.000000 -154.000000 -122.000000) 
4 137 369 (-931.000000 -267.000000 -8.000000) (-931.000000 -267.000000 -122.000000) (-720.000000 -267.000000 -122.000000) (-720.000000 -267.000000 -8.000000) 
4 137 368 (-720.000000 -267.000000 31.000000) (-931.000000 -267.000000 31.000000) (-931.000000 -267.000000 -8.000000) (-720.000000 -267.000000 -8.000000) 
4 137 138 (-931.000000 -267.000000 -122.000000) (-931.000000 -267.000000 31.000000) (-931.000000 -154.000000 31.000000) (-931.000000 -154.000000 -122.000000) 
4 138 377 (-1180.000000 -267.000000 -9.000000) (-1180.000000 -267.000000 -125.000000) (-931.000000 -267.000000 -125.000000) (-931.000000 -267.000000 -9.000000) 
4 138 373 (-931.000000 -267.000000 271.000000) (-1180.000000 -267.000000 271.000000) (-1180.000000 -267.000000 -9.000000) (-931.000000 -267.000000 -9.000000) 
4 138 168 (-1180.000000 -259.000000 -9.000000) (-1180.000000 -257.000000 -9.000000) (-1180.000000 -257.000000 -123.000000) (-1180.000000 -259.000000 -123.000000) 
4 138 169 (-1180.000000 -267.000000 -123.000000) (-1180.000000 -267.000000 -9.000000) (-1180.000000 -259.000000 -9.000000) (-1180.000000 -259.000000 -123.000000) 
4 138 171 (-1180.000000 -257.000000 -125.000000) (-1180.000000 -267.000000 -125.000000) (-1180.000000 -267.000000 -123.000000) (-1180.000000 -257.000000 -123.000000) 
4 138 167 (-1180.000000 -156.000000 -125.000000) (-1180.000000 -257.000000 -125.000000) (-1180.000000 -257.000000 -9.000000) (-1180.000000 -156.000000 -9.000000) 
4 138 165 (-1180.000000 -95.000000 -125.000000) (-1180.000000 -156.000000 -125.000000) (-1180.000000 -156.000000 -9.000000) (-1180.000000 -95.000000 -9.000000) 
4 138 161 (-1180.000000 12.000000 -9.000000) (-1180.000000 14.000000 -9.000000) (-1180.000000 14.000000 -123.000000) (-1180.000000 12.000000 -123.000000) 
4 138 163 (-1180.000000 -95.000000 -123.000000) (-1180.000000 -95.000000 -9.000000) (-1180.000000 12.000000 -9.000000) (-1180.000000 12.000000 -123.000000) 
4 138 164 (-1180.000000 14.000000 -125.000000) (-1180.000000 -95.000000 -125.000000) (-1180.000000 -95.000000 -123.000000) (-1180.000000 14.000000 -123.000000) 
4 138 160 (-1180.000000 58.000000 -125.000000) (-1180.000000 14.000000 -125.000000) (-1180.000000 14.000000 -9.000000) (-1180.000000 58.000000 -9.000000) 
4 138 158 (-1180.000000 -259.000000 271.000000) (-1180.000000 14.000000 271.000000) (-1180.000000 14.000000 -9.000000) (-1180.000000 -259.000000 -9.000000) 
4 138 159 (-1180.000000 -267.000000 -9.000000) (-1180.000000 -267.000000 271.000000) (-1180.000000 -259.000000 271.000000) (-1180.000000 -259.000000 -9.000000) 
4 138 157 (-1180.000000 14.000000 271.000000) (-1180.000000 58.000000 271.000000) (-1180.000000 58.000000 -9.000000) (-1180.000000 14.000000 -9.000000) 
4 138 153 (-1180.000000 60.000000 -9.000000) (-1180.000000 161.000000 -9.000000) (-1180.000000 161.000000 -123.000000) (-1180.000000 60.000000 -123.000000) 
4 138 155 (-1180.000000 161.000000 -125.000000) (-1180.000000 58.000000 -125.000000) (-1180.000000 58.000000 -123.000000) (-1180.000000 161.000000 -123.000000) 
4 138 152 (-1180.000000 222.000000 -125.000000) (-1180.000000 161.000000 -125.000000) (-1180.000000 161.000000 -26.000000) (-1180.000000 222.000000 -26.000000) 
4 138 151 (-1180.000000 161.000000 -26.000000) (-1180.000000 161.000000 -9.000000) (-1180.000000 222.000000 -9.000000) (-1180.000000 222.000000 -26.000000) 
4 138 149 (-1180.000000 222.000000 -123.000000) (-1180.000000 222.000000 -9.000000) (-1180.000000 329.000000 -9.000000) (-1180.000000 329.000000 -123.000000) 
4 138 150 (-1180.000000 331.000000 -125.000000) (-1180.000000 222.000000 -125.000000) (-1180.000000 222.000000 -123.000000) (-1180.000000 331.000000 -123.000000) 
4 138 144 (-1180.000000 378.000000 -123.000000) (-1180.000000 378.000000 -9.000000) (-1180.000000 380.000000 -9.000000) (-1180.000000 380.000000 -123.000000) 
4 138 143 (-1180.000000 380.000000 -9.000000) (-1180.000000 481.000000 -9.000000) (-1180.000000 481.000000 -123.000000) (-1180.000000 380.000000 -123.000000) 
4 138 146 (-1180.000000 481.000000 -125.000000) (-1180.000000 378.000000 -125.000000) (-1180.000000 378.000000 -123.000000) (-1180.000000 481.000000 -123.000000) 
4 138 147 (-1180.000000 378.000000 -125.000000) (-1180.000000 331.000000 -125.000000) (-1180.000000 331.000000 -9.000000) (-1180.000000 378.000000 -9.000000) 
4 138 141 (-1180.000000 542.000000 -125.000000) (-1180.000000 481.000000 -125.000000) (-1180.000000 481.000000 -9.000000) (-1180.000000 542.000000 -9.000000) 
4 138 139 (-1180.000000 378.000000 271.000000) (-1180.000000 542.000000 271.000000) (-1180.000000 542.000000 -9.000000) (-1180.000000 378.000000 -9.000000) 
4 138 140 (-1180.000000 331.000000 -9.000000) (-1180.000000 331.000000 271.000000) (-1180.000000 378.000000 271.000000) (-1180.000000 378.000000 -9.000000) 
4 139 144 (-1180.000000 380.000000 -9.000000) (-1180.000000 378.000000 -9.000000) (-1182.000000 378.000000 -9.000000) (-1182.000000 380.000000 -9.000000) 
4 139 143 (-1180.000000 481.000000 -9.000000) (-1180.000000 380.000000 -9.000000) (-1182.000000 380.000000 -9.000000) (-1182.000000 481.000000 -9.000000) 
4 139 141 (-1182.000000 542.000000 -9.000000) (-1180.000000 542.000000 -9.000000) (-1180.000000 481.000000 -9.000000) (-1182.000000 481.000000 -9.000000) 
4 139 140 (-1182.000000 378.000000 -9.000000) (-1180.000000 378.000000 -9.000000) (-1180.000000 378.000000 271.000000) (-1182.000000 378.000000 271.000000) 
4 140 174 (-1310.000000 378.000000 -9.000000) (-1310.000000 331.000000 -9.000000) (-1310.000000 331.000000 70.000000) (-1310.000000 378.000000 70.000000) 
4 140 173 (-1310.000000 331.000000 70.000000) (-1310.000000 331.000000 271.000000) (-1310.000000 378.000000 271.000000) (-1310.000000 378.000000 70.000000) 
4 140 156 (-1310.000000 331.000000 271.000000) (-1310.000000 331.000000 -9.000000) (-1308.000000 331.000000 -9.000000) (-1308.000000 331.000000 271.000000) 
4 140 147 (-1310.000000 331.000000 -9.000000) (-1310.000000 378.000000 -9.000000) (-1180.000000 378.000000 -9.000000) (-1180.000000 331.000000 -9.000000) 
4 141 143 (-1180.000000 481.000000 -9.000000) (-1253.000000 481.000000 -9.000000) (-1253.000000 481.000000 -123.000000) (-1180.000000 481.000000 -123.000000) 
4 141 146 (-1253.000000 481.000000 -123.000000) (-1253.000000 481.000000 -125.000000) (-1180.000000 481.000000 -125.000000) (-1180.000000 481.000000 -123.000000) 
4 141 142 (-1253.000000 542.000000 -9.000000) (-1253.000000 542.000000 -26.000000) (-1253.000000 481.000000 -26.000000) (-1253.000000 481.000000 -9.000000) 
4 142 143 (-1253.000000 481.000000 -9.000000) (-1256.000000 481.000000 -9.000000) (-1256.000000 481.000000 -26.000000) (-1253.000000 481.000000 -26.000000) 
4 143 144 (-1182.000000 380.000000 -123.000000) (-1180.000000 380.000000 -123.000000) (-1180.000000 380.000000 -9.000000) (-1182.000000 380.000000 -9.000000) 
4 143 145 (-1256.000000 380.000000 -9.000000) (-1256.000000 380.000000 -123.000000) (-1185.000000 380.000000 -123.000000) (-1185.000000 380.000000 -9.000000) 
4 143 146 (-1256.000000 380.000000 -123.000000) (-1256.000000 481.000000 -123.000000) (-1180.000000 481.000000 -123.000000) (-1180.000000 380.000000 -123.000000) 
4 144 146 (-1180.000000 378.000000 -123.000000) (-1182.000000 378.000000 -123.000000) (-1182.000000 380.000000 -123.000000) (-1180.000000 380.000000 -123.000000) 
4 144 147 (-1180.000000 378.000000 -123.000000) (-1180.000000 378.000000 -9.000000) (-1182.000000 378.000000 -9.000000) (-1182.000000 378.000000 -123.000000) 
4 145 147 (-1185.000000 378.000000 -9.000000) (-1256.000000 378.000000 -9.000000) (-1256.000000 378.000000 -123.000000) (-1185.000000 378.000000 -123.000000) 
4 145 146 (-1185.000000 378.000000 -123.000000) (-1256.000000 378.000000 -123.000000) (-1256.000000 380.000000 -123.000000) (-1185.000000 380.000000 -123.000000) 
4 146 147 (-1256.000000 378.000000 -125.000000) (-1180.000000 378.000000 -125.000000) (-1180.000000 378.000000 -123.000000) (-1256.000000 378.000000 -123.000000) 
4 147 174 (-1310.000000 331.000000 -123.000000) (-1310.000000 331.000000 -9.000000) (-1310.000000 378.000000 -9.000000) (-1310.000000 378.000000 -123.000000) 
4 147 176 (-1310.000000 378.000000 -125.000000) (-1310.000000 331.000000 -125.000000) (-1310.000000 331.000000 -123.000000) (-1310.000000 378.000000 -123.000000) 
4 147 156 (-1310.000000 331.000000 -9.000000) (-1310.000000 331.000000 -125.000000) (-1308.000000 331.000000 -125.000000) (-1308.000000 331.000000 -9.000000) 
4 147 148 (-1183.000000 331.000000 -9.000000) (-1254.000000 331.000000 -9.000000) (-1254.000000 331.000000 -123.000000) (-1183.000000 331.000000 -123.000000) 
4 147 150 (-1254.000000 331.000000 -125.000000) (-1180.000000 331.000000 -125.000000) (-1180.000000 331.000000 -123.000000) (-1254.000000 331.000000 -123.000000) 
4 148 149 (-1254.000000 329.000000 -9.000000) (-1254.000000 329.000000 -123.000000) (-1183.000000 329.000000 -123.000000) (-1183.000000 329.000000 -9.000000) 
4 148 150 (-1254.000000 329.000000 -123.000000) (-1254.000000 331.000000 -123.000000) (-1183.000000 331.000000 -123.000000) (-1183.000000 329.000000 -123.000000) 
4 149 152 (-1251.000000 222.000000 -123.000000) (-1180.000000 222.000000 -123.000000) (-1180.000000 222.000000 -26.000000) (-1251.000000 222.000000 -26.000000) 
4 149 151 (-1254.000000 222.000000 -9.000000) (-1254.000000 222.000000 -26.000000) (-1180.000000 222.000000 -26.000000) (-1180.000000 222.000000 -9.000000) 
4 149 150 (-1254.000000 222.000000 -123.000000) (-1254.000000 329.000000 -123.000000) (-1180.000000 329.000000 -123.000000) (-1180.000000 222.000000 -123.000000) 
4 150 152 (-1251.000000 222.000000 -125.000000) (-1180.000000 222.000000 -125.000000) (-1180.000000 222.000000 -123.000000) (-1251.000000 222.000000 -123.000000) 
4 151 153 (-1180.000000 161.000000 -26.000000) (-1180.000000 161.000000 -9.000000) (-1254.000000 161.000000 -9.000000) (-1254.000000 161.000000 -26.000000) 
4 151 152 (-1251.000000 222.000000 -26.000000) (-1180.000000 222.000000 -26.000000) (-1180.000000 161.000000 -26.000000) (-1251.000000 161.000000 -26.000000) 
4 152 153 (-1180.000000 161.000000 -123.000000) (-1180.000000 161.000000 -26.000000) (-1251.000000 161.000000 -26.000000) (-1251.000000 161.000000 -123.000000) 
4 152 155 (-1251.000000 161.000000 -125.000000) (-1180.000000 161.000000 -125.000000) (-1180.000000 161.000000 -123.000000) (-1251.000000 161.000000 -123.000000) 
4 153 154 (-1183.000000 60.000000 -9.000000) (-1254.000000 60.000000 -9.000000) (-1254.000000 60.000000 -123.000000) (-1183.000000 60.000000 -123.000000) 
4 153 155 (-1254.000000 60.000000 -123.000000) (-1254.000000 161.000000 -123.000000) (-1180.000000 161.000000 -123.000000) (-1180.000000 60.000000 -123.000000) 
4 154 160 (-1183.000000 58.000000 -9.000000) (-1254.000000 58.000000 -9.000000) (-1254.000000 58.000000 -123.000000) (-1183.000000 58.000000 -123.000000) 
4 154 155 (-1183.000000 58.000000 -123.000000) (-1254.000000 58.000000 -123.000000) (-1254.000000 60.000000 -123.000000) (-1183.000000 60.000000 -123.000000) 
4 155 160 (-1254.000000 58.000000 -125.000000) (-1180.000000 58.000000 -125.000000) (-1180.000000 58.000000 -123.000000) (-1254.000000 58.000000 -123.000000) 
4 156 174 (-1310.000000 58.000000 -123.000000) (-1310.000000 58.000000 70.000000) (-1310.000000 331.000000 70.000000) (-1310.000000 331.000000 -123.000000) 
4 156 176 (-1310.000000 331.000000 -125.000000) (-1310.000000 58.000000 -125.000000) (-1310.000000 58.000000 -123.000000) (-1310.000000 331.000000 -123.000000) 
4 156 173 (-1310.000000 58.000000 70.000000) (-1310.000000 58.000000 271.000000) (-1310.000000 331.000000 271.000000) (-1310.000000 331.000000 70.000000) 
4 156 160 (-1310.000000 58.000000 -125.000000) (-1308.000000 58.000000 -125.000000) (-1308.000000 58.000000 -9.000000) (-1310.000000 58.000000 -9.000000) 
4 156 157 (-1308.000000 58.000000 -9.000000) (-1308.000000 58.000000 271.000000) (-1310.000000 58.000000 271.000000) (-1310.000000 58.000000 -9.000000) 
4 157 174 (-1310.000000 58.000000 70.000000) (-1310.000000 58.000000 -9.000000) (-1310.000000 14.000000 -9.000000) (-1310.000000 14.000000 70.000000) 
4 157 173 (-1310.000000 14.000000 271.000000) (-1310.000000 58.000000 271.000000) (-1310.000000 58.000000 70.000000) (-1310.000000 14.000000 70.000000) 
4 157 160 (-1310.000000 14.000000 -9.000000) (-1310.000000 58.000000 -9.000000) (-1180.000000 58.000000 -9.000000) (-1180.000000 14.000000 -9.000000) 
4 157 158 (-1180.000000 14.000000 -9.000000) (-1180.000000 14.000000 271.000000) (-1182.000000 14.000000 271.000000) (-1182.000000 14.000000 -9.000000) 
4 158 168 (-1180.000000 -257.000000 -9.000000) (-1180.000000 -259.000000 -9.000000) (-1182.000000 -259.000000 -9.000000) (-1182.000000 -257.000000 -9.000000) 
4 158 167 (-1180.000000 -156.000000 -9.000000) (-1180.000000 -257.000000 -9.000000) (-1182.000000 -257.000000 -9.000000) (-1182.000000 -156.000000 -9.000000) 
4 158 165 (-1180.000000 -95.000000 -9.000000) (-1180.000000 -156.000000 -9.000000) (-1182.000000 -156.000000 -9.000000) (-1182.000000 -95.000000 -9.000000) 
4 158 161 (-1182.000000 14.000000 -9.000000) (-1180.000000 14.000000 -9.000000) (-1180.000000 12.000000 -9.000000) (-1182.000000 12.000000 -9.000000) 
4 158 163 (-1180.000000 12.000000 -9.000000) (-1180.000000 -95.000000 -9.000000) (-1182.000000 -95.000000 -9.000000) (-1182.000000 12.000000 -9.000000) 
4 158 159 (-1182.000000 -259.000000 -9.000000) (-1180.000000 -259.000000 -9.000000) (-1180.000000 -259.000000 271.000000) (-1182.000000 -259.000000 271.000000) 
4 159 375 (-1184.000000 -267.000000 271.000000) (-1310.000000 -267.000000 271.000000) (-1310.000000 -267.000000 -9.000000) (-1184.000000 -267.000000 -9.000000) 
4 159 373 (-1180.000000 -267.000000 271.000000) (-1184.000000 -267.000000 271.000000) (-1184.000000 -267.000000 -9.000000) (-1180.000000 -267.000000 -9.000000) 
4 159 174 (-1310.000000 -267.000000 -9.000000) (-1310.000000 -267.000000 70.000000) (-1310.000000 -259.000000 70.000000) (-1310.000000 -259.000000 -9.000000) 
4 159 173 (-1310.000000 -267.000000 70.000000) (-1310.000000 -267.000000 271.000000) (-1310.000000 -259.000000 271.000000) (-1310.000000 -259.000000 70.000000) 
4 159 172 (-1256.000000 -267.000000 -9.000000) (-1310.000000 -267.000000 -9.000000) (-1310.000000 -259.000000 -9.000000) (-1256.000000 -259.000000 -9.000000) 
4 159 169 (-1180.000000 -267.000000 -9.000000) (-1185.000000 -267.000000 -9.000000) (-1185.000000 -259.000000 -9.000000) (-1180.000000 -259.000000 -9.000000) 
4 159 170 (-1185.000000 -267.000000 -9.000000) (-1256.000000 -267.000000 -9.000000) (-1256.000000 -259.000000 -9.000000) (-1185.000000 -259.000000 -9.000000) 
4 160 174 (-1310.000000 14.000000 -123.000000) (-1310.000000 14.000000 -9.000000) (-1310.000000 58.000000 -9.000000) (-1310.000000 58.000000 -123.000000) 
4 160 176 (-1310.000000 58.000000 -125.000000) (-1310.000000 14.000000 -125.000000) (-1310.000000 14.000000 -123.000000) (-1310.000000 58.000000 -123.000000) 
4 160 161 (-1180.000000 14.000000 -123.000000) (-1180.000000 14.000000 -9.000000) (-1182.000000 14.000000 -9.000000) (-1182.000000 14.000000 -123.000000) 
4 160 162 (-1185.000000 14.000000 -9.000000) (-1256.000000 14.000000 -9.000000) (-1256.000000 14.000000 -123.000000) (-1185.000000 14.000000 -123.000000) 
4 160 164 (-1256.000000 14.000000 -125.000000) (-1180.000000 14.000000 -125.000000) (-1180.000000 14.000000 -123.000000) (-1256.000000 14.000000 -123.000000) 
4 161 164 (-1182.000000 14.000000 -123.000000) (-1180.000000 14.000000 -123.000000) (-1180.000000 12.000000 -123.000000) (-1182.000000 12.000000 -123.000000) 
4 161 163 (-1182.000000 12.000000 -123.000000) (-1180.000000 12.000000 -123.000000) (-1180.000000 12.000000 -9.000000) (-1182.000000 12.000000 -9.000000) 
4 162 163 (-1256.000000 12.000000 -9.000000) (-1256.000000 12.000000 -123.000000) (-1185.000000 12.000000 -123.000000) (-1185.000000 12.000000 -9.000000) 
4 162 164 (-1256.000000 14.000000 -123.000000) (-1185.000000 14.000000 -123.000000) (-1185.000000 12.000000 -123.000000) (-1256.000000 12.000000 -123.000000) 
4 163 166 (-1253.000000 -95.000000 -9.000000) (-1256.000000 -95.000000 -9.000000) (-1256.000000 -95.000000 -26.000000) (-1253.000000 -95.000000 -26.000000) 
4 163 165 (-1180.000000 -95.000000 -123.000000) (-1180.000000 -95.000000 -9.000000) (-1253.000000 -95.000000 -9.000000) (-1253.000000 -95.000000 -123.000000) 
4 163 164 (-1180.000000 12.000000 -123.000000) (-1180.000000 -95.000000 -123.000000) (-1256.000000 -95.000000 -123.000000) (-1256.000000 12.000000 -123.000000) 
4 164 165 (-1253.000000 -95.000000 -125.000000) (-1180.000000 -95.000000 -125.000000) (-1180.000000 -95.000000 -123.000000) (-1253.000000 -95.000000 -123.000000) 
4 165 167 (-1253.000000 -156.000000 -125.000000) (-1180.000000 -156.000000 -125.000000) (-1180.000000 -156.000000 -9.000000) (-1253.000000 -156.000000 -9.000000) 
4 165 166 (-1253.000000 -156.000000 -26.000000) (-1253.000000 -156.000000 -9.000000) (-1253.000000 -95.000000 -9.000000) (-1253.000000 -95.000000 -26.000000) 
4 166 167 (-1256.000000 -156.000000 -26.000000) (-1253.000000 -156.000000 -26.000000) (-1253.000000 -156.000000 -9.000000) (-1256.000000 -156.000000 -9.000000) 
4 167 168 (-1180.000000 -257.000000 -123.000000) (-1180.000000 -257.000000 -9.000000) (-1182.000000 -257.000000 -9.000000) (-1182.000000 -257.000000 -123.000000) 
4 167 170 (-1185.000000 -257.000000 -9.000000) (-1256.000000 -257.000000 -9.000000) (-1256.000000 -257.000000 -123.000000) (-1185.000000 -257.000000 -123.000000) 
4 167 171 (-1256.000000 -257.000000 -125.000000) (-1180.000000 -257.000000 -125.000000) (-1180.000000 -257.000000 -123.000000) (-1256.000000 -257.000000 -123.000000) 
4 168 169 (-1182.000000 -259.000000 -123.000000) (-1180.000000 -259.000000 -123.000000) (-1180.000000 -259.000000 -9.000000) (-1182.000000 -259.000000 -9.000000) 
4 168 171 (-1182.000000 -257.000000 -123.000000) (-1180.000000 -257.000000 -123.000000) (-1180.000000 -259.000000 -123.000000) (-1182.000000 -259.000000 -123.000000) 
4 169 378 (-1184.000000 -267.000000 -9.000000) (-1185.000000 -267.000000 -9.000000) (-1185.000000 -267.000000 -123.000000) (-1184.000000 -267.000000 -123.000000) 
4 169 377 (-1180.000000 -267.000000 -123.000000) (-1180.000000 -267.000000 -9.000000) (-1184.000000 -267.000000 -9.000000) (-1184.000000 -267.000000 -123.000000) 
4 169 170 (-1185.000000 -259.000000 -123.000000) (-1185.000000 -267.000000 -123.000000) (-1185.000000 -267.000000 -9.000000) (-1185.000000 -259.000000 -9.000000) 
4 169 171 (-1180.000000 -259.000000 -123.000000) (-1180.000000 -267.000000 -123.000000) (-1185.000000 -267.000000 -123.000000) (-1185.000000 -259.000000 -123.000000) 
4 170 378 (-1185.000000 -267.000000 -9.000000) (-1256.000000 -267.000000 -9.000000) (-1256.000000 -267.000000 -123.000000) (-1185.000000 -267.000000 -123.000000) 
4 170 172 (-1256.000000 -267.000000 -123.000000) (-1256.000000 -267.000000 -9.000000) (-1256.000000 -259.000000 -9.000000) (-1256.000000 -259.000000 -123.000000) 
4 170 171 (-1256.000000 -267.000000 -123.000000) (-1256.000000 -257.000000 -123.000000) (-1185.000000 -257.000000 -123.000000) (-1185.000000 -267.000000 -123.000000) 
4 171 378 (-1256.000000 -267.000000 -125.000000) (-1184.000000 -267.000000 -125.000000) (-1184.000000 -267.000000 -123.000000) (-1256.000000 -267.000000 -123.000000) 
4 171 377 (-1184.000000 -267.000000 -125.000000) (-1180.000000 -267.000000 -125.000000) (-1180.000000 -267.000000 -123.000000) (-1184.000000 -267.000000 -123.000000) 
4 171 172 (-1256.000000 -259.000000 -125.000000) (-1256.000000 -267.000000 -125.000000) (-1256.000000 -267.000000 -123.000000) (-1256.000000 -259.000000 -123.000000) 
4 172 378 (-1310.000000 -267.000000 -9.000000) (-1310.000000 -267.000000 -125.000000) (-1256.000000 -267.000000 -125.000000) (-1256.000000 -267.000000 -9.000000) 
4 172 174 (-1310.000000 -267.000000 -123.000000) (-1310.000000 -267.000000 -9.000000) (-1310.000000 -259.000000 -9.000000) (-1310.000000 -259.000000 -123.000000) 
4 172 176 (-1310.000000 -259.000000 -125.000000) (-1310.000000 -267.000000 -125.000000) (-1310.000000 -267.000000 -123.000000) (-1310.000000 -259.000000 -123.000000) 
4 173 427 (-1312.000000 -267.000000 271.000000) (-1422.000000 -267.000000 271.000000) (-1422.000000 -267.000000 70.000000) (-1312.000000 -267.000000 70.000000) 
4 173 375 (-1310.000000 -267.000000 271.000000) (-1312.000000 -267.000000 271.000000) (-1312.000000 -267.000000 70.000000) (-1310.000000 -267.000000 70.000000) 
4 173 174 (-1347.000000 542.000000 70.000000) (-1310.000000 542.000000 70.000000) (-1310.000000 -267.000000 70.000000) (-1347.000000 -267.000000 70.000000) 
4 173 175 (-1422.000000 -267.000000 70.000000) (-1422.000000 542.000000 70.000000) (-1361.000000 542.000000 70.000000) (-1361.000000 -267.000000 70.000000) 
4 174 428 (-1347.000000 -267.000000 -123.000000) (-1312.000000 -267.000000 -123.000000) (-1312.000000 -267.000000 70.000000) (-1347.000000 -267.000000 70.000000) 
4 174 378 (-1312.000000 -267.000000 -123.000000) (-1310.000000 -267.000000 -123.000000) (-1310.000000 -267.000000 -9.000000) (-1312.000000 -267.000000 -9.000000) 
4 174 375 (-1310.000000 -267.000000 -9.000000) (-1310.000000 -267.000000 70.000000) (-1312.000000 -267.000000 70.000000) (-1312.000000 -267.000000 -9.000000) 
4 174 176 (-1310.000000 -267.000000 -123.000000) (-1347.000000 -267.000000 -123.000000) (-1347.000000 542.000000 -123.000000) (-1310.000000 542.000000 -123.000000) 
4 175 429 (-1422.000000 -267.000000 70.000000) (-1422.000000 -267.000000 -123.000000) (-1361.000000 -267.000000 -123.000000) (-1361.000000 -267.000000 70.000000) 
4 175 176 (-1361.000000 -267.000000 -123.000000) (-1422.000000 -267.000000 -123.000000) (-1422.000000 542.000000 -123.000000) (-1361.000000 542.000000 -123.000000) 
4 176 430 (-1422.000000 -267.000000 -123.000000) (-1422.000000 -267.000000 -125.000000) (-1312.000000 -267.000000 -125.000000) (-1312.000000 -267.000000 -123.000000) 
4 176 378 (-1312.000000 -267.000000 -125.000000) (-1310.000000 -267.000000 -125.000000) (-1310.000000 -267.000000 -123.000000) (-1312.000000 -267.000000 -123.000000) 
4 176 178 (-1379.000000 -267.000000 -125.000000) (-1422.000000 -267.000000 -125.000000) (-1422.000000 542.000000 -125.000000) (-1379.000000 542.000000 -125.000000) 
4 177 432 (-561.000000 -267.000000 -136.000000) (-1379.000000 -267.000000 -136.000000) (-1379.000000 -267.000000 -217.000000) (-561.000000 -267.000000 -217.000000) 
4 177 259 (-560.000000 -267.000000 -217.000000) (-560.000000 -267.000000 -136.000000) (-561.000000 -267.000000 -136.000000) (-561.000000 -267.000000 -217.000000) 
4 177 178 (-1379.000000 542.000000 -136.000000) (-1379.000000 542.000000 -217.000000) (-1379.000000 -267.000000 -217.000000) (-1379.000000 -267.000000 -136.000000) 
4 178 433 (-1379.000000 -267.000000 -125.000000) (-1422.000000 -267.000000 -125.000000) (-1422.000000 -267.000000 -217.000000) (-1379.000000 -267.000000 -217.000000) 
4 179 434 (-1422.000000 -267.000000 648.000000) (-1454.000000 -267.000000 648.000000) (-1454.000000 -267.000000 -217.000000) (-1422.000000 -267.000000 -217.000000) 
4 180 435 (-561.000000 -1065.000000 611.000000) (-561.000000 -1113.000000 611.000000) (-561.000000 -1113.000000 648.000000) (-561.000000 -1065.000000 648.000000) 
4 180 366 (-561.000000 -267.000000 648.000000) (-561.000000 -267.000000 611.000000) (-561.000000 -1065.000000 611.000000) (-561.000000 -1065.000000 648.000000) 
4 180 261 (-561.000000 -1113.000000 648.000000) (-561.000000 -1113.000000 611.000000) (313.000000 -1113.000000 611.000000) (313.000000 -1113.000000 648.000000) 
4 180 260 (313.000000 -1113.000000 611.000000) (345.000000 -1113.000000 611.000000) (345.000000 -1113.000000 648.000000) (313.000000 -1113.000000 648.000000) 
4 180 181 (345.000000 -1113.000000 611.000000) (313.000000 -1113.000000 611.000000) (313.000000 -267.000000 611.000000) (345.000000 -267.000000 611.000000) 
4 181 260 (345.000000 -1113.000000 -217.000000) (345.000000 -1113.000000 611.000000) (313.000000 -1113.000000 611.000000) (313.000000 -1113.000000 -217.000000) 
4 182 438 (-561.000000 -1065.000000 445.811362) (-561.000000 -1113.000000 451.829995) (-561.000000 -1113.000000 611.000000) (-561.000000 -1065.000000 611.000000) 
5 182 367 (-561.000000 -267.000000 611.000000) (-561.000000 -267.000000 404.000000) (-561.000000 -731.544655 404.000000) (-561.000000 -1065.000000 445.811362) (-561.000000 -1065.000000 611.000000) 
4 182 266 (-561.000000 -1113.000000 611.000000) (-561.000000 -1113.000000 451.829995) (313.000000 -1113.000000 451.579373) (313.000000 -1113.000000 611.000000) 
4 182 184 (92.999992 -1067.999955 445.999983) (313.000000 -1058.566298 444.754028) (313.000000 -1113.000000 451.579372) (94.659144 -1113.000000 451.641981) 
4 182 183 (-561.000000 -1096.043643 449.703866) (-561.000000 -731.544668 404.000000) (313.000000 -733.543434 404.000000) (313.000000 -1058.566298 444.754028) 
4 182 185 (-561.000000 -731.544655 404.000000) (-561.000000 -267.000000 404.000000) (313.000000 -267.000000 404.000000) (313.000000 -733.543422 404.000000) 
4 183 443 (-561.000000 -1065.000000 404.000000) (-561.000000 -1113.000000 404.000000) (-561.000000 -1113.000000 405.000000) (-561.000000 -1065.000000 405.000000) 
5 183 442 (-561.000000 -1113.000000 405.000000) (-561.000000 -1113.000000 422.818505) (-561.000000 -1096.043642 449.703868) (-561.000000 -1065.000000 445.811362) (-561.000000 -1065.000000 405.000000) 
3 183 367 (-561.000000 -731.544655 404.000000) (-561.000000 -1065.000000 404.000000) (-561.000000 -1065.000000 445.811362) 
4 183 265 (-561.000000 -1113.000000 405.000000) (-561.000000 -1113.000000 404.000000) (-305.496916 -1113.000000 404.000000) (-319.074141 -1113.000000 405.000000) 
3 183 264 (-561.000000 -1113.000000 422.818505) (-561.000000 -1113.000000 405.000000) (-319.074141 -1113.000000 405.000000) 
4 183 184 (81.999997 -1094.999960 404.000000) (313.000000 -1084.269517 404.000000) (313.000000 -1058.566313 444.754032) (92.999993 -1067.999970 445.999986) 
5 183 185 (-305.496916 -1113.000000 404.000000) (-561.000000 -1113.000000 404.000000) (-561.000000 -731.544655 404.000000) (313.000000 -733.543422 404.000000) (313.000000 -1084.269500 404.000000) 
4 184 267 (82.067176 -1113.000000 404.000000) (313.000000 -1113.000000 404.000000) (313.000000 -1113.000000 451.579373) (94.659144 -1113.000000 451.641983) 
4 184 185 (313.000000 -1113.000000 404.000000) (82.067176 -1113.000000 404.000000) (81.999997 -1094.999942 404.000000) (313.000000 -1084.269500 404.000000) 
4 185 443 (-561.000000 -1065.000000 320.000000) (-561.000000 -1113.000000 320.000000) (-561.000000 -1113.000000 404.000000) (-561.000000 -1065.000000 404.000000) 
4 185 390 (-561.000000 -661.000000 320.000000) (-561.000000 -1065.000000 320.000000) (-561.000000 -1065.000000 322.000000) (-561.000000 -661.000000 322.000000) 
4 185 368 (-561.000000 -267.000000 322.000000) (-561.000000 -267.000000 320.000000) (-561.000000 -661.000000 320.000000) (-561.000000 -661.000000 322.000000) 
4 185 367 (-561.000000 -267.000000 404.000000) (-561.000000 -267.000000 322.000000) (-561.000000 -1065.000000 322.000000) (-561.000000 -1065.000000 404.000000) 
4 185 292 (-561.000000 -1113.000000 404.000000) (-561.000000 -1113.000000 320.000000) (33.847173 -1113.000000 320.000000) (-0.276663 -1113.000000 404.000000) 
4 185 288 (33.847173 -1113.000000 320.000000) (103.000000 -1113.000000 320.000000) (103.000000 -1113.000000 404.000000) (-0.276663 -1113.000000 404.000000) 
4 185 276 (103.000000 -1113.000000 320.000000) (177.000000 -1113.000000 320.000000) (177.000000 -1113.000000 404.000000) (103.000000 -1113.000000 404.000000) 
4 185 274 (177.000000 -1113.000000 320.000000) (231.000000 -1113.000000 320.000000) (231.000000 -1113.000000 404.000000) (177.000000 -1113.000000 404.000000) 
4 185 269 (231.000000 -1113.000000 320.000000) (305.000000 -1113.000000 320.000000) (305.000000 -1113.000000 404.000000) (231.000000 -1113.000000 404.000000) 
4 185 268 (305.000000 -1113.000000 320.000000) (313.000000 -1113.000000 320.000000) (313.000000 -1113.000000 404.000000) (305.000000 -1113.000000 404.000000) 
4 185 232 (-561.000000 -1113.000000 320.000000) (-561.000000 -609.000000 320.000000) (-482.000000 -609.000000 320.000000) (-482.000000 -1113.000000 320.000000) 
4 185 224 (103.000000 -1053.000000 320.000000) (103.000000 -947.000000 320.000000) (231.000000 -947.000000 320.000000) (231.000000 -1053.000000 320.000000) 
5 185 225 (103.000000 -1111.041643 320.000000) (33.847173 -1113.000000 320.000000) (-482.000000 -1113.000000 320.000000) (-482.000000 -947.000000 320.000000) (103.000000 -947.000000 320.000000) 
4 185 223 (235.000000 -947.000000 320.000000) (235.000000 -1107.303501 320.000000) (231.000000 -1107.416778 320.000000) (231.000000 -947.000000 320.000000) 
4 185 221 (-482.000000 -609.000000 320.000000) (107.000000 -609.000000 320.000000) (107.000000 -947.000000 320.000000) (-482.000000 -947.000000 320.000000) 
4 185 219 (235.000000 -674.000000 320.000000) (235.000000 -947.000000 320.000000) (107.000000 -947.000000 320.000000) (107.000000 -674.000000 320.000000) 
4 185 218 (107.000000 -609.000000 320.000000) (235.000000 -609.000000 320.000000) (235.000000 -674.000000 320.000000) (107.000000 -674.000000 320.000000) 
4 185 216 (235.000000 -609.000000 320.000000) (274.000000 -609.000000 320.000000) (274.000000 -1106.199050 320.000000) (235.000000 -1107.303501 320.000000) 
4 185 207 (274.000000 -1106.199050 320.000000) (274.000000 -1113.000000 320.000000) (231.000000 -1113.000000 320.000000) (231.000000 -1107.416778 320.000000) 
3 185 208 (103.000000 -1113.000000 320.000000) (33.847173 -1113.000000 320.000000) (103.000000 -1111.041643 320.000000) 
4 185 200 (-561.000000 -609.000000 320.000000) (-561.000000 -267.000000 320.000000) (-107.000000 -267.000000 320.000000) (-107.000000 -609.000000 320.000000) 
4 185 189 (-107.000000 -267.000000 320.000000) (274.000000 -267.000000 320.000000) (274.000000 -609.000000 320.000000) (-107.000000 -609.000000 320.000000) 
4 185 186 (274.000000 -267.000000 320.000000) (313.000000 -267.000000 320.000000) (313.000000 -1113.000000 320.000000) (274.000000 -1113.000000 320.000000) 
4 186 269 (305.000000 -1113.000000 320.000000) (274.000000 -1113.000000 320.000000) (274.000000 -1113.000000 71.000000) (305.000000 -1113.000000 71.000000) 
4 186 268 (313.000000 -1113.000000 71.000000) (313.000000 -1113.000000 320.000000) (305.000000 -1113.000000 320.000000) (305.000000 -1113.000000 71.000000) 
5 186 216 (274.000000 -652.337529 71.000000) (274.000000 -1109.063622 71.000000) (274.000000 -1106.199050 320.000000) (274.000000 -609.000000 320.000000) (274.000000 -609.000000 207.852472) 
3 186 209 (274.000000 -609.000000 71.000000) (274.000000 -652.337529 71.000000) (274.000000 -609.000000 207.852472) 
4 186 207 (274.000000 -1109.063622 71.000000) (274.000000 -1113.000000 71.000000) (274.000000 -1113.000000 320.000000) (274.000000 -1106.199050 320.000000) 
4 186 191 (274.000000 -336.000000 71.000000) (274.000000 -609.000000 71.000000) (274.000000 -609.000000 274.000000) (274.000000 -336.000000 274.000000) 
4 186 190 (274.000000 -267.000000 274.000000) (274.000000 -267.000000 71.000000) (274.000000 -336.000000 71.000000) (274.000000 -336.000000 274.000000) 
4 186 189 (274.000000 -267.000000 320.000000) (274.000000 -267.000000 274.000000) (274.000000 -609.000000 274.000000) (274.000000 -609.000000 320.000000) 
4 186 187 (313.000000 -1113.000000 71.000000) (288.000000 -1113.000000 71.000000) (288.000000 -267.000000 71.000000) (313.000000 -267.000000 71.000000) 
4 187 270 (305.000000 -1113.000000 71.000000) (288.000000 -1113.000000 71.000000) (288.000000 -1113.000000 -122.000000) (305.000000 -1113.000000 -122.000000) 
4 187 268 (313.000000 -1113.000000 -122.000000) (313.000000 -1113.000000 71.000000) (305.000000 -1113.000000 71.000000) (305.000000 -1113.000000 -122.000000) 
4 187 188 (288.000000 -267.000000 -122.000000) (313.000000 -267.000000 -122.000000) (313.000000 -1113.000000 -122.000000) (288.000000 -1113.000000 -122.000000) 
4 188 272 (274.000000 -1113.000000 -125.000000) (305.000000 -1113.000000 -125.000000) (305.000000 -1113.000000 -122.000000) (274.000000 -1113.000000 -122.000000) 
4 188 268 (305.000000 -1113.000000 -125.000000) (313.000000 -1113.000000 -125.000000) (313.000000 -1113.000000 -122.000000) (305.000000 -1113.000000 -122.000000) 
4 188 258 (313.000000 -1113.000000 -125.000000) (305.000000 -1113.000000 -125.000000) (305.000000 -267.000000 -125.000000) (313.000000 -267.000000 -125.000000) 
4 188 249 (274.000000 -1053.000000 -125.000000) (274.000000 -1113.000000 -125.000000) (274.000000 -1113.000000 -122.000000) (274.000000 -1053.000000 -122.000000) 
4 188 248 (274.000000 -947.000000 -125.000000) (274.000000 -1053.000000 -125.000000) (274.000000 -1053.000000 -122.000000) (274.000000 -947.000000 -122.000000) 
4 188 235 (274.000000 -674.000000 -125.000000) (274.000000 -947.000000 -125.000000) (274.000000 -947.000000 -122.000000) (274.000000 -674.000000 -122.000000) 
4 188 234 (274.000000 -609.000000 -125.000000) (274.000000 -674.000000 -125.000000) (274.000000 -674.000000 -122.000000) (274.000000 -609.000000 -122.000000) 
4 188 191 (274.000000 -336.000000 -125.000000) (274.000000 -609.000000 -125.000000) (274.000000 -609.000000 -122.000000) (274.000000 -336.000000 -122.000000) 
4 188 190 (274.000000 -267.000000 -122.000000) (274.000000 -267.000000 -125.000000) (274.000000 -336.000000 -125.000000) (274.000000 -336.000000 -122.000000) 
4 189 221 (107.000000 -609.000000 320.000000) (-107.000000 -609.000000 320.000000) (-107.000000 -609.000000 274.000000) (107.000000 -609.000000 274.000000) 
4 189 218 (235.000000 -609.000000 320.000000) (107.000000 -609.000000 320.000000) (107.000000 -609.000000 274.000000) (235.000000 -609.000000 274.000000) 
4 189 216 (274.000000 -609.000000 274.000000) (274.000000 -609.000000 320.000000) (235.000000 -609.000000 320.000000) (235.000000 -609.000000 274.000000) 
4 189 200 (-107.000000 -267.000000 320.000000) (-107.000000 -267.000000 274.000000) (-107.000000 -609.000000 274.000000) (-107.000000 -609.000000 320.000000) 
4 189 191 (274.000000 -609.000000 274.000000) (238.000000 -609.000000 274.000000) (238.000000 -336.000000 274.000000) (274.000000 -336.000000 274.000000) 
4 189 190 (110.000000 -336.000000 274.000000) (110.000000 -267.000000 274.000000) (274.000000 -267.000000 274.000000) (274.000000 -336.000000 274.000000) 
4 189 199 (110.000000 -609.000000 274.000000) (-107.000000 -609.000000 274.000000) (-107.000000 -267.000000 274.000000) (110.000000 -267.000000 274.000000) 
4 190 192 (113.000000 -336.000000 -125.000000) (184.000000 -336.000000 -125.000000) (184.000000 -336.000000 -6.000000) (113.000000 -336.000000 -6.000000) 
4 190 191 (238.000000 -336.000000 -125.000000) (274.000000 -336.000000 -125.000000) (274.000000 -336.000000 274.000000) (238.000000 -336.000000 274.000000) 
4 190 199 (110.000000 -267.000000 274.000000) (110.000000 -267.000000 -125.000000) (110.000000 -336.000000 -125.000000) (110.000000 -336.000000 274.000000) 
4 191 234 (238.000000 -609.000000 -125.000000) (274.000000 -609.000000 -125.000000) (274.000000 -609.000000 -6.000000) (238.000000 -609.000000 -6.000000) 
4 191 216 (274.000000 -609.000000 207.852472) (274.000000 -609.000000 274.000000) (238.000000 -609.000000 274.000000) (238.000000 -609.000000 211.447926) 
4 191 209 (274.000000 -609.000000 -6.000000) (274.000000 -609.000000 207.852472) (238.000000 -609.000000 211.447926) (238.000000 -609.000000 -6.000000) 
4 192 193 (113.000000 -338.000000 -125.000000) (184.000000 -338.000000 -125.000000) (184.000000 -338.000000 -6.000000) (113.000000 -338.000000 -6.000000) 
4 193 195 (181.000000 -439.000000 -22.000000) (110.000000 -439.000000 -22.000000) (110.000000 -439.000000 -121.000000) (181.000000 -439.000000 -121.000000) 
4 193 196 (110.000000 -439.000000 -125.000000) (184.000000 -439.000000 -125.000000) (184.000000 -439.000000 -121.000000) (110.000000 -439.000000 -121.000000) 
4 193 194 (184.000000 -439.000000 -22.000000) (184.000000 -439.000000 -6.000000) (110.000000 -439.000000 -6.000000) (110.000000 -439.000000 -22.000000) 
4 193 199 (110.000000 -338.000000 -125.000000) (110.000000 -439.000000 -125.000000) (110.000000 -439.000000 -6.000000) (110.000000 -338.000000 -6.000000) 
4 194 197 (110.000000 -500.000000 -6.000000) (110.000000 -500.000000 -22.000000) (184.000000 -500.000000 -22.000000) (184.000000 -500.000000 -6.000000) 
4 194 195 (181.000000 -500.000000 -22.000000) (110.000000 -500.000000 -22.000000) (110.000000 -439.000000 -22.000000) (181.000000 -439.000000 -22.000000) 
4 194 199 (110.000000 -500.000000 -22.000000) (110.000000 -500.000000 -6.000000) (110.000000 -439.000000 -6.000000) (110.000000 -439.000000 -22.000000) 
4 195 197 (110.000000 -500.000000 -22.000000) (110.000000 -500.000000 -121.000000) (181.000000 -500.000000 -121.000000) (181.000000 -500.000000 -22.000000) 
4 195 196 (110.000000 -500.000000 -121.000000) (110.000000 -439.000000 -121.000000) (181.000000 -439.000000 -121.000000) (181.000000 -500.000000 -121.000000) 
4 195 199 (110.000000 -500.000000 -121.000000) (110.000000 -500.000000 -22.000000) (110.000000 -439.000000 -22.000000) (110.000000 -439.000000 -121.000000) 
4 196 197 (110.000000 -500.000000 -121.000000) (110.000000 -500.000000 -125.000000) (184.000000 -500.000000 -125.000000) (184.000000 -500.000000 -121.000000) 
4 196 199 (110.000000 -439.000000 -125.000000) (110.000000 -500.000000 -125.000000) (110.000000 -500.000000 -121.000000) (110.000000 -439.000000 -121.000000) 
4 197 198 (113.000000 -607.000000 -125.000000) (184.000000 -607.000000 -125.000000) (184.000000 -607.000000 -6.000000) (113.000000 -607.000000 -6.000000) 
4 197 199 (110.000000 -500.000000 -125.000000) (110.000000 -607.000000 -125.000000) (110.000000 -607.000000 -6.000000) (110.000000 -500.000000 -6.000000) 
4 198 236 (113.000000 -609.000000 -125.000000) (181.000000 -609.000000 -125.000000) (181.000000 -609.000000 -6.000000) (113.000000 -609.000000 -6.000000) 
4 198 234 (181.000000 -609.000000 -125.000000) (184.000000 -609.000000 -125.000000) (184.000000 -609.000000 -6.000000) (181.000000 -609.000000 -6.000000) 
4 199 236 (107.000000 -609.000000 -125.000000) (110.000000 -609.000000 -125.000000) (110.000000 -609.000000 -6.000000) (107.000000 -609.000000 -6.000000) 
4 199 239 (-107.000000 -609.000000 -125.000000) (107.000000 -609.000000 -125.000000) (107.000000 -609.000000 -6.000000) (-107.000000 -609.000000 -6.000000) 
4 199 221 (107.000000 -609.000000 274.000000) (-107.000000 -609.000000 274.000000) (-107.000000 -609.000000 245.904366) (107.000000 -609.000000 224.531386) 
4 199 218 (110.000000 -609.000000 224.231765) (110.000000 -609.000000 274.000000) (107.000000 -609.000000 274.000000) (107.000000 -609.000000 224.531386) 
4 199 210 (110.000000 -609.000000 -6.000000) (110.000000 -609.000000 224.231765) (107.000000 -609.000000 224.531386) (107.000000 -609.000000 -6.000000) 
4 199 211 (107.000000 -609.000000 224.531386) (-107.000000 -609.000000 245.904366) (-107.000000 -609.000000 -6.000000) (107.000000 -609.000000 -6.000000) 
4 199 206 (-107.000000 -267.000000 -122.000000) (-107.000000 -267.000000 -125.000000) (-107.000000 -609.000000 -125.000000) (-107.000000 -609.000000 -122.000000) 
4 199 203 (-107.000000 -542.000000 -122.000000) (-107.000000 -609.000000 -122.000000) (-107.000000 -609.000000 -7.000000) (-107.000000 -542.000000 -7.000000) 
4 199 201 (-107.000000 -267.000000 -7.000000) (-107.000000 -267.000000 -122.000000) (-107.000000 -399.000000 -122.000000) (-107.000000 -399.000000 -7.000000) 
4 199 200 (-107.000000 -267.000000 274.000000) (-107.000000 -267.000000 -7.000000) (-107.000000 -609.000000 -7.000000) (-107.000000 -609.000000 274.000000) 
4 200 368 (-561.000000 -267.000000 320.000000) (-561.000000 -267.000000 -7.000000) (-561.000000 -609.000000 -7.000000) (-561.000000 -609.000000 320.000000) 
4 200 257 (-482.000000 -609.000000 -6.000000) (-561.000000 -609.000000 -6.000000) (-561.000000 -609.000000 -7.000000) (-482.000000 -609.000000 -7.000000) 
4 200 255 (-172.000000 -609.000000 -6.000000) (-482.000000 -609.000000 -6.000000) (-482.000000 -609.000000 -7.000000) (-172.000000 -609.000000 -7.000000) 
4 200 239 (-107.000000 -609.000000 -7.000000) (-107.000000 -609.000000 -6.000000) (-172.000000 -609.000000 -6.000000) (-172.000000 -609.000000 -7.000000) 
4 200 232 (-482.000000 -609.000000 320.000000) (-561.000000 -609.000000 320.000000) (-561.000000 -609.000000 291.247043) (-482.000000 -609.000000 283.357018) 
4 200 221 (-107.000000 -609.000000 245.904366) (-107.000000 -609.000000 320.000000) (-482.000000 -609.000000 320.000000) (-482.000000 -609.000000 283.357018) 
4 200 211 (-107.000000 -609.000000 -6.000000) (-107.000000 -609.000000 245.904366) (-561.000000 -609.000000 291.247043) (-561.000000 -609.000000 -6.000000) 
4 200 204 (-561.000000 -267.000000 -7.000000) (-446.000000 -267.000000 -7.000000) (-446.000000 -308.000000 -7.000000) (-561.000000 -308.000000 -7.000000) 
4 200 205 (-302.000000 -308.000000 -7.000000) (-302.000000 -609.000000 -7.000000) (-561.000000 -609.000000 -7.000000) (-561.000000 -308.000000 -7.000000) 
4 200 202 (-251.000000 -542.000000 -7.000000) (-302.000000 -542.000000 -7.000000) (-302.000000 -399.000000 -7.000000) (-251.000000 -399.000000 -7.000000) 
4 200 203 (-107.000000 -542.000000 -7.000000) (-107.000000 -609.000000 -7.000000) (-302.000000 -609.000000 -7.000000) (-302.000000 -542.000000 -7.000000) 
4 200 201 (-302.000000 -267.000000 -7.000000) (-107.000000 -267.000000 -7.000000) (-107.000000 -399.000000 -7.000000) (-302.000000 -399.000000 -7.000000) 
4 201 206 (-172.000000 -267.000000 -122.000000) (-107.000000 -267.000000 -122.000000) (-107.000000 -399.000000 -122.000000) (-172.000000 -399.000000 -122.000000) 
4 201 205 (-302.000000 -399.000000 -7.000000) (-302.000000 -308.000000 -7.000000) (-302.000000 -308.000000 -122.000000) (-302.000000 -399.000000 -122.000000) 
4 201 202 (-302.000000 -399.000000 -122.000000) (-251.000000 -399.000000 -122.000000) (-251.000000 -399.000000 -7.000000) (-302.000000 -399.000000 -7.000000) 
4 202 205 (-302.000000 -542.000000 -7.000000) (-302.000000 -399.000000 -7.000000) (-302.000000 -399.000000 -122.000000) (-302.000000 -542.000000 -122.000000) 
4 202 203 (-302.000000 -542.000000 -7.000000) (-302.000000 -542.000000 -122.000000) (-251.000000 -542.000000 -122.000000) (-251.000000 -542.000000 -7.000000) 
4 203 255 (-172.000000 -609.000000 -7.000000) (-302.000000 -609.000000 -7.000000) (-302.000000 -609.000000 -122.000000) (-172.000000 -609.000000 -122.000000) 
4 203 239 (-107.000000 -609.000000 -122.000000) (-107.000000 -609.000000 -7.000000) (-172.000000 -609.000000 -7.000000) (-172.000000 -609.000000 -122.000000) 
4 203 206 (-107.000000 -609.000000 -122.000000) (-172.000000 -609.000000 -122.000000) (-172.000000 -542.000000 -122.000000) (-107.000000 -542.000000 -122.000000) 
4 203 205 (-302.000000 -609.000000 -122.000000) (-302.000000 -609.000000 -7.000000) (-302.000000 -542.000000 -7.000000) (-302.000000 -542.000000 -122.000000) 
4 204 369 (-561.000000 -267.000000 -8.000000) (-561.000000 -267.000000 -122.000000) (-561.000000 -308.000000 -122.000000) (-561.000000 -308.000000 -8.000000) 
4 204 368 (-561.000000 -267.000000 -7.000000) (-561.000000 -267.000000 -8.000000) (-561.000000 -308.000000 -8.000000) (-561.000000 -308.000000 -7.000000) 
4 204 205 (-561.000000 -308.000000 -7.000000) (-561.000000 -308.000000 -122.000000) (-446.000000 -308.000000 -122.000000) (-446.000000 -308.000000 -7.000000) 
4 205 370 (-561.000000 -397.000000 -122.000000) (-561.000000 -609.000000 -122.000000) (-561.000000 -609.000000 -8.000000) (-561.000000 -397.000000 -8.000000) 
4 205 369 (-561.000000 -308.000000 -122.000000) (-561.000000 -397.000000 -122.000000) (-561.000000 -397.000000 -8.000000) (-561.000000 -308.000000 -8.000000) 
4 205 368 (-561.000000 -609.000000 -8.000000) (-561.000000 -609.000000 -7.000000) (-561.000000 -308.000000 -7.000000) (-561.000000 -308.000000 -8.000000) 
4 205 257 (-482.000000 -609.000000 -7.000000) (-561.000000 -609.000000 -7.000000) (-561.000000 -609.000000 -122.000000) (-482.000000 -609.000000 -122.000000) 
4 205 255 (-302.000000 -609.000000 -7.000000) (-482.000000 -609.000000 -7.000000) (-482.000000 -609.000000 -122.000000) (-302.000000 -609.000000 -122.000000) 
4 206 239 (-172.000000 -609.000000 -125.000000) (-107.000000 -609.000000 -125.000000) (-107.000000 -609.000000 -122.000000) (-172.000000 -609.000000 -122.000000) 
4 207 271 (231.000000 -1113.000000 -6.000000) (274.000000 -1113.000000 -6.000000) (274.000000 -1113.000000 71.000000) (231.000000 -1113.000000 71.000000) 
4 207 269 (274.000000 -1113.000000 71.000000) (274.000000 -1113.000000 320.000000) (231.000000 -1113.000000 320.000000) (231.000000 -1113.000000 71.000000) 
4 207 249 (274.000000 -1113.000000 -6.000000) (231.000000 -1113.000000 -6.000000) (231.000000 -1111.167182 -6.000000) (274.000000 -1109.949454 -6.000000) 
4 207 223 (235.000000 -1111.053936 -6.000000) (231.000000 -1111.167213 -6.000000) (231.000000 -1107.416810 320.000000) (235.000000 -1107.303533 320.000000) 
4 207 217 (274.000000 -1109.408783 41.000000) (274.000000 -1109.949485 -6.000000) (235.000000 -1111.053936 -6.000000) (235.000000 -1110.513234 41.000000) 
4 207 216 (274.000000 -1106.199082 320.000000) (274.000000 -1109.408783 41.000000) (235.000000 -1110.513234 41.000000) (235.000000 -1107.303533 320.000000) 
4 208 290 (87.876581 -1113.000000 187.000000) (100.495513 -1113.000000 155.936953) (103.000000 -1113.000000 170.484154) (103.000000 -1113.000000 187.000000) 
4 208 288 (103.000000 -1113.000000 320.000000) (33.847173 -1113.000000 320.000000) (75.283260 -1113.000000 218.000000) (103.000000 -1113.000000 218.000000) 
3 208 287 (100.495513 -1113.000000 155.936953) (103.000000 -1113.000000 149.771852) (103.000000 -1113.000000 170.484154) 
3 208 228 (103.000000 -1113.000000 149.774572) (100.495842 -1113.000000 155.938863) (103.000000 -1112.761618 170.495639) 
4 208 225 (75.175167 -1113.000000 218.268801) (33.848276 -1113.000000 320.000000) (103.000000 -1111.041675 320.000000) (103.000000 -1112.214464 218.056461) 
4 209 235 (274.000000 -674.000000 -6.000000) (274.000000 -676.721377 -6.000000) (235.000000 -677.954843 -6.000000) (235.000000 -674.000000 -6.000000) 
4 209 234 (235.000000 -609.000000 -6.000000) (274.000000 -609.000000 -6.000000) (274.000000 -674.000000 -6.000000) (235.000000 -674.000000 -6.000000) 
4 209 216 (274.000000 -660.718637 44.533829) (274.000000 -609.000000 207.852405) (235.000000 -609.000000 211.747481) (235.000000 -661.973123 44.467453) 
4 209 212 (235.000000 -677.954820 -6.000000) (274.000000 -676.721353 -6.000000) (274.000000 -660.718637 44.533829) (235.000000 -661.973123 44.467453) 
4 209 210 (235.000000 -609.000000 -6.000000) (235.000000 -674.000000 -6.000000) (235.000000 -674.000000 6.488716) (235.000000 -609.000000 211.747548) 
4 210 236 (107.000000 -609.000000 -6.000000) (181.000000 -609.000000 -6.000000) (181.000000 -674.000000 -6.000000) (107.000000 -674.000000 -6.000000) 
4 210 234 (181.000000 -609.000000 -6.000000) (235.000000 -609.000000 -6.000000) (235.000000 -674.000000 -6.000000) (181.000000 -674.000000 -6.000000) 
4 210 218 (235.000000 -661.973123 44.467453) (235.000000 -609.000000 211.747481) (107.000000 -609.000000 224.531320) (107.000000 -666.090411 44.249604) 
4 210 213 (235.000000 -674.000000 6.488643) (235.000000 -661.973123 44.467453) (107.000000 -666.090411 44.249604) (107.000000 -674.000000 19.272481) 
4 210 211 (107.000000 -609.000000 224.531386) (107.000000 -609.000000 -6.000000) (107.000000 -674.000000 -6.000000) (107.000000 -674.000000 19.272554) 
4 211 391 (-561.000000 -661.000000 -6.000000) (-561.000000 -703.130214 -6.000000) (-561.000000 -690.146607 35.000000) (-561.000000 -661.000000 35.000000) 
3 211 389 (-561.000000 -690.146607 35.000000) (-561.000000 -661.000000 127.039978) (-561.000000 -661.000000 35.000000) 
4 211 368 (-561.000000 -609.000000 291.247043) (-561.000000 -609.000000 -6.000000) (-561.000000 -661.000000 -6.000000) (-561.000000 -661.000000 127.039978) 
4 211 257 (-561.000000 -703.130214 -6.000000) (-561.000000 -609.000000 -6.000000) (-482.000000 -609.000000 -6.000000) (-482.000000 -700.631654 -6.000000) 
4 211 255 (-482.000000 -609.000000 -6.000000) (-172.000000 -609.000000 -6.000000) (-172.000000 -690.827175 -6.000000) (-482.000000 -700.631654 -6.000000) 
4 211 239 (-172.000000 -609.000000 -6.000000) (107.000000 -609.000000 -6.000000) (107.000000 -682.003144 -6.000000) (-172.000000 -690.827175 -6.000000) 
4 211 232 (-482.000000 -667.547994 98.472441) (-482.000000 -609.000000 283.356954) (-561.000000 -609.000000 291.246980) (-561.000000 -669.849569 99.094488) 
4 211 233 (-561.000000 -703.130191 -6.000000) (-482.000000 -700.631630 -6.000000) (-482.000000 -687.648024 35.000000) (-561.000000 -690.146584 35.000000) 
5 211 221 (107.000000 -611.099967 217.899985) (107.000000 -609.000000 224.531320) (-482.000000 -609.000000 283.356954) (-482.000000 -667.547994 98.472441) (86.000002 -650.999962 94.000000) 
3 211 220 (107.000000 -666.090411 44.249604) (107.000000 -611.099967 217.899985) (77.559239 -667.037412 44.199498) 
4 211 214 (107.000000 -669.019514 35.000000) (107.000000 -666.090411 44.249604) (77.559239 -667.037412 44.199498) (76.000002 -669.999962 35.000000) 
4 211 215 (-482.000000 -700.631630 -6.000000) (107.000000 -682.003121 -6.000000) (107.000000 -669.019514 35.000000) (-482.000000 -687.648024 35.000000) 
4 212 235 (235.000000 -677.954843 -6.000000) (274.000000 -676.721377 -6.000000) (274.000000 -678.444348 -6.000000) (235.000000 -679.675552 -6.000000) 
5 212 217 (235.000000 -679.675578 -6.000000) (274.000000 -678.444375 -6.000000) (274.000000 -661.958222 41.000000) (240.999977 -663.000010 41.000000) (235.000000 -669.839984 22.040073) 
4 212 216 (274.000000 -661.958222 41.000000) (274.000000 -660.718632 44.533918) (235.000000 -661.973118 44.467542) (235.000000 -663.189425 41.000000) 
3 212 213 (235.000000 -674.000000 10.180303) (235.000000 -661.973358 44.466786) (235.000000 -674.000000 6.488716) 
3 213 222 (235.000000 -674.000000 10.180378) (235.000000 -669.839984 22.040073) (231.350863 -674.000000 10.508801) 
4 213 218 (235.000000 -663.189425 41.000000) (235.000000 -661.973118 44.467542) (107.000000 -666.090406 44.249693) (107.000000 -667.230298 41.000000) 
3 213 214 (107.000000 -666.090645 44.248937) (107.000000 -669.019537 35.000000) (107.000000 -669.334888 35.000000) 
4 213 215 (107.000000 -669.019537 35.000000) (107.000000 -674.000000 19.272554) (107.000000 -674.000000 21.700337) (107.000000 -669.334888 35.000000) 
4 214 220 (107.000000 -667.230298 41.000000) (107.000000 -666.090406 44.249693) (77.559254 -667.037406 44.199586) (77.017856 -668.176814 41.000000) 
4 214 215 (107.000000 -669.019537 35.000000) (107.000000 -669.334888 35.000000) (76.002602 -670.313454 35.000000) (76.000002 -669.999985 35.000000) 
4 215 255 (-482.000000 -702.310755 -6.000000) (-482.000000 -700.631654 -6.000000) (-172.000000 -690.827175 -6.000000) (-172.000000 -692.524266 -6.000000) 
4 215 239 (-172.000000 -690.827175 -6.000000) (107.000000 -682.003144 -6.000000) (107.000000 -683.716425 -6.000000) (-172.000000 -692.524266 -6.000000) 
4 215 233 (-482.000000 -687.648047 35.000000) (-482.000000 -700.631654 -6.000000) (-482.000000 -702.310755 -6.000000) (-482.000000 -687.929218 35.000000) 
4 216 223 (235.000000 -947.000000 41.000000) (235.000000 -1110.513203 41.000000) (235.000000 -1107.303501 320.000000) (235.000000 -947.000000 320.000000) 
4 216 219 (235.000000 -947.000000 274.000000) (235.000000 -947.000000 320.000000) (235.000000 -674.000000 320.000000) (235.000000 -674.000000 274.000000) 
6 216 218 (235.000000 -609.000000 211.747548) (235.000000 -661.973358 44.466786) (235.000000 -663.189399 41.000000) (235.000000 -674.000000 41.000000) (235.000000 -674.000000 320.000000) (235.000000 -609.000000 320.000000) 
5 216 217 (274.000000 -1109.408752 41.000000) (235.000000 -1110.513203 41.000000) (235.000000 -679.724704 41.000000) (240.999432 -663.001529 41.000000) (274.000000 -661.958196 41.000000) 
4 217 249 (274.000000 -1053.000000 -6.000000) (274.000000 -1109.949454 -6.000000) (235.000000 -1111.053905 -6.000000) (235.000000 -1053.000000 -6.000000) 
4 217 248 (274.000000 -947.000000 -6.000000) (274.000000 -1053.000000 -6.000000) (235.000000 -1053.000000 -6.000000) (235.000000 -947.000000 -6.000000) 
4 217 235 (235.000000 -679.675552 -6.000000) (274.000000 -678.444348 -6.000000) (274.000000 -947.000000 -6.000000) (235.000000 -947.000000 -6.000000) 
4 217 223 (235.000000 -947.000000 -6.000000) (235.000000 -1111.053905 -6.000000) (235.000000 -1110.513203 41.000000) (235.000000 -947.000000 41.000000) 
3 217 222 (235.000000 -669.839968 22.040043) (235.000000 -674.000000 10.180303) (235.000000 -674.000000 30.019419) 
5 218 221 (107.000000 -609.000000 320.000000) (107.000000 -609.000000 224.531386) (107.000000 -611.099988 217.899984) (107.000000 -674.000000 214.869403) (107.000000 -674.000000 320.000000) 
5 218 220 (107.000000 -611.099988 217.899984) (107.000000 -666.090645 44.248937) (107.000000 -667.230272 41.000000) (107.000000 -674.000000 41.000000) (107.000000 -674.000000 214.869403) 
4 218 219 (235.000000 -674.000000 274.000000) (235.000000 -674.000000 320.000000) (107.000000 -674.000000 320.000000) (107.000000 -674.000000 274.000000) 
4 219 224 (231.000000 -947.000000 320.000000) (107.000000 -947.000000 320.000000) (107.000000 -947.000000 274.000000) (231.000000 -947.000000 274.000000) 
4 219 223 (235.000000 -947.000000 274.000000) (235.000000 -947.000000 320.000000) (231.000000 -947.000000 320.000000) (231.000000 -947.000000 274.000000) 
4 219 221 (107.000000 -947.000000 274.000000) (107.000000 -947.000000 320.000000) (107.000000 -674.000000 320.000000) (107.000000 -674.000000 274.000000) 
4 220 226 (79.330683 -947.000000 41.000000) (107.000000 -947.000000 41.000000) (107.000000 -947.000000 173.617059) (102.162437 -947.000000 173.617241) 
4 220 224 (107.000000 -947.000000 173.617059) (107.000000 -947.000000 201.716012) (103.000000 -947.000000 178.482187) (103.000000 -947.000000 173.617209) 
3 220 225 (103.000000 -947.000000 178.482187) (102.162437 -947.000000 173.617241) (103.000000 -947.000000 173.617209) 
4 220 221 (102.162435 -947.000000 173.617241) (107.000000 -947.000000 201.716025) (107.000000 -611.099984 217.899998) (86.000001 -650.999983 94.000005) 
5 221 232 (-482.000000 -609.000000 283.357018) (-482.000000 -667.548015 98.472446) (-482.000000 -947.000000 173.639214) (-482.000000 -947.000000 320.000000) (-482.000000 -609.000000 320.000000) 
4 221 224 (107.000000 -947.000000 320.000000) (103.000000 -947.000000 320.000000) (103.000000 -947.000000 178.482187) (107.000000 -947.000000 201.716012) 
5 221 225 (103.000000 -947.000000 320.000000) (-482.000000 -947.000000 320.000000) (-482.000000 -947.000000 173.639214) (102.162437 -947.000000 173.617241) (103.000000 -947.000000 178.482187) 
4 223 249 (235.000000 -1053.000000 -6.000000) (235.000000 -1111.053905 -6.000000) (231.000000 -1111.167182 -6.000000) (231.000000 -1053.000000 -6.000000) 
4 223 248 (231.000000 -947.000000 -6.000000) (235.000000 -947.000000 -6.000000) (235.000000 -1053.000000 -6.000000) (231.000000 -1053.000000 -6.000000) 
4 223 230 (231.000000 -947.000000 35.000000) (231.000000 -947.000000 -6.000000) (231.000000 -1053.000000 -6.000000) (231.000000 -1053.000000 35.000000) 
4 223 227 (231.000000 -947.000000 41.000000) (231.000000 -947.000000 35.000000) (231.000000 -1053.000000 35.000000) (231.000000 -1053.000000 41.000000) 
4 223 226 (231.000000 -947.000000 173.612394) (231.000000 -947.000000 41.000000) (231.000000 -1053.000000 41.000000) (231.000000 -1053.000000 202.124188) 
4 223 224 (231.000000 -947.000000 320.000000) (231.000000 -947.000000 173.612394) (231.000000 -1053.000000 202.124188) (231.000000 -1053.000000 320.000000) 
5 224 226 (103.000000 -962.339189 177.743131) (103.000000 -947.000000 173.617208) (231.000000 -947.000000 173.612394) (231.000000 -1053.000000 202.124187) (107.950335 -1053.000000 202.128816) 
4 224 225 (103.000000 -947.000000 320.000000) (103.000000 -947.000000 173.617209) (103.000000 -1053.000000 202.129003) (103.000000 -1053.000000 320.000000) 
4 225 292 (75.174064 -1113.000000 218.268801) (33.847173 -1113.000000 320.000000) (-482.000000 -1113.000000 320.000000) (-482.000000 -1113.000000 218.289758) 
4 225 232 (-482.000000 -1113.000000 218.289758) (-482.000000 -1113.000000 320.000000) (-482.000000 -947.000000 320.000000) (-482.000000 -947.000000 173.639214) 
3 225 226 (102.162437 -947.000000 173.617240) (103.000000 -947.000000 173.617208) (103.000000 -962.339189 177.743131) 
3 226 228 (103.000000 -1053.000000 173.375009) (80.209949 -1053.000000 41.000000) (103.000000 -1053.000000 41.000000) 
4 226 227 (139.115103 -947.000000 41.000000) (231.000000 -947.000000 41.000000) (231.000000 -1053.000000 41.000000) (101.087649 -1053.000000 41.000000) 
4 227 230 (137.992903 -947.000000 35.000000) (231.000000 -947.000000 35.000000) (231.000000 -1053.000000 35.000000) (99.965449 -1053.000000 35.000000) 
4 227 229 (99.965449 -1053.000000 35.000000) (103.000000 -1053.000000 35.000000) (103.000000 -1053.000000 41.000000) (101.087649 -1053.000000 41.000000) 
4 228 287 (103.000000 -1113.000000 149.771852) (100.495513 -1113.000000 155.936953) (80.707647 -1113.000000 41.000000) (103.000000 -1113.000000 41.000000) 
5 228 229 (103.000000 -1113.000000 41.000000) (80.707647 -1113.000000 41.000000) (80.681772 -1109.880564 41.000000) (101.087649 -1053.000000 41.000000) (103.000000 -1053.000000 41.000000) 
4 229 287 (80.707647 -1113.000000 41.000000) (79.674670 -1113.000000 35.000000) (103.000000 -1113.000000 35.000000) (103.000000 -1113.000000 41.000000) 
5 229 231 (103.000000 -1113.000000 35.000000) (79.674670 -1113.000000 35.000000) (79.646778 -1109.637477 35.000000) (99.965449 -1053.000000 35.000000) (103.000000 -1053.000000 35.000000) 
4 230 250 (92.297080 -1053.000000 -6.000000) (130.324534 -947.000000 -6.000000) (177.000000 -947.000000 -6.000000) (177.000000 -1053.000000 -6.000000) 
4 230 248 (177.000000 -947.000000 -6.000000) (231.000000 -947.000000 -6.000000) (231.000000 -1053.000000 -6.000000) (177.000000 -1053.000000 -6.000000) 
4 230 231 (92.297080 -1053.000000 -6.000000) (103.000000 -1053.000000 -6.000000) (103.000000 -1053.000000 35.000000) (99.965449 -1053.000000 35.000000) 
4 231 324 (70.772106 -1113.000000 -6.000000) (72.615996 -1113.000000 -6.000000) (79.674670 -1113.000000 35.000000) (78.440475 -1113.000000 35.000000) 
4 231 287 (72.615996 -1113.000000 -6.000000) (103.000000 -1113.000000 -6.000000) (103.000000 -1113.000000 35.000000) (79.674670 -1113.000000 35.000000) 
4 231 252 (91.579581 -1055.000000 -6.000000) (92.297080 -1053.000000 -6.000000) (103.000000 -1053.000000 -6.000000) (103.000000 -1055.000000 -6.000000) 
4 231 253 (103.000000 -1113.000000 -6.000000) (70.772106 -1113.000000 -6.000000) (91.579581 -1055.000000 -6.000000) (103.000000 -1055.000000 -6.000000) 
4 232 485 (-561.000000 -1113.000000 218.292730) (-561.000000 -1113.000000 256.000000) (-561.000000 -1065.000000 256.000000) (-561.000000 -1065.000000 205.381729) 
4 232 443 (-561.000000 -1113.000000 256.000000) (-561.000000 -1113.000000 320.000000) (-561.000000 -1065.000000 320.000000) (-561.000000 -1065.000000 256.000000) 
5 232 390 (-561.000000 -1065.000000 320.000000) (-561.000000 -661.000000 320.000000) (-561.000000 -661.000000 127.039978) (-561.000000 -669.849590 99.094494) (-561.000000 -1065.000000 205.381729) 
4 232 368 (-561.000000 -661.000000 320.000000) (-561.000000 -609.000000 320.000000) (-561.000000 -609.000000 291.247043) (-561.000000 -661.000000 127.039978) 
4 232 292 (-561.000000 -1113.000000 320.000000) (-561.000000 -1113.000000 218.292730) (-482.000000 -1113.000000 218.289758) (-482.000000 -1113.000000 320.000000) 
4 233 493 (-561.000000 -1113.000000 -6.000000) (-561.000000 -1113.000000 35.000000) (-561.000000 -1065.000000 35.000000) (-561.000000 -1065.000000 -6.000000) 
4 233 391 (-561.000000 -1065.000000 35.000000) (-561.000000 -690.146607 35.000000) (-561.000000 -703.130214 -6.000000) (-561.000000 -1065.000000 -6.000000) 
4 233 329 (-561.000000 -1113.000000 35.000000) (-561.000000 -1113.000000 -6.000000) (-482.000000 -1113.000000 -6.000000) (-482.000000 -1113.000000 35.000000) 
4 233 257 (-482.000000 -1113.000000 -6.000000) (-561.000000 -1113.000000 -6.000000) (-561.000000 -703.130214 -6.000000) (-482.000000 -700.631654 -6.000000) 
4 234 236 (181.000000 -609.000000 -125.000000) (181.000000 -674.000000 -125.000000) (181.000000 -674.000000 -6.000000) (181.000000 -609.000000 -6.000000) 
4 234 235 (235.000000 -674.000000 -125.000000) (274.000000 -674.000000 -125.000000) (274.000000 -674.000000 -6.000000) (235.000000 -674.000000 -6.000000) 
4 235 248 (235.000000 -947.000000 -125.000000) (274.000000 -947.000000 -125.000000) (274.000000 -947.000000 -6.000000) (235.000000 -947.000000 -6.000000) 
4 236 237 (110.000000 -674.000000 -125.000000) (181.000000 -674.000000 -125.000000) (181.000000 -674.000000 -6.000000) (110.000000 -674.000000 -6.000000) 
4 236 239 (107.000000 -609.000000 -125.000000) (107.000000 -674.000000 -125.000000) (107.000000 -674.000000 -6.000000) (107.000000 -609.000000 -6.000000) 
4 237 245 (110.000000 -725.363280 -125.000000) (181.000000 -723.121858 -125.000000) (181.000000 -720.342387 -117.076068) (110.000000 -722.773247 -117.616132) 
4 237 238 (110.000000 -676.000000 -125.000000) (110.000000 -725.363252 -125.000000) (110.000000 -683.621717 -6.000000) (110.000000 -676.000000 -6.000000) 
4 238 245 (107.000000 -725.457988 -125.000000) (110.000000 -725.363280 -125.000000) (110.000000 -722.773247 -117.616132) (107.000000 -722.875959 -117.638952) 
4 238 239 (107.000000 -676.000000 -125.000000) (107.000000 -725.457960 -125.000000) (107.000000 -683.716425 -6.000000) (107.000000 -676.000000 -6.000000) 
4 239 255 (-172.000000 -733.213493 -122.000000) (-172.000000 -692.524266 -6.000000) (-172.000000 -609.000000 -6.000000) (-172.000000 -609.000000 -122.000000) 
4 239 245 (-172.000000 -734.265829 -125.000000) (107.000000 -725.457988 -125.000000) (107.000000 -722.875959 -117.638952) (-172.000000 -732.428211 -119.761178) 
3 240 242 (166.435703 -838.000000 -22.000000) (178.000000 -805.764987 -22.000000) (178.000000 -838.000000 -22.000000) 
4 240 244 (181.000000 -838.000000 -22.000000) (181.000000 -838.000000 -6.000000) (169.428237 -838.000000 -6.000000) (166.435703 -838.000000 -22.000000) 
4 241 245 (181.000000 -747.692323 -117.349652) (181.000000 -743.703829 -125.000000) (169.055013 -777.000000 -125.000000) (170.416673 -777.000000 -117.719699) 
3 241 242 (178.000000 -777.000000 -77.174251) (169.803122 -777.000000 -121.000000) (178.000000 -777.000000 -121.000000) 
4 241 243 (169.054988 -777.000000 -125.000000) (181.000000 -777.000000 -125.000000) (181.000000 -777.000000 -121.000000) (169.803122 -777.000000 -121.000000) 
4 242 245 (170.416673 -777.000000 -117.719699) (169.803147 -777.000000 -121.000000) (147.919423 -838.000000 -121.000000) (148.388895 -838.000000 -118.489901) 
4 242 243 (147.919398 -838.000000 -121.000000) (169.803122 -777.000000 -121.000000) (178.000000 -777.000000 -121.000000) (178.000000 -838.000000 -121.000000) 
4 242 244 (178.000000 -838.000000 -22.000000) (166.435703 -838.000000 -22.000000) (147.919398 -838.000000 -121.000000) (178.000000 -838.000000 -121.000000) 
4 243 245 (169.803147 -777.000000 -121.000000) (169.055013 -777.000000 -125.000000) (147.171289 -838.000000 -125.000000) (147.919423 -838.000000 -121.000000) 
4 243 244 (147.171265 -838.000000 -125.000000) (181.000000 -838.000000 -125.000000) (181.000000 -838.000000 -121.000000) (147.919398 -838.000000 -121.000000) 
5 244 246 (110.000000 -945.000000 -125.000000) (181.000000 -945.000000 -125.000000) (181.000000 -945.000000 -6.000000) (131.042034 -945.000000 -6.000000) (110.000000 -945.000000 -118.504160) 
4 244 245 (147.171289 -838.000000 -125.000000) (108.785086 -945.000000 -125.000000) (109.750008 -945.000000 -119.840911) (148.388895 -838.000000 -118.489901) 
4 245 256 (-172.000000 -945.000000 -122.000000) (-172.000000 -945.000000 -121.887561) (-172.000000 -732.428183 -119.761177) (-172.000000 -733.213493 -122.000000) 
4 245 247 (-172.000000 -945.000000 -121.887561) (-172.000000 -945.000000 -125.000000) (107.000000 -945.000000 -125.000000) (107.000000 -945.000000 -119.860887) 
5 246 250 (110.000000 -947.000000 -125.000000) (177.000000 -947.000000 -125.000000) (177.000000 -947.000000 -6.000000) (130.324534 -947.000000 -6.000000) (110.000000 -947.000000 -114.667951) 
4 246 248 (177.000000 -947.000000 -125.000000) (181.000000 -947.000000 -125.000000) (181.000000 -947.000000 -6.000000) (177.000000 -947.000000 -6.000000) 
4 247 256 (-172.000000 -947.000000 -122.000000) (-172.000000 -947.000000 -121.907567) (-172.000000 -945.000000 -121.887561) (-172.000000 -945.000000 -122.000000) 
4 247 254 (-172.000000 -947.000000 -125.000000) (107.000000 -947.000000 -125.000000) (107.000000 -947.000000 -119.880893) (-172.000000 -947.000000 -121.907567) 
4 248 250 (177.000000 -947.000000 -6.000000) (177.000000 -947.000000 -125.000000) (177.000000 -1053.000000 -125.000000) (177.000000 -1053.000000 -6.000000) 
4 248 249 (231.000000 -1053.000000 -125.000000) (274.000000 -1053.000000 -125.000000) (274.000000 -1053.000000 -6.000000) (231.000000 -1053.000000 -6.000000) 
4 249 271 (274.000000 -1113.000000 -122.000000) (274.000000 -1113.000000 -6.000000) (231.000000 -1113.000000 -6.000000) (231.000000 -1113.000000 -122.000000) 
4 249 272 (231.000000 -1113.000000 -125.000000) (274.000000 -1113.000000 -125.000000) (274.000000 -1113.000000 -122.000000) (231.000000 -1113.000000 -122.000000) 
4 250 254 (108.067587 -947.000000 -125.000000) (70.040132 -1053.000000 -125.000000) (70.750009 -1053.000000 -121.204547) (109.027785 -947.000000 -119.866163) 
4 250 252 (70.040108 -1053.000000 -125.000000) (103.000000 -1053.000000 -125.000000) (103.000000 -1053.000000 -6.000000) (92.297080 -1053.000000 -6.000000) 
4 250 251 (106.000000 -1053.000000 -125.000000) (177.000000 -1053.000000 -125.000000) (177.000000 -1053.000000 -6.000000) (106.000000 -1053.000000 -6.000000) 
4 251 278 (106.000000 -1113.000000 -125.000000) (177.000000 -1113.000000 -125.000000) (177.000000 -1113.000000 -22.000000) (106.000000 -1113.000000 -22.000000) 
4 251 277 (177.000000 -1113.000000 -22.000000) (177.000000 -1113.000000 -6.000000) (106.000000 -1113.000000 -6.000000) (106.000000 -1113.000000 -22.000000) 
4 251 253 (106.000000 -1055.000000 -125.000000) (106.000000 -1113.000000 -125.000000) (106.000000 -1113.000000 -6.000000) (106.000000 -1055.000000 -6.000000) 
4 252 254 (70.040132 -1053.000000 -125.000000) (69.322633 -1055.000000 -125.000000) (70.027787 -1055.000000 -121.229800) (70.750009 -1053.000000 -121.204547) 
4 252 253 (69.322609 -1055.000000 -125.000000) (103.000000 -1055.000000 -125.000000) (103.000000 -1055.000000 -6.000000) (91.579581 -1055.000000 -6.000000) 
4 253 324 (48.515134 -1113.000000 -125.000000) (52.128624 -1113.000000 -125.000000) (72.615996 -1113.000000 -6.000000) (70.772106 -1113.000000 -6.000000) 
4 253 287 (52.128624 -1113.000000 -125.000000) (103.000000 -1113.000000 -125.000000) (103.000000 -1113.000000 -6.000000) (72.615996 -1113.000000 -6.000000) 
4 253 278 (103.000000 -1113.000000 -125.000000) (106.000000 -1113.000000 -125.000000) (106.000000 -1113.000000 -22.000000) (103.000000 -1113.000000 -22.000000) 
4 253 277 (106.000000 -1113.000000 -22.000000) (106.000000 -1113.000000 -6.000000) (103.000000 -1113.000000 -6.000000) (103.000000 -1113.000000 -22.000000) 
4 253 254 (69.322633 -1055.000000 -125.000000) (48.515158 -1113.000000 -125.000000) (49.083343 -1113.000000 -121.962123) (70.027787 -1055.000000 -121.229800) 
4 254 355 (-172.000000 -1113.000000 -125.000000) (-12.000000 -1113.000000 -125.000000) (-12.000000 -1113.000000 -122.405836) (-172.000000 -1113.000000 -123.568086) 
4 254 325 (-12.000000 -1113.000000 -125.000000) (48.515134 -1113.000000 -125.000000) (49.083318 -1113.000000 -121.962123) (-12.000000 -1113.000000 -122.405836) 
3 254 256 (-172.000000 -956.240426 -122.000000) (-172.000000 -947.000000 -121.907567) (-172.000000 -947.000000 -122.000000) 
4 255 257 (-482.000000 -609.000000 -6.000000) (-482.000000 -609.000000 -122.000000) (-482.000000 -742.999983 -122.000000) (-482.000000 -702.310755 -6.000000) 
3 255 256 (-466.328462 -742.505271 -122.000000) (-172.000000 -733.213521 -122.000000) (-172.000000 -732.428211 -119.761178) 
4 257 493 (-561.000000 -1113.000000 -122.000000) (-561.000000 -1113.000000 -6.000000) (-561.000000 -1065.000000 -6.000000) (-561.000000 -1065.000000 -122.000000) 
4 257 391 (-561.000000 -1065.000000 -6.000000) (-561.000000 -661.000000 -6.000000) (-561.000000 -661.000000 -122.000000) (-561.000000 -1065.000000 -122.000000) 
4 257 370 (-561.000000 -609.000000 -8.000000) (-561.000000 -609.000000 -122.000000) (-561.000000 -661.000000 -122.000000) (-561.000000 -661.000000 -8.000000) 
4 257 368 (-561.000000 -661.000000 -6.000000) (-561.000000 -609.000000 -6.000000) (-561.000000 -609.000000 -8.000000) (-561.000000 -661.000000 -8.000000) 
4 257 329 (-561.000000 -1113.000000 -6.000000) (-561.000000 -1113.000000 -122.000000) (-482.000000 -1113.000000 -122.000000) (-482.000000 -1113.000000 -6.000000) 
4 258 268 (305.000000 -1113.000000 -217.000000) (313.000000 -1113.000000 -217.000000) (313.000000 -1113.000000 -125.000000) (305.000000 -1113.000000 -125.000000) 
4 258 259 (305.000000 -267.000000 -136.000000) (305.000000 -267.000000 -217.000000) (305.000000 -1113.000000 -217.000000) (305.000000 -1113.000000 -136.000000) 
4 259 550 (-561.000000 -1065.000000 -217.000000) (-561.000000 -1113.000000 -217.000000) (-561.000000 -1113.000000 -136.000000) (-561.000000 -1065.000000 -136.000000) 
4 259 432 (-561.000000 -267.000000 -136.000000) (-561.000000 -267.000000 -217.000000) (-561.000000 -1065.000000 -217.000000) (-561.000000 -1065.000000 -136.000000) 
4 259 364 (-561.000000 -1113.000000 -136.000000) (-561.000000 -1113.000000 -217.000000) (305.000000 -1113.000000 -217.000000) (305.000000 -1113.000000 -136.000000) 
4 260 263 (313.000000 -1850.000000 -217.000000) (313.000000 -1887.000000 -217.000000) (313.000000 -1887.000000 611.000000) (313.000000 -1850.000000 611.000000) 
4 260 261 (313.000000 -1113.000000 648.000000) (313.000000 -1113.000000 611.000000) (313.000000 -1887.000000 611.000000) (313.000000 -1887.000000 648.000000) 
4 261 435 (-561.000000 -1887.000000 648.000000) (-561.000000 -1113.000000 648.000000) (-561.000000 -1113.000000 611.000000) (-561.000000 -1887.000000 611.000000) 
4 261 263 (313.000000 -1887.000000 611.000000) (-561.000000 -1887.000000 611.000000) (-561.000000 -1850.000000 611.000000) (313.000000 -1850.000000 611.000000) 
4 262 436 (-561.000000 -1775.643677 -217.000000) (-561.000000 -1850.000000 -217.000000) (-561.000000 -1850.000000 611.000000) (-561.000000 -1776.102275 611.000000) 
4 262 361 (132.733969 -1746.000000 -136.000000) (139.722751 -1746.000000 404.000000) (305.000000 -1738.926933 404.000000) (305.000000 -1738.627847 -136.000000) 
4 262 364 (305.000000 -1738.582984 -217.000000) (131.685651 -1746.000000 -217.000000) (132.733969 -1746.000000 -136.000000) (305.000000 -1738.627847 -136.000000) 
4 262 365 (131.685651 -1746.000000 -217.000000) (-561.000000 -1775.643595 -217.000000) (-561.000000 -1775.987544 404.000000) (139.722751 -1746.000000 404.000000) 
4 262 268 (313.000000 -1738.584572 404.000000) (313.000000 -1738.240623 -217.000000) (305.000000 -1738.582984 -217.000000) (305.000000 -1738.926933 404.000000) 
4 262 267 (313.000000 -1738.654375 530.029042) (313.000000 -1738.584572 404.000000) (84.438483 -1748.365899 404.000000) (118.034670 -1746.998558 531.131211) 
4 262 266 (313.000000 -1738.699222 611.000000) (313.000000 -1738.654375 530.029042) (-561.000000 -1776.060084 534.969898) (-561.000000 -1776.102194 611.000000) 
4 263 437 (-561.000000 -1850.000000 -217.000000) (-561.000000 -1887.000000 -217.000000) (-561.000000 -1887.000000 611.000000) (-561.000000 -1850.000000 611.000000) 
3 264 442 (-561.000000 -1113.000000 422.818505) (-561.000000 -1113.000000 405.000000) (-561.000000 -1124.237972 405.000000) 
4 264 265 (-561.000000 -1124.000000 405.000000) (-561.000000 -1113.000000 405.000000) (-319.074141 -1113.000000 405.000000) (-555.877051 -1124.000000 405.000000) 
4 265 444 (-561.000000 -1123.000000 404.000000) (-561.000000 -1124.000000 404.000000) (-561.000000 -1124.000000 405.000000) (-561.000000 -1123.000000 405.000000) 
4 265 443 (-561.000000 -1113.000000 405.000000) (-561.000000 -1113.000000 404.000000) (-561.000000 -1123.000000 404.000000) (-561.000000 -1123.000000 405.000000) 
4 265 292 (-561.000000 -1124.000000 404.000000) (-561.000000 -1113.000000 404.000000) (-305.496916 -1113.000000 404.000000) (-542.299825 -1124.000000 404.000000) 
4 266 438 (-561.000000 -1113.000000 611.000000) (-561.000000 -1113.000000 451.829995) (-561.000000 -1776.060165 534.969908) (-561.000000 -1776.102275 611.000000) 
4 266 267 (313.000000 -1738.654456 530.029051) (118.034673 -1746.998640 531.131219) (94.659144 -1113.000000 451.641981) (313.000000 -1113.000000 451.579372) 
5 267 361 (305.000000 -1738.927015 404.000000) (139.724653 -1746.000000 404.000000) (84.429653 -1746.000000 404.000000) (84.392332 -1736.000000 404.000000) (305.000000 -1736.000000 404.000000) 
4 267 321 (84.392332 -1736.000000 404.000000) (84.254240 -1699.000000 404.000000) (103.000000 -1699.000000 404.000000) (103.000000 -1736.000000 404.000000) 
4 267 319 (84.254240 -1699.000000 404.000000) (84.172132 -1677.000000 404.000000) (103.000000 -1677.000000 404.000000) (103.000000 -1699.000000 404.000000) 
4 267 313 (84.172132 -1677.000000 404.000000) (82.108231 -1124.000000 404.000000) (103.000000 -1124.000000 404.000000) (103.000000 -1677.000000 404.000000) 
4 267 288 (82.108231 -1124.000000 404.000000) (82.067176 -1113.000000 404.000000) (103.000000 -1113.000000 404.000000) (103.000000 -1124.000000 404.000000) 
4 267 283 (177.000000 -1326.000000 404.000000) (177.000000 -1677.000000 404.000000) (103.000000 -1677.000000 404.000000) (103.000000 -1326.000000 404.000000) 
4 267 285 (177.000000 -1677.000000 404.000000) (177.000000 -1736.000000 404.000000) (103.000000 -1736.000000 404.000000) (103.000000 -1677.000000 404.000000) 
4 267 276 (103.000000 -1113.000000 404.000000) (177.000000 -1113.000000 404.000000) (177.000000 -1326.000000 404.000000) (103.000000 -1326.000000 404.000000) 
4 267 274 (177.000000 -1113.000000 404.000000) (231.000000 -1113.000000 404.000000) (231.000000 -1326.000000 404.000000) (177.000000 -1326.000000 404.000000) 
4 267 275 (231.000000 -1326.000000 404.000000) (231.000000 -1736.000000 404.000000) (177.000000 -1736.000000 404.000000) (177.000000 -1326.000000 404.000000) 
4 267 269 (231.000000 -1113.000000 404.000000) (305.000000 -1113.000000 404.000000) (305.000000 -1311.000000 404.000000) (231.000000 -1311.000000 404.000000) 
4 267 273 (305.000000 -1311.000000 404.000000) (305.000000 -1736.000000 404.000000) (231.000000 -1736.000000 404.000000) (231.000000 -1311.000000 404.000000) 
3 267 365 (139.724653 -1746.000000 404.000000) (84.438484 -1748.365981 404.000000) (84.429653 -1746.000000 404.000000) 
4 267 268 (313.000000 -1738.584653 404.000000) (305.000000 -1738.927015 404.000000) (305.000000 -1113.000000 404.000000) (313.000000 -1113.000000 404.000000) 
4 268 361 (305.000000 -1738.927015 404.000000) (305.000000 -1736.000000 404.000000) (305.000000 -1736.000000 -136.000000) (305.000000 -1738.627928 -136.000000) 
4 268 360 (305.000000 -1392.000000 -136.000000) (305.000000 -1736.000000 -136.000000) (305.000000 -1736.000000 -125.000000) (305.000000 -1392.000000 -125.000000) 
4 268 270 (305.000000 -1113.000000 71.000000) (305.000000 -1113.000000 -122.000000) (305.000000 -1311.000000 -122.000000) (305.000000 -1311.000000 71.000000) 
4 268 272 (305.000000 -1113.000000 -122.000000) (305.000000 -1113.000000 -125.000000) (305.000000 -1311.000000 -125.000000) (305.000000 -1311.000000 -122.000000) 
4 268 269 (305.000000 -1311.000000 404.000000) (305.000000 -1113.000000 404.000000) (305.000000 -1113.000000 71.000000) (305.000000 -1311.000000 71.000000) 
4 268 273 (305.000000 -1736.000000 404.000000) (305.000000 -1311.000000 404.000000) (305.000000 -1311.000000 -125.000000) (305.000000 -1736.000000 -125.000000) 
4 268 364 (305.000000 -1113.000000 -136.000000) (305.000000 -1113.000000 -217.000000) (305.000000 -1738.583066 -217.000000) (305.000000 -1738.627928 -136.000000) 
4 269 274 (231.000000 -1113.000000 404.000000) (231.000000 -1113.000000 320.000000) (231.000000 -1311.000000 320.000000) (231.000000 -1311.000000 404.000000) 
4 269 270 (288.000000 -1113.000000 71.000000) (305.000000 -1113.000000 71.000000) (305.000000 -1311.000000 71.000000) (288.000000 -1311.000000 71.000000) 
4 269 271 (231.000000 -1311.000000 71.000000) (231.000000 -1113.000000 71.000000) (274.000000 -1113.000000 71.000000) (274.000000 -1311.000000 71.000000) 
4 269 273 (305.000000 -1311.000000 71.000000) (305.000000 -1311.000000 404.000000) (231.000000 -1311.000000 404.000000) (231.000000 -1311.000000 71.000000) 
4 270 273 (305.000000 -1311.000000 -122.000000) (305.000000 -1311.000000 71.000000) (288.000000 -1311.000000 71.000000) (288.000000 -1311.000000 -122.000000) 
4 270 272 (305.000000 -1311.000000 -122.000000) (288.000000 -1311.000000 -122.000000) (288.000000 -1113.000000 -122.000000) (305.000000 -1113.000000 -122.000000) 
4 271 272 (274.000000 -1311.000000 -122.000000) (231.000000 -1311.000000 -122.000000) (231.000000 -1113.000000 -122.000000) (274.000000 -1113.000000 -122.000000) 
4 271 273 (274.000000 -1311.000000 71.000000) (231.000000 -1311.000000 71.000000) (231.000000 -1311.000000 -122.000000) (274.000000 -1311.000000 -122.000000) 
4 272 273 (231.000000 -1311.000000 -125.000000) (305.000000 -1311.000000 -125.000000) (305.000000 -1311.000000 -122.000000) (231.000000 -1311.000000 -122.000000) 
4 273 361 (231.000000 -1736.000000 -125.000000) (305.000000 -1736.000000 -125.000000) (305.000000 -1736.000000 404.000000) (231.000000 -1736.000000 404.000000) 
4 273 360 (305.000000 -1392.000000 -125.000000) (305.000000 -1736.000000 -125.000000) (231.000000 -1736.000000 -125.000000) (231.000000 -1392.000000 -125.000000) 
4 273 274 (231.000000 -1326.000000 320.000000) (231.000000 -1326.000000 404.000000) (231.000000 -1311.000000 404.000000) (231.000000 -1311.000000 320.000000) 
4 273 275 (231.000000 -1326.000000 -125.000000) (231.000000 -1736.000000 -125.000000) (231.000000 -1736.000000 404.000000) (231.000000 -1326.000000 404.000000) 
4 274 276 (177.000000 -1326.000000 320.000000) (177.000000 -1326.000000 404.000000) (177.000000 -1113.000000 404.000000) (177.000000 -1113.000000 320.000000) 
4 274 275 (231.000000 -1326.000000 320.000000) (231.000000 -1326.000000 404.000000) (177.000000 -1326.000000 404.000000) (177.000000 -1326.000000 320.000000) 
4 275 361 (177.000000 -1736.000000 -125.000000) (231.000000 -1736.000000 -125.000000) (231.000000 -1736.000000 404.000000) (177.000000 -1736.000000 404.000000) 
4 275 360 (231.000000 -1392.000000 -125.000000) (231.000000 -1736.000000 -125.000000) (177.000000 -1736.000000 -125.000000) (177.000000 -1392.000000 -125.000000) 
4 275 284 (177.000000 -1326.000000 218.000000) (177.000000 -1326.000000 187.000000) (177.000000 -1677.000000 187.000000) (177.000000 -1677.000000 218.000000) 
4 275 283 (177.000000 -1677.000000 404.000000) (177.000000 -1326.000000 404.000000) (177.000000 -1326.000000 218.000000) (177.000000 -1677.000000 218.000000) 
4 275 285 (177.000000 -1736.000000 187.000000) (177.000000 -1736.000000 404.000000) (177.000000 -1677.000000 404.000000) (177.000000 -1677.000000 187.000000) 
4 275 286 (177.000000 -1326.000000 -125.000000) (177.000000 -1736.000000 -125.000000) (177.000000 -1736.000000 187.000000) (177.000000 -1326.000000 187.000000) 
4 276 313 (103.000000 -1124.000000 320.000000) (103.000000 -1326.000000 320.000000) (103.000000 -1326.000000 404.000000) (103.000000 -1124.000000 404.000000) 
4 276 288 (103.000000 -1113.000000 404.000000) (103.000000 -1113.000000 320.000000) (103.000000 -1124.000000 320.000000) (103.000000 -1124.000000 404.000000) 
4 276 283 (177.000000 -1326.000000 320.000000) (177.000000 -1326.000000 404.000000) (103.000000 -1326.000000 404.000000) (103.000000 -1326.000000 320.000000) 
4 277 287 (103.000000 -1113.000000 -6.000000) (103.000000 -1113.000000 -22.000000) (103.000000 -1217.000000 -22.000000) (103.000000 -1217.000000 -6.000000) 
4 277 281 (177.000000 -1217.000000 -22.000000) (177.000000 -1217.000000 -6.000000) (103.000000 -1217.000000 -6.000000) (103.000000 -1217.000000 -22.000000) 
4 277 279 (103.000000 -1217.000000 -22.000000) (103.000000 -1156.000000 -22.000000) (174.000000 -1156.000000 -22.000000) (174.000000 -1217.000000 -22.000000) 
4 277 278 (103.000000 -1156.000000 -22.000000) (103.000000 -1113.000000 -22.000000) (177.000000 -1113.000000 -22.000000) (177.000000 -1156.000000 -22.000000) 
4 278 287 (103.000000 -1113.000000 -22.000000) (103.000000 -1113.000000 -125.000000) (103.000000 -1156.000000 -125.000000) (103.000000 -1156.000000 -22.000000) 
4 278 279 (103.000000 -1156.000000 -22.000000) (103.000000 -1156.000000 -121.000000) (174.000000 -1156.000000 -121.000000) (174.000000 -1156.000000 -22.000000) 
4 278 280 (103.000000 -1156.000000 -121.000000) (103.000000 -1156.000000 -125.000000) (177.000000 -1156.000000 -125.000000) (177.000000 -1156.000000 -121.000000) 
4 279 287 (103.000000 -1217.000000 -121.000000) (103.000000 -1217.000000 -22.000000) (103.000000 -1156.000000 -22.000000) (103.000000 -1156.000000 -121.000000) 
4 279 281 (174.000000 -1217.000000 -22.000000) (103.000000 -1217.000000 -22.000000) (103.000000 -1217.000000 -121.000000) (174.000000 -1217.000000 -121.000000) 
4 279 280 (103.000000 -1217.000000 -121.000000) (103.000000 -1156.000000 -121.000000) (174.000000 -1156.000000 -121.000000) (174.000000 -1217.000000 -121.000000) 
4 280 287 (103.000000 -1156.000000 -125.000000) (103.000000 -1217.000000 -125.000000) (103.000000 -1217.000000 -121.000000) (103.000000 -1156.000000 -121.000000) 
4 280 281 (103.000000 -1217.000000 -125.000000) (177.000000 -1217.000000 -125.000000) (177.000000 -1217.000000 -121.000000) (103.000000 -1217.000000 -121.000000) 
4 281 287 (103.000000 -1217.000000 -125.000000) (103.000000 -1324.000000 -125.000000) (103.000000 -1324.000000 -6.000000) (103.000000 -1217.000000 -6.000000) 
4 281 282 (106.000000 -1324.000000 -125.000000) (177.000000 -1324.000000 -125.000000) (177.000000 -1324.000000 -6.000000) (106.000000 -1324.000000 -6.000000) 
4 282 286 (106.000000 -1326.000000 -125.000000) (177.000000 -1326.000000 -125.000000) (177.000000 -1326.000000 -6.000000) (106.000000 -1326.000000 -6.000000) 
4 283 313 (103.000000 -1677.000000 404.000000) (103.000000 -1326.000000 404.000000) (103.000000 -1326.000000 218.000000) (103.000000 -1677.000000 218.000000) 
4 283 284 (111.000000 -1326.000000 218.000000) (177.000000 -1326.000000 218.000000) (177.000000 -1677.000000 218.000000) (111.000000 -1677.000000 218.000000) 
4 283 285 (177.000000 -1677.000000 218.000000) (177.000000 -1677.000000 404.000000) (103.000000 -1677.000000 404.000000) (103.000000 -1677.000000 218.000000) 
4 284 286 (111.000000 -1326.000000 187.000000) (177.000000 -1326.000000 187.000000) (177.000000 -1677.000000 187.000000) (111.000000 -1677.000000 187.000000) 
4 284 285 (177.000000 -1677.000000 187.000000) (177.000000 -1677.000000 218.000000) (111.000000 -1677.000000 218.000000) (111.000000 -1677.000000 187.000000) 
4 285 361 (177.000000 -1736.000000 187.000000) (177.000000 -1736.000000 404.000000) (103.000000 -1736.000000 404.000000) (103.000000 -1736.000000 187.000000) 
4 285 321 (103.000000 -1736.000000 187.000000) (103.000000 -1736.000000 404.000000) (103.000000 -1699.000000 404.000000) (103.000000 -1699.000000 187.000000) 
4 285 320 (103.000000 -1677.000000 256.000000) (103.000000 -1677.000000 187.000000) (103.000000 -1699.000000 187.000000) (103.000000 -1699.000000 256.000000) 
4 285 319 (103.000000 -1699.000000 404.000000) (103.000000 -1677.000000 404.000000) (103.000000 -1677.000000 256.000000) (103.000000 -1699.000000 256.000000) 
4 285 286 (103.000000 -1736.000000 187.000000) (103.000000 -1677.000000 187.000000) (177.000000 -1677.000000 187.000000) (177.000000 -1736.000000 187.000000) 
4 286 361 (103.000000 -1736.000000 -125.000000) (177.000000 -1736.000000 -125.000000) (177.000000 -1736.000000 187.000000) (103.000000 -1736.000000 187.000000) 
4 286 360 (177.000000 -1392.000000 -125.000000) (177.000000 -1736.000000 -125.000000) (103.000000 -1736.000000 -125.000000) (103.000000 -1392.000000 -125.000000) 
4 286 321 (103.000000 -1736.000000 140.467440) (103.000000 -1736.000000 187.000000) (103.000000 -1699.000000 187.000000) (103.000000 -1699.000000 142.250134) 
4 286 320 (103.000000 -1699.000000 187.000000) (103.000000 -1677.000000 187.000000) (103.000000 -1677.000000 143.310114) (103.000000 -1699.000000 142.250134) 
4 286 318 (103.000000 -1677.000000 187.000000) (103.000000 -1326.000000 187.000000) (103.000000 -1326.000000 160.221618) (103.000000 -1677.000000 143.310114) 
4 286 287 (103.000000 -1326.000000 -125.000000) (103.000000 -1736.000000 -125.000000) (103.000000 -1736.000000 140.467440) (103.000000 -1326.000000 160.221618) 
3 287 361 (57.296386 -1736.000000 -125.000000) (103.000000 -1736.000000 -125.000000) (103.000000 -1736.000000 140.467440) 
4 287 360 (103.000000 -1392.000000 -125.000000) (103.000000 -1736.000000 -125.000000) (57.296386 -1736.000000 -125.000000) (54.442919 -1392.000000 -125.000000) 
4 287 324 (52.128623 -1113.000000 -125.000000) (57.296385 -1736.000000 -125.000000) (84.842430 -1736.000000 35.000000) (79.674669 -1113.000000 35.000000) 
4 287 321 (84.842430 -1736.000000 35.000000) (103.000000 -1736.000000 140.467452) (103.000000 -1699.000000 142.250146) (84.535516 -1699.000000 35.000000) 
4 287 320 (103.000000 -1699.000000 142.250146) (103.000000 -1677.000000 143.310127) (84.353027 -1677.000000 35.000000) (84.535516 -1699.000000 35.000000) 
4 287 318 (103.000000 -1677.000000 143.310127) (103.000000 -1124.000000 169.954177) (79.765913 -1124.000000 35.000000) (84.353027 -1677.000000 35.000000) 
4 287 291 (79.691097 -1114.980461 35.000000) (79.765913 -1124.000000 35.000000) (80.798890 -1124.000000 41.000000) (80.723831 -1114.951213 41.000000) 
5 287 290 (103.000000 -1124.000000 169.954177) (103.000000 -1113.000000 170.484167) (100.495512 -1113.000000 155.936957) (80.723258 -1114.882205 41.000000) (80.798890 -1124.000000 41.000000) 
5 288 317 (-28.000000 -1124.000000 398.999989) (-29.000000 -1124.000000 386.933332) (-29.000000 -1124.000000 256.000000) (-12.000000 -1124.000000 256.000000) (-12.000000 -1124.000000 376.723066) 
3 288 314 (-12.000000 -1124.000000 218.000000) (102.000000 -1124.000000 218.000000) (-12.000000 -1124.000000 376.723066) 
5 288 313 (103.000000 -1124.000000 218.000000) (103.000000 -1124.000000 404.000000) (-27.585635 -1124.000000 404.000000) (-28.000000 -1124.000000 398.999989) (102.000000 -1124.000000 218.000000) 
3 288 312 (-27.585635 -1124.000000 404.000000) (-29.000000 -1124.000000 404.000000) (-29.000000 -1124.000000 386.933332) 
4 288 293 (-380.580206 -1124.000000 384.000000) (-341.581536 -1124.000000 288.000000) (-174.000000 -1124.000000 288.000000) (-174.000000 -1124.000000 384.000000) 
4 288 292 (-314.461012 -1124.000000 221.242228) (-388.703828 -1124.000000 404.000000) (-0.275562 -1113.000000 404.000000) (75.175167 -1113.000000 218.268801) 
3 288 289 (-12.000000 -1124.000000 218.000000) (-313.145006 -1124.000000 218.000000) (-12.000000 -1115.471797 218.000000) 
3 289 290 (-300.551685 -1124.000000 187.000000) (-12.000000 -1115.828431 187.000000) (-12.000000 -1124.000000 187.000000) 
5 290 318 (80.798892 -1124.000000 41.000000) (103.000000 -1124.000000 169.954164) (103.000000 -1124.000000 187.000000) (-12.000000 -1124.000000 187.000000) (-12.000000 -1124.000000 41.000000) 
3 290 291 (80.798892 -1124.000000 41.000000) (-239.064246 -1124.000000 41.000000) (80.723832 -1114.951213 41.000000) 
3 291 328 (-44.000000 -1124.000000 35.000000) (-238.803791 -1124.000000 35.000000) (-44.000000 -1118.483301 35.000000) 
4 291 327 (-12.000000 -1124.000000 35.000000) (-44.000000 -1124.000000 35.000000) (-44.000000 -1118.483301 35.000000) (-12.000000 -1117.577085 35.000000) 
4 291 326 (74.494230 -1124.000000 35.000000) (-12.000000 -1124.000000 35.000000) (-12.000000 -1117.577085 35.000000) (77.709857 -1115.036569 35.000000) 
4 291 324 (79.691098 -1114.980461 35.000000) (79.765915 -1124.000000 35.000000) (74.494230 -1124.000000 35.000000) (77.709857 -1115.036569 35.000000) 
4 291 318 (-12.000000 -1124.000000 35.000000) (79.765915 -1124.000000 35.000000) (80.798892 -1124.000000 41.000000) (-12.000000 -1124.000000 41.000000) 
4 292 485 (-561.000000 -1113.000000 256.000000) (-561.000000 -1113.000000 218.292730) (-561.000000 -1124.000000 221.251501) (-561.000000 -1124.000000 256.000000) 
4 292 446 (-561.000000 -1123.000000 256.000000) (-561.000000 -1124.000000 256.000000) (-561.000000 -1124.000000 288.000000) (-561.000000 -1123.000000 288.000000) 
4 292 444 (-561.000000 -1124.000000 384.000000) (-561.000000 -1124.000000 404.000000) (-561.000000 -1123.000000 404.000000) (-561.000000 -1123.000000 384.000000) 
4 292 445 (-561.000000 -1124.000000 288.000000) (-561.000000 -1124.000000 384.000000) (-561.000000 -1123.000000 384.000000) (-561.000000 -1123.000000 288.000000) 
4 292 443 (-561.000000 -1113.000000 404.000000) (-561.000000 -1113.000000 256.000000) (-561.000000 -1123.000000 256.000000) (-561.000000 -1123.000000 404.000000) 
4 292 293 (-561.000000 -1124.000000 384.000000) (-561.000000 -1124.000000 288.000000) (-341.581536 -1124.000000 288.000000) (-380.580206 -1124.000000 384.000000) 
4 293 445 (-561.000000 -1155.000000 288.000000) (-561.000000 -1155.000000 384.000000) (-561.000000 -1124.000000 384.000000) (-561.000000 -1124.000000 288.000000) 
4 293 298 (-561.000000 -1155.000000 319.000000) (-561.000000 -1155.000000 288.000000) (-372.625029 -1155.000000 288.000000) (-372.625029 -1155.000000 319.000000) 
4 293 297 (-372.625029 -1155.000000 288.000000) (-174.000000 -1155.000000 288.000000) (-174.000000 -1155.000000 319.000000) (-372.625029 -1155.000000 319.000000) 
4 293 296 (-561.000000 -1155.000000 384.000000) (-561.000000 -1155.000000 319.000000) (-174.000000 -1155.000000 319.000000) (-174.000000 -1155.000000 384.000000) 
4 294 301 (-121.000000 -1351.285752 256.000000) (-121.000000 -1699.000000 256.000000) (-121.000000 -1699.000000 319.000000) (-121.000000 -1351.285752 319.000000) 
4 294 299 (-121.000000 -1260.947377 256.000000) (-121.000000 -1351.285752 256.000000) (-121.000000 -1351.285752 319.000000) (-121.000000 -1260.947377 319.000000) 
4 294 297 (-121.000000 -1155.000000 319.000000) (-121.000000 -1155.000000 256.000000) (-121.000000 -1260.947377 256.000000) (-121.000000 -1260.947377 319.000000) 
4 294 296 (-121.000000 -1155.000000 404.000000) (-121.000000 -1155.000000 319.000000) (-121.000000 -1699.000000 319.000000) (-121.000000 -1699.000000 404.000000) 
4 294 295 (-121.000000 -1456.000000 256.000000) (-121.000000 -1398.000000 256.000000) (-72.000000 -1398.000000 256.000000) (-72.000000 -1456.000000 256.000000) 
4 295 330 (-72.000000 -1456.000000 35.000000) (-121.000000 -1456.000000 35.000000) (-121.000000 -1398.000000 35.000000) (-72.000000 -1398.000000 35.000000) 
4 296 455 (-561.000000 -1699.000000 319.000000) (-561.000000 -1699.000000 371.000000) (-561.000000 -1698.000000 371.000000) (-561.000000 -1698.000000 319.000000) 
4 296 454 (-561.000000 -1699.000000 371.000000) (-561.000000 -1699.000000 404.000000) (-561.000000 -1674.000000 404.000000) (-561.000000 -1674.000000 371.000000) 
4 296 453 (-561.000000 -1674.000000 404.000000) (-561.000000 -1155.000000 404.000000) (-561.000000 -1155.000000 319.000000) (-561.000000 -1674.000000 319.000000) 
3 296 311 (-203.000036 -1275.999915 319.000000) (-214.834211 -1270.740281 319.000000) (-209.999989 -1259.000027 319.000000) 
3 296 310 (-214.834211 -1270.740281 319.000000) (-241.249970 -1258.999944 319.000000) (-202.999951 -1241.999936 319.000000) 
3 296 309 (-165.999956 -1275.999914 319.000000) (-171.723726 -1289.900497 319.000000) (-184.999999 -1283.999932 319.000000) 
4 296 308 (-243.499987 -1257.999937 319.000000) (-187.310889 -1233.027004 319.000000) (-185.000061 -1233.999984 319.000000) (-241.249970 -1258.999944 319.000000) 
3 296 307 (-320.999988 -1329.000016 319.000000) (-316.068603 -1340.976238 319.000000) (-327.999970 -1345.999971 319.000000) 
3 296 306 (-328.000028 -1311.999920 319.000000) (-287.624937 -1328.999958 319.000000) (-316.068603 -1340.976238 319.000000) 
4 296 305 (-287.624937 -1328.999958 319.000000) (-202.569889 -1364.812608 319.000000) (-221.149135 -1409.933636 319.000000) (-346.999923 -1353.999951 319.000000) 
4 296 304 (-346.999987 -1303.999937 319.000000) (-243.499987 -1257.999937 319.000000) (-171.723726 -1289.900497 319.000000) (-202.569889 -1364.812608 319.000000) 
3 296 303 (-221.149135 -1409.933636 319.000000) (-279.911784 -1552.642930 319.000000) (-365.000099 -1345.999873 319.000000) 
4 296 302 (-340.176458 -1699.000000 319.000000) (-524.352922 -1699.000000 319.000000) (-372.000015 -1329.000076 319.000000) (-279.911784 -1552.642930 319.000000) 
4 296 301 (-121.000000 -1699.000000 319.000000) (-340.176458 -1699.000000 319.000000) (-159.000003 -1259.000027 319.000000) (-121.000000 -1351.285752 319.000000) 
4 296 300 (-524.352922 -1699.000000 319.000000) (-561.000000 -1699.000000 319.000000) (-561.000000 -1399.111056 319.000000) (-364.999952 -1311.999922 319.000000) 
3 296 299 (-166.000013 -1242.000004 319.000000) (-121.000000 -1260.947377 319.000000) (-121.000000 -1351.285752 319.000000) 
4 296 298 (-561.000000 -1399.111056 319.000000) (-561.000000 -1155.000000 319.000000) (-372.625029 -1155.000000 319.000000) (-187.310889 -1233.027004 319.000000) 
3 296 297 (-372.625029 -1155.000000 319.000000) (-121.000000 -1155.000000 319.000000) (-121.000000 -1260.947377 319.000000) 
4 297 308 (-187.310921 -1233.027018 256.000000) (-185.000093 -1233.999998 256.000000) (-185.000093 -1233.999998 319.000000) (-187.310921 -1233.027018 319.000000) 
4 297 299 (-165.999999 -1242.000037 256.000000) (-121.000000 -1260.947405 256.000000) (-121.000000 -1260.947405 319.000000) (-165.999999 -1242.000037 319.000000) 
4 297 298 (-372.625094 -1155.000000 319.000000) (-372.625094 -1155.000000 256.000000) (-187.310921 -1233.027018 256.000000) (-187.310921 -1233.027018 319.000000) 
4 298 453 (-561.000000 -1399.111056 319.000000) (-561.000000 -1155.000000 319.000000) (-561.000000 -1155.000000 256.000000) (-561.000000 -1399.111056 256.000000) 
4 298 308 (-187.310836 -1233.027026 319.000000) (-243.499935 -1257.999960 319.000000) (-243.499935 -1257.999960 256.000000) (-187.310836 -1233.027026 256.000000) 
4 298 304 (-243.499935 -1257.999960 319.000000) (-346.999934 -1303.999960 319.000000) (-346.999934 -1303.999960 256.000000) (-243.499935 -1257.999960 256.000000) 
4 298 300 (-364.999975 -1311.999979 319.000000) (-561.000000 -1399.111102 319.000000) (-561.000000 -1399.111102 256.000000) (-364.999975 -1311.999979 256.000000) 
4 299 301 (-158.999993 -1259.000002 256.000000) (-121.000000 -1351.285701 256.000000) (-121.000000 -1351.285701 319.000000) (-158.999993 -1259.000002 319.000000) 
4 300 455 (-561.000000 -1699.000000 256.000000) (-561.000000 -1699.000000 319.000000) (-561.000000 -1698.000000 319.000000) (-561.000000 -1698.000000 256.000000) 
4 300 453 (-561.000000 -1674.000000 319.000000) (-561.000000 -1399.111056 319.000000) (-561.000000 -1399.111056 256.000000) (-561.000000 -1674.000000 256.000000) 
4 300 302 (-372.000018 -1329.000070 319.000000) (-524.352927 -1699.000000 319.000000) (-524.352927 -1699.000000 256.000000) (-372.000018 -1329.000070 256.000000) 
4 301 309 (-165.999970 -1275.999920 256.000000) (-171.723735 -1289.900493 256.000000) (-171.723735 -1289.900493 319.000000) (-165.999970 -1275.999920 319.000000) 
4 301 305 (-202.569898 -1364.812604 256.000000) (-221.149144 -1409.933632 256.000000) (-221.149144 -1409.933632 319.000000) (-202.569898 -1364.812604 319.000000) 
4 301 304 (-171.723735 -1289.900493 256.000000) (-202.569898 -1364.812604 256.000000) (-202.569898 -1364.812604 319.000000) (-171.723735 -1289.900493 319.000000) 
4 301 303 (-221.149144 -1409.933632 256.000000) (-279.911789 -1552.642916 256.000000) (-279.911789 -1552.642916 319.000000) (-221.149144 -1409.933632 319.000000) 
4 301 302 (-279.911789 -1552.642916 256.000000) (-340.176470 -1699.000000 256.000000) (-340.176470 -1699.000000 319.000000) (-279.911789 -1552.642916 319.000000) 
4 302 303 (-365.000065 -1345.999888 319.000000) (-279.911770 -1552.642895 319.000000) (-279.911770 -1552.642895 256.000000) (-365.000065 -1345.999888 256.000000) 
4 303 305 (-221.149156 -1409.933687 256.000000) (-346.999993 -1353.999981 256.000000) (-346.999993 -1353.999981 319.000000) (-221.149156 -1409.933687 319.000000) 
4 304 311 (-203.000008 -1275.999982 256.000000) (-214.834230 -1270.740328 256.000000) (-214.834230 -1270.740328 319.000000) (-203.000008 -1275.999982 319.000000) 
4 304 310 (-214.834230 -1270.740328 256.000000) (-241.250031 -1258.999971 256.000000) (-241.250031 -1258.999971 319.000000) (-214.834230 -1270.740328 319.000000) 
4 304 309 (-171.723745 -1289.900544 319.000000) (-171.723745 -1289.900544 256.000000) (-185.000062 -1283.999958 256.000000) (-185.000062 -1283.999958 319.000000) 
4 304 308 (-241.250031 -1258.999971 256.000000) (-243.500048 -1257.999964 256.000000) (-243.500048 -1257.999964 319.000000) (-241.250031 -1258.999971 319.000000) 
4 304 306 (-328.000013 -1311.999957 256.000000) (-287.624973 -1328.999973 256.000000) (-287.624973 -1328.999973 319.000000) (-328.000013 -1311.999957 319.000000) 
4 304 305 (-287.624973 -1328.999973 256.000000) (-202.569899 -1364.812634 256.000000) (-202.569899 -1364.812634 319.000000) (-287.624973 -1328.999973 319.000000) 
4 305 307 (-316.068594 -1340.976260 256.000000) (-327.999982 -1346.000002 256.000000) (-327.999982 -1346.000002 319.000000) (-316.068594 -1340.976260 319.000000) 
4 305 306 (-287.624906 -1328.999971 256.000000) (-316.068594 -1340.976260 256.000000) (-316.068594 -1340.976260 319.000000) (-287.624906 -1328.999971 319.000000) 
4 306 307 (-320.999975 -1328.999983 256.000000) (-316.068580 -1340.976228 256.000000) (-316.068580 -1340.976228 319.000000) (-320.999975 -1328.999983 319.000000) 
4 308 310 (-241.249918 -1258.999967 319.000000) (-241.249918 -1258.999967 256.000000) (-202.999975 -1241.999992 256.000000) (-202.999975 -1241.999992 319.000000) 
4 310 311 (-214.834219 -1270.740278 319.000000) (-214.834219 -1270.740278 256.000000) (-209.999994 -1259.000016 256.000000) (-209.999994 -1259.000016 319.000000) 
4 312 317 (-29.000000 -1124.000000 386.933342) (-28.000001 -1124.000000 398.999990) (-28.000001 -1141.999957 398.999990) (-28.683786 -1142.182300 390.748990) 
3 312 316 (-28.000001 -1151.999956 398.999990) (-28.000001 -1181.499907 398.999990) (-28.510675 -1152.136136 392.837853) 
4 312 313 (-28.000001 -1124.000000 398.999990) (-27.585636 -1124.000000 404.000000) (-27.585636 -1205.325923 404.000000) (-28.000001 -1181.499907 398.999990) 
4 313 320 (74.707181 -1677.000000 256.000000) (102.000000 -1677.000000 218.000000) (103.000000 -1677.000000 218.000000) (103.000000 -1677.000000 256.000000) 
5 313 319 (-19.382608 -1677.000000 404.000000) (-19.382608 -1677.000000 387.001927) (74.707181 -1677.000000 256.000000) (103.000000 -1677.000000 256.000000) (103.000000 -1677.000000 404.000000) 
4 313 317 (-28.000000 -1141.999957 398.999989) (-28.000000 -1124.000000 398.999989) (-12.000000 -1124.000000 376.723067) (-12.000000 -1142.492265 376.723067) 
5 313 316 (-12.000000 -1677.000000 376.723067) (-19.382608 -1677.000000 387.001928) (-28.000000 -1181.499953 398.999989) (-28.000000 -1151.999956 398.999989) (-12.000000 -1152.492264 376.723067) 
4 313 315 (101.999998 -1677.000000 218.000000) (-12.000000 -1677.000000 376.723067) (-12.000000 -1152.492264 376.723067) (101.999998 -1155.999956 218.000000) 
4 313 314 (-12.000000 -1142.492265 376.723067) (-12.000000 -1124.000000 376.723067) (101.999998 -1124.000000 218.000000) (101.999998 -1145.999957 218.000000) 
4 314 317 (-12.000000 -1145.160178 256.000000) (-12.000000 -1142.492265 376.723066) (-12.000000 -1124.000000 376.723066) (-12.000000 -1124.000000 256.000000) 
4 315 320 (-12.000000 -1677.000000 218.000000) (102.000000 -1677.000000 218.000000) (74.707181 -1677.000000 256.000000) (-12.000000 -1677.000000 256.000000) 
3 315 319 (74.707181 -1677.000000 256.000000) (-12.000000 -1677.000000 376.723066) (-12.000000 -1677.000000 256.000000) 
4 315 316 (-12.000000 -1677.000000 256.000000) (-12.000000 -1677.000000 376.723066) (-12.000000 -1152.492264 376.723066) (-12.000000 -1155.160177 256.000000) 
4 316 319 (-19.382608 -1677.000000 387.001927) (-19.382608 -1677.000000 256.000000) (-12.000000 -1677.000000 256.000000) (-12.000000 -1677.000000 376.723066) 
3 318 326 (-12.000000 -1124.000000 35.000000) (74.494230 -1124.000000 35.000000) (-12.000000 -1365.099189 35.000000) 
5 318 324 (74.494230 -1124.000000 35.000000) (79.765915 -1124.000000 35.000000) (84.353029 -1677.000000 35.000000) (-12.000000 -1677.000000 35.000000) (-12.000000 -1365.099189 35.000000) 
5 318 320 (-12.000000 -1677.000000 35.000000) (84.353029 -1677.000000 35.000000) (103.000000 -1677.000000 143.310114) (103.000000 -1677.000000 187.000000) (-12.000000 -1677.000000 187.000000) 
4 319 322 (-12.000000 -1699.000000 404.000000) (-18.999999 -1699.000000 404.000000) (-18.999999 -1699.000000 256.000000) (-12.000000 -1699.000000 256.000000) 
4 319 321 (103.000000 -1699.000000 256.000000) (103.000000 -1699.000000 404.000000) (-12.000000 -1699.000000 404.000000) (-12.000000 -1699.000000 256.000000) 
4 319 320 (103.000000 -1699.000000 256.000000) (-12.000000 -1699.000000 256.000000) (-12.000000 -1677.000000 256.000000) (103.000000 -1677.000000 256.000000) 
4 320 324 (84.353029 -1677.000000 35.000000) (84.535518 -1699.000000 35.000000) (-12.000000 -1699.000000 35.000000) (-12.000000 -1677.000000 35.000000) 
5 320 321 (84.535518 -1699.000000 35.000000) (103.000000 -1699.000000 142.250134) (103.000000 -1699.000000 256.000000) (-12.000000 -1699.000000 256.000000) (-12.000000 -1699.000000 35.000000) 
5 321 361 (-12.000000 -1736.000000 35.000000) (84.842432 -1736.000000 35.000000) (103.000000 -1736.000000 140.467440) (103.000000 -1736.000000 404.000000) (-12.000000 -1736.000000 404.000000) 
4 321 324 (84.842432 -1736.000000 35.000000) (-12.000000 -1736.000000 35.000000) (-12.000000 -1699.000000 35.000000) (84.535518 -1699.000000 35.000000) 
4 321 322 (-12.000000 -1699.000000 404.000000) (-12.000000 -1699.000000 256.000000) (-12.000000 -1736.000000 256.000000) (-12.000000 -1736.000000 404.000000) 
4 322 361 (-20.000000 -1736.000000 256.000000) (-12.000000 -1736.000000 256.000000) (-12.000000 -1736.000000 404.000000) (-20.000000 -1736.000000 404.000000) 
4 322 323 (-20.000000 -1723.000000 256.000000) (-20.000000 -1736.000000 256.000000) (-20.000000 -1736.000000 404.000000) (-20.000000 -1723.000000 404.000000) 
4 323 483 (-561.000000 -1736.000000 256.000000) (-561.000000 -1736.000000 404.000000) (-561.000000 -1723.000000 404.000000) (-561.000000 -1723.000000 256.000000) 
4 323 362 (-561.000000 -1736.000000 404.000000) (-561.000000 -1736.000000 256.000000) (-484.000000 -1736.000000 256.000000) (-484.000000 -1736.000000 404.000000) 
4 323 361 (-484.000000 -1736.000000 256.000000) (-20.000000 -1736.000000 256.000000) (-20.000000 -1736.000000 404.000000) (-484.000000 -1736.000000 404.000000) 
4 324 361 (-12.000000 -1736.000000 -125.000000) (57.296386 -1736.000000 -125.000000) (84.842432 -1736.000000 35.000000) (-12.000000 -1736.000000 35.000000) 
4 324 360 (54.442919 -1392.000000 -125.000000) (57.296386 -1736.000000 -125.000000) (-12.000000 -1736.000000 -125.000000) (-12.000000 -1392.000000 -125.000000) 
4 324 358 (-12.000000 -1392.000000 -125.000000) (-12.000000 -1736.000000 -125.000000) (-12.000000 -1736.000000 -122.000000) (-12.000000 -1392.000000 -122.000000) 
4 324 356 (-12.000000 -1283.247547 -122.000000) (-12.000000 -1281.683503 -125.000000) (-12.000000 -1392.000000 -125.000000) (-12.000000 -1392.000000 -122.000000) 
4 324 326 (48.000013 -1115.999990 -122.000002) (-12.000000 -1282.153878 -124.097904) (-12.000000 -1365.099262 35.000000) (77.708271 -1115.041063 35.000000) 
4 324 325 (49.083343 -1113.000000 -121.962123) (48.515158 -1113.000000 -125.000000) (-12.000000 -1281.683572 -125.000000) (-12.000000 -1282.153878 -124.097904) 
4 325 356 (-12.000000 -1126.000000 -125.000000) (-12.000000 -1281.683503 -125.000000) (-12.000000 -1282.153809 -124.097904) (-12.000000 -1126.000000 -122.535877) 
4 325 355 (-12.000000 -1113.000000 -122.405836) (-12.000000 -1113.000000 -125.000000) (-12.000000 -1117.700023 -125.000000) (-12.000000 -1117.698104 -122.452832) 
4 325 354 (-12.000000 -1117.700023 -125.000000) (-12.000000 -1126.000000 -125.000000) (-12.000000 -1126.000000 -122.535877) (-12.000000 -1117.698104 -122.452832) 
3 325 326 (-12.000000 -1117.698104 -122.452830) (-12.000000 -1282.153810 -124.097902) (47.999988 -1115.999991 -122.000000) 
4 326 356 (-12.000000 -1126.000000 -122.535877) (-12.000000 -1282.153809 -124.097904) (-12.000000 -1283.247547 -122.000000) (-12.000000 -1126.000000 -122.000000) 
4 326 354 (-12.000000 -1117.697763 -122.000000) (-12.000000 -1117.698104 -122.452832) (-12.000000 -1126.000000 -122.535877) (-12.000000 -1126.000000 -122.000000) 
4 326 327 (-12.000000 -1124.000000 35.000000) (-12.000000 -1117.579466 35.000000) (-12.000000 -1117.697763 -122.000000) (-12.000000 -1124.000000 -122.000000) 
4 327 354 (-12.000000 -1117.697763 -122.000000) (-12.000000 -1124.000000 -122.000000) (-44.000000 -1124.000000 -122.000000) (-44.000000 -1118.603241 -122.000000) 
4 327 328 (-44.000000 -1124.000000 35.000000) (-44.000000 -1118.484944 35.000000) (-44.000000 -1118.603241 -122.000000) (-44.000000 -1124.000000 -122.000000) 
4 328 354 (-44.000000 -1118.603241 -122.000000) (-44.000000 -1126.000000 -122.000000) (-172.000000 -1126.000000 -122.000000) (-172.000000 -1122.225155 -122.000000) 
4 329 493 (-561.000000 -1113.000000 35.000000) (-561.000000 -1113.000000 -122.000000) (-561.000000 -1217.000000 -122.000000) (-561.000000 -1217.000000 35.000000) 
4 329 336 (-482.000000 -1217.000000 35.000000) (-561.000000 -1217.000000 35.000000) (-561.000000 -1217.000000 32.000000) (-482.000000 -1217.000000 32.000000) 
4 329 344 (-561.000000 -1217.000000 32.000000) (-561.000000 -1217.000000 -122.000000) (-482.000000 -1217.000000 -122.000000) (-482.000000 -1217.000000 32.000000) 
4 330 346 (-266.000000 -1503.000000 -122.000000) (-266.000000 -1559.000000 -122.000000) (-266.000000 -1559.000000 -121.000000) (-266.000000 -1503.000000 -121.000000) 
4 330 348 (-266.000000 -1559.000000 -122.000000) (-266.000000 -1647.000000 -122.000000) (-266.000000 -1647.000000 -77.000000) (-266.000000 -1559.000000 -77.000000) 
4 330 345 (-266.000000 -1647.000000 -77.000000) (-266.000000 -1647.000000 35.000000) (-266.000000 -1503.000000 35.000000) (-266.000000 -1503.000000 -77.000000) 
4 330 332 (-266.000000 -1217.000000 -122.000000) (-266.000000 -1285.000000 -122.000000) (-266.000000 -1285.000000 -77.000000) (-266.000000 -1217.000000 -77.000000) 
4 330 331 (-266.000000 -1285.000000 -77.000000) (-266.000000 -1285.000000 35.000000) (-266.000000 -1217.000000 35.000000) (-266.000000 -1217.000000 -77.000000) 
4 330 335 (-266.000000 -1285.000000 -122.000000) (-266.000000 -1503.000000 -122.000000) (-266.000000 -1503.000000 35.000000) (-266.000000 -1285.000000 35.000000) 
4 331 336 (-394.000000 -1285.000000 32.000000) (-394.000000 -1285.000000 35.000000) (-394.000000 -1217.000000 35.000000) (-394.000000 -1217.000000 32.000000) 
4 331 344 (-394.000000 -1285.000000 -77.000000) (-394.000000 -1285.000000 32.000000) (-394.000000 -1217.000000 32.000000) (-394.000000 -1217.000000 -77.000000) 
4 331 333 (-394.000000 -1229.000000 -77.000000) (-394.000000 -1217.000000 -77.000000) (-344.000000 -1217.000000 -77.000000) (-344.000000 -1229.000000 -77.000000) 
4 331 332 (-344.000000 -1217.000000 -77.000000) (-266.000000 -1217.000000 -77.000000) (-266.000000 -1285.000000 -77.000000) (-344.000000 -1285.000000 -77.000000) 
4 331 335 (-266.000000 -1285.000000 -77.000000) (-266.000000 -1285.000000 35.000000) (-394.000000 -1285.000000 35.000000) (-394.000000 -1285.000000 -77.000000) 
4 332 334 (-344.000000 -1229.000000 -122.000000) (-344.000000 -1285.000000 -122.000000) (-344.000000 -1285.000000 -121.000000) (-344.000000 -1229.000000 -121.000000) 
4 332 333 (-344.000000 -1217.000000 -77.000000) (-344.000000 -1217.000000 -122.000000) (-344.000000 -1229.000000 -122.000000) (-344.000000 -1229.000000 -77.000000) 
4 332 335 (-344.000000 -1285.000000 -122.000000) (-266.000000 -1285.000000 -122.000000) (-266.000000 -1285.000000 -77.000000) (-344.000000 -1285.000000 -77.000000) 
4 333 344 (-394.000000 -1217.000000 -122.000000) (-394.000000 -1229.000000 -122.000000) (-394.000000 -1229.000000 -77.000000) (-394.000000 -1217.000000 -77.000000) 
4 333 334 (-394.000000 -1229.000000 -121.000000) (-394.000000 -1229.000000 -122.000000) (-344.000000 -1229.000000 -122.000000) (-344.000000 -1229.000000 -121.000000) 
4 334 344 (-394.000000 -1229.000000 -122.000000) (-394.000000 -1285.000000 -122.000000) (-394.000000 -1285.000000 -121.000000) (-394.000000 -1229.000000 -121.000000) 
4 334 335 (-394.000000 -1285.000000 -122.000000) (-344.000000 -1285.000000 -122.000000) (-344.000000 -1285.000000 -121.000000) (-394.000000 -1285.000000 -121.000000) 
4 335 350 (-394.000000 -1503.000000 -122.000000) (-390.000000 -1503.000000 -122.000000) (-390.000000 -1503.000000 -77.000000) (-394.000000 -1503.000000 -77.000000) 
4 335 349 (-390.000000 -1503.000000 -77.000000) (-390.000000 -1503.000000 35.000000) (-394.000000 -1503.000000 35.000000) (-394.000000 -1503.000000 -77.000000) 
4 335 346 (-316.000000 -1503.000000 -122.000000) (-266.000000 -1503.000000 -122.000000) (-266.000000 -1503.000000 -121.000000) (-316.000000 -1503.000000 -121.000000) 
4 335 347 (-390.000000 -1503.000000 -122.000000) (-316.000000 -1503.000000 -122.000000) (-316.000000 -1503.000000 -77.000000) (-390.000000 -1503.000000 -77.000000) 
4 335 345 (-266.000000 -1503.000000 -77.000000) (-266.000000 -1503.000000 35.000000) (-390.000000 -1503.000000 35.000000) (-390.000000 -1503.000000 -77.000000) 
4 335 337 (-394.000000 -1503.000000 32.000000) (-394.000000 -1503.000000 35.000000) (-394.000000 -1399.249941 35.000000) (-394.000000 -1399.249941 32.000000) 
4 335 336 (-394.000000 -1399.249941 35.000000) (-394.000000 -1285.000000 35.000000) (-394.000000 -1285.000000 32.000000) (-394.000000 -1399.249941 32.000000) 
4 335 344 (-394.000000 -1285.000000 -122.000000) (-394.000000 -1503.000000 -122.000000) (-394.000000 -1503.000000 32.000000) (-394.000000 -1285.000000 32.000000) 
4 336 493 (-561.000000 -1461.874942 35.000000) (-561.000000 -1217.000000 35.000000) (-561.000000 -1217.000000 32.000000) (-561.000000 -1461.874942 32.000000) 
4 336 338 (-548.000001 -1456.999971 35.000000) (-561.000000 -1461.874971 35.000000) (-561.000000 -1461.874971 32.000000) (-548.000001 -1456.999971 32.000000) 
4 336 337 (-394.000000 -1399.249970 32.000000) (-394.000000 -1399.249970 35.000000) (-540.000033 -1453.999984 35.000000) (-540.000033 -1453.999984 32.000000) 
4 336 344 (-561.000000 -1217.000000 32.000000) (-394.000000 -1217.000000 32.000000) (-394.000000 -1399.249941 32.000000) (-561.000000 -1461.874942 32.000000) 
4 337 349 (-409.333326 -1503.000000 32.000000) (-394.000000 -1503.000000 32.000000) (-394.000000 -1503.000000 35.000000) (-409.333326 -1503.000000 35.000000) 
4 337 339 (-531.999976 -1457.000044 32.000000) (-409.333428 -1503.000000 32.000000) (-409.333428 -1503.000000 35.000000) (-531.999976 -1457.000044 35.000000) 
4 337 344 (-394.000000 -1399.249941 32.000000) (-394.000000 -1503.000000 32.000000) (-409.333326 -1503.000000 32.000000) (-540.000072 -1453.999969 32.000000) 
4 338 493 (-561.000000 -1491.666635 35.000000) (-561.000000 -1461.874942 35.000000) (-561.000000 -1461.874942 32.000000) (-561.000000 -1491.666635 32.000000) 
4 338 340 (-551.000002 -1464.999975 35.000000) (-561.000000 -1491.666635 35.000000) (-561.000000 -1491.666635 32.000000) (-551.000002 -1464.999975 32.000000) 
3 338 344 (-561.000000 -1491.666635 32.000000) (-561.000000 -1461.874942 32.000000) (-547.999988 -1456.999938 32.000000) 
4 339 349 (-440.000000 -1503.000000 32.000000) (-409.333326 -1503.000000 32.000000) (-409.333326 -1503.000000 35.000000) (-440.000000 -1503.000000 35.000000) 
4 339 353 (-514.749992 -1503.000000 32.000000) (-440.000000 -1503.000000 32.000000) (-440.000000 -1503.000000 35.000000) (-514.749992 -1503.000000 35.000000) 
4 339 341 (-529.000014 -1465.000007 32.000000) (-514.750017 -1503.000000 32.000000) (-514.750017 -1503.000000 35.000000) (-529.000014 -1465.000007 35.000000) 
3 339 344 (-409.333326 -1503.000000 32.000000) (-514.749992 -1503.000000 32.000000) (-531.999992 -1456.999999 32.000000) 
4 340 493 (-561.000000 -1503.000000 32.000000) (-561.000000 -1503.000000 35.000000) (-561.000000 -1491.666635 35.000000) (-561.000000 -1491.666635 32.000000) 
4 340 353 (-561.000000 -1503.000000 35.000000) (-561.000000 -1503.000000 32.000000) (-536.749993 -1503.000000 32.000000) (-536.749993 -1503.000000 35.000000) 
4 340 342 (-548.000023 -1472.999989 35.000000) (-540.000015 -1494.333342 35.000000) (-540.000015 -1494.333342 32.000000) (-548.000023 -1472.999989 32.000000) 
4 340 341 (-540.000015 -1494.333342 35.000000) (-536.750018 -1503.000000 35.000000) (-536.750018 -1503.000000 32.000000) (-540.000015 -1494.333342 32.000000) 
4 340 344 (-536.749993 -1503.000000 32.000000) (-561.000000 -1503.000000 32.000000) (-561.000000 -1491.666635 32.000000) (-551.000002 -1464.999975 32.000000) 
4 341 353 (-536.749993 -1503.000000 32.000000) (-514.749992 -1503.000000 32.000000) (-514.749992 -1503.000000 35.000000) (-536.749993 -1503.000000 35.000000) 
4 341 343 (-531.999988 -1472.999939 32.000000) (-533.972612 -1478.260268 32.000000) (-533.972612 -1478.260268 35.000000) (-531.999988 -1472.999939 35.000000) 
4 341 342 (-533.972612 -1478.260268 32.000000) (-540.000002 -1494.333309 32.000000) (-540.000002 -1494.333309 35.000000) (-533.972612 -1478.260268 35.000000) 
4 341 344 (-514.749992 -1503.000000 32.000000) (-536.749993 -1503.000000 32.000000) (-540.000002 -1494.333308 32.000000) (-529.000002 -1464.999974 32.000000) 
4 342 343 (-533.972625 -1478.260302 32.000000) (-540.000124 -1475.999990 32.000000) (-540.000124 -1475.999990 35.000000) (-533.972625 -1478.260302 35.000000) 
3 342 344 (-540.000002 -1494.333308 32.000000) (-547.999993 -1473.000000 32.000000) (-533.972612 -1478.260268 32.000000) 
3 343 344 (-531.999989 -1472.999939 32.000000) (-533.972612 -1478.260268 32.000000) (-540.000072 -1475.999970 32.000000) 
4 344 493 (-561.000000 -1217.000000 -122.000000) (-561.000000 -1503.000000 -122.000000) (-561.000000 -1503.000000 32.000000) (-561.000000 -1217.000000 32.000000) 
4 344 350 (-440.000000 -1503.000000 -122.000000) (-394.000000 -1503.000000 -122.000000) (-394.000000 -1503.000000 -77.000000) (-440.000000 -1503.000000 -77.000000) 
4 344 349 (-394.000000 -1503.000000 -77.000000) (-394.000000 -1503.000000 32.000000) (-440.000000 -1503.000000 32.000000) (-440.000000 -1503.000000 -77.000000) 
4 344 353 (-561.000000 -1503.000000 32.000000) (-561.000000 -1503.000000 -122.000000) (-440.000000 -1503.000000 -122.000000) (-440.000000 -1503.000000 32.000000) 
4 345 349 (-390.000000 -1503.000000 35.000000) (-390.000000 -1503.000000 -77.000000) (-390.000000 -1647.000000 -77.000000) (-390.000000 -1647.000000 35.000000) 
4 345 347 (-390.000000 -1503.000000 -77.000000) (-316.000000 -1503.000000 -77.000000) (-316.000000 -1559.000000 -77.000000) (-390.000000 -1559.000000 -77.000000) 
4 345 348 (-266.000000 -1559.000000 -77.000000) (-266.000000 -1647.000000 -77.000000) (-390.000000 -1647.000000 -77.000000) (-390.000000 -1559.000000 -77.000000) 
4 346 347 (-316.000000 -1503.000000 -122.000000) (-316.000000 -1559.000000 -122.000000) (-316.000000 -1559.000000 -121.000000) (-316.000000 -1503.000000 -121.000000) 
4 346 348 (-316.000000 -1559.000000 -122.000000) (-266.000000 -1559.000000 -122.000000) (-266.000000 -1559.000000 -121.000000) (-316.000000 -1559.000000 -121.000000) 
4 347 351 (-390.000000 -1556.000000 -122.000000) (-390.000000 -1559.000000 -122.000000) (-390.000000 -1559.000000 -121.000000) (-390.000000 -1556.000000 -121.000000) 
4 347 350 (-390.000000 -1503.000000 -77.000000) (-390.000000 -1503.000000 -122.000000) (-390.000000 -1556.000000 -122.000000) (-390.000000 -1556.000000 -77.000000) 
4 347 348 (-390.000000 -1559.000000 -77.000000) (-390.000000 -1559.000000 -122.000000) (-316.000000 -1559.000000 -122.000000) (-316.000000 -1559.000000 -77.000000) 
4 348 351 (-390.000000 -1559.000000 -122.000000) (-390.000000 -1612.000000 -122.000000) (-390.000000 -1612.000000 -121.000000) (-390.000000 -1559.000000 -121.000000) 
4 348 352 (-390.000000 -1612.000000 -122.000000) (-390.000000 -1647.000000 -122.000000) (-390.000000 -1647.000000 -77.000000) (-390.000000 -1612.000000 -77.000000) 
4 349 352 (-390.000000 -1647.000000 -77.000000) (-440.000000 -1647.000000 -77.000000) (-440.000000 -1612.000000 -77.000000) (-390.000000 -1612.000000 -77.000000) 
4 349 350 (-440.000000 -1556.000000 -77.000000) (-440.000000 -1503.000000 -77.000000) (-390.000000 -1503.000000 -77.000000) (-390.000000 -1556.000000 -77.000000) 
4 349 353 (-440.000000 -1647.000000 -77.000000) (-440.000000 -1647.000000 35.000000) (-440.000000 -1503.000000 35.000000) (-440.000000 -1503.000000 -77.000000) 
4 350 351 (-440.000000 -1556.000000 -121.000000) (-440.000000 -1556.000000 -122.000000) (-390.000000 -1556.000000 -122.000000) (-390.000000 -1556.000000 -121.000000) 
4 350 353 (-440.000000 -1503.000000 -122.000000) (-440.000000 -1556.000000 -122.000000) (-440.000000 -1556.000000 -77.000000) (-440.000000 -1503.000000 -77.000000) 
4 351 352 (-440.000000 -1612.000000 -122.000000) (-390.000000 -1612.000000 -122.000000) (-390.000000 -1612.000000 -121.000000) (-440.000000 -1612.000000 -121.000000) 
4 351 353 (-440.000000 -1556.000000 -122.000000) (-440.000000 -1612.000000 -122.000000) (-440.000000 -1612.000000 -121.000000) (-440.000000 -1556.000000 -121.000000) 
4 352 353 (-440.000000 -1612.000000 -122.000000) (-440.000000 -1647.000000 -122.000000) (-440.000000 -1647.000000 -77.000000) (-440.000000 -1612.000000 -77.000000) 
4 353 493 (-561.000000 -1503.000000 -122.000000) (-561.000000 -1647.000000 -122.000000) (-561.000000 -1647.000000 35.000000) (-561.000000 -1503.000000 35.000000) 
4 354 357 (-172.000000 -1126.000000 -125.000000) (-14.000000 -1126.000000 -125.000000) (-14.000000 -1126.000000 -123.000000) (-172.000000 -1126.000000 -123.000000) 
4 354 356 (-14.000000 -1126.000000 -125.000000) (-12.000000 -1126.000000 -125.000000) (-12.000000 -1126.000000 -122.000000) (-14.000000 -1126.000000 -122.000000) 
4 354 355 (-12.000000 -1117.698140 -122.452832) (-12.000000 -1117.700060 -125.000000) (-172.000000 -1122.227451 -125.000000) (-172.000000 -1122.226442 -123.660379) 
4 356 358 (-14.000000 -1392.000000 -125.000000) (-12.000000 -1392.000000 -125.000000) (-12.000000 -1392.000000 -122.000000) (-14.000000 -1392.000000 -122.000000) 
4 356 357 (-14.000000 -1126.000000 -123.000000) (-14.000000 -1126.000000 -125.000000) (-14.000000 -1392.000000 -125.000000) (-14.000000 -1392.000000 -123.000000) 
4 357 359 (-172.000000 -1392.000000 -125.000000) (-14.000000 -1392.000000 -125.000000) (-14.000000 -1392.000000 -123.000000) (-172.000000 -1392.000000 -123.000000) 
4 358 361 (-14.000000 -1736.000000 -125.000000) (-12.000000 -1736.000000 -125.000000) (-12.000000 -1736.000000 -122.000000) (-14.000000 -1736.000000 -122.000000) 
4 358 360 (-14.000000 -1392.000000 -125.000000) (-12.000000 -1392.000000 -125.000000) (-12.000000 -1736.000000 -125.000000) (-14.000000 -1736.000000 -125.000000) 
4 358 359 (-14.000000 -1392.000000 -123.000000) (-14.000000 -1392.000000 -125.000000) (-14.000000 -1736.000000 -125.000000) (-14.000000 -1736.000000 -123.000000) 
4 359 544 (-561.000000 -1392.000000 -125.000000) (-561.000000 -1736.000000 -125.000000) (-561.000000 -1736.000000 -123.000000) (-561.000000 -1392.000000 -123.000000) 
4 359 363 (-561.000000 -1736.000000 -123.000000) (-561.000000 -1736.000000 -125.000000) (-484.000000 -1736.000000 -125.000000) (-484.000000 -1736.000000 -123.000000) 
4 359 361 (-484.000000 -1736.000000 -125.000000) (-14.000000 -1736.000000 -125.000000) (-14.000000 -1736.000000 -123.000000) (-484.000000 -1736.000000 -123.000000) 
4 359 360 (-561.000000 -1736.000000 -125.000000) (-561.000000 -1392.000000 -125.000000) (-14.000000 -1392.000000 -125.000000) (-14.000000 -1736.000000 -125.000000) 
4 360 544 (-561.000000 -1392.000000 -136.000000) (-561.000000 -1736.000000 -136.000000) (-561.000000 -1736.000000 -125.000000) (-561.000000 -1392.000000 -125.000000) 
4 360 363 (-561.000000 -1736.000000 -125.000000) (-561.000000 -1736.000000 -136.000000) (-484.000000 -1736.000000 -136.000000) (-484.000000 -1736.000000 -125.000000) 
4 360 361 (-484.000000 -1736.000000 -136.000000) (305.000000 -1736.000000 -136.000000) (305.000000 -1736.000000 -125.000000) (-484.000000 -1736.000000 -125.000000) 
4 360 364 (-561.000000 -1736.000000 -136.000000) (-561.000000 -1392.000000 -136.000000) (305.000000 -1392.000000 -136.000000) (305.000000 -1736.000000 -136.000000) 
4 361 363 (-484.000000 -1736.000000 -123.000000) (-484.000000 -1736.000000 -136.000000) (-484.000000 -1746.000000 -136.000000) (-484.000000 -1746.000000 -123.000000) 
4 361 362 (-484.000000 -1736.000000 404.000000) (-484.000000 -1736.000000 -122.000000) (-484.000000 -1746.000000 -122.000000) (-484.000000 -1746.000000 404.000000) 
4 361 365 (-484.000000 -1746.000000 -136.000000) (132.735870 -1746.000000 -136.000000) (139.724653 -1746.000000 404.000000) (-484.000000 -1746.000000 404.000000) 
5 361 364 (-484.000000 -1736.000000 -136.000000) (305.000000 -1736.000000 -136.000000) (305.000000 -1738.627928 -136.000000) (132.735870 -1746.000000 -136.000000) (-484.000000 -1746.000000 -136.000000) 
4 362 541 (-561.000000 -1746.000000 -122.000000) (-561.000000 -1746.000000 35.000000) (-561.000000 -1736.000000 35.000000) (-561.000000 -1736.000000 -122.000000) 
4 362 489 (-561.000000 -1746.000000 35.000000) (-561.000000 -1746.000000 256.000000) (-561.000000 -1736.000000 256.000000) (-561.000000 -1736.000000 35.000000) 
4 362 483 (-561.000000 -1746.000000 256.000000) (-561.000000 -1746.000000 404.000000) (-561.000000 -1736.000000 404.000000) (-561.000000 -1736.000000 256.000000) 
4 362 365 (-561.000000 -1746.000000 404.000000) (-561.000000 -1746.000000 -122.000000) (-484.000000 -1746.000000 -122.000000) (-484.000000 -1746.000000 404.000000) 
4 363 544 (-561.000000 -1736.000000 -136.000000) (-561.000000 -1746.000000 -136.000000) (-561.000000 -1746.000000 -123.000000) (-561.000000 -1736.000000 -123.000000) 
4 363 365 (-561.000000 -1746.000000 -123.000000) (-561.000000 -1746.000000 -136.000000) (-484.000000 -1746.000000 -136.000000) (-484.000000 -1746.000000 -123.000000) 
4 363 364 (-561.000000 -1746.000000 -136.000000) (-561.000000 -1736.000000 -136.000000) (-484.000000 -1736.000000 -136.000000) (-484.000000 -1746.000000 -136.000000) 
4 364 550 (-561.000000 -1113.000000 -136.000000) (-561.000000 -1113.000000 -217.000000) (-561.000000 -1746.000000 -217.000000) (-561.000000 -1746.000000 -136.000000) 
4 364 365 (-561.000000 -1746.000000 -136.000000) (-561.000000 -1746.000000 -217.000000) (131.687553 -1746.000000 -217.000000) (132.735870 -1746.000000 -136.000000) 
4 365 551 (-561.000000 -1746.000000 -217.000000) (-561.000000 -1775.643677 -217.000000) (-561.000000 -1775.783250 35.000000) (-561.000000 -1746.000000 35.000000) 
4 365 489 (-561.000000 -1775.783250 35.000000) (-561.000000 -1775.905654 256.000000) (-561.000000 -1746.000000 256.000000) (-561.000000 -1746.000000 35.000000) 
4 365 483 (-561.000000 -1775.905654 256.000000) (-561.000000 -1775.987626 404.000000) (-561.000000 -1746.000000 404.000000) (-561.000000 -1746.000000 256.000000) 
4 366 435 (-561.000000 -1065.000000 611.000000) (-561.000000 -1065.000000 648.000000) (-1422.000000 -1065.000000 648.000000) (-1422.000000 -1065.000000 611.000000) 
4 366 434 (-1422.000000 -267.000000 648.000000) (-1422.000000 -267.000000 611.000000) (-1422.000000 -1065.000000 611.000000) (-1422.000000 -1065.000000 648.000000) 
4 367 490 (-1181.000000 -1065.000000 611.000000) (-1422.000000 -1065.000000 611.000000) (-1422.000000 -1065.000000 322.000000) (-1181.000000 -1065.000000 322.000000) 
4 367 443 (-561.000000 -1065.000000 322.000000) (-561.000000 -1065.000000 405.000000) (-1083.027891 -1065.000000 405.000000) (-1083.027891 -1065.000000 322.000000) 
4 367 442 (-561.000000 -1065.000000 405.000000) (-561.000000 -1065.000000 445.811362) (-1083.027891 -1065.000000 445.961055) (-1083.027891 -1065.000000 405.000000) 
4 367 439 (-1083.027891 -1065.000000 445.961055) (-1181.000000 -1065.000000 445.989148) (-1181.000000 -1065.000000 404.000000) (-1083.027891 -1065.000000 404.000000) 
4 367 441 (-1181.000000 -1065.000000 404.000000) (-1181.000000 -1065.000000 322.000000) (-1083.027891 -1065.000000 322.000000) (-1083.027891 -1065.000000 404.000000) 
4 367 438 (-561.000000 -1065.000000 445.811362) (-561.000000 -1065.000000 611.000000) (-1181.000000 -1065.000000 611.000000) (-1181.000000 -1065.000000 445.989148) 
4 367 427 (-1422.000000 -978.000000 322.000000) (-1422.000000 -267.000000 322.000000) (-1312.000000 -267.000000 322.000000) (-1312.000000 -978.000000 322.000000) 
4 367 431 (-1312.000000 -1065.000000 322.000000) (-1422.000000 -1065.000000 322.000000) (-1422.000000 -978.000000 322.000000) (-1312.000000 -978.000000 322.000000) 
4 367 425 (-1309.000000 -1065.000000 322.000000) (-1312.000000 -1065.000000 322.000000) (-1312.000000 -661.000000 322.000000) (-1309.000000 -661.000000 322.000000) 
4 367 398 (-1309.000000 -956.000000 322.000000) (-1309.000000 -934.000000 322.000000) (-1181.000000 -934.000000 322.000000) (-1181.000000 -956.000000 322.000000) 
4 367 396 (-1309.000000 -934.000000 322.000000) (-1309.000000 -661.000000 322.000000) (-1181.000000 -661.000000 322.000000) (-1181.000000 -934.000000 322.000000) 
4 367 395 (-588.000000 -1065.000000 322.000000) (-1181.000000 -1065.000000 322.000000) (-1181.000000 -661.000000 322.000000) (-588.000000 -661.000000 322.000000) 
4 367 390 (-561.000000 -1065.000000 322.000000) (-588.000000 -1065.000000 322.000000) (-588.000000 -661.000000 322.000000) (-561.000000 -661.000000 322.000000) 
4 367 374 (-1312.000000 -583.000000 322.000000) (-1312.000000 -267.000000 322.000000) (-1184.000000 -267.000000 322.000000) (-1184.000000 -583.000000 322.000000) 
4 367 376 (-1312.000000 -661.000000 322.000000) (-1312.000000 -583.000000 322.000000) (-1184.000000 -583.000000 322.000000) (-1184.000000 -661.000000 322.000000) 
4 367 373 (-1184.000000 -267.000000 322.000000) (-931.000000 -267.000000 322.000000) (-931.000000 -661.000000 322.000000) (-1184.000000 -661.000000 322.000000) 
4 367 368 (-931.000000 -267.000000 322.000000) (-561.000000 -267.000000 322.000000) (-561.000000 -661.000000 322.000000) (-931.000000 -661.000000 322.000000) 
4 368 395 (-588.000000 -661.000000 322.000000) (-931.000000 -661.000000 322.000000) (-931.000000 -661.000000 163.993261) (-588.000000 -661.000000 129.736569) 
4 368 393 (-931.000000 -661.000000 163.993261) (-931.000000 -661.000000 162.049566) (-588.000000 -661.000000 126.607785) (-588.000000 -661.000000 129.736569) 
4 368 392 (-931.000000 -661.000000 162.049566) (-931.000000 -661.000000 -8.000000) (-588.000000 -661.000000 -8.000000) (-588.000000 -661.000000 126.607785) 
4 368 391 (-561.000000 -661.000000 -8.000000) (-561.000000 -661.000000 35.000000) (-588.000000 -661.000000 35.000000) (-588.000000 -661.000000 -8.000000) 
4 368 390 (-561.000000 -661.000000 127.039978) (-561.000000 -661.000000 322.000000) (-588.000000 -661.000000 322.000000) (-588.000000 -661.000000 129.736569) 
4 368 389 (-561.000000 -661.000000 35.000000) (-561.000000 -661.000000 127.039978) (-588.000000 -661.000000 129.736569) (-588.000000 -661.000000 35.000000) 
4 368 373 (-931.000000 -267.000000 322.000000) (-931.000000 -267.000000 -8.000000) (-931.000000 -661.000000 -8.000000) (-931.000000 -661.000000 322.000000) 
4 368 371 (-931.000000 -540.000000 -8.000000) (-931.000000 -397.000000 -8.000000) (-906.000000 -397.000000 -8.000000) (-906.000000 -540.000000 -8.000000) 
4 368 372 (-762.000000 -661.000000 -8.000000) (-931.000000 -661.000000 -8.000000) (-931.000000 -540.000000 -8.000000) (-762.000000 -540.000000 -8.000000) 
4 368 370 (-561.000000 -661.000000 -8.000000) (-762.000000 -661.000000 -8.000000) (-762.000000 -397.000000 -8.000000) (-561.000000 -397.000000 -8.000000) 
4 368 369 (-931.000000 -397.000000 -8.000000) (-931.000000 -267.000000 -8.000000) (-561.000000 -267.000000 -8.000000) (-561.000000 -397.000000 -8.000000) 
4 369 377 (-931.000000 -267.000000 -9.000000) (-931.000000 -267.000000 -122.000000) (-931.000000 -397.000000 -122.000000) (-931.000000 -397.000000 -9.000000) 
4 369 373 (-931.000000 -267.000000 -8.000000) (-931.000000 -267.000000 -9.000000) (-931.000000 -397.000000 -9.000000) (-931.000000 -397.000000 -8.000000) 
4 369 371 (-906.000000 -397.000000 -8.000000) (-931.000000 -397.000000 -8.000000) (-931.000000 -397.000000 -122.000000) (-906.000000 -397.000000 -122.000000) 
4 369 370 (-561.000000 -397.000000 -122.000000) (-561.000000 -397.000000 -8.000000) (-762.000000 -397.000000 -8.000000) (-762.000000 -397.000000 -122.000000) 
5 370 408 (-762.000000 -661.000000 -9.000000) (-762.000000 -661.000000 -120.779322) (-600.696146 -661.000000 -122.000000) (-588.000000 -661.000000 -122.000000) (-588.000000 -661.000000 -9.000000) 
3 370 407 (-762.000000 -661.000000 -120.779322) (-762.000000 -661.000000 -122.000000) (-600.696146 -661.000000 -122.000000) 
4 370 392 (-588.000000 -661.000000 -8.000000) (-762.000000 -661.000000 -8.000000) (-762.000000 -661.000000 -9.000000) (-588.000000 -661.000000 -9.000000) 
4 370 391 (-561.000000 -661.000000 -122.000000) (-561.000000 -661.000000 -8.000000) (-588.000000 -661.000000 -8.000000) (-588.000000 -661.000000 -122.000000) 
4 370 372 (-762.000000 -540.000000 -122.000000) (-762.000000 -661.000000 -122.000000) (-762.000000 -661.000000 -8.000000) (-762.000000 -540.000000 -8.000000) 
4 371 384 (-931.000000 -480.000000 -122.000000) (-931.000000 -540.000000 -122.000000) (-931.000000 -540.000000 -9.000000) (-931.000000 -480.000000 -9.000000) 
4 371 377 (-931.000000 -397.000000 -122.000000) (-931.000000 -480.000000 -122.000000) (-931.000000 -480.000000 -9.000000) (-931.000000 -397.000000 -9.000000) 
4 371 373 (-931.000000 -540.000000 -9.000000) (-931.000000 -540.000000 -8.000000) (-931.000000 -397.000000 -8.000000) (-931.000000 -397.000000 -9.000000) 
4 371 372 (-906.000000 -540.000000 -8.000000) (-931.000000 -540.000000 -8.000000) (-931.000000 -540.000000 -122.000000) (-906.000000 -540.000000 -122.000000) 
4 372 408 (-931.000000 -661.000000 -9.000000) (-931.000000 -661.000000 -119.500403) (-762.000000 -661.000000 -120.779322) (-762.000000 -661.000000 -9.000000) 
4 372 407 (-931.000000 -661.000000 -119.500403) (-931.000000 -661.000000 -122.000000) (-762.000000 -661.000000 -122.000000) (-762.000000 -661.000000 -120.779322) 
4 372 392 (-762.000000 -661.000000 -8.000000) (-931.000000 -661.000000 -8.000000) (-931.000000 -661.000000 -9.000000) (-762.000000 -661.000000 -9.000000) 
4 372 384 (-931.000000 -540.000000 -122.000000) (-931.000000 -661.000000 -122.000000) (-931.000000 -661.000000 -9.000000) (-931.000000 -540.000000 -9.000000) 
4 372 373 (-931.000000 -661.000000 -9.000000) (-931.000000 -661.000000 -8.000000) (-931.000000 -540.000000 -8.000000) (-931.000000 -540.000000 -9.000000) 
4 373 397 (-1184.000000 -661.000000 271.000000) (-1184.000000 -661.000000 189.261317) (-1181.000000 -661.000000 188.961695) (-1181.000000 -661.000000 271.000000) 
4 373 396 (-1181.000000 -661.000000 322.000000) (-1184.000000 -661.000000 322.000000) (-1184.000000 -661.000000 271.000000) (-1181.000000 -661.000000 271.000000) 
4 373 395 (-931.000000 -661.000000 163.993261) (-931.000000 -661.000000 322.000000) (-1181.000000 -661.000000 322.000000) (-1181.000000 -661.000000 188.961695) 
4 373 393 (-931.000000 -661.000000 162.049566) (-931.000000 -661.000000 163.993261) (-1184.000000 -661.000000 189.261317) (-1184.000000 -661.000000 188.191754) 
4 373 392 (-931.000000 -661.000000 -9.000000) (-931.000000 -661.000000 162.049566) (-1184.000000 -661.000000 188.191754) (-1184.000000 -661.000000 -9.000000) 
4 373 384 (-931.000000 -480.000000 -9.000000) (-931.000000 -661.000000 -9.000000) (-1184.000000 -661.000000 -9.000000) (-1184.000000 -480.000000 -9.000000) 
4 373 377 (-1184.000000 -267.000000 -9.000000) (-931.000000 -267.000000 -9.000000) (-931.000000 -480.000000 -9.000000) (-1184.000000 -480.000000 -9.000000) 
4 373 375 (-1184.000000 -267.000000 271.000000) (-1184.000000 -267.000000 -9.000000) (-1184.000000 -310.000000 -9.000000) (-1184.000000 -310.000000 271.000000) 
4 373 374 (-1184.000000 -267.000000 322.000000) (-1184.000000 -267.000000 271.000000) (-1184.000000 -583.000000 271.000000) (-1184.000000 -583.000000 322.000000) 
4 373 376 (-1184.000000 -583.000000 -9.000000) (-1184.000000 -661.000000 -9.000000) (-1184.000000 -661.000000 322.000000) (-1184.000000 -583.000000 322.000000) 
4 374 427 (-1312.000000 -267.000000 322.000000) (-1312.000000 -267.000000 271.000000) (-1312.000000 -583.000000 271.000000) (-1312.000000 -583.000000 322.000000) 
4 374 375 (-1312.000000 -310.000000 271.000000) (-1312.000000 -267.000000 271.000000) (-1184.000000 -267.000000 271.000000) (-1184.000000 -310.000000 271.000000) 
4 374 376 (-1184.000000 -583.000000 271.000000) (-1184.000000 -583.000000 322.000000) (-1312.000000 -583.000000 322.000000) (-1312.000000 -583.000000 271.000000) 
4 375 428 (-1312.000000 -267.000000 70.000000) (-1312.000000 -267.000000 -9.000000) (-1312.000000 -310.000000 -9.000000) (-1312.000000 -310.000000 70.000000) 
4 375 427 (-1312.000000 -267.000000 271.000000) (-1312.000000 -267.000000 70.000000) (-1312.000000 -310.000000 70.000000) (-1312.000000 -310.000000 271.000000) 
4 375 378 (-1312.000000 -267.000000 -9.000000) (-1184.000000 -267.000000 -9.000000) (-1184.000000 -310.000000 -9.000000) (-1312.000000 -310.000000 -9.000000) 
4 376 428 (-1312.000000 -583.000000 -9.000000) (-1312.000000 -661.000000 -9.000000) (-1312.000000 -661.000000 70.000000) (-1312.000000 -583.000000 70.000000) 
4 376 427 (-1312.000000 -661.000000 70.000000) (-1312.000000 -661.000000 322.000000) (-1312.000000 -583.000000 322.000000) (-1312.000000 -583.000000 70.000000) 
4 376 425 (-1309.000000 -661.000000 322.000000) (-1312.000000 -661.000000 322.000000) (-1312.000000 -661.000000 271.000000) (-1309.000000 -661.000000 271.000000) 
4 376 396 (-1184.000000 -661.000000 322.000000) (-1309.000000 -661.000000 322.000000) (-1309.000000 -661.000000 271.000000) (-1184.000000 -661.000000 271.000000) 
4 376 388 (-1184.000000 -583.000000 -9.000000) (-1184.000000 -661.000000 -9.000000) (-1312.000000 -661.000000 -9.000000) (-1312.000000 -583.000000 -9.000000) 
4 377 384 (-931.000000 -480.000000 -9.000000) (-1184.000000 -480.000000 -9.000000) (-1184.000000 -480.000000 -125.000000) (-931.000000 -480.000000 -125.000000) 
4 377 382 (-1184.000000 -419.000000 -125.000000) (-1184.000000 -480.000000 -125.000000) (-1184.000000 -480.000000 -9.000000) (-1184.000000 -419.000000 -9.000000) 
4 377 380 (-1184.000000 -419.000000 -123.000000) (-1184.000000 -419.000000 -9.000000) (-1184.000000 -312.000000 -9.000000) (-1184.000000 -312.000000 -123.000000) 
4 377 381 (-1184.000000 -310.000000 -125.000000) (-1184.000000 -419.000000 -125.000000) (-1184.000000 -419.000000 -123.000000) (-1184.000000 -310.000000 -123.000000) 
4 377 378 (-1184.000000 -267.000000 -9.000000) (-1184.000000 -267.000000 -125.000000) (-1184.000000 -310.000000 -125.000000) (-1184.000000 -310.000000 -9.000000) 
4 378 428 (-1312.000000 -267.000000 -9.000000) (-1312.000000 -267.000000 -123.000000) (-1312.000000 -310.000000 -123.000000) (-1312.000000 -310.000000 -9.000000) 
4 378 430 (-1312.000000 -267.000000 -123.000000) (-1312.000000 -267.000000 -125.000000) (-1312.000000 -310.000000 -125.000000) (-1312.000000 -310.000000 -123.000000) 
4 378 379 (-1187.000000 -310.000000 -9.000000) (-1258.000000 -310.000000 -9.000000) (-1258.000000 -310.000000 -123.000000) (-1187.000000 -310.000000 -123.000000) 
4 378 381 (-1258.000000 -310.000000 -125.000000) (-1184.000000 -310.000000 -125.000000) (-1184.000000 -310.000000 -123.000000) (-1258.000000 -310.000000 -123.000000) 
4 379 380 (-1258.000000 -312.000000 -9.000000) (-1258.000000 -312.000000 -123.000000) (-1187.000000 -312.000000 -123.000000) (-1187.000000 -312.000000 -9.000000) 
4 379 381 (-1258.000000 -310.000000 -123.000000) (-1187.000000 -310.000000 -123.000000) (-1187.000000 -312.000000 -123.000000) (-1258.000000 -312.000000 -123.000000) 
4 380 383 (-1255.000000 -419.000000 -9.000000) (-1258.000000 -419.000000 -9.000000) (-1258.000000 -419.000000 -26.000000) (-1255.000000 -419.000000 -26.000000) 
4 380 382 (-1184.000000 -419.000000 -9.000000) (-1255.000000 -419.000000 -9.000000) (-1255.000000 -419.000000 -123.000000) (-1184.000000 -419.000000 -123.000000) 
4 380 381 (-1184.000000 -312.000000 -123.000000) (-1184.000000 -419.000000 -123.000000) (-1258.000000 -419.000000 -123.000000) (-1258.000000 -312.000000 -123.000000) 
4 381 382 (-1255.000000 -419.000000 -125.000000) (-1184.000000 -419.000000 -125.000000) (-1184.000000 -419.000000 -123.000000) (-1255.000000 -419.000000 -123.000000) 
4 382 385 (-1184.000000 -480.000000 -9.000000) (-1255.000000 -480.000000 -9.000000) (-1255.000000 -480.000000 -123.000000) (-1184.000000 -480.000000 -123.000000) 
4 382 387 (-1255.000000 -480.000000 -123.000000) (-1255.000000 -480.000000 -125.000000) (-1184.000000 -480.000000 -125.000000) (-1184.000000 -480.000000 -123.000000) 
4 382 383 (-1255.000000 -419.000000 -9.000000) (-1255.000000 -419.000000 -26.000000) (-1255.000000 -480.000000 -26.000000) (-1255.000000 -480.000000 -9.000000) 
4 383 385 (-1255.000000 -480.000000 -9.000000) (-1258.000000 -480.000000 -9.000000) (-1258.000000 -480.000000 -26.000000) (-1255.000000 -480.000000 -26.000000) 
4 384 410 (-1181.000000 -661.000000 -123.000000) (-1181.000000 -661.000000 -9.000000) (-1184.000000 -661.000000 -9.000000) (-1184.000000 -661.000000 -123.000000) 
4 384 413 (-1184.000000 -661.000000 -125.000000) (-1181.000000 -661.000000 -125.000000) (-1181.000000 -661.000000 -123.000000) (-1184.000000 -661.000000 -123.000000) 
4 384 409 (-1181.000000 -661.000000 -125.000000) (-931.000000 -661.000000 -125.000000) (-931.000000 -661.000000 -122.000000) (-1181.000000 -661.000000 -122.000000) 
4 384 408 (-931.000000 -661.000000 -119.500403) (-931.000000 -661.000000 -9.000000) (-1134.752189 -661.000000 -9.000000) (-1129.267912 -661.000000 -117.999997) 
4 384 407 (-931.000000 -661.000000 -122.000000) (-931.000000 -661.000000 -119.500403) (-1129.267912 -661.000000 -117.999997) (-1129.066654 -661.000000 -122.000000) 
4 384 406 (-1134.752189 -661.000000 -9.000000) (-1181.000000 -661.000000 -9.000000) (-1181.000000 -661.000000 -122.000000) (-1129.066654 -661.000000 -122.000000) 
4 384 385 (-1184.000000 -480.000000 -9.000000) (-1184.000000 -480.000000 -123.000000) (-1184.000000 -581.000000 -123.000000) (-1184.000000 -581.000000 -9.000000) 
4 384 387 (-1184.000000 -480.000000 -123.000000) (-1184.000000 -480.000000 -125.000000) (-1184.000000 -583.000000 -125.000000) (-1184.000000 -583.000000 -123.000000) 
4 384 388 (-1184.000000 -583.000000 -125.000000) (-1184.000000 -661.000000 -125.000000) (-1184.000000 -661.000000 -9.000000) (-1184.000000 -583.000000 -9.000000) 
4 385 386 (-1258.000000 -581.000000 -9.000000) (-1258.000000 -581.000000 -123.000000) (-1187.000000 -581.000000 -123.000000) (-1187.000000 -581.000000 -9.000000) 
4 385 387 (-1258.000000 -581.000000 -123.000000) (-1258.000000 -480.000000 -123.000000) (-1184.000000 -480.000000 -123.000000) (-1184.000000 -581.000000 -123.000000) 
4 386 388 (-1187.000000 -583.000000 -9.000000) (-1258.000000 -583.000000 -9.000000) (-1258.000000 -583.000000 -123.000000) (-1187.000000 -583.000000 -123.000000) 
4 386 387 (-1187.000000 -583.000000 -123.000000) (-1258.000000 -583.000000 -123.000000) (-1258.000000 -581.000000 -123.000000) (-1187.000000 -581.000000 -123.000000) 
4 387 388 (-1258.000000 -583.000000 -123.000000) (-1258.000000 -583.000000 -125.000000) (-1184.000000 -583.000000 -125.000000) (-1184.000000 -583.000000 -123.000000) 
4 388 428 (-1312.000000 -661.000000 -123.000000) (-1312.000000 -661.000000 -9.000000) (-1312.000000 -583.000000 -9.000000) (-1312.000000 -583.000000 -123.000000) 
4 388 430 (-1312.000000 -583.000000 -125.000000) (-1312.000000 -661.000000 -125.000000) (-1312.000000 -661.000000 -123.000000) (-1312.000000 -583.000000 -123.000000) 
4 388 411 (-1187.000000 -661.000000 -9.000000) (-1258.000000 -661.000000 -9.000000) (-1258.000000 -661.000000 -123.000000) (-1187.000000 -661.000000 -123.000000) 
4 388 413 (-1258.000000 -661.000000 -125.000000) (-1184.000000 -661.000000 -125.000000) (-1184.000000 -661.000000 -123.000000) (-1258.000000 -661.000000 -123.000000) 
4 389 393 (-588.000000 -661.000000 129.736569) (-588.000000 -661.000000 126.607785) (-588.000000 -688.203547 41.000000) (-588.000000 -689.100506 41.000000) 
3 389 392 (-588.000000 -661.000000 126.607785) (-588.000000 -661.000000 35.000000) (-588.000000 -690.110164 35.000000) 
4 389 391 (-588.000000 -661.000000 35.000000) (-561.000000 -661.000000 35.000000) (-561.000000 -690.146607 35.000000) (-588.000000 -691.000546 35.000000) 
4 389 390 (-588.000000 -661.000000 129.736500) (-588.000000 -670.636184 99.307087) (-561.000000 -669.849569 99.094488) (-561.000000 -661.000000 127.039909) 
4 390 485 (-561.000000 -1065.000000 205.381729) (-561.000000 -1065.000000 256.000000) (-588.000000 -1065.000000 256.000000) (-588.000000 -1065.000000 205.382745) 
4 390 443 (-561.000000 -1065.000000 256.000000) (-561.000000 -1065.000000 322.000000) (-588.000000 -1065.000000 322.000000) (-588.000000 -1065.000000 256.000000) 
5 390 395 (-588.000000 -661.000000 322.000000) (-588.000000 -661.000000 129.736569) (-588.000000 -670.636204 99.307092) (-588.000000 -1065.000000 205.382745) (-588.000000 -1065.000000 322.000000) 
4 391 493 (-561.000000 -1065.000000 -122.000000) (-561.000000 -1065.000000 35.000000) (-588.000000 -1065.000000 35.000000) (-588.000000 -1065.000000 -122.000000) 
4 391 408 (-588.000000 -661.000000 -9.000000) (-588.000000 -661.000000 -122.000000) (-588.000000 -739.998242 -122.000000) (-588.000000 -704.092024 -9.000000) 
3 391 407 (-588.000000 -739.998242 -122.000000) (-588.000000 -1065.000000 -122.000000) (-588.000000 -1065.000000 -121.604728) 
4 391 392 (-588.000000 -661.000000 35.000000) (-588.000000 -661.000000 -9.000000) (-588.000000 -704.092024 -9.000000) (-588.000000 -690.110164 35.000000) 
4 392 410 (-1184.000000 -661.000000 -9.000000) (-1181.000000 -661.000000 -9.000000) (-1181.000000 -663.000000 -9.000000) (-1184.000000 -663.000000 -9.000000) 
4 392 412 (-1181.000000 -663.000000 -9.000000) (-1181.000000 -723.563030 -9.000000) (-1184.000000 -723.661534 -9.000000) (-1184.000000 -663.000000 -9.000000) 
4 392 408 (-1134.752189 -661.000000 -9.000000) (-588.000000 -661.000000 -9.000000) (-588.000000 -704.092024 -9.000000) (-1124.992966 -721.724053 -9.000000) 
4 392 406 (-1181.000000 -661.000000 -9.000000) (-1134.752189 -661.000000 -9.000000) (-1124.992966 -721.724053 -9.000000) (-1181.000000 -723.563030 -9.000000) 
4 392 394 (-1184.000000 -723.661517 -9.000000) (-1124.992968 -721.724036 -9.000000) (-1130.035587 -706.001132 41.000000) (-1184.000000 -707.773040 41.000000) 
4 392 393 (-588.000000 -688.203530 41.000000) (-588.000000 -661.000000 126.607733) (-1184.000000 -661.000000 188.191704) (-1184.000000 -707.773040 41.000000) 
3 393 399 (-1184.000000 -687.999964 104.000000) (-1184.000000 -707.950384 41.000000) (-1134.674584 -706.390351 41.000000) 
4 393 397 (-1181.000000 -661.000000 188.961629) (-1184.000000 -661.000000 189.261250) (-1184.000000 -687.999964 104.000000) (-1181.000000 -687.912562 103.976378) 
4 393 395 (-588.000000 -670.636184 99.307087) (-588.000000 -661.000000 129.736500) (-1181.000000 -661.000000 188.961629) (-1181.000000 -687.912562 103.976378) 
4 393 394 (-1129.996807 -706.242429 41.000000) (-1184.000000 -707.950406 41.000000) (-1184.000000 -707.773057 41.000000) (-1130.035584 -706.001149 41.000000) 
4 394 412 (-1184.000000 -723.661534 -9.000000) (-1181.000000 -723.563030 -9.000000) (-1181.000000 -723.689191 -9.000000) (-1184.000000 -723.784073 -9.000000) 
4 394 406 (-1181.000000 -723.563030 -9.000000) (-1124.992966 -721.724053 -9.000000) (-1124.961979 -721.916857 -9.000000) (-1181.000000 -723.689191 -9.000000) 
3 394 405 (-1129.306393 -708.391814 34.143583) (-1129.392632 -708.123337 35.000000) (-1129.976920 -708.141817 35.000000) 
5 394 399 (-1184.000000 -723.784050 -9.000000) (-1124.961983 -721.916834 -9.000000) (-1129.306393 -708.391814 34.143583) (-1134.674584 -706.390351 41.000000) (-1184.000000 -707.950384 41.000000) 
4 395 485 (-1181.000000 -1065.000000 256.000000) (-1181.000000 -1065.000000 205.405050) (-588.000000 -1065.000000 205.382745) (-588.000000 -1065.000000 256.000000) 
4 395 443 (-588.000000 -1065.000000 322.000000) (-1083.027891 -1065.000000 322.000000) (-1083.027891 -1065.000000 256.000000) (-588.000000 -1065.000000 256.000000) 
4 395 441 (-1083.027891 -1065.000000 322.000000) (-1181.000000 -1065.000000 322.000000) (-1181.000000 -1065.000000 256.000000) (-1083.027891 -1065.000000 256.000000) 
4 395 398 (-1181.000000 -934.000000 170.168777) (-1181.000000 -956.000000 176.086319) (-1181.000000 -956.000000 322.000000) (-1181.000000 -934.000000 322.000000) 
5 395 397 (-1181.000000 -661.000000 271.000000) (-1181.000000 -661.000000 188.961695) (-1181.000000 -687.912583 103.976384) (-1181.000000 -934.000000 170.168777) (-1181.000000 -934.000000 271.000000) 
4 395 396 (-1181.000000 -661.000000 322.000000) (-1181.000000 -661.000000 271.000000) (-1181.000000 -934.000000 271.000000) (-1181.000000 -934.000000 322.000000) 
4 396 425 (-1309.000000 -934.000000 322.000000) (-1309.000000 -661.000000 322.000000) (-1309.000000 -661.000000 271.000000) (-1309.000000 -934.000000 271.000000) 
4 396 398 (-1309.000000 -934.000000 322.000000) (-1309.000000 -934.000000 271.000000) (-1181.000000 -934.000000 271.000000) (-1181.000000 -934.000000 322.000000) 
4 396 397 (-1184.000000 -661.000000 271.000000) (-1181.000000 -661.000000 271.000000) (-1181.000000 -934.000000 271.000000) (-1184.000000 -934.000000 271.000000) 
4 397 398 (-1184.000000 -934.000000 170.168890) (-1181.000000 -934.000000 170.168777) (-1181.000000 -934.000000 271.000000) (-1184.000000 -934.000000 271.000000) 
4 398 426 (-1309.000000 -934.000000 271.000000) (-1309.000000 -934.000000 170.173592) (-1309.000000 -956.000000 176.091134) (-1309.000000 -956.000000 271.000000) 
4 398 425 (-1309.000000 -956.000000 322.000000) (-1309.000000 -934.000000 322.000000) (-1309.000000 -934.000000 271.000000) (-1309.000000 -956.000000 271.000000) 
4 398 404 (-1309.000000 -956.000000 176.091133) (-1309.000000 -934.000000 170.173591) (-1192.538014 -934.000000 170.169210) (-1193.301571 -956.000000 176.086781) 
4 399 416 (-1181.000000 -831.000000 -9.000000) (-1181.000000 -871.000000 -9.000000) (-1184.000000 -871.000000 -9.000000) (-1184.000000 -831.000000 -9.000000) 
4 399 414 (-1181.000000 -770.000000 -9.000000) (-1181.000000 -831.000000 -9.000000) (-1184.000000 -831.000000 -9.000000) (-1184.000000 -770.000000 -9.000000) 
4 399 412 (-1184.000000 -723.784073 -9.000000) (-1181.000000 -723.689191 -9.000000) (-1181.000000 -770.000000 -9.000000) (-1184.000000 -770.000000 -9.000000) 
4 399 406 (-1181.000000 -723.689191 -9.000000) (-1124.961979 -721.916857 -9.000000) (-1101.002187 -871.000000 -9.000000) (-1181.000000 -871.000000 -9.000000) 
4 399 405 (-1129.306403 -708.391795 34.143717) (-1129.976825 -708.141837 35.000000) (-1103.417203 -871.000000 35.000000) (-1103.201247 -871.000000 34.706317) 
4 399 402 (-1184.000000 -871.000000 -9.000000) (-1183.000000 -871.000000 -9.000000) (-1183.000000 -871.000000 5.000000) (-1184.000000 -871.000000 5.000000) 
5 399 401 (-1183.000000 -871.000000 -9.000000) (-1101.002187 -871.000000 -9.000000) (-1103.201240 -871.000000 34.706182) (-1128.418781 -871.000000 69.000000) (-1183.000000 -871.000000 69.000000) 
3 399 400 (-1128.418781 -871.000000 69.000000) (-1184.000000 -871.000000 144.585963) (-1184.000000 -871.000000 69.000000) 
4 400 404 (-1181.000000 -934.000000 154.478444) (-1184.000000 -934.000000 158.558201) (-1184.000000 -934.000000 69.000000) (-1181.000000 -934.000000 69.000000) 
3 400 403 (-1118.144466 -934.000000 69.000000) (-1181.000000 -934.000000 154.478444) (-1181.000000 -934.000000 69.000000) 
4 400 401 (-1183.000000 -871.000000 69.000000) (-1128.418781 -871.000000 69.000000) (-1118.144466 -934.000000 69.000000) (-1183.000000 -934.000000 69.000000) 
4 401 417 (-1181.000000 -934.000000 -9.000000) (-1183.000000 -934.000000 -9.000000) (-1183.000000 -932.000000 -9.000000) (-1181.000000 -932.000000 -9.000000) 
4 401 416 (-1183.000000 -932.000000 -9.000000) (-1183.000000 -871.000000 -9.000000) (-1181.000000 -871.000000 -9.000000) (-1181.000000 -932.000000 -9.000000) 
4 401 406 (-1101.002187 -871.000000 -9.000000) (-1090.877186 -934.000000 -9.000000) (-1181.000000 -934.000000 -9.000000) (-1181.000000 -871.000000 -9.000000) 
4 401 405 (-1093.142887 -934.000000 35.000000) (-1093.087213 -934.000000 34.924287) (-1103.201247 -871.000000 34.706317) (-1103.417203 -871.000000 35.000000) 
4 401 404 (-1181.000000 -934.000000 69.000000) (-1183.000000 -934.000000 69.000000) (-1183.000000 -934.000000 -9.000000) (-1181.000000 -934.000000 -9.000000) 
5 401 403 (-1090.877186 -934.000000 -9.000000) (-1093.087206 -934.000000 34.924153) (-1118.144466 -934.000000 69.000000) (-1181.000000 -934.000000 69.000000) (-1181.000000 -934.000000 -9.000000) 
4 401 402 (-1183.000000 -871.000000 5.000000) (-1183.000000 -871.000000 -9.000000) (-1183.000000 -934.000000 -9.000000) (-1183.000000 -934.000000 5.000000) 
4 402 417 (-1183.000000 -934.000000 -9.000000) (-1184.000000 -934.000000 -9.000000) (-1184.000000 -932.000000 -9.000000) (-1183.000000 -932.000000 -9.000000) 
4 402 416 (-1184.000000 -932.000000 -9.000000) (-1184.000000 -871.000000 -9.000000) (-1183.000000 -871.000000 -9.000000) (-1183.000000 -932.000000 -9.000000) 
4 402 404 (-1184.000000 -934.000000 5.000000) (-1184.000000 -934.000000 -9.000000) (-1183.000000 -934.000000 -9.000000) (-1183.000000 -934.000000 5.000000) 
4 403 496 (-1181.000000 -1065.000000 -9.000000) (-1069.823613 -1065.000000 -9.000000) (-1072.037449 -1065.000000 35.000000) (-1181.000000 -1065.000000 35.000000) 
4 403 484 (-1072.037449 -1065.000000 35.000000) (-1072.056438 -1065.000000 35.377393) (-1181.000000 -1065.000000 183.531829) (-1181.000000 -1065.000000 35.000000) 
4 403 406 (-1069.823613 -1065.000000 -9.000000) (-1181.000000 -1065.000000 -9.000000) (-1181.000000 -934.000000 -9.000000) (-1090.877186 -934.000000 -9.000000) 
3 403 405 (-1089.574073 -955.883236 35.000000) (-1093.087213 -934.000000 34.924287) (-1093.142887 -934.000000 35.000000) 
4 403 404 (-1181.000000 -934.000000 154.478444) (-1181.000000 -934.000000 -9.000000) (-1181.000000 -956.000000 -9.000000) (-1181.000000 -956.000000 159.357638) 
4 404 426 (-1309.000000 -956.000000 176.091134) (-1309.000000 -934.000000 170.173592) (-1309.000000 -934.000000 -9.000000) (-1309.000000 -956.000000 -9.000000) 
4 404 421 (-1309.000000 -956.000000 -9.000000) (-1309.000000 -934.000000 -9.000000) (-1258.000000 -934.000000 -9.000000) (-1258.000000 -956.000000 -9.000000) 
4 404 418 (-1187.000000 -934.000000 -9.000000) (-1181.000000 -934.000000 -9.000000) (-1181.000000 -956.000000 -9.000000) (-1187.000000 -956.000000 -9.000000) 
4 404 419 (-1258.000000 -934.000000 -9.000000) (-1187.000000 -934.000000 -9.000000) (-1187.000000 -956.000000 -9.000000) (-1258.000000 -956.000000 -9.000000) 
4 406 497 (-1069.823613 -1065.000000 -9.000000) (-1181.000000 -1065.000000 -9.000000) (-1181.000000 -1065.000000 -12.000000) (-1069.672669 -1065.000000 -12.000000) 
4 406 498 (-1181.000000 -1065.000000 -12.000000) (-1181.000000 -1065.000000 -122.000000) (-1064.138078 -1065.000000 -122.000000) (-1069.672669 -1065.000000 -12.000000) 
4 406 423 (-1181.000000 -1065.000000 -122.000000) (-1181.000000 -1065.000000 -9.000000) (-1181.000000 -958.000000 -9.000000) (-1181.000000 -958.000000 -122.000000) 
4 406 417 (-1181.000000 -934.000000 -9.000000) (-1181.000000 -932.000000 -9.000000) (-1181.000000 -932.000000 -122.000000) (-1181.000000 -934.000000 -122.000000) 
4 406 418 (-1181.000000 -956.000000 -9.000000) (-1181.000000 -934.000000 -9.000000) (-1181.000000 -934.000000 -122.000000) (-1181.000000 -956.000000 -122.000000) 
4 406 416 (-1181.000000 -932.000000 -9.000000) (-1181.000000 -831.000000 -9.000000) (-1181.000000 -831.000000 -122.000000) (-1181.000000 -932.000000 -122.000000) 
4 406 414 (-1181.000000 -831.000000 -9.000000) (-1181.000000 -770.000000 -9.000000) (-1181.000000 -770.000000 -122.000000) (-1181.000000 -831.000000 -122.000000) 
4 406 410 (-1181.000000 -663.000000 -9.000000) (-1181.000000 -661.000000 -9.000000) (-1181.000000 -661.000000 -122.000000) (-1181.000000 -663.000000 -122.000000) 
4 406 412 (-1181.000000 -770.000000 -9.000000) (-1181.000000 -663.000000 -9.000000) (-1181.000000 -663.000000 -122.000000) (-1181.000000 -770.000000 -122.000000) 
4 406 409 (-1064.138078 -1065.000000 -122.000000) (-1181.000000 -1065.000000 -122.000000) (-1181.000000 -661.000000 -122.000000) (-1129.066654 -661.000000 -122.000000) 
4 406 408 (-1129.267844 -661.000000 -117.999998) (-1134.752120 -661.000000 -9.000000) (-1124.992897 -721.724051 -9.000000) (-1113.999988 -755.999981 -117.999998) 
4 406 407 (-1129.066586 -661.000000 -122.000000) (-1129.267844 -661.000000 -117.999998) (-1064.339267 -1065.000000 -117.999998) (-1064.138009 -1065.000000 -122.000000) 
4 407 506 (-1050.000000 -1065.000000 -118.108511) (-1064.339336 -1065.000000 -117.999997) (-1064.138078 -1065.000000 -122.000000) (-1050.000000 -1065.000000 -122.000000) 
4 407 494 (-588.000000 -1065.000000 -122.000000) (-588.000000 -1065.000000 -121.604728) (-1050.000000 -1065.000000 -118.108511) (-1050.000000 -1065.000000 -122.000000) 
4 407 409 (-931.000000 -1065.000000 -122.000000) (-1064.138078 -1065.000000 -122.000000) (-1129.066654 -661.000000 -122.000000) (-931.000000 -661.000000 -122.000000) 
4 407 408 (-588.000000 -739.995664 -122.000000) (-600.695732 -661.000000 -122.000000) (-1129.267913 -661.000000 -117.999994) (-1114.000057 -755.999982 -117.999994) 
4 409 545 (-1181.000000 -1065.000000 -125.000000) (-931.000000 -1065.000000 -125.000000) (-931.000000 -1065.000000 -123.000000) (-1181.000000 -1065.000000 -123.000000) 
4 409 507 (-1050.000000 -1065.000000 -122.000000) (-1064.138078 -1065.000000 -122.000000) (-1064.087764 -1065.000000 -123.000000) (-1050.000000 -1065.000000 -123.000000) 
4 409 498 (-1064.138078 -1065.000000 -122.000000) (-1181.000000 -1065.000000 -122.000000) (-1181.000000 -1065.000000 -123.000000) (-1064.087764 -1065.000000 -123.000000) 
4 409 495 (-931.000000 -1065.000000 -123.000000) (-931.000000 -1065.000000 -122.000000) (-1050.000000 -1065.000000 -122.000000) (-1050.000000 -1065.000000 -123.000000) 
4 409 423 (-1181.000000 -1065.000000 -123.000000) (-1181.000000 -1065.000000 -122.000000) (-1181.000000 -958.000000 -122.000000) (-1181.000000 -958.000000 -123.000000) 
4 409 424 (-1181.000000 -956.000000 -125.000000) (-1181.000000 -1065.000000 -125.000000) (-1181.000000 -1065.000000 -123.000000) (-1181.000000 -956.000000 -123.000000) 
4 409 417 (-1181.000000 -934.000000 -122.000000) (-1181.000000 -932.000000 -122.000000) (-1181.000000 -932.000000 -123.000000) (-1181.000000 -934.000000 -123.000000) 
4 409 418 (-1181.000000 -956.000000 -123.000000) (-1181.000000 -956.000000 -122.000000) (-1181.000000 -934.000000 -122.000000) (-1181.000000 -934.000000 -123.000000) 
4 409 420 (-1181.000000 -932.000000 -125.000000) (-1181.000000 -956.000000 -125.000000) (-1181.000000 -956.000000 -123.000000) (-1181.000000 -932.000000 -123.000000) 
4 409 416 (-1181.000000 -831.000000 -125.000000) (-1181.000000 -932.000000 -125.000000) (-1181.000000 -932.000000 -122.000000) (-1181.000000 -831.000000 -122.000000) 
4 409 414 (-1181.000000 -770.000000 -125.000000) (-1181.000000 -831.000000 -125.000000) (-1181.000000 -831.000000 -122.000000) (-1181.000000 -770.000000 -122.000000) 
4 409 410 (-1181.000000 -663.000000 -122.000000) (-1181.000000 -661.000000 -122.000000) (-1181.000000 -661.000000 -123.000000) (-1181.000000 -663.000000 -123.000000) 
4 409 412 (-1181.000000 -770.000000 -123.000000) (-1181.000000 -770.000000 -122.000000) (-1181.000000 -663.000000 -122.000000) (-1181.000000 -663.000000 -123.000000) 
4 409 413 (-1181.000000 -661.000000 -125.000000) (-1181.000000 -770.000000 -125.000000) (-1181.000000 -770.000000 -123.000000) (-1181.000000 -661.000000 -123.000000) 
4 410 413 (-1184.000000 -661.000000 -123.000000) (-1181.000000 -661.000000 -123.000000) (-1181.000000 -663.000000 -123.000000) (-1184.000000 -663.000000 -123.000000) 
4 410 412 (-1184.000000 -663.000000 -123.000000) (-1181.000000 -663.000000 -123.000000) (-1181.000000 -663.000000 -9.000000) (-1184.000000 -663.000000 -9.000000) 
4 411 412 (-1258.000000 -663.000000 -9.000000) (-1258.000000 -663.000000 -123.000000) (-1187.000000 -663.000000 -123.000000) (-1187.000000 -663.000000 -9.000000) 
4 411 413 (-1258.000000 -663.000000 -123.000000) (-1258.000000 -661.000000 -123.000000) (-1187.000000 -661.000000 -123.000000) (-1187.000000 -663.000000 -123.000000) 
4 412 415 (-1255.000000 -770.000000 -9.000000) (-1258.000000 -770.000000 -9.000000) (-1258.000000 -770.000000 -26.000000) (-1255.000000 -770.000000 -26.000000) 
4 412 414 (-1181.000000 -770.000000 -9.000000) (-1255.000000 -770.000000 -9.000000) (-1255.000000 -770.000000 -123.000000) (-1181.000000 -770.000000 -123.000000) 
4 412 413 (-1181.000000 -770.000000 -123.000000) (-1258.000000 -770.000000 -123.000000) (-1258.000000 -663.000000 -123.000000) (-1181.000000 -663.000000 -123.000000) 
4 413 414 (-1255.000000 -770.000000 -125.000000) (-1181.000000 -770.000000 -125.000000) (-1181.000000 -770.000000 -123.000000) (-1255.000000 -770.000000 -123.000000) 
4 414 416 (-1255.000000 -831.000000 -125.000000) (-1181.000000 -831.000000 -125.000000) (-1181.000000 -831.000000 -9.000000) (-1255.000000 -831.000000 -9.000000) 
4 414 415 (-1255.000000 -770.000000 -9.000000) (-1255.000000 -770.000000 -26.000000) (-1255.000000 -831.000000 -26.000000) (-1255.000000 -831.000000 -9.000000) 
4 415 416 (-1258.000000 -831.000000 -26.000000) (-1255.000000 -831.000000 -26.000000) (-1255.000000 -831.000000 -9.000000) (-1258.000000 -831.000000 -9.000000) 
4 416 417 (-1181.000000 -932.000000 -123.000000) (-1181.000000 -932.000000 -9.000000) (-1184.000000 -932.000000 -9.000000) (-1184.000000 -932.000000 -123.000000) 
4 416 419 (-1187.000000 -932.000000 -9.000000) (-1258.000000 -932.000000 -9.000000) (-1258.000000 -932.000000 -123.000000) (-1187.000000 -932.000000 -123.000000) 
4 416 420 (-1258.000000 -932.000000 -125.000000) (-1181.000000 -932.000000 -125.000000) (-1181.000000 -932.000000 -123.000000) (-1258.000000 -932.000000 -123.000000) 
4 417 418 (-1184.000000 -934.000000 -123.000000) (-1181.000000 -934.000000 -123.000000) (-1181.000000 -934.000000 -9.000000) (-1184.000000 -934.000000 -9.000000) 
4 417 420 (-1184.000000 -932.000000 -123.000000) (-1181.000000 -932.000000 -123.000000) (-1181.000000 -934.000000 -123.000000) (-1184.000000 -934.000000 -123.000000) 
4 418 422 (-1184.000000 -956.000000 -9.000000) (-1187.000000 -956.000000 -9.000000) (-1187.000000 -956.000000 -123.000000) (-1184.000000 -956.000000 -123.000000) 
4 418 419 (-1187.000000 -934.000000 -123.000000) (-1187.000000 -956.000000 -123.000000) (-1187.000000 -956.000000 -9.000000) (-1187.000000 -934.000000 -9.000000) 
4 418 420 (-1181.000000 -934.000000 -123.000000) (-1181.000000 -956.000000 -123.000000) (-1187.000000 -956.000000 -123.000000) (-1187.000000 -934.000000 -123.000000) 
4 419 422 (-1187.000000 -956.000000 -9.000000) (-1255.000000 -956.000000 -9.000000) (-1255.000000 -956.000000 -123.000000) (-1187.000000 -956.000000 -123.000000) 
4 419 421 (-1258.000000 -956.000000 -123.000000) (-1258.000000 -956.000000 -9.000000) (-1258.000000 -934.000000 -9.000000) (-1258.000000 -934.000000 -123.000000) 
4 419 420 (-1258.000000 -956.000000 -123.000000) (-1258.000000 -932.000000 -123.000000) (-1187.000000 -932.000000 -123.000000) (-1187.000000 -956.000000 -123.000000) 
4 420 424 (-1255.000000 -956.000000 -125.000000) (-1181.000000 -956.000000 -125.000000) (-1181.000000 -956.000000 -123.000000) (-1255.000000 -956.000000 -123.000000) 
4 420 421 (-1258.000000 -934.000000 -125.000000) (-1258.000000 -956.000000 -125.000000) (-1258.000000 -956.000000 -123.000000) (-1258.000000 -934.000000 -123.000000) 
4 421 426 (-1309.000000 -934.000000 -125.000000) (-1309.000000 -956.000000 -125.000000) (-1309.000000 -956.000000 -9.000000) (-1309.000000 -934.000000 -9.000000) 
4 422 423 (-1255.000000 -958.000000 -9.000000) (-1255.000000 -958.000000 -123.000000) (-1184.000000 -958.000000 -123.000000) (-1184.000000 -958.000000 -9.000000) 
4 422 424 (-1255.000000 -958.000000 -123.000000) (-1255.000000 -956.000000 -123.000000) (-1184.000000 -956.000000 -123.000000) (-1184.000000 -958.000000 -123.000000) 
4 423 503 (-1252.000000 -1065.000000 -9.000000) (-1255.000000 -1065.000000 -9.000000) (-1255.000000 -1065.000000 -26.000000) (-1252.000000 -1065.000000 -26.000000) 
4 423 499 (-1181.000000 -1065.000000 -123.000000) (-1181.000000 -1065.000000 -9.000000) (-1252.000000 -1065.000000 -9.000000) (-1252.000000 -1065.000000 -123.000000) 
4 423 424 (-1181.000000 -1065.000000 -123.000000) (-1255.000000 -1065.000000 -123.000000) (-1255.000000 -958.000000 -123.000000) (-1181.000000 -958.000000 -123.000000) 
4 424 545 (-1252.000000 -1065.000000 -125.000000) (-1181.000000 -1065.000000 -125.000000) (-1181.000000 -1065.000000 -123.000000) (-1252.000000 -1065.000000 -123.000000) 
4 425 491 (-1309.000000 -1065.000000 322.000000) (-1312.000000 -1065.000000 322.000000) (-1312.000000 -1065.000000 271.000000) (-1309.000000 -1065.000000 271.000000) 
4 425 427 (-1312.000000 -978.000000 322.000000) (-1312.000000 -661.000000 322.000000) (-1312.000000 -661.000000 271.000000) (-1312.000000 -978.000000 271.000000) 
4 425 431 (-1312.000000 -1065.000000 271.000000) (-1312.000000 -1065.000000 322.000000) (-1312.000000 -978.000000 322.000000) (-1312.000000 -978.000000 271.000000) 
4 425 426 (-1312.000000 -1065.000000 271.000000) (-1312.000000 -934.000000 271.000000) (-1309.000000 -934.000000 271.000000) (-1309.000000 -1065.000000 271.000000) 
4 426 547 (-1312.000000 -1065.000000 -123.000000) (-1312.000000 -1065.000000 -125.000000) (-1309.000000 -1065.000000 -125.000000) (-1309.000000 -1065.000000 -123.000000) 
4 426 539 (-1312.000000 -1065.000000 -122.000000) (-1312.000000 -1065.000000 -123.000000) (-1309.000000 -1065.000000 -123.000000) (-1309.000000 -1065.000000 -122.000000) 
4 426 538 (-1312.000000 -1065.000000 35.000000) (-1312.000000 -1065.000000 -122.000000) (-1309.000000 -1065.000000 -122.000000) (-1309.000000 -1065.000000 35.000000) 
4 426 491 (-1312.000000 -1065.000000 271.000000) (-1312.000000 -1065.000000 35.000000) (-1309.000000 -1065.000000 35.000000) (-1309.000000 -1065.000000 271.000000) 
4 426 428 (-1312.000000 -978.000000 -123.000000) (-1312.000000 -978.000000 70.000000) (-1312.000000 -934.000000 70.000000) (-1312.000000 -934.000000 -123.000000) 
4 426 430 (-1312.000000 -934.000000 -125.000000) (-1312.000000 -978.000000 -125.000000) (-1312.000000 -978.000000 -123.000000) (-1312.000000 -934.000000 -123.000000) 
4 426 427 (-1312.000000 -978.000000 70.000000) (-1312.000000 -978.000000 271.000000) (-1312.000000 -934.000000 271.000000) (-1312.000000 -934.000000 70.000000) 
4 426 431 (-1312.000000 -978.000000 -125.000000) (-1312.000000 -1065.000000 -125.000000) (-1312.000000 -1065.000000 271.000000) (-1312.000000 -978.000000 271.000000) 
4 427 428 (-1347.000000 -267.000000 70.000000) (-1312.000000 -267.000000 70.000000) (-1312.000000 -978.000000 70.000000) (-1347.000000 -978.000000 70.000000) 
4 427 429 (-1422.000000 -978.000000 70.000000) (-1422.000000 -267.000000 70.000000) (-1361.000000 -267.000000 70.000000) (-1361.000000 -978.000000 70.000000) 
4 427 431 (-1312.000000 -978.000000 70.000000) (-1312.000000 -978.000000 322.000000) (-1422.000000 -978.000000 322.000000) (-1422.000000 -978.000000 70.000000) 
4 428 431 (-1312.000000 -978.000000 -123.000000) (-1312.000000 -978.000000 70.000000) (-1347.000000 -978.000000 70.000000) (-1347.000000 -978.000000 -123.000000) 
4 428 430 (-1312.000000 -978.000000 -123.000000) (-1347.000000 -978.000000 -123.000000) (-1347.000000 -267.000000 -123.000000) (-1312.000000 -267.000000 -123.000000) 
4 429 430 (-1361.000000 -978.000000 -123.000000) (-1422.000000 -978.000000 -123.000000) (-1422.000000 -267.000000 -123.000000) (-1361.000000 -267.000000 -123.000000) 
4 429 431 (-1361.000000 -978.000000 70.000000) (-1422.000000 -978.000000 70.000000) (-1422.000000 -978.000000 -123.000000) (-1361.000000 -978.000000 -123.000000) 
4 430 433 (-1422.000000 -978.000000 -125.000000) (-1422.000000 -267.000000 -125.000000) (-1379.000000 -267.000000 -125.000000) (-1379.000000 -978.000000 -125.000000) 
4 430 431 (-1422.000000 -978.000000 -125.000000) (-1312.000000 -978.000000 -125.000000) (-1312.000000 -978.000000 -123.000000) (-1422.000000 -978.000000 -123.000000) 
4 431 547 (-1379.000000 -1065.000000 -125.000000) (-1312.000000 -1065.000000 -125.000000) (-1312.000000 -1065.000000 -123.000000) (-1379.000000 -1065.000000 -123.000000) 
4 431 539 (-1312.000000 -1065.000000 -123.000000) (-1312.000000 -1065.000000 -122.000000) (-1376.000000 -1065.000000 -122.000000) (-1376.000000 -1065.000000 -123.000000) 
4 431 538 (-1312.000000 -1065.000000 -122.000000) (-1312.000000 -1065.000000 35.000000) (-1376.000000 -1065.000000 35.000000) (-1376.000000 -1065.000000 -122.000000) 
4 431 543 (-1376.000000 -1065.000000 35.000000) (-1379.000000 -1065.000000 35.000000) (-1379.000000 -1065.000000 -123.000000) (-1376.000000 -1065.000000 -123.000000) 
4 431 552 (-1422.000000 -1065.000000 35.000000) (-1422.000000 -1065.000000 -125.000000) (-1379.000000 -1065.000000 -125.000000) (-1379.000000 -1065.000000 35.000000) 
4 431 491 (-1312.000000 -1065.000000 322.000000) (-1422.000000 -1065.000000 322.000000) (-1422.000000 -1065.000000 35.000000) (-1312.000000 -1065.000000 35.000000) 
4 431 433 (-1422.000000 -1065.000000 -125.000000) (-1422.000000 -978.000000 -125.000000) (-1379.000000 -978.000000 -125.000000) (-1379.000000 -1065.000000 -125.000000) 
4 432 550 (-561.000000 -1065.000000 -217.000000) (-561.000000 -1065.000000 -136.000000) (-1379.000000 -1065.000000 -136.000000) (-1379.000000 -1065.000000 -217.000000) 
4 432 433 (-1379.000000 -267.000000 -136.000000) (-1379.000000 -267.000000 -217.000000) (-1379.000000 -1065.000000 -217.000000) (-1379.000000 -1065.000000 -136.000000) 
4 433 552 (-1379.000000 -1065.000000 -125.000000) (-1422.000000 -1065.000000 -125.000000) (-1422.000000 -1065.000000 -217.000000) (-1379.000000 -1065.000000 -217.000000) 
4 434 553 (-1422.000000 -1065.000000 648.000000) (-1454.000000 -1065.000000 648.000000) (-1454.000000 -1065.000000 -217.000000) (-1422.000000 -1065.000000 -217.000000) 
4 435 437 (-561.000000 -1850.000000 611.000000) (-561.000000 -1887.000000 611.000000) (-1422.000000 -1887.000000 611.000000) (-1422.000000 -1850.000000 611.000000) 
4 435 553 (-1422.000000 -1887.000000 611.000000) (-1422.000000 -1887.000000 648.000000) (-1422.000000 -1065.000000 648.000000) (-1422.000000 -1065.000000 611.000000) 
4 436 551 (-561.000000 -1775.783169 35.000000) (-561.000000 -1775.643595 -217.000000) (-1379.000000 -1810.650039 -217.000000) (-1379.000000 -1810.789612 35.000000) 
4 436 552 (-1379.000000 -1810.650039 -217.000000) (-1422.000000 -1812.490231 -217.000000) (-1422.000000 -1812.629804 35.000000) (-1379.000000 -1810.789612 35.000000) 
4 436 492 (-1181.000000 -1802.316170 35.000000) (-1422.000000 -1812.629804 35.000000) (-1422.000000 -1812.948829 611.000000) (-1181.000000 -1802.635195 611.000000) 
4 436 489 (-561.000000 -1775.905573 256.000000) (-561.000000 -1775.783169 35.000000) (-1181.000000 -1802.316170 35.000000) (-1181.000000 -1802.438574 256.000000) 
4 436 482 (-1051.597410 -1796.982740 404.000000) (-1181.000000 -1802.520545 404.000000) (-1181.000000 -1802.595026 538.474853) (-1097.000066 -1798.999972 537.999988) 
4 436 483 (-561.000000 -1775.987544 404.000000) (-561.000000 -1775.905573 256.000000) (-1181.000000 -1802.438574 256.000000) (-1181.000000 -1802.520545 404.000000) 
4 436 438 (-561.000000 -1776.102194 611.000000) (-561.000000 -1776.060084 534.969898) (-1181.000000 -1802.595026 538.474853) (-1181.000000 -1802.635195 611.000000) 
4 437 553 (-1422.000000 -1887.000000 -217.000000) (-1422.000000 -1887.000000 611.000000) (-1422.000000 -1850.000000 611.000000) (-1422.000000 -1850.000000 -217.000000) 
4 438 490 (-1181.000000 -1065.000000 611.000000) (-1181.000000 -1065.000000 445.989148) (-1181.000000 -1229.000000 466.552811) (-1181.000000 -1229.000000 611.000000) 
4 438 492 (-1181.000000 -1229.000000 466.552811) (-1181.000000 -1802.595107 538.474863) (-1181.000000 -1802.635276 611.000000) (-1181.000000 -1229.000000 611.000000) 
4 438 482 (-1181.000000 -1802.595107 538.474861) (-1181.000000 -1723.000000 528.494575) (-1102.156406 -1723.000000 528.471966) (-1097.000060 -1799.000053 537.999997) 
4 438 480 (-1181.000000 -1723.000000 528.494575) (-1181.000000 -1699.000000 525.485258) (-1103.784725 -1699.000000 525.463117) (-1102.156406 -1723.000000 528.471966) 
4 438 442 (-1083.027891 -1065.000000 445.961053) (-561.000000 -1065.000000 445.811360) (-561.000000 -1096.043643 449.703866) (-1082.097779 -1118.388449 452.655067) 
4 438 440 (-1181.000000 -1699.000000 525.485258) (-1181.000000 -1122.629402 453.215193) (-1143.000067 -1120.999955 452.999983) (-1103.784725 -1699.000000 525.463117) 
4 438 439 (-1181.000000 -1122.629402 453.215193) (-1181.000000 -1065.000000 445.989147) (-1083.027891 -1065.000000 445.961053) (-1082.097779 -1118.388449 452.655067) 
4 439 490 (-1181.000000 -1065.000000 445.989148) (-1181.000000 -1065.000000 404.000000) (-1181.000000 -1153.668985 404.000000) (-1181.000000 -1122.629401 453.215194) 
4 439 450 (-1082.017499 -1123.000000 405.000000) (-1082.000078 -1124.000000 405.000000) (-1082.000078 -1124.000000 404.000000) (-1082.017499 -1123.000000 404.000000) 
4 439 443 (-1083.027952 -1065.000000 404.000000) (-1083.027952 -1065.000000 405.000000) (-1082.017499 -1123.000000 405.000000) (-1082.017499 -1123.000000 404.000000) 
4 439 442 (-1083.027952 -1065.000000 405.000000) (-1083.027952 -1065.000000 445.961055) (-1082.097840 -1118.388451 452.655069) (-1081.574646 -1148.419774 405.000000) 
4 439 440 (-1143.000067 -1120.999970 452.999987) (-1181.000000 -1122.629417 453.215196) (-1181.000000 -1153.669003 404.000000) (-1123.002840 -1150.974911 404.000000) 
4 439 441 (-1181.000000 -1153.668985 404.000000) (-1181.000000 -1065.000000 404.000000) (-1083.027891 -1065.000000 404.000000) (-1081.563606 -1149.049952 404.000000) 
4 440 490 (-1181.000000 -1153.668985 404.000000) (-1181.000000 -1229.000000 404.000000) (-1181.000000 -1229.000000 466.552811) (-1181.000000 -1122.629401 453.215194) 
4 440 492 (-1181.000000 -1229.000000 404.000000) (-1181.000000 -1699.000000 404.000000) (-1181.000000 -1699.000000 525.485260) (-1181.000000 -1229.000000 466.552811) 
4 440 481 (-1181.000000 -1699.000000 405.000000) (-1181.000000 -1699.000000 404.000000) (-1082.000000 -1699.000000 404.000000) (-1082.000000 -1699.000000 405.000000) 
5 440 480 (-1181.000000 -1699.000000 525.485260) (-1181.000000 -1699.000000 405.000000) (-1071.982595 -1699.000000 405.000000) (-1071.982595 -1699.000000 432.061990) (-1103.784725 -1699.000000 525.463118) 
4 440 452 (-1071.982656 -1699.000000 432.062169) (-1071.982656 -1699.000000 404.000000) (-1072.000078 -1698.000000 404.000000) (-1072.000078 -1698.000000 431.788705) 
3 440 451 (-1073.706707 -1600.039456 405.000000) (-1072.000078 -1698.000000 431.788705) (-1072.000078 -1698.000000 405.000000) 
5 440 441 (-1071.982595 -1699.000000 404.000000) (-1181.000000 -1699.000000 404.000000) (-1181.000000 -1153.668985 404.000000) (-1123.002842 -1150.974893 404.000000) (-1073.770342 -1596.383328 404.000000) 
4 441 490 (-1181.000000 -1065.000000 404.000000) (-1181.000000 -1065.000000 322.000000) (-1181.000000 -1229.000000 322.000000) (-1181.000000 -1229.000000 404.000000) 
4 441 492 (-1181.000000 -1229.000000 256.000000) (-1181.000000 -1699.000000 256.000000) (-1181.000000 -1699.000000 404.000000) (-1181.000000 -1229.000000 404.000000) 
4 441 487 (-1181.000000 -1699.000000 256.000000) (-1181.000000 -1253.099870 256.000000) (-1082.000013 -1253.113714 256.000000) (-1082.000000 -1699.000000 256.000000) 
4 441 486 (-1181.000000 -1253.099870 256.000000) (-1181.000000 -1124.000000 256.000000) (-1082.000016 -1124.000000 256.000000) (-1082.000013 -1253.113714 256.000000) 
4 441 485 (-1181.000000 -1124.000000 256.000000) (-1181.000000 -1065.000000 256.000000) (-1083.027891 -1065.000000 256.000000) (-1082.000016 -1124.000000 256.000000) 
4 441 481 (-1181.000000 -1699.000000 404.000000) (-1181.000000 -1699.000000 256.000000) (-1082.000000 -1699.000000 256.000000) (-1082.000000 -1699.000000 404.000000) 
4 441 479 (-1071.982656 -1699.000000 256.000000) (-1072.000078 -1698.000000 256.000000) (-1072.000078 -1698.000000 404.000000) (-1071.982656 -1699.000000 404.000000) 
4 441 450 (-1082.000078 -1124.000000 256.000000) (-1082.017499 -1123.000000 256.000000) (-1082.017499 -1123.000000 404.000000) (-1082.000078 -1124.000000 404.000000) 
4 441 443 (-1082.017499 -1123.000000 256.000000) (-1083.027952 -1065.000000 256.000000) (-1083.027952 -1065.000000 404.000000) (-1082.017499 -1123.000000 404.000000) 
4 442 450 (-1082.000016 -1124.000000 405.000000) (-1082.017438 -1123.000000 405.000000) (-960.000000 -1123.000000 405.000000) (-960.000000 -1124.000000 405.000000) 
4 442 447 (-960.000000 -1123.000000 405.000000) (-567.000000 -1123.000000 405.000000) (-567.000000 -1124.000000 405.000000) (-960.000000 -1124.000000 405.000000) 
4 442 444 (-567.000000 -1123.000000 405.000000) (-561.000000 -1123.000000 405.000000) (-561.000000 -1124.000000 405.000000) (-567.000000 -1124.000000 405.000000) 
4 442 443 (-1082.017438 -1123.000000 405.000000) (-1083.027891 -1065.000000 405.000000) (-561.000000 -1065.000000 405.000000) (-561.000000 -1123.000000 405.000000) 
4 443 485 (-1083.027891 -1065.000000 256.000000) (-561.000000 -1065.000000 256.000000) (-561.000000 -1123.000000 256.000000) (-1082.017438 -1123.000000 256.000000) 
4 443 450 (-960.000000 -1123.000000 405.000000) (-1082.017438 -1123.000000 405.000000) (-1082.017438 -1123.000000 256.000000) (-960.000000 -1123.000000 256.000000) 
4 443 449 (-960.000000 -1123.000000 288.000000) (-960.000000 -1123.000000 256.000000) (-567.000000 -1123.000000 256.000000) (-567.000000 -1123.000000 288.000000) 
4 443 448 (-960.000000 -1123.000000 384.000000) (-960.000000 -1123.000000 288.000000) (-631.000000 -1123.000000 288.000000) (-631.000000 -1123.000000 384.000000) 
4 443 447 (-567.000000 -1123.000000 405.000000) (-960.000000 -1123.000000 405.000000) (-960.000000 -1123.000000 384.000000) (-567.000000 -1123.000000 384.000000) 
4 443 446 (-567.000000 -1123.000000 288.000000) (-567.000000 -1123.000000 256.000000) (-561.000000 -1123.000000 256.000000) (-561.000000 -1123.000000 288.000000) 
4 443 444 (-561.000000 -1123.000000 405.000000) (-567.000000 -1123.000000 405.000000) (-567.000000 -1123.000000 384.000000) (-561.000000 -1123.000000 384.000000) 
4 443 445 (-567.000000 -1123.000000 384.000000) (-567.000000 -1123.000000 288.000000) (-561.000000 -1123.000000 288.000000) (-561.000000 -1123.000000 384.000000) 
4 444 447 (-567.000000 -1124.000000 405.000000) (-567.000000 -1123.000000 405.000000) (-567.000000 -1123.000000 384.000000) (-567.000000 -1124.000000 384.000000) 
4 444 445 (-567.000000 -1124.000000 384.000000) (-567.000000 -1123.000000 384.000000) (-561.000000 -1123.000000 384.000000) (-561.000000 -1124.000000 384.000000) 
4 445 453 (-561.000000 -1155.000000 288.000000) (-561.000000 -1155.000000 384.000000) (-567.000000 -1155.000000 384.000000) (-567.000000 -1155.000000 288.000000) 
4 445 446 (-567.000000 -1124.000000 288.000000) (-567.000000 -1123.000000 288.000000) (-561.000000 -1123.000000 288.000000) (-561.000000 -1124.000000 288.000000) 
4 446 485 (-561.000000 -1123.000000 256.000000) (-561.000000 -1124.000000 256.000000) (-567.000000 -1124.000000 256.000000) (-567.000000 -1123.000000 256.000000) 
4 446 449 (-567.000000 -1123.000000 256.000000) (-567.000000 -1124.000000 256.000000) (-567.000000 -1124.000000 288.000000) (-567.000000 -1123.000000 288.000000) 
4 447 450 (-960.000000 -1123.000000 405.000000) (-960.000000 -1123.000000 384.000000) (-960.000000 -1124.000000 384.000000) (-960.000000 -1124.000000 405.000000) 
4 447 448 (-960.000000 -1124.000000 384.000000) (-960.000000 -1123.000000 384.000000) (-631.000000 -1123.000000 384.000000) (-631.000000 -1124.000000 384.000000) 
4 448 457 (-960.000000 -1155.000000 319.000000) (-960.000000 -1155.000000 288.000000) (-654.000000 -1155.000000 288.000000) (-654.000000 -1155.000000 319.000000) 
4 448 456 (-654.000000 -1155.000000 384.000000) (-960.000000 -1155.000000 384.000000) (-960.000000 -1155.000000 319.000000) (-654.000000 -1155.000000 319.000000) 
4 448 453 (-631.000000 -1155.000000 384.000000) (-654.000000 -1155.000000 384.000000) (-654.000000 -1155.000000 288.000000) (-631.000000 -1155.000000 288.000000) 
4 448 450 (-960.000000 -1123.000000 384.000000) (-960.000000 -1123.000000 288.000000) (-960.000000 -1124.000000 288.000000) (-960.000000 -1124.000000 384.000000) 
4 448 449 (-960.000000 -1124.000000 288.000000) (-960.000000 -1123.000000 288.000000) (-631.000000 -1123.000000 288.000000) (-631.000000 -1124.000000 288.000000) 
4 449 485 (-960.000000 -1124.000000 256.000000) (-960.000000 -1123.000000 256.000000) (-567.000000 -1123.000000 256.000000) (-567.000000 -1124.000000 256.000000) 
4 449 450 (-960.000000 -1123.000000 288.000000) (-960.000000 -1123.000000 256.000000) (-960.000000 -1124.000000 256.000000) (-960.000000 -1124.000000 288.000000) 
4 450 485 (-1082.000016 -1124.000000 256.000000) (-1082.017438 -1123.000000 256.000000) (-960.000000 -1123.000000 256.000000) (-960.000000 -1124.000000 256.000000) 
3 451 452 (-1072.000016 -1698.000000 431.788526) (-1072.000016 -1698.000000 405.000000) (-1062.878797 -1698.000000 405.000000) 
3 452 480 (-1071.982595 -1699.000000 432.061990) (-1071.982595 -1699.000000 405.000000) (-1062.768264 -1699.000000 405.000000) 
4 452 479 (-1062.427774 -1699.000000 404.000000) (-1071.982595 -1699.000000 404.000000) (-1072.000016 -1698.000000 404.000000) (-1062.538307 -1698.000000 404.000000) 
4 453 476 (-654.000000 -1626.857278 256.000000) (-654.000000 -1674.000000 256.000000) (-654.000000 -1674.000000 319.000000) (-654.000000 -1626.857278 319.000000) 
4 453 474 (-654.000000 -1496.368442 256.000000) (-654.000000 -1626.857278 256.000000) (-654.000000 -1626.857278 319.000000) (-654.000000 -1496.368442 319.000000) 
4 453 472 (-654.000000 -1423.666680 256.000000) (-654.000000 -1496.368442 256.000000) (-654.000000 -1496.368442 319.000000) (-654.000000 -1423.666680 319.000000) 
4 453 458 (-654.000000 -1394.894769 256.000000) (-654.000000 -1423.666680 256.000000) (-654.000000 -1423.666680 319.000000) (-654.000000 -1394.894769 319.000000) 
4 453 457 (-654.000000 -1155.000000 256.000000) (-654.000000 -1394.894769 256.000000) (-654.000000 -1394.894769 319.000000) (-654.000000 -1155.000000 319.000000) 
4 453 456 (-654.000000 -1674.000000 319.000000) (-654.000000 -1674.000000 404.000000) (-654.000000 -1155.000000 404.000000) (-654.000000 -1155.000000 319.000000) 
4 453 454 (-561.000000 -1674.000000 371.000000) (-561.000000 -1674.000000 404.000000) (-654.000000 -1674.000000 404.000000) (-654.000000 -1674.000000 371.000000) 
4 454 456 (-654.000000 -1698.000000 404.000000) (-654.000000 -1674.000000 404.000000) (-654.000000 -1674.000000 371.000000) (-654.000000 -1698.000000 371.000000) 
4 454 479 (-654.000000 -1699.000000 371.000000) (-654.000000 -1699.000000 404.000000) (-654.000000 -1698.000000 404.000000) (-654.000000 -1698.000000 371.000000) 
4 454 455 (-561.000000 -1699.000000 371.000000) (-654.000000 -1699.000000 371.000000) (-654.000000 -1698.000000 371.000000) (-561.000000 -1698.000000 371.000000) 
4 455 479 (-654.000000 -1698.000000 256.000000) (-654.000000 -1699.000000 256.000000) (-654.000000 -1699.000000 371.000000) (-654.000000 -1698.000000 371.000000) 
3 456 478 (-718.999959 -1502.999922 319.000000) (-724.723718 -1516.900480 319.000000) (-737.999966 -1510.999925 319.000000) 
3 456 477 (-737.500016 -1547.928632 319.000000) (-756.000095 -1502.999868 319.000000) (-724.723718 -1516.900480 319.000000) 
5 456 476 (-654.000000 -1698.000000 319.000000) (-675.705925 -1698.000000 319.000000) (-737.500016 -1547.928632 319.000000) (-712.000023 -1486.000077 319.000000) (-654.000000 -1626.857278 319.000000) 
3 456 475 (-675.705925 -1698.000000 319.000000) (-850.294109 -1698.000000 319.000000) (-763.000017 -1486.000057 319.000000) 
3 456 474 (-719.000054 -1468.999999 319.000000) (-654.000000 -1496.368442 319.000000) (-654.000000 -1626.857278 319.000000) 
4 456 473 (-850.294109 -1698.000000 319.000000) (-1047.000008 -1698.000000 319.000000) (-1048.723020 -1599.099137 319.000000) (-755.999999 -1469.000014 319.000000) 
3 456 472 (-738.000009 -1461.000019 319.000000) (-654.000000 -1423.666680 319.000000) (-654.000000 -1496.368442 319.000000) 
3 456 471 (-907.999981 -1516.999993 319.000000) (-913.723732 -1530.900533 319.000000) (-926.999963 -1524.999986 319.000000) 
4 456 470 (-913.723732 -1530.900533 319.000000) (-917.855988 -1540.936010 319.000000) (-932.469595 -1547.430947 319.000000) (-944.999997 -1516.999971 319.000000) 
3 456 469 (-900.999991 -1500.000018 319.000000) (-889.359110 -1528.270731 319.000000) (-917.855988 -1540.936010 319.000000) 
3 456 468 (-932.469595 -1547.430947 319.000000) (-980.280011 -1568.680021 319.000000) (-951.999994 -1499.999978 319.000000) 
4 456 467 (-908.000021 -1482.999946 319.000000) (-874.838989 -1496.962486 319.000000) (-866.187851 -1517.972393 319.000000) (-889.359110 -1528.270731 319.000000) 
4 456 466 (-1048.723020 -1599.099137 319.000000) (-1049.933163 -1529.636925 319.000000) (-944.999985 -1482.999956 319.000000) (-980.280011 -1568.680021 319.000000) 
3 456 465 (-926.999992 -1474.999959 319.000000) (-890.552509 -1458.801078 319.000000) (-874.838989 -1496.962486 319.000000) 
3 456 464 (-1009.000003 -1294.999983 319.000000) (-1020.834241 -1289.740321 319.000000) (-1015.999994 -1278.000005 319.000000) 
3 456 463 (-991.000002 -1302.999984 319.000000) (-1033.696610 -1320.977502 319.000000) (-1020.834241 -1289.740321 319.000000) 
4 456 462 (-1053.423639 -1329.283619 319.000000) (-1054.262782 -1281.116779 319.000000) (-1008.999983 -1260.999978 319.000000) (-1033.696610 -1320.977502 319.000000) 
3 456 461 (-1050.691508 -1486.107938 319.000000) (-1053.423639 -1329.283619 319.000000) (-971.999998 -1294.999982 319.000000) 
3 456 460 (-1054.262782 -1281.116779 319.000000) (-1055.223728 -1225.958468 319.000000) (-991.000059 -1253.000012 319.000000) 
4 456 459 (-1049.933163 -1529.636925 319.000000) (-1050.691508 -1486.107938 319.000000) (-965.000008 -1278.000005 319.000000) (-890.552509 -1458.801078 319.000000) 
4 456 458 (-971.999994 -1261.000039 319.000000) (-654.000000 -1394.894769 319.000000) (-654.000000 -1423.666680 319.000000) (-866.187851 -1517.972393 319.000000) 
4 456 457 (-1055.223728 -1225.958468 319.000000) (-1056.459939 -1155.000000 319.000000) (-654.000000 -1155.000000 319.000000) (-654.000000 -1394.894769 319.000000) 
4 456 479 (-654.000000 -1698.000000 319.000000) (-654.000000 -1698.000000 404.000000) (-1047.000008 -1698.000000 404.000000) (-1047.000008 -1698.000000 319.000000) 
4 457 460 (-1055.223728 -1225.958503 319.000000) (-1055.223728 -1225.958503 256.000000) (-991.000099 -1253.000030 256.000000) (-991.000099 -1253.000030 319.000000) 
4 457 458 (-971.999977 -1261.000082 256.000000) (-654.000000 -1394.894804 256.000000) (-654.000000 -1394.894804 319.000000) (-971.999977 -1261.000082 319.000000) 
4 458 473 (-756.000022 -1469.000070 319.000000) (-866.187835 -1517.972432 319.000000) (-866.187835 -1517.972432 256.000000) (-756.000022 -1469.000070 256.000000) 
4 458 472 (-654.000000 -1423.666726 256.000000) (-654.000000 -1423.666726 319.000000) (-737.999957 -1461.000041 319.000000) (-737.999957 -1461.000041 256.000000) 
4 458 467 (-874.838933 -1496.962509 256.000000) (-866.187812 -1517.972376 256.000000) (-866.187812 -1517.972376 319.000000) (-874.838933 -1496.962509 319.000000) 
4 458 465 (-890.552470 -1458.801060 256.000000) (-874.838933 -1496.962509 256.000000) (-874.838933 -1496.962509 319.000000) (-890.552470 -1458.801060 319.000000) 
4 458 459 (-964.999985 -1277.999949 256.000000) (-890.552470 -1458.801060 256.000000) (-890.552470 -1458.801060 319.000000) (-964.999985 -1277.999949 319.000000) 
4 459 466 (-1049.933162 -1529.636967 256.000000) (-945.000006 -1483.000008 256.000000) (-945.000006 -1483.000008 319.000000) (-1049.933162 -1529.636967 319.000000) 
4 459 465 (-926.999942 -1474.999980 256.000000) (-890.552495 -1458.801114 256.000000) (-890.552495 -1458.801114 319.000000) (-926.999942 -1474.999980 319.000000) 
4 459 461 (-971.999982 -1294.999976 256.000000) (-1050.691507 -1486.107970 256.000000) (-1050.691507 -1486.107970 319.000000) (-971.999982 -1294.999976 319.000000) 
4 460 462 (-1054.262782 -1281.116811 256.000000) (-1008.999999 -1261.000018 256.000000) (-1008.999999 -1261.000018 319.000000) (-1054.262782 -1281.116811 319.000000) 
4 461 463 (-990.999980 -1302.999993 256.000000) (-1033.696619 -1320.977525 256.000000) (-1033.696619 -1320.977525 319.000000) (-990.999980 -1302.999993 319.000000) 
4 461 462 (-1033.696619 -1320.977525 256.000000) (-1053.423638 -1329.283638 256.000000) (-1053.423638 -1329.283638 319.000000) (-1033.696619 -1320.977525 319.000000) 
4 462 464 (-1020.834229 -1289.740327 256.000000) (-1015.999986 -1278.000024 256.000000) (-1015.999986 -1278.000024 319.000000) (-1020.834229 -1289.740327 319.000000) 
4 462 463 (-1033.696591 -1320.977494 256.000000) (-1020.834229 -1289.740327 256.000000) (-1020.834229 -1289.740327 319.000000) (-1033.696591 -1320.977494 319.000000) 
4 463 464 (-1008.999968 -1295.000068 256.000000) (-1020.834266 -1289.740380 256.000000) (-1020.834266 -1289.740380 319.000000) (-1008.999968 -1295.000068 319.000000) 
4 465 467 (-908.000001 -1482.999994 256.000000) (-874.838969 -1496.962533 256.000000) (-874.838969 -1496.962533 319.000000) (-908.000001 -1482.999994 319.000000) 
4 466 473 (-980.280033 -1568.680076 319.000000) (-1048.723019 -1599.099182 319.000000) (-1048.723019 -1599.099182 256.000000) (-980.280033 -1568.680076 256.000000) 
4 466 468 (-980.279998 -1568.680015 319.000000) (-980.279998 -1568.680015 256.000000) (-951.999989 -1499.999991 256.000000) (-951.999989 -1499.999991 319.000000) 
4 467 473 (-866.187835 -1517.972432 319.000000) (-889.359094 -1528.270769 319.000000) (-889.359094 -1528.270769 256.000000) (-866.187835 -1517.972432 256.000000) 
4 467 469 (-900.999968 -1499.999961 256.000000) (-889.359070 -1528.270713 256.000000) (-889.359070 -1528.270713 319.000000) (-900.999968 -1499.999961 319.000000) 
4 468 473 (-932.469580 -1547.430985 319.000000) (-980.280033 -1568.680076 319.000000) (-980.280033 -1568.680076 256.000000) (-932.469580 -1547.430985 256.000000) 
4 468 470 (-932.469554 -1547.430929 319.000000) (-932.469554 -1547.430929 256.000000) (-944.999938 -1516.999997 256.000000) (-944.999938 -1516.999997 319.000000) 
4 469 473 (-889.359094 -1528.270769 319.000000) (-917.856011 -1540.936066 319.000000) (-917.856011 -1540.936066 256.000000) (-889.359094 -1528.270769 256.000000) 
4 469 471 (-907.999970 -1516.999989 256.000000) (-913.723725 -1530.900536 256.000000) (-913.723725 -1530.900536 319.000000) (-907.999970 -1516.999989 319.000000) 
4 469 470 (-913.723725 -1530.900536 256.000000) (-917.855977 -1540.936005 256.000000) (-917.855977 -1540.936005 319.000000) (-913.723725 -1530.900536 319.000000) 
4 470 473 (-917.856011 -1540.936066 319.000000) (-932.469580 -1547.430985 319.000000) (-932.469580 -1547.430985 256.000000) (-917.856011 -1540.936066 256.000000) 
4 470 471 (-913.723759 -1530.900598 256.000000) (-927.000053 -1525.000023 256.000000) (-927.000053 -1525.000023 319.000000) (-913.723759 -1530.900598 319.000000) 
4 472 474 (-719.000036 -1469.000044 256.000000) (-654.000000 -1496.368480 256.000000) (-654.000000 -1496.368480 319.000000) (-719.000036 -1469.000044 319.000000) 
4 473 475 (-763.000014 -1486.000063 319.000000) (-850.294104 -1698.000000 319.000000) (-850.294104 -1698.000000 256.000000) (-763.000014 -1486.000063 256.000000) 
4 473 479 (-1047.000008 -1698.000000 256.000000) (-850.294109 -1698.000000 256.000000) (-850.294109 -1698.000000 319.000000) (-1047.000008 -1698.000000 319.000000) 
4 474 476 (-712.000002 -1486.000027 256.000000) (-654.000000 -1626.857178 256.000000) (-654.000000 -1626.857178 319.000000) (-712.000002 -1486.000027 319.000000) 
4 475 477 (-756.000043 -1502.999891 319.000000) (-737.499994 -1547.928581 319.000000) (-737.499994 -1547.928581 256.000000) (-756.000043 -1502.999891 256.000000) 
4 475 476 (-737.499994 -1547.928581 319.000000) (-675.705882 -1698.000000 319.000000) (-675.705882 -1698.000000 256.000000) (-737.499994 -1547.928581 256.000000) 
4 475 479 (-850.294109 -1698.000000 256.000000) (-675.705925 -1698.000000 256.000000) (-675.705925 -1698.000000 319.000000) (-850.294109 -1698.000000 319.000000) 
4 476 478 (-718.999955 -1502.999921 256.000000) (-724.723715 -1516.900481 256.000000) (-724.723715 -1516.900481 319.000000) (-718.999955 -1502.999921 319.000000) 
4 476 477 (-724.723715 -1516.900481 256.000000) (-737.500014 -1547.928636 256.000000) (-737.500014 -1547.928636 319.000000) (-724.723715 -1516.900481 319.000000) 
4 476 479 (-675.705925 -1698.000000 256.000000) (-654.000000 -1698.000000 256.000000) (-654.000000 -1698.000000 319.000000) (-675.705925 -1698.000000 319.000000) 
4 477 478 (-724.723743 -1516.900542 256.000000) (-738.000051 -1510.999961 256.000000) (-738.000051 -1510.999961 319.000000) (-724.723743 -1516.900542 319.000000) 
4 480 492 (-1181.000000 -1723.000000 405.000000) (-1181.000000 -1723.000000 528.494576) (-1181.000000 -1699.000000 525.485260) (-1181.000000 -1699.000000 405.000000) 
4 480 482 (-1102.156406 -1723.000000 528.471968) (-1181.000000 -1723.000000 528.494576) (-1181.000000 -1723.000000 405.000000) (-1060.115463 -1723.000000 405.000000) 
4 480 481 (-1181.000000 -1723.000000 405.000000) (-1181.000000 -1699.000000 405.000000) (-1082.000000 -1699.000000 405.000000) (-1082.000000 -1723.000000 405.000000) 
4 481 492 (-1181.000000 -1699.000000 256.000000) (-1181.000000 -1723.000000 256.000000) (-1181.000000 -1723.000000 405.000000) (-1181.000000 -1699.000000 405.000000) 
4 481 487 (-1181.000000 -1723.000000 256.000000) (-1181.000000 -1699.000000 256.000000) (-1082.000000 -1699.000000 256.000000) (-1082.000000 -1723.000000 256.000000) 
4 481 482 (-1082.000000 -1723.000000 405.000000) (-1181.000000 -1723.000000 405.000000) (-1181.000000 -1723.000000 404.000000) (-1082.000000 -1723.000000 404.000000) 
4 481 483 (-1181.000000 -1723.000000 404.000000) (-1181.000000 -1723.000000 256.000000) (-1082.000000 -1723.000000 256.000000) (-1082.000000 -1723.000000 404.000000) 
4 482 492 (-1181.000000 -1802.520627 404.000000) (-1181.000000 -1802.595107 538.474863) (-1181.000000 -1723.000000 528.494576) (-1181.000000 -1723.000000 404.000000) 
4 482 483 (-1181.000000 -1723.000000 404.000000) (-1059.774973 -1723.000000 404.000000) (-1051.597401 -1796.982821 404.000000) (-1181.000000 -1802.520627 404.000000) 
4 483 492 (-1181.000000 -1723.000000 256.000000) (-1181.000000 -1802.438655 256.000000) (-1181.000000 -1802.520627 404.000000) (-1181.000000 -1723.000000 404.000000) 
4 483 487 (-1181.000000 -1736.000000 256.000000) (-1181.000000 -1723.000000 256.000000) (-1082.000000 -1723.000000 256.000000) (-1082.000000 -1736.000000 256.000000) 
4 483 489 (-561.000000 -1775.905654 256.000000) (-1181.000000 -1802.438655 256.000000) (-1181.000000 -1736.000000 256.000000) (-561.000000 -1736.000000 256.000000) 
4 484 496 (-1181.000000 -1124.000000 35.000000) (-1181.000000 -1065.000000 35.000000) (-1072.037449 -1065.000000 35.000000) (-1062.555306 -1124.000000 35.000000) 
4 484 488 (-1181.000000 -1124.000000 196.616941) (-1181.000000 -1124.000000 35.000000) (-1082.000000 -1124.000000 35.000000) (-1082.000000 -1124.000000 61.984946) 
4 485 486 (-1181.000000 -1124.000000 256.000000) (-1181.000000 -1124.000000 221.274822) (-1082.000000 -1124.000000 221.271098) (-1082.000000 -1124.000000 256.000000) 
3 486 492 (-1181.000000 -1253.099870 256.000000) (-1181.000000 -1229.000000 256.000000) (-1181.000000 -1229.000000 249.517637) 
4 486 487 (-1082.000000 -1253.113717 256.000000) (-1181.000000 -1253.099873 256.000000) (-1181.000000 -1148.463634 227.855030) (-1082.000000 -1145.668719 227.099532) 
5 487 492 (-1181.000000 -1229.000000 35.000000) (-1181.000000 -1736.000000 35.000000) (-1181.000000 -1736.000000 256.000000) (-1181.000000 -1253.099870 256.000000) (-1181.000000 -1229.000000 249.517637) 
4 487 488 (-1082.000000 -1147.508299 67.198653) (-1082.000000 -1147.878722 35.000000) (-1181.000000 -1150.682328 35.000000) (-1181.000000 -1148.759864 202.108222) 
4 487 489 (-1082.000000 -1736.000000 256.000000) (-1181.000000 -1736.000000 256.000000) (-1181.000000 -1736.000000 35.000000) (-1082.000000 -1736.000000 35.000000) 
4 489 541 (-1181.000000 -1746.000000 35.000000) (-1181.000000 -1736.000000 35.000000) (-561.000000 -1736.000000 35.000000) (-561.000000 -1746.000000 35.000000) 
4 489 551 (-561.000000 -1775.783250 35.000000) (-1181.000000 -1802.316251 35.000000) (-1181.000000 -1746.000000 35.000000) (-561.000000 -1746.000000 35.000000) 
4 489 492 (-1181.000000 -1736.000000 35.000000) (-1181.000000 -1802.316251 35.000000) (-1181.000000 -1802.438655 256.000000) (-1181.000000 -1736.000000 256.000000) 
4 490 491 (-1422.000000 -1229.000000 322.000000) (-1422.000000 -1065.000000 322.000000) (-1309.000000 -1065.000000 322.000000) (-1309.000000 -1229.000000 322.000000) 
4 490 492 (-1181.000000 -1229.000000 322.000000) (-1181.000000 -1229.000000 611.000000) (-1422.000000 -1229.000000 611.000000) (-1422.000000 -1229.000000 322.000000) 
4 491 540 (-1322.000000 -1229.000000 35.000000) (-1376.000000 -1229.000000 35.000000) (-1376.000000 -1147.000000 35.000000) (-1322.000000 -1147.000000 35.000000) 
4 491 538 (-1376.000000 -1065.000000 35.000000) (-1309.000000 -1065.000000 35.000000) (-1309.000000 -1147.000000 35.000000) (-1376.000000 -1147.000000 35.000000) 
4 491 543 (-1379.000000 -1065.000000 35.000000) (-1376.000000 -1065.000000 35.000000) (-1376.000000 -1229.000000 35.000000) (-1379.000000 -1229.000000 35.000000) 
4 491 552 (-1422.000000 -1229.000000 35.000000) (-1422.000000 -1065.000000 35.000000) (-1379.000000 -1065.000000 35.000000) (-1379.000000 -1229.000000 35.000000) 
4 491 492 (-1422.000000 -1229.000000 35.000000) (-1309.000000 -1229.000000 35.000000) (-1309.000000 -1229.000000 322.000000) (-1422.000000 -1229.000000 322.000000) 
4 492 541 (-1181.000000 -1736.000000 35.000000) (-1181.000000 -1746.000000 35.000000) (-1276.000000 -1746.000000 35.000000) (-1276.000000 -1736.000000 35.000000) 
4 492 542 (-1276.000000 -1746.000000 35.000000) (-1376.000000 -1746.000000 35.000000) (-1376.000000 -1731.000000 35.000000) (-1276.000000 -1731.000000 35.000000) 
4 492 540 (-1376.000000 -1229.000000 35.000000) (-1322.000000 -1229.000000 35.000000) (-1322.000000 -1731.000000 35.000000) (-1376.000000 -1731.000000 35.000000) 
4 492 543 (-1379.000000 -1746.000000 35.000000) (-1379.000000 -1229.000000 35.000000) (-1376.000000 -1229.000000 35.000000) (-1376.000000 -1746.000000 35.000000) 
4 492 551 (-1181.000000 -1802.316251 35.000000) (-1379.000000 -1810.789693 35.000000) (-1379.000000 -1746.000000 35.000000) (-1181.000000 -1746.000000 35.000000) 
4 492 552 (-1379.000000 -1810.789693 35.000000) (-1422.000000 -1812.629885 35.000000) (-1422.000000 -1229.000000 35.000000) (-1379.000000 -1229.000000 35.000000) 
4 493 521 (-588.000000 -1541.000000 -122.000000) (-588.000000 -1597.000000 -122.000000) (-588.000000 -1597.000000 -77.000000) (-588.000000 -1541.000000 -77.000000) 
4 493 523 (-588.000000 -1597.000000 -122.000000) (-588.000000 -1647.000000 -122.000000) (-588.000000 -1647.000000 -77.000000) (-588.000000 -1597.000000 -77.000000) 
4 493 520 (-588.000000 -1647.000000 -77.000000) (-588.000000 -1647.000000 -12.000000) (-588.000000 -1541.000000 -12.000000) (-588.000000 -1541.000000 -77.000000) 
4 493 519 (-588.000000 -1381.000000 -122.000000) (-588.000000 -1541.000000 -122.000000) (-588.000000 -1541.000000 -12.000000) (-588.000000 -1381.000000 -12.000000) 
4 493 509 (-588.000000 -1217.000000 -12.000000) (-588.000000 -1217.000000 -122.000000) (-588.000000 -1301.000000 -122.000000) (-588.000000 -1301.000000 -12.000000) 
4 493 513 (-588.000000 -1301.000000 -122.000000) (-588.000000 -1381.000000 -122.000000) (-588.000000 -1381.000000 -12.000000) (-588.000000 -1301.000000 -12.000000) 
4 493 508 (-588.000000 -1647.000000 35.000000) (-588.000000 -1217.000000 35.000000) (-588.000000 -1217.000000 -12.000000) (-588.000000 -1647.000000 -12.000000) 
4 493 494 (-588.000000 -1065.000000 -121.604728) (-588.000000 -1065.000000 -122.000000) (-588.000000 -1126.000000 -122.000000) (-588.000000 -1126.000000 -121.530538) 
4 494 506 (-1050.000000 -1065.000000 -118.108511) (-1050.000000 -1065.000000 -122.000000) (-1050.000000 -1126.000000 -122.000000) (-1050.000000 -1126.000000 -118.034322) 
4 494 495 (-1050.000000 -1126.000000 -122.000000) (-1050.000000 -1065.000000 -122.000000) (-931.000000 -1065.000000 -122.000000) (-931.000000 -1126.000000 -122.000000) 
4 495 545 (-1050.000000 -1065.000000 -123.000000) (-931.000000 -1065.000000 -123.000000) (-931.000000 -1126.000000 -123.000000) (-1050.000000 -1126.000000 -123.000000) 
4 495 507 (-1050.000000 -1065.000000 -122.000000) (-1050.000000 -1065.000000 -123.000000) (-1050.000000 -1126.000000 -123.000000) (-1050.000000 -1126.000000 -122.000000) 
4 496 497 (-1181.000000 -1065.000000 -9.000000) (-1069.823613 -1065.000000 -9.000000) (-1060.341469 -1124.000000 -9.000000) (-1181.000000 -1124.000000 -9.000000) 
4 497 501 (-1181.000000 -1124.000000 -9.000000) (-1181.000000 -1119.000000 -9.000000) (-1181.000000 -1119.000000 -12.000000) (-1181.000000 -1124.000000 -12.000000) 
4 497 499 (-1181.000000 -1117.000000 -9.000000) (-1181.000000 -1065.000000 -9.000000) (-1181.000000 -1065.000000 -12.000000) (-1181.000000 -1117.000000 -12.000000) 
4 497 498 (-1181.000000 -1124.000000 -12.000000) (-1181.000000 -1065.000000 -12.000000) (-1069.672669 -1065.000000 -12.000000) (-1060.190526 -1124.000000 -12.000000) 
4 498 545 (-1181.000000 -1065.000000 -123.000000) (-1064.087764 -1065.000000 -123.000000) (-1054.284192 -1126.000000 -123.000000) (-1181.000000 -1126.000000 -123.000000) 
4 498 507 (-1054.284123 -1126.000000 -123.000000) (-1064.087695 -1065.000000 -123.000000) (-1064.138009 -1065.000000 -122.000000) (-1054.334437 -1126.000000 -122.000000) 
4 498 506 (-1064.138009 -1065.000000 -122.000000) (-1064.339267 -1065.000000 -117.999998) (-1054.535695 -1126.000000 -117.999998) (-1054.334437 -1126.000000 -122.000000) 
4 498 505 (-1054.334506 -1126.000000 -122.000000) (-1059.869097 -1126.000000 -12.000000) (-1181.000000 -1126.000000 -12.000000) (-1181.000000 -1126.000000 -122.000000) 
4 498 502 (-1181.000000 -1119.000000 -123.000000) (-1181.000000 -1126.000000 -123.000000) (-1181.000000 -1126.000000 -12.000000) (-1181.000000 -1119.000000 -12.000000) 
4 498 499 (-1181.000000 -1065.000000 -12.000000) (-1181.000000 -1065.000000 -123.000000) (-1181.000000 -1117.000000 -123.000000) (-1181.000000 -1117.000000 -12.000000) 
4 499 545 (-1252.000000 -1065.000000 -123.000000) (-1181.000000 -1065.000000 -123.000000) (-1181.000000 -1117.000000 -123.000000) (-1252.000000 -1117.000000 -123.000000) 
4 499 503 (-1252.000000 -1065.000000 -9.000000) (-1252.000000 -1065.000000 -26.000000) (-1252.000000 -1117.000000 -26.000000) (-1252.000000 -1117.000000 -9.000000) 
4 499 500 (-1252.000000 -1117.000000 -123.000000) (-1184.000000 -1117.000000 -123.000000) (-1184.000000 -1117.000000 -9.000000) (-1252.000000 -1117.000000 -9.000000) 
4 500 545 (-1184.000000 -1119.000000 -123.000000) (-1252.000000 -1119.000000 -123.000000) (-1252.000000 -1117.000000 -123.000000) (-1184.000000 -1117.000000 -123.000000) 
4 500 503 (-1252.000000 -1119.000000 -26.000000) (-1252.000000 -1119.000000 -9.000000) (-1252.000000 -1117.000000 -9.000000) (-1252.000000 -1117.000000 -26.000000) 
4 500 501 (-1252.000000 -1119.000000 -9.000000) (-1252.000000 -1119.000000 -12.000000) (-1184.000000 -1119.000000 -12.000000) (-1184.000000 -1119.000000 -9.000000) 
4 500 502 (-1252.000000 -1119.000000 -12.000000) (-1252.000000 -1119.000000 -123.000000) (-1184.000000 -1119.000000 -123.000000) (-1184.000000 -1119.000000 -12.000000) 
4 501 503 (-1252.000000 -1124.000000 -9.000000) (-1252.000000 -1119.000000 -9.000000) (-1252.000000 -1119.000000 -12.000000) (-1252.000000 -1124.000000 -12.000000) 
4 501 502 (-1252.000000 -1124.000000 -12.000000) (-1252.000000 -1119.000000 -12.000000) (-1181.000000 -1119.000000 -12.000000) (-1181.000000 -1124.000000 -12.000000) 
4 502 545 (-1181.000000 -1119.000000 -123.000000) (-1181.000000 -1126.000000 -123.000000) (-1252.000000 -1126.000000 -123.000000) (-1252.000000 -1119.000000 -123.000000) 
4 502 505 (-1181.000000 -1126.000000 -122.000000) (-1181.000000 -1126.000000 -12.000000) (-1252.000000 -1126.000000 -12.000000) (-1252.000000 -1126.000000 -122.000000) 
4 502 504 (-1252.000000 -1126.000000 -26.000000) (-1252.000000 -1126.000000 -12.000000) (-1252.000000 -1124.000000 -12.000000) (-1252.000000 -1124.000000 -26.000000) 
4 502 503 (-1252.000000 -1124.000000 -12.000000) (-1252.000000 -1119.000000 -12.000000) (-1252.000000 -1119.000000 -26.000000) (-1252.000000 -1124.000000 -26.000000) 
4 503 504 (-1255.000000 -1124.000000 -12.000000) (-1255.000000 -1124.000000 -26.000000) (-1252.000000 -1124.000000 -26.000000) (-1252.000000 -1124.000000 -12.000000) 
4 504 505 (-1255.000000 -1126.000000 -12.000000) (-1255.000000 -1126.000000 -26.000000) (-1252.000000 -1126.000000 -26.000000) (-1252.000000 -1126.000000 -12.000000) 
4 505 506 (-1054.334437 -1126.000000 -122.000000) (-1054.535695 -1126.000000 -117.999998) (-1051.160695 -1147.000000 -117.999998) (-1050.959437 -1147.000000 -122.000000) 
4 506 507 (-1054.334506 -1126.000000 -122.000000) (-1064.138078 -1065.000000 -122.000000) (-1050.000000 -1065.000000 -122.000000) (-1050.000000 -1126.000000 -122.000000) 
4 507 545 (-1064.087764 -1065.000000 -123.000000) (-1050.000000 -1065.000000 -123.000000) (-1050.000000 -1126.000000 -123.000000) (-1054.284192 -1126.000000 -123.000000) 
4 508 536 (-891.000000 -1647.000000 -12.000000) (-1050.000000 -1647.000000 -12.000000) (-1050.000000 -1398.000000 -12.000000) (-891.000000 -1398.000000 -12.000000) 
4 508 535 (-1050.000000 -1398.000000 -12.000000) (-1050.000000 -1217.000000 -12.000000) (-891.000000 -1217.000000 -12.000000) (-891.000000 -1398.000000 -12.000000) 
4 508 526 (-808.000000 -1647.000000 -12.000000) (-891.000000 -1647.000000 -12.000000) (-891.000000 -1587.000000 -12.000000) (-808.000000 -1587.000000 -12.000000) 
4 508 525 (-891.000000 -1587.000000 -12.000000) (-891.000000 -1381.000000 -12.000000) (-808.000000 -1381.000000 -12.000000) (-808.000000 -1587.000000 -12.000000) 
4 508 520 (-588.000000 -1647.000000 -12.000000) (-651.000000 -1647.000000 -12.000000) (-651.000000 -1541.000000 -12.000000) (-588.000000 -1541.000000 -12.000000) 
4 508 524 (-651.000000 -1647.000000 -12.000000) (-808.000000 -1647.000000 -12.000000) (-808.000000 -1541.000000 -12.000000) (-651.000000 -1541.000000 -12.000000) 
4 508 519 (-808.000000 -1541.000000 -12.000000) (-808.000000 -1381.000000 -12.000000) (-588.000000 -1381.000000 -12.000000) (-588.000000 -1541.000000 -12.000000) 
4 508 516 (-891.000000 -1381.000000 -12.000000) (-891.000000 -1325.000000 -12.000000) (-791.000000 -1325.000000 -12.000000) (-791.000000 -1381.000000 -12.000000) 
4 508 515 (-891.000000 -1325.000000 -12.000000) (-891.000000 -1217.000000 -12.000000) (-791.000000 -1217.000000 -12.000000) (-791.000000 -1325.000000 -12.000000) 
4 508 514 (-791.000000 -1217.000000 -12.000000) (-727.000000 -1217.000000 -12.000000) (-727.000000 -1381.000000 -12.000000) (-791.000000 -1381.000000 -12.000000) 
4 508 510 (-727.000000 -1217.000000 -12.000000) (-677.000000 -1217.000000 -12.000000) (-677.000000 -1301.000000 -12.000000) (-727.000000 -1301.000000 -12.000000) 
4 508 509 (-677.000000 -1217.000000 -12.000000) (-588.000000 -1217.000000 -12.000000) (-588.000000 -1301.000000 -12.000000) (-677.000000 -1301.000000 -12.000000) 
4 508 513 (-588.000000 -1301.000000 -12.000000) (-588.000000 -1381.000000 -12.000000) (-727.000000 -1381.000000 -12.000000) (-727.000000 -1301.000000 -12.000000) 
4 509 512 (-677.000000 -1245.000000 -122.000000) (-677.000000 -1301.000000 -122.000000) (-677.000000 -1301.000000 -121.000000) (-677.000000 -1245.000000 -121.000000) 
4 509 511 (-677.000000 -1217.000000 -77.000000) (-677.000000 -1217.000000 -122.000000) (-677.000000 -1245.000000 -122.000000) (-677.000000 -1245.000000 -77.000000) 
4 509 510 (-677.000000 -1217.000000 -12.000000) (-677.000000 -1217.000000 -77.000000) (-677.000000 -1301.000000 -77.000000) (-677.000000 -1301.000000 -12.000000) 
4 509 513 (-677.000000 -1301.000000 -122.000000) (-588.000000 -1301.000000 -122.000000) (-588.000000 -1301.000000 -12.000000) (-677.000000 -1301.000000 -12.000000) 
4 510 514 (-727.000000 -1217.000000 -12.000000) (-727.000000 -1217.000000 -77.000000) (-727.000000 -1301.000000 -77.000000) (-727.000000 -1301.000000 -12.000000) 
4 510 511 (-727.000000 -1245.000000 -77.000000) (-727.000000 -1217.000000 -77.000000) (-677.000000 -1217.000000 -77.000000) (-677.000000 -1245.000000 -77.000000) 
4 510 513 (-677.000000 -1301.000000 -77.000000) (-677.000000 -1301.000000 -12.000000) (-727.000000 -1301.000000 -12.000000) (-727.000000 -1301.000000 -77.000000) 
4 511 514 (-727.000000 -1217.000000 -77.000000) (-727.000000 -1217.000000 -122.000000) (-727.000000 -1245.000000 -122.000000) (-727.000000 -1245.000000 -77.000000) 
4 511 512 (-727.000000 -1245.000000 -121.000000) (-727.000000 -1245.000000 -122.000000) (-677.000000 -1245.000000 -122.000000) (-677.000000 -1245.000000 -121.000000) 
4 512 514 (-727.000000 -1245.000000 -122.000000) (-727.000000 -1301.000000 -122.000000) (-727.000000 -1301.000000 -121.000000) (-727.000000 -1245.000000 -121.000000) 
4 512 513 (-727.000000 -1301.000000 -122.000000) (-677.000000 -1301.000000 -122.000000) (-677.000000 -1301.000000 -121.000000) (-727.000000 -1301.000000 -121.000000) 
4 513 519 (-727.000000 -1381.000000 -122.000000) (-588.000000 -1381.000000 -122.000000) (-588.000000 -1381.000000 -12.000000) (-727.000000 -1381.000000 -12.000000) 
4 513 514 (-727.000000 -1301.000000 -122.000000) (-727.000000 -1381.000000 -122.000000) (-727.000000 -1381.000000 -12.000000) (-727.000000 -1301.000000 -12.000000) 
4 514 519 (-791.000000 -1381.000000 -122.000000) (-727.000000 -1381.000000 -122.000000) (-727.000000 -1381.000000 -12.000000) (-791.000000 -1381.000000 -12.000000) 
4 514 517 (-791.000000 -1325.000000 -122.000000) (-791.000000 -1381.000000 -122.000000) (-791.000000 -1381.000000 -121.000000) (-791.000000 -1325.000000 -121.000000) 
4 514 516 (-791.000000 -1381.000000 -77.000000) (-791.000000 -1381.000000 -12.000000) (-791.000000 -1325.000000 -12.000000) (-791.000000 -1325.000000 -77.000000) 
4 514 515 (-791.000000 -1217.000000 -122.000000) (-791.000000 -1325.000000 -122.000000) (-791.000000 -1325.000000 -12.000000) (-791.000000 -1217.000000 -12.000000) 
4 515 535 (-891.000000 -1217.000000 -12.000000) (-891.000000 -1217.000000 -122.000000) (-891.000000 -1325.000000 -122.000000) (-891.000000 -1325.000000 -12.000000) 
4 515 517 (-841.000000 -1325.000000 -122.000000) (-791.000000 -1325.000000 -122.000000) (-791.000000 -1325.000000 -121.000000) (-841.000000 -1325.000000 -121.000000) 
4 515 518 (-891.000000 -1325.000000 -77.000000) (-891.000000 -1325.000000 -122.000000) (-841.000000 -1325.000000 -122.000000) (-841.000000 -1325.000000 -77.000000) 
4 515 516 (-891.000000 -1325.000000 -12.000000) (-891.000000 -1325.000000 -77.000000) (-791.000000 -1325.000000 -77.000000) (-791.000000 -1325.000000 -12.000000) 
4 516 535 (-891.000000 -1381.000000 -77.000000) (-891.000000 -1381.000000 -12.000000) (-891.000000 -1325.000000 -12.000000) (-891.000000 -1325.000000 -77.000000) 
4 516 525 (-808.000000 -1381.000000 -12.000000) (-891.000000 -1381.000000 -12.000000) (-891.000000 -1381.000000 -77.000000) (-808.000000 -1381.000000 -77.000000) 
4 516 519 (-791.000000 -1381.000000 -77.000000) (-791.000000 -1381.000000 -12.000000) (-808.000000 -1381.000000 -12.000000) (-808.000000 -1381.000000 -77.000000) 
4 516 518 (-841.000000 -1381.000000 -77.000000) (-891.000000 -1381.000000 -77.000000) (-891.000000 -1325.000000 -77.000000) (-841.000000 -1325.000000 -77.000000) 
4 517 525 (-841.000000 -1381.000000 -122.000000) (-808.000000 -1381.000000 -122.000000) (-808.000000 -1381.000000 -121.000000) (-841.000000 -1381.000000 -121.000000) 
4 517 519 (-808.000000 -1381.000000 -122.000000) (-791.000000 -1381.000000 -122.000000) (-791.000000 -1381.000000 -121.000000) (-808.000000 -1381.000000 -121.000000) 
4 517 518 (-841.000000 -1325.000000 -121.000000) (-841.000000 -1325.000000 -122.000000) (-841.000000 -1381.000000 -122.000000) (-841.000000 -1381.000000 -121.000000) 
4 518 535 (-891.000000 -1325.000000 -122.000000) (-891.000000 -1381.000000 -122.000000) (-891.000000 -1381.000000 -77.000000) (-891.000000 -1325.000000 -77.000000) 
4 518 525 (-891.000000 -1381.000000 -122.000000) (-841.000000 -1381.000000 -122.000000) (-841.000000 -1381.000000 -77.000000) (-891.000000 -1381.000000 -77.000000) 
4 519 525 (-808.000000 -1381.000000 -12.000000) (-808.000000 -1381.000000 -122.000000) (-808.000000 -1541.000000 -122.000000) (-808.000000 -1541.000000 -12.000000) 
4 519 522 (-651.000000 -1541.000000 -122.000000) (-601.000000 -1541.000000 -122.000000) (-601.000000 -1541.000000 -121.000000) (-651.000000 -1541.000000 -121.000000) 
4 519 521 (-601.000000 -1541.000000 -122.000000) (-588.000000 -1541.000000 -122.000000) (-588.000000 -1541.000000 -77.000000) (-601.000000 -1541.000000 -77.000000) 
4 519 520 (-588.000000 -1541.000000 -77.000000) (-588.000000 -1541.000000 -12.000000) (-651.000000 -1541.000000 -12.000000) (-651.000000 -1541.000000 -77.000000) 
4 519 524 (-808.000000 -1541.000000 -122.000000) (-651.000000 -1541.000000 -122.000000) (-651.000000 -1541.000000 -12.000000) (-808.000000 -1541.000000 -12.000000) 
4 520 521 (-601.000000 -1541.000000 -77.000000) (-588.000000 -1541.000000 -77.000000) (-588.000000 -1597.000000 -77.000000) (-601.000000 -1597.000000 -77.000000) 
4 520 523 (-588.000000 -1597.000000 -77.000000) (-588.000000 -1647.000000 -77.000000) (-651.000000 -1647.000000 -77.000000) (-651.000000 -1597.000000 -77.000000) 
4 520 524 (-651.000000 -1647.000000 -77.000000) (-651.000000 -1647.000000 -12.000000) (-651.000000 -1541.000000 -12.000000) (-651.000000 -1541.000000 -77.000000) 
4 521 522 (-601.000000 -1541.000000 -121.000000) (-601.000000 -1541.000000 -122.000000) (-601.000000 -1597.000000 -122.000000) (-601.000000 -1597.000000 -121.000000) 
4 521 523 (-601.000000 -1597.000000 -122.000000) (-588.000000 -1597.000000 -122.000000) (-588.000000 -1597.000000 -77.000000) (-601.000000 -1597.000000 -77.000000) 
4 522 524 (-651.000000 -1541.000000 -122.000000) (-651.000000 -1597.000000 -122.000000) (-651.000000 -1597.000000 -121.000000) (-651.000000 -1541.000000 -121.000000) 
4 522 523 (-651.000000 -1597.000000 -121.000000) (-651.000000 -1597.000000 -122.000000) (-601.000000 -1597.000000 -122.000000) (-601.000000 -1597.000000 -121.000000) 
4 523 524 (-651.000000 -1597.000000 -122.000000) (-651.000000 -1647.000000 -122.000000) (-651.000000 -1647.000000 -77.000000) (-651.000000 -1597.000000 -77.000000) 
4 524 527 (-808.000000 -1587.000000 -122.000000) (-808.000000 -1588.000000 -122.000000) (-808.000000 -1588.000000 -43.000000) (-808.000000 -1587.000000 -43.000000) 
4 524 526 (-808.000000 -1647.000000 -43.000000) (-808.000000 -1647.000000 -12.000000) (-808.000000 -1587.000000 -12.000000) (-808.000000 -1587.000000 -43.000000) 
4 524 525 (-808.000000 -1541.000000 -122.000000) (-808.000000 -1587.000000 -122.000000) (-808.000000 -1587.000000 -12.000000) (-808.000000 -1541.000000 -12.000000) 
4 525 536 (-891.000000 -1398.000000 -122.000000) (-891.000000 -1587.000000 -122.000000) (-891.000000 -1587.000000 -12.000000) (-891.000000 -1398.000000 -12.000000) 
4 525 535 (-891.000000 -1381.000000 -122.000000) (-891.000000 -1398.000000 -122.000000) (-891.000000 -1398.000000 -12.000000) (-891.000000 -1381.000000 -12.000000) 
4 525 532 (-879.000000 -1587.000000 -118.000000) (-879.000000 -1587.000000 -79.000000) (-889.000000 -1587.000000 -79.000000) (-889.000000 -1587.000000 -118.000000) 
4 525 533 (-891.000000 -1587.000000 -122.000000) (-879.000000 -1587.000000 -122.000000) (-879.000000 -1587.000000 -118.000000) (-891.000000 -1587.000000 -118.000000) 
4 525 531 (-879.000000 -1587.000000 -79.000000) (-879.000000 -1587.000000 -43.000000) (-891.000000 -1587.000000 -43.000000) (-891.000000 -1587.000000 -79.000000) 
4 525 530 (-879.000000 -1587.000000 -122.000000) (-874.000000 -1587.000000 -122.000000) (-874.000000 -1587.000000 -43.000000) (-879.000000 -1587.000000 -43.000000) 
4 525 529 (-874.000000 -1587.000000 -122.000000) (-813.000000 -1587.000000 -122.000000) (-813.000000 -1587.000000 -46.000000) (-874.000000 -1587.000000 -46.000000) 
4 525 528 (-813.000000 -1587.000000 -46.000000) (-813.000000 -1587.000000 -43.000000) (-874.000000 -1587.000000 -43.000000) (-874.000000 -1587.000000 -46.000000) 
4 525 527 (-813.000000 -1587.000000 -122.000000) (-808.000000 -1587.000000 -122.000000) (-808.000000 -1587.000000 -43.000000) (-813.000000 -1587.000000 -43.000000) 
4 525 526 (-808.000000 -1587.000000 -43.000000) (-808.000000 -1587.000000 -12.000000) (-891.000000 -1587.000000 -12.000000) (-891.000000 -1587.000000 -43.000000) 
4 526 536 (-891.000000 -1647.000000 -43.000000) (-891.000000 -1647.000000 -12.000000) (-891.000000 -1587.000000 -12.000000) (-891.000000 -1587.000000 -43.000000) 
4 526 531 (-879.000000 -1647.000000 -43.000000) (-891.000000 -1647.000000 -43.000000) (-891.000000 -1587.000000 -43.000000) (-879.000000 -1587.000000 -43.000000) 
4 526 530 (-879.000000 -1588.000000 -43.000000) (-879.000000 -1587.000000 -43.000000) (-874.000000 -1587.000000 -43.000000) (-874.000000 -1588.000000 -43.000000) 
4 526 528 (-874.000000 -1588.000000 -43.000000) (-874.000000 -1587.000000 -43.000000) (-813.000000 -1587.000000 -43.000000) (-813.000000 -1588.000000 -43.000000) 
4 526 527 (-813.000000 -1588.000000 -43.000000) (-813.000000 -1587.000000 -43.000000) (-808.000000 -1587.000000 -43.000000) (-808.000000 -1588.000000 -43.000000) 
4 527 529 (-813.000000 -1587.000000 -122.000000) (-813.000000 -1588.000000 -122.000000) (-813.000000 -1588.000000 -46.000000) (-813.000000 -1587.000000 -46.000000) 
4 527 528 (-813.000000 -1588.000000 -46.000000) (-813.000000 -1588.000000 -43.000000) (-813.000000 -1587.000000 -43.000000) (-813.000000 -1587.000000 -46.000000) 
4 528 530 (-874.000000 -1587.000000 -43.000000) (-874.000000 -1587.000000 -46.000000) (-874.000000 -1588.000000 -46.000000) (-874.000000 -1588.000000 -43.000000) 
4 528 529 (-874.000000 -1588.000000 -46.000000) (-874.000000 -1587.000000 -46.000000) (-813.000000 -1587.000000 -46.000000) (-813.000000 -1588.000000 -46.000000) 
4 529 530 (-874.000000 -1587.000000 -46.000000) (-874.000000 -1587.000000 -122.000000) (-874.000000 -1588.000000 -122.000000) (-874.000000 -1588.000000 -46.000000) 
4 530 532 (-879.000000 -1588.000000 -118.000000) (-879.000000 -1588.000000 -79.000000) (-879.000000 -1587.000000 -79.000000) (-879.000000 -1587.000000 -118.000000) 
4 530 533 (-879.000000 -1587.000000 -122.000000) (-879.000000 -1588.000000 -122.000000) (-879.000000 -1588.000000 -118.000000) (-879.000000 -1587.000000 -118.000000) 
4 530 531 (-879.000000 -1588.000000 -79.000000) (-879.000000 -1588.000000 -43.000000) (-879.000000 -1587.000000 -43.000000) (-879.000000 -1587.000000 -79.000000) 
4 531 536 (-891.000000 -1647.000000 -79.000000) (-891.000000 -1647.000000 -43.000000) (-891.000000 -1587.000000 -43.000000) (-891.000000 -1587.000000 -79.000000) 
4 531 532 (-889.000000 -1587.000000 -79.000000) (-879.000000 -1587.000000 -79.000000) (-879.000000 -1589.000000 -79.000000) (-889.000000 -1589.000000 -79.000000) 
4 531 534 (-879.000000 -1589.000000 -79.000000) (-879.000000 -1647.000000 -79.000000) (-891.000000 -1647.000000 -79.000000) (-891.000000 -1589.000000 -79.000000) 
4 532 533 (-889.000000 -1587.000000 -118.000000) (-879.000000 -1587.000000 -118.000000) (-879.000000 -1589.000000 -118.000000) (-889.000000 -1589.000000 -118.000000) 
4 532 534 (-889.000000 -1589.000000 -118.000000) (-879.000000 -1589.000000 -118.000000) (-879.000000 -1589.000000 -79.000000) (-889.000000 -1589.000000 -79.000000) 
4 533 536 (-891.000000 -1587.000000 -122.000000) (-891.000000 -1589.000000 -122.000000) (-891.000000 -1589.000000 -118.000000) (-891.000000 -1587.000000 -118.000000) 
4 533 534 (-891.000000 -1589.000000 -118.000000) (-891.000000 -1589.000000 -122.000000) (-879.000000 -1589.000000 -122.000000) (-879.000000 -1589.000000 -118.000000) 
4 534 536 (-891.000000 -1589.000000 -122.000000) (-891.000000 -1647.000000 -122.000000) (-891.000000 -1647.000000 -79.000000) (-891.000000 -1589.000000 -79.000000) 
4 535 536 (-1050.000000 -1398.000000 -122.000000) (-891.000000 -1398.000000 -122.000000) (-891.000000 -1398.000000 -12.000000) (-1050.000000 -1398.000000 -12.000000) 
4 536 537 (-1050.000000 -1398.000000 -12.000000) (-1050.000000 -1398.000000 -122.000000) (-1050.000000 -1613.000000 -122.000000) (-1050.000000 -1613.000000 -12.000000) 
4 538 540 (-1322.000000 -1147.000000 35.000000) (-1376.000000 -1147.000000 35.000000) (-1376.000000 -1147.000000 -122.000000) (-1322.000000 -1147.000000 -122.000000) 
4 538 539 (-1376.000000 -1126.000000 -122.000000) (-1376.000000 -1065.000000 -122.000000) (-1309.000000 -1065.000000 -122.000000) (-1309.000000 -1126.000000 -122.000000) 
4 538 543 (-1376.000000 -1147.000000 35.000000) (-1376.000000 -1065.000000 35.000000) (-1376.000000 -1065.000000 -122.000000) (-1376.000000 -1147.000000 -122.000000) 
4 539 547 (-1376.000000 -1126.000000 -123.000000) (-1376.000000 -1065.000000 -123.000000) (-1309.000000 -1065.000000 -123.000000) (-1309.000000 -1126.000000 -123.000000) 
4 539 543 (-1376.000000 -1065.000000 -122.000000) (-1376.000000 -1065.000000 -123.000000) (-1376.000000 -1126.000000 -123.000000) (-1376.000000 -1126.000000 -122.000000) 
4 540 542 (-1322.000000 -1731.000000 35.000000) (-1376.000000 -1731.000000 35.000000) (-1376.000000 -1731.000000 -122.000000) (-1322.000000 -1731.000000 -122.000000) 
4 540 543 (-1376.000000 -1731.000000 35.000000) (-1376.000000 -1147.000000 35.000000) (-1376.000000 -1147.000000 -122.000000) (-1376.000000 -1731.000000 -122.000000) 
4 541 542 (-1276.000000 -1746.000000 -122.000000) (-1276.000000 -1746.000000 35.000000) (-1276.000000 -1736.000000 35.000000) (-1276.000000 -1736.000000 -122.000000) 
4 541 551 (-561.000000 -1746.000000 -122.000000) (-561.000000 -1746.000000 35.000000) (-1276.000000 -1746.000000 35.000000) (-1276.000000 -1746.000000 -122.000000) 
4 542 543 (-1376.000000 -1746.000000 -122.000000) (-1376.000000 -1746.000000 35.000000) (-1376.000000 -1731.000000 35.000000) (-1376.000000 -1731.000000 -122.000000) 
4 542 551 (-1276.000000 -1746.000000 35.000000) (-1376.000000 -1746.000000 35.000000) (-1376.000000 -1746.000000 -122.000000) (-1276.000000 -1746.000000 -122.000000) 
4 543 548 (-1379.000000 -1392.000000 -123.000000) (-1379.000000 -1229.000000 -123.000000) (-1376.000000 -1229.000000 -123.000000) (-1376.000000 -1392.000000 -123.000000) 
4 543 547 (-1379.000000 -1229.000000 -123.000000) (-1379.000000 -1065.000000 -123.000000) (-1376.000000 -1065.000000 -123.000000) (-1376.000000 -1229.000000 -123.000000) 
4 543 549 (-1376.000000 -1746.000000 -123.000000) (-1379.000000 -1746.000000 -123.000000) (-1379.000000 -1392.000000 -123.000000) (-1376.000000 -1392.000000 -123.000000) 
4 543 551 (-1376.000000 -1746.000000 35.000000) (-1379.000000 -1746.000000 35.000000) (-1379.000000 -1746.000000 -123.000000) (-1376.000000 -1746.000000 -123.000000) 
4 543 552 (-1379.000000 -1746.000000 35.000000) (-1379.000000 -1065.000000 35.000000) (-1379.000000 -1065.000000 -123.000000) (-1379.000000 -1746.000000 -123.000000) 
4 544 549 (-931.000000 -1392.000000 -136.000000) (-931.000000 -1746.000000 -136.000000) (-931.000000 -1746.000000 -123.000000) (-931.000000 -1392.000000 -123.000000) 
4 544 550 (-561.000000 -1392.000000 -136.000000) (-561.000000 -1746.000000 -136.000000) (-931.000000 -1746.000000 -136.000000) (-931.000000 -1392.000000 -136.000000) 
4 544 551 (-561.000000 -1746.000000 -136.000000) (-561.000000 -1746.000000 -123.000000) (-931.000000 -1746.000000 -123.000000) (-931.000000 -1746.000000 -136.000000) 
4 545 546 (-931.000000 -1126.000000 -125.000000) (-931.000000 -1126.000000 -123.000000) (-1252.000000 -1126.000000 -123.000000) (-1252.000000 -1126.000000 -125.000000) 
4 546 548 (-1255.000000 -1392.000000 -125.000000) (-1255.000000 -1392.000000 -123.000000) (-1255.000000 -1229.000000 -123.000000) (-1255.000000 -1229.000000 -125.000000) 
4 546 549 (-931.000000 -1392.000000 -125.000000) (-931.000000 -1392.000000 -123.000000) (-1255.000000 -1392.000000 -123.000000) (-1255.000000 -1392.000000 -125.000000) 
4 547 548 (-1379.000000 -1229.000000 -123.000000) (-1379.000000 -1229.000000 -125.000000) (-1309.000000 -1229.000000 -125.000000) (-1309.000000 -1229.000000 -123.000000) 
4 547 552 (-1379.000000 -1065.000000 -123.000000) (-1379.000000 -1065.000000 -125.000000) (-1379.000000 -1229.000000 -125.000000) (-1379.000000 -1229.000000 -123.000000) 
4 548 549 (-1379.000000 -1392.000000 -123.000000) (-1379.000000 -1392.000000 -125.000000) (-1255.000000 -1392.000000 -125.000000) (-1255.000000 -1392.000000 -123.000000) 
4 548 552 (-1379.000000 -1392.000000 -125.000000) (-1379.000000 -1392.000000 -123.000000) (-1379.000000 -1229.000000 -123.000000) (-1379.000000 -1229.000000 -125.000000) 
4 549 550 (-1379.000000 -1746.000000 -136.000000) (-1379.000000 -1392.000000 -136.000000) (-931.000000 -1392.000000 -136.000000) (-931.000000 -1746.000000 -136.000000) 
4 549 552 (-1379.000000 -1392.000000 -136.000000) (-1379.000000 -1746.000000 -136.000000) (-1379.000000 -1746.000000 -123.000000) (-1379.000000 -1392.000000 -123.000000) 
4 549 551 (-931.000000 -1746.000000 -123.000000) (-1379.000000 -1746.000000 -123.000000) (-1379.000000 -1746.000000 -136.000000) (-931.000000 -1746.000000 -136.000000) 
4 550 551 (-1379.000000 -1746.000000 -217.000000) (-561.000000 -1746.000000 -217.000000) (-561.000000 -1746.000000 -136.000000) (-1379.000000 -1746.000000 -136.000000) 
4 550 552 (-1379.000000 -1065.000000 -136.000000) (-1379.000000 -1065.000000 -217.000000) (-1379.000000 -1746.000000 -217.000000) (-1379.000000 -1746.000000 -136.000000) 
4 551 552 (-1379.000000 -1810.789693 35.000000) (-1379.000000 -1746.000000 35.000000) (-1379.000000 -1746.000000 -217.000000) (-1379.000000 -1810.650120 -217.000000) 
